instrument,side,qty,entry_time,entry_price,exit_time,exit_price,entry_reason,exit_reason,gross_pnl,commission,spread,slippage,net_pnl,holding_days
NSE:HDFCBANK,LONG,255,2023-10-05T11:15:00+05:30,386.81,2023-10-09T10:15:00+05:30,379.2,breakout_up,breakout_down,-1941.83,280.34,19.53,58.6,-2300.29,3.96
NSE:RELIANCE,SHORT,170,2023-10-03T09:15:00+05:30,580.83,2023-10-11T09:15:00+05:30,581.25,breakout_down,breakout_up,-72.25,282.66,19.76,59.27,-433.93,8.0
NSE:HDFCBANK,SHORT,255,2023-10-09T12:15:00+05:30,378.7,2023-10-11T14:15:00+05:30,385.06,breakout_down,breakout_up,-1623.08,279.67,19.48,58.43,-1980.65,2.08
NSE:HCLTECH,LONG,75,2023-10-11T09:15:00+05:30,1269.0,2023-10-11T15:15:00+05:30,1243.95,breakout_up,breakout_down,-1878.75,80.21,18.85,56.54,-2034.35,0.25
NSE:TCS,LONG,25,2023-10-05T10:15:00+05:30,3612.0,2023-10-12T09:15:00+05:30,3555.8,breakout_up,breakout_down,-1405.0,262.36,17.92,53.76,-1739.04,6.96
NSE:INFY,LONG,65,2023-10-05T09:15:00+05:30,1457.6,2023-10-12T14:15:00+05:30,1466.25,breakout_up,breakout_down,562.25,274.28,19.01,57.02,211.95,7.21
NSE:HDFCBANK,LONG,245,2023-10-11T15:15:00+05:30,385.5,2023-10-16T09:15:00+05:30,381.67,breakout_up,breakout_down,-939.57,272.06,18.8,56.39,-1286.82,4.75
NSE:HCLTECH,SHORT,75,2023-10-12T09:15:00+05:30,1238.05,2023-10-16T09:15:00+05:30,1274.7,breakout_down,breakout_up,-2748.75,272.75,18.85,56.54,-3096.89,4.0
NSE:TATACONSUM,LONG,110,2023-10-10T09:15:00+05:30,888.2,2023-10-18T09:15:00+05:30,905.0,breakout_up,breakout_down,1848.0,282.18,19.73,59.18,1486.92,8.0
NSE:ICICIBANK,LONG,100,2023-10-10T12:15:00+05:30,954.7,2023-10-18T10:15:00+05:30,942.8,breakout_up,breakout_down,-1190.0,274.07,18.98,56.92,-1539.97,7.92
NSE:HINDUNILVR,LONG,35,2023-10-05T12:15:00+05:30,2520.5,2023-10-18T10:15:00+05:30,2543.5,breakout_up,breakout_down,805.0,260.02,17.72,53.17,474.08,12.92
NSE:SENSEX,LONG,1.5115054900065035,2023-10-06T10:15:00+05:30,65961.32,2023-10-18T11:15:00+05:30,66003.59,breakout_up,breakout_down,63.89,65.97,3.99,19.95,-26.02,12.04
NSE:RELIANCE,LONG,170,2023-10-11T10:15:00+05:30,581.79,2023-10-18T12:15:00+05:30,582.95,breakout_up,breakout_down,197.2,283.14,19.8,59.4,-165.15,7.08
NSE:NIFTY,LONG,5.075787252001445,2023-10-06T10:15:00+05:30,19642.45,2023-10-18T14:15:00+05:30,19672.05,breakout_up,breakout_down,150.24,65.98,3.99,19.96,60.31,12.17
NSE:WIPRO,LONG,955,2023-10-11T09:15:00+05:30,104.34,2023-10-18T14:15:00+05:30,101.83,breakout_up,breakout_down,-2401.83,282.1,19.69,59.07,-2762.68,7.21
NSE:ITC,LONG,220,2023-10-06T10:15:00+05:30,443.3,2023-10-20T09:15:00+05:30,440.5,breakout_up,breakout_down,-616.0,279.24,19.44,58.33,-973.01,13.96
NSE:HCLTECH,SHORT,75,2023-10-20T09:15:00+05:30,1250.15,2023-10-27T11:15:00+05:30,1261.3,breakout_down,breakout_up,-836.25,272.5,18.84,56.51,-1184.1,7.08
NSE:HINDUNILVR,SHORT,40,2023-10-20T09:15:00+05:30,2497.95,2023-10-27T13:15:00+05:30,2491.5,breakout_down,breakout_up,258.0,284.89,19.96,59.87,-106.72,7.17
NSE:RELIANCE,SHORT,170,2023-10-18T14:15:00+05:30,580.26,2023-10-30T09:15:00+05:30,576.25,breakout_down,breakout_up,682.55,281.55,19.66,58.98,322.35,11.79
NSE:BHARTIARTL,SHORT,105,2023-10-16T15:15:00+05:30,945.4,2023-10-30T11:15:00+05:30,931.45,breakout_down,breakout_up,1464.75,282.01,19.71,59.12,1103.91,13.83
NSE:ICICIBANK,SHORT,100,2023-10-18T11:15:00+05:30,940.7,2023-10-30T12:15:00+05:30,920.9,breakout_down,breakout_up,1980.0,269.85,18.62,55.85,1635.69,12.04
NSE:SBIN,SHORT,170,2023-10-12T15:15:00+05:30,585.65,2023-10-30T12:15:00+05:30,564.4,breakout_down,breakout_up,3612.5,280.11,19.55,58.65,3254.18,17.88
NSE:ADANIGREEN,SHORT,105,2023-10-16T14:15:00+05:30,939.0,2023-10-30T13:15:00+05:30,914.35,breakout_down,breakout_up,2588.25,279.18,19.46,58.38,2231.23,13.96
NSE:LT,SHORT,30,2023-10-19T09:15:00+05:30,3025.0,2023-10-30T13:15:00+05:30,2923.7,breakout_down,breakout_up,3039.0,261.21,17.85,53.54,2706.4,11.17
NSE:BANKNIFTY,SHORT,2.256071987918148,2023-10-16T09:15:00+05:30,44192.25,2023-10-30T14:15:00+05:30,43029.5,breakout_down,breakout_up,2623.25,65.85,3.94,19.68,2533.78,14.21
NSE:SENSEX,SHORT,1.5128401930137279,2023-10-18T14:15:00+05:30,65885.98,2023-10-30T15:15:00+05:30,64178.69,breakout_down,breakout_up,2582.86,65.85,3.94,19.68,2493.39,12.04
NSE:TATACONSUM,SHORT,110,2023-10-18T12:15:00+05:30,896.5,2023-10-31T14:15:00+05:30,901.5,breakout_down,breakout_up,-550.0,282.95,19.78,59.33,-912.06,13.08
NSE:NIFTY,SHORT,5.096244747621092,2023-10-19T09:15:00+05:30,19575.4,2023-11-03T09:15:00+05:30,19264.9,breakout_down,breakout_up,1582.38,65.91,3.96,19.79,1492.72,15.0
NSE:INFY,SHORT,65,2023-10-12T15:15:00+05:30,1452.05,2023-11-03T09:15:00+05:30,1383.3,breakout_down,breakout_up,4468.75,267.59,18.43,55.29,4127.44,21.75
NSE:ITC,SHORT,220,2023-10-20T10:15:00+05:30,439.35,2023-11-03T09:15:00+05:30,433.45,breakout_down,breakout_up,1298.0,276.41,19.2,57.6,944.79,13.96
NSE:TATASTEEL,SHORT,795,2023-10-19T09:15:00+05:30,125.0,2023-11-06T12:15:00+05:30,118.7,breakout_down,breakout_up,5008.5,278.04,19.37,58.12,4652.96,18.12
NSE:TCS,SHORT,25,2023-10-16T14:15:00+05:30,3524.9,2023-11-07T09:15:00+05:30,3402.4,breakout_down,breakout_up,3062.5,255.35,17.32,51.95,2737.88,21.79
NSE:INFY,LONG,70,2023-11-03T12:15:00+05:30,1389.55,2023-11-09T09:15:00+05:30,1384.3,breakout_up,breakout_down,-367.5,278.92,19.42,58.25,-724.09,5.88
NSE:TATACONSUM,LONG,110,2023-11-01T09:15:00+05:30,906.0,2023-11-09T09:15:00+05:30,901.8,breakout_up,breakout_down,-462.0,284.14,19.89,59.66,-825.68,8.0
NSE:RELIANCE,LONG,170,2023-10-30T10:15:00+05:30,579.41,2023-11-09T12:15:00+05:30,578.55,breakout_up,breakout_down,-147.05,281.89,19.69,59.06,-507.68,10.08
NSE:HINDUNILVR,LONG,35,2023-11-03T10:15:00+05:30,2506.0,2023-11-09T12:15:00+05:30,2483.8,breakout_up,breakout_down,-777.0,257.26,17.46,52.39,-1104.11,6.08
NSE:HCLTECH,LONG,70,2023-10-27T12:15:00+05:30,1265.05,2023-11-10T10:15:00+05:30,1255.7,breakout_up,breakout_down,-654.5,259.26,17.65,52.94,-984.34,13.92
NSE:HDFCBANK,SHORT,245,2023-10-18T10:15:00+05:30,380.39,2023-11-10T15:15:00+05:30,373.38,breakout_down,breakout_up,1718.67,268.21,18.47,55.4,1376.59,23.21
NSE:ICICIBANK,LONG,105,2023-10-30T14:15:00+05:30,924.65,2023-11-13T10:15:00+05:30,932.5,breakout_up,breakout_down,824.25,279.76,19.5,58.5,466.49,13.83
NSE:RELIANCE,SHORT,170,2023-11-09T14:15:00+05:30,577.59,2023-11-15T09:15:00+05:30,586.14,breakout_down,breakout_up,-1453.5,283.08,19.78,59.35,-1815.71,5.79
NSE:TCS,SHORT,25,2023-11-09T13:15:00+05:30,3362.25,2023-11-15T09:15:00+05:30,3387.85,breakout_down,breakout_up,-640.0,250.7,16.88,50.63,-958.2,5.83
NSE:INFY,SHORT,70,2023-11-09T10:15:00+05:30,1382.0,2023-11-15T09:15:00+05:30,1401.0,breakout_down,breakout_up,-1330.0,279.71,19.48,58.44,-1687.63,5.96
NSE:HCLTECH,SHORT,70,2023-11-10T11:15:00+05:30,1253.0,2023-11-15T09:15:00+05:30,1281.65,breakout_down,breakout_up,-2005.5,260.44,17.74,53.23,-2336.91,4.92
NSE:WIPRO,SHORT,980,2023-10-19T09:15:00+05:30,98.5,2023-11-15T09:15:00+05:30,97.25,breakout_down,breakout_up,1225.0,276.21,19.18,57.55,872.06,27.0
NSE:HINDUNILVR,SHORT,35,2023-11-09T13:15:00+05:30,2476.9,2023-11-16T10:15:00+05:30,2503.85,breakout_down,breakout_up,-943.25,256.92,17.43,52.3,-1269.9,6.88
NSE:ICICIBANK,LONG,105,2023-11-16T10:15:00+05:30,945.2,2023-11-17T09:15:00+05:30,931.85,breakout_up,breakout_down,-1401.75,282.25,19.71,59.13,-1762.83,0.96
NSE:SBIN,LONG,180,2023-10-30T15:15:00+05:30,566.2,2023-11-17T09:15:00+05:30,566.85,breakout_up,breakout_down,117.0,289.75,20.39,61.18,-254.33,17.75
NSE:ADANIGREEN,LONG,110,2023-11-06T09:15:00+05:30,918.4,2023-11-17T13:15:00+05:30,933.7,breakout_up,breakout_down,1683.0,289.39,20.37,61.12,1312.11,11.17
NSE:BANKNIFTY,LONG,2.3733121814403555,2023-10-30T15:15:00+05:30,43073.6,2023-11-17T15:15:00+05:30,43545.35,breakout_up,breakout_down,1119.61,66.6,4.11,20.56,1028.34,18.0
NSE:RELIANCE,LONG,165,2023-11-15T10:15:00+05:30,586.5,2023-11-20T10:15:00+05:30,584.62,breakout_up,breakout_down,-311.02,277.88,19.32,57.97,-666.2,5.0
NSE:ITC,LONG,225,2023-11-08T13:15:00+05:30,436.95,2023-11-20T11:15:00+05:30,435.8,breakout_up,breakout_down,-258.75,281.36,19.64,58.91,-618.66,11.92
NSE:LT,LONG,30,2023-10-30T14:15:00+05:30,2930.95,2023-11-23T10:15:00+05:30,3058.95,breakout_up,breakout_down,3840.0,262.53,17.97,53.91,3505.6,23.83
NSE:HCLTECH,LONG,65,2023-11-16T09:15:00+05:30,1295.75,2023-11-24T09:15:00+05:30,1318.0,breakout_up,breakout_down,1446.25,251.81,16.99,50.97,1126.48,8.0
NSE:TCS,LONG,25,2023-11-15T13:15:00+05:30,3395.05,2023-11-24T11:15:00+05:30,3476.15,breakout_up,breakout_down,2027.5,253.86,17.18,51.53,1704.92,8.92
NSE:WIPRO,LONG,995,2023-11-15T13:15:00+05:30,97.94,2023-11-24T12:15:00+05:30,99.42,breakout_up,breakout_down,1477.57,281.24,19.64,58.91,1117.78,8.96
NSE:ADANIGREEN,SHORT,110,2023-11-20T09:15:00+05:30,922.0,2023-11-24T12:15:00+05:30,940.0,breakout_down,breakout_up,-1980.0,290.88,20.48,61.45,-2352.81,4.12
NSE:BANKNIFTY,SHORT,2.384014031568852,2023-11-22T11:15:00+05:30,43310.3,2023-11-24T14:15:00+05:30,43778.1,breakout_down,breakout_up,-1115.24,66.68,4.15,20.76,-1206.83,2.12
NSE:ICICIBANK,SHORT,105,2023-11-17T14:15:00+05:30,922.25,2023-11-24T14:15:00+05:30,929.75,breakout_down,breakout_up,-787.5,279.28,19.45,58.34,-1144.56,7.0
NSE:INFY,LONG,70,2023-11-15T14:15:00+05:30,1412.15,2023-11-28T09:15:00+05:30,1429.25,breakout_up,breakout_down,1197.0,284.06,19.89,59.67,833.38,12.79
NSE:HINDUNILVR,LONG,35,2023-11-17T09:15:00+05:30,2519.15,2023-11-28T15:15:00+05:30,2503.55,breakout_up,breakout_down,-546.0,258.52,17.58,52.74,-874.84,11.25
NSE:SBIN,SHORT,180,2023-11-17T12:15:00+05:30,564.55,2023-11-29T09:15:00+05:30,567.1,breakout_down,breakout_up,-459.0,289.52,20.37,61.11,-830.0,11.88
NSE:WIPRO,SHORT,995,2023-11-24T13:15:00+05:30,99.25,2023-11-29T09:15:00+05:30,101.06,breakout_down,breakout_up,-1805.92,284.75,19.93,59.79,-2170.4,4.83
NSE:ITC,LONG,225,2023-11-22T15:15:00+05:30,440.15,2023-11-29T10:15:00+05:30,434.5,breakout_up,breakout_down,-1271.25,281.91,19.68,59.04,-1631.88,6.79
NSE:HCLTECH,SHORT,65,2023-11-24T10:15:00+05:30,1311.6,2023-11-29T10:15:00+05:30,1336.5,breakout_down,breakout_up,-1618.5,254.52,17.21,51.64,-1941.87,5.0
NSE:LT,SHORT,30,2023-11-23T12:15:00+05:30,3048.2,2023-11-29T13:15:00+05:30,3085.5,breakout_down,breakout_up,-1119.0,267.69,18.4,55.2,-1460.3,6.04
NSE:HCLTECH,LONG,65,2023-11-30T14:15:00+05:30,1341.15,2023-12-05T09:15:00+05:30,1318.5,breakout_up,breakout_down,-1472.25,255.35,17.29,51.86,-1796.75,4.79
NSE:WIPRO,LONG,950,2023-11-29T10:15:00+05:30,101.44,2023-12-05T11:15:00+05:30,100.97,breakout_up,breakout_down,-441.75,276.85,19.23,57.69,-795.51,6.04
NSE:TCS,SHORT,25,2023-11-24T13:15:00+05:30,3468.0,2023-12-06T09:15:00+05:30,3567.0,breakout_down,breakout_up,-2475.0,258.75,17.59,52.76,-2804.1,11.83
NSE:HINDUNILVR,LONG,35,2023-12-01T10:15:00+05:30,2563.55,2023-12-07T09:15:00+05:30,2513.95,breakout_up,breakout_down,-1736.0,260.74,17.77,53.31,-2067.82,5.96
NSE:BHARTIARTL,LONG,105,2023-11-03T09:15:00+05:30,928.2,2023-12-07T09:15:00+05:30,1004.3,breakout_up,breakout_down,7990.5,288.01,20.29,60.87,7621.32,34.0
NSE:TATASTEEL,LONG,875,2023-11-06T13:15:00+05:30,119.15,2023-12-07T13:15:00+05:30,129.9,breakout_up,breakout_down,9406.25,304.58,21.79,65.38,9014.5,31.0
NSE:TATACONSUM,LONG,105,2023-11-15T12:15:00+05:30,927.5,2023-12-08T13:15:00+05:30,946.9,breakout_up,breakout_down,2037.0,281.68,19.68,59.04,1676.6,23.04
NSE:ITC,LONG,215,2023-12-01T09:15:00+05:30,445.95,2023-12-08T14:15:00+05:30,449.5,breakout_up,breakout_down,763.25,277.01,19.25,57.76,409.23,7.21
NSE:RELIANCE,LONG,160,2023-11-21T11:15:00+05:30,595.49,2023-12-12T13:15:00+05:30,609.0,breakout_up,breakout_down,2161.6,277.12,19.27,57.82,1807.39,21.08
NSE:ADANIGREEN,LONG,100,2023-11-28T09:15:00+05:30,1006.5,2023-12-12T13:15:00+05:30,1479.45,breakout_up,breakout_down,47295.0,335.83,24.86,74.58,46859.73,14.17
NSE:LT,LONG,30,2023-11-30T14:15:00+05:30,3108.85,2023-12-12T14:15:00+05:30,3341.0,breakout_up,breakout_down,6964.5,277.62,19.35,58.05,6609.48,12.0
NSE:NIFTY,LONG,5.23121015556649,2023-11-06T09:15:00+05:30,19354.85,2023-12-13T09:15:00+05:30,20850.7,breakout_up,breakout_down,7825.11,67.4,4.21,21.03,7732.47,37.0
NSE:SENSEX,LONG,1.5840445745176657,2023-11-03T09:15:00+05:30,64493.7,2023-12-13T09:15:00+05:30,69353.1,breakout_up,breakout_down,7697.51,67.55,4.24,21.2,7604.51,40.0
NSE:HDFCBANK,LONG,250,2023-11-15T09:15:00+05:30,377.14,2023-12-13T09:15:00+05:30,405.57,breakout_up,breakout_down,7108.75,280.04,19.57,58.7,6750.44,28.0
NSE:TCS,LONG,25,2023-12-06T14:15:00+05:30,3606.0,2023-12-13T09:15:00+05:30,3590.05,breakout_up,breakout_down,-398.75,263.07,17.99,53.97,-733.78,6.79
NSE:INFY,LONG,65,2023-12-04T09:15:00+05:30,1463.9,2023-12-13T09:15:00+05:30,1454.15,breakout_up,breakout_down,-633.75,273.95,18.97,56.9,-983.57,9.0
NSE:NIFTY,SHORT,5.242352435291813,2023-12-13T11:15:00+05:30,20784.3,2023-12-14T09:15:00+05:30,21168.05,breakout_down,breakout_up,-2011.75,67.79,4.4,21.99,-2105.93,0.92
NSE:SENSEX,SHORT,1.5868270851291564,2023-12-13T11:15:00+05:30,69158.55,2023-12-14T09:15:00+05:30,70447.83,breakout_down,breakout_up,-2045.86,67.94,4.43,22.15,-2140.39,0.92
NSE:TATASTEEL,SHORT,875,2023-12-08T12:15:00+05:30,128.8,2023-12-14T09:15:00+05:30,132.45,breakout_down,breakout_up,-3193.75,317.39,22.86,68.58,-3602.58,5.88
NSE:BHARTIARTL,SHORT,105,2023-12-08T09:15:00+05:30,993.7,2023-12-14T09:15:00+05:30,1003.8,breakout_down,breakout_up,-1060.5,296.28,20.97,62.92,-1440.67,6.0
NSE:INFY,SHORT,70,2023-12-13T10:15:00+05:30,1439.35,2023-12-14T14:15:00+05:30,1499.9,breakout_down,breakout_up,-4238.5,292.08,20.57,61.72,-4612.88,1.17
NSE:RELIANCE,SHORT,160,2023-12-12T14:15:00+05:30,605.69,2023-12-15T09:15:00+05:30,619.54,breakout_down,breakout_up,-2216.0,281.14,19.6,58.81,-2575.55,2.79
NSE:TCS,SHORT,25,2023-12-13T11:15:00+05:30,3564.25,2023-12-15T09:15:00+05:30,3743.0,breakout_down,breakout_up,-4468.75,266.47,18.27,54.8,-4808.29,1.92
NSE:ICICIBANK,LONG,100,2023-11-29T11:15:00+05:30,931.85,2023-12-19T09:15:00+05:30,1017.3,breakout_up,breakout_down,8545.0,279.08,19.49,58.47,8187.95,19.92
NSE:TATASTEEL,LONG,810,2023-12-15T09:15:00+05:30,134.95,2023-12-20T11:15:00+05:30,134.25,breakout_up,breakout_down,-567.0,305.48,21.81,65.42,-959.7,5.08
NSE:HCLTECH,LONG,60,2023-12-08T09:15:00+05:30,1351.85,2023-12-20T11:15:00+05:30,1470.8,breakout_up,breakout_down,7137.0,250.79,16.94,50.81,6818.47,12.08
NSE:NIFTY,LONG,5.041707573093474,2023-12-14T13:15:00+05:30,21195.0,2023-12-20T13:15:00+05:30,21283.65,breakout_up,breakout_down,446.95,67.38,4.28,21.42,353.87,6.0
NSE:BANKNIFTY,LONG,2.3289212970760187,2023-11-28T09:15:00+05:30,43818.2,2023-12-20T13:15:00+05:30,47586.45,breakout_up,breakout_down,8775.96,67.69,4.26,21.29,8682.72,22.17
NSE:SENSEX,LONG,1.5161763642230626,2023-12-15T09:15:00+05:30,70973.72,2023-12-20T13:15:00+05:30,70912.17,breakout_up,breakout_down,-93.32,67.44,4.3,21.51,-186.57,5.17
NSE:SBIN,LONG,175,2023-11-29T14:15:00+05:30,568.9,2023-12-20T13:15:00+05:30,638.6,breakout_up,breakout_down,12197.5,297.03,21.13,63.39,11815.94,20.96
NSE:LT,LONG,30,2023-12-14T09:15:00+05:30,3412.5,2023-12-20T13:15:00+05:30,3462.7,breakout_up,breakout_down,1506.0,292.21,20.63,61.88,1131.28,6.17
NSE:TCS,LONG,20,2023-12-15T10:15:00+05:30,3795.7,2023-12-20T14:15:00+05:30,3779.6,breakout_up,breakout_down,-322.0,231.51,15.15,45.45,-614.11,5.17
NSE:INFY,LONG,60,2023-12-14T15:15:00+05:30,1508.0,2023-12-20T14:15:00+05:30,1538.7,breakout_up,breakout_down,1842.0,266.13,18.28,54.84,1502.75,5.96
NSE:ITC,LONG,210,2023-12-14T13:15:00+05:30,460.55,2023-12-20T14:15:00+05:30,450.1,breakout_up,breakout_down,-2194.5,275.8,19.12,57.37,-2546.8,6.04
NSE:WIPRO,LONG,920,2023-12-06T13:15:00+05:30,103.88,2023-12-20T15:15:00+05:30,107.62,breakout_up,breakout_down,3450.0,279.09,19.46,58.37,3093.07,14.08
NSE:BHARTIARTL,SHORT,105,2023-12-18T10:15:00+05:30,985.5,2023-12-22T12:15:00+05:30,995.35,breakout_down,breakout_up,-1034.25,294.33,20.8,62.4,-1411.78,4.08
NSE:TATASTEEL,SHORT,815,2023-12-20T12:15:00+05:30,133.4,2023-12-26T09:15:00+05:30,135.6,breakout_down,breakout_up,-1793.0,306.88,21.92,65.77,-2187.58,5.88
NSE:ADANIGREEN,SHORT,100,2023-12-12T14:15:00+05:30,1465.0,2023-12-26T09:15:00+05:30,1563.05,breakout_down,breakout_up,-9805.0,400.35,30.28,90.84,-10326.47,13.79
NSE:NIFTY,SHORT,5.0709502990151325,2023-12-20T14:15:00+05:30,21142.35,2023-12-27T09:15:00+05:30,21559.65,breakout_down,breakout_up,-2116.11,67.46,4.33,21.65,-2209.56,6.79
NSE:SENSEX,SHORT,1.5238439389247338,2023-12-20T14:15:00+05:30,70494.53,2023-12-27T09:15:00+05:30,71724.95,breakout_down,breakout_up,-1874.97,67.49,4.33,21.67,-1968.47,6.79
NSE:LT,SHORT,30,2023-12-20T14:15:00+05:30,3417.3,2023-12-27T09:15:00+05:30,3533.3,breakout_down,breakout_up,-3480.0,295.1,20.85,62.56,-3858.51,6.79
NSE:BANKNIFTY,SHORT,2.3353209739059078,2023-12-20T14:15:00+05:30,47405.0,2023-12-27T11:15:00+05:30,48187.65,breakout_down,breakout_up,-1827.74,68.11,4.46,22.32,-1922.64,6.88
NSE:INFY,SHORT,60,2023-12-20T15:15:00+05:30,1531.0,2023-12-27T14:15:00+05:30,1568.45,breakout_down,breakout_up,-2247.0,269.95,18.6,55.79,-2591.34,6.96
NSE:HCLTECH,SHORT,60,2023-12-20T13:15:00+05:30,1456.4,2023-12-27T14:15:00+05:30,1473.3,breakout_down,breakout_up,-1014.0,258.54,17.58,52.73,-1342.85,7.04
NSE:BHARTIARTL,LONG,105,2023-12-26T10:15:00+05:30,1000.45,2024-01-01T11:15:00+05:30,1010.4,breakout_up,breakout_down,1044.75,297.68,21.11,63.34,662.62,6.04
NSE:BANKNIFTY,LONG,2.251740290601855,2023-12-27T14:15:00+05:30,48313.3,2024-01-01T15:15:00+05:30,48064.3,breakout_up,breakout_down,-560.68,67.59,4.34,21.7,-654.32,5.04
NSE:HDFCBANK,LONG,240,2023-12-21T10:15:00+05:30,418.75,2024-01-01T15:15:00+05:30,423.23,breakout_up,breakout_down,1074.0,287.6,20.21,60.62,705.57,11.21
NSE:NIFTY,LONG,4.866443999042412,2023-12-27T10:15:00+05:30,21578.15,2024-01-02T09:15:00+05:30,21661.75,breakout_up,breakout_down,406.83,67.02,4.21,21.04,314.56,5.96
NSE:SENSEX,LONG,1.4690478689866384,2023-12-27T10:15:00+05:30,71788.05,2024-01-02T09:15:00+05:30,71944.14,breakout_up,breakout_down,229.3,67.08,4.22,21.11,136.89,5.96
NSE:TATASTEEL,LONG,770,2023-12-27T09:15:00+05:30,138.0,2024-01-03T09:15:00+05:30,136.95,breakout_up,breakout_down,-808.5,298.45,21.17,63.51,-1191.63,7.0
NSE:HCLTECH,LONG,60,2023-12-28T09:15:00+05:30,1476.1,2024-01-03T09:15:00+05:30,1439.95,breakout_up,breakout_down,-2169.0,257.72,17.5,52.49,-2496.7,6.0
NSE:WIPRO,LONG,875,2023-12-22T13:15:00+05:30,113.11,2024-01-03T09:15:00+05:30,114.4,breakout_up,breakout_down,1124.38,284.26,19.91,59.72,760.48,11.83
NSE:HINDUNILVR,LONG,35,2023-12-15T15:15:00+05:30,2529.95,2024-01-04T14:15:00+05:30,2592.4,breakout_up,breakout_down,2185.75,262.19,17.93,53.78,1851.85,19.96
NSE:BHARTIARTL,SHORT,105,2024-01-01T12:15:00+05:30,1007.8,2024-01-04T14:15:00+05:30,1048.05,breakout_down,breakout_up,-4226.25,303.32,21.59,64.76,-4615.92,3.08
NSE:BANKNIFTY,SHORT,2.254319128327461,2024-01-02T09:15:00+05:30,47968.65,2024-01-04T15:15:00+05:30,48245.8,breakout_down,breakout_up,-624.78,67.58,4.34,21.69,-718.39,2.25
NSE:NIFTY,SHORT,4.878660782542735,2024-01-02T10:15:00+05:30,21588.4,2024-01-05T09:15:00+05:30,21728.95,breakout_down,breakout_up,-685.7,67.05,4.23,21.13,-778.1,2.96
NSE:SENSEX,SHORT,1.472779994245562,2024-01-02T10:15:00+05:30,71698.8,2024-01-05T09:15:00+05:30,72065.92,breakout_down,breakout_up,-540.69,67.09,4.23,21.17,-633.19,2.96
NSE:ICICIBANK,SHORT,100,2023-12-19T14:15:00+05:30,1014.3,2024-01-05T09:15:00+05:30,996.0,breakout_down,breakout_up,1830.0,286.38,20.1,60.31,1463.21,16.79
NSE:SBIN,SHORT,175,2024-01-01T15:15:00+05:30,638.3,2024-01-05T09:15:00+05:30,649.95,breakout_down,breakout_up,-2038.75,313.8,22.54,67.63,-2442.73,3.75
NSE:LT,SHORT,30,2024-01-02T09:15:00+05:30,3483.7,2024-01-05T11:15:00+05:30,3486.75,breakout_down,breakout_up,-91.5,295.51,20.91,62.73,-470.65,3.08
NSE:ITC,LONG,205,2023-12-28T13:15:00+05:30,463.6,2024-01-08T09:15:00+05:30,468.65,breakout_up,breakout_down,1035.25,275.42,19.11,57.33,683.39,10.83
NSE:BANKNIFTY,LONG,2.224227582888407,2024-01-05T09:15:00+05:30,48295.6,2024-01-08T14:15:00+05:30,47454.45,breakout_up,breakout_down,-1870.91,67.14,4.26,21.3,-1963.61,3.21
NSE:INFY,SHORT,60,2024-01-02T10:15:00+05:30,1529.6,2024-01-09T09:15:00+05:30,1547.85,breakout_down,breakout_up,-1095.0,268.4,18.46,55.39,-1437.26,6.96
NSE:HCLTECH,SHORT,60,2024-01-04T09:15:00+05:30,1428.8,2024-01-09T09:15:00+05:30,1475.6,breakout_down,breakout_up,-2808.0,256.99,17.43,52.28,-3134.69,5.0
NSE:TATASTEEL,SHORT,775,2024-01-03T14:15:00+05:30,135.45,2024-01-11T09:15:00+05:30,134.85,breakout_down,breakout_up,465.0,295.88,20.95,62.84,85.33,7.79
NSE:NIFTY,SHORT,4.860986891403748,2024-01-08T14:15:00+05:30,21507.3,2024-01-12T09:15:00+05:30,21804.5,breakout_down,breakout_up,-1444.69,66.93,4.21,21.05,-1536.88,3.79
NSE:SENSEX,SHORT,1.4709733820704418,2024-01-08T14:15:00+05:30,71357.69,2024-01-12T09:15:00+05:30,72283.97,breakout_down,breakout_up,-1362.53,67.01,4.23,21.13,-1454.9,3.79
NSE:TCS,SHORT,20,2023-12-20T15:15:00+05:30,3775.0,2024-01-12T09:15:00+05:30,3880.0,breakout_down,breakout_up,-2100.0,233.42,15.31,45.93,-2394.66,22.75
NSE:INFY,SHORT,60,2024-01-10T12:15:00+05:30,1512.45,2024-01-12T09:15:00+05:30,1599.3,breakout_down,breakout_up,-5211.0,270.99,18.67,56.01,-5556.67,1.88
NSE:WIPRO,SHORT,875,2024-01-03T15:15:00+05:30,114.0,2024-01-12T09:15:00+05:30,116.5,breakout_down,breakout_up,-2187.5,287.41,20.17,60.51,-2555.59,8.75
NSE:ICICIBANK,SHORT,105,2024-01-09T15:15:00+05:30,977.75,2024-01-12T10:15:00+05:30,1000.85,breakout_down,breakout_up,-2425.5,294.17,20.78,62.33,-2802.77,2.79
NSE:BANKNIFTY,SHORT,2.2310722237875784,2024-01-09T14:15:00+05:30,47269.95,2024-01-12T13:15:00+05:30,47811.35,breakout_down,breakout_up,-1207.9,67.1,4.24,21.21,-1300.46,2.96
NSE:HDFCBANK,SHORT,240,2024-01-03T10:15:00+05:30,420.8,2024-01-15T09:15:00+05:30,416.25,breakout_down,breakout_up,1092.0,286.28,20.09,60.27,725.36,11.96
NSE:SBIN,SHORT,175,2024-01-08T11:15:00+05:30,634.35,2024-01-15T09:15:00+05:30,638.65,breakout_down,breakout_up,-752.5,310.74,22.28,66.83,-1152.35,6.92
NSE:ADANIGREEN,LONG,85,2023-12-26T14:15:00+05:30,1590.2,2024-01-15T09:15:00+05:30,1702.0,breakout_up,breakout_down,9503.0,373.38,27.98,83.95,9017.69,19.79
NSE:HINDUNILVR,SHORT,35,2024-01-08T09:15:00+05:30,2583.2,2024-01-15T15:15:00+05:30,2575.0,breakout_down,breakout_up,287.0,263.73,18.05,54.16,-48.94,7.25
NSE:ITC,SHORT,205,2024-01-08T10:15:00+05:30,467.3,2024-01-16T14:15:00+05:30,473.15,breakout_down,breakout_up,-1199.25,277.46,19.28,57.84,-1553.82,8.17
NSE:NIFTY,LONG,4.720635493371489,2024-01-12T10:15:00+05:30,21822.15,2024-01-17T09:15:00+05:30,21791.0,breakout_up,breakout_down,-147.05,66.56,4.12,20.59,-238.32,4.96
NSE:BANKNIFTY,LONG,2.1724286378342437,2024-01-15T09:15:00+05:30,47949.15,2024-01-17T09:15:00+05:30,46953.35,breakout_up,breakout_down,-2163.3,66.49,4.12,20.62,-2254.53,2.0
NSE:SENSEX,LONG,1.4305832628764341,2024-01-12T10:15:00+05:30,72358.4,2024-01-17T09:15:00+05:30,72282.22,breakout_up,breakout_down,-108.98,66.66,4.14,20.69,-200.48,4.96
NSE:HDFCBANK,LONG,245,2024-01-15T10:15:00+05:30,417.73,2024-01-17T09:15:00+05:30,395.31,breakout_up,breakout_down,-5490.45,284.89,19.92,59.76,-5855.02,1.96
NSE:ICICIBANK,LONG,100,2024-01-12T12:15:00+05:30,1004.3,2024-01-17T09:15:00+05:30,999.15,breakout_up,breakout_down,-515.0,285.8,20.03,60.1,-880.94,4.88
NSE:TATASTEEL,LONG,775,2024-01-11T11:15:00+05:30,135.4,2024-01-17T11:15:00+05:30,133.4,breakout_up,breakout_down,-1550.0,294.74,20.83,62.5,-1928.06,6.0
NSE:ITC,LONG,195,2024-01-16T15:15:00+05:30,474.95,2024-01-18T09:15:00+05:30,461.55,breakout_up,breakout_down,-2613.0,266.26,18.26,54.79,-2952.3,1.75
NSE:TATACONSUM,LONG,100,2023-12-19T13:15:00+05:30,977.0,2024-01-18T09:15:00+05:30,1126.45,breakout_up,breakout_down,14945.0,295.75,21.03,63.1,14565.11,29.83
NSE:HINDUNILVR,LONG,35,2024-01-16T10:15:00+05:30,2582.2,2024-01-20T09:15:00+05:30,2495.0,breakout_up,breakout_down,-3052.0,260.83,17.77,53.31,-3383.91,3.96
NSE:ICICIBANK,SHORT,100,2024-01-17T10:15:00+05:30,985.9,2024-01-20T13:15:00+05:30,1011.7,breakout_down,breakout_up,-2580.0,285.3,19.98,59.93,-2945.21,3.12
NSE:TCS,LONG,20,2024-01-12T12:15:00+05:30,3896.9,2024-01-20T14:15:00+05:30,3861.6,breakout_up,breakout_down,-706.0,235.61,15.52,46.55,-1003.68,8.08
NSE:ADANIGREEN,SHORT,85,2024-01-16T09:15:00+05:30,1679.9,2024-01-20T14:15:00+05:30,1678.95,breakout_down,breakout_up,80.75,380.38,28.55,85.65,-413.83,4.21
NSE:RELIANCE,LONG,150,2023-12-15T13:15:00+05:30,621.98,2024-01-23T10:15:00+05:30,668.82,breakout_up,breakout_down,7026.0,277.76,19.36,58.09,6670.8,38.88
NSE:ITC,LONG,190,2024-01-20T09:15:00+05:30,473.0,2024-01-23T13:15:00+05:30,461.9,breakout_up,breakout_down,-2109.0,260.68,17.76,53.29,-2440.73,3.17
NSE:HCLTECH,LONG,55,2024-01-10T10:15:00+05:30,1506.5,2024-01-23T13:15:00+05:30,1535.4,breakout_up,breakout_down,1589.5,248.92,16.73,50.19,1273.65,13.12
NSE:INFY,LONG,55,2024-01-12T11:15:00+05:30,1610.85,2024-01-23T14:15:00+05:30,1638.0,breakout_up,breakout_down,1493.25,261.58,17.87,53.61,1160.2,11.12
NSE:LT,LONG,30,2024-01-05T12:15:00+05:30,3492.95,2024-01-23T14:15:00+05:30,3547.35,breakout_up,breakout_down,1632.0,297.71,21.12,63.36,1249.81,18.08
NSE:NIFTY,SHORT,4.760444679413839,2024-01-17T14:15:00+05:30,21589.75,2024-01-29T09:15:00+05:30,21573.45,breakout_down,breakout_up,77.6,66.54,4.11,20.55,-13.6,11.79
NSE:RELIANCE,SHORT,150,2024-01-23T11:15:00+05:30,664.69,2024-01-29T09:15:00+05:30,689.1,breakout_down,breakout_up,-3661.5,289.06,20.31,60.92,-4031.79,5.92
NSE:BANKNIFTY,SHORT,2.197412943227124,2024-01-17T11:15:00+05:30,46381.05,2024-01-29T10:15:00+05:30,45546.55,breakout_down,breakout_up,1833.74,66.3,4.04,20.2,1743.2,11.96
NSE:SENSEX,SHORT,1.4408751321562234,2024-01-17T12:15:00+05:30,71702.84,2024-01-29T10:15:00+05:30,71557.69,breakout_down,breakout_up,209.14,66.63,4.13,20.64,117.74,11.92
NSE:HCLTECH,SHORT,55,2024-01-23T14:15:00+05:30,1523.7,2024-01-29T11:15:00+05:30,1586.6,breakout_down,breakout_up,-3459.5,253.48,17.11,51.32,-3781.41,5.88
NSE:SBIN,SHORT,175,2024-01-23T10:15:00+05:30,622.3,2024-01-29T13:15:00+05:30,627.75,breakout_down,breakout_up,-953.75,306.29,21.88,65.63,-1347.55,6.12
NSE:HINDUNILVR,SHORT,35,2024-01-20T10:15:00+05:30,2482.65,2024-01-30T09:15:00+05:30,2490.0,breakout_down,breakout_up,-257.25,256.55,17.4,52.21,-583.42,9.96
NSE:HDFCBANK,SHORT,250,2024-01-17T13:15:00+05:30,387.84,2024-01-31T09:15:00+05:30,366.55,breakout_down,breakout_up,5322.5,272.31,18.86,56.58,4974.76,13.83
NSE:BHARTIARTL,LONG,95,2024-01-04T15:15:00+05:30,1058.1,2024-01-31T09:15:00+05:30,1148.15,breakout_up,breakout_down,8554.75,295.39,20.96,62.88,8175.52,26.75
NSE:LT,LONG,25,2024-01-29T09:15:00+05:30,3669.7,2024-01-31T09:15:00+05:30,3414.0,breakout_up,breakout_down,-6392.5,260.4,17.71,53.13,-6723.74,2.0
NSE:TCS,SHORT,20,2024-01-23T14:15:00+05:30,3849.85,2024-02-01T09:15:00+05:30,3875.0,breakout_down,breakout_up,-503.0,234.85,15.45,46.35,-799.65,8.79
NSE:TATASTEEL,SHORT,785,2024-01-17T14:15:00+05:30,131.6,2024-02-02T09:15:00+05:30,136.85,breakout_down,breakout_up,-4121.25,297.61,21.07,63.22,-4503.15,15.79
NSE:TATACONSUM,SHORT,100,2024-01-30T14:15:00+05:30,1121.8,2024-02-02T09:15:00+05:30,1140.35,breakout_down,breakout_up,-1855.0,314.65,22.62,67.86,-2260.13,2.79
NSE:HDFCBANK,LONG,275,2024-01-31T10:15:00+05:30,367.48,2024-02-05T09:15:00+05:30,360.09,breakout_up,breakout_down,-2030.88,285.62,20.01,60.02,-2396.52,4.96
NSE:HINDUNILVR,LONG,35,2024-02-01T10:15:00+05:30,2505.25,2024-02-05T09:15:00+05:30,2441.55,breakout_up,breakout_down,-2229.5,255.69,17.31,51.94,-2554.45,3.96
NSE:HCLTECH,LONG,50,2024-02-01T09:15:00+05:30,1595.15,2024-02-05T14:15:00+05:30,1555.05,breakout_up,breakout_down,-2005.0,238.31,15.75,47.25,-2306.31,4.21
NSE:LT,SHORT,30,2024-02-05T14:15:00+05:30,3342.35,2024-02-07T09:15:00+05:30,3430.95,breakout_down,breakout_up,-2658.0,289.13,20.32,60.96,-3028.41,1.79
NSE:TATACONSUM,LONG,95,2024-02-02T13:15:00+05:30,1165.5,2024-02-08T09:15:00+05:30,1140.05,breakout_up,breakout_down,-2417.75,306.7,21.9,65.71,-2812.06,5.83
NSE:BANKNIFTY,LONG,2.262030485077373,2024-01-31T09:15:00+05:30,45824.45,2024-02-08T10:15:00+05:30,45405.0,breakout_up,breakout_down,-948.81,66.57,4.13,20.64,-1040.14,8.04
NSE:SENSEX,LONG,1.4428986244127036,2024-01-29T11:15:00+05:30,71683.64,2024-02-08T10:15:00+05:30,71489.26,breakout_up,breakout_down,-280.47,66.62,4.13,20.66,-371.88,9.96
NSE:ICICIBANK,LONG,95,2024-01-23T09:15:00+05:30,1039.5,2024-02-08T10:15:00+05:30,1001.6,breakout_up,breakout_down,-3600.5,278.87,19.39,58.17,-3956.93,16.04
NSE:INFY,LONG,50,2024-01-24T14:15:00+05:30,1677.95,2024-02-09T09:15:00+05:30,1669.2,breakout_up,breakout_down,-437.5,249.13,16.74,50.21,-753.58,15.79
NSE:TATASTEEL,LONG,720,2024-02-02T11:15:00+05:30,137.55,2024-02-09T10:15:00+05:30,139.85,breakout_up,breakout_down,1656.0,284.95,19.97,59.92,1291.16,6.96
NSE:ICICIBANK,SHORT,95,2024-02-08T14:15:00+05:30,988.35,2024-02-13T09:15:00+05:30,1018.35,breakout_down,breakout_up,-2850.0,275.18,19.06,57.19,-3201.44,4.79
NSE:ADANIGREEN,LONG,80,2024-01-29T09:15:00+05:30,1727.65,2024-02-13T09:15:00+05:30,1796.0,breakout_up,breakout_down,5468.0,375.97,28.19,84.57,4979.28,15.0
NSE:BANKNIFTY,SHORT,2.281449889756099,2024-02-08T14:15:00+05:30,44979.85,2024-02-14T14:15:00+05:30,45785.45,breakout_down,breakout_up,-1837.94,66.59,4.14,20.71,-1929.37,6.0
NSE:TATASTEEL,SHORT,725,2024-02-12T11:15:00+05:30,138.4,2024-02-15T09:15:00+05:30,142.65,breakout_down,breakout_up,-3081.25,289.79,20.38,61.13,-3452.54,2.92
NSE:HDFCBANK,SHORT,280,2024-02-07T12:15:00+05:30,358.18,2024-02-15T10:15:00+05:30,351.76,breakout_down,breakout_up,1794.8,283.89,19.88,59.63,1431.4,7.92
NSE:SENSEX,SHORT,1.4507305923774954,2024-02-12T12:15:00+05:30,71041.07,2024-02-16T09:15:00+05:30,72415.73,breakout_down,breakout_up,-1994.26,66.68,4.16,20.81,-2085.91,3.88
NSE:INFY,SHORT,50,2024-02-09T10:15:00+05:30,1665.35,2024-02-16T09:15:00+05:30,1698.0,breakout_down,breakout_up,-1632.5,250.12,16.82,50.45,-1949.89,6.96
NSE:LT,SHORT,25,2024-02-08T13:15:00+05:30,3325.0,2024-02-16T09:15:00+05:30,3353.5,breakout_down,breakout_up,-712.5,248.72,16.7,50.09,-1028.0,7.83
NSE:TATACONSUM,SHORT,95,2024-02-08T11:15:00+05:30,1129.85,2024-02-16T11:15:00+05:30,1146.8,breakout_down,breakout_up,-1610.25,303.59,21.63,64.88,-2000.35,8.0
NSE:RELIANCE,LONG,140,2024-01-29T10:15:00+05:30,697.24,2024-02-19T09:15:00+05:30,727.51,breakout_up,breakout_down,4238.5,284.46,19.95,59.84,3874.25,20.96
NSE:BHARTIARTL,SHORT,95,2024-02-05T09:15:00+05:30,1142.2,2024-02-19T09:15:00+05:30,1133.4,breakout_down,breakout_up,836.0,303.29,21.62,64.85,446.23,14.0
NSE:HCLTECH,LONG,50,2024-02-06T13:15:00+05:30,1620.25,2024-02-20T10:15:00+05:30,1646.3,breakout_up,breakout_down,1302.5,244.53,16.33,49.0,992.64,13.88
NSE:TCS,LONG,20,2024-02-01T10:15:00+05:30,3883.45,2024-02-20T13:15:00+05:30,4020.65,breakout_up,breakout_down,2744.0,238.59,15.81,47.42,2442.18,19.12
NSE:HINDUNILVR,SHORT,35,2024-02-05T14:15:00+05:30,2421.1,2024-02-20T14:15:00+05:30,2404.95,breakout_down,breakout_up,565.25,250.79,16.89,50.67,246.9,15.0
NSE:TATASTEEL,SHORT,685,2024-02-20T09:15:00+05:30,140.7,2024-02-21T09:15:00+05:30,144.5,breakout_down,breakout_up,-2603.0,280.42,19.54,58.61,-2961.56,1.0
NSE:LT,LONG,25,2024-02-16T12:15:00+05:30,3373.65,2024-02-21T11:15:00+05:30,3325.4,breakout_up,breakout_down,-1206.25,249.32,16.75,50.24,-1522.56,4.96
NSE:WIPRO,LONG,780,2024-01-15T09:15:00+05:30,124.7,2024-02-21T14:15:00+05:30,130.57,breakout_up,breakout_down,4582.5,284.05,19.91,59.73,4218.81,37.21
NSE:ADANIGREEN,LONG,75,2024-02-15T09:15:00+05:30,1921.95,2024-02-21T14:15:00+05:30,1909.75,breakout_up,breakout_down,-915.0,382.54,28.74,86.21,-1412.49,6.21
NSE:NIFTY,LONG,4.749927255086935,2024-01-29T10:15:00+05:30,21634.7,2024-02-22T09:15:00+05:30,21935.5,breakout_up,breakout_down,1428.78,66.75,4.14,20.7,1337.2,23.96
NSE:SENSEX,LONG,1.3942823739671566,2024-02-16T10:15:00+05:30,72425.63,2024-02-22T09:15:00+05:30,72243.65,breakout_up,breakout_down,-253.73,66.17,4.03,20.17,-344.1,5.96
NSE:BHARTIARTL,LONG,95,2024-02-19T14:15:00+05:30,1143.4,2024-02-22T09:15:00+05:30,1106.65,breakout_up,breakout_down,-3491.25,300.92,21.38,64.13,-3877.67,2.79
NSE:ITC,SHORT,190,2024-01-23T14:15:00+05:30,459.9,2024-02-22T14:15:00+05:30,414.2,breakout_down,breakout_up,8683.0,247.03,16.61,49.82,8369.54,30.0
NSE:HCLTECH,SHORT,50,2024-02-21T10:15:00+05:30,1644.8,2024-02-22T14:15:00+05:30,1687.35,breakout_down,breakout_up,-2127.5,248.43,16.66,49.98,-2442.57,1.17
NSE:LT,SHORT,25,2024-02-21T12:15:00+05:30,3323.75,2024-02-23T13:15:00+05:30,3394.0,breakout_down,breakout_up,-1756.25,249.89,16.79,50.38,-2073.31,2.04
NSE:SBIN,LONG,170,2024-01-30T11:15:00+05:30,632.75,2024-02-26T11:15:00+05:30,753.7,breakout_up,breakout_down,20561.5,323.5,23.57,70.71,20143.72,27.0
NSE:TATASTEEL,LONG,640,2024-02-23T09:15:00+05:30,146.35,2024-02-26T11:15:00+05:30,143.0,breakout_up,breakout_down,-2144.0,269.07,18.52,55.56,-2487.15,3.08
NSE:BANKNIFTY,LONG,2.1764507685816135,2024-02-15T15:15:00+05:30,46266.0,2024-02-27T09:15:00+05:30,46384.6,breakout_up,breakout_down,258.13,66.19,4.03,20.16,167.74,11.75
NSE:NIFTY,LONG,4.6743008772977435,2024-02-23T09:15:00+05:30,22269.95,2024-02-28T10:15:00+05:30,22062.05,breakout_up,breakout_down,-971.79,66.65,4.14,20.72,-1063.3,5.04
NSE:RELIANCE,LONG,135,2024-02-21T10:15:00+05:30,743.25,2024-02-28T10:15:00+05:30,732.44,breakout_up,breakout_down,-1459.35,284.62,19.92,59.77,-1823.65,7.0
NSE:HDFCBANK,LONG,285,2024-02-15T13:15:00+05:30,353.07,2024-02-28T10:15:00+05:30,352.64,breakout_up,breakout_down,-123.98,286.64,20.11,60.34,-491.07,12.88
NSE:SENSEX,LONG,1.372406307650487,2024-02-23T09:15:00+05:30,73330.11,2024-02-28T12:15:00+05:30,72317.79,breakout_up,breakout_down,-1389.31,65.94,4.0,19.99,-1479.24,5.12
NSE:ICICIBANK,LONG,90,2024-02-13T13:15:00+05:30,1023.15,2024-02-28T12:15:00+05:30,1045.75,breakout_up,breakout_down,2034.0,269.89,18.62,55.86,1689.63,14.96
NSE:ADANIGREEN,LONG,75,2024-02-26T09:15:00+05:30,1959.65,2024-02-29T12:15:00+05:30,1880.2,breakout_up,breakout_down,-5958.75,383.6,28.8,86.4,-6457.54,3.12
NSE:ICICIBANK,SHORT,90,2024-02-28T14:15:00+05:30,1044.75,2024-03-01T09:15:00+05:30,1071.5,breakout_down,breakout_up,-2407.5,274.96,19.05,57.14,-2758.64,1.79
NSE:TATASTEEL,SHORT,645,2024-02-28T11:15:00+05:30,141.8,2024-03-01T09:15:00+05:30,145.75,breakout_down,breakout_up,-2547.75,269.42,18.55,55.64,-2891.36,1.92
NSE:NIFTY,SHORT,4.695742338153861,2024-02-28T12:15:00+05:30,21942.5,2024-03-01T11:15:00+05:30,22286.45,breakout_down,breakout_up,-1615.1,66.66,4.15,20.77,-1706.68,1.96
NSE:BANKNIFTY,SHORT,2.182981441245485,2024-02-28T10:15:00+05:30,46204.2,2024-03-01T11:15:00+05:30,46911.0,breakout_down,breakout_up,-1542.93,66.25,4.07,20.33,-1633.57,2.04
NSE:SENSEX,SHORT,1.3723260162597442,2024-02-28T15:15:00+05:30,72259.72,2024-03-01T11:15:00+05:30,73507.33,breakout_down,breakout_up,-1712.13,65.93,4.0,20.0,-1802.07,1.83
NSE:SBIN,SHORT,170,2024-02-27T12:15:00+05:30,750.3,2024-03-01T12:15:00+05:30,765.05,breakout_down,breakout_up,-2507.5,349.58,25.76,77.28,-2960.12,3.0
NSE:HDFCBANK,SHORT,285,2024-02-29T09:15:00+05:30,350.46,2024-03-01T13:15:00+05:30,356.5,breakout_down,breakout_up,-1719.98,287.15,20.15,60.45,-2087.72,1.17
NSE:WIPRO,SHORT,775,2024-02-28T10:15:00+05:30,130.9,2024-03-04T09:15:00+05:30,131.39,breakout_down,breakout_up,-379.75,289.04,20.33,60.98,-750.1,4.96
NSE:RELIANCE,SHORT,135,2024-02-28T12:15:00+05:30,728.82,2024-03-04T11:15:00+05:30,751.25,breakout_down,breakout_up,-3028.72,285.39,19.98,59.94,-3394.04,4.96
NSE:TCS,LONG,20,2024-02-23T09:15:00+05:30,4099.15,2024-03-05T09:15:00+05:30,4006.35,breakout_up,breakout_down,-1856.0,243.41,16.21,48.63,-2164.25,11.0
NSE:HINDUNILVR,LONG,35,2024-02-21T11:15:00+05:30,2418.3,2024-03-05T09:15:00+05:30,2399.85,breakout_up,breakout_down,-645.75,250.57,16.86,50.59,-963.77,12.92
NSE:ITC,LONG,230,2024-02-22T15:15:00+05:30,415.05,2024-03-05T13:15:00+05:30,405.0,breakout_up,breakout_down,-2311.5,272.89,18.86,56.58,-2659.84,11.92
NSE:RELIANCE,LONG,125,2024-03-04T13:15:00+05:30,754.52,2024-03-06T11:15:00+05:30,740.27,breakout_up,breakout_down,-1781.25,270.9,18.69,56.05,-2126.89,1.92
NSE:HCLTECH,SHORT,50,2024-03-05T09:15:00+05:30,1613.95,2024-03-06T15:15:00+05:30,1648.0,breakout_down,breakout_up,-1702.5,244.5,16.31,48.93,-2012.23,1.25
NSE:TCS,SHORT,20,2024-03-05T10:15:00+05:30,3989.75,2024-03-07T10:15:00+05:30,4117.95,breakout_down,breakout_up,-2564.0,243.51,16.22,48.65,-2872.37,2.0
NSE:ITC,SHORT,230,2024-03-06T09:15:00+05:30,403.75,2024-03-07T13:15:00+05:30,412.45,breakout_down,breakout_up,-2001.0,271.89,18.77,56.32,-2347.98,1.17
NSE:BANKNIFTY,LONG,2.111656349793865,2024-03-01T12:15:00+05:30,46993.55,2024-03-11T11:15:00+05:30,47345.7,breakout_up,breakout_down,743.62,65.98,3.98,19.92,653.73,9.96
NSE:ICICIBANK,LONG,85,2024-03-01T10:15:00+05:30,1073.25,2024-03-11T11:15:00+05:30,1078.85,breakout_up,breakout_down,476.0,266.37,18.29,54.88,136.46,10.04
NSE:HDFCBANK,LONG,275,2024-03-01T14:15:00+05:30,358.02,2024-03-11T12:15:00+05:30,356.75,breakout_up,breakout_down,-350.62,281.58,19.66,58.97,-710.83,9.92
NSE:SBIN,LONG,160,2024-03-01T13:15:00+05:30,769.2,2024-03-11T12:15:00+05:30,771.75,breakout_up,breakout_down,408.0,337.07,24.66,73.97,-27.7,9.96
NSE:LT,LONG,25,2024-02-26T09:15:00+05:30,3464.6,2024-03-12T14:15:00+05:30,3619.8,breakout_up,breakout_down,3880.0,259.65,17.71,53.13,3549.51,15.21
NSE:TATASTEEL,LONG,600,2024-03-01T10:15:00+05:30,146.5,2024-03-13T09:15:00+05:30,149.8,breakout_up,breakout_down,1980.0,260.54,17.78,53.33,1648.35,11.96
NSE:TATACONSUM,LONG,90,2024-02-19T12:15:00+05:30,1162.95,2024-03-13T09:15:00+05:30,1203.95,breakout_up,breakout_down,3690.0,299.57,21.3,63.91,3305.22,22.88
NSE:NIFTY,LONG,4.53793227660613,2024-03-01T13:15:00+05:30,22330.6,2024-03-13T10:15:00+05:30,22239.0,breakout_up,breakout_down,-415.67,66.21,4.05,20.23,-506.15,11.88
NSE:SENSEX,LONG,1.3211029820700568,2024-03-01T13:15:00+05:30,73701.46,2024-03-13T11:15:00+05:30,73027.66,breakout_up,breakout_down,-890.16,65.39,3.88,19.38,-978.81,11.92
NSE:BHARTIARTL,LONG,90,2024-02-28T09:15:00+05:30,1134.4,2024-03-13T11:15:00+05:30,1171.95,breakout_up,breakout_down,3379.5,293.54,20.76,62.27,3002.94,14.08
NSE:INFY,SHORT,50,2024-02-21T09:15:00+05:30,1664.0,2024-03-14T09:15:00+05:30,1636.75,breakout_down,breakout_up,1362.5,246.42,16.5,49.51,1050.06,22.0
NSE:HCLTECH,SHORT,45,2024-03-13T10:15:00+05:30,1629.5,2024-03-14T14:15:00+05:30,1677.95,breakout_down,breakout_up,-2180.25,228.68,14.88,44.65,-2468.47,1.17
NSE:BHARTIARTL,SHORT,90,2024-03-13T13:15:00+05:30,1158.85,2024-03-15T11:15:00+05:30,1213.7,breakout_down,breakout_up,-4936.5,300.78,21.35,64.06,-5322.69,1.92
NSE:ITC,LONG,220,2024-03-11T09:15:00+05:30,415.05,2024-03-15T15:15:00+05:30,417.0,breakout_up,breakout_down,429.0,266.51,18.31,54.92,89.27,4.25
NSE:HDFCBANK,LONG,270,2024-03-12T09:15:00+05:30,365.0,2024-03-18T09:15:00+05:30,360.45,breakout_up,breakout_down,-1228.5,280.88,19.59,58.76,-1587.73,6.0
NSE:TATASTEEL,SHORT,610,2024-03-13T10:15:00+05:30,147.85,2024-03-18T11:15:00+05:30,148.45,breakout_down,breakout_up,-366.0,264.0,18.07,54.22,-702.3,5.04
NSE:INFY,LONG,50,2024-03-14T11:15:00+05:30,1647.6,2024-03-18T14:15:00+05:30,1603.7,breakout_up,breakout_down,-2195.0,243.94,16.26,48.77,-2503.97,4.12
NSE:TCS,LONG,20,2024-03-12T09:15:00+05:30,4192.65,2024-03-19T09:15:00+05:30,4029.85,breakout_up,breakout_down,-3256.0,246.12,16.45,49.33,-3567.9,7.0
NSE:BANKNIFTY,SHORT,2.111388798648266,2024-03-11T12:15:00+05:30,47308.2,2024-03-21T09:15:00+05:30,46951.45,breakout_down,breakout_up,753.24,65.97,3.98,19.9,663.39,9.88
NSE:RELIANCE,SHORT,125,2024-03-11T11:15:00+05:30,737.15,2024-03-21T09:15:00+05:30,726.88,breakout_down,breakout_up,1284.37,266.39,18.3,54.9,944.78,9.92
NSE:ICICIBANK,SHORT,85,2024-03-12T10:15:00+05:30,1072.25,2024-03-21T09:15:00+05:30,1094.25,breakout_down,breakout_up,-1870.0,267.91,18.42,55.25,-2211.57,8.96
NSE:ITC,SHORT,220,2024-03-19T10:15:00+05:30,413.45,2024-03-21T09:15:00+05:30,419.7,breakout_down,breakout_up,-1375.0,266.91,18.33,54.99,-1715.23,1.96
NSE:SBIN,SHORT,165,2024-03-12T12:15:00+05:30,761.05,2024-03-21T09:15:00+05:30,747.6,breakout_down,breakout_up,2219.25,339.58,24.89,74.68,1780.1,8.88
NSE:LT,SHORT,25,2024-03-13T09:15:00+05:30,3605.9,2024-03-21T09:15:00+05:30,3580.85,breakout_down,breakout_up,626.25,262.74,17.97,53.9,291.65,8.0
NSE:NIFTY,SHORT,4.566539719395796,2024-03-13T11:15:00+05:30,22080.2,2024-03-22T12:15:00+05:30,22106.25,breakout_down,breakout_up,-118.96,66.18,4.04,20.18,-209.35,9.04
NSE:ADANIGREEN,SHORT,75,2024-02-29T13:15:00+05:30,1873.0,2024-03-26T09:15:00+05:30,1886.85,breakout_down,breakout_up,-1038.75,376.56,28.2,84.6,-1528.11,25.83
NSE:BHARTIARTL,LONG,85,2024-03-15T14:15:00+05:30,1218.35,2024-03-26T14:15:00+05:30,1212.15,breakout_up,breakout_down,-527.0,292.74,20.66,61.98,-902.38,11.0
NSE:SENSEX,SHORT,1.3242930695077484,2024-03-13T13:15:00+05:30,72787.01,2024-03-27T13:15:00+05:30,73118.2,breakout_down,breakout_up,-438.59,65.36,3.86,19.32,-527.14,14.0
NSE:SBIN,LONG,170,2024-03-21T10:15:00+05:30,748.45,2024-03-27T13:15:00+05:30,736.75,breakout_up,breakout_down,-1989.0,343.85,25.25,75.75,-2433.84,6.12
NSE:HDFCBANK,SHORT,265,2024-03-18T10:15:00+05:30,360.04,2024-03-28T09:15:00+05:30,362.93,breakout_down,breakout_up,-764.52,276.08,19.16,57.48,-1117.24,9.96
NSE:HINDUNILVR,SHORT,35,2024-03-05T10:15:00+05:30,2397.05,2024-03-28T11:15:00+05:30,2266.8,breakout_down,breakout_up,4558.75,244.18,16.32,48.97,4249.28,23.04
NSE:SBIN,SHORT,170,2024-03-27T14:15:00+05:30,733.2,2024-03-28T12:15:00+05:30,753.6,breakout_down,breakout_up,-3468.0,344.26,25.28,75.83,-3913.36,0.92
NSE:RELIANCE,LONG,130,2024-03-21T10:15:00+05:30,728.4,2024-04-02T10:15:00+05:30,739.05,breakout_up,breakout_down,1384.5,275.01,19.08,57.23,1033.18,12.0
NSE:ITC,LONG,215,2024-03-21T10:15:00+05:30,420.1,2024-04-02T13:15:00+05:30,424.85,breakout_up,breakout_down,1021.25,264.92,18.17,54.5,683.66,12.12
NSE:TATACONSUM,SHORT,90,2024-03-13T11:15:00+05:30,1183.15,2024-04-02T13:15:00+05:30,1118.85,breakout_down,breakout_up,5787.0,292.92,20.72,62.15,5411.21,20.08
NSE:TCS,SHORT,20,2024-03-19T13:15:00+05:30,3977.95,2024-04-03T10:15:00+05:30,3963.0,breakout_down,breakout_up,299.0,239.59,15.88,47.65,-4.12,14.88
NSE:ICICIBANK,LONG,80,2024-03-28T09:15:00+05:30,1100.25,2024-04-04T09:15:00+05:30,1067.35,breakout_up,breakout_down,-2632.0,256.02,17.34,52.02,-2957.39,7.0
NSE:HINDUNILVR,LONG,40,2024-03-28T12:15:00+05:30,2272.95,2024-04-04T09:15:00+05:30,2252.5,breakout_up,breakout_down,-818.0,264.34,18.1,54.31,-1154.75,6.88
NSE:LT,LONG,25,2024-03-22T09:15:00+05:30,3603.65,2024-04-04T09:15:00+05:30,3745.4,breakout_up,breakout_down,3543.75,267.03,18.37,55.12,3203.23,13.0
NSE:ITC,SHORT,215,2024-04-03T09:15:00+05:30,422.6,2024-04-05T13:15:00+05:30,430.1,breakout_down,breakout_up,-1612.5,266.97,18.33,55.0,-1952.8,2.17
NSE:RELIANCE,SHORT,130,2024-04-03T14:15:00+05:30,735.39,2024-04-08T09:15:00+05:30,742.4,breakout_down,breakout_up,-911.3,276.68,19.21,57.63,-1264.82,4.79
NSE:ADANIGREEN,SHORT,75,2024-03-27T14:15:00+05:30,1825.85,2024-04-08T09:15:00+05:30,1953.9,breakout_down,breakout_up,-9603.75,378.86,28.35,85.04,-10096.0,11.79
NSE:INFY,SHORT,50,2024-03-19T09:15:00+05:30,1583.35,2024-04-09T09:15:00+05:30,1507.25,breakout_down,breakout_up,3805.0,234.56,15.45,46.36,3508.63,21.0
NSE:HCLTECH,SHORT,45,2024-03-19T09:15:00+05:30,1619.75,2024-04-09T09:15:00+05:30,1555.8,breakout_down,breakout_up,2877.75,221.71,14.29,42.87,2598.88,21.0
NSE:TCS,LONG,20,2024-04-03T12:15:00+05:30,3972.0,2024-04-09T12:15:00+05:30,3948.85,breakout_up,breakout_down,-463.0,239.2,15.84,47.53,-765.57,6.0
NSE:BHARTIARTL,SHORT,85,2024-03-26T15:15:00+05:30,1211.75,2024-04-10T09:15:00+05:30,1218.5,breakout_down,breakout_up,-573.75,292.72,20.66,61.97,-949.1,14.75
NSE:HDFCBANK,LONG,260,2024-03-28T10:15:00+05:30,364.48,2024-04-10T15:15:00+05:30,383.74,breakout_up,breakout_down,5008.9,278.93,19.45,58.36,4652.16,13.21
NSE:SENSEX,LONG,1.3026136371168329,2024-03-28T09:15:00+05:30,73594.94,2024-04-12T09:15:00+05:30,74603.15,breakout_up,breakout_down,1313.31,65.43,3.86,19.3,1224.71,15.0
NSE:TATASTEEL,LONG,600,2024-03-18T12:15:00+05:30,148.8,2024-04-12T09:15:00+05:30,164.15,breakout_up,breakout_down,9210.0,271.09,18.78,56.33,8863.8,24.88
NSE:HINDUNILVR,LONG,40,2024-04-08T09:15:00+05:30,2282.95,2024-04-12T09:15:00+05:30,2242.15,breakout_up,breakout_down,-1632.0,264.39,18.1,54.3,-1968.79,4.0
NSE:NIFTY,LONG,4.534792841562873,2024-03-27T13:15:00+05:30,22188.75,2024-04-12T12:15:00+05:30,22568.05,breakout_up,breakout_down,1720.05,66.39,4.06,20.3,1629.3,15.96
NSE:BANKNIFTY,LONG,2.131982986790376,2024-03-28T09:15:00+05:30,47161.45,2024-04-15T09:15:00+05:30,47981.95,breakout_up,breakout_down,1749.29,66.38,4.06,20.28,1658.57,18.0
NSE:RELIANCE,LONG,125,2024-04-08T12:15:00+05:30,744.2,2024-04-15T09:15:00+05:30,729.48,breakout_up,breakout_down,-1840.63,267.97,18.42,55.26,-2182.28,6.88
NSE:ICICIBANK,LONG,80,2024-04-08T12:15:00+05:30,1088.75,2024-04-15T09:15:00+05:30,1087.25,breakout_up,breakout_down,-120.0,256.58,17.41,52.22,-446.21,6.88
NSE:ITC,LONG,205,2024-04-10T13:15:00+05:30,433.25,2024-04-15T09:15:00+05:30,425.3,breakout_up,breakout_down,-1629.75,258.83,17.6,52.8,-1958.98,4.83
NSE:SBIN,LONG,155,2024-03-28T13:15:00+05:30,758.5,2024-04-15T09:15:00+05:30,754.75,breakout_up,breakout_down,-581.25,323.82,23.46,70.37,-998.89,17.83
NSE:TCS,LONG,20,2024-04-15T09:15:00+05:30,4034.85,2024-04-16T09:15:00+05:30,3906.55,breakout_up,breakout_down,-2566.0,239.82,15.88,47.65,-2869.35,1.0
NSE:HDFCBANK,SHORT,265,2024-04-12T09:15:00+05:30,379.12,2024-04-19T12:15:00+05:30,379.73,breakout_down,breakout_up,-159.0,286.6,20.11,60.33,-526.04,7.12
NSE:WIPRO,SHORT,780,2024-03-05T10:15:00+05:30,128.64,2024-04-22T09:15:00+05:30,115.72,breakout_down,breakout_up,10081.5,274.17,19.06,57.18,9731.09,47.96
NSE:ICICIBANK,SHORT,75,2024-04-15T11:15:00+05:30,1084.25,2024-04-22T11:15:00+05:30,1082.85,breakout_down,breakout_up,105.0,243.73,16.25,48.76,-203.75,7.0
NSE:SBIN,SHORT,160,2024-04-16T11:15:00+05:30,747.0,2024-04-22T13:15:00+05:30,762.55,breakout_down,breakout_up,-2488.0,331.71,24.15,72.46,-2916.32,6.08
NSE:NIFTY,SHORT,4.535248411988421,2024-04-12T13:15:00+05:30,22544.7,2024-04-22T14:15:00+05:30,22347.4,breakout_down,breakout_up,894.8,66.4,4.07,20.36,803.97,10.04
NSE:SENSEX,SHORT,1.3051857827236726,2024-04-12T12:15:00+05:30,74385.44,2024-04-22T15:15:00+05:30,73748.89,breakout_down,breakout_up,830.82,65.44,3.87,19.33,742.18,10.12
NSE:LT,SHORT,25,2024-04-05T09:15:00+05:30,3725.6,2024-04-22T15:15:00+05:30,3620.0,breakout_down,breakout_up,2640.0,267.0,18.36,55.09,2299.55,17.25
NSE:RELIANCE,SHORT,125,2024-04-19T09:15:00+05:30,724.44,2024-04-23T09:15:00+05:30,741.57,breakout_down,breakout_up,-2140.62,266.92,18.33,54.98,-2480.85,4.0
NSE:ITC,SHORT,205,2024-04-18T14:15:00+05:30,418.5,2024-04-23T09:15:00+05:30,428.8,breakout_down,breakout_up,-2111.5,256.3,17.37,52.11,-2437.28,4.79
NSE:HINDUNILVR,SHORT,40,2024-04-12T12:15:00+05:30,2240.1,2024-04-23T09:15:00+05:30,2259.15,breakout_down,breakout_up,-762.0,263.17,18.0,53.99,-1097.16,10.88
NSE:HCLTECH,SHORT,50,2024-04-12T09:15:00+05:30,1531.65,2024-04-23T09:15:00+05:30,1484.9,breakout_down,breakout_up,2337.5,230.56,15.08,45.25,2046.61,11.0
NSE:INFY,SHORT,60,2024-04-15T09:15:00+05:30,1475.35,2024-04-23T13:15:00+05:30,1445.2,breakout_down,breakout_up,1809.0,257.72,17.52,52.57,1481.19,8.17
NSE:TATACONSUM,LONG,100,2024-04-02T14:15:00+05:30,1132.4,2024-04-24T09:15:00+05:30,1112.35,breakout_up,breakout_down,-2005.0,312.72,22.45,67.34,-2407.51,21.79
NSE:TATASTEEL,SHORT,605,2024-04-15T09:15:00+05:30,162.1,2024-04-24T11:15:00+05:30,164.75,breakout_down,breakout_up,-1603.25,282.99,19.77,59.32,-1965.34,9.08
NSE:HINDUNILVR,LONG,35,2024-04-23T10:15:00+05:30,2262.9,2024-04-25T09:15:00+05:30,2224.75,breakout_up,breakout_down,-1335.25,237.77,15.71,47.12,-1635.85,1.96
NSE:BANKNIFTY,SHORT,2.139430454410964,2024-04-15T14:15:00+05:30,47770.2,2024-04-25T12:15:00+05:30,48357.85,breakout_down,breakout_up,-1257.24,66.49,4.11,20.57,-1348.4,9.92
NSE:HCLTECH,LONG,50,2024-04-23T10:15:00+05:30,1493.5,2024-04-26T14:15:00+05:30,1471.05,breakout_up,breakout_down,-1122.5,227.93,14.82,44.47,-1409.72,3.17
NSE:RELIANCE,SHORT,125,2024-04-24T14:15:00+05:30,725.25,2024-04-30T09:15:00+05:30,738.75,breakout_down,breakout_up,-1687.5,266.61,18.3,54.9,-2027.31,5.79
NSE:TATASTEEL,LONG,580,2024-04-24T12:15:00+05:30,165.75,2024-04-30T15:15:00+05:30,164.75,breakout_up,breakout_down,-580.0,276.18,19.17,57.51,-932.86,6.12
NSE:WIPRO,LONG,950,2024-04-22T10:15:00+05:30,116.0,2024-05-02T09:15:00+05:30,114.34,breakout_up,breakout_down,-1577.0,306.41,21.88,65.65,-1970.94,9.96
NSE:BHARTIARTL,LONG,80,2024-04-10T14:15:00+05:30,1229.6,2024-05-02T09:15:00+05:30,1310.3,breakout_up,breakout_down,6456.0,288.44,20.32,60.96,6086.29,21.79
NSE:LT,LONG,25,2024-04-24T12:15:00+05:30,3652.8,2024-05-02T09:15:00+05:30,3582.4,breakout_up,breakout_down,-1760.0,264.26,18.09,54.26,-2096.61,7.88
NSE:RELIANCE,LONG,120,2024-04-30T10:15:00+05:30,739.73,2024-05-03T09:15:00+05:30,730.04,breakout_up,breakout_down,-1162.2,259.21,17.64,52.91,-1491.95,2.96
NSE:SENSEX,LONG,1.3231521477192567,2024-04-23T09:15:00+05:30,73934.64,2024-05-03T10:15:00+05:30,74330.02,breakout_up,breakout_down,523.15,65.69,3.92,19.62,433.92,10.04
NSE:NIFTY,LONG,4.6063958721329605,2024-04-22T15:15:00+05:30,22370.5,2024-05-03T11:15:00+05:30,22476.55,breakout_up,breakout_down,488.51,66.66,4.13,20.66,397.05,10.83
NSE:BANKNIFTY,LONG,2.078177445836485,2024-04-25T13:15:00+05:30,48531.3,2024-05-03T11:15:00+05:30,48914.45,breakout_up,breakout_down,796.25,66.3,4.05,20.25,705.66,7.92
NSE:HDFCBANK,LONG,260,2024-04-19T13:15:00+05:30,381.69,2024-05-03T12:15:00+05:30,377.46,breakout_up,breakout_down,-1098.5,282.55,19.74,59.21,-1460.0,13.96
NSE:ITC,LONG,195,2024-04-23T12:15:00+05:30,429.85,2024-05-03T12:15:00+05:30,432.45,breakout_up,breakout_down,507.0,249.94,16.81,50.44,189.8,10.0
NSE:TCS,SHORT,20,2024-04-16T13:15:00+05:30,3872.8,2024-05-06T09:15:00+05:30,3922.6,breakout_down,breakout_up,-996.0,236.45,15.59,46.77,-1294.82,19.83
NSE:SBIN,LONG,150,2024-04-22T14:15:00+05:30,766.5,2024-05-06T09:15:00+05:30,810.2,breakout_up,breakout_down,6555.0,325.45,23.65,70.95,6134.95,13.79
NSE:ICICIBANK,LONG,75,2024-04-22T13:15:00+05:30,1083.35,2024-05-07T10:15:00+05:30,1130.6,breakout_up,breakout_down,3543.75,247.38,16.6,49.81,3229.95,14.88
NSE:TATASTEEL,LONG,560,2024-05-03T09:15:00+05:30,169.45,2024-05-07T11:15:00+05:30,163.85,breakout_up,breakout_down,-3136.0,270.77,18.66,55.99,-3481.43,4.08
NSE:WIPRO,SHORT,950,2024-05-03T11:15:00+05:30,113.65,2024-05-07T13:15:00+05:30,116.0,breakout_down,breakout_up,-2232.5,305.73,21.82,65.45,-2625.5,4.08
NSE:INFY,SHORT,60,2024-04-30T14:15:00+05:30,1419.4,2024-05-09T11:15:00+05:30,1449.15,breakout_down,breakout_up,-1785.0,254.52,17.21,51.63,-2108.37,8.88
NSE:ITC,LONG,190,2024-05-07T09:15:00+05:30,445.15,2024-05-09T11:15:00+05:30,432.6,breakout_up,breakout_down,-2384.5,248.63,16.68,50.03,-2699.84,2.08
NSE:SBIN,SHORT,150,2024-05-07T10:15:00+05:30,797.1,2024-05-09T13:15:00+05:30,833.0,breakout_down,breakout_up,-5385.0,335.25,24.45,73.35,-5818.05,2.12
NSE:TCS,LONG,15,2024-05-07T13:15:00+05:30,3979.75,2024-05-10T11:15:00+05:30,3899.2,breakout_up,breakout_down,-1208.25,194.55,11.82,35.46,-1450.07,2.92
NSE:WIPRO,LONG,910,2024-05-07T15:15:00+05:30,116.17,2024-05-10T11:15:00+05:30,112.97,breakout_up,breakout_down,-2902.9,295.06,20.85,62.56,-3281.36,2.83
NSE:NIFTY,SHORT,4.614880812975269,2024-05-03T12:15:00+05:30,22415.15,2024-05-14T11:15:00+05:30,22185.3,breakout_down,breakout_up,1060.73,66.62,4.12,20.58,969.41,10.96
NSE:SENSEX,SHORT,1.3289938567229533,2024-05-03T11:15:00+05:30,73935.18,2024-05-14T11:15:00+05:30,73013.96,breakout_down,breakout_up,1224.3,65.64,3.91,19.53,1135.22,11.0
NSE:LT,SHORT,25,2024-05-03T09:15:00+05:30,3561.75,2024-05-14T11:15:00+05:30,3340.55,breakout_down,breakout_up,5530.0,254.47,17.26,51.77,5206.51,11.08
NSE:RELIANCE,SHORT,120,2024-05-03T10:15:00+05:30,726.54,2024-05-14T12:15:00+05:30,709.5,breakout_down,breakout_up,2044.8,254.47,17.23,51.7,1721.4,11.08
NSE:TATASTEEL,SHORT,565,2024-05-09T14:15:00+05:30,161.65,2024-05-14T12:15:00+05:30,166.0,breakout_down,breakout_up,-2457.75,269.03,18.51,55.54,-2800.83,4.92
NSE:WIPRO,SHORT,915,2024-05-13T09:15:00+05:30,111.8,2024-05-14T13:15:00+05:30,114.67,breakout_down,breakout_up,-2621.48,293.59,20.72,62.16,-2997.95,1.17
NSE:ADANIGREEN,SHORT,65,2024-04-12T12:15:00+05:30,1894.2,2024-05-14T14:15:00+05:30,1785.7,breakout_down,breakout_up,7052.5,328.4,23.92,71.76,6628.42,32.08
NSE:HINDUNILVR,LONG,35,2024-05-06T13:15:00+05:30,2249.05,2024-05-15T09:15:00+05:30,2335.55,breakout_up,breakout_down,3027.5,241.21,16.05,48.14,2722.1,8.83
NSE:HCLTECH,SHORT,55,2024-04-29T09:15:00+05:30,1385.0,2024-05-15T10:15:00+05:30,1331.85,breakout_down,breakout_up,2923.25,228.96,14.94,44.83,2634.52,16.04
NSE:BHARTIARTL,SHORT,80,2024-05-02T11:15:00+05:30,1301.2,2024-05-15T15:15:00+05:30,1316.0,breakout_down,breakout_up,-1184.0,295.88,20.94,62.81,-1563.63,13.17
NSE:NIFTY,LONG,4.698813693412104,2024-05-14T12:15:00+05:30,22220.45,2024-05-16T13:15:00+05:30,22065.5,breakout_up,breakout_down,-728.08,66.74,4.16,20.81,-819.79,2.04
NSE:SENSEX,LONG,1.3596357797651843,2024-05-14T12:15:00+05:30,73101.36,2024-05-16T13:15:00+05:30,72586.43,breakout_up,breakout_down,-700.12,65.8,3.96,19.81,-789.69,2.04
NSE:TATACONSUM,SHORT,105,2024-04-25T09:15:00+05:30,1091.95,2024-05-16T14:15:00+05:30,1100.0,breakout_down,breakout_up,-845.25,318.95,23.02,69.05,-1256.26,21.21
NSE:BANKNIFTY,SHORT,2.083373726381711,2024-05-03T12:15:00+05:30,48747.95,2024-05-17T10:15:00+05:30,48144.85,breakout_down,breakout_up,1256.48,66.26,4.04,20.19,1166.0,13.92
NSE:ITC,SHORT,190,2024-05-09T12:15:00+05:30,428.0,2024-05-17T10:15:00+05:30,434.8,breakout_down,breakout_up,-1292.0,245.39,16.39,49.18,-1602.97,7.92
NSE:SBIN,SHORT,145,2024-05-16T13:15:00+05:30,799.8,2024-05-21T09:15:00+05:30,831.3,breakout_down,breakout_up,-4567.5,326.29,23.65,70.95,-4988.39,4.83
NSE:TATASTEEL,SHORT,545,2024-05-16T13:15:00+05:30,162.4,2024-05-21T09:15:00+05:30,170.25,breakout_down,breakout_up,-4278.25,264.91,18.13,54.39,-4615.68,4.83
NSE:HINDUNILVR,SHORT,35,2024-05-15T14:15:00+05:30,2322.15,2024-05-22T09:15:00+05:30,2361.5,breakout_down,breakout_up,-1377.25,245.39,16.39,49.18,-1688.22,6.79
NSE:BANKNIFTY,LONG,2.129771428543446,2024-05-21T12:15:00+05:30,48231.8,2024-05-22T10:15:00+05:30,47674.3,breakout_up,breakout_down,-1187.35,66.36,4.09,20.43,-1278.22,0.92
NSE:TCS,SHORT,15,2024-05-10T13:15:00+05:30,3890.65,2024-05-23T10:15:00+05:30,3864.55,breakout_down,breakout_up,391.5,192.37,11.63,34.9,152.6,12.88
NSE:HDFCBANK,SHORT,260,2024-05-07T14:15:00+05:30,376.39,2024-05-23T11:15:00+05:30,367.94,breakout_down,breakout_up,2197.0,278.02,19.35,58.06,1841.57,15.88
NSE:ICICIBANK,SHORT,75,2024-05-08T09:15:00+05:30,1122.0,2024-05-23T14:15:00+05:30,1135.95,breakout_down,breakout_up,-1046.25,251.39,16.93,50.8,-1365.38,15.21
NSE:WIPRO,LONG,855,2024-05-16T09:15:00+05:30,115.89,2024-05-27T09:15:00+05:30,113.97,breakout_up,breakout_down,-1645.87,281.64,19.65,58.96,-2006.12,11.0
NSE:TATACONSUM,LONG,100,2024-05-22T10:15:00+05:30,1106.2,2024-05-27T09:15:00+05:30,1094.4,breakout_up,breakout_down,-1180.0,307.75,22.01,66.02,-1575.78,4.96
NSE:ITC,LONG,185,2024-05-17T14:15:00+05:30,436.55,2024-05-27T13:15:00+05:30,433.5,breakout_up,breakout_down,-564.25,242.03,16.1,48.29,-870.67,9.96
NSE:ADANIGREEN,LONG,75,2024-05-15T09:15:00+05:30,1816.0,2024-05-28T11:15:00+05:30,1874.85,breakout_up,breakout_down,4413.75,370.4,27.68,83.04,3932.62,13.08
NSE:RELIANCE,LONG,125,2024-05-14T13:15:00+05:30,712.51,2024-05-28T14:15:00+05:30,728.54,breakout_up,breakout_down,2003.12,263.15,18.01,54.04,1667.93,14.04
NSE:BHARTIARTL,LONG,75,2024-05-16T09:15:00+05:30,1346.5,2024-05-28T14:15:00+05:30,1371.0,breakout_up,breakout_down,1837.5,289.47,20.38,61.14,1466.5,12.21
NSE:NIFTY,LONG,4.623990388723611,2024-05-16T14:15:00+05:30,22403.25,2024-05-28T15:15:00+05:30,22868.65,breakout_up,breakout_down,2152.01,67.01,4.19,20.93,2059.87,12.04
NSE:SENSEX,LONG,1.338894248115833,2024-05-16T14:15:00+05:30,73645.77,2024-05-28T15:15:00+05:30,75128.49,breakout_up,breakout_down,1985.21,66.05,3.98,19.92,1895.26,12.04
NSE:BANKNIFTY,LONG,2.0997923375750442,2024-05-23T10:15:00+05:30,48313.5,2024-05-29T09:15:00+05:30,48705.85,breakout_up,breakout_down,823.85,66.41,4.07,20.37,732.99,5.96
NSE:ICICIBANK,LONG,75,2024-05-27T11:15:00+05:30,1143.7,2024-05-29T09:15:00+05:30,1112.4,breakout_up,breakout_down,-2347.5,251.33,16.92,50.76,-2666.52,1.92
NSE:TCS,LONG,15,2024-05-23T11:15:00+05:30,3870.8,2024-05-29T09:15:00+05:30,3823.1,breakout_up,breakout_down,-715.5,191.43,11.54,34.62,-953.09,5.92
NSE:INFY,LONG,60,2024-05-16T09:15:00+05:30,1443.45,2024-05-29T09:15:00+05:30,1459.15,breakout_up,breakout_down,942.0,256.59,17.42,52.25,615.75,13.0
NSE:TATASTEEL,LONG,490,2024-05-21T10:15:00+05:30,172.0,2024-05-30T09:15:00+05:30,167.45,breakout_up,breakout_down,-2229.5,248.13,16.63,49.9,-2544.16,8.96
NSE:HINDUNILVR,LONG,35,2024-05-22T10:15:00+05:30,2366.5,2024-05-30T09:15:00+05:30,2361.65,breakout_up,breakout_down,-169.75,247.03,16.55,49.65,-482.98,7.96
NSE:HCLTECH,LONG,60,2024-05-15T11:15:00+05:30,1333.5,2024-05-30T09:15:00+05:30,1336.45,breakout_up,breakout_down,177.0,241.13,16.02,48.06,-128.21,14.92
NSE:ADANIGREEN,SHORT,75,2024-05-30T09:15:00+05:30,1862.05,2024-05-31T13:15:00+05:30,1961.65,breakout_down,breakout_up,-7470.0,382.36,28.68,86.03,-7967.08,1.17
NSE:NIFTY,SHORT,4.642224743050704,2024-05-29T09:15:00+05:30,22757.65,2024-06-03T09:15:00+05:30,23197.1,breakout_down,breakout_up,-2040.03,67.17,4.27,21.33,-2132.79,5.0
NSE:BANKNIFTY,SHORT,2.1011907391159665,2024-05-29T10:15:00+05:30,48629.15,2024-06-03T09:15:00+05:30,50471.35,breakout_down,breakout_up,-3870.81,66.59,4.16,20.82,-3962.39,4.96
NSE:SENSEX,SHORT,1.3446531134977562,2024-05-29T09:15:00+05:30,74735.62,2024-06-03T09:15:00+05:30,76101.77,breakout_down,breakout_up,-1837.0,66.19,4.06,20.28,-1927.52,5.0
NSE:RELIANCE,SHORT,120,2024-05-28T15:15:00+05:30,727.75,2024-06-03T09:15:00+05:30,738.62,breakout_down,breakout_up,-1303.8,258.76,17.6,52.79,-1632.95,5.75
NSE:ICICIBANK,SHORT,75,2024-05-29T10:15:00+05:30,1106.75,2024-06-03T09:15:00+05:30,1142.75,breakout_down,breakout_up,-2700.0,250.81,16.87,50.61,-3018.3,4.96
NSE:ITC,SHORT,185,2024-05-27T14:15:00+05:30,431.1,2024-06-03T09:15:00+05:30,432.55,breakout_down,breakout_up,-268.25,240.7,15.98,47.93,-572.86,6.79
NSE:BHARTIARTL,SHORT,75,2024-05-31T11:15:00+05:30,1353.25,2024-06-03T09:15:00+05:30,1406.2,breakout_down,breakout_up,-3971.25,293.41,20.7,62.09,-4347.44,2.92
NSE:HINDUNILVR,SHORT,35,2024-05-30T10:15:00+05:30,2357.5,2024-06-04T09:15:00+05:30,2407.25,breakout_down,breakout_up,-1741.25,248.58,16.68,50.03,-2056.53,4.96
NSE:BANKNIFTY,LONG,1.9220538526526656,2024-06-03T15:15:00+05:30,51106.05,2024-06-04T10:15:00+05:30,47714.95,breakout_up,breakout_down,-6517.88,64.73,3.8,18.99,-6605.4,0.79
NSE:RELIANCE,LONG,115,2024-06-03T10:15:00+05:30,745.0,2024-06-04T10:15:00+05:30,701.84,breakout_up,breakout_down,-4963.4,248.4,16.64,49.92,-5278.35,1.0
NSE:HDFCBANK,LONG,270,2024-05-23T12:15:00+05:30,369.55,2024-06-04T10:15:00+05:30,375.1,breakout_up,breakout_down,1498.5,286.44,20.11,60.32,1131.64,11.92
NSE:SBIN,LONG,130,2024-05-24T09:15:00+05:30,836.2,2024-06-04T10:15:00+05:30,815.1,breakout_up,breakout_down,-2743.0,301.88,21.47,64.4,-3130.75,11.04
NSE:LT,LONG,30,2024-05-14T12:15:00+05:30,3350.0,2024-06-04T10:15:00+05:30,3523.95,breakout_up,breakout_down,5218.5,291.89,20.62,61.87,4844.12,20.92
NSE:TATACONSUM,SHORT,100,2024-05-27T14:15:00+05:30,1087.55,2024-06-04T14:15:00+05:30,1089.9,breakout_down,breakout_up,-235.0,305.11,21.77,65.32,-627.21,8.0
NSE:TCS,SHORT,15,2024-05-29T10:15:00+05:30,3817.35,2024-06-05T09:15:00+05:30,3751.95,breakout_down,breakout_up,981.0,189.22,11.35,34.06,746.36,6.96
NSE:WIPRO,SHORT,860,2024-05-27T14:15:00+05:30,113.0,2024-06-05T10:15:00+05:30,112.8,breakout_down,breakout_up,172.0,278.9,19.42,58.26,-184.58,8.83
NSE:INFY,SHORT,60,2024-05-29T10:15:00+05:30,1456.0,2024-06-06T09:15:00+05:30,1438.25,breakout_down,breakout_up,1065.0,256.02,17.37,52.1,739.52,7.96
NSE:ITC,SHORT,185,2024-06-04T09:15:00+05:30,421.65,2024-06-06T09:15:00+05:30,436.1,breakout_down,breakout_up,-2673.25,239.66,15.87,47.61,-2976.39,2.0
NSE:HCLTECH,SHORT,60,2024-05-30T10:15:00+05:30,1332.35,2024-06-06T09:15:00+05:30,1373.85,breakout_down,breakout_up,-2490.0,243.75,16.24,48.71,-2798.7,6.96
NSE:NIFTY,SHORT,4.685188726846027,2024-06-04T10:15:00+05:30,22095.1,2024-06-07T09:15:00+05:30,22980.25,breakout_down,breakout_up,-4147.09,66.85,4.22,21.12,-4239.29,2.96
NSE:SENSEX,SHORT,1.3557119019979638,2024-06-04T10:15:00+05:30,72708.46,2024-06-07T09:15:00+05:30,75592.68,breakout_down,breakout_up,-3910.17,65.91,4.02,20.11,-4000.21,2.96
NSE:TATASTEEL,SHORT,495,2024-05-30T11:15:00+05:30,165.85,2024-06-07T09:15:00+05:30,175.9,breakout_down,breakout_up,-4974.75,251.49,16.92,50.75,-5293.9,7.92
NSE:RELIANCE,SHORT,120,2024-06-04T11:15:00+05:30,687.47,2024-06-07T10:15:00+05:30,722.75,breakout_down,breakout_up,-4234.2,251.5,16.92,50.77,-4553.39,2.96
NSE:HDFCBANK,SHORT,270,2024-06-04T11:15:00+05:30,370.75,2024-06-07T10:15:00+05:30,392.73,breakout_down,breakout_up,-5933.25,292.64,20.61,61.84,-6308.35,2.96
NSE:BHARTIARTL,SHORT,75,2024-06-04T10:15:00+05:30,1298.0,2024-06-07T10:15:00+05:30,1383.9,breakout_down,breakout_up,-6442.5,287.13,20.11,60.34,-6810.08,3.0
NSE:BANKNIFTY,SHORT,1.9623146118982564,2024-06-04T11:15:00+05:30,46701.45,2024-06-07T11:15:00+05:30,49832.0,breakout_down,breakout_up,-6143.12,64.7,3.79,18.94,-6230.56,3.0
NSE:ICICIBANK,SHORT,75,2024-06-04T10:15:00+05:30,1095.95,2024-06-07T11:15:00+05:30,1126.4,breakout_down,breakout_up,-2283.75,248.52,16.67,50.0,-2598.94,3.04
NSE:SBIN,SHORT,140,2024-06-04T11:15:00+05:30,772.0,2024-06-10T09:15:00+05:30,838.95,breakout_down,breakout_up,-9373.0,314.45,22.55,67.66,-9777.66,5.92
NSE:LT,SHORT,30,2024-06-04T11:15:00+05:30,3419.75,2024-06-10T10:15:00+05:30,3577.95,breakout_down,breakout_up,-4746.0,296.77,20.99,62.98,-5126.74,5.96
NSE:ITC,LONG,170,2024-06-07T13:15:00+05:30,439.9,2024-06-12T09:15:00+05:30,431.5,breakout_up,breakout_down,-1428.0,227.85,14.81,44.44,-1715.11,4.83
NSE:HINDUNILVR,LONG,35,2024-06-04T11:15:00+05:30,2437.85,2024-06-12T09:15:00+05:30,2538.95,breakout_up,breakout_down,3538.5,256.43,17.42,52.26,3212.4,7.92
NSE:INFY,LONG,60,2024-06-06T12:15:00+05:30,1464.1,2024-06-12T12:15:00+05:30,1492.8,breakout_up,breakout_down,1722.0,260.15,17.74,53.22,1390.89,6.0
NSE:TCS,LONG,20,2024-06-05T10:15:00+05:30,3775.8,2024-06-12T14:15:00+05:30,3830.95,breakout_up,breakout_down,1103.0,232.1,15.21,45.64,810.04,7.17
NSE:ADANIGREEN,LONG,65,2024-06-03T09:15:00+05:30,2008.65,2024-06-12T14:15:00+05:30,1825.55,breakout_up,breakout_down,-11901.5,340.97,24.92,74.77,-12342.15,9.21
NSE:TATACONSUM,LONG,95,2024-06-05T09:15:00+05:30,1151.0,2024-06-13T09:15:00+05:30,1106.25,breakout_up,breakout_down,-4251.25,301.74,21.44,64.33,-4638.76,8.0
NSE:BHARTIARTL,LONG,65,2024-06-07T11:15:00+05:30,1401.0,2024-06-18T11:15:00+05:30,1419.6,breakout_up,breakout_down,1209.0,266.77,18.33,55.0,868.89,11.0
NSE:ICICIBANK,SHORT,70,2024-06-13T14:15:00+05:30,1106.15,2024-06-18T15:15:00+05:30,1125.75,breakout_down,breakout_up,-1372.0,236.84,15.62,46.87,-1671.34,5.04
NSE:LT,LONG,25,2024-06-11T09:15:00+05:30,3622.65,2024-06-19T09:15:00+05:30,3629.0,breakout_up,breakout_down,158.75,264.57,18.13,54.39,-178.34,8.0
NSE:TATASTEEL,LONG,435,2024-06-07T10:15:00+05:30,176.0,2024-06-19T10:15:00+05:30,179.73,breakout_up,breakout_down,1622.55,234.96,15.47,46.42,1325.69,12.0
NSE:INFY,SHORT,60,2024-06-12T13:15:00+05:30,1487.8,2024-06-19T11:15:00+05:30,1509.65,breakout_down,breakout_up,-1311.0,263.08,17.98,53.95,-1646.02,6.92
NSE:TCS,SHORT,20,2024-06-18T09:15:00+05:30,3823.25,2024-06-21T09:15:00+05:30,3859.0,breakout_down,breakout_up,-715.0,233.92,15.36,46.09,-1010.38,3.0
NSE:SBIN,LONG,115,2024-06-19T09:15:00+05:30,852.1,2024-06-21T11:15:00+05:30,837.85,breakout_up,breakout_down,-1638.75,279.21,19.43,58.3,-1995.7,2.08
NSE:ADANIGREEN,SHORT,65,2024-06-13T10:15:00+05:30,1807.3,2024-06-24T12:15:00+05:30,1816.8,breakout_down,breakout_up,-617.5,324.94,23.56,70.67,-1036.67,11.08
NSE:LT,SHORT,25,2024-06-19T10:15:00+05:30,3627.05,2024-06-26T09:15:00+05:30,3602.4,breakout_down,breakout_up,616.25,263.92,18.07,54.22,280.03,6.96
NSE:ITC,SHORT,170,2024-06-18T14:15:00+05:30,428.8,2024-06-26T10:15:00+05:30,425.4,breakout_down,breakout_up,578.0,224.45,14.52,43.56,295.46,7.83
NSE:BHARTIARTL,SHORT,65,2024-06-19T09:15:00+05:30,1414.7,2024-06-26T12:15:00+05:30,1448.0,breakout_down,breakout_up,-2164.5,270.06,18.61,55.82,-2508.99,7.12
NSE:HINDUNILVR,SHORT,35,2024-06-12T12:15:00+05:30,2525.9,2024-06-27T10:15:00+05:30,2479.45,breakout_down,breakout_up,1625.75,257.68,17.52,52.56,1297.99,14.92
NSE:SBIN,SHORT,115,2024-06-21T12:15:00+05:30,832.6,2024-06-28T09:15:00+05:30,860.85,breakout_down,breakout_up,-3248.75,279.78,19.47,58.42,-3606.43,6.88
NSE:BANKNIFTY,LONG,1.6981056575560642,2024-06-18T11:15:00+05:30,50309.6,2024-06-28T14:15:00+05:30,52289.05,breakout_up,breakout_down,3361.32,63.77,3.48,17.42,3276.64,10.12
NSE:HDFCBANK,LONG,240,2024-06-07T11:15:00+05:30,394.19,2024-06-28T14:15:00+05:30,420.26,breakout_up,breakout_down,6258.0,279.87,19.55,58.64,5899.94,21.12
NSE:ICICIBANK,LONG,65,2024-06-19T09:15:00+05:30,1145.05,2024-07-02T11:15:00+05:30,1190.0,breakout_up,breakout_down,2921.75,231.57,15.18,45.53,2629.47,13.08
NSE:LT,SHORT,30,2024-07-01T09:15:00+05:30,3518.85,2024-07-02T11:15:00+05:30,3617.0,breakout_down,breakout_up,-2944.5,301.24,21.41,64.22,-3331.37,1.08
NSE:BHARTIARTL,LONG,65,2024-06-26T13:15:00+05:30,1460.5,2024-07-02T12:15:00+05:30,1429.4,breakout_up,breakout_down,-2021.5,272.02,18.78,56.35,-2368.66,5.96
NSE:TATACONSUM,SHORT,95,2024-06-19T14:15:00+05:30,1105.4,2024-07-02T14:15:00+05:30,1105.05,breakout_down,breakout_up,33.25,296.48,21.0,63.0,-347.22,13.0
NSE:RELIANCE,LONG,105,2024-06-07T11:15:00+05:30,731.49,2024-07-03T11:15:00+05:30,772.5,breakout_up,breakout_down,4306.05,238.29,15.79,47.38,4004.59,26.0
NSE:TATASTEEL,SHORT,435,2024-06-21T12:15:00+05:30,178.83,2024-07-03T14:15:00+05:30,176.68,breakout_down,breakout_up,935.25,234.91,15.46,46.39,638.48,12.08
NSE:HDFCBANK,LONG,235,2024-07-02T09:15:00+05:30,428.8,2024-07-05T09:15:00+05:30,414.67,breakout_up,breakout_down,-3321.72,283.64,19.82,59.46,-3684.65,3.0
NSE:SBIN,SHORT,110,2024-07-02T11:15:00+05:30,832.4,2024-07-05T10:15:00+05:30,846.2,breakout_down,breakout_up,-1518.0,268.43,18.46,55.39,-1860.29,2.96
NSE:BANKNIFTY,LONG,1.6711984398589312,2024-07-03T09:15:00+05:30,53074.4,2024-07-08T11:15:00+05:30,52283.65,breakout_up,breakout_down,-1321.5,63.7,3.52,17.61,-1406.33,5.08
NSE:TATASTEEL,LONG,445,2024-07-04T09:15:00+05:30,176.98,2024-07-08T11:15:00+05:30,172.62,breakout_up,breakout_down,-1940.2,236.15,15.56,46.67,-2238.58,4.08
NSE:ADANIGREEN,SHORT,65,2024-06-26T15:15:00+05:30,1770.05,2024-07-09T09:15:00+05:30,1784.2,breakout_down,breakout_up,-919.75,319.92,23.1,69.31,-1332.08,12.75
NSE:TCS,LONG,15,2024-06-26T09:15:00+05:30,3857.2,2024-07-10T09:15:00+05:30,3957.7,breakout_up,breakout_down,1507.5,193.28,11.72,35.17,1267.33,14.0
NSE:BHARTIARTL,SHORT,65,2024-07-02T14:15:00+05:30,1417.2,2024-07-10T09:15:00+05:30,1441.85,breakout_down,breakout_up,-1602.25,269.76,18.58,55.75,-1946.34,7.79
NSE:HCLTECH,LONG,55,2024-06-06T10:15:00+05:30,1380.1,2024-07-10T10:15:00+05:30,1492.7,breakout_up,breakout_down,6193.0,238.24,15.8,47.4,5891.55,34.0
NSE:WIPRO,LONG,845,2024-06-06T12:15:00+05:30,114.92,2024-07-10T13:15:00+05:30,133.1,breakout_up,breakout_down,15357.87,294.87,20.96,62.87,14979.17,34.04
NSE:TCS,SHORT,15,2024-07-10T10:15:00+05:30,3938.35,2024-07-12T09:15:00+05:30,4038.1,breakout_down,breakout_up,-1496.25,196.2,11.96,35.89,-1740.31,1.96
NSE:BANKNIFTY,SHORT,1.6747704247525732,2024-07-10T10:15:00+05:30,52124.0,2024-07-12T10:15:00+05:30,52649.8,breakout_down,breakout_up,-880.59,63.66,3.51,17.55,-965.32,2.0
NSE:BHARTIARTL,SHORT,60,2024-07-12T09:15:00+05:30,1423.6,2024-07-16T09:15:00+05:30,1465.95,breakout_down,breakout_up,-2541.0,255.98,17.34,52.01,-2866.33,4.0
NSE:RELIANCE,LONG,100,2024-07-05T14:15:00+05:30,794.94,2024-07-18T10:15:00+05:30,780.04,breakout_up,breakout_down,-1490.0,238.26,15.75,47.25,-1791.26,12.83
NSE:ADANIGREEN,LONG,65,2024-07-16T09:15:00+05:30,1784.5,2024-07-19T14:15:00+05:30,1724.25,breakout_up,breakout_down,-3916.25,316.86,22.81,68.42,-4324.34,3.21
NSE:HDFCBANK,SHORT,235,2024-07-05T10:15:00+05:30,412.84,2024-07-22T09:15:00+05:30,411.24,breakout_down,breakout_up,376.0,278.3,19.37,58.1,20.24,16.96
NSE:WIPRO,LONG,810,2024-07-12T09:15:00+05:30,138.43,2024-07-22T09:15:00+05:30,127.62,breakout_up,breakout_down,-8748.0,303.26,21.55,64.65,-9137.46,10.0
NSE:HCLTECH,LONG,50,2024-07-12T10:15:00+05:30,1557.9,2024-07-23T09:15:00+05:30,1561.9,breakout_up,breakout_down,200.0,236.46,15.6,46.8,-98.85,10.96
NSE:LT,LONG,25,2024-07-09T09:15:00+05:30,3669.3,2024-07-23T11:15:00+05:30,3533.0,breakout_up,breakout_down,-3407.5,263.47,18.01,54.02,-3742.99,14.08
NSE:NIFTY,LONG,4.3029011900022045,2024-06-07T10:15:00+05:30,23075.85,2024-07-23T12:15:00+05:30,24279.65,breakout_up,breakout_down,5179.83,66.65,4.08,20.38,5088.74,46.08
NSE:BANKNIFTY,LONG,1.6371282863811212,2024-07-18T13:15:00+05:30,52734.6,2024-07-23T12:15:00+05:30,51359.75,breakout_up,breakout_down,-2250.81,63.12,3.41,17.04,-2334.37,4.96
NSE:SENSEX,LONG,1.2453900847173787,2024-06-07T10:15:00+05:30,75946.87,2024-07-23T12:15:00+05:30,79768.68,breakout_up,breakout_down,4759.64,65.7,3.88,19.39,4670.68,46.08
NSE:ICICIBANK,LONG,65,2024-07-04T09:15:00+05:30,1225.95,2024-07-23T12:15:00+05:30,1213.95,breakout_up,breakout_down,-780.0,239.42,15.86,47.58,-1082.86,19.12
NSE:SBIN,LONG,105,2024-07-05T11:15:00+05:30,850.35,2024-07-23T12:15:00+05:30,860.45,breakout_up,breakout_down,1060.5,262.66,17.96,53.89,725.98,18.04
NSE:BHARTIARTL,LONG,55,2024-07-18T12:15:00+05:30,1478.35,2024-07-23T12:15:00+05:30,1443.15,breakout_up,breakout_down,-1936.0,241.83,16.07,48.2,-2242.1,5.0
NSE:WIPRO,SHORT,820,2024-07-22T12:15:00+05:30,125.8,2024-07-25T15:15:00+05:30,126.88,breakout_down,breakout_up,-881.5,293.43,20.72,62.16,-1257.81,3.12
NSE:TATACONSUM,LONG,95,2024-07-02T15:15:00+05:30,1110.0,2024-07-26T09:15:00+05:30,1208.1,breakout_up,breakout_down,9319.5,307.14,22.02,66.07,8924.27,23.75
NSE:TATASTEEL,SHORT,440,2024-07-08T14:15:00+05:30,172.23,2024-07-26T10:15:00+05:30,162.84,breakout_down,breakout_up,4131.6,226.65,14.74,44.23,3845.98,17.83
NSE:LT,SHORT,25,2024-07-23T12:15:00+05:30,3521.7,2024-07-26T10:15:00+05:30,3635.75,breakout_down,breakout_up,-2851.25,262.18,17.89,53.68,-3185.01,2.92
NSE:BANKNIFTY,SHORT,1.6410418093147756,2024-07-24T10:15:00+05:30,51190.6,2024-07-29T09:15:00+05:30,51798.95,breakout_down,breakout_up,-998.33,63.05,3.38,16.9,-1081.66,4.96
NSE:RELIANCE,SHORT,100,2024-07-19T14:15:00+05:30,777.25,2024-07-29T09:15:00+05:30,757.14,breakout_down,breakout_up,2011.0,233.48,15.34,46.03,1716.14,9.79
NSE:ICICIBANK,SHORT,65,2024-07-24T10:15:00+05:30,1210.3,2024-07-29T09:15:00+05:30,1228.65,breakout_down,breakout_up,-1192.75,239.38,15.85,47.56,-1495.55,4.96
NSE:SBIN,SHORT,110,2024-07-25T09:15:00+05:30,842.85,2024-07-29T09:15:00+05:30,879.8,breakout_down,breakout_up,-4064.5,274.0,18.95,56.85,-4414.3,4.0
NSE:HDFCBANK,SHORT,240,2024-07-24T10:15:00+05:30,400.84,2024-07-29T10:15:00+05:30,406.56,breakout_down,breakout_up,-1374.0,278.56,19.38,58.13,-1730.07,5.0
NSE:HINDUNILVR,LONG,35,2024-07-01T09:15:00+05:30,2500.1,2024-07-31T09:15:00+05:30,2682.3,breakout_up,breakout_down,6377.0,264.21,18.14,54.42,6040.24,30.0
NSE:INFY,LONG,55,2024-06-19T12:15:00+05:30,1513.55,2024-08-01T09:15:00+05:30,1857.6,breakout_up,breakout_down,18922.75,267.75,18.54,55.62,18580.84,42.88
NSE:TATACONSUM,SHORT,95,2024-07-29T09:15:00+05:30,1194.15,2024-08-01T11:15:00+05:30,1213.75,breakout_down,breakout_up,-1862.0,317.46,22.88,68.63,-2270.96,3.08
NSE:SBIN,LONG,100,2024-07-29T10:15:00+05:30,884.75,2024-08-01T14:15:00+05:30,864.45,breakout_up,breakout_down,-2030.0,257.66,17.49,52.48,-2357.63,3.17
NSE:NIFTY,LONG,4.246222025819137,2024-07-26T09:15:00+05:30,24578.7,2024-08-02T09:15:00+05:30,24778.9,breakout_up,breakout_down,850.09,66.97,4.19,20.96,757.98,7.0
NSE:BANKNIFTY,LONG,1.5907717995994477,2024-07-29T10:15:00+05:30,52130.35,2024-08-02T09:15:00+05:30,51247.65,breakout_up,breakout_down,-1404.17,62.6,3.29,16.45,-1486.51,3.96
NSE:SENSEX,LONG,1.2297283502719478,2024-07-26T10:15:00+05:30,80700.9,2024-08-02T09:15:00+05:30,81126.74,breakout_up,breakout_down,523.67,65.95,3.98,19.9,433.83,6.96
NSE:TCS,LONG,15,2024-07-12T10:15:00+05:30,4085.05,2024-08-02T09:15:00+05:30,4331.35,breakout_up,breakout_down,3694.5,203.14,12.62,37.87,3440.86,20.96
NSE:TATASTEEL,LONG,490,2024-07-29T09:15:00+05:30,163.41,2024-08-02T09:15:00+05:30,158.93,breakout_up,breakout_down,-2195.2,238.81,15.79,47.38,-2497.19,4.0
NSE:WIPRO,LONG,790,2024-07-26T09:15:00+05:30,129.0,2024-08-02T09:15:00+05:30,128.93,breakout_up,breakout_down,-59.25,289.56,20.38,61.13,-430.31,7.0
NSE:LT,LONG,25,2024-07-26T12:15:00+05:30,3668.75,2024-08-02T09:15:00+05:30,3698.1,breakout_up,breakout_down,733.75,267.73,18.42,55.25,392.35,6.88
NSE:HCLTECH,LONG,50,2024-07-26T09:15:00+05:30,1619.85,2024-08-02T14:15:00+05:30,1608.85,breakout_up,breakout_down,-550.0,242.56,16.14,48.43,-857.14,7.21
NSE:RELIANCE,LONG,105,2024-07-29T11:15:00+05:30,760.51,2024-08-05T09:15:00+05:30,730.97,breakout_up,breakout_down,-3102.75,237.39,15.66,46.98,-3402.78,6.92
NSE:BHARTIARTL,LONG,55,2024-07-26T09:15:00+05:30,1487.0,2024-08-05T09:15:00+05:30,1473.0,breakout_up,breakout_down,-770.0,244.1,16.28,48.84,-1079.22,10.0
NSE:HDFCBANK,LONG,230,2024-08-01T11:15:00+05:30,408.74,2024-08-05T10:15:00+05:30,401.69,breakout_up,breakout_down,-1621.5,270.38,18.64,55.92,-1966.44,3.96
NSE:ADANIGREEN,LONG,65,2024-07-23T09:15:00+05:30,1767.1,2024-08-05T12:15:00+05:30,1780.5,breakout_up,breakout_down,871.0,319.31,23.06,69.18,459.46,13.12
NSE:TATASTEEL,SHORT,505,2024-08-05T09:15:00+05:30,153.49,2024-08-07T15:15:00+05:30,154.15,breakout_down,breakout_up,-333.3,235.79,15.54,46.61,-631.24,2.25
NSE:HDFCBANK,SHORT,230,2024-08-06T13:15:00+05:30,399.76,2024-08-08T10:15:00+05:30,409.93,breakout_down,breakout_up,-2336.8,270.25,18.62,55.87,-2681.54,1.88
NSE:NIFTY,SHORT,4.327419707951533,2024-08-05T09:15:00+05:30,24292.15,2024-08-09T09:15:00+05:30,24356.45,breakout_down,breakout_up,-278.25,66.99,4.21,21.05,-370.51,4.0
NSE:BANKNIFTY,SHORT,1.6163302855314814,2024-08-05T09:15:00+05:30,50389.1,2024-08-09T09:15:00+05:30,50545.6,breakout_down,breakout_up,-252.96,62.54,3.26,16.31,-335.07,4.0
NSE:SENSEX,SHORT,1.253041959728342,2024-08-05T09:15:00+05:30,79544.6,2024-08-09T09:15:00+05:30,79718.08,breakout_down,breakout_up,-217.38,65.97,3.99,19.96,-307.29,4.0
NSE:BHARTIARTL,SHORT,55,2024-08-05T10:15:00+05:30,1460.95,2024-08-09T09:15:00+05:30,1477.6,breakout_down,breakout_up,-915.75,242.8,16.16,48.49,-1223.19,3.96
NSE:RELIANCE,SHORT,110,2024-08-05T10:15:00+05:30,725.69,2024-08-09T12:15:00+05:30,736.75,breakout_down,breakout_up,-1216.6,241.98,16.09,48.26,-1522.93,4.08
NSE:SBIN,SHORT,100,2024-08-02T09:15:00+05:30,849.5,2024-08-09T13:15:00+05:30,825.7,breakout_down,breakout_up,2380.0,249.1,16.75,50.26,2063.89,7.17
NSE:INFY,SHORT,55,2024-08-02T09:15:00+05:30,1834.0,2024-08-12T11:15:00+05:30,1797.25,breakout_down,breakout_up,2021.25,284.91,19.97,59.92,1656.45,10.08
NSE:HDFCBANK,LONG,220,2024-08-08T11:15:00+05:30,412.75,2024-08-13T09:15:00+05:30,404.69,breakout_up,breakout_down,-1773.2,263.1,17.98,53.95,-2108.24,4.92
NSE:HCLTECH,SHORT,50,2024-08-02T15:15:00+05:30,1605.0,2024-08-13T09:15:00+05:30,1602.5,breakout_down,breakout_up,125.0,241.33,16.04,48.11,-180.48,10.75
NSE:ADANIGREEN,SHORT,65,2024-08-05T15:15:00+05:30,1768.0,2024-08-13T09:15:00+05:30,1825.35,breakout_down,breakout_up,-3727.75,322.96,23.36,70.07,-4144.13,7.75
NSE:BANKNIFTY,LONG,1.5991482933251926,2024-08-12T10:15:00+05:30,50721.6,2024-08-13T12:15:00+05:30,50036.65,breakout_up,breakout_down,-1095.34,62.3,3.22,16.11,-1176.98,1.08
NSE:ITC,LONG,175,2024-07-01T14:15:00+05:30,429.75,2024-08-13T12:15:00+05:30,492.95,breakout_up,breakout_down,11060.0,241.73,16.15,48.44,10753.68,42.92
NSE:TCS,SHORT,15,2024-08-02T11:15:00+05:30,4307.45,2024-08-14T09:15:00+05:30,4277.9,breakout_down,breakout_up,443.25,206.2,12.88,38.63,185.54,11.92
NSE:HINDUNILVR,LONG,30,2024-08-06T11:15:00+05:30,2765.95,2024-08-14T09:15:00+05:30,2715.05,breakout_up,breakout_down,-1527.0,245.96,16.44,49.33,-1838.74,7.92
NSE:WIPRO,SHORT,795,2024-08-02T12:15:00+05:30,126.99,2024-08-14T14:15:00+05:30,123.7,breakout_down,breakout_up,2615.55,284.4,19.93,59.79,2251.43,12.08
NSE:TATACONSUM,SHORT,95,2024-08-08T09:15:00+05:30,1176.75,2024-08-16T12:15:00+05:30,1187.85,breakout_down,breakout_up,-1054.5,312.83,22.46,67.39,-1457.19,8.12
NSE:ICICIBANK,SHORT,65,2024-08-02T09:15:00+05:30,1192.25,2024-08-16T13:15:00+05:30,1191.95,breakout_down,breakout_up,19.5,235.34,15.5,46.49,-277.83,14.17
NSE:HDFCBANK,SHORT,220,2024-08-13T10:15:00+05:30,401.84,2024-08-16T14:15:00+05:30,408.29,breakout_down,breakout_up,-1419.0,261.29,17.82,53.47,-1751.58,3.17
NSE:ITC,SHORT,175,2024-08-13T13:15:00+05:30,490.25,2024-08-16T14:15:00+05:30,503.3,breakout_down,breakout_up,-2283.75,256.51,17.39,52.16,-2609.81,3.04
NSE:TATASTEEL,SHORT,515,2024-08-13T14:15:00+05:30,148.9,2024-08-19T12:15:00+05:30,153.27,breakout_down,breakout_up,-2250.55,236.23,15.56,46.69,-2549.02,5.92
NSE:BANKNIFTY,SHORT,1.5999772810043427,2024-08-13T13:15:00+05:30,49961.9,2024-08-20T09:15:00+05:30,50785.0,breakout_down,breakout_up,-1316.94,62.3,3.22,16.12,-1398.58,6.83
NSE:BHARTIARTL,LONG,55,2024-08-14T13:15:00+05:30,1479.2,2024-08-20T09:15:00+05:30,1455.0,breakout_up,breakout_down,-1331.0,242.56,16.14,48.41,-1638.11,5.83
NSE:LT,SHORT,25,2024-08-02T12:15:00+05:30,3678.25,2024-08-21T09:15:00+05:30,3602.05,breakout_down,breakout_up,1905.0,265.24,18.2,54.6,1566.96,18.88
NSE:HDFCBANK,LONG,210,2024-08-20T09:15:00+05:30,410.07,2024-08-21T10:15:00+05:30,405.73,breakout_up,breakout_down,-913.5,253.57,17.13,51.4,-1235.6,1.04
NSE:BHARTIARTL,SHORT,55,2024-08-20T13:15:00+05:30,1449.65,2024-08-22T10:15:00+05:30,1494.0,breakout_down,breakout_up,-2439.25,243.22,16.19,48.57,-2747.23,1.88
NSE:ICICIBANK,SHORT,65,2024-08-21T09:15:00+05:30,1169.5,2024-08-22T12:15:00+05:30,1190.4,breakout_down,breakout_up,-1358.5,233.69,15.34,46.02,-1653.54,1.12
NSE:WIPRO,LONG,835,2024-08-14T15:15:00+05:30,123.92,2024-08-22T14:15:00+05:30,129.82,breakout_up,breakout_down,4926.5,298.21,21.19,63.56,4543.54,7.96
NSE:TCS,LONG,15,2024-08-14T10:15:00+05:30,4290.25,2024-08-23T09:15:00+05:30,4481.0,breakout_up,breakout_down,2861.25,209.12,13.16,39.47,2599.5,8.96
NSE:INFY,LONG,60,2024-08-13T09:15:00+05:30,1803.55,2024-08-23T09:15:00+05:30,1865.5,breakout_up,breakout_down,3717.0,307.48,22.01,66.04,3321.46,10.0
NSE:HCLTECH,LONG,50,2024-08-13T10:15:00+05:30,1607.25,2024-08-23T09:15:00+05:30,1670.5,breakout_up,breakout_down,3162.5,245.01,16.39,49.17,2851.94,9.96
NSE:HCLTECH,SHORT,50,2024-08-23T14:15:00+05:30,1660.55,2024-08-26T12:15:00+05:30,1701.0,breakout_down,breakout_up,-2022.5,250.05,16.81,50.42,-2339.78,2.92
NSE:HINDUNILVR,LONG,30,2024-08-21T09:15:00+05:30,2771.75,2024-08-27T14:15:00+05:30,2771.1,breakout_up,breakout_down,-19.5,247.91,16.63,49.89,-333.93,6.21
NSE:ADANIGREEN,LONG,55,2024-08-19T09:15:00+05:30,1871.05,2024-08-28T09:15:00+05:30,1857.1,breakout_up,breakout_down,-767.25,291.04,20.5,61.51,-1140.31,9.0
NSE:ITC,LONG,160,2024-08-19T09:15:00+05:30,505.9,2024-08-28T10:15:00+05:30,498.3,breakout_up,breakout_down,-1216.0,241.76,16.07,48.2,-1522.03,9.04
NSE:WIPRO,SHORT,840,2024-08-23T09:15:00+05:30,128.59,2024-08-28T10:15:00+05:30,132.79,breakout_down,breakout_up,-3528.0,307.37,21.96,65.87,-3923.2,5.04
NSE:TATACONSUM,LONG,90,2024-08-22T09:15:00+05:30,1204.7,2024-08-28T15:15:00+05:30,1197.3,breakout_up,breakout_down,-666.0,303.4,21.62,64.85,-1055.88,6.25
NSE:TATASTEEL,LONG,485,2024-08-19T13:15:00+05:30,153.4,2024-08-29T10:15:00+05:30,152.55,breakout_up,breakout_down,-412.25,228.05,14.84,44.52,-699.66,9.88
NSE:HDFCBANK,LONG,205,2024-08-26T09:15:00+05:30,411.34,2024-08-30T15:15:00+05:30,406.44,breakout_up,breakout_down,-1004.5,249.5,16.76,50.29,-1321.05,4.25
NSE:TCS,SHORT,15,2024-08-23T13:15:00+05:30,4456.35,2024-08-30T15:15:00+05:30,4562.7,breakout_down,breakout_up,-1595.25,213.58,13.53,40.59,-1862.95,7.08
NSE:ADANIGREEN,SHORT,55,2024-08-29T09:15:00+05:30,1838.0,2024-09-02T09:15:00+05:30,1885.85,breakout_down,breakout_up,-2631.75,290.92,20.48,61.44,-3004.59,4.0
NSE:SBIN,SHORT,110,2024-08-13T14:15:00+05:30,796.9,2024-09-02T13:15:00+05:30,823.75,breakout_down,breakout_up,-2953.5,261.45,17.83,53.48,-3286.26,19.96
NSE:HINDUNILVR,SHORT,30,2024-08-27T15:15:00+05:30,2767.0,2024-09-03T10:15:00+05:30,2824.2,breakout_down,breakout_up,-1716.0,249.65,16.77,50.32,-2032.75,6.79
NSE:NIFTY,LONG,4.287038432624602,2024-08-12T10:15:00+05:30,24434.8,2024-09-04T09:15:00+05:30,25152.45,breakout_up,breakout_down,3076.59,67.36,4.25,21.26,2983.72,22.96
NSE:SENSEX,LONG,1.2421576194001986,2024-08-12T10:15:00+05:30,79994.96,2024-09-04T09:15:00+05:30,82185.17,breakout_up,breakout_down,2720.59,66.3,4.03,20.15,2630.11,22.96
NSE:INFY,LONG,55,2024-08-27T09:15:00+05:30,1896.95,2024-09-04T09:15:00+05:30,1914.65,breakout_up,breakout_down,973.5,296.01,20.96,62.89,593.63,8.0
NSE:BHARTIARTL,LONG,50,2024-08-23T14:15:00+05:30,1508.1,2024-09-04T09:15:00+05:30,1551.0,breakout_up,breakout_down,2145.0,232.94,15.3,45.89,1850.88,11.79
NSE:LT,LONG,25,2024-08-23T09:15:00+05:30,3617.7,2024-09-04T09:15:00+05:30,3654.85,breakout_up,breakout_down,928.75,265.1,18.18,54.54,590.93,12.0
NSE:RELIANCE,LONG,105,2024-08-09T13:15:00+05:30,737.59,2024-09-05T14:15:00+05:30,748.0,breakout_up,breakout_down,1093.05,236.38,15.6,46.8,794.27,27.04
NSE:BANKNIFTY,LONG,1.5432748140983807,2024-08-20T10:15:00+05:30,50894.05,2024-09-06T09:15:00+05:30,50987.5,breakout_up,breakout_down,144.22,62.0,3.14,15.72,63.35,16.96
NSE:HCLTECH,LONG,45,2024-08-26T13:15:00+05:30,1707.85,2024-09-06T09:15:00+05:30,1754.35,breakout_up,breakout_down,2092.5,236.1,15.58,46.74,1794.08,10.83
NSE:ICICIBANK,LONG,60,2024-08-23T09:15:00+05:30,1195.8,2024-09-06T11:15:00+05:30,1217.65,breakout_up,breakout_down,1311.0,223.94,14.48,43.44,1029.13,14.08
NSE:ITC,LONG,160,2024-09-02T09:15:00+05:30,510.9,2024-09-06T12:15:00+05:30,499.4,breakout_up,breakout_down,-1840.0,242.9,16.16,48.49,-2147.55,4.12
NSE:ADANIGREEN,LONG,55,2024-09-02T12:15:00+05:30,1892.95,2024-09-06T14:15:00+05:30,1857.1,breakout_up,breakout_down,-1971.75,292.47,20.63,61.88,-2346.72,4.08
NSE:ITC,SHORT,160,2024-09-06T13:15:00+05:30,497.9,2024-09-09T13:15:00+05:30,512.15,breakout_down,breakout_up,-2280.0,242.88,16.16,48.48,-2587.53,3.0
NSE:TATACONSUM,SHORT,90,2024-08-29T11:15:00+05:30,1190.6,2024-09-10T09:15:00+05:30,1201.85,breakout_down,breakout_up,-1012.5,302.48,21.53,64.6,-1401.1,11.92
NSE:BHARTIARTL,SHORT,50,2024-09-06T12:15:00+05:30,1532.5,2024-09-10T09:15:00+05:30,1566.1,breakout_down,breakout_up,-1680.0,235.42,15.49,46.48,-1977.39,3.88
NSE:TCS,SHORT,15,2024-09-04T09:15:00+05:30,4462.0,2024-09-10T12:15:00+05:30,4531.2,breakout_down,breakout_up,-1038.0,213.11,13.49,40.47,-1305.07,6.12
NSE:HCLTECH,SHORT,45,2024-09-06T12:15:00+05:30,1744.6,2024-09-11T12:15:00+05:30,1792.0,breakout_down,breakout_up,-2133.0,240.14,15.91,47.74,-2436.8,5.0
NSE:NIFTY,SHORT,4.322751455330007,2024-09-06T09:15:00+05:30,24921.1,2024-09-12T13:15:00+05:30,25204.7,breakout_down,breakout_up,-1225.93,67.52,4.33,21.67,-1319.46,6.17
NSE:BANKNIFTY,SHORT,1.5464072739939176,2024-09-06T12:15:00+05:30,50831.8,2024-09-12T13:15:00+05:30,51518.1,breakout_down,breakout_up,-1061.3,62.04,3.17,15.83,-1142.33,6.04
NSE:SENSEX,SHORT,1.2524071083698605,2024-09-06T09:15:00+05:30,81434.06,2024-09-12T13:15:00+05:30,82373.86,breakout_down,breakout_up,-1177.01,66.44,4.1,20.52,-1268.07,6.17
NSE:ICICIBANK,SHORT,60,2024-09-06T13:15:00+05:30,1214.9,2024-09-12T13:15:00+05:30,1243.65,breakout_down,breakout_up,-1725.0,227.18,14.75,44.25,-2011.18,6.0
NSE:RELIANCE,SHORT,105,2024-09-06T09:15:00+05:30,734.29,2024-09-12T14:15:00+05:30,740.23,breakout_down,breakout_up,-623.18,235.22,15.48,46.45,-920.33,6.21
NSE:SBIN,SHORT,105,2024-09-06T09:15:00+05:30,797.35,2024-09-12T14:15:00+05:30,789.35,breakout_down,breakout_up,840.0,248.2,16.66,49.98,525.16,6.21
NSE:WIPRO,SHORT,795,2024-09-04T09:15:00+05:30,131.24,2024-09-12T14:15:00+05:30,132.56,breakout_down,breakout_up,-1053.37,296.26,20.97,62.92,-1433.53,8.21
NSE:LT,SHORT,25,2024-09-05T10:15:00+05:30,3621.65,2024-09-12T14:15:00+05:30,3631.7,breakout_down,breakout_up,-251.25,264.65,18.13,54.4,-588.44,7.17
NSE:TATASTEEL,SHORT,485,2024-08-29T13:15:00+05:30,151.87,2024-09-13T09:15:00+05:30,154.6,breakout_down,breakout_up,-1324.05,228.4,14.86,44.59,-1611.9,14.83
NSE:HINDUNILVR,LONG,30,2024-09-04T14:15:00+05:30,2843.0,2024-09-16T09:15:00+05:30,2874.4,breakout_up,breakout_down,942.0,253.66,17.15,51.46,619.73,11.79
NSE:ADANIGREEN,SHORT,55,2024-09-11T14:15:00+05:30,1812.5,2024-09-16T09:15:00+05:30,1892.6,breakout_down,breakout_up,-4405.5,289.91,20.38,61.13,-4776.92,4.79
NSE:ITC,LONG,145,2024-09-10T13:15:00+05:30,514.7,2024-09-17T11:15:00+05:30,507.4,breakout_up,breakout_down,-1058.5,227.9,14.82,44.46,-1345.68,6.92
NSE:INFY,LONG,55,2024-09-12T14:15:00+05:30,1955.5,2024-09-18T09:15:00+05:30,1898.55,breakout_up,breakout_down,-3132.25,298.91,21.2,63.59,-3515.95,5.79
NSE:HCLTECH,LONG,45,2024-09-12T14:15:00+05:30,1810.1,2024-09-18T09:15:00+05:30,1772.05,breakout_up,breakout_down,-1712.25,242.38,16.12,48.36,-2019.11,5.79
NSE:WIPRO,LONG,755,2024-09-13T09:15:00+05:30,136.05,2024-09-18T09:15:00+05:30,134.1,breakout_up,breakout_down,-1472.25,289.89,20.4,61.19,-1843.72,5.0
NSE:TATACONSUM,LONG,90,2024-09-10T13:15:00+05:30,1212.0,2024-09-18T11:15:00+05:30,1206.0,breakout_up,breakout_down,-540.0,305.0,21.76,65.29,-932.04,7.92
NSE:RELIANCE,SHORT,105,2024-09-18T13:15:00+05:30,731.62,2024-09-20T10:15:00+05:30,743.79,breakout_down,breakout_up,-1278.37,235.37,15.49,46.48,-1575.72,1.88
NSE:TATASTEEL,SHORT,475,2024-09-18T09:15:00+05:30,152.22,2024-09-23T09:15:00+05:30,153.41,breakout_down,breakout_up,-565.25,224.49,14.52,43.55,-847.81,5.0
NSE:HCLTECH,SHORT,45,2024-09-18T10:15:00+05:30,1767.85,2024-09-24T13:15:00+05:30,1767.0,breakout_down,breakout_up,38.25,239.89,15.91,47.72,-265.27,6.12
NSE:HINDUNILVR,LONG,30,2024-09-19T10:15:00+05:30,2928.45,2024-09-25T10:15:00+05:30,2918.45,breakout_up,breakout_down,-300.0,258.07,17.54,52.62,-628.23,6.0
NSE:TCS,SHORT,15,2024-09-18T09:15:00+05:30,4386.8,2024-09-26T09:15:00+05:30,4300.0,breakout_down,breakout_up,1302.0,207.83,13.03,39.09,1042.05,8.0
NSE:INFY,SHORT,55,2024-09-18T10:15:00+05:30,1895.25,2024-09-26T09:15:00+05:30,1914.5,breakout_down,breakout_up,-1058.75,296.05,20.95,62.86,-1438.62,7.96
NSE:LT,LONG,25,2024-09-16T09:15:00+05:30,3639.75,2024-09-26T12:15:00+05:30,3747.95,breakout_up,breakout_down,2705.0,268.16,18.47,55.41,2362.96,10.12
NSE:WIPRO,SHORT,760,2024-09-19T13:15:00+05:30,132.87,2024-09-27T09:15:00+05:30,137.28,breakout_down,breakout_up,-3351.6,291.52,20.53,61.59,-3725.25,7.83
NSE:BHARTIARTL,LONG,50,2024-09-10T12:15:00+05:30,1575.85,2024-09-27T11:15:00+05:30,1732.35,breakout_up,breakout_down,7825.0,246.35,16.54,49.62,7512.48,16.96
NSE:HDFCBANK,LONG,205,2024-09-05T09:15:00+05:30,411.9,2024-09-27T12:15:00+05:30,440.0,breakout_up,breakout_down,5760.5,256.76,17.46,52.39,5433.88,22.12
NSE:ICICIBANK,LONG,60,2024-09-12T14:15:00+05:30,1254.65,2024-09-27T14:15:00+05:30,1307.15,breakout_up,breakout_down,3150.0,233.7,15.37,46.11,2854.82,15.0
NSE:ADANIGREEN,LONG,50,2024-09-16T11:15:00+05:30,1918.7,2024-09-27T14:15:00+05:30,1973.9,breakout_up,breakout_down,2760.0,279.2,19.46,58.39,2402.95,11.12
NSE:BANKNIFTY,LONG,1.4939288027913826,2024-09-12T14:15:00+05:30,51855.05,2024-09-30T09:15:00+05:30,53240.85,breakout_up,breakout_down,2070.29,62.08,3.14,15.7,1989.36,17.79
NSE:SENSEX,LONG,1.212492273348975,2024-09-12T14:15:00+05:30,83072.13,2024-09-30T10:15:00+05:30,84721.19,breakout_up,breakout_down,1999.47,66.45,4.07,20.34,1908.61,17.83
NSE:NIFTY,LONG,4.186992683230067,2024-09-12T14:15:00+05:30,25414.95,2024-09-30T12:15:00+05:30,25877.1,breakout_up,breakout_down,1935.02,67.51,4.3,21.48,1841.74,17.92
NSE:RELIANCE,LONG,100,2024-09-20T11:15:00+05:30,744.77,2024-09-30T12:15:00+05:30,743.62,breakout_up,breakout_down,-116.0,228.53,14.88,44.65,-404.07,10.04
NSE:ITC,LONG,145,2024-09-20T12:15:00+05:30,516.75,2024-09-30T12:15:00+05:30,515.85,breakout_up,breakout_down,-130.5,229.52,14.97,44.92,-419.91,10.0
NSE:SBIN,LONG,105,2024-09-13T12:15:00+05:30,794.8,2024-09-30T14:15:00+05:30,788.75,breakout_up,breakout_down,-635.25,247.94,16.63,49.88,-949.7,17.08
NSE:HINDUNILVR,LONG,30,2024-09-27T09:15:00+05:30,3018.0,2024-10-01T09:15:00+05:30,2936.6,breakout_up,breakout_down,-2442.0,261.82,17.86,53.59,-2775.28,4.0
NSE:TCS,LONG,15,2024-09-27T09:15:00+05:30,4339.85,2024-10-01T10:15:00+05:30,4246.65,breakout_up,breakout_down,-1398.0,206.36,12.88,38.64,-1655.88,4.04
NSE:TCS,SHORT,15,2024-10-03T11:15:00+05:30,4210.6,2024-10-04T11:15:00+05:30,4295.95,breakout_down,breakout_up,-1280.25,205.02,12.76,38.28,-1536.31,1.0
NSE:SBIN,LONG,100,2024-10-04T11:15:00+05:30,809.05,2024-10-07T10:15:00+05:30,784.25,breakout_up,breakout_down,-2480.0,240.37,15.93,47.8,-2784.1,2.96
NSE:TATASTEEL,LONG,445,2024-09-24T09:15:00+05:30,159.08,2024-10-08T09:15:00+05:30,159.19,breakout_up,breakout_down,48.95,220.51,14.16,42.49,-228.21,14.0
NSE:HCLTECH,LONG,45,2024-09-24T14:15:00+05:30,1774.0,2024-10-08T09:15:00+05:30,1760.65,breakout_up,breakout_down,-600.75,239.93,15.91,47.72,-904.3,13.79
NSE:BHARTIARTL,SHORT,50,2024-09-30T09:15:00+05:30,1711.1,2024-10-09T10:15:00+05:30,1700.55,breakout_down,breakout_up,527.5,252.65,17.06,51.17,206.62,9.04
NSE:HDFCBANK,SHORT,205,2024-09-27T14:15:00+05:30,437.75,2024-10-10T14:15:00+05:30,415.7,breakout_down,breakout_up,4520.25,257.21,17.5,52.49,4193.06,13.0
NSE:SBIN,SHORT,105,2024-10-07T13:15:00+05:30,773.25,2024-10-14T09:15:00+05:30,805.8,breakout_down,breakout_up,-3417.75,247.63,16.58,49.74,-3731.7,6.83
NSE:WIPRO,SHORT,730,2024-10-03T11:15:00+05:30,132.72,2024-10-14T09:15:00+05:30,134.64,breakout_down,breakout_up,-1405.25,280.11,19.52,58.55,-1763.43,10.92
NSE:BANKNIFTY,SHORT,1.4961667315627807,2024-09-30T11:15:00+05:30,53103.15,2024-10-14T10:15:00+05:30,51738.3,breakout_down,breakout_up,2042.04,62.07,3.14,15.69,1961.15,13.96
NSE:NIFTY,SHORT,4.190940831523663,2024-09-30T13:15:00+05:30,25829.15,2024-10-14T11:15:00+05:30,25154.6,breakout_down,breakout_up,2827.0,67.45,4.27,21.37,2733.91,13.92
NSE:SENSEX,SHORT,1.2131509168244503,2024-09-30T11:15:00+05:30,84595.59,2024-10-14T11:15:00+05:30,82043.57,breakout_down,breakout_up,3095.99,66.38,4.04,20.22,3005.34,14.0
NSE:LT,SHORT,25,2024-09-27T09:15:00+05:30,3700.0,2024-10-14T12:15:00+05:30,3568.5,breakout_down,breakout_up,3287.5,264.81,18.17,54.51,2950.01,17.12
NSE:ITC,SHORT,145,2024-10-03T09:15:00+05:30,512.65,2024-10-14T13:15:00+05:30,498.5,breakout_down,breakout_up,2051.75,225.9,14.66,43.99,1767.2,11.17
NSE:TATASTEEL,LONG,435,2024-10-11T09:15:00+05:30,162.51,2024-10-15T09:15:00+05:30,155.75,breakout_up,breakout_down,-2940.6,217.19,13.84,41.53,-3213.17,4.0
NSE:ICICIBANK,SHORT,60,2024-09-30T09:15:00+05:30,1284.25,2024-10-15T13:15:00+05:30,1256.85,breakout_down,breakout_up,1644.0,232.43,15.25,45.74,1350.58,15.17
NSE:INFY,LONG,55,2024-09-27T09:15:00+05:30,1931.2,2024-10-16T14:15:00+05:30,1920.2,breakout_up,breakout_down,-605.0,298.56,21.18,63.55,-988.29,19.21
NSE:BANKNIFTY,LONG,1.571597151250666,2024-10-14T14:15:00+05:30,51798.55,2024-10-17T09:15:00+05:30,51401.0,breakout_up,breakout_down,-624.79,68.49,3.24,16.22,-712.74,2.79
NSE:HDFCBANK,LONG,220,2024-10-14T09:15:00+05:30,419.01,2024-10-17T10:15:00+05:30,417.81,breakout_up,breakout_down,-264.0,267.73,18.41,55.23,-605.37,3.04
NSE:WIPRO,LONG,695,2024-10-14T12:15:00+05:30,137.05,2024-10-17T14:15:00+05:30,132.03,breakout_up,breakout_down,-3492.38,271.2,18.7,56.1,-3838.38,3.08
NSE:HCLTECH,LONG,40,2024-10-09T09:15:00+05:30,1812.45,2024-10-18T09:15:00+05:30,1847.6,breakout_up,breakout_down,1406.0,225.71,14.64,43.92,1121.73,9.0
NSE:BHARTIARTL,LONG,50,2024-10-14T11:15:00+05:30,1705.35,2024-10-18T09:15:00+05:30,1689.3,breakout_up,breakout_down,-802.5,251.8,16.97,50.92,-1122.19,3.92
NSE:BANKNIFTY,SHORT,1.574453281747117,2024-10-17T10:15:00+05:30,51253.25,2024-10-18T13:15:00+05:30,52121.25,breakout_down,breakout_up,-1366.63,68.5,3.26,16.28,-1454.65,1.12
NSE:ICICIBANK,SHORT,60,2024-10-17T10:15:00+05:30,1229.45,2024-10-18T13:15:00+05:30,1261.7,breakout_down,breakout_up,-1935.0,229.37,14.95,44.84,-2224.16,1.12
NSE:HDFCBANK,SHORT,220,2024-10-17T12:15:00+05:30,416.84,2024-10-21T09:15:00+05:30,434.5,breakout_down,breakout_up,-3885.2,271.55,18.73,56.19,-4231.67,3.88
NSE:SBIN,LONG,95,2024-10-17T09:15:00+05:30,811.0,2024-10-22T11:15:00+05:30,798.1,breakout_up,breakout_down,-1225.5,233.09,15.29,45.86,-1519.73,5.08
NSE:LT,LONG,25,2024-10-18T10:15:00+05:30,3591.35,2024-10-23T09:15:00+05:30,3499.25,breakout_up,breakout_down,-2302.5,260.28,17.73,53.18,-2633.69,4.96
NSE:ICICIBANK,LONG,60,2024-10-18T15:15:00+05:30,1267.0,2024-10-23T10:15:00+05:30,1246.6,breakout_up,breakout_down,-1224.0,230.81,15.08,45.24,-1515.14,4.79
NSE:ITC,SHORT,155,2024-10-17T09:15:00+05:30,492.25,2024-10-25T09:15:00+05:30,490.5,breakout_down,breakout_up,271.25,232.38,15.23,45.7,-22.06,8.0
NSE:RELIANCE,SHORT,100,2024-09-30T13:15:00+05:30,740.39,2024-10-28T09:15:00+05:30,1332.0,breakout_down,breakout_up,-59161.0,297.86,20.72,62.17,-59541.75,27.83
NSE:ICICIBANK,SHORT,60,2024-10-25T10:15:00+05:30,1236.25,2024-10-28T09:15:00+05:30,1298.5,breakout_down,breakout_up,-3735.0,232.41,15.21,45.63,-4028.24,2.96
NSE:TCS,SHORT,15,2024-10-11T09:15:00+05:30,4179.0,2024-10-28T10:15:00+05:30,4103.55,breakout_down,breakout_up,1131.75,201.1,12.42,37.27,880.95,17.04
NSE:HCLTECH,SHORT,40,2024-10-21T14:15:00+05:30,1842.25,2024-10-28T12:15:00+05:30,1874.85,breakout_down,breakout_up,-1304.0,228.45,14.87,44.61,-1591.92,6.92
NSE:BANKNIFTY,SHORT,1.564838755190868,2024-10-25T09:15:00+05:30,50641.35,2024-10-29T11:15:00+05:30,51759.5,breakout_down,breakout_up,-1749.72,68.13,3.2,16.02,-1837.08,4.08
NSE:SBIN,SHORT,95,2024-10-22T12:15:00+05:30,795.5,2024-10-29T11:15:00+05:30,810.95,breakout_down,breakout_up,-1467.75,232.83,15.26,45.78,-1761.62,6.96
NSE:TATASTEEL,SHORT,435,2024-10-15T12:15:00+05:30,155.2,2024-10-29T14:15:00+05:30,150.04,breakout_down,breakout_up,2244.6,210.51,13.28,39.83,1980.98,14.08
NSE:TATACONSUM,SHORT,90,2024-09-18T12:15:00+05:30,1202.7,2024-10-30T09:15:00+05:30,1010.0,breakout_down,breakout_up,17343.0,283.12,19.91,59.74,16980.22,41.88
NSE:LT,SHORT,25,2024-10-23T13:15:00+05:30,3466.75,2024-10-30T09:15:00+05:30,3411.4,breakout_down,breakout_up,1383.75,254.11,17.2,51.59,1060.86,6.83
NSE:TCS,LONG,15,2024-10-28T11:15:00+05:30,4124.05,2024-10-31T09:15:00+05:30,3993.8,breakout_up,breakout_down,-1953.75,198.59,12.18,36.53,-2201.05,2.92
NSE:WIPRO,LONG,665,2024-10-18T09:15:00+05:30,137.57,2024-10-31T10:15:00+05:30,137.2,breakout_up,breakout_down,-249.38,266.2,18.27,54.82,-588.66,13.04
NSE:ICICIBANK,LONG,55,2024-10-28T11:15:00+05:30,1305.2,2024-10-31T14:15:00+05:30,1291.55,breakout_up,breakout_down,-750.75,221.89,14.28,42.85,-1029.77,3.12
NSE:BANKNIFTY,LONG,1.4917665912492053,2024-10-29T12:15:00+05:30,51894.15,2024-11-04T09:15:00+05:30,51301.55,breakout_up,breakout_down,-884.02,67.38,3.08,15.39,-969.87,5.88
NSE:RELIANCE,LONG,10,2024-10-28T10:15:00+05:30,1347.8,2024-11-04T09:15:00+05:30,1293.95,breakout_up,breakout_down,-538.5,92.53,2.64,7.93,-641.59,6.96
NSE:ITC,LONG,155,2024-10-30T09:15:00+05:30,490.7,2024-11-04T10:15:00+05:30,482.5,breakout_up,breakout_down,-1271.0,230.85,15.08,45.25,-1562.19,5.04
NSE:TATASTEEL,LONG,465,2024-10-30T09:15:00+05:30,150.6,2024-11-04T10:15:00+05:30,145.55,breakout_up,breakout_down,-2348.25,216.33,13.77,41.31,-2619.67,5.04
NSE:TATACONSUM,LONG,120,2024-10-30T10:15:00+05:30,1017.5,2024-11-04T10:15:00+05:30,978.6,breakout_up,breakout_down,-4668.0,329.65,23.95,71.86,-5093.47,5.0
NSE:HDFCBANK,LONG,200,2024-10-21T10:15:00+05:30,436.35,2024-11-04T13:15:00+05:30,429.42,breakout_up,breakout_down,-1387.0,255.65,17.32,51.95,-1711.91,14.12
NSE:BANKNIFTY,SHORT,1.4954008983615357,2024-11-04T10:15:00+05:30,51121.4,2024-11-05T13:15:00+05:30,52110.1,breakout_down,breakout_up,-1478.5,67.38,3.09,15.44,-1564.41,1.12
NSE:NIFTY,SHORT,4.469007366537904,2024-10-17T09:15:00+05:30,24831.95,2024-11-06T09:15:00+05:30,24379.25,breakout_down,breakout_up,2023.12,76.32,4.4,21.99,1920.41,20.0
NSE:SENSEX,SHORT,1.3004284726528073,2024-10-17T09:15:00+05:30,81222.13,2024-11-06T09:15:00+05:30,80001.97,breakout_down,breakout_up,1586.73,74.93,4.19,20.97,1486.64,20.0
NSE:ICICIBANK,SHORT,55,2024-11-04T09:15:00+05:30,1275.0,2024-11-06T09:15:00+05:30,1312.6,breakout_down,breakout_up,-2068.0,221.43,14.23,42.7,-2346.36,2.0
NSE:TCS,SHORT,15,2024-10-31T10:15:00+05:30,3963.95,2024-11-06T09:15:00+05:30,4082.0,breakout_down,breakout_up,-1770.75,197.38,12.07,36.21,-2016.4,5.96
NSE:INFY,SHORT,55,2024-10-16T15:15:00+05:30,1918.1,2024-11-06T09:15:00+05:30,1800.25,breakout_down,breakout_up,6481.75,289.9,20.45,61.35,6110.05,20.75
NSE:HCLTECH,SHORT,40,2024-10-30T14:15:00+05:30,1836.65,2024-11-06T09:15:00+05:30,1821.85,breakout_down,breakout_up,592.0,225.7,14.63,43.9,307.76,6.79
NSE:WIPRO,SHORT,675,2024-11-04T09:15:00+05:30,135.12,2024-11-06T09:15:00+05:30,139.24,breakout_down,breakout_up,-2777.63,269.13,18.52,55.56,-3120.84,2.0
NSE:ADANIGREEN,SHORT,50,2024-09-30T09:15:00+05:30,1957.6,2024-11-06T11:15:00+05:30,1690.85,breakout_down,breakout_up,13337.5,264.84,18.24,54.73,12999.69,37.08
NSE:SBIN,LONG,90,2024-10-29T12:15:00+05:30,817.95,2024-11-08T13:15:00+05:30,839.4,breakout_up,breakout_down,1930.5,228.74,14.92,44.75,1642.1,10.04
NSE:TATASTEEL,LONG,445,2024-11-05T10:15:00+05:30,150.85,2024-11-08T13:15:00+05:30,147.8,breakout_up,breakout_down,-1357.25,210.91,13.29,39.87,-1621.32,3.12
NSE:ADANIGREEN,LONG,65,2024-11-06T12:15:00+05:30,1699.6,2024-11-08T14:15:00+05:30,1606.8,breakout_up,breakout_down,-6032.0,302.4,21.49,64.47,-6420.37,2.08
NSE:LT,LONG,25,2024-10-30T11:15:00+05:30,3428.8,2024-11-11T13:15:00+05:30,3614.05,breakout_up,breakout_down,4631.25,258.44,17.61,52.82,4302.38,12.08
NSE:ICICIBANK,SHORT,50,2024-11-08T10:15:00+05:30,1259.05,2024-11-12T09:15:00+05:30,1289.95,breakout_down,breakout_up,-1545.0,204.87,12.75,38.23,-1800.85,3.96
NSE:HDFCBANK,LONG,195,2024-11-05T13:15:00+05:30,439.29,2024-11-12T10:15:00+05:30,434.27,breakout_up,breakout_down,-977.93,252.5,17.03,51.1,-1298.56,6.88
NSE:NIFTY,LONG,4.622187021785809,2024-11-06T11:15:00+05:30,24423.25,2024-11-12T12:15:00+05:30,23993.9,breakout_up,breakout_down,-1984.54,76.47,4.48,22.38,-2087.86,6.04
NSE:BANKNIFTY,LONG,1.4348169517839826,2024-11-05T14:15:00+05:30,52192.9,2024-11-12T12:15:00+05:30,51292.2,breakout_up,breakout_down,-1292.34,66.62,2.97,14.85,-1376.78,6.92
NSE:SENSEX,LONG,1.3358767580095119,2024-11-06T11:15:00+05:30,80176.38,2024-11-12T13:15:00+05:30,78867.47,breakout_up,breakout_down,-1748.54,75.0,4.25,21.25,-1849.04,6.08
NSE:TCS,LONG,15,2024-11-06T10:15:00+05:30,4102.45,2024-11-14T09:15:00+05:30,4124.8,breakout_up,breakout_down,335.25,200.24,12.34,37.02,85.65,7.96
NSE:HCLTECH,LONG,40,2024-11-06T10:15:00+05:30,1833.6,2024-11-14T10:15:00+05:30,1855.9,breakout_up,breakout_down,892.0,227.06,14.76,44.27,605.91,8.0
NSE:INFY,LONG,60,2024-11-06T10:15:00+05:30,1811.0,2024-11-18T09:15:00+05:30,1817.8,breakout_up,breakout_down,408.0,305.04,21.77,65.32,15.86,11.96
NSE:WIPRO,LONG,625,2024-11-06T10:15:00+05:30,140.0,2024-11-18T09:15:00+05:30,136.99,breakout_up,breakout_down,-1881.25,255.65,17.31,51.94,-2206.14,11.96
NSE:RELIANCE,SHORT,10,2024-11-04T10:15:00+05:30,1287.65,2024-11-19T09:15:00+05:30,1275.4,breakout_down,breakout_up,122.5,91.6,2.56,7.69,20.65,14.96
NSE:HDFCBANK,SHORT,200,2024-11-12T12:15:00+05:30,430.64,2024-11-19T09:15:00+05:30,431.76,breakout_down,breakout_up,-225.0,254.81,17.25,51.74,-548.8,6.88
NSE:NIFTY,SHORT,4.627755606761183,2024-11-12T13:15:00+05:30,23944.05,2024-11-19T10:15:00+05:30,23736.25,breakout_down,breakout_up,961.65,76.32,4.41,22.07,858.85,6.88
NSE:BANKNIFTY,SHORT,1.4349757152324707,2024-11-12T13:15:00+05:30,51230.55,2024-11-19T10:15:00+05:30,50920.35,breakout_down,breakout_up,445.13,66.53,2.93,14.66,361.01,6.88
NSE:SENSEX,SHORT,1.3382558500723816,2024-11-12T14:15:00+05:30,78656.3,2024-11-19T10:15:00+05:30,78294.51,breakout_down,breakout_up,484.17,74.88,4.2,21.0,384.08,6.83
NSE:LT,SHORT,25,2024-11-12T13:15:00+05:30,3596.05,2024-11-19T10:15:00+05:30,3583.95,breakout_down,breakout_up,302.5,262.57,17.95,53.85,-31.87,6.88
NSE:ICICIBANK,SHORT,50,2024-11-14T10:15:00+05:30,1246.1,2024-11-22T09:15:00+05:30,1277.85,breakout_down,breakout_up,-1587.5,203.48,12.62,37.86,-1841.46,7.96
NSE:HCLTECH,SHORT,40,2024-11-18T09:15:00+05:30,1834.4,2024-11-22T09:15:00+05:30,1871.4,breakout_down,breakout_up,-1480.0,227.96,14.82,44.47,-1767.25,4.0
NSE:TCS,SHORT,15,2024-11-18T09:15:00+05:30,4040.45,2024-11-22T10:15:00+05:30,4145.0,breakout_down,breakout_up,-1568.25,199.69,12.28,36.83,-1817.05,4.04
NSE:NIFTY,SHORT,4.790625364143073,2024-11-21T09:15:00+05:30,23308.75,2024-11-22T13:15:00+05:30,23844.95,breakout_down,breakout_up,-2568.73,76.7,4.52,22.59,-2672.54,1.17
NSE:TATACONSUM,SHORT,120,2024-11-07T14:15:00+05:30,984.4,2024-11-22T13:15:00+05:30,944.15,breakout_down,breakout_up,4830.0,319.93,23.14,69.43,4417.5,14.96
NSE:BHARTIARTL,SHORT,50,2024-10-21T09:15:00+05:30,1675.25,2024-11-22T13:15:00+05:30,1559.75,breakout_down,breakout_up,5775.0,242.44,16.18,48.52,5467.86,32.17
NSE:ITC,SHORT,155,2024-11-05T09:15:00+05:30,479.05,2024-11-22T14:15:00+05:30,475.25,breakout_down,breakout_up,589.0,227.45,14.79,44.37,302.38,17.21
NSE:TATASTEEL,SHORT,450,2024-11-11T09:15:00+05:30,145.59,2024-11-22T14:15:00+05:30,142.9,breakout_down,breakout_up,1210.5,207.3,12.98,38.95,951.27,11.21
NSE:HINDUNILVR,SHORT,30,2024-10-01T10:15:00+05:30,2905.6,2024-11-22T14:15:00+05:30,2447.65,breakout_down,breakout_up,13738.5,240.56,16.06,48.18,13433.7,52.17
NSE:RELIANCE,SHORT,10,2024-11-19T14:15:00+05:30,1239.0,2024-11-25T09:15:00+05:30,1290.65,breakout_down,breakout_up,-516.5,91.28,2.53,7.59,-617.9,5.79
NSE:SBIN,SHORT,90,2024-11-12T12:15:00+05:30,832.1,2024-11-25T09:15:00+05:30,844.0,breakout_down,breakout_up,-1071.0,230.84,15.08,45.25,-1362.18,12.88
NSE:LT,SHORT,30,2024-11-19T14:15:00+05:30,3497.55,2024-11-25T09:15:00+05:30,3731.0,breakout_down,breakout_up,-7003.5,304.63,21.69,65.06,-7394.87,5.79
NSE:ADANIGREEN,SHORT,65,2024-11-08T15:15:00+05:30,1595.0,2024-11-28T09:15:00+05:30,1087.2,breakout_down,breakout_up,33007.0,254.39,17.43,52.3,32682.87,19.75
NSE:NIFTY,LONG,4.556793092176874,2024-11-22T14:15:00+05:30,23920.1,2024-11-28T10:15:00+05:30,24087.9,breakout_up,breakout_down,764.63,76.06,4.38,21.88,662.32,5.83
NSE:SENSEX,LONG,1.3484734807539471,2024-11-19T11:15:00+05:30,78344.28,2024-11-28T10:15:00+05:30,79569.38,breakout_up,breakout_down,1652.01,75.37,4.26,21.29,1551.09,8.96
NSE:ICICIBANK,LONG,45,2024-11-25T09:15:00+05:30,1304.65,2024-11-28T10:15:00+05:30,1293.9,breakout_up,breakout_down,-483.75,193.11,11.69,35.08,-723.63,3.04
NSE:INFY,LONG,60,2024-11-22T13:15:00+05:30,1883.2,2024-11-28T10:15:00+05:30,1871.4,breakout_up,breakout_down,-708.0,313.52,22.53,67.58,-1111.63,5.88
NSE:HCLTECH,LONG,40,2024-11-22T10:15:00+05:30,1873.5,2024-11-28T10:15:00+05:30,1851.2,breakout_up,breakout_down,-892.0,228.76,14.9,44.7,-1180.35,6.0
NSE:WIPRO,LONG,590,2024-11-25T09:15:00+05:30,144.85,2024-11-28T10:15:00+05:30,143.5,breakout_up,breakout_down,-796.5,252.24,17.01,51.04,-1116.79,3.04
NSE:TCS,LONG,15,2024-11-22T13:15:00+05:30,4216.1,2024-11-28T11:15:00+05:30,4250.55,breakout_up,breakout_down,516.75,204.22,12.7,38.1,261.73,5.92
NSE:BANKNIFTY,LONG,1.443920787084868,2024-11-22T13:15:00+05:30,51162.45,2024-11-28T12:15:00+05:30,51927.7,breakout_up,breakout_down,1104.96,66.89,2.98,14.89,1020.21,5.96
NSE:TATACONSUM,LONG,130,2024-11-22T14:15:00+05:30,946.1,2024-11-28T12:15:00+05:30,945.85,breakout_up,breakout_down,-32.5,336.44,24.6,73.79,-467.32,5.92
NSE:LT,LONG,25,2024-11-25T10:15:00+05:30,3749.0,2024-11-28T13:15:00+05:30,3666.45,breakout_up,breakout_down,-2063.75,269.29,18.54,55.62,-2407.2,3.12
NSE:HDFCBANK,LONG,195,2024-11-19T10:15:00+05:30,435.1,2024-12-02T09:15:00+05:30,445.07,breakout_up,breakout_down,1945.12,253.71,17.16,51.49,1622.76,12.96
NSE:RELIANCE,SHORT,10,2024-11-28T12:15:00+05:30,1279.75,2024-12-02T12:15:00+05:30,1299.65,breakout_down,breakout_up,-199.0,91.81,2.58,7.74,-301.13,4.0
NSE:NIFTY,SHORT,4.573071711622405,2024-11-28T12:15:00+05:30,23979.35,2024-12-03T09:15:00+05:30,24336.95,breakout_down,breakout_up,-1635.33,76.13,4.42,22.1,-1737.97,4.88
NSE:SENSEX,SHORT,1.3528127796698286,2024-11-28T12:15:00+05:30,79236.12,2024-12-03T09:15:00+05:30,80458.52,breakout_down,breakout_up,-1653.68,75.48,4.32,21.6,-1755.08,4.88
NSE:ITC,LONG,155,2024-11-25T09:15:00+05:30,477.9,2024-12-03T09:15:00+05:30,468.45,breakout_up,breakout_down,-1464.75,226.24,14.67,44.01,-1749.66,8.0
NSE:HCLTECH,SHORT,40,2024-11-28T12:15:00+05:30,1844.5,2024-12-03T09:15:00+05:30,1885.25,breakout_down,breakout_up,-1630.0,229.04,14.92,44.76,-1918.71,4.88
NSE:WIPRO,SHORT,590,2024-11-28T14:15:00+05:30,142.79,2024-12-03T09:15:00+05:30,291.35,breakout_down,breakout_up,-87650.4,354.34,25.61,76.84,-88107.19,4.79
NSE:INFY,SHORT,60,2024-11-28T12:15:00+05:30,1861.0,2024-12-03T10:15:00+05:30,1893.3,breakout_down,breakout_up,-1938.0,313.59,22.53,67.58,-2341.69,4.92
NSE:TCS,SHORT,15,2024-11-28T12:15:00+05:30,4240.0,2024-12-03T13:15:00+05:30,4314.55,breakout_down,breakout_up,-1118.25,205.8,12.83,38.5,-1375.38,5.04
NSE:ICICIBANK,SHORT,50,2024-11-28T12:15:00+05:30,1283.4,2024-12-04T09:15:00+05:30,1315.85,breakout_down,breakout_up,-1622.5,207.67,13.0,38.99,-1882.15,5.88
NSE:BHARTIARTL,LONG,55,2024-11-22T14:15:00+05:30,1570.0,2024-12-04T09:15:00+05:30,1597.8,breakout_up,breakout_down,1529.0,256.62,17.42,52.27,1202.69,11.79
NSE:ADANIGREEN,LONG,115,2024-11-29T09:15:00+05:30,1216.95,2024-12-05T09:15:00+05:30,1234.95,breakout_up,breakout_down,2070.0,376.31,28.2,84.59,1580.91,6.0
NSE:HINDUNILVR,LONG,40,2024-11-25T09:15:00+05:30,2488.8,2024-12-09T09:15:00+05:30,2393.6,breakout_up,breakout_down,-3808.0,280.43,19.53,58.59,-4166.55,14.0
NSE:TATACONSUM,LONG,125,2024-12-04T13:15:00+05:30,963.6,2024-12-09T09:15:00+05:30,935.3,breakout_up,breakout_down,-3537.5,327.16,23.74,71.21,-3959.6,4.83
NSE:RELIANCE,LONG,10,2024-12-02T13:15:00+05:30,1308.55,2024-12-09T13:15:00+05:30,1299.0,breakout_up,breakout_down,-95.5,92.11,2.61,7.82,-198.04,7.0
NSE:SBIN,LONG,85,2024-11-25T10:15:00+05:30,846.0,2024-12-12T09:15:00+05:30,856.75,breakout_up,breakout_down,913.75,223.89,14.47,43.42,631.96,16.96
NSE:LT,LONG,25,2024-11-29T10:15:00+05:30,3738.4,2024-12-12T09:15:00+05:30,3875.2,breakout_up,breakout_down,3420.0,274.38,19.03,57.1,3069.48,12.96
NSE:ADANIGREEN,SHORT,120,2024-12-09T09:15:00+05:30,1183.0,2024-12-12T10:15:00+05:30,1244.55,breakout_down,breakout_up,-7386.0,387.39,29.13,87.39,-7889.91,3.04
NSE:NIFTY,LONG,4.420183338646211,2024-12-03T10:15:00+05:30,24416.75,2024-12-13T09:15:00+05:30,24353.1,breakout_up,breakout_down,-281.34,75.54,4.31,21.56,-382.76,9.96
NSE:BANKNIFTY,LONG,1.426095373474648,2024-12-03T09:15:00+05:30,52515.2,2024-12-13T09:15:00+05:30,52684.75,breakout_up,breakout_down,241.79,66.96,3.0,15.0,156.83,10.0
NSE:SENSEX,LONG,1.3057355551399858,2024-12-03T10:15:00+05:30,80752.8,2024-12-13T09:15:00+05:30,80659.23,breakout_up,breakout_down,-122.18,74.92,4.22,21.08,-222.39,9.96
NSE:HDFCBANK,LONG,190,2024-12-03T09:15:00+05:30,456.92,2024-12-13T09:15:00+05:30,461.4,breakout_up,breakout_down,852.15,256.95,17.45,52.34,525.41,10.0
NSE:TATASTEEL,LONG,460,2024-11-25T09:15:00+05:30,145.05,2024-12-13T09:15:00+05:30,146.53,breakout_up,breakout_down,680.8,212.12,13.41,40.24,415.03,18.0
NSE:BHARTIARTL,SHORT,55,2024-12-04T10:15:00+05:30,1589.05,2024-12-13T09:15:00+05:30,1634.85,breakout_down,breakout_up,-2519.0,260.36,17.73,53.19,-2850.28,8.96
NSE:NIFTY,SHORT,4.42955319228051,2024-12-13T10:15:00+05:30,24278.95,2024-12-13T13:15:00+05:30,24727.75,breakout_down,breakout_up,-1987.98,75.59,4.34,21.71,-2089.62,0.12
NSE:SENSEX,SHORT,1.3085226691289424,2024-12-13T10:15:00+05:30,80411.35,2024-12-13T13:15:00+05:30,81931.0,breakout_down,breakout_up,-1988.5,74.98,4.25,21.24,-2088.96,0.12
NSE:ITC,SHORT,160,2024-12-12T12:15:00+05:30,462.0,2024-12-13T13:15:00+05:30,471.95,breakout_down,breakout_up,-1592.0,229.3,14.94,44.83,-1881.07,1.04
NSE:TCS,LONG,15,2024-12-04T09:15:00+05:30,4367.9,2024-12-17T09:15:00+05:30,4390.35,breakout_up,breakout_down,336.75,209.09,13.14,39.41,75.11,13.0
NSE:NIFTY,LONG,4.257382210778059,2024-12-13T14:15:00+05:30,24771.45,2024-12-18T09:15:00+05:30,24237.5,breakout_up,breakout_down,-2273.23,74.45,4.17,20.86,-2372.72,4.79
NSE:SENSEX,LONG,1.255915602766254,2024-12-13T14:15:00+05:30,82121.25,2024-12-18T09:15:00+05:30,80339.48,breakout_up,breakout_down,-2237.75,73.85,4.08,20.4,-2336.09,4.79
NSE:ICICIBANK,LONG,45,2024-12-04T13:15:00+05:30,1319.35,2024-12-18T10:15:00+05:30,1315.8,breakout_up,breakout_down,-159.75,194.91,11.86,35.57,-402.1,13.88
NSE:BHARTIARTL,LONG,50,2024-12-13T11:15:00+05:30,1671.5,2024-12-18T10:15:00+05:30,1603.5,breakout_up,breakout_down,-3400.0,245.35,16.38,49.12,-3710.85,4.96
NSE:INFY,LONG,55,2024-12-03T11:15:00+05:30,1895.65,2024-12-19T09:15:00+05:30,1948.4,breakout_up,breakout_down,2901.25,297.85,21.14,63.43,2518.83,15.92
NSE:HCLTECH,LONG,40,2024-12-04T09:15:00+05:30,1899.9,2024-12-19T09:15:00+05:30,1932.6,breakout_up,breakout_down,1308.0,233.38,15.33,45.99,1013.3,15.0
NSE:ITC,SHORT,155,2024-12-20T09:15:00+05:30,460.9,2024-12-23T11:15:00+05:30,475.0,breakout_down,breakout_up,-2185.5,224.49,14.51,43.52,-2468.02,3.08
NSE:ADANIGREEN,SHORT,115,2024-12-17T13:15:00+05:30,1151.3,2024-12-26T12:15:00+05:30,1069.0,breakout_down,breakout_up,9464.5,346.15,25.53,76.6,9016.21,8.96
NSE:NIFTY,SHORT,4.257241220774665,2024-12-18T10:15:00+05:30,24216.6,2024-12-27T09:15:00+05:30,23924.95,breakout_down,breakout_up,1241.62,74.28,4.1,20.5,1142.75,8.96
NSE:SENSEX,SHORT,1.2558875577794213,2024-12-18T10:15:00+05:30,80268.54,2024-12-27T09:15:00+05:30,79014.14,breakout_down,breakout_up,1575.39,73.67,4.0,20.0,1477.71,8.96
NSE:ICICIBANK,SHORT,45,2024-12-18T13:15:00+05:30,1309.75,2024-12-27T09:15:00+05:30,1313.95,breakout_down,breakout_up,-189.0,194.34,11.81,35.42,-430.57,8.83
NSE:BHARTIARTL,SHORT,50,2024-12-18T11:15:00+05:30,1602.3,2024-12-27T09:15:00+05:30,1618.3,breakout_down,breakout_up,-800.0,242.13,16.1,48.31,-1106.54,8.92
NSE:BANKNIFTY,SHORT,1.4308328591274486,2024-12-13T10:15:00+05:30,52450.6,2024-12-30T11:15:00+05:30,51872.95,breakout_down,breakout_up,826.52,66.92,2.99,14.93,741.69,17.04
NSE:HDFCBANK,SHORT,190,2024-12-13T10:15:00+05:30,458.46,2024-12-30T11:15:00+05:30,453.15,breakout_down,breakout_up,1009.85,255.53,17.32,51.96,685.04,17.04
NSE:HCLTECH,SHORT,40,2024-12-20T12:15:00+05:30,1900.05,2024-12-30T13:15:00+05:30,1909.7,breakout_down,breakout_up,-386.0,232.5,15.24,45.72,-679.45,10.04
NSE:ICICIBANK,LONG,45,2024-12-30T11:15:00+05:30,1324.15,2024-12-31T09:15:00+05:30,1283.95,breakout_up,breakout_down,-1809.0,193.68,11.74,35.21,-2049.63,0.92
NSE:TATACONSUM,SHORT,125,2024-12-09T12:15:00+05:30,933.55,2024-12-31T13:15:00+05:30,913.0,breakout_down,breakout_up,2568.75,319.43,23.08,69.25,2156.99,22.04
NSE:LT,SHORT,25,2024-12-12T10:15:00+05:30,3873.05,2025-01-01T10:15:00+05:30,3657.05,breakout_down,breakout_up,5400.0,271.92,18.83,56.48,5052.78,20.0
NSE:NIFTY,SHORT,4.409255382726737,2024-12-30T13:15:00+05:30,23640.1,2025-01-02T10:15:00+05:30,23943.65,breakout_down,breakout_up,-1338.43,74.69,4.2,20.98,-1438.3,2.88
NSE:SENSEX,SHORT,1.3087233015068962,2024-12-30T13:15:00+05:30,78153.69,2025-01-02T10:15:00+05:30,79182.28,breakout_down,breakout_up,-1346.14,74.18,4.12,20.59,-1445.02,2.88
NSE:INFY,SHORT,55,2024-12-20T12:15:00+05:30,1917.15,2025-01-02T10:15:00+05:30,1935.7,breakout_down,breakout_up,-1020.25,298.68,21.19,63.57,-1403.7,12.92
NSE:RELIANCE,SHORT,10,2024-12-09T14:15:00+05:30,1293.55,2025-01-02T11:15:00+05:30,1228.85,breakout_down,breakout_up,647.0,91.11,2.52,7.57,545.8,23.88
NSE:HINDUNILVR,SHORT,40,2024-12-12T10:15:00+05:30,2364.9,2025-01-02T12:15:00+05:30,2365.5,breakout_down,breakout_up,-24.0,273.39,18.92,56.76,-373.08,21.08
NSE:BHARTIARTL,SHORT,50,2024-12-31T09:15:00+05:30,1566.1,2025-01-02T12:15:00+05:30,1611.0,breakout_down,breakout_up,-2245.0,239.82,15.89,47.66,-2548.36,2.12
NSE:BANKNIFTY,SHORT,1.4921372171633107,2024-12-30T13:15:00+05:30,50791.25,2025-01-02T13:15:00+05:30,51520.6,breakout_down,breakout_up,-1088.29,67.19,3.05,15.27,-1173.8,3.0
NSE:HDFCBANK,SHORT,195,2024-12-30T13:15:00+05:30,443.68,2025-01-02T13:15:00+05:30,448.52,breakout_down,breakout_up,-945.75,256.53,17.4,52.19,-1271.87,3.0
NSE:TCS,SHORT,15,2024-12-17T10:15:00+05:30,4353.45,2025-01-02T14:15:00+05:30,4174.95,breakout_down,breakout_up,2677.5,205.08,12.79,38.38,2421.25,16.17
NSE:ITC,LONG,145,2024-12-24T10:15:00+05:30,478.7,2025-01-03T13:15:00+05:30,481.25,breakout_up,breakout_down,369.75,217.78,13.92,41.76,96.3,10.12
NSE:BANKNIFTY,LONG,1.4459581388037008,2025-01-02T14:15:00+05:30,51604.0,2025-01-06T09:15:00+05:30,50759.7,breakout_up,breakout_down,-1220.82,66.57,2.96,14.8,-1305.15,3.79
NSE:BHARTIARTL,LONG,50,2025-01-02T13:15:00+05:30,1614.0,2025-01-06T10:15:00+05:30,1587.45,breakout_up,breakout_down,-1327.5,241.11,16.01,48.02,-1632.64,3.88
NSE:LT,LONG,25,2025-01-01T12:15:00+05:30,3677.55,2025-01-06T10:15:00+05:30,3641.75,breakout_up,breakout_down,-895.0,266.53,18.3,54.89,-1234.73,4.92
NSE:NIFTY,LONG,4.268312707404243,2025-01-02T12:15:00+05:30,24084.75,2025-01-06T11:15:00+05:30,23719.8,breakout_up,breakout_down,-1557.72,73.91,4.08,20.4,-1656.12,3.96
NSE:SENSEX,LONG,1.266465745589908,2025-01-02T12:15:00+05:30,79623.83,2025-01-06T11:15:00+05:30,78327.42,breakout_up,breakout_down,-1641.86,73.38,4.0,20.0,-1739.24,3.96
NSE:RELIANCE,LONG,10,2025-01-02T12:15:00+05:30,1232.55,2025-01-06T14:15:00+05:30,1215.6,breakout_up,breakout_down,-169.5,90.35,2.45,7.34,-269.64,4.08
NSE:HCLTECH,LONG,35,2024-12-30T14:15:00+05:30,1932.65,2025-01-07T10:15:00+05:30,1928.15,breakout_up,breakout_down,-157.5,213.3,13.51,40.54,-424.85,7.83
NSE:INFY,LONG,55,2025-01-02T11:15:00+05:30,1937.5,2025-01-08T09:15:00+05:30,1911.95,breakout_up,breakout_down,-1405.25,298.5,21.17,63.52,-1788.44,5.92
NSE:ITC,SHORT,145,2025-01-03T14:15:00+05:30,480.5,2025-01-09T09:15:00+05:30,453.65,breakout_down,breakout_up,3893.25,213.36,13.55,40.64,3625.71,5.79
NSE:BHARTIARTL,SHORT,50,2025-01-06T11:15:00+05:30,1583.25,2025-01-09T12:15:00+05:30,1614.55,breakout_down,breakout_up,-1565.0,240.92,15.99,47.97,-1869.88,3.04
NSE:TCS,SHORT,15,2025-01-06T11:15:00+05:30,4089.0,2025-01-10T09:15:00+05:30,4199.0,breakout_down,breakout_up,-1650.0,201.4,12.43,37.3,-1901.13,3.92
NSE:INFY,SHORT,55,2025-01-08T10:15:00+05:30,1892.9,2025-01-10T11:15:00+05:30,1969.6,breakout_down,breakout_up,-4218.5,299.51,21.24,63.73,-4602.99,2.04
NSE:HCLTECH,SHORT,35,2025-01-07T12:15:00+05:30,1921.25,2025-01-10T11:15:00+05:30,1980.85,breakout_down,breakout_up,-2086.0,215.05,13.66,40.97,-2355.68,2.96
NSE:HCLTECH,LONG,35,2025-01-10T14:15:00+05:30,1992.1,2025-01-14T09:15:00+05:30,1810.95,breakout_up,breakout_down,-6340.25,211.52,13.31,39.93,-6605.01,3.79
NSE:ADANIGREEN,SHORT,140,2025-01-06T09:15:00+05:30,1017.0,2025-01-14T10:15:00+05:30,1001.85,breakout_down,breakout_up,2121.0,377.05,28.26,84.79,1630.9,8.04
NSE:HINDUNILVR,LONG,40,2025-01-02T13:15:00+05:30,2375.25,2025-01-14T11:15:00+05:30,2397.85,breakout_up,breakout_down,904.0,275.22,19.09,57.28,552.41,11.92
NSE:SBIN,SHORT,85,2024-12-12T10:15:00+05:30,853.8,2025-01-15T09:15:00+05:30,757.3,breakout_down,breakout_up,8202.5,214.69,13.69,41.08,7933.03,33.96
NSE:NIFTY,SHORT,4.288637177047119,2025-01-06T14:15:00+05:30,23585.6,2025-01-16T09:15:00+05:30,23308.0,breakout_down,breakout_up,1190.53,73.77,4.02,20.11,1092.62,9.79
NSE:BANKNIFTY,SHORT,1.4587094252641508,2025-01-06T10:15:00+05:30,50260.85,2025-01-16T09:15:00+05:30,49231.2,breakout_down,breakout_up,1501.96,66.43,2.9,14.51,1418.11,9.96
NSE:ICICIBANK,SHORT,45,2025-01-01T09:15:00+05:30,1278.2,2025-01-16T09:15:00+05:30,1245.9,breakout_down,breakout_up,1453.5,189.24,11.36,34.08,1218.83,15.0
NSE:ITC,LONG,160,2025-01-09T10:15:00+05:30,458.75,2025-01-16T09:15:00+05:30,433.0,breakout_up,breakout_down,-4120.0,221.99,14.27,42.8,-4399.06,6.96
NSE:TATACONSUM,LONG,130,2024-12-31T14:15:00+05:30,915.0,2025-01-16T09:15:00+05:30,935.65,breakout_up,breakout_down,2684.5,330.27,24.06,72.18,2257.99,15.79
NSE:TCS,LONG,15,2025-01-10T10:15:00+05:30,4235.9,2025-01-16T11:15:00+05:30,4204.2,breakout_up,breakout_down,-475.5,203.85,12.66,37.98,-729.99,6.04
NSE:TATASTEEL,SHORT,460,2024-12-18T09:15:00+05:30,145.14,2025-01-17T09:15:00+05:30,128.8,breakout_down,breakout_up,7516.4,202.59,12.6,37.8,7263.4,30.0
NSE:LT,SHORT,25,2025-01-06T11:15:00+05:30,3620.0,2025-01-17T09:15:00+05:30,3560.0,breakout_down,breakout_up,1500.0,262.48,17.95,53.85,1165.72,10.92
NSE:BANKNIFTY,LONG,1.5113639750694843,2025-01-16T12:15:00+05:30,49445.3,2025-01-17T10:15:00+05:30,48400.05,breakout_up,breakout_down,-1579.75,66.52,2.96,14.79,-1664.02,0.92
NSE:HCLTECH,SHORT,35,2025-01-16T10:15:00+05:30,1796.05,2025-01-21T09:15:00+05:30,1810.05,breakout_down,breakout_up,-490.0,203.42,12.62,37.86,-743.9,4.96
NSE:TATACONSUM,SHORT,130,2025-01-16T10:15:00+05:30,929.7,2025-01-21T09:15:00+05:30,969.7,breakout_down,breakout_up,-5200.0,337.91,24.69,74.08,-5636.67,4.96
NSE:ADANIGREEN,LONG,140,2025-01-15T09:15:00+05:30,1041.45,2025-01-21T09:15:00+05:30,1044.55,breakout_up,breakout_down,434.0,387.62,29.2,87.61,-70.44,6.0
NSE:RELIANCE,LONG,10,2025-01-08T09:15:00+05:30,1268.8,2025-01-21T14:15:00+05:30,1272.25,breakout_up,breakout_down,34.5,91.36,2.54,7.62,-67.03,13.21
NSE:SBIN,LONG,105,2025-01-16T09:15:00+05:30,768.85,2025-01-21T14:15:00+05:30,758.9,breakout_up,breakout_down,-1044.75,241.46,16.04,48.12,-1350.38,5.21
NSE:INFY,SHORT,50,2025-01-16T14:15:00+05:30,1921.05,2025-01-22T10:15:00+05:30,1834.0,breakout_down,breakout_up,4352.5,271.44,18.78,56.33,4005.96,5.83
NSE:BANKNIFTY,LONG,1.4749309029287316,2025-01-20T12:15:00+05:30,49541.85,2025-01-22T11:15:00+05:30,48321.65,breakout_up,breakout_down,-1799.71,66.03,2.89,14.43,-1883.06,1.96
NSE:TATASTEEL,LONG,570,2025-01-17T11:15:00+05:30,130.1,2025-01-22T11:15:00+05:30,127.76,breakout_up,breakout_down,-1333.8,226.56,14.7,44.09,-1619.15,5.0
NSE:LT,LONG,25,2025-01-20T11:15:00+05:30,3610.4,2025-01-22T11:15:00+05:30,3512.4,breakout_up,breakout_down,-2450.0,261.19,17.81,53.42,-2782.42,2.0
NSE:TCS,SHORT,15,2025-01-16T12:15:00+05:30,4199.25,2025-01-22T12:15:00+05:30,4148.05,breakout_down,breakout_up,768.0,202.21,12.52,37.56,515.71,6.0
NSE:HDFCBANK,SHORT,195,2025-01-03T10:15:00+05:30,440.02,2025-01-22T14:15:00+05:30,416.44,breakout_down,breakout_up,4599.07,248.37,16.7,50.1,4283.9,19.17
NSE:ICICIBANK,SHORT,45,2025-01-17T09:15:00+05:30,1226.1,2025-01-24T10:15:00+05:30,1217.25,breakout_down,breakout_up,398.25,185.28,11.0,32.99,168.99,7.04
NSE:NIFTY,SHORT,4.419855459060333,2025-01-17T10:15:00+05:30,23131.85,2025-01-24T11:15:00+05:30,23300.8,breakout_down,breakout_up,-746.73,74.14,4.1,20.52,-845.5,7.04
NSE:SENSEX,SHORT,1.2727012970736469,2025-01-06T14:15:00+05:30,77871.23,2025-01-24T11:15:00+05:30,76834.04,breakout_down,breakout_up,1320.03,73.23,3.94,19.69,1223.18,17.88
NSE:ITC,SHORT,155,2025-01-16T10:15:00+05:30,431.95,2025-01-24T11:15:00+05:30,443.35,breakout_down,breakout_up,-1767.0,214.02,13.57,40.7,-2035.29,8.04
NSE:HCLTECH,LONG,35,2025-01-22T12:15:00+05:30,1821.6,2025-01-24T14:15:00+05:30,1792.0,breakout_up,breakout_down,-1036.0,203.75,12.65,37.94,-1290.34,2.08
NSE:HINDUNILVR,SHORT,40,2025-01-14T12:15:00+05:30,2390.95,2025-01-24T15:15:00+05:30,2380.1,breakout_down,breakout_up,434.0,275.17,19.08,57.25,82.5,10.12
NSE:TCS,LONG,15,2025-01-22T14:15:00+05:30,4157.0,2025-01-27T09:15:00+05:30,4109.95,breakout_up,breakout_down,-705.75,200.98,12.4,37.2,-956.33,4.79
NSE:BHARTIARTL,LONG,45,2025-01-16T15:15:00+05:30,1634.0,2025-01-27T10:15:00+05:30,1611.5,breakout_up,breakout_down,-1012.5,225.5,14.6,43.81,-1296.42,10.79
NSE:INFY,LONG,55,2025-01-22T11:15:00+05:30,1846.3,2025-01-27T12:15:00+05:30,1834.3,breakout_up,breakout_down,-660.0,288.13,20.24,60.73,-1029.1,5.04
NSE:TATASTEEL,LONG,545,2025-01-24T11:15:00+05:30,132.68,2025-01-27T14:15:00+05:30,126.62,breakout_up,breakout_down,-3302.7,220.41,14.13,42.4,-3579.64,3.12
NSE:BANKNIFTY,SHORT,1.4752626725730185,2025-01-22T12:15:00+05:30,48258.1,2025-01-28T10:15:00+05:30,48897.75,breakout_down,breakout_up,-943.65,65.98,2.87,14.33,-1026.83,5.92
NSE:TATACONSUM,LONG,120,2025-01-23T09:15:00+05:30,984.2,2025-01-29T09:15:00+05:30,947.8,breakout_up,breakout_down,-4368.0,321.08,23.18,69.55,-4781.82,6.0
NSE:NIFTY,SHORT,4.414165067365282,2025-01-27T09:15:00+05:30,22970.7,2025-01-29T13:15:00+05:30,23174.05,breakout_down,breakout_up,-897.62,73.92,4.07,20.37,-995.99,2.17
NSE:SENSEX,SHORT,1.329074705760845,2025-01-27T10:15:00+05:30,75485.85,2025-01-29T13:15:00+05:30,76574.86,breakout_down,breakout_up,-1447.38,73.66,4.04,20.21,-1545.29,2.12
NSE:INFY,SHORT,55,2025-01-27T13:15:00+05:30,1819.6,2025-01-29T13:15:00+05:30,1886.4,breakout_down,breakout_up,-3674.0,289.91,20.38,61.15,-4045.44,2.0
NSE:TCS,SHORT,15,2025-01-27T10:15:00+05:30,4069.45,2025-01-30T09:15:00+05:30,4117.3,breakout_down,breakout_up,-717.75,199.64,12.28,36.84,-966.51,2.96
NSE:LT,SHORT,25,2025-01-22T13:15:00+05:30,3493.2,2025-01-30T09:15:00+05:30,3505.0,breakout_down,breakout_up,-295.0,257.57,17.5,52.49,-622.55,7.83
NSE:RELIANCE,SHORT,10,2025-01-23T11:15:00+05:30,1267.75,2025-01-30T10:15:00+05:30,1246.85,breakout_down,breakout_up,209.0,91.06,2.51,7.54,107.88,6.96
NSE:BHARTIARTL,SHORT,45,2025-01-27T12:15:00+05:30,1602.4,2025-01-30T14:15:00+05:30,1641.95,breakout_down,breakout_up,-1779.75,225.5,14.6,43.8,-2063.65,3.08
NSE:SBIN,SHORT,105,2025-01-22T09:15:00+05:30,755.6,2025-01-30T15:15:00+05:30,764.5,breakout_down,breakout_up,-934.5,240.56,15.96,47.88,-1238.91,8.25
NSE:ITC,SHORT,150,2025-01-28T11:15:00+05:30,435.75,2025-01-31T09:15:00+05:30,441.6,breakout_down,breakout_up,-877.5,209.44,13.16,39.48,-1139.58,2.92
NSE:ADANIGREEN,SHORT,140,2025-01-22T09:15:00+05:30,1016.8,2025-02-01T09:15:00+05:30,1038.75,breakout_down,breakout_up,-3073.0,383.15,28.78,86.33,-3571.26,10.0
NSE:ICICIBANK,LONG,45,2025-01-27T09:15:00+05:30,1228.55,2025-02-01T12:15:00+05:30,1236.35,breakout_up,breakout_down,351.0,186.36,11.09,33.28,120.27,5.12
NSE:RELIANCE,LONG,10,2025-01-30T11:15:00+05:30,1253.0,2025-02-03T09:15:00+05:30,1240.6,breakout_up,breakout_down,-124.0,90.85,2.49,7.48,-224.82,3.92
NSE:TATASTEEL,LONG,525,2025-01-30T09:15:00+05:30,131.75,2025-02-03T09:15:00+05:30,129.9,breakout_up,breakout_down,-971.25,215.85,13.74,41.21,-1242.04,4.0
NSE:LT,LONG,25,2025-01-31T09:15:00+05:30,3561.95,2025-02-03T09:15:00+05:30,3313.05,breakout_up,breakout_down,-6222.5,254.59,17.19,51.56,-6545.84,3.0
NSE:INFY,SHORT,55,2025-02-03T09:15:00+05:30,1842.75,2025-02-04T09:15:00+05:30,1894.45,breakout_down,breakout_up,-2843.5,291.75,20.55,61.66,-3217.47,1.0
NSE:HINDUNILVR,LONG,40,2025-01-27T09:15:00+05:30,2397.75,2025-02-04T09:15:00+05:30,2415.9,breakout_up,breakout_down,726.0,277.04,19.25,57.76,371.94,8.0
NSE:TATACONSUM,LONG,110,2025-01-31T09:15:00+05:30,1006.35,2025-02-05T09:15:00+05:30,1016.95,breakout_up,breakout_down,1166.0,310.36,22.26,66.77,766.61,5.0
NSE:ITC,LONG,145,2025-01-31T13:15:00+05:30,446.9,2025-02-05T13:15:00+05:30,447.6,breakout_up,breakout_down,101.5,207.25,12.97,38.91,-157.63,5.0
NSE:BHARTIARTL,LONG,45,2025-02-03T10:15:00+05:30,1657.95,2025-02-06T13:15:00+05:30,1620.4,breakout_up,breakout_down,-1689.75,227.19,14.75,44.26,-1975.95,3.12
NSE:SBIN,LONG,105,2025-01-31T10:15:00+05:30,768.75,2025-02-07T09:15:00+05:30,741.0,breakout_up,breakout_down,-2913.75,239.5,15.85,47.56,-3216.66,6.96
NSE:BHARTIARTL,SHORT,45,2025-02-06T14:15:00+05:30,1617.7,2025-02-07T09:15:00+05:30,1699.9,breakout_down,breakout_up,-3699.0,229.3,14.93,44.79,-3988.02,0.79
NSE:ICICIBANK,LONG,45,2025-02-04T09:15:00+05:30,1277.3,2025-02-07T12:15:00+05:30,1254.9,breakout_up,breakout_down,-1008.0,189.83,11.39,34.18,-1243.41,3.12
NSE:NIFTY,LONG,4.31445695306889,2025-01-30T09:15:00+05:30,23271.4,2025-02-07T13:15:00+05:30,23461.05,breakout_up,breakout_down,818.24,73.81,4.03,20.16,720.24,8.17
NSE:BANKNIFTY,LONG,1.4286290713650867,2025-01-28T11:15:00+05:30,49116.75,2025-02-07T13:15:00+05:30,49915.0,breakout_up,breakout_down,1140.4,65.92,2.83,14.15,1057.51,10.08
NSE:SENSEX,LONG,1.2865629776014391,2025-01-30T09:15:00+05:30,76782.61,2025-02-07T13:15:00+05:30,77529.12,breakout_up,breakout_down,960.43,73.41,3.97,19.85,863.2,8.17
NSE:RELIANCE,LONG,10,2025-02-04T12:15:00+05:30,1276.2,2025-02-07T13:15:00+05:30,1264.95,breakout_up,breakout_down,-112.5,91.38,2.54,7.62,-214.04,3.04
NSE:HDFCBANK,LONG,215,2025-01-22T15:15:00+05:30,417.98,2025-02-10T09:15:00+05:30,428.19,breakout_up,breakout_down,2196.22,265.13,18.19,54.58,1858.33,18.75
NSE:ADANIGREEN,LONG,140,2025-02-05T13:15:00+05:30,1010.9,2025-02-10T09:15:00+05:30,971.3,breakout_up,breakout_down,-5544.0,371.92,27.75,83.25,-6026.92,4.83
NSE:HCLTECH,SHORT,35,2025-01-27T09:15:00+05:30,1751.05,2025-02-11T09:15:00+05:30,1741.05,breakout_down,breakout_up,350.0,198.92,12.22,36.67,102.19,15.0
NSE:TATASTEEL,LONG,495,2025-02-07T10:15:00+05:30,136.88,2025-02-11T12:15:00+05:30,130.97,breakout_up,breakout_down,-2925.45,210.68,13.26,39.78,-3189.17,4.08
NSE:TATASTEEL,SHORT,495,2025-02-11T13:15:00+05:30,130.8,2025-02-13T09:15:00+05:30,135.92,breakout_down,breakout_up,-2534.4,210.03,13.2,39.61,-2797.24,1.83
NSE:HINDUNILVR,SHORT,40,2025-02-05T14:15:00+05:30,2390.4,2025-02-14T09:15:00+05:30,2356.0,breakout_down,breakout_up,1376.0,274.0,18.99,56.96,1026.06,8.79
NSE:TATACONSUM,LONG,110,2025-02-10T10:15:00+05:30,1036.85,2025-02-17T09:15:00+05:30,1009.5,breakout_up,breakout_down,-3008.5,313.49,22.51,67.53,-3412.03,6.96
NSE:BHARTIARTL,LONG,40,2025-02-13T09:15:00+05:30,1722.25,2025-02-17T09:15:00+05:30,1692.1,breakout_up,breakout_down,-1206.0,214.99,13.66,40.97,-1475.61,4.0
NSE:HDFCBANK,SHORT,220,2025-02-11T09:15:00+05:30,424.81,2025-02-17T14:15:00+05:30,429.6,breakout_down,breakout_up,-1052.7,272.09,18.8,56.39,-1399.98,6.21
NSE:HCLTECH,SHORT,35,2025-02-12T10:15:00+05:30,1705.1,2025-02-18T14:15:00+05:30,1727.9,breakout_down,breakout_up,-798.0,196.71,12.02,36.05,-1042.77,6.17
NSE:BANKNIFTY,SHORT,1.430873754948976,2025-02-10T09:15:00+05:30,49776.55,2025-02-19T09:15:00+05:30,49504.85,breakout_down,breakout_up,388.77,65.93,2.84,14.21,305.79,9.0
NSE:SENSEX,SHORT,1.289947005941961,2025-02-10T09:15:00+05:30,77248.35,2025-02-19T09:15:00+05:30,76112.24,breakout_down,breakout_up,1465.52,73.36,3.96,19.78,1368.42,9.0
NSE:SBIN,SHORT,105,2025-02-11T09:15:00+05:30,730.2,2025-02-19T09:15:00+05:30,732.9,breakout_down,breakout_up,-283.5,233.86,15.36,46.09,-578.81,8.0
NSE:LT,SHORT,25,2025-02-03T12:15:00+05:30,3280.45,2025-02-19T10:15:00+05:30,3260.9,breakout_down,breakout_up,488.75,244.82,16.35,49.06,178.52,15.92
NSE:ICICIBANK,SHORT,45,2025-02-07T13:15:00+05:30,1250.8,2025-02-19T14:15:00+05:30,1262.1,breakout_down,breakout_up,-508.5,188.83,11.31,33.92,-742.56,12.04
NSE:RELIANCE,SHORT,10,2025-02-10T09:15:00+05:30,1246.9,2025-02-20T09:15:00+05:30,1235.55,breakout_down,breakout_up,113.5,90.71,2.48,7.45,12.86,10.0
NSE:HDFCBANK,LONG,210,2025-02-17T15:15:00+05:30,429.75,2025-02-20T09:15:00+05:30,422.51,breakout_up,breakout_down,-1519.35,262.13,17.9,53.69,-1853.07,2.75
NSE:LT,LONG,25,2025-02-19T11:15:00+05:30,3289.65,2025-02-24T15:15:00+05:30,3251.0,breakout_up,breakout_down,-966.25,244.91,16.35,49.05,-1276.56,5.17
NSE:HINDUNILVR,SHORT,40,2025-02-17T09:15:00+05:30,2312.7,2025-02-25T11:15:00+05:30,2265.55,breakout_down,breakout_up,1886.0,266.49,18.31,54.94,1546.26,8.08
NSE:ITC,SHORT,145,2025-02-06T09:15:00+05:30,443.05,2025-02-25T12:15:00+05:30,404.85,breakout_down,breakout_up,5539.0,199.33,12.29,36.88,5290.49,19.12
NSE:HDFCBANK,SHORT,210,2025-02-20T12:15:00+05:30,421.89,2025-02-27T09:15:00+05:30,425.12,breakout_down,breakout_up,-677.25,260.84,17.79,53.36,-1009.23,6.88
NSE:TATASTEEL,LONG,450,2025-02-13T10:15:00+05:30,136.83,2025-02-27T09:15:00+05:30,136.49,breakout_up,breakout_down,-153.0,199.82,12.3,36.9,-402.01,13.96
NSE:BHARTIARTL,SHORT,40,2025-02-17T12:15:00+05:30,1688.65,2025-02-27T12:15:00+05:30,1654.25,breakout_down,breakout_up,1376.0,211.62,13.37,40.11,1110.9,10.0
NSE:ITC,LONG,170,2025-02-25T13:15:00+05:30,406.2,2025-02-28T09:15:00+05:30,395.85,breakout_up,breakout_down,-1759.5,214.78,13.63,40.9,-2028.82,2.83
NSE:SBIN,SHORT,105,2025-02-24T09:15:00+05:30,715.55,2025-03-04T09:15:00+05:30,714.0,breakout_down,breakout_up,162.75,229.92,15.01,45.03,-127.21,8.0
NSE:TATASTEEL,SHORT,450,2025-02-27T11:15:00+05:30,135.97,2025-03-04T10:15:00+05:30,140.5,breakout_down,breakout_up,-2038.5,201.53,12.44,37.32,-2289.8,4.96
NSE:TCS,SHORT,15,2025-02-03T09:15:00+05:30,4021.95,2025-03-05T09:15:00+05:30,3563.8,breakout_down,breakout_up,6872.25,189.06,11.38,34.14,6637.68,30.0
NSE:NIFTY,SHORT,4.326406627167581,2025-02-10T09:15:00+05:30,23373.1,2025-03-05T10:15:00+05:30,22282.35,breakout_down,breakout_up,4719.03,73.62,3.95,19.75,4621.71,23.04
NSE:ADANIGREEN,SHORT,140,2025-02-10T11:15:00+05:30,960.7,2025-03-05T10:15:00+05:30,825.15,breakout_down,breakout_up,18977.0,339.53,25.0,75.01,18537.46,22.96
NSE:BHARTIARTL,SHORT,40,2025-02-28T11:15:00+05:30,1597.1,2025-03-05T10:15:00+05:30,1603.85,breakout_down,breakout_up,-270.0,205.43,12.8,38.41,-526.64,4.96
NSE:SENSEX,SHORT,1.3418900959042104,2025-02-21T09:15:00+05:30,75274.87,2025-03-05T11:15:00+05:30,73802.86,breakout_down,breakout_up,1975.28,73.7,4.0,20.0,1877.57,12.08
NSE:LT,SHORT,25,2025-02-25T09:15:00+05:30,3225.7,2025-03-05T11:15:00+05:30,3230.2,breakout_down,breakout_up,-112.5,242.49,16.14,48.42,-419.55,8.08
NSE:ITC,SHORT,175,2025-02-28T10:15:00+05:30,393.2,2025-03-05T12:15:00+05:30,401.35,breakout_down,breakout_up,-1426.25,217.75,13.9,41.71,-1699.62,5.08
NSE:HDFCBANK,LONG,205,2025-02-27T11:15:00+05:30,425.57,2025-03-05T13:15:00+05:30,422.99,breakout_up,breakout_down,-529.92,256.47,17.4,52.19,-855.98,6.08
NSE:RELIANCE,SHORT,10,2025-02-24T09:15:00+05:30,1214.2,2025-03-06T09:15:00+05:30,1189.4,breakout_down,breakout_up,248.0,89.82,2.4,7.21,148.56,10.0
NSE:HCLTECH,SHORT,35,2025-02-20T12:15:00+05:30,1696.65,2025-03-06T09:15:00+05:30,1589.3,breakout_down,breakout_up,3757.25,190.65,11.5,34.5,3520.6,13.88
NSE:HINDUNILVR,SHORT,45,2025-02-28T09:15:00+05:30,2205.1,2025-03-06T10:15:00+05:30,2200.1,breakout_down,breakout_up,225.0,283.4,19.82,59.47,-137.69,6.04
NSE:LT,LONG,25,2025-03-06T13:15:00+05:30,3261.55,2025-03-10T09:15:00+05:30,3204.25,breakout_up,breakout_down,-1432.5,242.86,16.16,48.49,-1740.02,3.83
NSE:HCLTECH,LONG,40,2025-03-06T10:15:00+05:30,1591.65,2025-03-10T13:15:00+05:30,1550.7,breakout_up,breakout_down,-1638.0,202.93,12.57,37.71,-1891.2,4.12
NSE:ICICIBANK,SHORT,45,2025-02-21T09:15:00+05:30,1227.0,2025-03-11T09:15:00+05:30,1234.7,breakout_down,breakout_up,-346.5,186.25,11.08,33.23,-577.06,18.0
NSE:ADANIGREEN,LONG,180,2025-03-05T12:15:00+05:30,839.05,2025-03-11T09:15:00+05:30,821.4,breakout_up,breakout_down,-3177.0,395.49,29.89,89.66,-3692.05,5.88
NSE:HDFCBANK,SHORT,205,2025-03-05T14:15:00+05:30,422.35,2025-03-12T09:15:00+05:30,426.17,breakout_down,breakout_up,-782.07,256.48,17.39,52.18,-1108.13,6.79
NSE:TCS,LONG,20,2025-03-06T14:15:00+05:30,3603.2,2025-03-12T09:15:00+05:30,3500.85,breakout_up,breakout_down,-2047.0,221.17,14.21,42.62,-2325.0,5.79
NSE:LT,SHORT,25,2025-03-10T13:15:00+05:30,3193.35,2025-03-13T10:15:00+05:30,3228.2,breakout_down,breakout_up,-871.25,241.59,16.05,48.16,-1177.06,2.88
NSE:HINDUNILVR,LONG,45,2025-03-06T11:15:00+05:30,2206.1,2025-03-13T13:15:00+05:30,2171.7,breakout_up,breakout_down,-1548.0,282.16,19.7,59.1,-1908.96,7.08
NSE:BANKNIFTY,SHORT,1.4770811541500157,2025-02-24T09:15:00+05:30,48425.8,2025-03-17T09:15:00+05:30,48384.5,breakout_down,breakout_up,61.0,66.02,2.86,14.3,-22.18,21.0
NSE:RELIANCE,LONG,10,2025-03-06T13:15:00+05:30,1203.2,2025-03-17T10:15:00+05:30,1239.6,breakout_up,breakout_down,364.0,90.25,2.44,7.33,263.98,10.88
NSE:INFY,SHORT,50,2025-02-07T13:15:00+05:30,1893.15,2025-03-18T09:15:00+05:30,1607.85,breakout_down,breakout_up,14265.0,256.58,17.51,52.51,13938.4,38.83
NSE:HCLTECH,SHORT,40,2025-03-10T14:15:00+05:30,1549.7,2025-03-18T09:15:00+05:30,1552.95,breakout_down,breakout_up,-130.0,201.05,12.41,37.23,-380.69,7.79
NSE:ITC,LONG,165,2025-03-05T14:15:00+05:30,402.85,2025-03-19T09:15:00+05:30,405.8,breakout_up,breakout_down,486.75,211.36,13.34,40.03,222.02,13.79
NSE:TCS,LONG,20,2025-03-18T09:15:00+05:30,3545.35,2025-03-19T11:15:00+05:30,3464.8,breakout_up,breakout_down,-1611.0,219.05,14.02,42.06,-1886.13,1.08
NSE:RELIANCE,SHORT,10,2025-03-17T12:15:00+05:30,1235.45,2025-03-20T09:15:00+05:30,1256.35,breakout_down,breakout_up,-209.0,90.84,2.49,7.48,-309.8,2.88
NSE:TATACONSUM,SHORT,110,2025-02-20T11:15:00+05:30,1006.3,2025-03-20T12:15:00+05:30,963.5,breakout_down,breakout_up,4708.0,303.56,21.67,65.0,4317.77,28.04
NSE:ITC,SHORT,165,2025-03-19T10:15:00+05:30,405.55,2025-03-24T10:15:00+05:30,408.6,breakout_down,breakout_up,-503.25,212.44,13.43,40.3,-769.43,5.0
NSE:ADANIGREEN,LONG,170,2025-03-13T09:15:00+05:30,888.55,2025-03-25T15:15:00+05:30,918.0,breakout_up,breakout_down,5006.5,404.03,30.71,92.13,4479.63,12.25
NSE:RELIANCE,LONG,10,2025-03-20T12:15:00+05:30,1262.05,2025-03-26T14:15:00+05:30,1273.95,breakout_up,breakout_down,119.0,91.3,2.54,7.61,17.55,6.08
NSE:SBIN,LONG,105,2025-03-04T13:15:00+05:30,717.4,2025-03-26T15:15:00+05:30,762.7,breakout_up,breakout_down,4756.5,235.47,15.54,46.62,4458.87,22.08
NSE:TATASTEEL,LONG,415,2025-03-05T09:15:00+05:30,142.87,2025-03-26T15:15:00+05:30,155.07,breakout_up,breakout_down,5063.0,200.15,12.36,37.09,4813.39,21.25
NSE:TATACONSUM,LONG,115,2025-03-20T13:15:00+05:30,965.6,2025-03-26T15:15:00+05:30,956.95,breakout_up,breakout_down,-994.75,308.89,22.11,66.33,-1392.08,6.08
NSE:TCS,LONG,15,2025-03-24T12:15:00+05:30,3639.0,2025-03-28T09:15:00+05:30,3604.25,breakout_up,breakout_down,-521.25,183.9,10.86,32.59,-748.61,3.88
NSE:INFY,LONG,70,2025-03-18T14:15:00+05:30,1610.35,2025-03-28T09:15:00+05:30,1575.15,breakout_up,breakout_down,-2464.0,311.1,22.3,66.9,-2864.3,9.79
NSE:HCLTECH,LONG,40,2025-03-18T15:15:00+05:30,1560.95,2025-03-28T09:15:00+05:30,1611.0,breakout_up,breakout_down,2002.0,203.97,12.69,38.06,1747.28,9.75
NSE:SENSEX,LONG,1.3832922422494118,2025-03-06T14:15:00+05:30,74375.14,2025-04-01T09:15:00+05:30,77057.72,breakout_up,breakout_down,3710.79,75.1,4.19,20.95,3610.56,25.79
NSE:HDFCBANK,LONG,200,2025-03-12T12:15:00+05:30,429.4,2025-04-01T09:15:00+05:30,449.48,breakout_up,breakout_down,4015.0,258.15,17.58,52.73,3686.54,19.88
NSE:NIFTY,LONG,4.7280630414149165,2025-03-05T11:15:00+05:30,22362.1,2025-04-01T10:15:00+05:30,23228.95,breakout_up,breakout_down,4098.52,75.93,4.31,21.56,3996.72,26.96
NSE:BANKNIFTY,LONG,1.4756417922368057,2025-03-17T11:15:00+05:30,48458.05,2025-04-01T10:15:00+05:30,50910.75,breakout_up,breakout_down,3619.31,66.82,2.93,14.66,3534.89,14.96
NSE:ICICIBANK,LONG,45,2025-03-11T12:15:00+05:30,1243.2,2025-04-01T12:15:00+05:30,1321.65,breakout_up,breakout_down,3530.25,191.12,11.54,34.63,3292.96,21.0
NSE:HDFCBANK,SHORT,205,2025-04-01T10:15:00+05:30,443.54,2025-04-04T09:15:00+05:30,457.73,breakout_down,breakout_up,-2907.93,268.66,18.48,55.43,-3250.49,2.96
NSE:LT,LONG,25,2025-03-18T09:15:00+05:30,3242.75,2025-04-04T09:15:00+05:30,3277.45,breakout_up,breakout_down,867.5,244.2,16.3,48.9,558.1,17.0
NSE:ICICIBANK,LONG,45,2025-04-04T14:15:00+05:30,1338.4,2025-04-07T09:15:00+05:30,1288.0,breakout_up,breakout_down,-2268.0,194.63,11.82,35.46,-2509.91,2.79
NSE:ITC,LONG,160,2025-03-24T11:15:00+05:30,411.45,2025-04-07T09:15:00+05:30,400.7,breakout_up,breakout_down,-1720.0,207.66,12.99,38.98,-1979.63,13.92
NSE:HINDUNILVR,LONG,45,2025-03-20T10:15:00+05:30,2223.5,2025-04-07T09:15:00+05:30,2211.2,breakout_up,breakout_down,-553.5,284.93,19.96,59.87,-918.25,17.96
NSE:BHARTIARTL,LONG,40,2025-03-05T11:15:00+05:30,1615.0,2025-04-07T09:15:00+05:30,1708.4,breakout_up,breakout_down,3736.0,210.57,13.29,39.88,3472.25,32.92
NSE:NIFTY,SHORT,4.72704250707004,2025-04-01T11:15:00+05:30,23209.9,2025-04-11T09:15:00+05:30,22832.7,breakout_down,breakout_up,1783.04,76.0,4.35,21.76,1680.92,9.92
NSE:BANKNIFTY,SHORT,1.510639355552656,2025-04-07T09:15:00+05:30,49668.4,2025-04-11T09:15:00+05:30,50927.8,breakout_down,breakout_up,-1902.5,67.03,3.04,15.2,-1987.76,4.0
NSE:SENSEX,SHORT,1.3957927901222407,2025-04-01T10:15:00+05:30,76288.05,2025-04-11T09:15:00+05:30,75180.26,breakout_down,breakout_up,1546.25,75.16,4.23,21.14,1445.71,9.96
NSE:RELIANCE,SHORT,10,2025-04-01T10:15:00+05:30,1259.7,2025-04-11T09:15:00+05:30,1212.8,breakout_down,breakout_up,469.0,90.57,2.47,7.42,368.54,9.96
NSE:HDFCBANK,SHORT,195,2025-04-07T09:15:00+05:30,439.77,2025-04-11T09:15:00+05:30,450.48,breakout_down,breakout_up,-2086.5,256.19,17.36,52.08,-2412.13,4.0
NSE:ICICIBANK,SHORT,45,2025-04-07T10:15:00+05:30,1276.1,2025-04-11T09:15:00+05:30,1316.15,breakout_down,breakout_up,-1802.25,192.89,11.67,35.0,-2041.8,3.96
NSE:BHARTIARTL,SHORT,40,2025-04-07T10:15:00+05:30,1692.75,2025-04-11T09:15:00+05:30,1760.2,breakout_down,breakout_up,-2698.0,216.81,13.81,41.44,-2970.06,3.96
NSE:TATASTEEL,SHORT,415,2025-03-28T09:15:00+05:30,154.05,2025-04-15T09:15:00+05:30,136.07,breakout_down,breakout_up,7461.7,196.36,12.04,36.12,7217.18,18.0
NSE:ADANIGREEN,SHORT,170,2025-03-26T14:15:00+05:30,913.3,2025-04-15T09:15:00+05:30,919.75,breakout_down,breakout_up,-1096.5,409.49,31.16,93.49,-1630.64,19.79
NSE:LT,SHORT,25,2025-04-04T11:15:00+05:30,3260.05,2025-04-15T09:15:00+05:30,3260.0,breakout_down,breakout_up,1.25,244.26,16.3,48.9,-308.21,10.92
NSE:SBIN,SHORT,110,2025-04-07T09:15:00+05:30,738.4,2025-04-16T13:15:00+05:30,774.0,breakout_down,breakout_up,-3916.0,248.29,16.64,49.91,-4230.84,9.17
NSE:HCLTECH,SHORT,40,2025-03-28T12:15:00+05:30,1597.25,2025-04-17T14:15:00+05:30,1440.4,breakout_down,breakout_up,6274.0,197.68,12.15,36.45,6027.72,20.08
NSE:TCS,SHORT,15,2025-04-01T09:15:00+05:30,3552.75,2025-04-21T09:15:00+05:30,3314.2,breakout_down,breakout_up,3578.25,177.32,10.3,30.9,3359.73,20.0
NSE:INFY,SHORT,70,2025-03-28T15:15:00+05:30,1569.0,2025-04-21T09:15:00+05:30,1449.6,breakout_down,breakout_up,8358.0,297.31,21.13,63.39,7976.17,23.75
NSE:ADANIGREEN,LONG,160,2025-04-15T10:15:00+05:30,937.55,2025-04-23T09:15:00+05:30,930.65,breakout_up,breakout_down,-1104.0,395.37,29.89,89.67,-1618.94,7.96
NSE:HDFCBANK,LONG,185,2025-04-11T11:15:00+05:30,453.99,2025-04-24T09:15:00+05:30,479.35,breakout_up,breakout_down,4691.6,254.65,17.27,51.8,4367.88,12.92
NSE:HINDUNILVR,LONG,40,2025-04-08T11:15:00+05:30,2300.0,2025-04-24T10:15:00+05:30,2332.8,breakout_up,breakout_down,1312.0,268.96,18.53,55.59,968.92,15.96
NSE:NIFTY,LONG,4.862528692318507,2025-04-11T11:15:00+05:30,22907.85,2025-04-25T09:15:00+05:30,24033.65,breakout_up,breakout_down,5474.23,77.73,4.57,22.83,5369.11,13.92
NSE:BANKNIFTY,LONG,1.4266409496076453,2025-04-11T11:15:00+05:30,51203.65,2025-04-25T09:15:00+05:30,54669.75,breakout_up,breakout_down,4944.88,67.52,3.02,15.1,4859.23,13.92
NSE:SENSEX,LONG,1.4311905092941875,2025-04-11T11:15:00+05:30,75408.34,2025-04-25T09:15:00+05:30,79166.14,breakout_up,breakout_down,5378.13,76.8,4.42,22.12,5274.78,13.92
NSE:SBIN,LONG,95,2025-04-17T11:15:00+05:30,779.1,2025-04-25T09:15:00+05:30,801.05,breakout_up,breakout_down,2085.25,229.78,15.01,45.03,1795.42,7.92
NSE:ADANIGREEN,LONG,155,2025-04-24T14:15:00+05:30,969.7,2025-04-25T09:15:00+05:30,924.5,breakout_up,breakout_down,-7006.0,389.91,29.36,88.08,-7513.35,0.79
NSE:BHARTIARTL,LONG,35,2025-04-15T09:15:00+05:30,1800.5,2025-04-25T09:15:00+05:30,1824.0,breakout_up,breakout_down,822.5,204.04,12.69,38.06,567.72,10.0
NSE:LT,LONG,25,2025-04-15T12:15:00+05:30,3265.5,2025-04-25T10:15:00+05:30,3247.0,breakout_up,breakout_down,-462.5,244.09,16.28,48.84,-771.71,9.92
NSE:ITC,LONG,155,2025-04-08T11:15:00+05:30,413.3,2025-04-25T11:15:00+05:30,425.0,breakout_up,breakout_down,1813.5,207.38,12.99,38.98,1554.14,17.0
NSE:HCLTECH,LONG,50,2025-04-21T09:15:00+05:30,1460.2,2025-04-28T09:15:00+05:30,1546.6,breakout_up,breakout_down,4320.0,229.87,15.03,45.1,4030.0,7.0
NSE:SENSEX,SHORT,1.4347563781039385,2025-04-25T10:15:00+05:30,78886.36,2025-04-28T12:15:00+05:30,80273.76,breakout_down,breakout_up,-1990.58,77.07,4.57,22.84,-2095.05,3.08
NSE:SBIN,SHORT,95,2025-04-25T10:15:00+05:30,794.15,2025-04-28T12:15:00+05:30,821.0,breakout_down,breakout_up,-2550.75,233.83,15.34,46.03,-2845.95,3.08
NSE:HDFCBANK,SHORT,185,2025-04-25T10:15:00+05:30,476.05,2025-04-30T09:15:00+05:30,482.48,breakout_down,breakout_up,-1188.63,260.27,17.73,53.2,-1519.83,4.96
NSE:BHARTIARTL,SHORT,35,2025-04-25T10:15:00+05:30,1815.0,2025-04-30T13:15:00+05:30,1855.0,breakout_down,breakout_up,-1400.0,205.97,12.85,38.53,-1657.35,5.12
NSE:TATASTEEL,LONG,520,2025-04-15T15:15:00+05:30,136.7,2025-04-30T15:15:00+05:30,139.56,breakout_up,breakout_down,1487.2,222.65,14.37,43.1,1207.09,15.0
NSE:NIFTY,SHORT,4.876417154440113,2025-04-25T10:15:00+05:30,23940.35,2025-05-02T09:15:00+05:30,24581.95,breakout_down,breakout_up,-3128.71,78.06,4.73,23.66,-3235.16,6.96
NSE:ADANIGREEN,SHORT,155,2025-04-25T10:15:00+05:30,910.9,2025-05-05T09:15:00+05:30,936.75,breakout_down,breakout_up,-4006.75,381.67,28.64,85.92,-4502.97,9.96
NSE:HINDUNILVR,SHORT,40,2025-04-25T09:15:00+05:30,2307.8,2025-05-05T10:15:00+05:30,2353.0,breakout_down,breakout_up,-1808.0,270.43,18.64,55.93,-2153.01,10.04
NSE:HCLTECH,LONG,45,2025-05-05T09:15:00+05:30,1588.7,2025-05-07T09:15:00+05:30,1562.4,breakout_up,breakout_down,-1183.5,220.79,14.18,42.54,-1461.01,2.0
NSE:TATACONSUM,LONG,115,2025-03-27T15:15:00+05:30,977.45,2025-05-07T09:15:00+05:30,1144.0,breakout_up,breakout_down,19153.25,332.8,24.4,73.19,18722.87,40.75
NSE:LT,LONG,25,2025-04-28T12:15:00+05:30,3339.4,2025-05-07T09:15:00+05:30,3300.0,breakout_up,breakout_down,-985.0,247.65,16.6,49.8,-1299.04,8.88
NSE:RELIANCE,LONG,10,2025-04-11T11:15:00+05:30,1221.4,2025-05-07T14:15:00+05:30,1405.7,breakout_up,breakout_down,1843.0,92.18,2.63,7.88,1740.31,26.12
NSE:ITC,LONG,150,2025-05-05T09:15:00+05:30,434.0,2025-05-08T09:15:00+05:30,424.15,breakout_up,breakout_down,-1477.5,206.28,12.87,38.62,-1735.27,3.0
NSE:ADANIGREEN,LONG,145,2025-05-05T10:15:00+05:30,957.25,2025-05-08T14:15:00+05:30,882.9,breakout_up,breakout_down,-10780.75,360.44,26.68,80.05,-11247.92,3.17
NSE:HDFCBANK,LONG,180,2025-05-02T09:15:00+05:30,484.4,2025-05-08T15:15:00+05:30,480.38,breakout_up,breakout_down,-724.5,256.16,17.37,52.1,-1050.12,6.25
NSE:BHARTIARTL,LONG,35,2025-04-30T14:15:00+05:30,1862.9,2025-05-08T15:15:00+05:30,1864.5,breakout_up,breakout_down,56.0,208.1,13.05,39.14,-204.28,8.04
NSE:SENSEX,LONG,1.3688646423779682,2025-05-02T09:15:00+05:30,81157.71,2025-05-09T09:15:00+05:30,79658.57,breakout_up,breakout_down,-2052.12,75.98,4.4,22.01,-2154.52,7.0
NSE:ICICIBANK,LONG,40,2025-04-15T09:15:00+05:30,1347.2,2025-05-09T09:15:00+05:30,1404.6,breakout_up,breakout_down,2296.0,185.27,11.01,33.02,2066.7,24.0
NSE:TCS,LONG,20,2025-04-21T10:15:00+05:30,3320.2,2025-05-09T09:15:00+05:30,3414.6,breakout_up,breakout_down,1888.0,212.67,13.47,40.41,1621.46,17.96
NSE:TATASTEEL,LONG,500,2025-05-06T10:15:00+05:30,143.88,2025-05-09T09:15:00+05:30,142.26,breakout_up,breakout_down,-810.0,222.17,14.31,42.92,-1089.4,2.96
NSE:HINDUNILVR,LONG,40,2025-05-06T09:15:00+05:30,2367.1,2025-05-09T09:15:00+05:30,2317.4,breakout_up,breakout_down,-1988.0,271.5,18.74,56.21,-2334.45,3.0
NSE:NIFTY,SHORT,4.699725980223721,2025-05-08T15:15:00+05:30,24154.1,2025-05-12T09:15:00+05:30,24682.65,breakout_down,breakout_up,-2484.04,77.18,4.59,22.95,-2588.76,3.75
NSE:BANKNIFTY,SHORT,1.4315617521213375,2025-04-25T10:15:00+05:30,54411.85,2025-05-12T09:15:00+05:30,55146.4,breakout_down,breakout_up,-1051.55,67.74,3.14,15.68,-1138.12,16.96
NSE:RELIANCE,SHORT,10,2025-05-08T15:15:00+05:30,1398.0,2025-05-12T09:15:00+05:30,1423.8,breakout_down,breakout_up,-258.0,94.51,2.82,8.47,-363.79,3.75
NSE:SBIN,SHORT,95,2025-04-30T09:15:00+05:30,793.1,2025-05-12T09:15:00+05:30,795.15,breakout_down,breakout_up,-194.75,230.81,15.09,45.27,-485.91,12.0
NSE:ADANIGREEN,SHORT,145,2025-05-08T15:15:00+05:30,872.5,2025-05-12T09:15:00+05:30,934.95,breakout_down,breakout_up,-9055.25,355.04,26.21,78.62,-9515.12,3.75
NSE:HDFCBANK,SHORT,180,2025-05-09T09:15:00+05:30,475.32,2025-05-12T10:15:00+05:30,488.75,breakout_down,breakout_up,-2416.5,256.15,17.35,52.06,-2742.06,3.04
NSE:ICICIBANK,SHORT,40,2025-05-09T10:15:00+05:30,1400.7,2025-05-12T15:15:00+05:30,1451.5,breakout_down,breakout_up,-2032.0,190.06,11.41,34.23,-2267.7,3.21
NSE:TATACONSUM,SHORT,115,2025-05-08T09:15:00+05:30,1125.3,2025-05-15T13:15:00+05:30,1157.0,breakout_down,breakout_up,-3645.5,355.06,26.25,78.74,-4105.55,7.17
NSE:SBIN,LONG,90,2025-05-13T09:15:00+05:30,806.6,2025-05-16T11:15:00+05:30,792.05,breakout_up,breakout_down,-1309.5,223.11,14.39,43.16,-1590.16,3.08
NSE:ITC,SHORT,150,2025-05-09T14:15:00+05:30,423.3,2025-05-19T09:15:00+05:30,436.75,breakout_down,breakout_up,-2017.5,206.64,12.9,38.7,-2275.74,9.79
NSE:INFY,LONG,80,2025-04-21T12:15:00+05:30,1468.4,2025-05-19T15:15:00+05:30,1557.9,breakout_up,breakout_down,7160.0,331.63,24.21,72.63,6731.53,28.12
NSE:SENSEX,LONG,1.3343344268092119,2025-05-12T09:15:00+05:30,81648.08,2025-05-20T11:15:00+05:30,81725.17,breakout_up,breakout_down,102.86,75.9,4.36,21.8,0.81,8.08
NSE:NIFTY,LONG,4.475209196921683,2025-05-12T12:15:00+05:30,24789.15,2025-05-20T12:15:00+05:30,24790.7,breakout_up,breakout_down,6.94,76.4,4.44,22.19,-96.09,8.0
NSE:BANKNIFTY,LONG,1.387936590554428,2025-05-12T10:15:00+05:30,55304.55,2025-05-20T12:15:00+05:30,55009.65,breakout_up,breakout_down,-409.3,67.31,3.06,15.31,-494.99,8.08
NSE:RELIANCE,LONG,10,2025-05-12T13:15:00+05:30,1430.7,2025-05-20T12:15:00+05:30,1432.4,breakout_up,breakout_down,17.0,94.94,2.86,8.59,-89.4,7.96
NSE:LT,LONG,25,2025-05-09T09:15:00+05:30,3444.0,2025-05-20T12:15:00+05:30,3582.4,breakout_up,breakout_down,3460.0,258.07,17.57,52.7,3131.67,11.12
NSE:TATACONSUM,LONG,110,2025-05-16T12:15:00+05:30,1163.5,2025-05-20T13:15:00+05:30,1133.6,breakout_up,breakout_down,-3289.0,344.16,25.27,75.8,-3734.23,4.04
NSE:TCS,LONG,20,2025-05-12T09:15:00+05:30,3536.8,2025-05-20T14:15:00+05:30,3497.1,breakout_up,breakout_down,-794.0,219.51,14.07,42.2,-1069.79,8.21
NSE:HINDUNILVR,LONG,40,2025-05-16T11:15:00+05:30,2375.9,2025-05-20T14:15:00+05:30,2340.1,breakout_up,breakout_down,-1432.0,272.86,18.86,56.59,-1780.32,4.12
NSE:HCLTECH,LONG,45,2025-05-08T11:15:00+05:30,1597.7,2025-05-22T09:15:00+05:30,1628.0,breakout_up,breakout_down,1363.5,224.33,14.52,43.55,1081.11,13.92
NSE:BHARTIARTL,SHORT,35,2025-05-09T09:15:00+05:30,1856.9,2025-05-22T09:15:00+05:30,1832.3,breakout_down,breakout_up,861.0,206.55,12.91,38.74,602.8,13.0
NSE:SBIN,SHORT,90,2025-05-20T12:15:00+05:30,789.6,2025-05-23T11:15:00+05:30,791.7,breakout_down,breakout_up,-189.0,221.29,14.23,42.7,-467.22,2.96
NSE:NIFTY,SHORT,4.480526457413192,2025-05-20T13:15:00+05:30,24738.35,2025-05-26T09:15:00+05:30,25044.15,breakout_down,breakout_up,-1370.14,76.43,4.46,22.31,-1473.34,5.83
NSE:BANKNIFTY,SHORT,1.3875194820508268,2025-05-20T13:15:00+05:30,54965.5,2025-05-26T09:15:00+05:30,55739.55,breakout_down,breakout_up,-1074.01,67.32,3.07,15.36,-1159.76,5.83
NSE:SENSEX,SHORT,1.3369017465501036,2025-05-20T12:15:00+05:30,81491.89,2025-05-26T09:15:00+05:30,82374.56,breakout_down,breakout_up,-1180.04,75.92,4.38,21.91,-1282.25,5.88
NSE:RELIANCE,SHORT,10,2025-05-20T13:15:00+05:30,1429.9,2025-05-26T09:15:00+05:30,1438.5,breakout_down,breakout_up,-86.0,95.01,2.87,8.61,-192.48,5.83
NSE:HDFCBANK,SHORT,175,2025-05-15T09:15:00+05:30,475.48,2025-05-26T09:15:00+05:30,486.07,breakout_down,breakout_up,-1855.0,250.26,16.83,50.48,-2172.57,11.0
NSE:ICICIBANK,SHORT,35,2025-05-20T12:15:00+05:30,1438.3,2025-05-26T09:15:00+05:30,1466.2,breakout_down,breakout_up,-976.5,176.17,10.17,30.5,-1193.33,5.88
NSE:TCS,SHORT,20,2025-05-22T09:15:00+05:30,3485.7,2025-05-26T09:15:00+05:30,3542.8,breakout_down,breakout_up,-1142.0,219.42,14.06,42.17,-1417.65,4.0
NSE:ITC,SHORT,140,2025-05-21T15:15:00+05:30,432.4,2025-05-26T09:15:00+05:30,439.3,breakout_down,breakout_up,-966.0,198.81,12.2,36.61,-1213.63,4.75
NSE:HINDUNILVR,SHORT,40,2025-05-22T09:15:00+05:30,2331.5,2025-05-26T09:15:00+05:30,2381.0,breakout_down,breakout_up,-1980.0,272.74,18.85,56.55,-2328.14,4.0
NSE:LT,SHORT,25,2025-05-20T13:15:00+05:30,3579.4,2025-05-26T09:15:00+05:30,3646.7,breakout_down,breakout_up,-1682.5,264.0,18.07,54.2,-2018.76,5.83
NSE:ITC,LONG,135,2025-05-26T12:15:00+05:30,440.3,2025-05-28T09:15:00+05:30,421.65,breakout_up,breakout_down,-2517.75,192.62,11.64,34.91,-2756.92,1.88
NSE:HDFCBANK,SHORT,170,2025-05-29T10:15:00+05:30,478.27,2025-05-30T14:15:00+05:30,486.25,breakout_down,breakout_up,-1355.75,245.44,16.4,49.19,-1666.78,1.17
NSE:HINDUNILVR,LONG,35,2025-05-26T10:15:00+05:30,2389.1,2025-05-30T14:15:00+05:30,2344.5,breakout_up,breakout_down,-1561.0,247.35,16.57,49.7,-1874.62,4.17
NSE:HCLTECH,LONG,45,2025-05-23T09:15:00+05:30,1666.7,2025-05-30T14:15:00+05:30,1635.7,breakout_up,breakout_down,-1395.0,228.37,14.86,44.58,-1682.81,7.21
NSE:INFY,LONG,80,2025-05-23T09:15:00+05:30,1583.8,2025-06-02T09:15:00+05:30,1545.0,breakout_up,breakout_down,-3104.0,341.51,25.03,75.09,-3545.63,10.0
NSE:TATASTEEL,LONG,480,2025-05-12T09:15:00+05:30,147.74,2025-06-02T09:15:00+05:30,158.4,breakout_up,breakout_down,5116.8,226.04,14.69,44.08,4831.98,21.0
NSE:RELIANCE,SHORT,10,2025-05-28T09:15:00+05:30,1413.5,2025-06-05T09:15:00+05:30,1441.5,breakout_down,breakout_up,-280.0,94.88,2.85,8.56,-386.3,8.0
NSE:NIFTY,SHORT,4.449312937995394,2025-06-02T09:15:00+05:30,24581.75,2025-06-05T11:15:00+05:30,24869.55,breakout_down,breakout_up,-1280.51,76.04,4.4,22.0,-1382.95,3.08
NSE:SENSEX,SHORT,1.3318536068644582,2025-06-02T09:15:00+05:30,80840.89,2025-06-05T11:15:00+05:30,81809.98,breakout_down,breakout_up,-1290.69,75.59,4.33,21.66,-1392.27,3.08
NSE:ICICIBANK,SHORT,35,2025-06-02T09:15:00+05:30,1433.8,2025-06-05T11:15:00+05:30,1456.1,breakout_down,breakout_up,-780.5,175.59,10.11,30.34,-996.54,3.08
NSE:SBIN,LONG,90,2025-05-27T11:15:00+05:30,800.7,2025-06-05T13:15:00+05:30,803.6,breakout_up,breakout_down,261.0,223.56,14.44,43.32,-20.31,9.08
NSE:TCS,SHORT,20,2025-05-30T14:15:00+05:30,3461.7,2025-06-09T09:15:00+05:30,3423.2,breakout_down,breakout_up,770.0,216.09,13.77,41.31,498.83,9.79
NSE:ITC,SHORT,140,2025-06-02T09:15:00+05:30,416.1,2025-06-09T09:15:00+05:30,421.45,breakout_down,breakout_up,-749.0,193.49,11.73,35.18,-989.39,7.0
NSE:BHARTIARTL,LONG,35,2025-05-22T10:15:00+05:30,1834.3,2025-06-09T09:15:00+05:30,1855.1,breakout_up,breakout_down,728.0,206.57,12.91,38.74,469.78,17.96
NSE:ICICIBANK,LONG,35,2025-06-06T11:15:00+05:30,1461.0,2025-06-10T09:15:00+05:30,1420.3,breakout_up,breakout_down,-1424.5,175.3,10.08,30.25,-1640.14,3.92
NSE:HCLTECH,SHORT,45,2025-05-30T15:15:00+05:30,1631.5,2025-06-10T09:15:00+05:30,1668.9,breakout_down,breakout_up,-1683.0,228.29,14.85,44.56,-1970.7,10.75
NSE:HDFCBANK,LONG,160,2025-06-05T09:15:00+05:30,488.75,2025-06-11T09:15:00+05:30,489.57,breakout_up,breakout_down,132.0,237.06,15.65,46.96,-167.68,6.0
NSE:BANKNIFTY,LONG,1.3431991309887583,2025-06-02T14:15:00+05:30,55918.3,2025-06-11T13:15:00+05:30,56425.75,breakout_up,breakout_down,681.61,67.12,3.02,15.09,596.38,8.96
NSE:HINDUNILVR,LONG,35,2025-06-06T09:15:00+05:30,2387.3,2025-06-11T15:15:00+05:30,2372.7,breakout_up,breakout_down,-511.0,248.3,16.66,49.98,-825.94,5.25
NSE:SBIN,LONG,90,2025-06-09T09:15:00+05:30,820.3,2025-06-12T09:15:00+05:30,811.8,breakout_up,breakout_down,-765.0,226.41,14.69,44.07,-1050.17,3.0
NSE:NIFTY,LONG,4.322653997499501,2025-06-06T10:15:00+05:30,24983.05,2025-06-12T10:15:00+05:30,25046.15,breakout_up,breakout_down,272.76,75.68,4.33,21.63,171.13,6.0
NSE:SENSEX,LONG,1.293596586392817,2025-06-06T10:15:00+05:30,82158.63,2025-06-12T10:15:00+05:30,82197.32,breakout_up,breakout_down,50.05,75.18,4.25,21.26,-50.65,6.0
NSE:ITC,LONG,135,2025-06-09T11:15:00+05:30,423.2,2025-06-12T10:15:00+05:30,421.1,breakout_up,breakout_down,-283.5,189.81,11.4,34.19,-518.9,2.96
NSE:LT,LONG,20,2025-05-30T09:15:00+05:30,3677.1,2025-06-12T10:15:00+05:30,3655.1,breakout_up,breakout_down,-440.0,226.12,14.66,43.99,-724.78,13.04
NSE:ADANIGREEN,LONG,125,2025-05-13T09:15:00+05:30,956.8,2025-06-12T11:15:00+05:30,1029.5,breakout_up,breakout_down,9087.5,338.35,24.83,74.49,8649.83,30.08
NSE:RELIANCE,LONG,10,2025-06-05T11:15:00+05:30,1452.7,2025-06-13T09:15:00+05:30,1417.3,breakout_up,breakout_down,-354.0,95.05,2.87,8.61,-460.53,7.92
NSE:HDFCBANK,SHORT,165,2025-06-11T14:15:00+05:30,487.55,2025-06-19T09:15:00+05:30,485.75,breakout_down,breakout_up,297.0,241.56,16.06,48.18,-8.8,7.79
NSE:TCS,LONG,20,2025-06-10T09:15:00+05:30,3453.5,2025-06-19T09:15:00+05:30,3432.9,breakout_up,breakout_down,-412.0,216.21,13.77,41.32,-683.3,9.0
NSE:HCLTECH,LONG,40,2025-06-10T10:15:00+05:30,1673.2,2025-06-19T09:15:00+05:30,1704.2,breakout_up,breakout_down,1240.0,213.16,13.51,40.53,972.8,8.96
NSE:BHARTIARTL,SHORT,35,2025-06-12T13:15:00+05:30,1835.2,2025-06-20T09:15:00+05:30,1904.7,breakout_down,breakout_up,-2432.5,208.77,13.09,39.27,-2693.63,7.83
NSE:NIFTY,SHORT,4.35311922306413,2025-06-12T13:15:00+05:30,24847.4,2025-06-20T10:15:00+05:30,25016.55,breakout_down,breakout_up,-736.33,75.7,4.34,21.71,-838.08,7.88
NSE:BANKNIFTY,SHORT,1.342369601833293,2025-06-12T09:15:00+05:30,56395.8,2025-06-20T10:15:00+05:30,56132.9,breakout_down,breakout_up,352.91,67.11,3.02,15.11,267.67,8.04
NSE:SENSEX,SHORT,1.3022489287533854,2025-06-12T13:15:00+05:30,81573.98,2025-06-20T10:15:00+05:30,82074.54,breakout_down,breakout_up,-651.85,75.19,4.26,21.31,-752.61,7.88
NSE:LT,SHORT,20,2025-06-12T12:15:00+05:30,3637.0,2025-06-20T10:15:00+05:30,3650.1,breakout_down,breakout_up,-262.0,225.1,14.57,43.72,-545.4,7.92
NSE:SBIN,SHORT,90,2025-06-12T13:15:00+05:30,802.8,2025-06-20T11:15:00+05:30,796.1,breakout_down,breakout_up,603.0,222.99,14.39,43.17,322.45,7.92
NSE:TATACONSUM,SHORT,110,2025-05-20T14:15:00+05:30,1128.2,2025-06-20T13:15:00+05:30,1099.4,breakout_down,breakout_up,3168.0,335.18,24.5,73.51,2734.8,30.96
NSE:INFY,LONG,75,2025-06-06T15:15:00+05:30,1568.0,2025-06-23T09:15:00+05:30,1580.8,breakout_up,breakout_down,960.0,325.49,23.62,70.85,540.05,16.75
NSE:TATASTEEL,SHORT,485,2025-06-03T14:15:00+05:30,157.28,2025-06-24T09:15:00+05:30,154.21,breakout_down,breakout_up,1488.95,230.89,15.11,45.32,1197.63,20.79
NSE:ADANIGREEN,SHORT,125,2025-06-12T13:15:00+05:30,1013.0,2025-06-24T09:15:00+05:30,987.4,breakout_down,breakout_up,3200.0,340.75,25.01,75.01,2759.23,11.83
NSE:LT,SHORT,20,2025-06-23T15:15:00+05:30,3579.0,2025-06-24T09:15:00+05:30,3676.0,breakout_down,breakout_up,-1940.0,224.51,14.51,43.53,-2222.55,0.75
NSE:ITC,SHORT,135,2025-06-12T11:15:00+05:30,420.95,2025-06-24T11:15:00+05:30,420.1,breakout_down,breakout_up,114.75,189.29,11.35,34.06,-119.96,12.0
NSE:TCS,SHORT,20,2025-06-23T09:15:00+05:30,3382.0,2025-06-25T14:15:00+05:30,3443.6,breakout_down,breakout_up,-1232.0,214.92,13.65,40.95,-1501.52,2.21
NSE:ICICIBANK,SHORT,35,2025-06-13T09:15:00+05:30,1414.0,2025-06-26T11:15:00+05:30,1440.1,breakout_down,breakout_up,-913.5,174.2,9.99,29.97,-1127.66,13.08
NSE:HINDUNILVR,SHORT,35,2025-06-12T09:15:00+05:30,2350.0,2025-06-27T09:15:00+05:30,2293.6,breakout_down,breakout_up,1974.0,243.59,16.25,48.76,1665.4,15.0
NSE:HCLTECH,SHORT,40,2025-06-24T13:15:00+05:30,1693.0,2025-06-27T09:15:00+05:30,1738.0,breakout_down,breakout_up,-1800.0,215.77,13.72,41.17,-2070.67,2.83
NSE:TATACONSUM,LONG,115,2025-06-23T12:15:00+05:30,1106.6,2025-06-30T09:15:00+05:30,1102.5,breakout_up,breakout_down,-471.5,345.47,25.4,76.21,-918.59,6.88
NSE:TCS,LONG,20,2025-06-27T09:15:00+05:30,3454.5,2025-07-01T13:15:00+05:30,3419.8,breakout_up,breakout_down,-694.0,215.96,13.75,41.25,-964.95,4.17
NSE:ICICIBANK,LONG,35,2025-06-26T13:15:00+05:30,1446.8,2025-07-01T14:15:00+05:30,1430.6,breakout_up,breakout_down,-567.0,175.08,10.07,30.21,-782.37,5.04
NSE:INFY,SHORT,75,2025-06-30T09:15:00+05:30,1600.5,2025-07-02T09:15:00+05:30,1641.9,breakout_down,breakout_up,-3105.0,333.59,24.32,72.95,-3535.86,2.0
NSE:HDFCBANK,LONG,160,2025-06-20T09:15:00+05:30,487.88,2025-07-02T10:15:00+05:30,498.65,breakout_up,breakout_down,1724.0,238.4,15.78,47.35,1422.46,12.04
NSE:LT,LONG,20,2025-06-27T09:15:00+05:30,3701.5,2025-07-02T10:15:00+05:30,3633.1,breakout_up,breakout_down,-1368.0,226.24,14.67,44.01,-1652.92,5.04
NSE:NIFTY,LONG,4.284615773637986,2025-06-20T13:15:00+05:30,25049.65,2025-07-02T12:15:00+05:30,25463.1,breakout_up,breakout_down,1771.47,75.84,4.33,21.64,1669.66,11.96
NSE:BANKNIFTY,LONG,1.3526193387090177,2025-06-20T11:15:00+05:30,56165.75,2025-07-02T12:15:00+05:30,57043.3,breakout_up,breakout_down,1186.99,67.46,3.06,15.31,1101.16,12.04
NSE:SENSEX,LONG,1.2830463563928252,2025-06-20T13:15:00+05:30,82210.02,2025-07-02T12:15:00+05:30,83420.77,breakout_up,breakout_down,1553.45,75.31,4.25,21.25,1452.64,11.96
NSE:TATACONSUM,SHORT,115,2025-06-30T10:15:00+05:30,1098.9,2025-07-03T09:15:00+05:30,1101.8,breakout_down,breakout_up,-333.5,344.38,25.31,75.92,-779.12,2.96
NSE:SBIN,LONG,90,2025-06-24T09:15:00+05:30,803.0,2025-07-03T14:15:00+05:30,807.2,breakout_up,breakout_down,378.0,224.14,14.49,43.48,95.89,9.21
NSE:BHARTIARTL,LONG,30,2025-06-20T10:15:00+05:30,1916.0,2025-07-04T10:15:00+05:30,2009.6,breakout_up,breakout_down,2808.0,193.79,11.78,35.33,2567.11,14.0
NSE:ADANIGREEN,LONG,130,2025-06-24T10:15:00+05:30,995.5,2025-07-04T12:15:00+05:30,994.5,breakout_up,breakout_down,-130.0,350.61,25.87,77.61,-584.09,10.08
NSE:ITC,SHORT,135,2025-07-01T14:15:00+05:30,415.0,2025-07-07T11:15:00+05:30,416.45,breakout_down,breakout_up,-195.75,187.88,11.22,33.67,-428.52,5.88
NSE:NIFTY,SHORT,4.288471690232769,2025-07-02T13:15:00+05:30,25415.3,2025-07-08T14:15:00+05:30,25536.0,breakout_down,breakout_up,-517.62,75.91,4.37,21.85,-619.75,6.04
NSE:BANKNIFTY,SHORT,1.354741611856879,2025-07-02T13:15:00+05:30,56888.15,2025-07-08T14:15:00+05:30,57271.35,breakout_down,breakout_up,-519.14,67.51,3.09,15.47,-605.2,6.04
NSE:SENSEX,SHORT,1.2838220751748965,2025-07-02T13:15:00+05:30,83288.46,2025-07-08T14:15:00+05:30,83748.2,breakout_down,breakout_up,-590.22,75.37,4.29,21.44,-691.32,6.04
NSE:LT,SHORT,20,2025-07-02T11:15:00+05:30,3629.0,2025-07-08T14:15:00+05:30,3610.3,breakout_down,breakout_up,374.0,223.99,14.48,43.44,92.09,6.12
NSE:HDFCBANK,SHORT,160,2025-07-02T11:15:00+05:30,498.25,2025-07-09T09:15:00+05:30,501.88,breakout_down,breakout_up,-580.0,240.99,16.0,48.01,-885.0,6.92
NSE:TATASTEEL,LONG,495,2025-06-24T10:15:00+05:30,155.6,2025-07-09T09:15:00+05:30,159.27,breakout_up,breakout_down,1816.65,236.19,15.59,46.76,1518.12,14.96
NSE:BHARTIARTL,SHORT,30,2025-07-04T11:15:00+05:30,2007.4,2025-07-09T09:15:00+05:30,2036.2,breakout_down,breakout_up,-864.0,198.0,12.13,36.39,-1110.52,4.92
NSE:RELIANCE,LONG,10,2025-06-20T09:15:00+05:30,1447.8,2025-07-09T14:15:00+05:30,1519.2,breakout_up,breakout_down,714.0,96.05,2.97,8.9,606.09,19.21
NSE:INFY,LONG,70,2025-07-08T12:15:00+05:30,1645.0,2025-07-10T09:15:00+05:30,1620.8,breakout_up,breakout_down,-1694.0,317.29,22.86,68.58,-2102.73,1.88
NSE:HDFCBANK,LONG,160,2025-07-09T12:15:00+05:30,502.5,2025-07-11T11:15:00+05:30,496.6,breakout_up,breakout_down,-944.0,240.84,15.99,47.96,-1248.78,1.96
NSE:ADANIGREEN,SHORT,130,2025-07-07T11:15:00+05:30,989.2,2025-07-14T10:15:00+05:30,1021.6,breakout_down,breakout_up,-4212.0,353.92,26.14,78.42,-4670.49,6.96
NSE:ICICIBANK,SHORT,35,2025-07-02T12:15:00+05:30,1426.5,2025-07-15T14:15:00+05:30,1431.3,breakout_down,breakout_up,-168.0,174.29,10.0,30.01,-382.3,13.08
NSE:HDFCBANK,SHORT,160,2025-07-11T12:15:00+05:30,496.2,2025-07-16T09:15:00+05:30,501.75,breakout_down,breakout_up,-888.0,240.63,15.97,47.9,-1192.5,4.88
NSE:BANKNIFTY,SHORT,1.3425113749351203,2025-07-10T15:15:00+05:30,56956.95,2025-07-16T12:15:00+05:30,57249.6,breakout_down,breakout_up,-392.89,67.34,3.07,15.33,-478.63,5.88
NSE:INFY,SHORT,70,2025-07-10T12:15:00+05:30,1613.6,2025-07-16T12:15:00+05:30,1608.5,breakout_down,breakout_up,357.0,313.74,22.55,67.66,-46.96,6.0
NSE:TATACONSUM,SHORT,115,2025-07-04T12:15:00+05:30,1083.6,2025-07-17T10:15:00+05:30,1092.6,breakout_down,breakout_up,-1035.0,341.31,25.03,75.08,-1476.41,12.92
NSE:TATASTEEL,SHORT,495,2025-07-09T10:15:00+05:30,159.11,2025-07-18T09:15:00+05:30,161.84,breakout_down,breakout_up,-1351.35,239.77,15.89,47.66,-1654.67,8.96
NSE:HINDUNILVR,LONG,35,2025-06-27T14:15:00+05:30,2306.7,2025-07-18T09:15:00+05:30,2498.3,breakout_up,breakout_down,6706.0,249.51,16.82,50.45,6389.22,20.79
NSE:ICICIBANK,SHORT,35,2025-07-17T09:15:00+05:30,1413.0,2025-07-21T09:15:00+05:30,1459.8,breakout_down,breakout_up,-1638.0,174.98,10.05,30.16,-1853.2,4.0
NSE:ITC,LONG,130,2025-07-08T15:15:00+05:30,418.0,2025-07-21T13:15:00+05:30,419.0,breakout_up,breakout_down,130.0,184.03,10.88,32.64,-97.56,12.92
NSE:HDFCBANK,SHORT,155,2025-07-18T09:15:00+05:30,493.52,2025-07-22T09:15:00+05:30,503.25,breakout_down,breakout_up,-1507.38,234.93,15.45,46.35,-1804.1,4.0
NSE:ADANIGREEN,LONG,120,2025-07-16T09:15:00+05:30,1047.8,2025-07-22T13:15:00+05:30,1018.3,breakout_up,breakout_down,-3540.0,338.9,24.79,74.38,-3978.08,6.17
NSE:SBIN,LONG,85,2025-07-15T09:15:00+05:30,820.5,2025-07-22T14:15:00+05:30,815.4,breakout_up,breakout_down,-433.5,217.68,13.91,41.72,-706.8,7.21
NSE:TATACONSUM,LONG,110,2025-07-17T12:15:00+05:30,1097.0,2025-07-23T09:15:00+05:30,1073.8,breakout_up,breakout_down,-2552.0,328.67,23.88,71.64,-2976.18,5.88
NSE:BHARTIARTL,SHORT,30,2025-07-10T09:15:00+05:30,1987.4,2025-07-23T10:15:00+05:30,1924.5,breakout_down,breakout_up,1887.0,193.4,11.74,35.21,1646.66,13.04
NSE:SENSEX,SHORT,1.2754399572127535,2025-07-10T10:15:00+05:30,83295.42,2025-07-23T12:15:00+05:30,82539.92,breakout_down,breakout_up,963.59,75.12,4.23,21.15,863.09,13.08
NSE:NIFTY,SHORT,4.264537400371382,2025-07-10T09:15:00+05:30,25413.05,2025-07-23T13:15:00+05:30,25208.05,breakout_down,breakout_up,874.23,75.69,4.32,21.59,772.64,13.17
NSE:NIFTY,LONG,4.326121350218709,2025-07-23T14:15:00+05:30,25229.35,2025-07-25T09:15:00+05:30,24903.3,breakout_up,breakout_down,-1410.53,75.61,4.34,21.69,-1512.17,1.79
NSE:SENSEX,LONG,1.295192944697675,2025-07-23T13:15:00+05:30,82689.47,2025-07-25T09:15:00+05:30,81772.7,breakout_up,breakout_down,-1187.39,75.12,4.26,21.3,-1288.08,1.83
NSE:TATASTEEL,LONG,475,2025-07-18T15:15:00+05:30,162.5,2025-07-25T09:15:00+05:30,161.78,breakout_up,breakout_down,-342.0,234.32,15.4,46.21,-637.93,6.75
NSE:HDFCBANK,LONG,150,2025-07-23T12:15:00+05:30,505.02,2025-07-25T10:15:00+05:30,500.15,breakout_up,breakout_down,-731.25,230.73,15.08,45.23,-1022.29,1.92
NSE:BHARTIARTL,LONG,35,2025-07-23T13:15:00+05:30,1936.0,2025-07-28T09:15:00+05:30,1916.5,breakout_up,breakout_down,-682.5,213.02,13.48,40.45,-949.45,4.83
NSE:LT,SHORT,20,2025-07-11T10:15:00+05:30,3555.5,2025-07-29T13:15:00+05:30,3486.7,breakout_down,breakout_up,1376.0,219.54,14.08,42.25,1100.13,18.12
NSE:RELIANCE,SHORT,10,2025-07-10T10:15:00+05:30,1510.0,2025-07-29T14:15:00+05:30,1415.9,breakout_down,breakout_up,941.0,95.57,2.93,8.78,833.72,19.17
NSE:TATACONSUM,SHORT,110,2025-07-23T11:15:00+05:30,1066.0,2025-07-30T10:15:00+05:30,1082.1,breakout_down,breakout_up,-1771.0,325.84,23.63,70.89,-2191.35,6.96
NSE:ICICIBANK,LONG,30,2025-07-22T09:15:00+05:30,1477.0,2025-07-31T09:15:00+05:30,1466.1,breakout_up,breakout_down,-327.0,161.27,8.83,26.49,-523.59,9.0
NSE:HINDUNILVR,SHORT,35,2025-07-18T10:15:00+05:30,2490.0,2025-07-31T09:15:00+05:30,2525.1,breakout_down,breakout_up,-1228.5,258.27,17.55,52.66,-1556.99,12.96
NSE:SENSEX,SHORT,1.2965265911226145,2025-07-25T10:15:00+05:30,81613.9,2025-07-31T12:15:00+05:30,81625.13,breakout_down,breakout_up,-14.56,75.05,4.23,21.16,-115.01,6.08
NSE:INFY,SHORT,75,2025-07-23T15:15:00+05:30,1558.9,2025-07-31T13:15:00+05:30,1523.5,breakout_down,breakout_up,2655.0,319.82,23.12,69.35,2242.7,7.92
NSE:ITC,SHORT,130,2025-07-22T10:15:00+05:30,418.25,2025-07-31T13:15:00+05:30,413.35,breakout_down,breakout_up,637.0,183.21,10.81,32.43,410.54,9.12
NSE:LT,LONG,20,2025-07-29T14:15:00+05:30,3495.6,2025-08-01T14:15:00+05:30,3584.0,breakout_up,breakout_down,1768.0,220.34,14.16,42.48,1491.03,3.0
NSE:HDFCBANK,LONG,145,2025-07-29T13:15:00+05:30,506.05,2025-08-04T09:15:00+05:30,499.68,breakout_up,breakout_down,-924.38,225.25,14.58,43.75,-1207.96,5.83
NSE:TCS,SHORT,20,2025-07-03T13:15:00+05:30,3410.6,2025-08-04T14:15:00+05:30,3074.1,breakout_down,breakout_up,6730.0,206.74,12.97,38.91,6471.38,32.04
NSE:BHARTIARTL,SHORT,35,2025-07-28T10:15:00+05:30,1905.1,2025-08-05T09:15:00+05:30,1927.0,breakout_down,breakout_up,-766.5,212.23,13.41,40.24,-1032.38,7.96
NSE:ITC,LONG,135,2025-08-01T09:15:00+05:30,416.95,2025-08-06T09:15:00+05:30,412.3,breakout_up,breakout_down,-627.75,187.58,11.19,33.58,-860.11,5.0
NSE:TCS,LONG,20,2025-08-04T15:15:00+05:30,3078.7,2025-08-07T10:15:00+05:30,3014.0,breakout_up,breakout_down,-1294.0,198.63,12.19,36.56,-1541.38,2.79
NSE:HINDUNILVR,LONG,35,2025-07-31T13:15:00+05:30,2537.1,2025-08-07T12:15:00+05:30,2497.9,breakout_up,breakout_down,-1372.0,259.06,17.62,52.87,-1701.55,6.96
NSE:HDFCBANK,SHORT,145,2025-08-04T13:15:00+05:30,497.65,2025-08-07T14:15:00+05:30,498.85,breakout_down,breakout_up,-174.0,223.71,14.45,43.35,-455.5,3.04
NSE:BANKNIFTY,SHORT,1.3376995894641543,2025-07-17T15:15:00+05:30,56805.1,2025-08-07T15:15:00+05:30,55591.35,breakout_down,breakout_up,1623.63,67.13,3.01,15.04,1538.46,21.0
NSE:BHARTIARTL,LONG,30,2025-08-05T10:15:00+05:30,1933.7,2025-08-08T09:15:00+05:30,1867.5,breakout_up,breakout_down,-1986.0,190.0,11.4,34.21,-2221.61,2.96
NSE:ITC,SHORT,135,2025-08-06T10:15:00+05:30,411.1,2025-08-11T09:15:00+05:30,416.15,breakout_down,breakout_up,-681.75,187.28,11.17,33.5,-913.7,4.96
NSE:SBIN,SHORT,85,2025-07-23T09:15:00+05:30,813.5,2025-08-11T09:15:00+05:30,819.4,breakout_down,breakout_up,-501.5,217.4,13.88,41.64,-774.42,19.0
NSE:HCLTECH,SHORT,40,2025-07-08T09:15:00+05:30,1691.7,2025-08-11T10:15:00+05:30,1484.3,breakout_down,breakout_up,8296.0,203.68,12.7,38.11,8041.51,34.04
NSE:NIFTY,SHORT,4.328269981031412,2025-07-25T10:15:00+05:30,24868.5,2025-08-12T09:15:00+05:30,24662.35,breakout_down,breakout_up,892.27,75.49,4.29,21.44,791.06,17.96
NSE:SENSEX,SHORT,1.3125330671642494,2025-08-01T14:15:00+05:30,80531.25,2025-08-12T09:15:00+05:30,80856.38,breakout_down,breakout_up,-426.74,75.04,4.24,21.18,-527.2,10.79
NSE:TATASTEEL,SHORT,470,2025-07-25T10:15:00+05:30,161.74,2025-08-12T09:15:00+05:30,161.05,breakout_down,breakout_up,324.3,231.69,15.17,45.51,31.92,17.96
NSE:BHARTIARTL,SHORT,35,2025-08-08T14:15:00+05:30,1857.4,2025-08-13T14:15:00+05:30,1867.9,breakout_down,breakout_up,-367.5,208.05,13.04,39.12,-627.7,5.0
NSE:INFY,SHORT,80,2025-08-01T09:15:00+05:30,1491.8,2025-08-14T09:15:00+05:30,1449.5,breakout_down,breakout_up,3384.0,324.35,23.53,70.59,2965.53,13.0
NSE:ITC,LONG,130,2025-08-11T15:15:00+05:30,417.0,2025-08-14T11:15:00+05:30,412.35,breakout_up,breakout_down,-604.5,182.98,10.78,32.34,-830.61,2.83
NSE:TCS,LONG,20,2025-08-12T09:15:00+05:30,3075.1,2025-08-14T12:15:00+05:30,3025.4,breakout_up,breakout_down,-994.0,198.79,12.2,36.6,-1241.59,2.12
NSE:TATASTEEL,LONG,470,2025-08-13T09:15:00+05:30,161.97,2025-08-14T13:15:00+05:30,155.95,breakout_up,breakout_down,-2829.4,229.38,14.94,44.83,-3118.55,1.17
NSE:BANKNIFTY,SHORT,1.4114042997145242,2025-08-08T15:15:00+05:30,54925.45,2025-08-18T09:15:00+05:30,56030.95,breakout_down,breakout_up,-1560.31,67.67,3.13,15.66,-1646.77,9.75
NSE:ICICIBANK,SHORT,30,2025-08-05T09:15:00+05:30,1452.7,2025-08-18T09:15:00+05:30,1447.0,breakout_down,breakout_up,171.0,159.78,8.7,26.1,-23.58,13.0
NSE:HCLTECH,LONG,50,2025-08-11T11:15:00+05:30,1487.6,2025-08-18T09:15:00+05:30,1485.4,breakout_up,breakout_down,-110.0,228.32,14.87,44.59,-397.78,6.92
NSE:TATACONSUM,SHORT,110,2025-08-06T09:15:00+05:30,1058.9,2025-08-18T09:15:00+05:30,1081.3,breakout_down,breakout_up,-2464.0,324.92,23.54,70.63,-2883.09,12.0
NSE:ADANIGREEN,SHORT,120,2025-07-25T09:15:00+05:30,1006.4,2025-08-18T09:15:00+05:30,952.2,breakout_down,breakout_up,6504.0,323.82,23.5,70.51,6086.17,24.0
NSE:LT,LONG,20,2025-08-05T13:15:00+05:30,3643.7,2025-08-18T11:15:00+05:30,3625.1,breakout_up,breakout_down,-372.0,224.7,14.54,43.61,-654.85,12.92
NSE:RELIANCE,SHORT,10,2025-08-07T09:15:00+05:30,1382.3,2025-08-19T09:15:00+05:30,1413.3,breakout_down,breakout_up,-310.0,94.22,2.8,8.39,-415.4,12.0
NSE:TCS,SHORT,20,2025-08-18T11:15:00+05:30,3004.5,2025-08-20T10:15:00+05:30,3059.4,breakout_down,breakout_up,-1098.0,197.98,12.13,36.38,-1344.49,1.96
NSE:TATASTEEL,SHORT,475,2025-08-14T14:15:00+05:30,154.99,2025-08-20T10:15:00+05:30,161.52,breakout_down,breakout_up,-3101.75,230.43,15.03,45.1,-3392.31,5.83
NSE:SBIN,LONG,85,2025-08-11T13:15:00+05:30,823.7,2025-08-21T14:15:00+05:30,825.75,breakout_up,breakout_down,174.25,218.91,14.02,42.06,-100.75,10.04
NSE:HDFCBANK,LONG,145,2025-08-07T15:15:00+05:30,499.5,2025-08-22T09:15:00+05:30,491.32,breakout_up,breakout_down,-1185.38,222.87,14.37,43.1,-1465.71,14.75
NSE:NIFTY,LONG,4.3391162617037216,2025-08-18T09:15:00+05:30,24988.1,2025-08-22T10:15:00+05:30,24909.05,breakout_up,breakout_down,-343.01,75.66,4.33,21.65,-444.65,4.04
NSE:SENSEX,LONG,1.2884725770399117,2025-08-18T09:15:00+05:30,81627.12,2025-08-22T10:15:00+05:30,81441.42,breakout_up,breakout_down,-239.27,74.83,4.2,21.01,-339.31,4.04
NSE:RELIANCE,LONG,10,2025-08-19T14:15:00+05:30,1419.5,2025-08-22T14:15:00+05:30,1409.0,breakout_up,breakout_down,-105.0,94.57,2.83,8.49,-210.88,3.0
NSE:ICICIBANK,LONG,30,2025-08-21T09:15:00+05:30,1443.6,2025-08-25T09:15:00+05:30,1425.0,breakout_up,breakout_down,-558.0,158.8,8.61,25.82,-751.22,4.0
NSE:BHARTIARTL,LONG,30,2025-08-14T09:15:00+05:30,1872.6,2025-08-25T09:15:00+05:30,1915.8,breakout_up,breakout_down,1296.0,189.33,11.37,34.1,1061.21,11.0
NSE:HCLTECH,SHORT,50,2025-08-19T09:15:00+05:30,1474.2,2025-08-25T11:15:00+05:30,1505.9,breakout_down,breakout_up,-1585.0,228.83,14.9,44.7,-1873.43,6.08
NSE:HDFCBANK,SHORT,145,2025-08-22T10:15:00+05:30,490.75,2025-08-26T09:15:00+05:30,969.1,breakout_down,breakout_up,-69360.75,303.55,21.17,63.5,-69748.98,3.96
NSE:ADANIGREEN,LONG,130,2025-08-19T14:15:00+05:30,972.85,2025-08-26T09:15:00+05:30,948.8,breakout_up,breakout_down,-3126.5,340.96,24.98,74.94,-3567.39,6.79
NSE:TATACONSUM,LONG,105,2025-08-19T15:15:00+05:30,1091.4,2025-08-28T12:15:00+05:30,1066.5,breakout_up,breakout_down,-2614.5,315.11,22.66,67.97,-3020.24,8.88
NSE:INFY,LONG,80,2025-08-14T10:15:00+05:30,1467.8,2025-08-28T14:15:00+05:30,1500.6,breakout_up,breakout_down,2624.0,326.82,23.75,71.24,2202.19,14.17
NSE:LT,SHORT,20,2025-08-19T13:15:00+05:30,3616.7,2025-08-29T10:15:00+05:30,3607.7,breakout_down,breakout_up,180.0,223.68,14.45,43.35,-101.47,9.88
NSE:ITC,SHORT,130,2025-08-18T09:15:00+05:30,410.35,2025-08-29T13:15:00+05:30,410.15,breakout_down,breakout_up,26.0,181.66,10.67,32.0,-198.32,11.17
NSE:HINDUNILVR,LONG,35,2025-08-12T09:15:00+05:30,2532.0,2025-09-01T09:15:00+05:30,2640.0,breakout_up,breakout_down,3780.0,264.0,18.1,54.31,3443.59,20.0
NSE:TATASTEEL,SHORT,445,2025-08-26T09:15:00+05:30,157.7,2025-09-01T14:15:00+05:30,156.14,breakout_down,breakout_up,694.2,218.27,13.97,41.9,420.07,6.21
NSE:NIFTY,SHORT,4.34131989907775,2025-08-22T14:15:00+05:30,24873.3,2025-09-02T09:15:00+05:30,24728.75,breakout_down,breakout_up,627.54,75.59,4.31,21.53,526.1,10.79
NSE:SENSEX,SHORT,1.2890821441829001,2025-08-22T14:15:00+05:30,81326.09,2025-09-02T09:15:00+05:30,80685.66,breakout_down,breakout_up,825.57,74.76,4.18,20.88,725.75,10.79
NSE:TATACONSUM,SHORT,105,2025-08-28T15:15:00+05:30,1060.2,2025-09-02T09:15:00+05:30,1090.1,breakout_down,breakout_up,-3139.5,314.26,22.58,67.73,-3544.07,4.75
NSE:ADANIGREEN,SHORT,130,2025-08-26T14:15:00+05:30,934.0,2025-09-02T09:15:00+05:30,939.6,breakout_down,breakout_up,-728.0,333.84,24.36,73.07,-1159.27,6.79
NSE:BHARTIARTL,SHORT,30,2025-08-28T14:15:00+05:30,1881.3,2025-09-02T09:15:00+05:30,1907.6,breakout_down,breakout_up,-789.0,189.5,11.37,34.1,-1023.97,4.79
NSE:INFY,SHORT,80,2025-08-29T09:15:00+05:30,1478.4,2025-09-02T11:15:00+05:30,1507.2,breakout_down,breakout_up,-2304.0,328.72,23.88,71.65,-2728.26,4.08
NSE:SBIN,SHORT,85,2025-08-21T15:15:00+05:30,824.05,2025-09-03T14:15:00+05:30,812.15,breakout_down,breakout_up,1011.5,217.6,13.91,41.72,738.27,12.96
NSE:BANKNIFTY,SHORT,1.3711037844834582,2025-08-22T09:15:00+05:30,55342.4,2025-09-04T09:15:00+05:30,54221.2,breakout_down,breakout_up,1537.28,67.11,3.0,15.02,1452.15,13.0
NSE:TATACONSUM,LONG,100,2025-09-02T14:15:00+05:30,1099.3,2025-09-04T14:15:00+05:30,1071.0,breakout_up,breakout_down,-2830.0,304.51,21.7,65.11,-3221.32,2.0
NSE:TCS,LONG,20,2025-08-20T11:15:00+05:30,3085.7,2025-09-05T09:15:00+05:30,3049.9,breakout_up,breakout_down,-716.0,199.54,12.27,36.81,-964.63,15.92
NSE:HINDUNILVR,LONG,35,2025-09-04T09:15:00+05:30,2700.4,2025-09-05T09:15:00+05:30,2655.0,breakout_up,breakout_down,-1589.0,271.54,18.74,56.23,-1935.51,1.0
NSE:BHARTIARTL,SHORT,30,2025-09-03T09:15:00+05:30,1875.0,2025-09-05T13:15:00+05:30,1906.5,breakout_down,breakout_up,-945.0,189.26,11.34,34.03,-1179.64,2.17
NSE:RELIANCE,SHORT,10,2025-08-26T09:15:00+05:30,1402.1,2025-09-08T12:15:00+05:30,1384.0,breakout_down,breakout_up,181.0,94.08,2.79,8.36,75.78,13.12
NSE:LT,LONG,20,2025-08-29T11:15:00+05:30,3613.0,2025-09-08T13:15:00+05:30,3543.5,breakout_up,breakout_down,-1390.0,222.28,14.31,42.94,-1669.54,10.08
NSE:INFY,SHORT,80,2025-09-04T09:15:00+05:30,1471.5,2025-09-09T09:15:00+05:30,1487.0,breakout_down,breakout_up,-1240.0,326.23,23.67,71.0,-1660.9,5.0
NSE:TCS,SHORT,20,2025-09-05T10:15:00+05:30,3041.7,2025-09-10T09:15:00+05:30,3106.5,breakout_down,breakout_up,-1296.0,199.87,12.3,36.89,-1545.05,4.96
NSE:HCLTECH,SHORT,50,2025-08-28T09:15:00+05:30,1453.0,2025-09-10T09:15:00+05:30,1460.0,breakout_down,breakout_up,-350.0,225.01,14.57,43.69,-633.27,13.0
NSE:ADANIGREEN,SHORT,130,2025-09-04T14:15:00+05:30,928.05,2025-09-10T09:15:00+05:30,960.95,breakout_down,breakout_up,-4277.0,336.33,24.56,73.67,-4711.56,5.79
NSE:LT,SHORT,20,2025-09-08T14:15:00+05:30,3532.6,2025-09-12T09:15:00+05:30,3582.8,breakout_down,breakout_up,-1004.0,221.34,14.23,42.69,-1282.26,3.79
NSE:ICICIBANK,SHORT,30,2025-08-26T09:15:00+05:30,1417.2,2025-09-12T12:15:00+05:30,1415.1,breakout_down,breakout_up,63.0,157.55,8.5,25.49,-128.53,17.12
NSE:HCLTECH,LONG,50,2025-09-10T10:15:00+05:30,1468.4,2025-09-15T09:15:00+05:30,1455.7,breakout_up,breakout_down,-635.0,225.64,14.62,43.86,-919.13,4.96
NSE:TCS,LONG,20,2025-09-10T10:15:00+05:30,3115.8,2025-09-15T10:15:00+05:30,3099.7,breakout_up,breakout_down,-322.0,201.29,12.43,37.29,-573.01,5.0
NSE:HCLTECH,SHORT,50,2025-09-15T10:15:00+05:30,1454.1,2025-09-16T14:15:00+05:30,1483.1,breakout_down,breakout_up,-1450.0,226.43,14.69,44.06,-1735.18,1.17
NSE:ITC,LONG,130,2025-09-03T12:15:00+05:30,412.0,2025-09-17T09:15:00+05:30,410.65,breakout_up,breakout_down,-175.5,181.98,10.69,32.08,-400.26,13.88
NSE:ADANIGREEN,LONG,120,2025-09-11T09:15:00+05:30,982.3,2025-09-17T14:15:00+05:30,979.25,breakout_up,breakout_down,-366.0,324.72,23.54,70.62,-784.88,6.21
NSE:HINDUNILVR,SHORT,35,2025-09-05T10:15:00+05:30,2644.3,2025-09-18T09:15:00+05:30,2600.0,breakout_down,breakout_up,1550.5,266.98,18.36,55.07,1210.1,12.96
NSE:ICICIBANK,LONG,30,2025-09-15T09:15:00+05:30,1424.5,2025-09-19T09:15:00+05:30,1405.1,breakout_up,breakout_down,-582.0,157.5,8.49,25.47,-773.46,4.0
NSE:HCLTECH,LONG,50,2025-09-17T09:15:00+05:30,1487.5,2025-09-19T12:15:00+05:30,1470.3,breakout_up,breakout_down,-860.0,227.53,14.79,44.37,-1146.69,2.12
NSE:TCS,LONG,20,2025-09-17T09:15:00+05:30,3165.5,2025-09-22T09:15:00+05:30,3100.3,breakout_up,breakout_down,-1304.0,202.48,12.53,37.59,-1556.61,5.0
NSE:INFY,LONG,80,2025-09-09T10:15:00+05:30,1496.7,2025-09-22T09:15:00+05:30,1507.5,breakout_up,breakout_down,864.0,330.13,24.03,72.1,437.73,12.96
NSE:LT,LONG,20,2025-09-12T10:15:00+05:30,3588.5,2025-09-22T12:15:00+05:30,3652.5,breakout_up,breakout_down,1280.0,223.96,14.48,43.45,998.11,10.08
NSE:NIFTY,LONG,4.369012434844298,2025-09-04T09:15:00+05:30,24835.7,2025-09-22T14:15:00+05:30,25195.55,breakout_up,breakout_down,1572.19,76.11,4.37,21.86,1469.85,18.21
NSE:BANKNIFTY,LONG,1.4155594544889358,2025-09-10T10:15:00+05:30,54627.15,2025-09-22T14:15:00+05:30,55273.65,breakout_up,breakout_down,915.16,67.75,3.11,15.56,828.74,12.17
NSE:SENSEX,LONG,1.3036185659057473,2025-09-04T09:15:00+05:30,80974.29,2025-09-22T14:15:00+05:30,82134.93,breakout_up,breakout_down,1513.03,75.32,4.25,21.26,1412.2,18.21
NSE:RELIANCE,LONG,10,2025-09-12T09:15:00+05:30,1391.1,2025-09-22T14:15:00+05:30,1390.2,breakout_up,breakout_down,-9.0,94.04,2.78,8.34,-114.16,10.21
NSE:BHARTIARTL,LONG,30,2025-09-11T14:15:00+05:30,1912.4,2025-09-24T09:15:00+05:30,1923.3,breakout_up,breakout_down,327.0,190.98,11.51,34.52,90.0,12.79
NSE:LT,SHORT,20,2025-09-22T13:15:00+05:30,3649.4,2025-09-24T11:15:00+05:30,3699.2,breakout_down,breakout_up,-996.0,226.52,14.7,44.09,-1281.31,1.92
NSE:ADANIGREEN,LONG,115,2025-09-19T09:15:00+05:30,1008.7,2025-09-25T14:15:00+05:30,1077.95,breakout_up,breakout_down,7963.75,329.19,24.0,71.99,7538.58,6.21
NSE:TATASTEEL,LONG,445,2025-09-02T09:15:00+05:30,157.25,2025-09-26T09:15:00+05:30,170.33,breakout_up,breakout_down,5820.6,224.68,14.58,43.73,5537.61,24.0
NSE:ITC,SHORT,130,2025-09-17T12:15:00+05:30,409.55,2025-09-26T12:15:00+05:30,404.8,breakout_down,breakout_up,617.5,180.72,10.59,31.76,394.43,9.0
NSE:TATACONSUM,LONG,95,2025-09-09T14:15:00+05:30,1082.7,2025-09-26T14:15:00+05:30,1118.3,breakout_up,breakout_down,3382.0,295.23,20.91,62.73,3003.13,17.0
NSE:BANKNIFTY,SHORT,1.4178629427348108,2025-09-24T10:15:00+05:30,55121.15,2025-10-01T09:15:00+05:30,54940.65,breakout_down,breakout_up,255.92,67.76,3.12,15.61,169.44,6.96
NSE:ITC,LONG,130,2025-09-29T09:15:00+05:30,406.5,2025-10-01T09:15:00+05:30,400.05,breakout_up,breakout_down,-838.5,179.71,10.49,31.46,-1060.15,2.0
NSE:TATACONSUM,SHORT,95,2025-09-29T09:15:00+05:30,1108.3,2025-10-01T09:15:00+05:30,1134.2,breakout_down,breakout_up,-2460.5,300.05,21.3,63.91,-2845.76,2.0
NSE:ICICIBANK,SHORT,30,2025-09-24T09:15:00+05:30,1381.2,2025-10-01T10:15:00+05:30,1371.3,breakout_down,breakout_up,297.0,154.87,8.26,24.77,109.1,7.04
NSE:LT,LONG,20,2025-09-24T12:15:00+05:30,3707.0,2025-10-01T10:15:00+05:30,3626.0,breakout_up,breakout_down,-1620.0,226.22,14.67,44.0,-1904.89,6.92
NSE:NIFTY,SHORT,4.37250758106328,2025-09-23T09:15:00+05:30,25151.0,2025-10-01T11:15:00+05:30,24803.35,breakout_down,breakout_up,1520.1,76.08,4.37,21.84,1417.81,8.08
NSE:SENSEX,SHORT,1.3072084783218083,2025-09-23T10:15:00+05:30,81829.0,2025-10-01T11:15:00+05:30,80912.37,breakout_down,breakout_up,1198.23,75.3,4.25,21.27,1097.4,8.04
NSE:TATASTEEL,SHORT,450,2025-09-26T10:15:00+05:30,168.66,2025-10-03T09:15:00+05:30,173.0,breakout_down,breakout_up,-1953.0,234.12,15.37,46.12,-2248.62,6.96
NSE:ADANIGREEN,SHORT,115,2025-09-26T09:15:00+05:30,1075.5,2025-10-03T09:15:00+05:30,1073.4,breakout_down,breakout_up,241.5,337.72,24.71,74.14,-195.07,7.0
NSE:TCS,SHORT,20,2025-09-23T09:15:00+05:30,3057.5,2025-10-06T09:15:00+05:30,2946.6,breakout_down,breakout_up,2218.0,196.4,12.01,36.02,1973.57,13.0
NSE:INFY,SHORT,80,2025-09-25T13:15:00+05:30,1479.0,2025-10-06T09:15:00+05:30,1455.5,breakout_down,breakout_up,1880.0,323.86,23.48,70.43,1462.24,10.83
NSE:HCLTECH,SHORT,50,2025-09-19T14:15:00+05:30,1466.0,2025-10-06T09:15:00+05:30,1410.5,breakout_down,breakout_up,2775.0,222.74,14.38,43.15,2494.73,16.79
NSE:RELIANCE,SHORT,10,2025-09-23T09:15:00+05:30,1383.5,2025-10-07T09:15:00+05:30,1387.9,breakout_down,breakout_up,-44.0,93.93,2.77,8.31,-149.02,14.0
NSE:BHARTIARTL,SHORT,30,2025-09-26T13:15:00+05:30,1915.8,2025-10-07T09:15:00+05:30,1933.7,breakout_down,breakout_up,-537.0,191.5,11.55,34.65,-774.69,10.83
NSE:TATACONSUM,LONG,90,2025-10-01T14:15:00+05:30,1145.2,2025-10-07T14:15:00+05:30,1119.2,breakout_up,breakout_down,-2340.0,289.77,20.38,61.14,-2711.29,6.0
NSE:SBIN,LONG,85,2025-09-03T15:15:00+05:30,813.0,2025-10-08T10:15:00+05:30,859.0,breakout_up,breakout_down,3910.0,220.76,14.21,42.64,3632.39,34.79
NSE:ITC,SHORT,130,2025-10-08T11:15:00+05:30,398.5,2025-10-10T09:15:00+05:30,402.35,breakout_down,breakout_up,-500.5,178.86,10.41,31.23,-721.0,1.92
NSE:INFY,LONG,80,2025-10-06T10:15:00+05:30,1462.9,2025-10-13T11:15:00+05:30,1485.1,breakout_up,breakout_down,1776.0,325.07,23.58,70.75,1356.6,7.04
NSE:TCS,LONG,20,2025-10-06T10:15:00+05:30,2953.5,2025-10-14T10:15:00+05:30,2978.2,breakout_up,breakout_down,494.0,194.92,11.86,35.59,251.62,8.0
NSE:NIFTY,LONG,4.48732030609693,2025-10-01T14:15:00+05:30,24822.5,2025-10-14T11:15:00+05:30,25118.35,breakout_up,breakout_down,1327.57,76.81,4.48,22.41,1223.87,12.88
NSE:TATASTEEL,LONG,425,2025-10-03T10:15:00+05:30,174.1,2025-10-14T11:15:00+05:30,170.8,breakout_up,breakout_down,-1402.5,226.12,14.66,43.97,-1687.25,11.04
NSE:SENSEX,LONG,1.3307893095337073,2025-10-03T14:15:00+05:30,81201.19,2025-10-14T12:15:00+05:30,81830.33,breakout_up,breakout_down,837.25,75.83,4.34,21.7,735.39,10.92
NSE:LT,LONG,20,2025-10-03T14:15:00+05:30,3730.8,2025-10-14T12:15:00+05:30,3738.7,breakout_up,breakout_down,158.0,229.12,14.94,44.82,-130.88,10.92
NSE:NIFTY,SHORT,4.489176170969106,2025-10-14T12:15:00+05:30,25084.05,2025-10-16T09:15:00+05:30,25423.45,breakout_down,breakout_up,-1523.63,76.9,4.53,22.67,-1627.73,1.88
NSE:ITC,SHORT,130,2025-10-14T09:15:00+05:30,397.9,2025-10-16T09:15:00+05:30,401.2,breakout_down,breakout_up,-429.0,178.6,10.39,31.16,-649.15,2.0
NSE:ADANIGREEN,SHORT,115,2025-10-08T09:15:00+05:30,1046.2,2025-10-16T09:15:00+05:30,1058.3,breakout_down,breakout_up,-1391.5,332.17,24.2,72.61,-1820.48,8.0
NSE:HINDUNILVR,SHORT,35,2025-09-19T11:15:00+05:30,2565.0,2025-10-16T12:15:00+05:30,2544.4,breakout_down,breakout_up,721.0,261.8,17.88,53.65,387.67,27.04
NSE:TCS,SHORT,20,2025-10-14T11:15:00+05:30,2969.2,2025-10-17T10:15:00+05:30,2983.1,breakout_down,breakout_up,-278.0,195.44,11.9,35.71,-521.06,2.96
NSE:ICICIBANK,LONG,30,2025-10-01T11:15:00+05:30,1375.2,2025-10-20T14:15:00+05:30,1390.2,breakout_up,breakout_down,450.0,155.29,8.3,24.89,261.53,19.12
NSE:INFY,SHORT,80,2025-10-15T09:15:00+05:30,1473.7,2025-10-23T09:15:00+05:30,1532.9,breakout_down,breakout_up,-4736.0,330.77,24.05,72.16,-5162.98,8.0
NSE:TATASTEEL,SHORT,425,2025-10-14T12:15:00+05:30,169.44,2025-10-23T09:15:00+05:30,175.07,breakout_down,breakout_up,-2392.75,226.01,14.64,43.93,-2677.33,8.88
NSE:HINDUNILVR,LONG,35,2025-10-16T13:15:00+05:30,2552.6,2025-10-24T09:15:00+05:30,2510.0,breakout_up,breakout_down,-1491.0,260.14,17.72,53.16,-1822.02,7.83
NSE:TATACONSUM,LONG,90,2025-10-10T12:15:00+05:30,1129.4,2025-10-24T09:15:00+05:30,1148.5,breakout_up,breakout_down,1719.0,290.81,20.5,61.5,1346.18,13.88
NSE:NIFTY,LONG,4.358760642879424,2025-10-16T10:15:00+05:30,25462.25,2025-10-24T13:15:00+05:30,25755.4,breakout_up,breakout_down,1277.77,76.69,4.46,22.32,1174.29,8.12
NSE:BANKNIFTY,LONG,1.4220124964206282,2025-10-01T10:15:00+05:30,55079.1,2025-10-24T13:15:00+05:30,57613.4,breakout_up,breakout_down,3603.81,68.61,3.21,16.03,3515.96,23.12
NSE:TCS,LONG,20,2025-10-20T09:15:00+05:30,3000.3,2025-10-28T10:15:00+05:30,3053.0,breakout_up,breakout_down,1054.0,197.58,12.11,36.32,807.99,8.04
NSE:INFY,LONG,75,2025-10-23T10:15:00+05:30,1541.3,2025-10-28T10:15:00+05:30,1493.2,breakout_up,breakout_down,-3607.5,316.3,22.76,68.28,-4014.84,5.0
NSE:HCLTECH,LONG,50,2025-10-06T10:15:00+05:30,1414.6,2025-10-28T11:15:00+05:30,1514.2,breakout_up,breakout_down,4980.0,225.48,14.64,43.93,4695.94,22.04
NSE:ADANIGREEN,SHORT,115,2025-10-20T09:15:00+05:30,1030.1,2025-10-29T09:15:00+05:30,1051.0,breakout_down,breakout_up,-2403.5,329.26,23.93,71.8,-2828.49,9.0
NSE:BHARTIARTL,LONG,30,2025-10-07T13:15:00+05:30,1942.6,2025-10-30T09:15:00+05:30,2071.0,breakout_up,breakout_down,3852.0,196.64,12.04,36.12,3607.2,22.83
NSE:NIFTY,LONG,4.300366342780772,2025-10-29T12:15:00+05:30,26080.25,2025-10-31T10:15:00+05:30,25777.2,breakout_up,breakout_down,-1303.23,76.43,4.46,22.3,-1406.42,1.92
NSE:BANKNIFTY,LONG,1.4010585782061793,2025-10-29T13:15:00+05:30,58404.85,2025-10-31T10:15:00+05:30,57758.3,breakout_up,breakout_down,-905.85,68.54,3.26,16.28,-993.92,1.88
NSE:SENSEX,LONG,1.3111600342106444,2025-10-16T09:15:00+05:30,82976.04,2025-10-31T10:15:00+05:30,84080.48,breakout_up,breakout_down,1448.1,76.15,4.38,21.9,1345.66,15.04
NSE:HCLTECH,LONG,50,2025-10-29T11:15:00+05:30,1552.8,2025-11-03T09:15:00+05:30,1532.9,breakout_up,breakout_down,-995.0,234.65,15.43,46.29,-1291.36,4.92
NSE:ITC,LONG,125,2025-10-16T11:15:00+05:30,403.7,2025-11-03T11:15:00+05:30,413.95,breakout_up,breakout_down,1281.25,176.61,10.22,30.66,1063.76,18.0
NSE:TATASTEEL,LONG,390,2025-10-24T09:15:00+05:30,176.64,2025-11-04T09:15:00+05:30,181.53,breakout_up,breakout_down,1907.1,218.21,13.97,41.91,1633.02,11.0
NSE:BHARTIARTL,SHORT,30,2025-10-30T11:15:00+05:30,2059.3,2025-11-04T09:15:00+05:30,2119.9,breakout_down,breakout_up,-1818.0,202.59,12.54,37.61,-2070.74,4.92
NSE:LT,LONG,20,2025-10-15T10:15:00+05:30,3818.3,2025-11-04T09:15:00+05:30,3956.6,breakout_up,breakout_down,2766.0,235.72,15.55,46.65,2468.08,19.96
NSE:RELIANCE,LONG,10,2025-10-07T13:15:00+05:30,1393.3,2025-11-04T14:15:00+05:30,1471.9,breakout_up,breakout_down,786.0,94.91,2.87,8.6,679.63,28.04
NSE:ADANIGREEN,LONG,105,2025-10-29T10:15:00+05:30,1104.6,2025-11-06T09:15:00+05:30,1066.5,breakout_up,breakout_down,-4000.5,316.75,22.8,68.39,-4408.44,7.96
NSE:INFY,SHORT,75,2025-10-28T11:15:00+05:30,1491.5,2025-11-10T09:15:00+05:30,1503.0,breakout_down,breakout_up,-862.5,312.76,22.46,67.38,-1265.1,12.92
NSE:TCS,SHORT,20,2025-10-28T13:15:00+05:30,3044.6,2025-11-10T10:15:00+05:30,3044.3,breakout_down,breakout_up,6.0,198.45,12.18,36.53,-241.16,12.88
NSE:HCLTECH,SHORT,50,2025-11-04T09:15:00+05:30,1527.4,2025-11-10T10:15:00+05:30,1541.8,breakout_down,breakout_up,-720.0,233.71,15.35,46.04,-1015.1,6.04
NSE:TATACONSUM,LONG,85,2025-10-29T09:15:00+05:30,1186.5,2025-11-10T11:15:00+05:30,1151.2,breakout_up,breakout_down,-3000.5,284.16,19.87,59.61,-3364.14,12.08
NSE:ICICIBANK,SHORT,30,2025-10-21T13:45:00+05:30,1381.3,2025-11-11T12:15:00+05:30,1355.0,breakout_down,breakout_up,789.0,154.29,8.21,24.63,601.87,20.94
NSE:LT,SHORT,20,2025-11-04T10:15:00+05:30,3946.0,2025-11-11T13:15:00+05:30,3947.4,breakout_down,breakout_up,-28.0,238.56,15.79,47.36,-329.71,7.12
NSE:NIFTY,SHORT,4.306793316506455,2025-10-31T14:15:00+05:30,25715.75,2025-11-11T14:15:00+05:30,25694.9,breakout_down,breakout_up,89.8,76.34,4.43,22.14,-13.12,11.0
NSE:SENSEX,SHORT,1.3124340717323746,2025-10-31T14:15:00+05:30,83917.74,2025-11-11T14:15:00+05:30,83860.44,breakout_down,breakout_up,75.2,76.18,4.4,22.02,-27.4,11.0
NSE:BANKNIFTY,SHORT,1.4029811393274418,2025-11-06T09:15:00+05:30,57618.5,2025-11-12T09:15:00+05:30,58307.6,breakout_down,breakout_up,-966.79,68.52,3.25,16.26,-1054.83,6.0
NSE:ADANIGREEN,SHORT,105,2025-11-06T11:15:00+05:30,1059.9,2025-11-12T09:15:00+05:30,1088.3,breakout_down,breakout_up,-2982.0,314.0,22.56,67.67,-3386.23,5.92
NSE:BHARTIARTL,SHORT,30,2025-11-07T09:15:00+05:30,2011.5,2025-11-12T09:15:00+05:30,2065.7,breakout_down,breakout_up,-1626.0,199.17,12.23,36.69,-1874.1,5.0
NSE:INFY,LONG,75,2025-11-10T10:15:00+05:30,1518.2,2025-11-14T09:15:00+05:30,1504.5,breakout_up,breakout_down,-1027.5,315.12,22.67,68.01,-1433.31,3.96
NSE:ITC,SHORT,125,2025-11-04T09:15:00+05:30,411.15,2025-11-14T14:15:00+05:30,408.65,breakout_down,breakout_up,312.5,176.98,10.25,30.74,94.53,10.21
NSE:TATACONSUM,SHORT,85,2025-11-10T12:15:00+05:30,1144.7,2025-11-17T12:15:00+05:30,1177.9,breakout_down,breakout_up,-2822.0,282.72,19.74,59.23,-3183.69,7.0
NSE:INFY,SHORT,75,2025-11-14T12:15:00+05:30,1493.6,2025-11-19T09:15:00+05:30,1527.9,breakout_down,breakout_up,-2572.5,315.14,22.66,67.98,-2978.29,4.88
NSE:ITC,LONG,125,2025-11-17T09:15:00+05:30,409.4,2025-11-19T09:15:00+05:30,403.95,breakout_up,breakout_down,-681.25,176.16,10.17,30.5,-898.08,2.0
NSE:ICICIBANK,LONG,35,2025-11-11T13:15:00+05:30,1356.0,2025-11-21T09:15:00+05:30,1368.7,breakout_up,breakout_down,444.5,169.07,9.54,28.61,237.29,9.83
NSE:ITC,SHORT,125,2025-11-19T10:15:00+05:30,403.05,2025-11-21T12:15:00+05:30,407.75,breakout_down,breakout_up,-587.5,175.8,10.13,30.4,-803.84,2.08
NSE:NIFTY,LONG,4.307993461648198,2025-11-11T15:15:00+05:30,25705.55,2025-11-24T14:15:00+05:30,25954.4,breakout_up,breakout_down,1072.04,76.58,4.45,22.26,968.76,12.96
NSE:SENSEX,LONG,1.3123893581831887,2025-11-11T15:15:00+05:30,83899.78,2025-11-24T14:15:00+05:30,84879.97,breakout_up,breakout_down,1286.39,76.46,4.43,22.15,1183.35,12.96
NSE:ITC,LONG,120,2025-11-21T13:15:00+05:30,408.3,2025-11-24T14:15:00+05:30,403.05,breakout_up,breakout_down,-630.0,171.37,9.74,29.21,-840.31,3.04
NSE:BANKNIFTY,LONG,1.3626484546916335,2025-11-13T10:15:00+05:30,58552.15,2025-11-24T15:15:00+05:30,58731.05,breakout_up,breakout_down,243.78,68.25,3.2,15.98,156.35,11.21
NSE:TCS,LONG,20,2025-11-12T09:15:00+05:30,3100.6,2025-11-24T15:15:00+05:30,3134.0,breakout_up,breakout_down,668.0,201.64,12.47,37.41,416.48,12.25
NSE:BHARTIARTL,LONG,30,2025-11-12T13:15:00+05:30,2073.3,2025-11-24T15:15:00+05:30,2145.0,breakout_up,breakout_down,2151.0,203.59,12.65,37.96,1896.79,12.08
NSE:HCLTECH,LONG,50,2025-11-11T09:15:00+05:30,1549.4,2025-11-25T10:15:00+05:30,1597.6,breakout_up,breakout_down,2410.0,237.8,15.74,47.2,2109.26,14.04
NSE:LT,LONG,20,2025-11-11T14:15:00+05:30,3956.0,2025-11-25T14:15:00+05:30,3999.0,breakout_up,breakout_down,860.0,239.86,15.91,47.73,556.5,14.0
NSE:NIFTY,SHORT,4.305735343214952,2025-11-24T15:15:00+05:30,25943.35,2025-11-26T12:15:00+05:30,26184.1,breakout_down,breakout_up,-1036.61,76.64,4.49,22.44,-1140.18,1.88
NSE:SENSEX,SHORT,1.3126445528153254,2025-11-24T15:15:00+05:30,84782.27,2025-11-26T12:15:00+05:30,85545.66,breakout_down,breakout_up,-1002.06,76.53,4.47,22.36,-1105.42,1.88
NSE:HINDUNILVR,SHORT,35,2025-10-30T09:15:00+05:30,2479.0,2025-11-27T09:15:00+05:30,2444.7,breakout_down,breakout_up,1200.5,254.54,17.23,51.7,877.03,28.0
NSE:LT,SHORT,20,2025-11-25T15:15:00+05:30,3982.2,2025-11-27T09:15:00+05:30,4104.7,breakout_down,breakout_up,-2450.0,243.04,16.17,48.52,-2757.74,1.75
NSE:ITC,SHORT,120,2025-11-25T14:15:00+05:30,400.85,2025-11-27T15:15:00+05:30,405.0,breakout_down,breakout_up,-498.0,170.63,9.67,29.01,-707.31,2.04
NSE:TATACONSUM,LONG,80,2025-11-21T13:15:00+05:30,1181.1,2025-12-01T09:15:00+05:30,1163.2,breakout_up,breakout_down,-1432.0,271.64,18.75,56.26,-1778.66,9.83
NSE:NIFTY,LONG,4.2205555975600895,2025-11-26T13:15:00+05:30,26197.6,2025-12-02T09:15:00+05:30,26058.7,breakout_up,breakout_down,-586.24,76.17,4.41,22.06,-688.87,5.83
NSE:BANKNIFTY,LONG,1.344618561442316,2025-11-26T09:15:00+05:30,59453.2,2025-12-02T09:15:00+05:30,59472.45,breakout_up,breakout_down,25.88,68.25,3.2,15.99,-61.55,6.0
NSE:SENSEX,LONG,1.2825084839647078,2025-11-27T09:15:00+05:30,85915.12,2025-12-02T09:15:00+05:30,85265.13,breakout_up,breakout_down,-833.62,76.02,4.39,21.95,-935.98,5.0
NSE:ICICIBANK,LONG,30,2025-11-27T09:15:00+05:30,1389.0,2025-12-02T09:15:00+05:30,1373.1,breakout_up,breakout_down,-477.0,155.25,8.29,24.86,-665.39,5.0
NSE:RELIANCE,LONG,10,2025-11-12T09:15:00+05:30,1504.0,2025-12-02T10:15:00+05:30,1553.1,breakout_up,breakout_down,491.0,97.06,3.06,9.17,381.71,20.04
NSE:LT,LONG,15,2025-11-27T10:15:00+05:30,4126.9,2025-12-02T11:15:00+05:30,4046.8,breakout_up,breakout_down,-1201.5,199.46,12.26,36.78,-1450.0,5.04
NSE:SBIN,LONG,85,2025-10-10T09:15:00+05:30,879.25,2025-12-02T14:15:00+05:30,968.95,breakout_up,breakout_down,7624.5,237.13,15.71,47.13,7324.53,53.21
NSE:TCS,SHORT,20,2025-11-25T10:15:00+05:30,3122.3,2025-12-03T09:15:00+05:30,3165.0,breakout_down,breakout_up,-854.0,202.93,12.57,37.72,-1107.22,7.96
NSE:HINDUNILVR,LONG,35,2025-11-27T10:15:00+05:30,2457.1,2025-12-03T09:15:00+05:30,2454.9,breakout_up,breakout_down,-77.0,254.18,17.19,51.58,-399.95,5.96
NSE:NIFTY,SHORT,4.220404832281703,2025-12-02T12:15:00+05:30,26035.8,2025-12-05T10:15:00+05:30,26143.5,breakout_down,breakout_up,-454.54,76.14,4.4,22.02,-557.1,2.92
NSE:SENSEX,SHORT,1.2826304504796184,2025-12-02T12:15:00+05:30,85179.4,2025-12-05T10:15:00+05:30,85611.13,breakout_down,breakout_up,-553.75,75.98,4.38,21.91,-656.01,2.92
NSE:BANKNIFTY,SHORT,1.3471903995540004,2025-12-02T14:15:00+05:30,59294.15,2025-12-05T12:15:00+05:30,59723.15,breakout_down,breakout_up,-577.94,68.25,3.21,16.03,-665.43,2.92
NSE:TATACONSUM,SHORT,80,2025-12-02T11:15:00+05:30,1159.0,2025-12-05T14:15:00+05:30,1165.0,breakout_down,breakout_up,-480.0,269.77,18.59,55.78,-824.13,3.12
NSE:NIFTY,LONG,4.175791187036301,2025-12-05T12:15:00+05:30,26180.95,2025-12-08T13:15:00+05:30,25914.4,breakout_up,breakout_down,-1113.06,75.73,4.35,21.75,-1214.89,3.04
NSE:SENSEX,LONG,1.2672707306189495,2025-12-05T12:15:00+05:30,85695.69,2025-12-08T13:15:00+05:30,84944.62,breakout_up,breakout_down,-951.81,75.57,4.32,21.62,-1053.33,3.04
NSE:TCS,LONG,20,2025-12-03T10:15:00+05:30,3190.4,2025-12-09T09:15:00+05:30,3184.2,breakout_up,breakout_down,-124.0,204.81,12.75,38.25,-379.81,5.96
NSE:TATASTEEL,SHORT,390,2025-11-04T10:15:00+05:30,181.07,2025-12-11T13:15:00+05:30,165.57,breakout_down,breakout_up,6045.0,212.9,13.52,40.56,5778.02,37.12
NSE:NIFTY,SHORT,4.193093229858282,2025-12-09T09:15:00+05:30,25784.05,2025-12-12T09:15:00+05:30,25989.15,breakout_down,breakout_up,-860.0,75.69,4.34,21.71,-961.74,3.0
NSE:SENSEX,SHORT,1.2718622484614026,2025-12-09T09:15:00+05:30,84560.62,2025-12-12T09:15:00+05:30,85116.65,breakout_down,breakout_up,-707.19,75.54,4.32,21.58,-808.63,3.0
NSE:RELIANCE,SHORT,10,2025-12-02T12:15:00+05:30,1548.2,2025-12-12T09:15:00+05:30,1551.4,breakout_down,breakout_up,-32.0,97.58,3.1,9.3,-141.97,9.88
NSE:ADANIGREEN,SHORT,105,2025-11-19T10:15:00+05:30,1055.0,2025-12-12T09:15:00+05:30,1032.8,breakout_down,breakout_up,2331.0,306.56,21.92,65.77,1936.76,22.96
NSE:LT,SHORT,15,2025-12-02T12:15:00+05:30,4038.3,2025-12-12T09:15:00+05:30,4077.3,breakout_down,breakout_up,-585.0,198.45,12.17,36.52,-832.14,9.88
NSE:TATACONSUM,SHORT,85,2025-12-09T09:15:00+05:30,1137.6,2025-12-15T10:15:00+05:30,1165.8,breakout_down,breakout_up,-2397.0,280.88,19.58,58.74,-2756.19,6.04
NSE:BHARTIARTL,SHORT,30,2025-11-26T09:15:00+05:30,2116.4,2025-12-16T09:15:00+05:30,2092.5,breakout_down,breakout_up,717.0,203.39,12.63,37.88,463.11,20.0
NSE:HCLTECH,LONG,45,2025-12-04T09:15:00+05:30,1666.3,2025-12-16T10:15:00+05:30,1656.0,breakout_up,breakout_down,-463.5,229.3,14.95,44.85,-752.6,12.04
NSE:NIFTY,LONG,4.11459774338219,2025-12-12T13:15:00+05:30,26042.9,2025-12-16T14:15:00+05:30,25856.05,breakout_up,breakout_down,-768.81,75.23,4.27,21.35,-869.67,4.04
NSE:BANKNIFTY,LONG,1.325166584056978,2025-12-05T14:15:00+05:30,59778.95,2025-12-17T09:15:00+05:30,58956.0,breakout_up,breakout_down,-1090.55,67.81,3.15,15.73,-1177.23,11.79
NSE:SBIN,SHORT,85,2025-12-03T09:15:00+05:30,961.1,2025-12-17T09:15:00+05:30,976.5,breakout_down,breakout_up,-1309.0,246.24,16.47,49.41,-1621.12,14.0
NSE:ADANIGREEN,LONG,110,2025-12-12T12:15:00+05:30,1040.6,2025-12-17T09:15:00+05:30,1021.6,breakout_up,breakout_down,-2090.0,315.36,22.68,68.05,-2496.1,4.88
NSE:TATASTEEL,LONG,460,2025-12-11T14:15:00+05:30,166.28,2025-12-18T09:15:00+05:30,169.24,breakout_up,breakout_down,1361.6,234.53,15.43,46.3,1065.33,6.79
NSE:NIFTY,SHORT,4.120327147064333,2025-12-17T11:15:00+05:30,25796.25,2025-12-19T09:15:00+05:30,25935.6,breakout_down,breakout_up,-574.17,75.2,4.26,21.32,-674.94,1.92
NSE:LT,SHORT,15,2025-12-18T09:15:00+05:30,4031.2,2025-12-19T11:15:00+05:30,4087.7,breakout_down,breakout_up,-847.5,198.52,12.18,36.54,-1094.74,1.08
NSE:BANKNIFTY,SHORT,1.326188700451197,2025-12-17T12:15:00+05:30,58847.85,2025-12-22T09:15:00+05:30,59307.85,breakout_down,breakout_up,-610.05,67.77,3.13,15.67,-696.62,4.88
NSE:SENSEX,SHORT,1.261039559957205,2025-12-16T15:15:00+05:30,84647.03,2025-12-22T09:15:00+05:30,85405.06,breakout_down,breakout_up,-955.91,75.33,4.29,21.44,-1056.97,5.75
NSE:TATASTEEL,SHORT,460,2025-12-18T14:15:00+05:30,168.29,2025-12-22T09:15:00+05:30,170.65,breakout_down,breakout_up,-1085.6,236.47,15.59,46.77,-1384.43,3.79
NSE:HINDUNILVR,SHORT,40,2025-12-05T09:15:00+05:30,2361.6,2025-12-22T09:15:00+05:30,2285.9,breakout_down,breakout_up,3028.0,269.48,18.59,55.77,2684.16,17.0
NSE:RELIANCE,LONG,10,2025-12-12T11:15:00+05:30,1557.0,2025-12-24T11:15:00+05:30,1563.7,breakout_up,breakout_down,67.0,97.8,3.12,9.36,-43.29,12.0
NSE:SBIN,LONG,80,2025-12-17T10:15:00+05:30,977.9,2025-12-24T14:15:00+05:30,968.65,breakout_up,breakout_down,-740.0,236.23,15.57,46.72,-1038.52,7.17
NSE:BANKNIFTY,LONG,1.3018027162642836,2025-12-24T09:15:00+05:30,59416.7,2025-12-24T15:15:00+05:30,59135.4,breakout_up,breakout_down,-366.2,67.48,3.09,15.43,-452.19,0.25
NSE:NIFTY,LONG,4.042062601429954,2025-12-22T09:15:00+05:30,26129.25,2025-12-26T09:15:00+05:30,26091.45,breakout_up,breakout_down,-152.79,74.96,4.22,21.11,-253.08,4.0
NSE:SENSEX,LONG,1.2349552086513491,2025-12-22T14:15:00+05:30,85581.6,2025-12-26T09:15:00+05:30,85239.79,breakout_up,breakout_down,-422.12,74.92,4.22,21.1,-522.36,3.79
NSE:TCS,LONG,20,2025-12-15T10:15:00+05:30,3227.1,2025-12-26T10:15:00+05:30,3289.7,breakout_up,breakout_down,1252.0,207.87,13.03,39.1,992.0,11.0
NSE:BHARTIARTL,LONG,30,2025-12-22T09:15:00+05:30,2131.5,2025-12-26T10:15:00+05:30,2107.9,breakout_up,breakout_down,-708.0,204.51,12.72,38.15,-963.38,4.04
NSE:ITC,LONG,120,2025-12-05T11:15:00+05:30,404.2,2025-12-29T09:15:00+05:30,402.7,breakout_up,breakout_down,-180.0,170.74,9.68,29.05,-389.47,23.92
NSE:TATASTEEL,SHORT,450,2025-12-26T09:15:00+05:30,168.64,2025-12-29T09:15:00+05:30,172.7,breakout_down,breakout_up,-1827.0,233.95,15.36,46.08,-2122.4,3.0
NSE:INFY,LONG,70,2025-11-19T10:15:00+05:30,1537.7,2025-12-29T10:15:00+05:30,1645.8,breakout_up,breakout_down,7567.0,310.19,22.28,66.85,7167.67,40.0
NSE:SBIN,SHORT,80,2025-12-26T10:15:00+05:30,966.7,2025-12-30T13:15:00+05:30,973.4,breakout_down,breakout_up,-536.0,235.64,15.52,46.56,-833.72,4.12
NSE:LT,SHORT,15,2025-12-26T09:15:00+05:30,4041.1,2025-12-30T13:15:00+05:30,4062.8,breakout_down,breakout_up,-325.5,198.23,12.16,36.47,-572.36,4.17
NSE:BANKNIFTY,SHORT,1.3008135112367172,2025-12-26T09:15:00+05:30,59115.3,2025-12-30T14:15:00+05:30,59196.0,breakout_down,breakout_up,-104.98,67.44,3.08,15.39,-190.89,4.21
NSE:BHARTIARTL,SHORT,30,2025-12-29T09:15:00+05:30,2100.5,2025-12-31T10:15:00+05:30,2113.9,breakout_down,breakout_up,-402.0,203.65,12.64,37.93,-656.23,2.04
NSE:RELIANCE,SHORT,10,2025-12-24T12:15:00+05:30,1557.5,2025-12-31T11:15:00+05:30,1568.0,breakout_down,breakout_up,-105.0,97.87,3.13,9.38,-215.37,6.96
NSE:NIFTY,SHORT,4.042772158761793,2025-12-26T11:15:00+05:30,26062.25,2025-12-31T12:15:00+05:30,26155.35,breakout_down,breakout_up,-376.38,74.95,4.22,21.11,-476.66,5.04
NSE:SENSEX,SHORT,1.236024441614574,2025-12-26T11:15:00+05:30,85086.22,2025-12-31T12:15:00+05:30,85312.23,breakout_down,breakout_up,-279.35,74.89,4.21,21.06,-379.52,5.04
NSE:ADANIGREEN,SHORT,110,2025-12-18T09:15:00+05:30,1010.0,2026-01-01T09:15:00+05:30,1033.2,breakout_down,breakout_up,-2552.0,313.07,22.48,67.43,-2954.97,14.0
NSE:HCLTECH,SHORT,45,2025-12-16T11:15:00+05:30,1648.4,2026-01-01T11:15:00+05:30,1643.4,breakout_down,breakout_up,225.0,227.72,14.81,44.44,-61.97,16.0
NSE:ICICIBANK,SHORT,30,2025-12-09T11:15:00+05:30,1375.6,2026-01-02T12:15:00+05:30,1350.8,breakout_down,breakout_up,744.0,153.96,8.18,24.54,557.32,24.04
NSE:TCS,SHORT,20,2025-12-26T11:15:00+05:30,3283.0,2026-01-02T14:15:00+05:30,3250.6,breakout_down,breakout_up,648.0,208.29,13.07,39.2,387.44,7.12
NSE:RELIANCE,LONG,10,2025-12-31T12:15:00+05:30,1572.5,2026-01-06T09:15:00+05:30,1526.2,breakout_up,breakout_down,-463.0,97.6,3.1,9.3,-572.99,5.88
NSE:SENSEX,LONG,1.2277998791727294,2025-12-31T13:15:00+05:30,85348.0,2026-01-06T13:15:00+05:30,84923.32,breakout_up,breakout_down,-521.42,74.66,4.18,20.91,-621.17,6.0
NSE:BANKNIFTY,LONG,1.2945578337511507,2025-12-30T15:15:00+05:30,59253.95,2026-01-07T13:15:00+05:30,59833.8,breakout_up,breakout_down,750.65,67.55,3.08,15.42,664.59,7.92
NSE:INFY,SHORT,70,2025-12-30T11:15:00+05:30,1631.7,2026-01-07T14:15:00+05:30,1641.2,breakout_down,breakout_up,-665.0,317.77,22.91,68.73,-1074.41,8.12
NSE:HCLTECH,SHORT,45,2026-01-05T09:15:00+05:30,1599.7,2026-01-07T15:15:00+05:30,1654.5,breakout_down,breakout_up,-2466.0,226.04,14.64,43.93,-2750.62,2.25
NSE:NIFTY,LONG,4.008426786471307,2025-12-31T13:15:00+05:30,26167.0,2026-01-08T09:15:00+05:30,26061.15,breakout_up,breakout_down,-424.29,74.71,4.19,20.94,-524.13,7.83
NSE:TATASTEEL,LONG,425,2025-12-30T13:15:00+05:30,175.35,2026-01-08T09:15:00+05:30,181.39,breakout_up,breakout_down,2567.0,231.42,15.16,45.48,2274.94,8.83
NSE:TCS,LONG,20,2026-01-06T14:15:00+05:30,3255.1,2026-01-08T10:15:00+05:30,3196.5,breakout_up,breakout_down,-1172.0,206.6,12.9,38.71,-1430.21,1.83
NSE:SBIN,LONG,80,2025-12-31T09:15:00+05:30,978.25,2026-01-08T11:15:00+05:30,998.75,breakout_up,breakout_down,1640.0,238.76,15.82,47.45,1337.98,8.08
NSE:LT,LONG,15,2025-12-31T11:15:00+05:30,4073.4,2026-01-08T14:15:00+05:30,4029.8,breakout_up,breakout_down,-654.0,198.25,12.15,36.46,-900.87,8.12
NSE:ICICIBANK,LONG,35,2026-01-02T14:15:00+05:30,1355.1,2026-01-09T10:15:00+05:30,1403.0,breakout_up,breakout_down,1676.5,170.27,9.65,28.96,1467.61,6.83
NSE:TATACONSUM,LONG,80,2025-12-16T10:15:00+05:30,1174.4,2026-01-09T11:15:00+05:30,1190.8,breakout_up,breakout_down,1312.0,273.29,18.92,56.76,963.02,24.04
NSE:HINDUNILVR,LONG,40,2025-12-23T09:15:00+05:30,2298.5,2026-01-09T13:15:00+05:30,2364.1,breakout_up,breakout_down,2624.0,270.18,18.65,55.95,2279.22,17.17
NSE:TATASTEEL,SHORT,425,2026-01-08T10:15:00+05:30,180.24,2026-01-13T10:15:00+05:30,183.93,breakout_down,breakout_up,-1568.25,235.23,15.48,46.43,-1865.39,5.0
NSE:BANKNIFTY,SHORT,1.2959594898746816,2026-01-08T11:15:00+05:30,59701.15,2026-01-16T09:15:00+05:30,60008.45,breakout_down,breakout_up,-398.25,67.58,3.1,15.51,-484.44,7.92
NSE:INFY,SHORT,70,2026-01-12T09:15:00+05:30,1601.4,2026-01-16T09:15:00+05:30,1673.7,breakout_down,breakout_up,-5061.0,318.27,22.93,68.78,-5470.97,4.0
NSE:TCS,LONG,20,2026-01-12T15:15:00+05:30,3243.0,2026-01-19T10:15:00+05:30,3169.3,breakout_up,breakout_down,-1474.0,205.75,12.82,38.47,-1731.05,6.79
NSE:HINDUNILVR,SHORT,40,2026-01-14T10:15:00+05:30,2351.0,2026-01-19T12:15:00+05:30,2405.3,breakout_down,breakout_up,-2172.0,274.71,19.03,57.08,-2522.81,5.08
NSE:TATASTEEL,LONG,400,2026-01-14T09:15:00+05:30,186.49,2026-01-20T09:15:00+05:30,186.14,breakout_up,breakout_down,-140.0,228.77,14.91,44.72,-428.39,6.0
NSE:TATACONSUM,SHORT,80,2026-01-09T12:15:00+05:30,1185.9,2026-01-20T12:15:00+05:30,1200.8,breakout_down,breakout_up,-1192.0,275.39,19.09,57.28,-1543.77,11.0
NSE:INFY,LONG,65,2026-01-16T10:15:00+05:30,1684.8,2026-01-20T15:15:00+05:30,1654.4,breakout_up,breakout_down,-1976.0,304.47,21.7,65.11,-2367.29,4.21
NSE:HCLTECH,LONG,45,2026-01-09T09:15:00+05:30,1665.0,2026-01-21T09:15:00+05:30,1678.9,breakout_up,breakout_down,625.5,230.3,15.05,45.14,335.01,12.0
NSE:SBIN,LONG,80,2026-01-12T13:15:00+05:30,1012.25,2026-01-21T10:15:00+05:30,1027.5,breakout_up,breakout_down,1220.0,244.37,16.32,48.95,910.36,8.88
NSE:RELIANCE,SHORT,10,2026-01-06T10:15:00+05:30,1510.5,2026-01-22T09:15:00+05:30,1416.2,breakout_down,breakout_up,943.0,95.58,2.93,8.78,835.71,15.96
NSE:TCS,SHORT,20,2026-01-19T11:15:00+05:30,3158.3,2026-01-23T09:15:00+05:30,3180.8,breakout_down,breakout_up,-450.0,204.05,12.68,38.03,-704.76,3.92
NSE:TATASTEEL,SHORT,400,2026-01-20T10:15:00+05:30,185.5,2026-01-23T09:15:00+05:30,192.05,breakout_down,breakout_up,-2620.0,231.14,15.1,45.31,-2911.55,2.96
NSE:INFY,SHORT,65,2026-01-21T09:15:00+05:30,1646.8,2026-01-27T09:15:00+05:30,1679.9,breakout_down,breakout_up,-2151.5,303.58,21.62,64.87,-2541.57,6.0
NSE:ICICIBANK,SHORT,35,2026-01-16T12:15:00+05:30,1401.6,2026-01-27T14:15:00+05:30,1360.2,breakout_down,breakout_up,1449.0,170.44,9.67,29.0,1239.9,11.08
NSE:LT,SHORT,15,2026-01-12T09:15:00+05:30,3975.9,2026-01-27T15:15:00+05:30,3804.5,breakout_down,breakout_up,2571.0,192.62,11.67,35.01,2331.69,15.25
NSE:BANKNIFTY,SHORT,1.2924816288855736,2026-01-20T13:15:00+05:30,59488.1,2026-01-28T09:15:00+05:30,59447.45,breakout_down,breakout_up,52.54,67.43,3.07,15.37,-33.34,7.83
NSE:HINDUNILVR,LONG,40,2026-01-19T13:15:00+05:30,2412.0,2026-01-28T09:15:00+05:30,2362.6,breakout_up,breakout_down,-1976.0,275.5,19.1,57.3,-2327.9,8.83
NSE:INFY,LONG,60,2026-01-27T15:15:00+05:30,1687.4,2026-01-29T09:15:00+05:30,1648.7,breakout_up,breakout_down,-2322.0,285.73,20.02,60.05,-2687.8,1.75
NSE:ADANIGREEN,SHORT,105,2026-01-06T13:15:00+05:30,1015.8,2026-01-29T12:15:00+05:30,832.0,breakout_down,breakout_up,19299.0,277.28,19.4,58.21,18944.11,22.96
NSE:NIFTY,SHORT,4.013488248618877,2026-01-08T10:15:00+05:30,26003.8,2026-01-29T13:15:00+05:30,25412.9,breakout_down,breakout_up,2371.57,74.57,4.13,20.64,2272.24,21.12
NSE:SENSEX,SHORT,1.2313644946578342,2026-01-08T10:15:00+05:30,84597.98,2026-01-29T13:15:00+05:30,82557.43,breakout_down,breakout_up,2512.66,74.51,4.12,20.58,2413.45,21.12
NSE:ITC,SHORT,120,2025-12-29T10:15:00+05:30,402.0,2026-01-30T09:15:00+05:30,323.85,breakout_down,breakout_up,9378.0,159.22,8.71,26.13,9183.94,31.96
NSE:TATACONSUM,SHORT,80,2026-01-21T13:15:00+05:30,1160.8,2026-02-01T10:15:00+05:30,1141.0,breakout_down,breakout_up,1584.0,267.64,18.41,55.24,1242.71,10.88
NSE:SBIN,LONG,75,2026-01-28T10:15:00+05:30,1060.75,2026-02-01T11:15:00+05:30,1045.3,breakout_up,breakout_down,-1158.75,238.74,15.8,47.39,-1460.67,4.04
NSE:BANKNIFTY,LONG,1.286947093498099,2026-01-29T11:15:00+05:30,59718.1,2026-02-01T12:15:00+05:30,58958.6,breakout_up,breakout_down,-977.44,67.21,3.05,15.27,-1062.97,3.04
NSE:ICICIBANK,LONG,35,2026-01-27T15:15:00+05:30,1367.1,2026-02-01T12:15:00+05:30,1345.4,breakout_up,breakout_down,-759.5,168.68,9.49,28.48,-966.16,4.88
NSE:RELIANCE,LONG,10,2026-02-01T09:15:00+05:30,1404.8,2026-02-01T15:15:00+05:30,1342.8,breakout_up,breakout_down,-620.0,51.97,2.75,8.24,-682.96,0.25
NSE:TATASTEEL,LONG,370,2026-01-27T15:15:00+05:30,193.1,2026-02-02T10:15:00+05:30,182.8,breakout_up,breakout_down,-3811.0,217.97,13.91,41.72,-4084.6,5.79
NSE:NIFTY,SHORT,4.244888510578248,2026-02-01T12:15:00+05:30,25119.95,2026-02-03T09:15:00+05:30,25671.0,breakout_down,breakout_up,-2339.15,75.36,4.31,21.56,-2440.38,1.88
NSE:ICICIBANK,SHORT,35,2026-02-01T14:15:00+05:30,1335.4,2026-02-03T09:15:00+05:30,1390.1,breakout_down,breakout_up,-1914.5,169.28,9.54,28.62,-2121.93,1.79
NSE:BHARTIARTL,SHORT,30,2026-01-06T11:15:00+05:30,2094.4,2026-02-03T09:15:00+05:30,1988.0,breakout_down,breakout_up,3192.0,198.98,12.25,36.74,2944.03,27.92
NSE:HCLTECH,LONG,40,2026-01-28T14:15:00+05:30,1729.2,2026-02-04T09:15:00+05:30,1610.3,breakout_up,breakout_down,-4756.0,211.92,13.36,40.07,-5021.36,6.79
NSE:HINDUNILVR,SHORT,40,2026-01-29T09:15:00+05:30,2326.4,2026-02-05T09:15:00+05:30,2408.8,breakout_down,breakout_up,-3296.0,273.85,18.94,56.82,-3645.62,7.0
NSE:SENSEX,LONG,1.2752160910621144,2026-02-03T09:15:00+05:30,83575.78,2026-02-06T09:15:00+05:30,82987.28,breakout_up,breakout_down,-750.46,75.08,4.25,21.24,-851.04,3.0
NSE:BANKNIFTY,LONG,1.2655194893131383,2026-02-03T09:15:00+05:30,59891.8,2026-02-06T10:15:00+05:30,59818.9,breakout_up,breakout_down,-92.26,67.13,3.03,15.15,-177.56,3.04
NSE:ITC,SHORT,180,2026-02-01T12:15:00+05:30,315.25,2026-02-06T10:15:00+05:30,320.0,breakout_down,breakout_up,-855.0,190.26,11.43,34.3,-1091.0,4.92
NSE:HINDUNILVR,SHORT,35,2026-02-06T09:15:00+05:30,2339.0,2026-02-06T14:15:00+05:30,2427.5,breakout_down,breakout_up,-3097.5,76.26,16.68,50.05,-3240.49,0.21
NSE:NIFTY,SHORT,4.083677836547668,2026-02-06T09:15:00+05:30,25515.8,2026-02-10T09:15:00+05:30,25944.35,breakout_down,breakout_up,-1750.06,74.7,4.2,21.01,-1849.97,4.0
NSE:ITC,LONG,175,2026-02-06T11:15:00+05:30,325.05,2026-02-11T09:15:00+05:30,318.75,breakout_up,breakout_down,-1102.5,188.41,11.27,33.8,-1335.97,4.92
NSE:BHARTIARTL,LONG,30,2026-02-06T14:15:00+05:30,2042.5,2026-02-11T09:15:00+05:30,2002.1,breakout_up,breakout_down,-1212.0,198.05,12.13,36.4,-1458.59,4.79
NSE:ICICIBANK,SHORT,30,2026-02-09T12:15:00+05:30,1392.1,2026-02-12T09:15:00+05:30,1423.3,breakout_down,breakout_up,-936.0,157.06,8.45,25.34,-1126.84,2.88
NSE:HINDUNILVR,LONG,35,2026-02-09T12:15:00+05:30,2431.6,2026-02-12T10:15:00+05:30,2376.7,breakout_up,breakout_down,-1921.5,250.28,16.83,50.49,-2239.1,2.92
NSE:SENSEX,LONG,1.2538927523496872,2026-02-10T09:15:00+05:30,84320.36,2026-02-12T11:15:00+05:30,83786.27,breakout_up,breakout_down,-669.69,74.88,4.22,21.08,-769.86,2.08
NSE:TATACONSUM,LONG,80,2026-02-09T12:15:00+05:30,1169.9,2026-02-12T12:15:00+05:30,1147.5,breakout_up,breakout_down,-1792.0,269.28,18.54,55.62,-2135.43,3.0
NSE:RELIANCE,LONG,10,2026-02-03T09:15:00+05:30,1443.9,2026-02-12T13:15:00+05:30,1450.0,breakout_up,breakout_down,61.0,95.28,2.89,8.68,-45.86,9.17
NSE:BANKNIFTY,LONG,1.2469064486987085,2026-02-09T09:15:00+05:30,60643.85,2026-02-13T09:15:00+05:30,60421.0,breakout_up,breakout_down,-277.87,67.04,3.02,15.1,-363.03,4.0
NSE:TATASTEEL,LONG,320,2026-02-10T09:15:00+05:30,208.95,2026-02-13T09:15:00+05:30,203.97,breakout_up,breakout_down,-1593.6,210.08,13.21,39.64,-1856.53,3.0
NSE:ADANIGREEN,LONG,145,2026-01-29T13:15:00+05:30,858.0,2026-02-13T09:15:00+05:30,950.8,breakout_up,breakout_down,13456.0,353.57,26.23,78.68,12997.52,14.83
NSE:BANKNIFTY,SHORT,1.2477122555934186,2026-02-13T10:15:00+05:30,60314.6,2026-02-16T14:15:00+05:30,60931.5,breakout_down,breakout_up,-769.71,67.04,3.03,15.13,-854.91,3.17
NSE:BHARTIARTL,SHORT,30,2026-02-13T15:15:00+05:30,1993.0,2026-02-16T14:15:00+05:30,2029.6,breakout_down,breakout_up,-1098.0,197.31,12.07,36.2,-1343.58,2.96
NSE:ICICIBANK,LONG,30,2026-02-12T13:15:00+05:30,1429.2,2026-02-17T09:15:00+05:30,1400.0,breakout_up,breakout_down,-876.0,157.51,8.49,25.46,-1067.46,4.83
NSE:ITC,SHORT,175,2026-02-11T11:15:00+05:30,318.0,2026-02-17T09:15:00+05:30,326.0,breakout_down,breakout_up,-1400.0,188.47,11.27,33.81,-1633.55,5.92
NSE:INFY,SHORT,60,2026-01-30T09:15:00+05:30,1625.5,2026-02-17T11:15:00+05:30,1426.3,breakout_down,breakout_up,11952.0,265.71,18.31,54.93,11613.05,18.08
NSE:HCLTECH,SHORT,45,2026-02-10T14:15:00+05:30,1572.1,2026-02-17T11:15:00+05:30,1505.6,breakout_down,breakout_up,2992.5,216.81,13.85,41.55,2720.29,6.88
NSE:TATASTEEL,SHORT,320,2026-02-13T14:15:00+05:30,203.23,2026-02-18T09:15:00+05:30,206.97,breakout_down,breakout_up,-1196.8,209.08,13.13,39.38,-1458.39,4.79
NSE:TATACONSUM,SHORT,80,2026-02-12T13:15:00+05:30,1145.9,2026-02-18T10:15:00+05:30,1158.2,breakout_down,breakout_up,-984.0,268.03,18.43,55.3,-1325.77,5.88
NSE:NIFTY,SHORT,4.008885642029707,2026-02-13T09:15:00+05:30,25531.75,2026-02-18T14:15:00+05:30,25821.95,breakout_down,breakout_up,-1163.38,74.19,4.12,20.59,-1262.27,5.21
NSE:SENSEX,SHORT,1.2543995145404307,2026-02-12T14:15:00+05:30,83674.4,2026-02-18T14:15:00+05:30,83739.0,breakout_down,breakout_up,-81.03,74.83,4.2,21.0,-181.06,6.0
NSE:RELIANCE,SHORT,10,2026-02-12T14:15:00+05:30,1447.7,2026-02-18T14:15:00+05:30,1441.6,breakout_down,breakout_up,61.0,95.23,2.89,8.67,-45.79,6.0
NSE:HINDUNILVR,SHORT,35,2026-02-13T12:15:00+05:30,2324.8,2026-02-19T09:15:00+05:30,2332.1,breakout_down,breakout_up,-255.5,244.27,16.3,48.9,-564.97,5.88
NSE:BHARTIARTL,LONG,30,2026-02-16T15:15:00+05:30,2030.0,2026-02-19T11:15:00+05:30,2005.7,breakout_up,breakout_down,-729.0,197.72,12.11,36.32,-975.15,2.83
NSE:ADANIGREEN,LONG,135,2026-02-17T12:15:00+05:30,1008.25,2026-02-19T14:15:00+05:30,976.05,breakout_up,breakout_down,-4347.0,361.13,26.79,80.36,-4815.28,2.08
NSE:BANKNIFTY,LONG,1.2198429356197409,2026-02-16T15:15:00+05:30,60993.85,2026-02-19T15:15:00+05:30,60660.75,breakout_up,breakout_down,-406.33,66.69,2.97,14.84,-490.83,3.0
NSE:SBIN,LONG,70,2026-02-09T09:15:00+05:30,1128.6,2026-02-19T15:15:00+05:30,1203.0,breakout_up,breakout_down,5208.0,244.1,16.32,48.96,4898.61,10.25
NSE:ITC,LONG,160,2026-02-18T09:15:00+05:30,330.0,2026-02-23T11:15:00+05:30,324.65,breakout_up,breakout_down,-856.0,179.59,10.47,31.42,-1077.49,5.08
NSE:HINDUNILVR,SHORT,35,2026-02-19T13:15:00+05:30,2283.4,2026-02-24T10:15:00+05:30,2352.0,breakout_down,breakout_up,-2401.0,243.59,16.22,48.67,-2709.49,4.88
NSE:LT,LONG,20,2026-01-29T09:15:00+05:30,3888.0,2026-02-24T12:15:00+05:30,4258.9,breakout_up,breakout_down,7418.0,243.63,16.29,48.88,7109.19,26.12
NSE:SBIN,LONG,65,2026-02-23T09:15:00+05:30,1229.7,2026-02-25T12:15:00+05:30,1204.8,breakout_up,breakout_down,-1618.5,239.09,15.82,47.47,-1920.89,2.12
NSE:TATACONSUM,LONG,75,2026-02-18T12:15:00+05:30,1160.5,2026-02-26T11:15:00+05:30,1159.0,breakout_up,breakout_down,-112.5,256.45,17.4,52.19,-438.54,7.96
NSE:HINDUNILVR,LONG,35,2026-02-24T11:15:00+05:30,2360.1,2026-02-27T09:15:00+05:30,2343.0,breakout_up,breakout_down,-598.5,246.09,16.46,49.38,-910.44,2.92
NSE:TATASTEEL,LONG,305,2026-02-18T10:15:00+05:30,209.13,2026-03-04T09:15:00+05:30,200.53,breakout_up,breakout_down,-2623.0,202.17,12.49,37.48,-2875.15,13.96
NSE:RELIANCE,SHORT,10,2026-02-19T12:15:00+05:30,1418.3,2026-03-06T09:15:00+05:30,1417.5,breakout_down,breakout_up,8.0,94.64,2.84,8.51,-97.98,14.88
NSE:RELIANCE,LONG,10,2026-03-09T14:15:00+05:30,1425.0,2026-03-11T15:15:00+05:30,1386.8,breakout_up,breakout_down,-382.0,94.4,2.81,8.44,-487.65,2.04
NSE:ITC,SHORT,160,2026-02-24T09:15:00+05:30,323.5,2026-03-16T14:15:00+05:30,308.5,breakout_down,breakout_up,2400.0,175.32,10.11,30.34,2184.23,20.21
NSE:ICICIBANK,SHORT,30,2026-02-19T11:15:00+05:30,1392.1,2026-03-17T09:15:00+05:30,1286.1,breakout_down,breakout_up,3180.0,152.17,8.03,24.1,2995.69,25.92
NSE:TATACONSUM,SHORT,75,2026-02-27T09:15:00+05:30,1142.7,2026-03-17T09:15:00+05:30,1101.6,breakout_down,breakout_up,3082.5,249.94,16.83,50.5,2765.23,18.0
NSE:SENSEX,SHORT,1.2646698784062633,2026-02-19T13:15:00+05:30,82852.14,2026-03-17T13:15:00+05:30,76124.22,breakout_down,breakout_up,8508.6,74.42,4.02,20.11,8410.05,26.0
NSE:RELIANCE,SHORT,10,2026-03-13T12:15:00+05:30,1380.2,2026-03-17T13:15:00+05:30,1403.6,breakout_down,breakout_up,-234.0,94.08,2.78,8.35,-339.22,4.04
NSE:BHARTIARTL,SHORT,30,2026-02-19T12:15:00+05:30,1999.3,2026-03-17T13:15:00+05:30,1831.4,breakout_down,breakout_up,5037.0,190.46,11.49,34.48,4800.58,26.04
NSE:BANKNIFTY,SHORT,1.217336294360449,2026-02-27T09:15:00+05:30,60717.45,2026-03-17T14:15:00+05:30,54961.65,breakout_down,breakout_up,7006.74,66.36,2.82,14.08,6923.48,18.21
NSE:TATASTEEL,SHORT,310,2026-03-04T10:15:00+05:30,196.06,2026-03-17T14:15:00+05:30,195.24,breakout_down,breakout_up,254.2,197.91,12.13,36.39,7.77,13.17
NSE:NIFTY,SHORT,3.9726878616662544,2026-02-19T14:15:00+05:30,25447.6,2026-03-18T09:15:00+05:30,23664.3,breakout_down,breakout_up,7084.49,73.51,3.9,19.51,6987.57,26.79
NSE:TCS,SHORT,20,2026-01-30T09:15:00+05:30,3113.9,2026-03-18T09:15:00+05:30,2466.5,breakout_down,breakout_up,12948.0,186.18,11.16,33.48,12717.18,47.0
NSE:INFY,SHORT,85,2026-02-23T09:15:00+05:30,1333.5,2026-03-18T09:15:00+05:30,1274.6,breakout_down,breakout_up,5006.5,309.1,22.17,66.51,4608.72,23.0
NSE:HCLTECH,SHORT,50,2026-02-23T09:15:00+05:30,1430.9,2026-03-18T09:15:00+05:30,1366.6,breakout_down,breakout_up,3215.0,218.32,13.99,41.96,2940.73,23.0
NSE:ADANIGREEN,SHORT,140,2026-02-19T15:15:00+05:30,971.05,2026-03-18T09:15:00+05:30,877.7,breakout_down,breakout_up,13069.0,349.76,25.88,77.65,12615.71,26.75
NSE:LT,SHORT,20,2026-03-02T09:15:00+05:30,4057.7,2026-03-18T10:15:00+05:30,3605.0,breakout_down,breakout_up,9054.0,232.75,15.33,45.98,8759.95,16.04
NSE:NIFTY,LONG,4.543227990350494,2026-03-18T10:15:00+05:30,23785.3,2026-03-19T13:15:00+05:30,23111.3,breakout_up,breakout_down,-3062.14,74.96,4.26,21.31,-3162.67,1.12
NSE:SENSEX,LONG,1.485821694590065,2026-03-17T14:15:00+05:30,76163.58,2026-03-19T13:15:00+05:30,74594.21,breakout_up,breakout_down,-2331.8,76.47,4.48,22.4,-2435.15,1.96
NSE:BANKNIFTY,LONG,1.4633720529870544,2026-03-18T11:15:00+05:30,55226.1,2026-03-19T14:15:00+05:30,53382.25,breakout_up,breakout_down,-2698.24,67.87,3.18,15.89,-2785.18,1.12
NSE:RELIANCE,LONG,10,2026-03-18T09:15:00+05:30,1406.5,2026-03-19T14:15:00+05:30,1385.6,breakout_up,breakout_down,-209.0,94.17,2.79,8.38,-314.34,1.21
NSE:ICICIBANK,LONG,35,2026-03-17T13:15:00+05:30,1292.0,2026-03-19T14:15:00+05:30,1250.1,breakout_up,breakout_down,-1466.5,162.11,8.9,26.69,-1664.2,2.04
NSE:TCS,LONG,30,2026-03-18T10:15:00+05:30,2477.2,2026-03-19T14:15:00+05:30,2353.1,breakout_up,breakout_down,-3723.0,224.44,14.49,43.47,-4005.4,1.17
NSE:LT,LONG,25,2026-03-18T11:15:00+05:30,3617.7,2026-03-19T14:15:00+05:30,3430.8,breakout_up,breakout_down,-4672.5,259.29,17.62,52.86,-5002.28,1.12
NSE:SBIN,SHORT,65,2026-02-25T13:15:00+05:30,1200.0,2026-03-20T09:15:00+05:30,1076.9,breakout_down,breakout_up,8001.5,226.99,14.8,44.4,7715.31,22.83
NSE:ITC,SHORT,180,2026-03-19T09:15:00+05:30,300.3,2026-03-20T11:15:00+05:30,307.35,breakout_down,breakout_up,-1269.0,184.77,10.94,32.81,-1497.52,1.08
NSE:TATASTEEL,LONG,310,2026-03-20T09:15:00+05:30,197.99,2026-03-23T09:15:00+05:30,187.5,breakout_up,breakout_down,-3251.9,196.17,11.95,35.85,-3495.87,3.0
NSE:ADANIGREEN,LONG,165,2026-03-18T13:15:00+05:30,896.1,2026-03-23T09:15:00+05:30,833.95,breakout_up,breakout_down,-10254.75,381.11,28.55,85.64,-10750.04,4.83
NSE:BHARTIARTL,LONG,35,2026-03-18T09:15:00+05:30,1846.4,2026-03-23T09:15:00+05:30,1800.1,breakout_up,breakout_down,-1620.5,205.07,12.76,38.29,-1876.63,5.0
NSE:HINDUNILVR,SHORT,35,2026-03-02T09:15:00+05:30,2315.3,2026-03-24T12:15:00+05:30,2104.9,breakout_down,breakout_up,7364.0,234.49,15.47,46.41,7067.63,22.12
NSE:TATACONSUM,SHORT,85,2026-03-19T09:15:00+05:30,1052.8,2026-03-25T09:15:00+05:30,1065.4,breakout_down,breakout_up,-1071.0,263.28,18.0,54.01,-1406.3,6.0
NSE:LT,SHORT,25,2026-03-23T09:15:00+05:30,3314.2,2026-03-25T09:15:00+05:30,3620.5,breakout_down,breakout_up,-7657.5,256.35,17.34,52.01,-7983.2,2.0
NSE:NIFTY,SHORT,4.563783625927589,2026-03-19T14:15:00+05:30,22987.25,2026-03-25T10:15:00+05:30,23432.55,breakout_down,breakout_up,-2032.25,74.9,4.24,21.18,-2132.57,5.83
NSE:BANKNIFTY,SHORT,1.5057804144178393,2026-03-23T09:15:00+05:30,51826.6,2026-03-25T10:15:00+05:30,53987.2,breakout_down,breakout_up,-3253.39,67.87,3.19,15.93,-3340.38,2.04
NSE:SENSEX,SHORT,1.493897299309985,2026-03-19T14:15:00+05:30,74126.67,2026-03-25T10:15:00+05:30,75728.12,breakout_down,breakout_up,-2392.4,76.44,4.48,22.39,-2495.71,5.83
NSE:ICICIBANK,SHORT,35,2026-03-23T09:15:00+05:30,1225.2,2026-03-25T10:15:00+05:30,1268.2,breakout_down,breakout_up,-1505.0,160.22,8.73,26.18,-1700.13,2.04
NSE:RELIANCE,LONG,10,2026-03-20T09:15:00+05:30,1422.3,2026-03-27T09:15:00+05:30,1375.2,breakout_up,breakout_down,-471.0,94.25,2.8,8.39,-576.44,7.0
NSE:NIFTY,LONG,4.38485959528292,2026-03-25T11:15:00+05:30,23440.35,2026-03-30T09:15:00+05:30,22596.75,breakout_up,breakout_down,-3699.07,73.43,4.04,20.19,-3796.72,4.92
NSE:BANKNIFTY,LONG,1.3811983346580032,2026-03-25T11:15:00+05:30,54090.05,2026-03-30T09:15:00+05:30,51104.4,breakout_up,breakout_down,-4123.77,65.95,2.91,14.53,-4207.16,4.92
NSE:SENSEX,LONG,1.4288659832411406,2026-03-25T11:15:00+05:30,75758.95,2026-03-30T09:15:00+05:30,72775.44,breakout_up,breakout_down,-4263.04,74.75,4.24,21.22,-4363.25,4.92
NSE:ICICIBANK,LONG,35,2026-03-25T11:15:00+05:30,1269.9,2026-03-30T09:15:00+05:30,1219.0,breakout_up,breakout_down,-1781.5,160.06,8.71,26.13,-1976.41,4.92
NSE:HINDUNILVR,LONG,40,2026-03-25T09:15:00+05:30,2135.3,2026-03-30T09:15:00+05:30,2067.2,breakout_up,breakout_down,-2724.0,250.13,16.81,50.43,-3041.37,5.0
NSE:HCLTECH,LONG,55,2026-03-18T10:15:00+05:30,1373.8,2026-03-30T09:15:00+05:30,1346.6,breakout_up,breakout_down,-1496.0,229.51,14.96,44.89,-1785.35,11.96
NSE:TCS,LONG,30,2026-03-24T11:15:00+05:30,2424.3,2026-03-30T13:15:00+05:30,2352.3,breakout_up,breakout_down,-2160.0,222.53,14.33,42.99,-2439.85,6.08
NSE:INFY,LONG,90,2026-03-18T10:15:00+05:30,1282.1,2026-03-30T13:15:00+05:30,1245.6,breakout_up,breakout_down,-3285.0,316.17,22.75,68.25,-3692.17,12.12
NSE:BHARTIARTL,LONG,35,2026-03-27T15:15:00+05:30,1850.0,2026-03-30T14:15:00+05:30,1778.6,breakout_up,breakout_down,-2499.0,204.44,12.7,38.1,-2754.24,2.96
NSE:LT,LONG,20,2026-03-25T10:15:00+05:30,3634.5,2026-04-02T09:15:00+05:30,3484.6,breakout_up,breakout_down,-2998.0,221.57,14.24,42.71,-3276.53,7.96
NSE:ADANIGREEN,SHORT,165,2026-03-23T10:15:00+05:30,820.15,2026-04-02T14:15:00+05:30,859.85,breakout_down,breakout_up,-6550.5,371.65,27.72,83.16,-7033.03,10.17
NSE:BANKNIFTY,SHORT,1.3878500887114922,2026-03-30T10:15:00+05:30,50808.45,2026-04-06T12:15:00+05:30,52224.25,breakout_down,breakout_up,-1964.92,65.84,2.86,14.3,-2047.92,7.08
NSE:TATACONSUM,SHORT,85,2026-03-30T12:15:00+05:30,1023.6,2026-04-06T12:15:00+05:30,1056.7,breakout_down,breakout_up,-2813.5,259.83,17.68,53.05,-3144.06,7.0
NSE:NIFTY,SHORT,4.415480330354778,2026-03-30T13:15:00+05:30,22420.5,2026-04-06T14:15:00+05:30,22989.35,breakout_down,breakout_up,-2511.75,73.36,4.01,20.05,-2609.17,7.04
NSE:SENSEX,SHORT,1.4385181356233747,2026-03-30T13:15:00+05:30,72226.54,2026-04-06T14:15:00+05:30,74173.72,breakout_down,breakout_up,-2801.05,74.66,4.21,21.06,-2900.99,7.04
NSE:ITC,SHORT,180,2026-03-23T09:15:00+05:30,293.95,2026-04-06T14:15:00+05:30,295.15,breakout_down,breakout_up,-216.0,180.98,10.6,31.81,-439.39,14.21
NSE:SBIN,SHORT,85,2026-03-23T09:15:00+05:30,1019.7,2026-04-06T14:15:00+05:30,1034.7,breakout_down,breakout_up,-1275.0,257.27,17.46,52.39,-1602.12,14.21
NSE:HCLTECH,SHORT,55,2026-03-30T13:15:00+05:30,1338.7,2026-04-07T09:15:00+05:30,1431.5,breakout_down,breakout_up,-5104.0,232.82,15.24,45.71,-5397.76,7.83
NSE:BHARTIARTL,SHORT,35,2026-04-02T09:15:00+05:30,1763.3,2026-04-07T13:15:00+05:30,1818.3,breakout_down,breakout_up,-1925.0,202.57,12.54,37.61,-2177.72,5.17
NSE:HINDUNILVR,SHORT,40,2026-04-02T09:15:00+05:30,2034.9,2026-04-07T14:15:00+05:30,2107.2,breakout_down,breakout_up,-2892.0,247.46,16.57,49.71,-3205.73,5.21
NSE:TCS,LONG,25,2026-04-01T09:15:00+05:30,2461.5,2026-04-10T09:15:00+05:30,2511.0,breakout_up,breakout_down,1237.5,201.18,12.43,37.29,986.6,9.0
NSE:INFY,LONG,85,2026-04-01T09:15:00+05:30,1298.0,2026-04-10T09:15:00+05:30,1289.0,breakout_up,breakout_down,-765.0,307.54,21.99,65.97,-1160.5,9.0
NSE:NIFTY,LONG,4.18895029417752,2026-04-07T13:15:00+05:30,23011.95,2026-04-13T09:15:00+05:30,23660.05,breakout_up,breakout_down,2714.86,102.91,3.91,19.55,2588.49,5.83
NSE:SENSEX,LONG,1.360623481346445,2026-04-07T13:15:00+05:30,74235.73,2026-04-13T09:15:00+05:30,76249.95,breakout_up,breakout_down,2740.6,105.52,4.1,20.48,2610.51,5.83
NSE:ITC,LONG,175,2026-04-07T09:15:00+05:30,295.65,2026-04-13T09:15:00+05:30,299.15,breakout_up,breakout_down,612.5,178.75,10.41,31.23,392.11,6.0
NSE:SBIN,LONG,80,2026-04-08T09:15:00+05:30,1073.0,2026-04-13T09:15:00+05:30,1035.9,breakout_up,breakout_down,-2968.0,250.83,16.87,50.61,-3286.31,5.0
NSE:TATASTEEL,LONG,290,2026-04-01T09:15:00+05:30,197.72,2026-04-13T09:15:00+05:30,201.85,breakout_up,breakout_down,1197.7,191.8,11.59,34.76,959.55,12.0
NSE:TCS,SHORT,25,2026-04-13T09:15:00+05:30,2480.7,2026-04-16T09:15:00+05:30,2571.5,breakout_down,breakout_up,-2270.0,203.65,12.63,37.89,-2524.18,3.0
NSE:BHARTIARTL,LONG,30,2026-04-07T14:15:00+05:30,1829.6,2026-04-16T11:15:00+05:30,1837.8,breakout_up,breakout_down,246.0,185.37,11.0,33.01,16.62,8.88
NSE:RELIANCE,SHORT,10,2026-03-27T10:15:00+05:30,1371.0,2026-04-17T10:15:00+05:30,1361.5,breakout_down,breakout_up,95.0,93.49,2.73,8.2,-9.42,21.0
NSE:LT,LONG,20,2026-04-06T12:15:00+05:30,3684.4,2026-04-20T12:15:00+05:30,4043.3,breakout_up,breakout_down,7178.0,234.34,15.46,46.37,6881.84,14.0
NSE:HCLTECH,LONG,45,2026-04-07T10:15:00+05:30,1434.5,2026-04-20T15:15:00+05:30,1424.4,breakout_up,breakout_down,-454.5,206.12,12.87,38.6,-712.08,13.21
NSE:TCS,LONG,25,2026-04-21T11:15:00+05:30,2605.8,2026-04-22T10:15:00+05:30,2554.6,breakout_up,breakout_down,-1280.0,206.59,12.9,38.7,-1538.19,0.96
NSE:NIFTY,LONG,4.082917840868607,2026-04-15T09:15:00+05:30,24241.65,2026-04-23T09:15:00+05:30,24275.35,breakout_up,breakout_down,137.59,103.01,3.96,19.81,10.81,8.0
NSE:SENSEX,LONG,1.3255414029908335,2026-04-15T09:15:00+05:30,78163.97,2026-04-23T09:15:00+05:30,78055.96,breakout_up,breakout_down,-143.17,105.48,4.14,20.71,-273.5,8.0
NSE:ICICIBANK,LONG,30,2026-04-07T13:15:00+05:30,1236.8,2026-04-23T09:15:00+05:30,1352.3,breakout_up,breakout_down,3465.0,149.18,7.77,23.3,3284.75,15.83
NSE:SBIN,LONG,80,2026-04-15T09:15:00+05:30,1078.65,2026-04-23T09:15:00+05:30,1097.0,breakout_up,breakout_down,1468.0,256.43,17.41,52.22,1141.95,8.0
NSE:BANKNIFTY,LONG,1.3068672120685971,2026-04-06T13:15:00+05:30,52394.55,2026-04-23T12:15:00+05:30,56396.95,breakout_up,breakout_down,5230.61,88.49,2.84,14.22,5125.05,16.96
NSE:RELIANCE,LONG,10,2026-04-20T10:15:00+05:30,1368.7,2026-04-23T14:15:00+05:30,1341.9,breakout_up,breakout_down,-268.0,93.27,2.71,8.13,-372.11,3.17
NSE:TATASTEEL,LONG,280,2026-04-15T09:15:00+05:30,209.47,2026-04-24T09:15:00+05:30,209.56,breakout_up,breakout_down,25.2,193.51,11.73,35.2,-215.24,9.0
NSE:ITC,LONG,170,2026-04-17T09:15:00+05:30,308.0,2026-04-24T12:15:00+05:30,302.65,breakout_up,breakout_down,-909.5,178.56,10.38,31.14,-1129.58,7.12
NSE:RELIANCE,SHORT,10,2026-04-24T09:15:00+05:30,1337.8,2026-04-27T14:15:00+05:30,1365.0,breakout_down,breakout_up,-272.0,93.18,2.7,8.11,-376.0,3.21
NSE:TATACONSUM,LONG,80,2026-04-06T13:15:00+05:30,1060.9,2026-04-28T09:15:00+05:30,1154.5,breakout_up,breakout_down,7488.0,259.51,17.72,53.17,7157.59,21.83
NSE:HINDUNILVR,LONG,35,2026-04-07T15:15:00+05:30,2115.1,2026-04-28T12:15:00+05:30,2291.8,breakout_up,breakout_down,6184.5,234.06,15.42,46.27,5888.74,20.88
NSE:BHARTIARTL,SHORT,30,2026-04-16T12:15:00+05:30,1828.4,2026-04-28T15:15:00+05:30,1851.0,breakout_down,breakout_up,-678.0,185.84,11.04,33.11,-907.99,12.12
NSE:NIFTY,SHORT,4.125705871884679,2026-04-24T09:15:00+05:30,23992.85,2026-04-29T09:15:00+05:30,24233.8,breakout_down,breakout_up,-994.09,102.99,3.98,19.9,-1120.95,5.0
NSE:SENSEX,SHORT,1.3310367129028922,2026-04-23T14:15:00+05:30,77636.4,2026-04-29T09:15:00+05:30,77670.17,breakout_down,breakout_up,-44.95,105.4,4.13,20.67,-175.16,5.79
NSE:ITC,SHORT,170,2026-04-24T13:15:00+05:30,302.15,2026-04-29T09:15:00+05:30,311.85,breakout_down,breakout_up,-1649.0,179.24,10.44,31.31,-1870.0,4.83
NSE:LT,SHORT,20,2026-04-20T13:15:00+05:30,4034.6,2026-04-29T10:15:00+05:30,4099.4,breakout_down,breakout_up,-1296.0,244.0,16.27,48.8,-1605.07,8.88
NSE:NIFTY,LONG,4.029530447585444,2026-04-29T10:15:00+05:30,24288.15,2026-04-30T09:15:00+05:30,23828.6,breakout_up,breakout_down,-1851.77,101.35,3.88,19.39,-1976.39,0.96
NSE:SENSEX,LONG,1.3252841760187128,2026-04-29T10:15:00+05:30,77841.62,2026-04-30T09:15:00+05:30,76437.59,breakout_up,breakout_down,-1860.74,104.33,4.09,20.45,-1989.6,0.96
NSE:ADANIGREEN,LONG,145,2026-04-06T09:15:00+05:30,892.0,2026-04-30T09:15:00+05:30,1211.2,breakout_up,breakout_down,46284.0,398.54,30.5,91.49,45763.47,24.0
NSE:LT,LONG,20,2026-04-29T11:15:00+05:30,4110.9,2026-04-30T09:15:00+05:30,4021.7,breakout_up,breakout_down,-1784.0,244.01,16.27,48.8,-2093.07,0.92
NSE:TATASTEEL,LONG,270,2026-04-27T10:15:00+05:30,214.5,2026-04-30T10:15:00+05:30,211.0,breakout_up,breakout_down,-945.0,190.86,11.49,34.47,-1181.82,3.0
NSE:INFY,SHORT,85,2026-04-13T09:15:00+05:30,1272.8,2026-04-30T12:15:00+05:30,1184.9,breakout_down,breakout_up,7471.5,294.71,20.89,62.67,7093.23,17.12
NSE:ADANIGREEN,SHORT,145,2026-04-30T10:15:00+05:30,1207.95,2026-05-04T10:15:00+05:30,1291.7,breakout_down,breakout_up,-12143.75,466.8,36.24,108.73,-12755.53,4.0
NSE:BHARTIARTL,LONG,30,2026-04-29T09:15:00+05:30,1880.8,2026-05-04T13:15:00+05:30,1830.1,breakout_up,breakout_down,-1521.0,186.95,11.13,33.4,-1752.48,5.17
NSE:TATASTEEL,SHORT,270,2026-04-30T12:15:00+05:30,210.29,2026-05-06T13:15:00+05:30,214.83,breakout_down,breakout_up,-1225.8,190.77,11.48,34.43,-1462.48,6.04
NSE:NIFTY,SHORT,4.0294018405347005,2026-04-30T10:15:00+05:30,23799.9,2026-05-06T14:15:00+05:30,24321.35,breakout_down,breakout_up,-2101.13,101.3,3.88,19.39,-2225.7,6.17
NSE:BANKNIFTY,SHORT,1.3129851174877039,2026-04-24T09:15:00+05:30,56042.1,2026-05-06T14:15:00+05:30,55940.8,breakout_down,breakout_up,133.01,88.64,2.94,14.7,26.73,12.21
NSE:SENSEX,SHORT,1.326450952849427,2026-04-30T10:15:00+05:30,76277.69,2026-05-06T14:15:00+05:30,77926.92,breakout_down,breakout_up,-2187.62,104.27,4.09,20.45,-2316.44,6.17
NSE:SBIN,SHORT,80,2026-04-23T12:15:00+05:30,1087.9,2026-05-06T14:15:00+05:30,1093.3,breakout_down,breakout_up,-432.0,257.07,17.45,52.35,-758.87,13.08
NSE:ICICIBANK,SHORT,30,2026-04-24T09:15:00+05:30,1334.3,2026-05-07T09:15:00+05:30,1288.4,breakout_down,breakout_up,1377.0,150.46,7.87,23.6,1195.07,13.0
NSE:ITC,LONG,160,2026-04-29T10:15:00+05:30,313.55,2026-05-07T13:15:00+05:30,308.8,breakout_up,breakout_down,-760.0,173.84,9.96,29.87,-973.67,8.12
NSE:TATACONSUM,SHORT,80,2026-04-30T12:15:00+05:30,1141.7,2026-05-08T09:15:00+05:30,1167.6,breakout_down,breakout_up,-2072.0,268.58,18.47,55.42,-2414.48,7.88
NSE:SBIN,LONG,75,2026-05-06T15:15:00+05:30,1099.0,2026-05-08T13:15:00+05:30,1020.9,breakout_up,breakout_down,-5857.5,240.25,15.9,47.7,-6161.34,1.92
NSE:BANKNIFTY,LONG,1.3135262157694578,2026-05-06T15:15:00+05:30,56039.3,2026-05-11T09:15:00+05:30,54473.0,breakout_up,breakout_down,-2057.38,87.58,2.9,14.52,-2162.38,4.75
NSE:RELIANCE,LONG,10,2026-04-27T15:15:00+05:30,1370.0,2026-05-11T11:15:00+05:30,1410.9,breakout_up,breakout_down,409.0,94.0,2.78,8.34,303.87,13.83
NSE:ADANIGREEN,LONG,125,2026-05-05T09:15:00+05:30,1309.1,2026-05-12T13:15:00+05:30,1302.3,breakout_up,breakout_down,-850.0,425.93,32.64,97.93,-1406.5,7.17
NSE:BHARTIARTL,SHORT,30,2026-05-04T14:15:00+05:30,1827.5,2026-05-14T09:15:00+05:30,1823.5,breakout_down,breakout_up,120.0,184.83,10.95,32.86,-108.65,9.79
NSE:LT,SHORT,20,2026-04-30T10:15:00+05:30,3997.6,2026-05-14T09:15:00+05:30,3956.3,breakout_down,breakout_up,826.0,239.84,15.91,47.72,522.53,13.96
NSE:TATACONSUM,LONG,75,2026-05-08T11:15:00+05:30,1181.0,2026-05-14T11:15:00+05:30,1231.0,breakout_up,breakout_down,3750.0,263.87,18.09,54.27,3413.77,6.0
NSE:SBIN,SHORT,80,2026-05-11T09:15:00+05:30,979.8,2026-05-14T12:15:00+05:30,985.6,breakout_down,breakout_up,-464.0,237.89,15.72,47.17,-764.78,3.12
NSE:NIFTY,SHORT,3.9207614507076203,2026-05-11T09:15:00+05:30,23893.4,2026-05-15T09:15:00+05:30,23800.25,breakout_down,breakout_up,365.22,99.94,3.74,18.7,242.84,4.0
NSE:SENSEX,SHORT,1.2955159626950061,2026-05-11T09:15:00+05:30,76316.39,2026-05-15T09:15:00+05:30,75737.68,breakout_down,breakout_up,749.73,102.85,3.94,19.7,623.24,4.0
NSE:ITC,SHORT,160,2026-05-07T14:15:00+05:30,307.25,2026-05-15T12:15:00+05:30,310.8,breakout_down,breakout_up,-568.0,173.06,9.89,29.67,-780.61,7.92
NSE:TATASTEEL,LONG,260,2026-05-06T14:15:00+05:30,215.44,2026-05-18T09:15:00+05:30,208.87,breakout_up,breakout_down,-1708.2,185.85,11.03,33.1,-1938.18,11.79
NSE:LT,LONG,20,2026-05-14T11:15:00+05:30,3979.0,2026-05-18T09:15:00+05:30,3862.0,breakout_up,breakout_down,-2340.0,237.57,15.68,47.05,-2640.3,3.92
NSE:INFY,SHORT,105,2026-05-12T09:15:00+05:30,1134.6,2026-05-18T11:15:00+05:30,1139.5,breakout_down,breakout_up,-514.5,328.51,23.88,71.63,-938.52,6.08
NSE:TCS,SHORT,25,2026-04-22T11:15:00+05:30,2517.6,2026-05-19T09:15:00+05:30,2354.1,breakout_down,breakout_up,4087.5,198.16,12.18,36.54,3840.62,26.92
NSE:HCLTECH,SHORT,50,2026-04-22T09:15:00+05:30,1305.3,2026-05-19T09:15:00+05:30,1184.4,breakout_down,breakout_up,6045.0,201.01,12.45,37.35,5794.2,27.0
NSE:RELIANCE,SHORT,10,2026-05-11T12:15:00+05:30,1401.9,2026-05-20T11:15:00+05:30,1346.2,breakout_down,breakout_up,557.0,93.63,2.75,8.24,452.38,8.96
NSE:BANKNIFTY,SHORT,1.3183109644685267,2026-05-12T09:15:00+05:30,54200.55,2026-05-21T09:15:00+05:30,53796.5,breakout_down,breakout_up,532.66,87.42,2.85,14.24,428.16,9.0
NSE:BHARTIARTL,LONG,30,2026-05-14T11:15:00+05:30,1849.2,2026-05-21T13:15:00+05:30,1883.4,breakout_up,breakout_down,1026.0,187.49,11.2,33.59,793.72,7.08
NSE:ICICIBANK,SHORT,35,2026-05-12T09:15:00+05:30,1249.2,2026-05-22T09:15:00+05:30,1266.5,breakout_down,breakout_up,-605.5,161.02,8.8,26.41,-801.74,10.0
NSE:ITC,LONG,155,2026-05-19T09:15:00+05:30,312.8,2026-05-22T09:15:00+05:30,303.95,breakout_up,breakout_down,-1371.75,169.46,9.56,28.68,-1579.45,3.0
NSE:NIFTY,SHORT,4.020238946184724,2026-05-18T09:15:00+05:30,23362.4,2026-05-25T09:15:00+05:30,23952.05,breakout_down,breakout_up,-2370.53,100.19,3.8,19.02,-2493.55,7.0
NSE:SENSEX,SHORT,1.3384016670269858,2026-05-18T09:15:00+05:30,74335.29,2026-05-25T09:15:00+05:30,76220.66,breakout_down,breakout_up,-2523.38,103.34,4.03,20.15,-2650.9,7.0
NSE:SBIN,SHORT,85,2026-05-18T09:15:00+05:30,938.5,2026-05-25T09:15:00+05:30,961.9,breakout_down,breakout_up,-1989.0,242.78,16.15,48.46,-2296.39,7.0
NSE:INFY,LONG,100,2026-05-18T15:15:00+05:30,1145.6,2026-05-25T14:15:00+05:30,1169.0,breakout_up,breakout_down,2340.0,320.16,23.15,69.44,1927.26,6.96
NSE:TATASTEEL,SHORT,265,2026-05-20T09:15:00+05:30,203.83,2026-05-27T09:15:00+05:30,213.73,breakout_down,breakout_up,-2623.5,186.29,11.07,33.2,-2854.05,7.0
NSE:TATACONSUM,SHORT,75,2026-05-14T14:15:00+05:30,1227.5,2026-05-27T13:15:00+05:30,1205.5,breakout_down,breakout_up,1650.0,265.78,18.25,54.74,1311.23,12.96
NSE:INFY,SHORT,100,2026-05-25T15:15:00+05:30,1168.0,2026-05-29T09:15:00+05:30,1207.5,breakout_down,breakout_up,-3950.0,327.4,23.76,71.26,-4372.42,3.75
NSE:HCLTECH,SHORT,65,2026-05-22T13:15:00+05:30,1161.4,2026-05-29T09:15:00+05:30,1189.3,breakout_down,breakout_up,-1813.5,233.06,15.28,45.84,-2107.67,6.83
NSE:RELIANCE,LONG,10,2026-05-20T12:15:00+05:30,1353.5,2026-05-29T10:15:00+05:30,1342.5,breakout_up,breakout_down,-110.0,93.1,2.7,8.09,-213.88,8.92
NSE:NIFTY,LONG,3.804259756682357,2026-05-25T14:15:00+05:30,24035.25,2026-05-29T11:15:00+05:30,23835.7,breakout_up,breakout_down,-759.14,98.3,3.64,18.21,-879.29,3.88
NSE:BANKNIFTY,LONG,1.3270964893912551,2026-05-22T12:15:00+05:30,54163.4,2026-05-29T12:15:00+05:30,54592.05,breakout_up,breakout_down,568.86,87.98,2.89,14.43,463.56,7.0
NSE:SENSEX,LONG,1.268324125420756,2026-05-25T10:15:00+05:30,76358.64,2026-05-29T12:15:00+05:30,75544.44,breakout_up,breakout_down,-1032.67,101.2,3.85,19.27,-1156.99,4.08
NSE:SBIN,LONG,80,2026-05-25T14:15:00+05:30,969.7,2026-05-29T13:15:00+05:30,961.5,breakout_up,breakout_down,-656.0,234.86,15.45,46.35,-952.66,3.96
NSE:ICICIBANK,LONG,35,2026-05-25T09:15:00+05:30,1276.7,2026-05-29T14:15:00+05:30,1255.1,breakout_up,breakout_down,-756.0,161.66,8.86,26.58,-953.1,4.21
NSE:TATASTEEL,LONG,235,2026-05-27T10:15:00+05:30,216.32,2026-05-29T14:15:00+05:30,207.78,breakout_up,breakout_down,-2006.9,174.03,9.97,29.9,-2220.79,2.17
NSE:LT,LONG,15,2026-05-25T09:15:00+05:30,4031.3,2026-06-01T13:15:00+05:30,4011.8,breakout_up,breakout_down,-292.5,197.22,12.06,36.19,-537.98,7.17
NSE:TCS,SHORT,30,2026-05-25T09:15:00+05:30,2299.5,2026-06-02T09:15:00+05:30,2411.2,breakout_down,breakout_up,-3351.0,220.42,14.13,42.4,-3627.95,8.0
NSE:ADANIGREEN,LONG,110,2026-05-25T13:15:00+05:30,1419.6,2026-06-02T09:15:00+05:30,1441.5,breakout_up,breakout_down,2409.0,412.68,31.47,94.42,1870.44,7.83
NSE:TCS,LONG,25,2026-06-02T10:15:00+05:30,2434.1,2026-06-03T11:15:00+05:30,2227.5,breakout_up,breakout_down,-5165.0,193.02,11.65,34.96,-5404.64,1.04
NSE:SBIN,SHORT,80,2026-06-01T12:15:00+05:30,955.5,2026-06-03T14:15:00+05:30,971.0,breakout_down,breakout_up,-1240.0,234.49,15.41,46.24,-1536.13,2.08
NSE:HCLTECH,LONG,60,2026-06-01T09:15:00+05:30,1199.8,2026-06-04T09:15:00+05:30,1170.4,breakout_up,breakout_down,-1764.0,221.29,14.22,42.66,-2042.18,3.0
NSE:ICICIBANK,SHORT,35,2026-06-01T12:15:00+05:30,1241.9,2026-06-04T11:15:00+05:30,1257.0,breakout_down,breakout_up,-528.5,160.36,8.75,26.24,-723.84,2.96
NSE:BANKNIFTY,SHORT,1.3270870055506019,2026-05-29T13:15:00+05:30,54512.05,2026-06-05T09:15:00+05:30,54494.1,breakout_down,breakout_up,23.82,87.94,2.89,14.47,-81.48,6.83
NSE:ADANIGREEN,SHORT,115,2026-06-02T11:15:00+05:30,1412.4,2026-06-05T09:15:00+05:30,1463.0,breakout_down,breakout_up,-5819.0,431.02,33.07,99.2,-6382.29,2.92
NSE:HINDUNILVR,SHORT,35,2026-04-30T10:15:00+05:30,2230.8,2026-06-05T14:15:00+05:30,2120.2,breakout_down,breakout_up,3871.0,232.06,15.23,45.69,3578.02,36.17
NSE:INFY,LONG,95,2026-06-01T10:15:00+05:30,1214.0,2026-06-08T09:15:00+05:30,1187.5,breakout_up,breakout_down,-2517.5,316.84,22.81,68.44,-2925.59,6.96
NSE:ITC,SHORT,155,2026-05-22T14:15:00+05:30,301.3,2026-06-08T10:15:00+05:30,281.7,breakout_down,breakout_up,3038.0,163.32,9.04,27.11,2838.54,16.83
NSE:SENSEX,SHORT,1.2684911757848907,2026-05-29T13:15:00+05:30,75439.21,2026-06-10T11:15:00+05:30,74478.02,breakout_down,breakout_up,1219.26,101.04,3.8,19.02,1095.4,11.92
NSE:ADANIGREEN,LONG,105,2026-06-05T10:15:00+05:30,1478.5,2026-06-11T10:15:00+05:30,1472.0,breakout_up,breakout_down,-682.5,407.44,30.98,92.94,-1213.86,6.0
NSE:BHARTIARTL,SHORT,30,2026-05-22T10:15:00+05:30,1876.5,2026-06-12T10:15:00+05:30,1809.9,breakout_down,breakout_up,1998.0,185.87,11.06,33.18,1767.89,21.0
NSE:NIFTY,SHORT,3.8099507037962685,2026-05-29T12:15:00+05:30,23769.25,2026-06-12T13:15:00+05:30,23527.5,breakout_down,breakout_up,921.06,98.16,3.6,18.02,801.27,14.04
NSE:LT,SHORT,15,2026-06-02T09:15:00+05:30,3974.0,2026-06-12T13:15:00+05:30,4012.6,breakout_down,breakout_up,-579.0,196.3,11.98,35.94,-823.22,10.17
NSE:RELIANCE,SHORT,10,2026-05-29T11:15:00+05:30,1335.5,2026-06-12T15:15:00+05:30,1296.4,breakout_down,breakout_up,391.0,92.35,2.63,7.9,288.13,14.17
NSE:TCS,SHORT,25,2026-06-05T12:15:00+05:30,2202.0,2026-06-16T09:15:00+05:30,2195.5,breakout_down,breakout_up,162.5,185.28,10.99,32.98,-66.76,10.88
NSE:HCLTECH,SHORT,60,2026-06-05T10:15:00+05:30,1154.9,2026-06-16T09:15:00+05:30,1155.3,breakout_down,breakout_up,-24.0,217.16,13.86,41.58,-296.61,10.96
NSE:TATACONSUM,SHORT,80,2026-05-29T14:15:00+05:30,1173.1,2026-06-16T09:15:00+05:30,1122.0,breakout_down,breakout_up,4088.0,266.85,18.36,55.08,3747.7,17.79
NSE:TATASTEEL,SHORT,240,2026-06-05T12:15:00+05:30,204.21,2026-06-18T14:15:00+05:30,200.67,breakout_down,breakout_up,849.6,171.05,9.72,29.15,639.69,13.08
NSE:ADANIGREEN,SHORT,105,2026-06-11T11:15:00+05:30,1465.6,2026-06-18T14:15:00+05:30,1506.8,breakout_down,breakout_up,-4326.0,410.27,31.21,93.63,-4861.11,7.12
NSE:TCS,LONG,25,2026-06-17T09:15:00+05:30,2210.2,2026-06-19T09:15:00+05:30,2079.0,breakout_up,breakout_down,-3280.0,182.53,10.72,32.17,-3505.42,2.0
NSE:HCLTECH,LONG,60,2026-06-17T09:15:00+05:30,1163.0,2026-06-19T09:15:00+05:30,1111.1,breakout_up,breakout_down,-3114.0,214.99,13.64,40.93,-3383.56,2.0
NSE:NIFTY,LONG,3.8675520972563637,2026-06-12T14:15:00+05:30,23621.8,2026-06-19T12:15:00+05:30,23930.35,breakout_up,breakout_down,1193.33,99.27,3.68,18.39,1071.99,6.92
NSE:SENSEX,LONG,1.298366139503909,2026-06-10T12:15:00+05:30,74544.53,2026-06-19T12:15:00+05:30,76553.92,breakout_up,breakout_down,2608.92,103.07,3.92,19.62,2482.31,9.0
NSE:RELIANCE,LONG,10,2026-06-15T09:15:00+05:30,1314.1,2026-06-19T14:15:00+05:30,1309.9,breakout_up,breakout_down,-42.0,92.29,2.62,7.87,-144.79,4.21
NSE:HINDUNILVR,LONG,40,2026-06-09T14:15:00+05:30,2133.4,2026-06-23T09:15:00+05:30,2172.8,breakout_up,breakout_down,1576.0,254.42,17.22,51.67,1252.68,13.79
NSE:BANKNIFTY,LONG,1.3122187113953285,2026-06-09T12:15:00+05:30,55067.8,2026-06-23T12:15:00+05:30,57436.05,breakout_up,breakout_down,3107.66,89.52,2.95,14.76,3000.43,14.0
NSE:SBIN,LONG,75,2026-06-04T09:15:00+05:30,980.05,2026-06-23T13:15:00+05:30,1026.3,breakout_up,breakout_down,3468.75,230.08,15.05,45.14,3178.48,19.17
NSE:TATACONSUM,LONG,90,2026-06-16T10:15:00+05:30,1130.2,2026-06-23T13:15:00+05:30,1103.0,breakout_up,breakout_down,-2448.0,286.66,20.1,60.3,-2815.05,7.12
NSE:ICICIBANK,LONG,35,2026-06-09T09:15:00+05:30,1267.4,2026-06-23T15:15:00+05:30,1335.5,breakout_up,breakout_down,2383.5,164.19,9.11,27.33,2182.87,14.25
NSE:BHARTIARTL,LONG,30,2026-06-12T11:15:00+05:30,1814.9,2026-06-24T09:15:00+05:30,1881.3,breakout_up,breakout_down,1992.0,186.2,11.09,33.27,1761.45,11.92
NSE:BANKNIFTY,SHORT,1.315356255587417,2026-06-23T14:15:00+05:30,57210.7,2026-06-24T11:15:00+05:30,58022.8,breakout_down,breakout_up,-1068.2,89.63,3.03,15.16,-1176.02,0.88
NSE:NIFTY,SHORT,3.8789864427129213,2026-06-23T14:15:00+05:30,23827.7,2026-06-25T09:15:00+05:30,24184.5,breakout_down,breakout_up,-1384.02,99.31,3.72,18.62,-1505.68,1.79
NSE:SENSEX,SHORT,1.3021395966351932,2026-06-23T14:15:00+05:30,76229.14,2026-06-25T09:15:00+05:30,77554.89,breakout_down,breakout_up,-1726.31,103.17,4.0,20.02,-1853.52,1.79
NSE:TATACONSUM,SHORT,90,2026-06-24T10:15:00+05:30,1098.0,2026-06-25T14:15:00+05:30,1132.9,breakout_down,breakout_up,-3141.0,286.48,20.08,60.23,-3507.79,1.17
NSE:ADANIGREEN,LONG,100,2026-06-18T15:15:00+05:30,1517.0,2026-06-29T09:15:00+05:30,1483.6,breakout_up,breakout_down,-3340.0,396.81,30.01,90.02,-3856.84,10.75
NSE:RELIANCE,LONG,10,2026-06-22T09:15:00+05:30,1341.7,2026-06-29T13:15:00+05:30,1294.7,breakout_up,breakout_down,-470.0,92.46,2.64,7.91,-573.01,7.17
NSE:NIFTY,LONG,3.7578921463222845,2026-06-25T10:15:00+05:30,24196.05,2026-06-30T09:15:00+05:30,23889.8,breakout_up,breakout_down,-1150.85,97.81,3.61,18.07,-1270.35,4.96
NSE:SENSEX,LONG,1.256014069680323,2026-06-25T10:15:00+05:30,77557.26,2026-06-30T09:15:00+05:30,76607.16,breakout_up,breakout_down,-1193.34,101.44,3.87,19.36,-1318.01,4.96
NSE:ITC,LONG,175,2026-06-08T11:15:00+05:30,283.1,2026-06-30T09:15:00+05:30,289.0,breakout_up,breakout_down,1032.5,174.31,10.01,30.04,818.15,21.92
NSE:BANKNIFTY,LONG,1.2738462309211693,2026-06-24T13:15:00+05:30,58154.55,2026-06-30T13:15:00+05:30,57527.45,breakout_up,breakout_down,-798.83,88.5,2.95,14.74,-905.02,6.0
NSE:ICICIBANK,LONG,30,2026-06-24T10:15:00+05:30,1373.0,2026-06-30T13:15:00+05:30,1366.9,breakout_up,breakout_down,-183.0,154.48,8.22,24.66,-370.36,6.12
NSE:SBIN,LONG,70,2026-06-25T09:15:00+05:30,1049.4,2026-06-30T13:15:00+05:30,1030.5,breakout_up,breakout_down,-1323.0,225.02,14.56,43.68,-1606.25,5.17
NSE:LT,LONG,15,2026-06-12T14:15:00+05:30,4049.4,2026-06-30T13:15:00+05:30,4147.2,breakout_up,breakout_down,1467.0,199.64,12.29,36.88,1218.18,17.96
NSE:BHARTIARTL,SHORT,30,2026-06-24T14:15:00+05:30,1874.8,2026-07-01T11:15:00+05:30,1877.4,breakout_down,breakout_up,-78.0,188.22,11.26,33.77,-311.25,6.88
NSE:SBIN,SHORT,70,2026-06-30T14:15:00+05:30,1027.4,2026-07-01T14:15:00+05:30,1048.3,breakout_down,breakout_up,-1463.0,224.7,14.53,43.59,-1745.82,1.0
NSE:SENSEX,SHORT,1.2570525244876625,2026-06-30T14:15:00+05:30,76447.83,2026-07-02T09:15:00+05:30,77155.58,breakout_down,breakout_up,-889.68,101.36,3.86,19.31,-1014.21,1.79
NSE:HINDUNILVR,SHORT,40,2026-06-24T09:15:00+05:30,2153.3,2026-07-02T12:15:00+05:30,2205.0,breakout_down,breakout_up,-2068.0,257.01,17.43,52.3,-2394.74,8.12
NSE:INFY,SHORT,95,2026-06-09T09:15:00+05:30,1167.6,2026-07-02T15:15:00+05:30,1042.6,breakout_down,breakout_up,11875.0,295.56,21.0,62.99,11495.45,23.25
NSE:TCS,SHORT,25,2026-06-23T14:15:00+05:30,2057.7,2026-07-03T09:15:00+05:30,2093.5,breakout_down,breakout_up,-895.0,178.52,10.38,31.13,-1115.03,9.79
NSE:ITC,SHORT,175,2026-06-30T13:15:00+05:30,286.1,2026-07-03T09:15:00+05:30,291.1,breakout_down,breakout_up,-875.0,175.44,10.1,30.3,-1090.84,2.83
NSE:TATASTEEL,SHORT,255,2026-06-23T11:15:00+05:30,194.36,2026-07-03T09:15:00+05:30,192.4,breakout_down,breakout_up,499.8,172.69,9.86,29.59,287.66,9.92
NSE:HCLTECH,SHORT,60,2026-06-30T09:15:00+05:30,1085.6,2026-07-03T09:15:00+05:30,1126.1,breakout_down,breakout_up,-2430.0,210.77,13.27,39.81,-2693.85,3.0
NSE:ADANIGREEN,LONG,90,2026-07-02T14:15:00+05:30,1559.7,2026-07-07T09:15:00+05:30,1517.7,breakout_up,breakout_down,-3780.0,371.19,27.7,83.09,-4261.97,4.79
NSE:TATACONSUM,SHORT,85,2026-06-30T09:15:00+05:30,1073.8,2026-07-07T13:15:00+05:30,1125.8,breakout_down,breakout_up,-4420.0,271.22,18.7,56.09,-4766.01,7.17
NSE:NIFTY,LONG,3.7085433801697487,2026-07-02T14:15:00+05:30,24176.5,2026-07-08T09:15:00+05:30,24238.2,breakout_up,breakout_down,228.82,97.81,3.59,17.95,109.46,5.79
NSE:SENSEX,LONG,1.2273165743599177,2026-07-02T14:15:00+05:30,77476.15,2026-07-08T09:15:00+05:30,77667.46,breakout_up,breakout_down,234.8,100.87,3.81,19.04,111.07,5.79
NSE:RELIANCE,LONG,10,2026-07-06T10:15:00+05:30,1321.3,2026-07-08T09:15:00+05:30,1290.9,breakout_up,breakout_down,-304.0,92.18,2.61,7.84,-406.63,1.96
NSE:SBIN,LONG,70,2026-07-02T09:15:00+05:30,1055.1,2026-07-08T09:15:00+05:30,1029.9,breakout_up,breakout_down,-1764.0,225.45,14.6,43.78,-2047.83,6.0
NSE:HINDUNILVR,LONG,40,2026-07-02T13:15:00+05:30,2212.5,2026-07-08T09:15:00+05:30,2170.4,breakout_up,breakout_down,-1684.0,258.07,17.53,52.59,-2012.2,5.83
NSE:ICICIBANK,LONG,30,2026-07-03T09:15:00+05:30,1410.6,2026-07-08T11:15:00+05:30,1400.7,breakout_up,breakout_down,-297.0,156.87,8.43,25.3,-487.61,5.08
NSE:BHARTIARTL,LONG,30,2026-07-01T12:15:00+05:30,1881.5,2026-07-08T12:15:00+05:30,1889.3,breakout_up,breakout_down,234.0,188.82,11.31,33.94,-0.07,7.0
NSE:BANKNIFTY,LONG,1.2518939342344613,2026-07-06T11:15:00+05:30,58453.55,2026-07-08T13:15:00+05:30,56852.65,breakout_up,breakout_down,-2004.16,87.37,2.89,14.44,-2108.85,2.08
NSE:TATASTEEL,SHORT,265,2026-07-08T13:15:00+05:30,186.9,2026-07-10T09:15:00+05:30,192.48,breakout_down,breakout_up,-1478.7,174.96,10.05,30.16,-1693.87,1.83
NSE:RELIANCE,SHORT,10,2026-07-08T13:15:00+05:30,1276.3,2026-07-10T14:15:00+05:30,1307.4,breakout_down,breakout_up,-311.0,91.86,2.58,7.75,-413.2,2.04
NSE:ADANIGREEN,SHORT,95,2026-07-08T13:15:00+05:30,1502.1,2026-07-13T09:15:00+05:30,1570.5,breakout_down,breakout_up,-6498.0,387.98,29.19,87.57,-7002.74,4.83
NSE:TCS,SHORT,25,2026-07-09T09:15:00+05:30,2032.5,2026-07-13T10:15:00+05:30,2147.7,breakout_down,breakout_up,-2880.0,179.47,10.45,31.35,-3101.28,4.04
NSE:SENSEX,SHORT,1.2439604864661136,2026-07-08T13:15:00+05:30,76528.56,2026-07-13T12:15:00+05:30,77657.72,breakout_down,breakout_up,-1404.63,100.87,3.84,19.18,-1528.52,4.96
NSE:ICICIBANK,SHORT,30,2026-07-08T12:15:00+05:30,1396.4,2026-07-13T13:15:00+05:30,1409.2,breakout_down,breakout_up,-384.0,156.69,8.42,25.25,-574.36,5.04
NSE:ADANIGREEN,LONG,85,2026-07-14T09:15:00+05:30,1575.5,2026-07-16T15:15:00+05:30,1543.0,breakout_up,breakout_down,-2762.5,357.89,26.51,79.52,-3226.42,2.25
NSE:NIFTY,SHORT,3.7563909533701674,2026-07-08T13:15:00+05:30,23897.6,2026-07-17T09:15:00+05:30,24239.85,breakout_down,breakout_up,-1285.62,97.81,3.62,18.08,-1405.13,8.83
NSE:SBIN,SHORT,70,2026-07-08T13:15:00+05:30,1015.9,2026-07-17T09:15:00+05:30,1040.2,breakout_down,breakout_up,-1701.0,223.19,14.39,43.18,-1981.76,8.83
NSE:ITC,SHORT,175,2026-07-08T09:15:00+05:30,281.35,2026-07-17T12:15:00+05:30,281.15,breakout_down,breakout_up,35.0,172.51,9.84,29.53,-176.89,9.12
NSE:HINDUNILVR,SHORT,40,2026-07-08T12:15:00+05:30,2166.9,2026-07-17T12:15:00+05:30,2139.9,breakout_down,breakout_up,1080.0,254.48,17.23,51.68,756.61,9.0
NSE:BANKNIFTY,SHORT,1.2530297579093044,2026-07-08T14:15:00+05:30,56722.6,2026-07-17T13:15:00+05:30,58221.25,breakout_down,breakout_up,-1877.85,87.31,2.88,14.4,-1982.44,8.96
NSE:LT,SHORT,15,2026-06-30T14:15:00+05:30,4142.8,2026-07-20T12:15:00+05:30,3840.0,breakout_down,breakout_up,4542.0,195.85,11.97,35.92,4298.25,19.92
NSE:BHARTIARTL,SHORT,30,2026-07-08T13:15:00+05:30,1880.0,2026-07-21T09:15:00+05:30,1946.5,breakout_down,breakout_up,-1995.0,190.84,11.48,34.44,-2231.76,12.83
NSE:INFY,LONG,120,2026-07-03T09:15:00+05:30,1047.1,2026-07-21T10:15:00+05:30,1076.0,breakout_up,breakout_down,3468.0,345.98,25.48,76.43,3020.11,18.04
NSE:NIFTY,LONG,3.6322374771217807,2026-07-17T14:15:00+05:30,24328.75,2026-07-22T09:15:00+05:30,24033.45,breakout_up,breakout_down,-1072.6,96.41,3.51,17.57,-1190.09,4.79
NSE:BANKNIFTY,LONG,1.1815532375536268,2026-07-17T14:15:00+05:30,58481.15,2026-07-22T09:15:00+05:30,57320.4,breakout_up,breakout_down,-1371.49,85.4,2.74,13.68,-1473.31,4.79
NSE:SENSEX,LONG,1.2038542135014274,2026-07-17T09:15:00+05:30,77812.21,2026-07-22T09:15:00+05:30,76933.6,breakout_up,breakout_down,-1057.72,99.4,3.73,18.63,-1179.48,5.0
NSE:RELIANCE,LONG,10,2026-07-10T15:15:00+05:30,1310.0,2026-07-22T09:15:00+05:30,1292.8,breakout_up,breakout_down,-172.0,92.07,2.6,7.81,-274.48,11.75
NSE:TCS,LONG,25,2026-07-13T11:15:00+05:30,2193.0,2026-07-22T09:15:00+05:30,2214.5,breakout_up,breakout_down,537.5,185.53,11.02,33.06,307.89,8.92
NSE:SBIN,LONG,65,2026-07-20T13:15:00+05:30,1061.5,2026-07-22T09:15:00+05:30,1028.4,breakout_up,breakout_down,-2151.5,214.24,13.58,40.75,-2420.08,1.83
NSE:TATACONSUM,SHORT,80,2026-07-08T13:15:00+05:30,1088.4,2026-07-23T09:15:00+05:30,1102.9,breakout_down,breakout_up,-1160.0,258.02,17.53,52.59,-1488.14,14.83
NSE:ICICIBANK,LONG,30,2026-07-13T14:15:00+05:30,1410.0,2026-07-23T12:15:00+05:30,1429.9,breakout_up,breakout_down,597.0,157.76,8.52,25.56,405.16,9.92
NSE:LT,LONG,20,2026-07-20T13:15:00+05:30,3843.8,2026-07-23T12:15:00+05:30,3784.0,breakout_up,breakout_down,-1196.0,232.74,15.26,45.77,-1489.77,2.96
NSE:INFY,SHORT,120,2026-07-22T09:15:00+05:30,1064.1,2026-07-27T09:15:00+05:30,1072.3,breakout_down,breakout_up,-984.0,348.09,25.64,76.91,-1434.63,5.0
NSE:HINDUNILVR,LONG,40,2026-07-27T09:15:00+05:30,2171.0,2026-07-28T09:15:00+05:30,2107.0,breakout_up,breakout_down,-2560.0,253.47,17.11,51.34,-2881.92,1.0
NSE:NIFTY,SHORT,3.6390197412192364,2026-07-23T09:15:00+05:30,23957.35,2026-07-29T09:15:00+05:30,24221.3,breakout_down,breakout_up,-960.52,96.34,3.51,17.53,-1077.9,6.0
NSE:SENSEX,SHORT,1.2039935011494747,2026-07-22T10:15:00+05:30,76826.5,2026-07-29T09:15:00+05:30,77593.15,breakout_down,breakout_up,-923.04,99.33,3.72,18.59,-1044.68,6.96
NSE:TATASTEEL,SHORT,260,2026-07-17T11:15:00+05:30,184.11,2026-07-29T09:15:00+05:30,187.0,breakout_down,breakout_up,-751.4,170.41,9.65,28.95,-960.4,11.92
NSE:BHARTIARTL,SHORT,30,2026-07-23T13:15:00+05:30,1927.8,2026-07-29T09:15:00+05:30,1938.1,breakout_down,breakout_up,-309.0,192.03,11.6,34.79,-547.42,5.83
NSE:LT,SHORT,20,2026-07-24T09:15:00+05:30,3722.0,2026-07-29T09:15:00+05:30,3948.9,breakout_down,breakout_up,-4538.0,233.95,15.34,46.03,-4833.32,5.0
NSE:RELIANCE,SHORT,10,2026-07-22T10:15:00+05:30,1290.1,2026-07-30T10:15:00+05:30,1286.1,breakout_down,breakout_up,40.0,91.75,2.58,7.73,-62.06,8.0
NSE:SBIN,SHORT,65,2026-07-22T10:15:00+05:30,1023.5,2026-07-30T12:15:00+05:30,1023.7,breakout_down,breakout_up,-13.0,211.0,13.31,39.92,-277.23,8.08
NSE:TCS,LONG,20,2026-07-27T09:15:00+05:30,2310.8,2026-07-31T09:15:00+05:30,2360.2,breakout_up,breakout_down,988.0,166.87,9.34,28.03,783.77,4.0
NSE:BANKNIFTY,SHORT,1.1816627690244232,2026-07-22T10:15:00+05:30,57232.65,2026-08-03T09:15:00+05:30,57780.7,breakout_down,breakout_up,-647.61,85.32,2.72,13.59,-749.23,11.96
NSE:ICICIBANK,SHORT,30,2026-07-24T09:15:00+05:30,1424.4,2026-08-03T09:15:00+05:30,1445.4,breakout_down,breakout_up,-630.0,158.85,8.61,25.83,-823.28,10.0
NSE:ADANIGREEN,SHORT,85,2026-07-17T09:15:00+05:30,1536.7,2026-08-03T09:15:00+05:30,1407.6,breakout_down,breakout_up,10973.5,340.41,25.03,75.08,10532.99,17.0
NSE:HINDUNILVR,SHORT,40,2026-07-28T11:15:00+05:30,2056.1,2026-08-03T15:15:00+05:30,2138.0,breakout_down,breakout_up,-3276.0,249.8,16.78,50.33,-3592.91,6.17
NSE:RELIANCE,LONG,10,2026-07-30T11:15:00+05:30,1289.4,2026-08-05T12:15:00+05:30,1285.5,breakout_up,breakout_down,-39.0,91.75,2.57,7.72,-141.05,6.04
NSE:HCLTECH,LONG,55,2026-07-03T10:15:00+05:30,1142.3,2026-08-05T13:15:00+05:30,1340.2,breakout_up,breakout_down,10884.5,214.04,13.65,40.96,10615.85,33.12
NSE:ITC,LONG,175,2026-07-20T10:15:00+05:30,283.3,2026-08-06T10:15:00+05:30,284.35,breakout_up,breakout_down,183.75,173.5,9.93,29.8,-29.49,17.0
NSE:RELIANCE,SHORT,10,2026-08-05T13:15:00+05:30,1276.8,2026-08-06T12:15:00+05:30,1320.7,breakout_down,breakout_up,-439.0,92.03,2.6,7.79,-541.42,0.96
NSE:TATASTEEL,LONG,250,2026-07-29T11:15:00+05:30,188.06,2026-08-07T09:15:00+05:30,188.3,breakout_up,breakout_down,60.0,167.68,9.41,28.23,-145.32,8.92
NSE:TATACONSUM,LONG,80,2026-07-23T15:15:00+05:30,1110.1,2026-08-07T11:15:00+05:30,1079.0,breakout_up,breakout_down,-2488.0,257.92,17.51,52.54,-2815.97,14.83
NSE:ICICIBANK,LONG,30,2026-08-03T15:15:00+05:30,1460.0,2026-08-07T13:15:00+05:30,1429.2,breakout_up,breakout_down,-924.0,159.52,8.67,26.0,-1118.19,3.92
NSE:TCS,SHORT,20,2026-08-06T09:15:00+05:30,2404.3,2026-08-10T09:15:00+05:30,2457.9,breakout_down,breakout_up,-1072.0,171.27,9.72,29.17,-1282.17,4.0
NSE:NIFTY,LONG,3.5531757921036293,2026-07-29T10:15:00+05:30,24233.7,2026-08-11T09:15:00+05:30,24473.0,breakout_up,breakout_down,850.27,96.14,3.46,17.31,733.37,12.96
NSE:BANKNIFTY,LONG,1.1482412405969504,2026-08-03T15:15:00+05:30,58247.95,2026-08-11T09:15:00+05:30,57214.8,breakout_up,breakout_down,-1186.31,84.25,2.65,13.26,-1286.46,7.75
NSE:SENSEX,LONG,1.178369291538138,2026-07-29T10:15:00+05:30,77613.23,2026-08-11T09:15:00+05:30,78156.36,breakout_up,breakout_down,640.01,99.04,3.67,18.36,518.94,12.96
NSE:BHARTIARTL,LONG,30,2026-07-29T10:15:00+05:30,1942.0,2026-08-11T09:15:00+05:30,1922.8,breakout_up,breakout_down,-576.0,192.01,11.59,34.78,-814.39,12.96
NSE:RELIANCE,LONG,5,2026-08-07T11:15:00+05:30,1332.2,2026-08-12T09:15:00+05:30,1311.2,breakout_up,breakout_down,-105.0,77.82,1.32,3.97,-188.11,4.92
NSE:TATACONSUM,LONG,75,2026-08-10T13:15:00+05:30,1106.7,2026-08-12T09:15:00+05:30,1067.0,breakout_up,breakout_down,-2977.5,244.51,16.3,48.91,-3287.22,1.83
NSE:LT,LONG,15,2026-08-03T09:15:00+05:30,3975.7,2026-08-12T09:15:00+05:30,3997.7,breakout_up,breakout_down,330.0,196.01,11.96,35.88,86.15,9.0
NSE:INFY,LONG,115,2026-07-28T09:15:00+05:30,1110.0,2026-08-12T10:15:00+05:30,1171.6,breakout_up,breakout_down,7084.0,354.17,26.24,78.72,6624.88,15.04
NSE:BHARTIARTL,SHORT,30,2026-08-12T09:15:00+05:30,1907.4,2026-08-13T09:15:00+05:30,1964.5,breakout_down,breakout_up,-1713.0,192.34,11.62,34.85,-1951.8,1.0
NSE:HINDUNILVR,SHORT,40,2026-08-04T12:15:00+05:30,2084.1,2026-08-13T14:15:00+05:30,2088.0,breakout_down,breakout_up,-156.0,248.59,16.69,50.07,-471.34,9.08
NSE:LT,SHORT,15,2026-08-12T10:15:00+05:30,3993.6,2026-08-13T15:15:00+05:30,4070.7,breakout_down,breakout_up,-1156.5,197.64,12.1,36.29,-1402.52,1.21
NSE:BANKNIFTY,LONG,1.1332662909113755,2026-08-12T15:15:00+05:30,57885.85,2026-08-17T09:15:00+05:30,57269.85,breakout_up,breakout_down,-698.09,83.78,2.61,13.05,-797.53,4.75
NSE:SBIN,LONG,65,2026-08-03T09:15:00+05:30,1044.1,2026-08-17T09:15:00+05:30,1055.8,breakout_up,breakout_down,760.5,214.75,13.65,40.95,491.15,14.0
NSE:HINDUNILVR,LONG,35,2026-08-13T15:15:00+05:30,2092.0,2026-08-17T15:15:00+05:30,2055.0,breakout_up,breakout_down,-1295.0,224.52,14.51,43.54,-1577.57,4.0
NSE:RELIANCE,SHORT,5,2026-08-14T10:15:00+05:30,1304.0,2026-08-18T09:15:00+05:30,1323.8,breakout_down,breakout_up,-99.0,77.74,1.31,3.94,-181.99,3.96
NSE:ICICIBANK,SHORT,30,2026-08-07T14:15:00+05:30,1425.0,2026-08-24T09:15:00+05:30,1421.5,breakout_down,breakout_up,105.0,158.02,8.54,25.62,-87.17,16.79
NSE:NIFTY,SHORT,3.551465561706826,2026-08-11T10:15:00+05:30,24451.25,2026-08-25T15:15:00+05:30,24334.55,breakout_down,breakout_up,414.46,96.09,3.47,17.33,297.58,14.21
NSE:BANKNIFTY,SHORT,1.1342532329763422,2026-08-17T10:15:00+05:30,57134.45,2026-08-26T09:15:00+05:30,57903.55,breakout_down,breakout_up,-872.35,83.73,2.61,13.05,-971.75,8.96
NSE:SENSEX,SHORT,1.1775585418436114,2026-08-11T10:15:00+05:30,78106.04,2026-08-26T09:15:00+05:30,77859.61,breakout_down,breakout_up,290.19,98.99,3.67,18.37,169.16,14.96
NSE:ITC,SHORT,175,2026-08-10T11:15:00+05:30,283.5,2026-08-26T09:15:00+05:30,272.45,breakout_down,breakout_up,1933.75,171.1,9.73,29.19,1723.74,15.92
NSE:SBIN,SHORT,65,2026-08-17T10:15:00+05:30,1053.3,2026-08-26T09:15:00+05:30,1057.1,breakout_down,breakout_up,-247.0,215.58,13.72,41.15,-517.45,8.96
NSE:ADANIGREEN,SHORT,105,2026-08-10T09:15:00+05:30,1361.3,2026-08-26T09:15:00+05:30,1329.8,breakout_down,breakout_up,3307.5,376.88,28.26,84.77,2817.6,16.0
NSE:LT,LONG,15,2026-08-17T14:15:00+05:30,4076.0,2026-08-26T11:15:00+05:30,4064.0,breakout_up,breakout_down,-180.0,198.82,12.21,36.63,-427.66,8.88
NSE:BHARTIARTL,LONG,25,2026-08-14T10:15:00+05:30,1990.4,2026-08-26T12:15:00+05:30,1913.3,breakout_up,breakout_down,-1927.5,171.72,9.76,29.28,-2138.26,12.08
NSE:TATASTEEL,SHORT,250,2026-08-07T13:15:00+05:30,187.0,2026-08-26T14:15:00+05:30,189.6,breakout_down,breakout_up,-650.0,167.8,9.41,28.24,-855.46,19.04
NSE:NIFTY,LONG,3.579453525805272,2026-08-26T09:15:00+05:30,24342.95,2026-08-27T15:15:00+05:30,24090.85,breakout_up,breakout_down,-902.38,95.8,3.47,17.34,-1018.99,1.25
NSE:TCS,SHORT,20,2026-08-12T09:15:00+05:30,2417.5,2026-08-28T09:15:00+05:30,2326.4,breakout_down,breakout_up,1822.0,168.42,9.49,28.46,1615.62,16.0
NSE:HCLTECH,SHORT,55,2026-08-05T14:15:00+05:30,1340.0,2026-08-28T09:15:00+05:30,1327.9,breakout_down,breakout_up,665.5,226.14,14.67,44.02,380.67,22.79
NSE:BANKNIFTY,SHORT,1.1152961720460535,2026-08-31T10:15:00+05:30,57236.9,2026-08-31T15:15:00+05:30,58024.95,breakout_down,breakout_up,-878.91,83.19,2.57,12.86,-977.52,0.21
NSE:RELIANCE,SHORT,5,2026-08-24T13:15:00+05:30,1303.0,2026-09-01T11:15:00+05:30,1306.6,breakout_down,breakout_up,-18.0,77.63,1.3,3.91,-100.85,7.92
NSE:INFY,SHORT,115,2026-08-12T11:15:00+05:30,1166.0,2026-09-01T11:15:00+05:30,1148.7,breakout_down,breakout_up,1989.5,358.78,26.62,79.86,1524.25,20.0
NSE:HCLTECH,LONG,55,2026-09-01T09:15:00+05:30,1335.1,2026-09-04T12:15:00+05:30,1303.0,breakout_up,breakout_down,-1765.5,224.5,14.51,43.53,-2048.03,3.12
NSE:TATASTEEL,SHORT,250,2026-08-31T09:15:00+05:30,182.22,2026-09-04T13:15:00+05:30,188.96,breakout_down,breakout_up,-1685.0,166.37,9.28,27.84,-1888.49,4.17
NSE:TCS,LONG,20,2026-08-28T12:15:00+05:30,2343.0,2026-09-07T09:15:00+05:30,2283.0,breakout_up,breakout_down,-1200.0,166.03,9.25,27.76,-1403.04,9.88
NSE:RELIANCE,LONG,5,2026-09-04T09:15:00+05:30,1326.8,2026-09-08T09:15:00+05:30,1301.6,breakout_up,breakout_down,-126.0,77.74,1.31,3.94,-209.0,4.0
NSE:ICICIBANK,LONG,30,2026-08-26T09:15:00+05:30,1440.8,2026-09-08T09:15:00+05:30,1412.4,breakout_up,breakout_down,-852.0,158.31,8.56,25.68,-1044.55,13.0
NSE:HINDUNILVR,SHORT,40,2026-08-18T09:15:00+05:30,2040.9,2026-09-08T10:15:00+05:30,1986.9,breakout_down,breakout_up,2160.0,242.0,16.11,48.33,1853.56,21.04
NSE:ADANIGREEN,SHORT,110,2026-08-31T09:15:00+05:30,1293.5,2026-09-09T09:15:00+05:30,1329.0,breakout_down,breakout_up,-3905.0,383.98,28.85,86.54,-4404.37,9.0
NSE:TCS,SHORT,25,2026-09-09T09:15:00+05:30,2205.8,2026-09-15T09:15:00+05:30,2296.8,breakout_down,breakout_up,-2275.0,188.39,11.26,33.77,-2508.41,6.0
NSE:INFY,SHORT,120,2026-09-07T09:15:00+05:30,1099.8,2026-09-15T09:15:00+05:30,1083.7,breakout_down,breakout_up,1932.0,354.15,26.2,78.61,1473.04,8.0
NSE:HCLTECH,SHORT,55,2026-09-04T13:15:00+05:30,1298.8,2026-09-15T09:15:00+05:30,1278.0,breakout_down,breakout_up,1144.0,220.53,14.17,42.52,866.78,10.83
NSE:HINDUNILVR,SHORT,40,2026-09-09T09:15:00+05:30,1950.8,2026-09-16T10:15:00+05:30,1971.5,breakout_down,breakout_up,-828.0,237.53,15.69,47.07,-1128.29,7.04
NSE:TATACONSUM,SHORT,75,2026-08-12T10:15:00+05:30,1060.4,2026-09-16T11:15:00+05:30,1009.8,breakout_down,breakout_up,3795.0,235.38,15.53,46.58,3497.51,35.04
NSE:ITC,SHORT,190,2026-08-28T11:15:00+05:30,266.35,2026-09-16T14:15:00+05:30,264.75,breakout_down,breakout_up,304.0,175.24,10.09,30.27,88.4,19.12
NSE:TATASTEEL,SHORT,240,2026-09-11T09:15:00+05:30,182.48,2026-09-17T14:15:00+05:30,187.15,breakout_down,breakout_up,-1120.8,161.79,8.87,26.61,-1318.08,6.21
NSE:ADANIGREEN,SHORT,110,2026-09-11T09:15:00+05:30,1285.4,2026-09-18T09:15:00+05:30,1295.2,breakout_down,breakout_up,-1078.0,378.65,28.39,85.16,-1570.2,7.0
NSE:BHARTIARTL,SHORT,25,2026-08-27T09:15:00+05:30,1902.6,2026-09-18T09:15:00+05:30,1846.7,breakout_down,breakout_up,1397.5,167.18,9.37,28.12,1192.82,22.0
NSE:LT,SHORT,15,2026-08-26T12:15:00+05:30,4050.1,2026-09-18T14:15:00+05:30,3896.5,breakout_down,breakout_up,2304.0,195.41,11.92,35.76,2060.91,23.08
NSE:HINDUNILVR,LONG,40,2026-09-16T11:15:00+05:30,1974.0,2026-09-18T15:15:00+05:30,1932.0,breakout_up,breakout_down,-1680.0,236.87,15.62,46.87,-1979.37,2.17
NSE:TATACONSUM,LONG,85,2026-09-17T11:15:00+05:30,1012.2,2026-09-18T15:15:00+05:30,996.0,breakout_up,breakout_down,-1377.0,252.92,17.07,51.21,-1698.2,1.17
NSE:NIFTY,SHORT,3.5753259821352206,2026-08-28T11:15:00+05:30,24086.9,2026-09-21T11:15:00+05:30,23417.55,breakout_down,breakout_up,2393.14,95.6,3.4,16.98,2277.16,24.0
NSE:SENSEX,SHORT,1.1976964612129428,2026-08-27T15:15:00+05:30,76933.59,2026-09-21T11:15:00+05:30,74811.04,breakout_down,breakout_up,2542.17,98.99,3.63,18.17,2421.37,24.83
NSE:BANKNIFTY,SHORT,1.0993904301160915,2026-09-01T13:15:00+05:30,57178.5,2026-09-21T13:15:00+05:30,56599.4,breakout_down,breakout_up,636.66,82.58,2.5,12.51,539.07,20.0
NSE:BHARTIARTL,LONG,25,2026-09-18T15:15:00+05:30,1893.3,2026-09-22T12:15:00+05:30,1819.4,breakout_up,breakout_down,-1847.5,166.41,9.28,27.85,-2051.04,3.88
NSE:ADANIGREEN,LONG,105,2026-09-18T12:15:00+05:30,1325.0,2026-09-23T12:15:00+05:30,1295.7,breakout_up,breakout_down,-3076.5,369.14,27.52,82.55,-3555.71,5.0
NSE:NIFTY,LONG,3.7688142580346247,2026-09-21T13:15:00+05:30,23452.7,2026-09-24T09:15:00+05:30,23218.5,breakout_up,breakout_down,-882.66,96.52,3.52,17.59,-1000.28,2.83
NSE:SENSEX,LONG,1.2617275567652904,2026-09-21T13:15:00+05:30,74942.66,2026-09-24T09:15:00+05:30,74128.03,breakout_up,breakout_down,-1027.84,99.92,3.76,18.81,-1150.33,2.83
NSE:LT,LONG,15,2026-09-22T09:15:00+05:30,3915.3,2026-09-24T13:15:00+05:30,3856.9,breakout_up,breakout_down,-876.0,192.75,11.66,34.97,-1115.38,2.17
NSE:ITC,LONG,190,2026-09-17T09:15:00+05:30,267.35,2026-09-28T09:15:00+05:30,265.75,breakout_up,breakout_down,-304.0,175.71,10.13,30.39,-520.22,11.0
NSE:TATASTEEL,LONG,225,2026-09-23T11:15:00+05:30,190.3,2026-09-28T12:15:00+05:30,185.7,breakout_up,breakout_down,-1035.0,157.22,8.46,25.38,-1226.06,5.04
NSE:HCLTECH,LONG,55,2026-09-21T12:15:00+05:30,1276.2,2026-09-29T09:15:00+05:30,1232.7,breakout_up,breakout_down,-2392.5,216.65,13.8,41.4,-2664.34,7.88
NSE:NIFTY,SHORT,3.7675767125080197,2026-09-24T11:15:00+05:30,23195.7,2026-09-29T15:15:00+05:30,22716.2,breakout_down,backtest_end,1806.55,96.34,3.46,17.3,1689.45,5.17
NSE:BANKNIFTY,SHORT,1.1403797061889676,2026-09-24T09:15:00+05:30,55594.6,2026-09-29T15:15:00+05:30,54259.95,breakout_down,backtest_end,1522.01,82.84,2.51,12.53,1424.13,5.25
NSE:SENSEX,SHORT,1.2619956520983227,2026-09-24T12:15:00+05:30,74017.95,2026-09-29T15:15:00+05:30,72529.07,breakout_down,backtest_end,1878.96,99.73,3.7,18.49,1757.04,5.12
NSE:RELIANCE,SHORT,5,2026-09-08T10:15:00+05:30,1294.6,2026-09-29T15:15:00+05:30,1182.0,breakout_down,backtest_end,563.0,76.85,1.24,3.71,481.2,21.21
NSE:ICICIBANK,SHORT,30,2026-09-08T10:15:00+05:30,1407.2,2026-09-29T15:15:00+05:30,1292.2,breakout_down,backtest_end,3450.0,152.86,8.1,24.29,3264.75,21.21
NSE:TCS,SHORT,20,2026-09-16T14:15:00+05:30,2183.0,2026-09-29T15:15:00+05:30,2032.4,breakout_down,backtest_end,3012.0,156.59,8.43,25.29,2821.69,13.04
NSE:INFY,SHORT,130,2026-09-18T09:15:00+05:30,1048.1,2026-09-29T15:15:00+05:30,1015.4,breakout_down,breakout_up,4251.0,360.9,26.83,80.48,3782.79,11.25
NSE:ITC,SHORT,190,2026-09-29T09:15:00+05:30,264.0,2026-09-29T15:15:00+05:30,265.1,breakout_down,backtest_end,-209.0,64.89,10.05,30.16,-314.1,0.25
NSE:SBIN,SHORT,65,2026-08-31T09:15:00+05:30,1036.1,2026-09-29T15:15:00+05:30,964.7,breakout_down,backtest_end,4641.0,207.3,13.01,39.02,4381.68,29.25
NSE:TATASTEEL,SHORT,225,2026-09-29T09:15:00+05:30,184.8,2026-09-29T15:15:00+05:30,188.0,breakout_down,backtest_end,-720.0,61.9,8.39,25.16,-815.45,0.25
NSE:HINDUNILVR,SHORT,40,2026-09-24T09:15:00+05:30,1930.1,2026-09-29T15:15:00+05:30,1863.8,breakout_down,backtest_end,2652.0,231.57,15.18,45.53,2359.73,5.25
NSE:HCLTECH,SHORT,55,2026-09-29T15:15:00+05:30,1222.0,2026-09-29T15:15:00+05:30,1222.0,breakout_down,backtest_end,-0.0,70.89,13.44,40.33,-124.66,0.0
NSE:TATACONSUM,SHORT,85,2026-09-22T10:15:00+05:30,993.3,2026-09-29T15:15:00+05:30,967.7,breakout_down,backtest_end,2176.0,248.19,16.67,50.01,1861.13,7.21
NSE:ADANIGREEN,SHORT,105,2026-09-24T14:15:00+05:30,1279.1,2026-09-29T15:15:00+05:30,1260.0,breakout_down,backtest_end,2005.5,359.24,26.66,79.98,1539.62,5.04
NSE:BHARTIARTL,SHORT,25,2026-09-22T13:15:00+05:30,1817.5,2026-09-29T15:15:00+05:30,1771.2,breakout_down,backtest_end,1157.5,162.74,8.97,26.92,958.87,7.08
NSE:LT,SHORT,15,2026-09-28T09:15:00+05:30,3832.9,2026-09-29T15:15:00+05:30,3749.1,breakout_down,backtest_end,1257.0,189.42,11.37,34.12,1022.09,1.25
