instrument,side,qty,entry_time,entry_price,exit_time,exit_price,entry_reason,exit_reason,gross_pnl,commission,spread,slippage,net_pnl,holding_days
NSE:HINDUNILVR,LONG,35,2023-10-03T09:45:00+05:30,2493.85,2023-10-03T14:15:00+05:30,2473.9,breakout_up,breakout_down,-698.25,77.76,17.39,52.16,-845.56,0.19
NSE:HCLTECH,LONG,75,2023-10-03T11:30:00+05:30,1253.2,2023-10-04T09:15:00+05:30,1234.55,breakout_up,breakout_down,-1398.75,270.57,18.66,55.97,-1743.95,0.91
NSE:SBIN,LONG,165,2023-10-03T15:00:00+05:30,603.15,2023-10-04T10:15:00+05:30,593.05,breakout_up,breakout_down,-1666.5,282.58,19.74,59.21,-2028.03,0.8
NSE:LT,LONG,30,2023-10-03T13:00:00+05:30,3048.95,2023-10-04T11:30:00+05:30,3022.65,breakout_up,breakout_down,-789.0,265.6,18.21,54.64,-1127.46,0.94
NSE:HINDUNILVR,SHORT,40,2023-10-03T15:00:00+05:30,2468.5,2023-10-04T14:00:00+05:30,2498.0,breakout_down,breakout_up,-1180.0,283.97,19.87,59.6,-1543.44,0.96
NSE:NIFTY,SHORT,5.115844212301815,2023-10-03T10:00:00+05:30,19488.65,2023-10-04T15:00:00+05:30,19444.55,breakout_down,breakout_up,225.61,65.95,3.98,19.92,135.75,1.21
NSE:SENSEX,SHORT,1.5324995705055018,2023-10-04T09:15:00+05:30,65057.7,2023-10-04T15:00:00+05:30,65246.83,breakout_down,breakout_up,-289.84,65.97,3.99,19.97,-379.78,0.24
NSE:RELIANCE,SHORT,170,2023-10-04T09:15:00+05:30,575.25,2023-10-04T15:00:00+05:30,579.27,breakout_down,breakout_up,-684.25,81.71,19.63,58.88,-844.47,0.24
NSE:ICICIBANK,SHORT,105,2023-10-03T09:45:00+05:30,945.2,2023-10-04T15:15:00+05:30,934.2,breakout_down,breakout_up,1155.0,282.33,19.73,59.2,793.74,1.23
NSE:ADANIGREEN,LONG,100,2023-10-04T11:00:00+05:30,987.95,2023-10-04T15:15:00+05:30,970.45,breakout_up,breakout_down,-1750.0,81.52,19.58,58.75,-1909.86,0.18
NSE:BANKNIFTY,SHORT,2.2652782167871233,2023-10-04T09:15:00+05:30,44012.65,2023-10-05T09:15:00+05:30,44222.0,breakout_down,breakout_up,-474.24,65.98,4.0,19.99,-564.2,1.0
NSE:WIPRO,SHORT,985,2023-10-04T09:15:00+05:30,100.79,2023-10-05T09:15:00+05:30,101.8,breakout_down,breakout_up,-994.85,284.95,19.96,59.87,-1359.62,1.0
NSE:LT,SHORT,30,2023-10-04T11:45:00+05:30,3009.85,2023-10-05T09:15:00+05:30,3063.1,breakout_down,breakout_up,-1597.5,265.7,18.22,54.66,-1936.08,0.9
NSE:ITC,SHORT,225,2023-10-04T09:15:00+05:30,438.95,2023-10-05T09:45:00+05:30,440.05,breakout_down,breakout_up,-247.5,282.92,19.78,59.33,-609.53,1.02
NSE:SBIN,SHORT,160,2023-10-04T11:15:00+05:30,592.7,2023-10-05T10:45:00+05:30,593.3,breakout_down,breakout_up,-96.0,274.0,18.98,56.93,-445.91,0.98
NSE:HDFCBANK,LONG,260,2023-10-04T10:30:00+05:30,381.38,2023-10-06T15:00:00+05:30,383.65,breakout_up,breakout_down,591.5,284.12,19.89,59.67,227.82,2.19
NSE:NIFTY,LONG,5.113919908710108,2023-10-05T09:15:00+05:30,19522.45,2023-10-09T09:15:00+05:30,19507.55,breakout_up,breakout_down,-76.2,65.98,3.99,19.96,-166.13,4.0
NSE:BANKNIFTY,LONG,2.23788166390843,2023-10-05T10:45:00+05:30,44300.1,2023-10-09T09:15:00+05:30,43838.45,breakout_up,breakout_down,-1033.12,65.71,3.94,19.72,-1122.49,3.94
NSE:SENSEX,LONG,1.5154399723414709,2023-10-05T09:15:00+05:30,65540.21,2023-10-09T09:15:00+05:30,65519.89,breakout_up,breakout_down,-30.79,65.89,3.97,19.86,-120.51,4.0
NSE:RELIANCE,LONG,165,2023-10-05T14:30:00+05:30,581.59,2023-10-09T09:15:00+05:30,575.62,breakout_up,breakout_down,-984.23,275.38,19.09,57.28,-1335.98,3.78
NSE:ITC,LONG,225,2023-10-06T09:15:00+05:30,439.9,2023-10-09T09:15:00+05:30,440.65,breakout_up,breakout_down,168.75,283.28,19.81,59.44,-193.78,3.0
NSE:SBIN,LONG,160,2023-10-06T10:30:00+05:30,597.8,2023-10-09T09:15:00+05:30,582.35,breakout_up,breakout_down,-2472.0,273.14,18.88,56.65,-2820.67,2.95
NSE:WIPRO,LONG,960,2023-10-05T09:30:00+05:30,102.14,2023-10-09T09:15:00+05:30,101.72,breakout_up,breakout_down,-408.0,280.63,19.57,58.71,-766.91,3.99
NSE:BHARTIARTL,LONG,105,2023-10-05T09:45:00+05:30,926.85,2023-10-09T09:15:00+05:30,919.25,breakout_up,breakout_down,-798.0,278.59,19.38,58.15,-1154.13,3.98
NSE:LT,LONG,30,2023-10-05T12:45:00+05:30,3074.0,2023-10-09T09:15:00+05:30,3067.0,breakout_up,breakout_down,-210.0,267.87,18.42,55.27,-551.56,3.85
NSE:ICICIBANK,LONG,105,2023-10-05T09:15:00+05:30,940.4,2023-10-09T12:45:00+05:30,936.8,breakout_up,breakout_down,-378.0,282.19,19.71,59.13,-739.03,4.15
NSE:TCS,LONG,25,2023-10-04T14:30:00+05:30,3521.5,2023-10-09T14:15:00+05:30,3636.0,breakout_up,breakout_down,2862.5,261.76,17.89,53.68,2529.17,4.99
NSE:LT,SHORT,30,2023-10-09T11:15:00+05:30,3057.6,2023-10-09T14:45:00+05:30,3076.0,breakout_down,breakout_up,-552.0,79.57,18.4,55.2,-705.17,0.15
NSE:HCLTECH,LONG,75,2023-10-04T14:30:00+05:30,1242.1,2023-10-09T15:00:00+05:30,1248.2,breakout_up,breakout_down,457.5,270.64,18.68,56.03,112.15,5.02
NSE:NIFTY,SHORT,5.11196906440374,2023-10-09T15:15:00+05:30,19497.5,2023-10-10T09:15:00+05:30,19591.65,breakout_down,breakout_up,-481.29,65.98,4.0,19.98,-571.25,0.75
NSE:SENSEX,SHORT,1.515044753390994,2023-10-09T15:15:00+05:30,65478.0,2023-10-10T09:15:00+05:30,65779.39,breakout_down,breakout_up,-456.62,65.89,3.98,19.89,-546.37,0.75
NSE:HDFCBANK,SHORT,260,2023-10-09T09:15:00+05:30,379.79,2023-10-10T09:15:00+05:30,380.88,breakout_down,breakout_up,-282.1,282.92,19.78,59.33,-644.13,1.0
NSE:INFY,LONG,65,2023-10-04T14:30:00+05:30,1438.95,2023-10-10T09:15:00+05:30,1472.0,breakout_up,breakout_down,2148.25,273.23,18.92,56.76,1799.34,5.78
NSE:ITC,SHORT,225,2023-10-09T14:30:00+05:30,438.85,2023-10-10T10:30:00+05:30,443.9,breakout_down,breakout_up,-1136.25,283.93,19.86,59.59,-1499.62,0.83
NSE:TATASTEEL,SHORT,780,2023-10-03T11:00:00+05:30,127.3,2023-10-10T14:00:00+05:30,125.45,breakout_down,breakout_up,1443.0,282.09,19.71,59.14,1082.05,7.12
NSE:WIPRO,SHORT,960,2023-10-09T15:15:00+05:30,101.28,2023-10-10T14:15:00+05:30,102.06,breakout_down,breakout_up,-758.4,280.11,19.52,58.56,-1116.59,0.96
NSE:LT,LONG,30,2023-10-10T09:15:00+05:30,3088.15,2023-10-10T15:00:00+05:30,3073.85,breakout_up,breakout_down,-429.0,79.73,18.49,55.46,-582.67,0.24
NSE:ADANIGREEN,SHORT,100,2023-10-05T14:00:00+05:30,967.35,2023-10-11T09:15:00+05:30,963.5,breakout_down,breakout_up,385.0,277.66,19.31,57.93,30.1,5.8
NSE:INFY,LONG,65,2023-10-10T10:00:00+05:30,1487.0,2023-10-11T12:30:00+05:30,1485.0,breakout_up,breakout_down,-130.0,277.81,19.32,57.95,-485.08,1.1
NSE:SBIN,LONG,160,2023-10-10T09:15:00+05:30,586.5,2023-10-11T13:45:00+05:30,589.15,breakout_up,breakout_down,424.0,272.12,18.81,56.43,76.63,1.19
NSE:HCLTECH,LONG,75,2023-10-10T14:15:00+05:30,1263.35,2023-10-11T13:45:00+05:30,1254.9,breakout_up,breakout_down,-633.75,273.05,18.89,56.66,-982.35,0.98
NSE:LT,LONG,30,2023-10-11T09:15:00+05:30,3100.15,2023-10-11T14:15:00+05:30,3089.55,breakout_up,breakout_down,-318.0,79.89,18.57,55.71,-472.17,0.21
NSE:TATACONSUM,LONG,110,2023-10-09T10:15:00+05:30,879.0,2023-10-11T14:45:00+05:30,889.95,breakout_up,breakout_down,1204.5,279.27,19.46,58.38,847.4,2.19
NSE:TATASTEEL,LONG,795,2023-10-11T11:30:00+05:30,126.1,2023-10-11T15:00:00+05:30,124.95,breakout_up,breakout_down,-914.25,82.27,19.96,59.88,-1076.36,0.15
NSE:ADANIGREEN,LONG,100,2023-10-11T09:30:00+05:30,966.1,2023-10-11T15:00:00+05:30,961.6,breakout_up,breakout_down,-450.0,81.12,19.28,57.83,-608.23,0.23
NSE:WIPRO,LONG,935,2023-10-11T09:15:00+05:30,102.78,2023-10-12T09:15:00+05:30,105.04,breakout_up,breakout_down,2117.78,278.89,19.43,58.29,1761.16,1.0
NSE:BHARTIARTL,LONG,105,2023-10-10T09:15:00+05:30,934.65,2023-10-12T09:15:00+05:30,950.5,breakout_up,breakout_down,1664.25,282.96,19.79,59.38,1302.11,2.0
NSE:NIFTY,LONG,5.051615532211081,2023-10-10T10:00:00+05:30,19617.7,2023-10-12T09:45:00+05:30,19779.9,breakout_up,breakout_down,819.37,65.97,3.98,19.9,729.52,1.99
NSE:SENSEX,LONG,1.4976024862233648,2023-10-10T10:00:00+05:30,65876.87,2023-10-12T09:45:00+05:30,66368.96,breakout_up,breakout_down,736.96,65.87,3.96,19.81,647.31,1.99
NSE:HINDUNILVR,LONG,35,2023-10-04T14:15:00+05:30,2502.1,2023-10-12T09:45:00+05:30,2543.55,breakout_up,breakout_down,1450.75,259.26,17.66,52.98,1120.85,7.81
NSE:BHARTIARTL,SHORT,105,2023-10-12T09:30:00+05:30,949.25,2023-10-12T15:15:00+05:30,953.95,breakout_down,breakout_up,-493.5,82.36,19.98,59.95,-655.8,0.24
NSE:BANKNIFTY,LONG,2.221965858542268,2023-10-10T09:15:00+05:30,44113.75,2023-10-13T09:15:00+05:30,44328.25,breakout_up,breakout_down,476.61,65.72,3.93,19.65,387.31,3.0
NSE:RELIANCE,LONG,165,2023-10-10T09:30:00+05:30,577.75,2023-10-13T09:15:00+05:30,584.84,breakout_up,breakout_down,1169.85,276.21,19.18,57.55,816.91,2.99
NSE:ICICIBANK,LONG,105,2023-10-10T09:15:00+05:30,942.75,2023-10-13T09:15:00+05:30,946.8,breakout_up,breakout_down,425.25,283.57,19.84,59.52,62.32,3.0
NSE:TATASTEEL,LONG,785,2023-10-12T09:30:00+05:30,126.65,2023-10-13T09:15:00+05:30,125.05,breakout_up,breakout_down,-1256.0,282.79,19.76,59.28,-1617.82,0.99
NSE:HCLTECH,SHORT,75,2023-10-11T14:00:00+05:30,1253.45,2023-10-13T09:15:00+05:30,1264.3,breakout_down,breakout_up,-813.75,273.03,18.88,56.65,-1162.31,1.8
NSE:TATACONSUM,SHORT,110,2023-10-11T15:00:00+05:30,888.0,2023-10-13T09:15:00+05:30,900.0,breakout_down,breakout_up,-1320.0,281.78,19.67,59.0,-1680.46,1.76
NSE:HDFCBANK,LONG,255,2023-10-11T09:15:00+05:30,383.12,2023-10-13T10:45:00+05:30,384.44,breakout_up,breakout_down,337.87,280.6,19.57,58.72,-21.02,2.06
NSE:TCS,SHORT,25,2023-10-09T15:15:00+05:30,3633.0,2023-10-13T11:45:00+05:30,3570.8,breakout_down,breakout_up,1555.0,263.14,18.01,54.03,1219.82,3.85
NSE:LT,SHORT,30,2023-10-12T09:30:00+05:30,3081.35,2023-10-13T12:45:00+05:30,3092.0,breakout_down,breakout_up,-319.5,268.95,18.52,55.56,-662.53,1.14
NSE:NIFTY,SHORT,5.0610866436717465,2023-10-13T09:15:00+05:30,19724.7,2023-10-13T14:00:00+05:30,19776.6,breakout_down,breakout_up,-262.67,66.0,4.0,19.99,-352.66,0.2
NSE:BANKNIFTY,SHORT,2.2252187078970302,2023-10-13T10:15:00+05:30,44222.8,2023-10-13T14:00:00+05:30,44503.8,breakout_down,breakout_up,-625.29,65.74,3.95,19.74,-714.72,0.16
NSE:SENSEX,SHORT,1.501620177718675,2023-10-13T09:15:00+05:30,66130.4,2023-10-13T14:00:00+05:30,66373.74,breakout_down,breakout_up,-365.4,65.9,3.98,19.9,-455.18,0.2
NSE:ITC,LONG,215,2023-10-10T15:15:00+05:30,444.7,2023-10-13T15:00:00+05:30,448.3,breakout_up,breakout_down,774.0,276.42,19.2,57.6,420.78,2.99
NSE:ADANIGREEN,SHORT,100,2023-10-11T15:15:00+05:30,960.05,2023-10-13T15:00:00+05:30,949.25,breakout_down,breakout_up,1080.0,275.22,19.09,57.28,728.41,1.99
NSE:INFY,SHORT,65,2023-10-12T10:00:00+05:30,1479.3,2023-10-13T15:15:00+05:30,1433.0,breakout_down,breakout_up,3009.5,273.26,18.93,56.79,2660.52,1.22
NSE:BANKNIFTY,LONG,2.194841095325902,2023-10-13T14:15:00+05:30,44510.2,2023-10-16T09:15:00+05:30,44143.8,breakout_up,breakout_down,-804.19,65.47,3.89,19.46,-893.01,2.79
NSE:TATASTEEL,SHORT,785,2023-10-13T10:30:00+05:30,124.45,2023-10-16T09:15:00+05:30,125.85,breakout_down,breakout_up,-1099.0,281.55,19.65,58.95,-1459.15,2.95
NSE:ADANIGREEN,LONG,100,2023-10-13T15:15:00+05:30,951.0,2023-10-16T13:45:00+05:30,942.45,breakout_up,breakout_down,-855.0,273.6,18.93,56.8,-1204.34,2.94
NSE:BHARTIARTL,LONG,100,2023-10-16T09:15:00+05:30,956.0,2023-10-16T14:15:00+05:30,950.5,breakout_up,breakout_down,-550.0,80.74,19.07,57.19,-707.0,0.21
NSE:INFY,LONG,70,2023-10-16T09:15:00+05:30,1436.35,2023-10-16T15:00:00+05:30,1433.1,breakout_up,breakout_down,-227.5,82.57,20.09,60.26,-390.42,0.24
NSE:HINDUNILVR,LONG,35,2023-10-12T14:15:00+05:30,2564.4,2023-10-16T15:00:00+05:30,2559.65,breakout_up,breakout_down,-166.25,262.43,17.93,53.8,-500.42,4.03
NSE:SENSEX,LONG,1.4881511304010935,2023-10-13T14:15:00+05:30,66423.98,2023-10-16T15:15:00+05:30,66156.75,breakout_up,breakout_down,-397.68,65.74,3.95,19.73,-487.1,3.04
NSE:HDFCBANK,SHORT,255,2023-10-13T13:30:00+05:30,383.87,2023-10-17T09:15:00+05:30,385.35,breakout_down,breakout_up,-378.68,281.13,19.61,58.84,-738.26,3.82
NSE:ITC,SHORT,215,2023-10-16T15:15:00+05:30,448.5,2023-10-17T09:15:00+05:30,451.1,breakout_down,breakout_up,-559.0,278.1,19.34,58.02,-914.46,0.75
NSE:SBIN,SHORT,160,2023-10-11T14:00:00+05:30,589.0,2023-10-17T09:15:00+05:30,579.25,breakout_down,breakout_up,1560.0,270.72,18.69,56.08,1214.51,5.8
NSE:WIPRO,SHORT,940,2023-10-12T13:45:00+05:30,104.42,2023-10-17T09:15:00+05:30,103.22,breakout_down,breakout_up,1137.4,279.94,19.52,58.55,779.39,4.81
NSE:ADANIGREEN,SHORT,100,2023-10-16T14:45:00+05:30,941.6,2023-10-17T09:15:00+05:30,954.0,breakout_down,breakout_up,-1240.0,273.87,18.96,56.87,-1589.69,0.77
NSE:LT,LONG,30,2023-10-13T13:00:00+05:30,3097.55,2023-10-17T09:15:00+05:30,3082.2,breakout_up,breakout_down,-460.5,269.18,18.54,55.62,-803.83,3.84
NSE:INFY,SHORT,70,2023-10-16T15:15:00+05:30,1430.0,2023-10-17T10:30:00+05:30,1443.95,breakout_down,breakout_up,-976.5,286.76,20.12,60.35,-1343.73,0.8
NSE:BHARTIARTL,SHORT,100,2023-10-16T15:00:00+05:30,946.25,2023-10-17T11:30:00+05:30,959.4,breakout_down,breakout_up,-1315.0,274.99,19.06,57.17,-1666.22,0.85
NSE:NIFTY,LONG,5.024373251884933,2023-10-13T14:15:00+05:30,19798.85,2023-10-17T14:00:00+05:30,19782.3,breakout_up,breakout_down,-83.15,65.91,3.98,19.89,-172.93,3.99
NSE:BANKNIFTY,LONG,2.176344124477408,2023-10-17T09:15:00+05:30,44479.4,2023-10-17T14:00:00+05:30,44351.6,breakout_up,breakout_down,-278.14,65.38,3.87,19.33,-366.71,0.2
NSE:SENSEX,LONG,1.4800749419893553,2023-10-17T09:15:00+05:30,66458.31,2023-10-17T14:00:00+05:30,66319.9,breakout_up,breakout_down,-204.86,65.68,3.93,19.65,-294.12,0.2
NSE:TATASTEEL,LONG,765,2023-10-16T10:00:00+05:30,126.15,2023-10-17T14:00:00+05:30,127.2,breakout_up,breakout_down,803.25,278.44,19.38,58.14,447.29,1.17
NSE:ICICIBANK,LONG,100,2023-10-13T14:00:00+05:30,956.15,2023-10-17T14:15:00+05:30,952.9,breakout_up,breakout_down,-325.0,275.29,19.09,57.27,-676.65,4.01
NSE:INFY,LONG,70,2023-10-17T12:15:00+05:30,1446.0,2023-10-17T14:15:00+05:30,1439.5,breakout_up,breakout_down,-455.0,82.74,20.2,60.6,-618.54,0.08
NSE:TATACONSUM,LONG,105,2023-10-13T10:15:00+05:30,911.4,2023-10-17T14:15:00+05:30,912.5,breakout_up,breakout_down,115.5,275.93,19.15,57.45,-237.04,4.17
NSE:RELIANCE,SHORT,165,2023-10-13T09:30:00+05:30,584.33,2023-10-18T09:30:00+05:30,590.5,breakout_down,breakout_up,-1018.87,278.61,19.38,58.15,-1375.03,5.0
NSE:RELIANCE,LONG,160,2023-10-18T09:45:00+05:30,591.4,2023-10-18T12:15:00+05:30,583.5,breakout_up,breakout_down,-1264.0,80.19,18.8,56.4,-1419.38,0.1
NSE:ITC,LONG,210,2023-10-17T09:30:00+05:30,452.0,2023-10-18T14:30:00+05:30,451.15,breakout_up,breakout_down,-178.5,273.9,18.97,56.9,-528.26,1.21
NSE:HCLTECH,LONG,75,2023-10-16T09:15:00+05:30,1267.75,2023-10-18T15:00:00+05:30,1268.5,breakout_up,breakout_down,56.25,274.5,19.02,57.07,-294.34,2.24
NSE:TATASTEEL,LONG,755,2023-10-18T09:15:00+05:30,128.35,2023-10-19T09:15:00+05:30,125.2,breakout_up,breakout_down,-2378.25,276.03,19.14,57.43,-2730.85,1.0
NSE:HDFCBANK,SHORT,255,2023-10-18T09:15:00+05:30,382.79,2023-10-19T12:00:00+05:30,381.32,breakout_down,breakout_up,373.58,279.62,19.48,58.45,16.01,1.11
NSE:TATACONSUM,SHORT,105,2023-10-17T14:30:00+05:30,910.9,2023-10-19T13:15:00+05:30,898.9,breakout_down,breakout_up,1260.0,274.2,19.0,57.01,909.79,1.95
NSE:ADANIGREEN,SHORT,100,2023-10-17T14:15:00+05:30,946.15,2023-10-20T10:15:00+05:30,940.7,breakout_down,breakout_up,545.0,272.76,18.87,56.61,196.77,2.83
NSE:TCS,SHORT,25,2023-10-16T09:30:00+05:30,3543.0,2023-10-20T10:45:00+05:30,3479.0,breakout_down,breakout_up,1600.0,258.09,17.55,52.66,1271.69,4.05
NSE:INFY,SHORT,70,2023-10-18T14:45:00+05:30,1443.2,2023-10-20T11:15:00+05:30,1437.55,breakout_down,breakout_up,395.5,287.18,20.17,60.5,27.66,1.85
NSE:HCLTECH,SHORT,75,2023-10-20T09:15:00+05:30,1254.55,2023-10-20T14:45:00+05:30,1259.8,breakout_down,breakout_up,-393.75,80.39,18.86,56.57,-549.57,0.23
NSE:BHARTIARTL,SHORT,100,2023-10-18T15:15:00+05:30,951.5,2023-10-20T15:00:00+05:30,945.3,breakout_down,breakout_up,620.0,273.86,18.97,56.9,270.27,1.99
NSE:TCS,LONG,30,2023-10-20T11:00:00+05:30,3490.2,2023-10-23T09:15:00+05:30,3464.8,breakout_up,breakout_down,-762.0,295.04,20.87,62.59,-1140.5,2.93
NSE:HDFCBANK,LONG,255,2023-10-20T13:00:00+05:30,380.8,2023-10-23T14:45:00+05:30,377.17,breakout_up,breakout_down,-926.92,277.98,19.33,57.98,-1282.22,3.07
NSE:TATACONSUM,LONG,110,2023-10-20T15:00:00+05:30,900.25,2023-10-23T15:00:00+05:30,882.1,breakout_up,breakout_down,-1996.5,281.15,19.61,58.82,-2356.07,3.0
NSE:TATASTEEL,SHORT,755,2023-10-20T09:45:00+05:30,124.95,2023-10-25T10:00:00+05:30,122.7,breakout_down,breakout_up,1698.75,270.77,18.7,56.09,1353.18,5.01
NSE:TATASTEEL,LONG,775,2023-10-25T10:15:00+05:30,122.75,2023-10-26T09:15:00+05:30,119.65,breakout_up,breakout_down,-2402.5,272.07,18.79,56.36,-2749.71,0.96
NSE:ITC,SHORT,210,2023-10-19T10:45:00+05:30,448.85,2023-10-26T10:00:00+05:30,433.5,breakout_down,breakout_up,3223.5,268.79,18.53,55.59,2880.59,6.97
NSE:HINDUNILVR,SHORT,35,2023-10-16T15:15:00+05:30,2554.0,2023-10-26T13:00:00+05:30,2483.4,breakout_down,breakout_up,2471.0,258.86,17.63,52.89,2141.61,9.91
NSE:ICICIBANK,SHORT,100,2023-10-18T09:15:00+05:30,948.4,2023-10-26T15:00:00+05:30,909.6,breakout_down,breakout_up,3880.0,269.3,18.58,55.74,3536.38,8.24
NSE:NIFTY,SHORT,5.023378342657382,2023-10-18T10:45:00+05:30,19768.45,2023-10-27T09:15:00+05:30,18968.1,breakout_down,breakout_up,4020.46,65.72,3.89,19.46,3931.39,8.94
NSE:BANKNIFTY,SHORT,2.176157738347789,2023-10-18T09:15:00+05:30,44315.2,2023-10-27T09:15:00+05:30,42530.3,breakout_down,breakout_up,3884.22,65.19,3.78,18.9,3796.36,9.0
NSE:SENSEX,SHORT,1.4811685883266026,2023-10-18T10:45:00+05:30,66211.26,2023-10-27T09:15:00+05:30,63519.06,breakout_down,breakout_up,3987.6,65.49,3.84,19.22,3899.05,8.94
NSE:RELIANCE,SHORT,160,2023-10-18T15:00:00+05:30,580.26,2023-10-27T09:15:00+05:30,561.73,breakout_down,breakout_up,2966.4,265.95,18.27,54.82,2627.36,8.76
NSE:INFY,SHORT,70,2023-10-20T15:00:00+05:30,1426.5,2023-10-27T09:15:00+05:30,1379.05,breakout_down,breakout_up,3321.5,281.11,19.64,58.92,2961.83,6.76
NSE:SBIN,SHORT,165,2023-10-18T10:45:00+05:30,574.1,2023-10-27T09:15:00+05:30,553.5,breakout_down,breakout_up,3399.0,269.62,18.61,55.82,3054.96,8.94
NSE:TATASTEEL,SHORT,775,2023-10-26T09:30:00+05:30,119.25,2023-10-27T09:15:00+05:30,120.65,breakout_down,breakout_up,-1085.0,269.81,18.59,55.78,-1429.18,0.99
NSE:WIPRO,SHORT,960,2023-10-17T14:00:00+05:30,102.8,2023-10-27T09:15:00+05:30,95.62,breakout_down,breakout_up,6888.0,274.29,19.05,57.15,6537.52,9.8
NSE:HCLTECH,SHORT,75,2023-10-23T14:30:00+05:30,1243.1,2023-10-27T09:15:00+05:30,1245.05,breakout_down,breakout_up,-146.25,270.51,18.66,55.98,-491.4,3.78
NSE:TATACONSUM,SHORT,110,2023-10-23T15:15:00+05:30,881.8,2023-10-27T09:15:00+05:30,888.0,breakout_down,breakout_up,-682.0,279.51,19.47,58.4,-1039.38,3.75
NSE:ADANIGREEN,SHORT,100,2023-10-20T14:30:00+05:30,926.15,2023-10-27T09:15:00+05:30,891.4,breakout_down,breakout_up,3475.0,264.84,18.18,54.53,3137.46,6.78
NSE:LT,SHORT,30,2023-10-17T10:15:00+05:30,3078.25,2023-10-27T09:45:00+05:30,2890.95,breakout_down,breakout_up,5619.0,261.7,17.91,53.72,5285.67,9.98
NSE:TCS,SHORT,30,2023-10-23T11:30:00+05:30,3449.15,2023-10-27T13:45:00+05:30,3360.0,breakout_down,breakout_up,2674.5,289.92,20.43,61.28,2302.87,4.09
NSE:BHARTIARTL,SHORT,100,2023-10-23T14:30:00+05:30,939.05,2023-10-27T14:00:00+05:30,915.55,breakout_down,breakout_up,2350.0,269.04,18.55,55.64,2006.77,3.98
NSE:BANKNIFTY,LONG,2.350242685865048,2023-10-27T09:30:00+05:30,42643.2,2023-10-30T09:15:00+05:30,42531.55,breakout_up,breakout_down,-262.4,66.02,4.0,20.02,-352.45,2.99
NSE:ICICIBANK,LONG,110,2023-10-26T15:15:00+05:30,910.35,2023-10-30T09:15:00+05:30,910.45,breakout_up,breakout_down,11.0,285.69,20.03,60.09,-354.81,3.75
NSE:ITC,LONG,225,2023-10-26T13:00:00+05:30,434.9,2023-10-30T09:15:00+05:30,430.5,breakout_up,breakout_down,-990.0,279.58,19.47,58.41,-1347.46,3.84
NSE:NIFTY,LONG,5.435103768975337,2023-10-27T09:30:00+05:30,18992.1,2023-10-30T09:30:00+05:30,18946.5,breakout_up,breakout_down,-247.84,66.59,4.12,20.62,-339.17,3.0
NSE:SENSEX,LONG,1.6030495557363822,2023-10-27T09:30:00+05:30,63602.17,2023-10-30T09:30:00+05:30,63451.59,breakout_up,breakout_down,-241.39,66.35,4.07,20.37,-332.18,3.0
NSE:SBIN,LONG,175,2023-10-27T09:30:00+05:30,556.0,2023-10-30T09:30:00+05:30,557.9,breakout_up,breakout_down,332.5,279.72,19.49,58.48,-25.19,3.0
NSE:HINDUNILVR,LONG,40,2023-10-26T14:15:00+05:30,2487.75,2023-10-30T09:30:00+05:30,2464.8,breakout_up,breakout_down,-918.0,283.33,19.81,59.43,-1280.58,3.8
NSE:TATACONSUM,LONG,105,2023-10-27T11:15:00+05:30,891.45,2023-10-30T09:30:00+05:30,881.0,breakout_up,breakout_down,-1097.25,270.02,18.61,55.83,-1441.71,2.93
NSE:LT,LONG,30,2023-10-27T11:00:00+05:30,2900.9,2023-10-30T09:30:00+05:30,2866.75,breakout_up,breakout_down,-1024.5,255.48,17.3,51.91,-1349.19,2.94
NSE:HDFCBANK,SHORT,255,2023-10-25T12:30:00+05:30,375.02,2023-10-30T10:15:00+05:30,369.51,breakout_down,breakout_up,1405.05,274.0,18.99,56.96,1055.11,4.91
NSE:BANKNIFTY,SHORT,2.3548831027310975,2023-10-30T09:30:00+05:30,42409.95,2023-10-30T11:30:00+05:30,42875.1,breakout_down,breakout_up,-1095.37,66.04,4.02,20.08,-1185.51,0.08
NSE:ADANIGREEN,SHORT,110,2023-10-27T15:00:00+05:30,867.2,2023-10-30T14:00:00+05:30,914.35,breakout_down,breakout_up,-5186.5,281.29,19.6,58.79,-5546.17,2.96
NSE:INFY,SHORT,75,2023-10-30T09:15:00+05:30,1371.5,2023-10-30T15:15:00+05:30,1380.0,breakout_down,breakout_up,-637.5,83.5,20.64,61.91,-803.54,0.25
NSE:BHARTIARTL,LONG,105,2023-10-30T09:45:00+05:30,918.85,2023-10-31T09:15:00+05:30,918.55,breakout_up,breakout_down,-31.5,277.52,19.29,57.88,-386.19,0.98
NSE:TCS,LONG,30,2023-10-30T10:45:00+05:30,3373.2,2023-10-31T09:45:00+05:30,3357.7,breakout_up,breakout_down,-465.0,287.55,20.19,60.58,-833.32,0.96
NSE:WIPRO,LONG,1095,2023-10-27T11:45:00+05:30,95.99,2023-10-31T09:45:00+05:30,95.36,breakout_up,breakout_down,-684.38,296.02,20.95,62.86,-1064.21,3.92
NSE:TATASTEEL,LONG,760,2023-10-31T09:15:00+05:30,120.0,2023-10-31T10:00:00+05:30,118.95,breakout_up,breakout_down,-798.0,79.12,18.16,54.48,-949.76,0.03
NSE:NIFTY,LONG,5.3903356097766855,2023-10-30T10:45:00+05:30,19087.1,2023-10-31T10:30:00+05:30,19066.4,breakout_up,breakout_down,-111.58,66.55,4.11,20.57,-202.8,0.99
NSE:SENSEX,LONG,1.58983699654679,2023-10-30T10:45:00+05:30,63922.43,2023-10-31T10:30:00+05:30,63856.63,breakout_up,breakout_down,-104.61,66.31,4.06,20.31,-195.3,0.99
NSE:RELIANCE,LONG,170,2023-10-27T09:30:00+05:30,564.0,2023-10-31T10:30:00+05:30,576.23,breakout_up,breakout_down,2078.25,278.37,19.38,58.15,1722.34,4.04
NSE:HCLTECH,LONG,75,2023-10-27T10:00:00+05:30,1247.4,2023-10-31T10:30:00+05:30,1257.0,breakout_up,breakout_down,720.0,271.8,18.78,56.35,373.07,4.02
NSE:HDFCBANK,LONG,265,2023-10-30T11:15:00+05:30,370.52,2023-10-31T11:30:00+05:30,369.25,breakout_up,breakout_down,-337.87,281.0,19.6,58.81,-697.29,1.01
NSE:ICICIBANK,LONG,110,2023-10-30T10:45:00+05:30,917.5,2023-10-31T14:15:00+05:30,920.0,breakout_up,breakout_down,275.0,287.72,20.21,60.64,-93.57,1.15
NSE:BANKNIFTY,LONG,2.299086229915314,2023-10-30T12:00:00+05:30,42925.1,2023-10-31T15:00:00+05:30,42843.6,breakout_up,breakout_down,-187.38,65.74,3.94,19.72,-276.78,1.12
NSE:WIPRO,SHORT,1095,2023-10-31T10:00:00+05:30,95.25,2023-11-01T09:30:00+05:30,96.14,breakout_down,breakout_up,-974.55,296.09,20.96,62.87,-1354.46,0.98
NSE:LT,LONG,30,2023-10-30T13:15:00+05:30,2913.8,2023-11-01T09:45:00+05:30,2901.35,breakout_up,breakout_down,-373.5,257.02,17.45,52.34,-700.3,1.85
NSE:RELIANCE,SHORT,170,2023-10-31T11:30:00+05:30,575.0,2023-11-01T10:45:00+05:30,576.83,breakout_down,breakout_up,-310.25,280.74,19.58,58.74,-669.32,0.97
NSE:HCLTECH,LONG,70,2023-10-31T12:15:00+05:30,1274.5,2023-11-01T11:30:00+05:30,1270.55,breakout_up,breakout_down,-276.5,261.12,17.82,53.45,-608.88,0.97
NSE:HDFCBANK,SHORT,260,2023-10-31T15:15:00+05:30,368.75,2023-11-01T14:30:00+05:30,368.34,breakout_down,breakout_up,106.6,276.08,19.16,57.49,-246.14,0.97
NSE:TATACONSUM,LONG,105,2023-10-30T15:00:00+05:30,894.35,2023-11-01T15:00:00+05:30,902.6,breakout_up,breakout_down,866.25,272.73,18.87,56.6,518.05,2.0
NSE:RELIANCE,LONG,170,2023-11-01T11:00:00+05:30,578.2,2023-11-01T15:15:00+05:30,574.35,breakout_up,breakout_down,-654.5,81.66,19.59,58.78,-814.53,0.18
NSE:ITC,SHORT,225,2023-10-31T11:45:00+05:30,429.75,2023-11-01T15:15:00+05:30,430.65,breakout_down,breakout_up,-202.5,278.27,19.36,58.08,-558.2,1.15
NSE:NIFTY,SHORT,5.403565063010428,2023-11-01T13:00:00+05:30,19002.95,2023-11-02T09:15:00+05:30,19158.1,breakout_down,breakout_up,-838.36,66.56,4.12,20.62,-929.67,0.84
NSE:BANKNIFTY,SHORT,2.302670110494773,2023-11-01T09:15:00+05:30,42738.45,2023-11-02T09:15:00+05:30,43154.0,breakout_down,breakout_up,-956.87,65.76,3.96,19.78,-1046.37,1.0
NSE:SENSEX,SHORT,1.5895640689415216,2023-11-01T09:15:00+05:30,63810.91,2023-11-02T09:15:00+05:30,64152.7,breakout_down,breakout_up,-543.3,66.31,4.07,20.34,-634.02,1.0
NSE:ICICIBANK,SHORT,110,2023-10-31T14:45:00+05:30,916.05,2023-11-02T09:15:00+05:30,921.25,breakout_down,breakout_up,-572.0,287.76,20.21,60.63,-940.6,1.77
NSE:BHARTIARTL,SHORT,105,2023-10-31T10:30:00+05:30,913.65,2023-11-02T09:15:00+05:30,920.0,breakout_down,breakout_up,-666.75,277.13,19.25,57.76,-1020.89,1.95
NSE:LT,SHORT,30,2023-11-01T10:00:00+05:30,2887.4,2023-11-02T09:15:00+05:30,2918.25,breakout_down,breakout_up,-925.5,256.74,17.42,52.25,-1251.91,0.97
NSE:TATASTEEL,SHORT,760,2023-10-31T10:15:00+05:30,118.75,2023-11-02T13:00:00+05:30,117.85,breakout_down,breakout_up,684.0,262.89,17.98,53.94,349.18,2.11
NSE:ADANIGREEN,SHORT,100,2023-10-31T15:00:00+05:30,911.7,2023-11-02T13:00:00+05:30,897.0,breakout_down,breakout_up,1470.0,264.01,18.09,54.26,1133.64,1.92
NSE:HDFCBANK,LONG,260,2023-11-01T15:15:00+05:30,369.25,2023-11-02T14:15:00+05:30,368.06,breakout_up,breakout_down,-308.1,276.18,19.17,57.51,-660.96,0.96
NSE:HINDUNILVR,SHORT,40,2023-10-31T10:30:00+05:30,2468.85,2023-11-02T14:15:00+05:30,2483.4,breakout_down,breakout_up,-582.0,283.3,19.81,59.43,-944.53,2.16
NSE:INFY,SHORT,75,2023-10-31T09:45:00+05:30,1369.25,2023-11-02T15:15:00+05:30,1372.5,breakout_down,breakout_up,-243.75,291.65,20.56,61.69,-617.65,2.23
NSE:TCS,SHORT,30,2023-10-31T10:30:00+05:30,3351.05,2023-11-03T09:15:00+05:30,3377.6,breakout_down,breakout_up,-796.5,287.5,20.19,60.56,-1164.75,2.95
NSE:WIPRO,SHORT,1080,2023-11-01T15:00:00+05:30,95.27,2023-11-03T09:15:00+05:30,96.35,breakout_down,breakout_up,-1171.8,293.18,20.69,62.08,-1547.76,1.76
NSE:HCLTECH,SHORT,70,2023-11-01T13:00:00+05:30,1266.15,2023-11-03T09:15:00+05:30,1279.15,breakout_down,breakout_up,-910.0,261.19,17.82,53.45,-1242.45,1.84
NSE:HDFCBANK,LONG,260,2023-11-03T09:15:00+05:30,371.73,2023-11-03T14:45:00+05:30,371.14,breakout_up,breakout_down,-152.1,81.22,19.31,57.94,-310.58,0.23
NSE:SBIN,LONG,175,2023-10-30T12:45:00+05:30,563.8,2023-11-06T09:30:00+05:30,575.55,breakout_up,breakout_down,2056.25,284.54,19.94,59.82,1691.96,6.86
NSE:TCS,SHORT,30,2023-11-03T13:45:00+05:30,3355.7,2023-11-06T10:15:00+05:30,3377.75,breakout_down,breakout_up,-661.5,287.65,20.2,60.6,-1029.95,2.85
NSE:HINDUNILVR,LONG,35,2023-11-02T14:45:00+05:30,2485.0,2023-11-06T13:00:00+05:30,2501.8,breakout_up,breakout_down,588.0,257.04,17.45,52.36,261.15,3.93
NSE:HDFCBANK,SHORT,260,2023-11-03T15:00:00+05:30,370.62,2023-11-06T14:45:00+05:30,373.35,breakout_down,breakout_up,-711.1,278.13,19.34,58.03,-1066.6,2.99
NSE:ICICIBANK,LONG,105,2023-11-02T09:30:00+05:30,923.65,2023-11-07T09:15:00+05:30,938.45,breakout_up,breakout_down,1554.0,280.28,19.55,58.66,1195.51,4.99
NSE:TATACONSUM,LONG,100,2023-11-03T12:45:00+05:30,919.3,2023-11-07T09:15:00+05:30,913.5,breakout_up,breakout_down,-580.0,266.84,18.33,54.98,-920.15,3.85
NSE:SBIN,SHORT,175,2023-11-06T11:00:00+05:30,573.75,2023-11-07T09:45:00+05:30,576.75,breakout_down,breakout_up,-525.0,286.9,20.13,60.4,-892.44,0.95
NSE:HCLTECH,SHORT,70,2023-11-03T13:30:00+05:30,1269.3,2023-11-07T10:00:00+05:30,1276.35,breakout_down,breakout_up,-493.5,261.18,17.82,53.46,-825.96,3.85
NSE:BANKNIFTY,LONG,2.2505746745891853,2023-11-02T09:30:00+05:30,43264.2,2023-11-07T11:30:00+05:30,43361.7,breakout_up,breakout_down,219.43,65.56,3.9,19.5,130.48,5.08
NSE:HDFCBANK,LONG,255,2023-11-06T15:00:00+05:30,373.74,2023-11-07T11:30:00+05:30,370.07,breakout_up,breakout_down,-934.58,273.97,18.97,56.9,-1284.41,0.85
NSE:NIFTY,LONG,5.315099928155974,2023-11-02T15:15:00+05:30,19144.85,2023-11-07T11:45:00+05:30,19344.9,breakout_up,breakout_down,1063.29,66.51,4.09,20.46,972.23,4.85
NSE:SENSEX,LONG,1.5718414408572818,2023-11-02T15:15:00+05:30,64128.23,2023-11-07T11:45:00+05:30,64679.02,breakout_up,breakout_down,865.75,66.3,4.05,20.25,775.16,4.85
NSE:WIPRO,LONG,1050,2023-11-06T09:15:00+05:30,96.53,2023-11-07T12:15:00+05:30,95.99,breakout_up,breakout_down,-561.75,287.8,20.21,60.64,-930.4,1.12
NSE:ADANIGREEN,LONG,100,2023-11-02T13:45:00+05:30,907.6,2023-11-07T12:30:00+05:30,921.55,breakout_up,breakout_down,1395.0,266.29,18.29,54.87,1055.55,4.95
NSE:TCS,LONG,30,2023-11-06T15:00:00+05:30,3379.3,2023-11-07T13:00:00+05:30,3370.45,breakout_up,breakout_down,-265.5,288.16,20.25,60.75,-634.66,0.92
NSE:RELIANCE,LONG,165,2023-11-03T09:15:00+05:30,582.48,2023-11-07T14:15:00+05:30,580.75,breakout_up,breakout_down,-284.63,276.43,19.19,57.58,-637.83,4.21
NSE:ICICIBANK,SHORT,105,2023-11-07T09:30:00+05:30,936.8,2023-11-07T14:15:00+05:30,941.85,breakout_down,breakout_up,-530.25,81.9,19.73,59.18,-691.06,0.2
NSE:BANKNIFTY,SHORT,2.249627141678706,2023-11-07T11:45:00+05:30,43340.25,2023-11-07T14:45:00+05:30,43670.35,breakout_down,breakout_up,-742.6,65.58,3.91,19.57,-831.67,0.12
NSE:LT,LONG,30,2023-11-03T09:15:00+05:30,2935.55,2023-11-07T15:00:00+05:30,2960.05,breakout_up,breakout_down,735.0,259.62,17.69,53.06,404.64,4.24
NSE:RELIANCE,SHORT,165,2023-11-07T14:30:00+05:30,580.16,2023-11-08T09:45:00+05:30,584.1,breakout_down,breakout_up,-649.28,276.65,19.21,57.63,-1002.77,0.8
NSE:TATASTEEL,LONG,765,2023-11-02T13:30:00+05:30,118.2,2023-11-08T11:00:00+05:30,118.9,breakout_up,breakout_down,535.5,264.65,18.14,54.41,198.3,5.9
NSE:HINDUNILVR,SHORT,35,2023-11-06T13:15:00+05:30,2497.35,2023-11-08T12:00:00+05:30,2510.15,breakout_down,breakout_up,-448.0,257.92,17.53,52.58,-776.02,1.95
NSE:INFY,LONG,70,2023-11-03T09:15:00+05:30,1385.9,2023-11-08T14:00:00+05:30,1395.0,breakout_up,breakout_down,637.0,279.4,19.47,58.4,279.74,5.2
NSE:TATACONSUM,LONG,100,2023-11-07T15:00:00+05:30,923.15,2023-11-08T14:15:00+05:30,916.95,breakout_up,breakout_down,-620.0,267.65,18.4,55.2,-961.26,0.97
NSE:BHARTIARTL,LONG,105,2023-11-02T09:30:00+05:30,925.5,2023-11-08T14:30:00+05:30,935.0,breakout_up,breakout_down,997.5,280.14,19.54,58.61,639.22,6.21
NSE:TCS,LONG,30,2023-11-08T10:00:00+05:30,3398.75,2023-11-08T14:45:00+05:30,3374.95,breakout_up,breakout_down,-714.0,82.93,20.32,60.96,-878.22,0.2
NSE:RELIANCE,LONG,165,2023-11-08T10:00:00+05:30,584.64,2023-11-09T09:15:00+05:30,581.02,breakout_up,breakout_down,-596.48,276.9,19.23,57.7,-950.31,0.97
NSE:SBIN,LONG,170,2023-11-07T10:00:00+05:30,577.5,2023-11-09T10:15:00+05:30,577.5,breakout_up,breakout_down,0.0,281.32,19.64,58.9,-359.86,2.01
NSE:HINDUNILVR,LONG,35,2023-11-08T14:00:00+05:30,2515.0,2023-11-09T10:15:00+05:30,2497.6,breakout_up,breakout_down,-609.0,258.13,17.54,52.63,-937.31,0.84
NSE:NIFTY,LONG,5.290470002266847,2023-11-07T15:15:00+05:30,19417.2,2023-11-09T14:15:00+05:30,19401.95,breakout_up,breakout_down,-80.68,66.52,4.11,20.54,-171.84,1.96
NSE:SENSEX,LONG,1.5634758104580706,2023-11-07T15:15:00+05:30,64965.67,2023-11-09T14:15:00+05:30,64840.45,breakout_up,breakout_down,-195.78,66.29,4.06,20.29,-286.42,1.96
NSE:HDFCBANK,LONG,250,2023-11-08T12:00:00+05:30,372.73,2023-11-09T15:00:00+05:30,371.25,breakout_up,breakout_down,-368.75,269.84,18.6,55.8,-712.99,1.12
NSE:BANKNIFTY,LONG,2.211199625804256,2023-11-07T15:00:00+05:30,43718.45,2023-11-10T09:15:00+05:30,43597.4,breakout_up,breakout_down,-267.67,65.35,3.86,19.31,-356.19,2.76
NSE:ITC,LONG,225,2023-11-02T09:15:00+05:30,431.3,2023-11-10T09:15:00+05:30,433.05,breakout_up,breakout_down,393.75,279.21,19.45,58.34,36.75,8.0
NSE:TATASTEEL,LONG,755,2023-11-09T13:45:00+05:30,120.3,2023-11-10T09:15:00+05:30,119.05,breakout_up,breakout_down,-943.75,264.01,18.07,54.21,-1280.04,0.81
NSE:LT,LONG,30,2023-11-08T13:30:00+05:30,2990.0,2023-11-10T09:15:00+05:30,3008.65,breakout_up,breakout_down,559.5,263.06,18.0,53.99,224.45,1.82
NSE:TATACONSUM,SHORT,100,2023-11-08T15:15:00+05:30,914.85,2023-11-10T11:15:00+05:30,907.95,breakout_down,breakout_up,690.0,265.63,18.23,54.68,351.46,1.83
NSE:BHARTIARTL,SHORT,105,2023-11-09T09:15:00+05:30,934.0,2023-11-10T13:30:00+05:30,935.9,breakout_down,breakout_up,-199.5,281.32,19.63,58.9,-559.36,1.18
NSE:NIFTY,SHORT,5.299180945055535,2023-11-10T09:15:00+05:30,19352.95,2023-11-10T15:00:00+05:30,19425.4,breakout_down,breakout_up,-383.93,66.52,4.11,20.55,-475.1,0.24
NSE:SENSEX,SHORT,1.5663626055669526,2023-11-10T09:15:00+05:30,64663.63,2023-11-10T15:00:00+05:30,64947.48,breakout_down,breakout_up,-444.61,66.28,4.06,20.3,-535.25,0.24
NSE:RELIANCE,SHORT,165,2023-11-09T09:30:00+05:30,580.62,2023-11-10T15:00:00+05:30,579.0,breakout_down,breakout_up,268.12,275.73,19.13,57.4,-84.14,1.23
NSE:HDFCBANK,SHORT,250,2023-11-10T09:15:00+05:30,370.76,2023-11-10T15:00:00+05:30,372.75,breakout_down,breakout_up,-496.25,79.9,18.59,55.76,-650.5,0.24
NSE:HINDUNILVR,SHORT,35,2023-11-09T10:30:00+05:30,2494.3,2023-11-10T15:00:00+05:30,2486.95,breakout_down,breakout_up,257.25,256.85,17.43,52.3,-69.33,1.19
NSE:INFY,SHORT,70,2023-11-08T14:15:00+05:30,1389.55,2023-11-10T15:15:00+05:30,1370.5,breakout_down,breakout_up,1333.5,277.72,19.32,57.96,978.5,2.04
NSE:SBIN,LONG,170,2023-11-10T12:45:00+05:30,579.65,2023-11-13T10:00:00+05:30,577.15,breakout_up,breakout_down,-425.0,281.69,19.67,59.0,-785.35,2.89
NSE:HCLTECH,SHORT,70,2023-11-08T14:15:00+05:30,1269.85,2023-11-13T10:00:00+05:30,1261.55,breakout_down,breakout_up,581.0,259.99,17.72,53.16,250.13,4.82
NSE:ICICIBANK,LONG,105,2023-11-07T14:45:00+05:30,945.4,2023-11-13T10:15:00+05:30,933.3,breakout_up,breakout_down,-1270.5,282.43,19.73,59.18,-1631.84,5.81
NSE:SBIN,SHORT,170,2023-11-13T10:15:00+05:30,576.1,2023-11-13T14:30:00+05:30,580.85,breakout_down,breakout_up,-807.5,81.77,19.67,59.0,-967.94,0.18
NSE:BHARTIARTL,LONG,100,2023-11-13T12:00:00+05:30,939.95,2023-11-13T14:30:00+05:30,934.35,breakout_up,breakout_down,-560.0,80.17,18.74,56.23,-715.14,0.1
NSE:INFY,LONG,75,2023-11-13T09:15:00+05:30,1376.9,2023-11-13T14:45:00+05:30,1373.8,breakout_up,breakout_down,-232.5,83.53,20.63,61.89,-398.55,0.23
NSE:ADANIGREEN,SHORT,100,2023-11-07T12:45:00+05:30,918.0,2023-11-13T15:00:00+05:30,940.75,breakout_down,breakout_up,-2275.0,269.85,18.59,55.76,-2619.2,6.09
NSE:WIPRO,SHORT,1050,2023-11-08T14:15:00+05:30,95.65,2023-11-13T15:15:00+05:30,95.52,breakout_down,breakout_up,141.75,286.17,20.07,60.22,-224.71,5.04
NSE:TCS,SHORT,30,2023-11-09T12:00:00+05:30,3368.95,2023-11-15T09:15:00+05:30,3377.85,breakout_down,breakout_up,-267.0,288.07,20.24,60.72,-636.03,5.89
NSE:ICICIBANK,LONG,105,2023-11-15T09:15:00+05:30,941.1,2023-11-16T09:15:00+05:30,937.1,breakout_up,breakout_down,-420.0,282.31,19.72,59.16,-781.19,1.0
NSE:LT,LONG,30,2023-11-10T10:30:00+05:30,3029.7,2023-11-16T09:15:00+05:30,3047.5,breakout_up,breakout_down,534.0,265.68,18.23,54.69,195.39,5.95
NSE:TATACONSUM,LONG,100,2023-11-10T11:30:00+05:30,909.35,2023-11-16T13:15:00+05:30,922.4,breakout_up,breakout_down,1305.0,266.58,18.32,54.95,965.15,6.07
NSE:BANKNIFTY,LONG,2.198344955084491,2023-11-10T15:00:00+05:30,43812.55,2023-11-16T15:00:00+05:30,44085.5,breakout_up,breakout_down,600.04,65.41,3.86,19.32,511.44,6.0
NSE:RELIANCE,LONG,160,2023-11-13T09:15:00+05:30,580.37,2023-11-16T15:00:00+05:30,588.25,breakout_up,breakout_down,1261.6,270.81,18.7,56.09,916.0,3.24
NSE:HDFCBANK,LONG,245,2023-11-10T15:15:00+05:30,373.38,2023-11-16T15:00:00+05:30,376.31,breakout_up,breakout_down,720.3,267.18,18.37,55.1,379.65,5.99
NSE:ICICIBANK,LONG,105,2023-11-16T11:00:00+05:30,945.2,2023-11-16T15:00:00+05:30,934.15,breakout_up,breakout_down,-1160.25,81.85,19.73,59.2,-1321.03,0.17
NSE:ITC,LONG,220,2023-11-10T15:15:00+05:30,437.95,2023-11-16T15:00:00+05:30,437.95,breakout_up,breakout_down,0.0,277.26,19.27,57.81,-354.34,5.99
NSE:SBIN,LONG,165,2023-11-15T09:15:00+05:30,584.65,2023-11-16T15:00:00+05:30,584.0,breakout_up,breakout_down,-107.25,277.41,19.28,57.85,-461.79,1.24
NSE:LT,LONG,30,2023-11-16T11:00:00+05:30,3080.0,2023-11-16T15:00:00+05:30,3046.75,breakout_up,breakout_down,-997.5,79.48,18.38,55.14,-1150.5,0.17
NSE:ADANIGREEN,LONG,95,2023-11-15T09:15:00+05:30,944.95,2023-11-16T15:15:00+05:30,940.0,breakout_up,breakout_down,-470.25,262.15,17.91,53.72,-804.03,1.25
NSE:INFY,LONG,70,2023-11-15T09:15:00+05:30,1394.7,2023-11-17T13:45:00+05:30,1436.35,breakout_up,breakout_down,2915.5,283.13,19.82,59.45,2553.1,2.19
NSE:WIPRO,LONG,1035,2023-11-15T09:15:00+05:30,96.59,2023-11-17T13:45:00+05:30,98.95,breakout_up,breakout_down,2442.6,287.84,20.24,60.72,2073.81,2.19
NSE:HCLTECH,LONG,70,2023-11-15T09:15:00+05:30,1275.0,2023-11-17T15:00:00+05:30,1309.5,breakout_up,breakout_down,2415.0,263.99,18.09,54.27,2078.65,2.24
NSE:BHARTIARTL,LONG,100,2023-11-15T09:15:00+05:30,941.15,2023-11-17T15:00:00+05:30,947.25,breakout_up,breakout_down,610.0,272.93,18.88,56.65,261.54,2.24
NSE:NIFTY,LONG,5.250153881200701,2023-11-10T15:15:00+05:30,19443.45,2023-11-17T15:15:00+05:30,19719.7,breakout_up,breakout_down,1450.36,66.62,4.11,20.56,1359.06,7.0
NSE:SENSEX,LONG,1.5503983412840114,2023-11-10T15:15:00+05:30,64985.26,2023-11-17T15:15:00+05:30,65737.09,breakout_up,breakout_down,1165.64,66.33,4.05,20.27,1074.98,7.0
NSE:TCS,LONG,25,2023-11-15T09:30:00+05:30,3384.85,2023-11-17T15:15:00+05:30,3499.0,breakout_up,breakout_down,2853.75,254.15,17.21,51.63,2530.76,2.24
NSE:TATACONSUM,SHORT,100,2023-11-16T15:00:00+05:30,918.9,2023-11-17T15:15:00+05:30,934.0,breakout_down,breakout_up,-1510.0,269.14,18.53,55.59,-1853.26,1.01
NSE:WIPRO,SHORT,1035,2023-11-17T15:00:00+05:30,98.85,2023-11-20T09:45:00+05:30,99.67,breakout_down,breakout_up,-853.88,291.52,20.55,61.64,-1227.59,2.78
NSE:HINDUNILVR,LONG,35,2023-11-15T15:15:00+05:30,2488.8,2023-11-20T10:00:00+05:30,2515.1,breakout_up,breakout_down,920.5,257.68,17.51,52.54,592.77,4.78
NSE:BHARTIARTL,SHORT,100,2023-11-17T15:15:00+05:30,946.75,2023-11-20T11:45:00+05:30,952.9,breakout_down,breakout_up,-615.0,274.27,19.0,56.99,-965.26,2.85
NSE:TATASTEEL,LONG,725,2023-11-15T09:15:00+05:30,123.6,2023-11-20T12:30:00+05:30,124.75,breakout_up,breakout_down,833.75,263.15,18.01,54.02,498.58,5.14
NSE:RELIANCE,SHORT,160,2023-11-17T14:15:00+05:30,590.45,2023-11-20T14:30:00+05:30,587.92,breakout_down,breakout_up,404.0,272.61,18.85,56.56,55.97,3.01
NSE:ADANIGREEN,SHORT,95,2023-11-17T09:15:00+05:30,939.15,2023-11-20T15:00:00+05:30,925.6,breakout_down,breakout_up,1287.25,259.89,17.72,53.15,956.5,3.24
NSE:NIFTY,SHORT,5.256433476511649,2023-11-20T11:00:00+05:30,19678.0,2023-11-21T09:15:00+05:30,19777.35,breakout_down,breakout_up,-522.23,66.69,4.15,20.74,-613.8,0.93
NSE:BANKNIFTY,SHORT,2.2097185586381256,2023-11-17T09:15:00+05:30,43817.8,2023-11-21T09:15:00+05:30,43754.35,breakout_down,breakout_up,140.21,65.42,3.87,19.35,51.57,4.0
NSE:SENSEX,SHORT,1.5528536722878024,2023-11-20T11:00:00+05:30,65572.7,2023-11-21T09:15:00+05:30,65925.59,breakout_down,breakout_up,-547.99,66.38,4.08,20.42,-638.88,0.93
NSE:HDFCBANK,SHORT,245,2023-11-17T09:15:00+05:30,375.19,2023-11-21T09:15:00+05:30,379.57,breakout_down,breakout_up,-1074.32,268.7,18.49,55.48,-1416.99,4.0
NSE:INFY,SHORT,70,2023-11-20T12:45:00+05:30,1434.4,2023-11-21T09:15:00+05:30,1446.75,breakout_down,breakout_up,-864.5,287.31,20.17,60.5,-1232.48,0.85
NSE:TATASTEEL,SHORT,725,2023-11-20T13:45:00+05:30,124.55,2023-11-21T09:15:00+05:30,126.0,breakout_down,breakout_up,-1051.25,265.06,18.16,54.49,-1388.97,0.81
NSE:TATACONSUM,LONG,95,2023-11-20T13:00:00+05:30,938.5,2023-11-21T09:15:00+05:30,926.6,breakout_up,breakout_down,-1130.5,260.11,17.72,53.16,-1461.48,0.84
NSE:LT,LONG,30,2023-11-17T13:30:00+05:30,3080.0,2023-11-21T10:00:00+05:30,3072.55,breakout_up,breakout_down,-223.5,268.25,18.46,55.37,-565.58,3.85
NSE:HINDUNILVR,SHORT,35,2023-11-20T10:45:00+05:30,2510.35,2023-11-21T12:00:00+05:30,2511.9,breakout_down,breakout_up,-54.25,258.46,17.58,52.73,-383.03,1.05
NSE:TCS,LONG,25,2023-11-20T10:15:00+05:30,3529.5,2023-11-21T14:45:00+05:30,3521.25,breakout_up,breakout_down,-206.25,259.02,17.63,52.88,-535.78,1.19
NSE:ICICIBANK,SHORT,105,2023-11-17T09:15:00+05:30,932.5,2023-11-21T15:15:00+05:30,927.45,breakout_down,breakout_up,530.25,280.11,19.53,58.59,172.03,4.25
NSE:ADANIGREEN,LONG,95,2023-11-20T15:15:00+05:30,930.0,2023-11-21T15:15:00+05:30,922.0,breakout_up,breakout_down,-760.0,258.7,17.59,52.78,-1089.07,1.0
NSE:INFY,SHORT,70,2023-11-21T14:15:00+05:30,1438.1,2023-11-22T10:15:00+05:30,1445.8,breakout_down,breakout_up,-539.0,287.5,20.19,60.56,-907.25,0.83
NSE:WIPRO,LONG,1010,2023-11-20T10:15:00+05:30,100.17,2023-11-22T11:00:00+05:30,99.97,breakout_up,breakout_down,-202.0,287.78,20.22,60.65,-570.64,2.03
NSE:HDFCBANK,LONG,240,2023-11-21T10:30:00+05:30,380.24,2023-11-22T11:45:00+05:30,377.98,breakout_up,breakout_down,-543.6,265.38,18.2,54.59,-881.77,1.05
NSE:NIFTY,LONG,5.196195372330882,2023-11-21T09:30:00+05:30,19788.35,2023-11-22T12:00:00+05:30,19755.6,breakout_up,breakout_down,-170.18,66.53,4.11,20.55,-261.36,1.1
NSE:SENSEX,LONG,1.5342452016136559,2023-11-21T09:30:00+05:30,65952.85,2023-11-22T12:00:00+05:30,65821.43,breakout_up,breakout_down,-201.63,66.21,4.04,20.22,-292.1,1.1
NSE:TATACONSUM,LONG,95,2023-11-22T09:15:00+05:30,939.65,2023-11-22T12:00:00+05:30,926.0,breakout_up,breakout_down,-1296.75,78.29,17.72,53.17,-1445.94,0.11
NSE:RELIANCE,LONG,160,2023-11-21T09:15:00+05:30,591.65,2023-11-22T12:15:00+05:30,593.65,breakout_up,breakout_down,320.0,273.85,18.96,56.89,-29.71,1.12
NSE:HCLTECH,LONG,70,2023-11-20T09:15:00+05:30,1322.95,2023-11-22T12:15:00+05:30,1323.0,breakout_up,breakout_down,3.5,268.95,18.52,55.56,-339.53,2.12
NSE:BHARTIARTL,LONG,100,2023-11-20T12:00:00+05:30,953.85,2023-11-22T12:15:00+05:30,967.0,breakout_up,breakout_down,1315.0,276.48,19.21,57.63,961.68,2.01
NSE:TCS,SHORT,25,2023-11-21T15:00:00+05:30,3511.1,2023-11-22T13:45:00+05:30,3519.7,breakout_down,breakout_up,-215.0,258.47,17.58,52.73,-543.77,0.95
NSE:ITC,SHORT,220,2023-11-20T09:45:00+05:30,437.7,2023-11-22T14:15:00+05:30,438.35,breakout_down,breakout_up,-143.0,277.31,19.27,57.82,-497.4,2.19
NSE:NIFTY,SHORT,5.202495464445266,2023-11-22T12:15:00+05:30,19714.3,2023-11-23T09:15:00+05:30,19858.65,breakout_down,breakout_up,-750.98,66.53,4.12,20.59,-842.22,0.88
NSE:SENSEX,SHORT,1.5362993458004122,2023-11-22T12:15:00+05:30,65675.1,2023-11-23T09:15:00+05:30,66181.38,breakout_down,breakout_up,-777.8,66.22,4.05,20.26,-868.33,0.88
NSE:WIPRO,SHORT,1005,2023-11-22T12:15:00+05:30,99.85,2023-11-23T09:15:00+05:30,100.86,breakout_down,breakout_up,-1020.08,287.36,20.17,60.52,-1388.12,0.88
NSE:TATACONSUM,SHORT,95,2023-11-22T12:15:00+05:30,925.25,2023-11-23T09:15:00+05:30,935.7,breakout_down,breakout_up,-992.75,259.66,17.68,53.04,-1323.12,0.88
NSE:HDFCBANK,SHORT,240,2023-11-22T12:00:00+05:30,377.17,2023-11-23T09:30:00+05:30,379.7,breakout_down,breakout_up,-608.4,265.03,18.16,54.49,-946.09,0.9
NSE:BANKNIFTY,SHORT,2.2240761835055536,2023-11-22T09:15:00+05:30,43558.05,2023-11-23T09:45:00+05:30,43599.25,breakout_down,breakout_up,-91.63,65.43,3.88,19.38,-180.33,1.02
NSE:SBIN,SHORT,165,2023-11-17T09:15:00+05:30,571.5,2023-11-23T09:45:00+05:30,562.65,breakout_down,breakout_up,1460.25,270.97,18.71,56.14,1114.43,6.02
NSE:TCS,LONG,25,2023-11-22T14:30:00+05:30,3525.9,2023-11-23T12:15:00+05:30,3507.7,breakout_up,breakout_down,-455.0,258.56,17.58,52.75,-783.9,0.91
NSE:SBIN,LONG,170,2023-11-23T10:00:00+05:30,563.05,2023-11-23T14:15:00+05:30,559.15,breakout_up,breakout_down,-663.0,80.75,19.08,57.23,-820.06,0.18
NSE:INFY,LONG,70,2023-11-22T10:45:00+05:30,1446.3,2023-11-23T14:30:00+05:30,1452.6,breakout_up,breakout_down,441.0,288.59,20.29,60.88,71.24,1.16
NSE:ADANIGREEN,SHORT,95,2023-11-22T11:30:00+05:30,919.5,2023-11-23T14:45:00+05:30,920.2,breakout_down,breakout_up,-66.5,257.35,17.48,52.43,-393.75,1.14
NSE:HCLTECH,LONG,70,2023-11-23T09:15:00+05:30,1332.7,2023-11-24T09:15:00+05:30,1324.6,breakout_up,breakout_down,-567.0,269.87,18.6,55.8,-911.28,1.0
NSE:TATASTEEL,LONG,705,2023-11-21T09:30:00+05:30,126.15,2023-11-24T09:45:00+05:30,126.2,breakout_up,breakout_down,35.25,260.82,17.79,53.37,-296.73,3.01
NSE:HINDUNILVR,LONG,35,2023-11-21T12:15:00+05:30,2514.65,2023-11-24T10:00:00+05:30,2510.2,breakout_up,breakout_down,-155.75,258.57,17.59,52.76,-484.67,2.91
NSE:ICICIBANK,SHORT,105,2023-11-22T09:15:00+05:30,921.15,2023-11-24T10:30:00+05:30,924.8,breakout_down,breakout_up,-383.25,278.54,19.38,58.15,-739.32,2.05
NSE:ITC,LONG,215,2023-11-22T14:30:00+05:30,439.5,2023-11-24T12:00:00+05:30,438.35,breakout_up,breakout_down,-247.25,272.88,18.87,56.62,-595.62,1.9
NSE:LT,SHORT,30,2023-11-22T09:15:00+05:30,3068.5,2023-11-24T12:00:00+05:30,3065.95,breakout_down,breakout_up,76.5,267.63,18.4,55.21,-264.74,2.11
NSE:TATACONSUM,LONG,90,2023-11-23T15:15:00+05:30,934.7,2023-11-24T12:15:00+05:30,926.0,breakout_up,breakout_down,-783.0,249.28,16.75,50.24,-1099.26,0.88
NSE:NIFTY,LONG,5.120023423437724,2023-11-23T09:30:00+05:30,19867.85,2023-11-24T13:00:00+05:30,19773.85,breakout_up,breakout_down,-481.28,66.27,4.06,20.3,-571.91,1.15
NSE:SENSEX,LONG,1.5107384008502542,2023-11-23T09:30:00+05:30,66213.24,2023-11-24T13:00:00+05:30,65904.26,breakout_up,breakout_down,-466.79,65.96,3.99,19.96,-556.7,1.15
NSE:RELIANCE,LONG,160,2023-11-23T09:15:00+05:30,598.73,2023-11-24T15:00:00+05:30,598.24,breakout_up,breakout_down,-77.6,275.95,19.15,57.45,-430.16,1.24
NSE:BHARTIARTL,LONG,100,2023-11-23T11:30:00+05:30,971.4,2023-11-24T15:15:00+05:30,971.0,breakout_up,breakout_down,-40.0,278.98,19.42,58.27,-396.67,1.16
NSE:TATACONSUM,SHORT,90,2023-11-24T13:00:00+05:30,924.35,2023-11-28T13:00:00+05:30,931.85,breakout_down,breakout_up,-675.0,248.82,16.71,50.12,-990.64,4.0
NSE:HDFCBANK,LONG,235,2023-11-23T10:15:00+05:30,380.06,2023-11-28T13:45:00+05:30,381.89,breakout_up,breakout_down,428.87,262.07,17.91,53.72,95.18,5.15
NSE:RELIANCE,SHORT,160,2023-11-28T09:15:00+05:30,596.17,2023-11-28T14:15:00+05:30,596.89,breakout_down,breakout_up,-114.4,80.83,19.09,57.27,-271.58,0.21
NSE:INFY,SHORT,70,2023-11-23T14:45:00+05:30,1450.2,2023-11-28T14:15:00+05:30,1440.0,breakout_down,breakout_up,714.0,287.89,20.23,60.69,345.18,4.98
NSE:TATASTEEL,SHORT,700,2023-11-24T10:00:00+05:30,126.05,2023-11-28T14:15:00+05:30,126.75,breakout_down,breakout_up,-490.0,259.81,17.7,53.09,-820.59,4.18
NSE:HCLTECH,SHORT,70,2023-11-24T09:30:00+05:30,1322.0,2023-11-28T14:30:00+05:30,1315.1,breakout_down,breakout_up,483.0,268.22,18.46,55.38,140.94,4.21
NSE:TCS,SHORT,25,2023-11-24T09:15:00+05:30,3497.6,2023-11-28T15:00:00+05:30,3472.55,breakout_down,breakout_up,626.25,256.72,17.43,52.28,299.83,4.24
NSE:WIPRO,SHORT,995,2023-11-24T09:45:00+05:30,99.61,2023-11-28T15:00:00+05:30,99.22,breakout_down,breakout_up,388.05,282.95,19.78,59.35,25.96,4.22
NSE:HDFCBANK,SHORT,235,2023-11-28T14:00:00+05:30,381.49,2023-11-29T09:15:00+05:30,385.0,breakout_down,breakout_up,-824.85,263.35,18.01,54.04,-1160.25,0.8
NSE:LT,SHORT,30,2023-11-28T10:15:00+05:30,3043.05,2023-11-29T09:15:00+05:30,3062.75,breakout_down,breakout_up,-591.0,266.72,18.32,54.95,-930.99,0.96
NSE:HINDUNILVR,SHORT,35,2023-11-28T14:45:00+05:30,2513.0,2023-11-29T12:15:00+05:30,2520.0,breakout_down,breakout_up,-245.0,258.9,17.62,52.85,-574.36,0.9
NSE:ITC,SHORT,215,2023-11-24T13:00:00+05:30,437.45,2023-11-29T13:45:00+05:30,437.85,breakout_down,breakout_up,-86.0,272.26,18.82,56.46,-433.53,5.03
NSE:RELIANCE,LONG,160,2023-11-28T14:30:00+05:30,597.75,2023-11-29T14:45:00+05:30,600.41,breakout_up,breakout_down,426.4,276.13,19.17,57.51,73.59,1.01
NSE:ADANIGREEN,LONG,95,2023-11-23T15:00:00+05:30,931.55,2023-11-29T15:15:00+05:30,1039.0,breakout_up,breakout_down,10207.75,270.39,18.72,56.16,9862.48,6.01
NSE:TATASTEEL,LONG,685,2023-11-29T10:15:00+05:30,127.85,2023-11-30T09:15:00+05:30,127.1,breakout_up,breakout_down,-513.75,257.23,17.46,52.39,-840.84,0.96
NSE:HDFCBANK,LONG,230,2023-11-29T09:30:00+05:30,385.21,2023-11-30T09:45:00+05:30,386.54,breakout_up,breakout_down,304.75,260.35,17.75,53.25,-26.61,1.01
NSE:ICICIBANK,LONG,105,2023-11-24T14:15:00+05:30,927.2,2023-11-30T10:15:00+05:30,928.65,breakout_up,breakout_down,152.25,279.66,19.49,58.46,-205.35,5.83
NSE:TATASTEEL,SHORT,685,2023-11-30T09:30:00+05:30,126.9,2023-11-30T10:45:00+05:30,128.0,breakout_down,breakout_up,-753.5,77.89,17.46,52.38,-901.23,0.05
NSE:TCS,LONG,25,2023-11-28T15:15:00+05:30,3478.0,2023-11-30T14:00:00+05:30,3490.55,breakout_up,breakout_down,313.75,256.7,17.42,52.26,-12.63,1.95
NSE:HDFCBANK,SHORT,230,2023-11-30T10:15:00+05:30,385.84,2023-11-30T15:00:00+05:30,389.7,breakout_down,breakout_up,-887.8,78.54,17.84,53.51,-1037.69,0.2
NSE:SBIN,LONG,170,2023-11-28T12:15:00+05:30,564.1,2023-11-30T15:00:00+05:30,564.1,breakout_up,breakout_down,0.0,276.26,19.18,57.54,-352.97,2.11
NSE:ADANIGREEN,SHORT,95,2023-11-30T09:15:00+05:30,1016.8,2023-11-30T15:00:00+05:30,1029.65,breakout_down,breakout_up,-1220.75,81.33,19.44,58.32,-1379.84,0.24
NSE:INFY,LONG,70,2023-11-28T14:30:00+05:30,1440.7,2023-12-01T09:30:00+05:30,1448.4,breakout_up,breakout_down,539.0,287.82,20.22,60.67,170.28,2.79
NSE:HCLTECH,LONG,70,2023-11-28T15:00:00+05:30,1316.9,2023-12-01T14:00:00+05:30,1331.0,breakout_up,breakout_down,987.0,269.03,18.54,55.61,643.83,2.96
NSE:HDFCBANK,LONG,220,2023-12-01T09:45:00+05:30,390.93,2023-12-01T14:30:00+05:30,388.55,breakout_up,breakout_down,-522.5,77.36,17.15,51.45,-668.46,0.2
NSE:TCS,SHORT,25,2023-11-30T15:00:00+05:30,3484.9,2023-12-01T14:30:00+05:30,3509.1,breakout_down,breakout_up,-605.0,257.47,17.48,52.45,-932.41,0.98
NSE:RELIANCE,SHORT,160,2023-11-30T09:15:00+05:30,597.05,2023-12-04T09:15:00+05:30,606.08,breakout_down,breakout_up,-1444.0,277.15,19.25,57.75,-1798.15,4.0
NSE:INFY,SHORT,70,2023-12-01T13:45:00+05:30,1446.65,2023-12-04T09:15:00+05:30,1465.05,breakout_down,breakout_up,-1288.0,289.72,20.38,61.15,-1659.24,2.81
NSE:ADANIGREEN,SHORT,95,2023-12-01T15:00:00+05:30,1025.0,2023-12-04T09:15:00+05:30,1110.3,breakout_down,breakout_up,-8103.5,289.15,20.29,60.86,-8473.8,2.76
NSE:WIPRO,LONG,1000,2023-11-28T15:15:00+05:30,99.28,2023-12-04T12:45:00+05:30,101.72,breakout_up,breakout_down,2450.0,286.3,20.1,60.3,2083.3,5.9
NSE:INFY,LONG,70,2023-12-04T09:30:00+05:30,1470.5,2023-12-05T09:15:00+05:30,1447.7,breakout_up,breakout_down,-1596.0,290.24,20.43,61.28,-1967.95,0.99
NSE:TATASTEEL,LONG,670,2023-11-30T13:30:00+05:30,128.55,2023-12-05T09:15:00+05:30,130.35,breakout_up,breakout_down,1206.0,255.8,17.35,52.04,880.82,4.82
NSE:HINDUNILVR,LONG,35,2023-11-29T13:30:00+05:30,2521.15,2023-12-05T11:00:00+05:30,2575.35,breakout_up,breakout_down,1897.0,261.21,17.84,53.51,1564.44,5.9
NSE:LT,LONG,30,2023-11-29T13:30:00+05:30,3073.2,2023-12-05T11:30:00+05:30,3285.75,breakout_up,breakout_down,6376.5,274.64,19.08,57.23,6025.55,5.92
NSE:BHARTIARTL,LONG,95,2023-11-28T09:45:00+05:30,979.5,2023-12-05T12:45:00+05:30,1030.15,breakout_up,breakout_down,4811.75,274.92,19.09,57.28,4460.46,7.12
NSE:ITC,LONG,215,2023-12-01T09:15:00+05:30,439.2,2023-12-05T14:15:00+05:30,452.25,breakout_up,breakout_down,2805.75,275.9,19.17,57.5,2453.19,4.21
NSE:INFY,SHORT,65,2023-12-05T11:30:00+05:30,1445.0,2023-12-05T15:00:00+05:30,1454.95,breakout_down,breakout_up,-646.75,80.35,18.85,56.55,-802.5,0.15
NSE:WIPRO,SHORT,1000,2023-12-05T09:15:00+05:30,101.33,2023-12-06T09:15:00+05:30,101.78,breakout_down,breakout_up,-450.0,288.85,20.31,60.93,-820.09,1.0
NSE:HCLTECH,SHORT,70,2023-12-05T09:15:00+05:30,1314.8,2023-12-06T09:15:00+05:30,1327.45,breakout_down,breakout_up,-885.5,268.73,18.5,55.49,-1228.21,1.0
NSE:HDFCBANK,LONG,215,2023-12-04T09:15:00+05:30,395.75,2023-12-06T09:30:00+05:30,404.73,breakout_up,breakout_down,1929.63,254.23,17.21,51.63,1606.55,2.01
NSE:ITC,SHORT,215,2023-12-05T15:00:00+05:30,452.0,2023-12-06T09:30:00+05:30,459.65,breakout_down,breakout_up,-1644.75,281.06,19.6,58.8,-2004.21,0.77
NSE:HINDUNILVR,SHORT,35,2023-12-05T12:15:00+05:30,2572.0,2023-12-06T10:45:00+05:30,2582.95,breakout_down,breakout_up,-383.25,263.65,18.04,54.13,-719.07,0.94
NSE:SBIN,LONG,170,2023-12-01T09:30:00+05:30,569.8,2023-12-06T13:00:00+05:30,606.1,breakout_up,breakout_down,6171.0,284.8,19.99,59.97,5806.23,5.15
NSE:TATACONSUM,LONG,90,2023-11-28T13:15:00+05:30,933.85,2023-12-06T15:00:00+05:30,950.35,breakout_up,breakout_down,1485.0,251.46,16.96,50.87,1165.71,8.07
NSE:NIFTY,LONG,5.102225283935657,2023-11-28T09:15:00+05:30,19825.4,2023-12-07T09:15:00+05:30,20851.7,breakout_up,breakout_down,5236.41,67.0,4.15,20.75,5144.51,9.0
NSE:BANKNIFTY,LONG,2.2157417758379747,2023-11-23T13:45:00+05:30,43640.75,2023-12-07T09:15:00+05:30,46510.95,breakout_up,breakout_down,6359.62,66.33,4.0,19.98,6269.32,13.81
NSE:SENSEX,LONG,1.505109139660188,2023-11-28T14:15:00+05:30,66092.12,2023-12-07T09:15:00+05:30,69333.34,breakout_up,breakout_down,4878.39,66.64,4.08,20.38,4787.29,8.79
NSE:RELIANCE,LONG,150,2023-12-05T09:15:00+05:30,608.75,2023-12-07T09:15:00+05:30,613.1,breakout_up,breakout_down,652.5,266.74,18.33,54.98,312.45,2.0
NSE:ICICIBANK,LONG,100,2023-12-01T09:15:00+05:30,939.8,2023-12-07T09:15:00+05:30,992.65,breakout_up,breakout_down,5285.0,277.47,19.32,57.97,4930.23,6.0
NSE:ITC,LONG,205,2023-12-06T11:15:00+05:30,464.0,2023-12-07T10:00:00+05:30,459.4,breakout_up,breakout_down,-943.0,273.55,18.93,56.79,-1292.27,0.95
NSE:SBIN,SHORT,165,2023-12-06T13:15:00+05:30,605.8,2023-12-07T11:00:00+05:30,611.4,breakout_down,breakout_up,-924.0,286.38,20.08,60.25,-1290.71,0.91
NSE:TATASTEEL,LONG,660,2023-12-05T10:15:00+05:30,131.2,2023-12-07T11:30:00+05:30,130.65,breakout_up,breakout_down,-363.0,255.2,17.28,51.85,-687.33,2.05
NSE:LT,LONG,25,2023-12-05T15:15:00+05:30,3319.0,2023-12-07T13:45:00+05:30,3349.95,breakout_up,breakout_down,773.75,248.34,16.67,50.02,458.72,1.94
NSE:ICICIBANK,SHORT,100,2023-12-07T10:00:00+05:30,989.4,2023-12-07T14:15:00+05:30,1000.45,breakout_down,breakout_up,-1105.0,82.14,19.9,59.7,-1266.74,0.18
NSE:HDFCBANK,SHORT,215,2023-12-07T09:15:00+05:30,405.62,2023-12-08T09:15:00+05:30,409.92,breakout_down,breakout_up,-922.35,258.04,17.53,52.6,-1250.53,1.0
NSE:HINDUNILVR,SHORT,35,2023-12-06T14:15:00+05:30,2568.35,2023-12-08T09:15:00+05:30,2533.95,breakout_down,breakout_up,1204.0,261.48,17.86,53.57,871.08,1.79
NSE:ADANIGREEN,LONG,80,2023-12-04T15:00:00+05:30,1122.8,2023-12-08T09:15:00+05:30,1531.15,breakout_up,breakout_down,32668.0,296.61,21.23,63.69,32286.46,3.76
NSE:LT,SHORT,25,2023-12-07T14:00:00+05:30,3348.25,2023-12-08T09:15:00+05:30,3377.5,breakout_down,breakout_up,-731.25,250.03,16.81,50.44,-1048.54,0.8
NSE:RELIANCE,SHORT,150,2023-12-07T10:00:00+05:30,611.76,2023-12-08T11:45:00+05:30,617.88,breakout_down,breakout_up,-916.5,268.16,18.44,55.33,-1258.44,1.07
NSE:NIFTY,LONG,5.0710333998779165,2023-12-08T09:15:00+05:30,20958.8,2023-12-08T13:30:00+05:30,20868.35,breakout_up,breakout_down,-458.67,67.13,4.24,21.21,-551.26,0.18
NSE:SBIN,LONG,165,2023-12-08T10:30:00+05:30,614.25,2023-12-08T13:30:00+05:30,605.8,breakout_up,breakout_down,-1394.25,82.52,20.13,60.39,-1557.3,0.12
NSE:WIPRO,LONG,975,2023-12-06T09:30:00+05:30,102.84,2023-12-08T13:30:00+05:30,103.88,breakout_up,breakout_down,1009.12,287.02,20.15,60.46,641.49,2.17
NSE:BHARTIARTL,SHORT,95,2023-12-05T13:00:00+05:30,1027.1,2023-12-08T14:15:00+05:30,999.95,breakout_down,breakout_up,2579.25,276.93,19.26,57.77,2225.3,3.05
NSE:LT,LONG,25,2023-12-08T09:30:00+05:30,3391.95,2023-12-08T14:45:00+05:30,3375.5,breakout_up,breakout_down,-411.25,76.97,16.92,50.76,-555.89,0.22
NSE:TATACONSUM,SHORT,90,2023-12-08T11:00:00+05:30,951.4,2023-12-11T15:15:00+05:30,950.9,breakout_down,breakout_up,45.0,253.38,17.12,51.36,-276.86,3.18
NSE:INFY,LONG,65,2023-12-06T09:15:00+05:30,1455.25,2023-12-12T09:15:00+05:30,1481.2,breakout_up,breakout_down,1686.75,275.1,19.09,57.26,1335.3,6.0
NSE:ITC,SHORT,205,2023-12-07T10:15:00+05:30,458.3,2023-12-12T09:15:00+05:30,457.2,breakout_down,breakout_up,225.5,271.67,18.77,56.3,-121.24,4.96
NSE:TATASTEEL,SHORT,660,2023-12-07T12:00:00+05:30,130.45,2023-12-12T09:15:00+05:30,131.7,breakout_down,breakout_up,-825.0,255.46,17.3,51.91,-1149.66,4.89
NSE:HINDUNILVR,SHORT,35,2023-12-11T10:30:00+05:30,2505.9,2023-12-12T09:15:00+05:30,2515.75,breakout_down,breakout_up,-344.75,258.46,17.58,52.73,-673.52,0.95
NSE:BHARTIARTL,LONG,100,2023-12-08T15:15:00+05:30,1002.0,2023-12-12T09:30:00+05:30,989.45,breakout_up,breakout_down,-1255.0,284.52,19.91,59.74,-1619.18,3.76
NSE:BANKNIFTY,LONG,2.1932359036250992,2023-12-08T09:15:00+05:30,46938.5,2023-12-12T10:00:00+05:30,47243.05,breakout_up,breakout_down,667.95,66.67,4.13,20.66,576.49,4.03
NSE:ICICIBANK,LONG,100,2023-12-08T10:00:00+05:30,1004.05,2023-12-12T11:30:00+05:30,1010.95,breakout_up,breakout_down,690.0,286.99,20.15,60.45,322.41,4.06
NSE:NIFTY,LONG,5.029978305097666,2023-12-11T10:15:00+05:30,21020.6,2023-12-12T12:45:00+05:30,20960.1,breakout_up,breakout_down,-304.31,67.05,4.22,21.12,-396.71,1.1
NSE:SENSEX,LONG,1.4956354911439946,2023-12-08T09:15:00+05:30,69702.03,2023-12-12T12:45:00+05:30,69758.58,breakout_up,breakout_down,84.58,66.83,4.17,20.86,-7.28,4.15
NSE:HDFCBANK,LONG,210,2023-12-08T09:30:00+05:30,411.46,2023-12-12T13:45:00+05:30,410.88,breakout_up,breakout_down,-123.9,255.04,17.27,51.81,-448.02,4.18
NSE:TATACONSUM,LONG,90,2023-12-12T09:15:00+05:30,961.7,2023-12-12T13:45:00+05:30,949.5,breakout_up,breakout_down,-1098.0,77.39,17.2,51.6,-1244.19,0.19
NSE:ITC,LONG,205,2023-12-12T10:45:00+05:30,458.7,2023-12-12T14:15:00+05:30,453.85,breakout_up,breakout_down,-994.25,80.06,18.71,56.12,-1149.14,0.15
NSE:TCS,LONG,25,2023-12-01T15:00:00+05:30,3512.7,2023-12-12T14:30:00+05:30,3656.85,breakout_up,breakout_down,3603.75,262.03,17.92,53.77,3270.02,10.98
NSE:HCLTECH,LONG,65,2023-12-06T09:30:00+05:30,1335.0,2023-12-12T14:30:00+05:30,1372.25,breakout_up,breakout_down,2421.25,258.49,17.6,52.79,2092.37,6.21
NSE:WIPRO,LONG,955,2023-12-12T09:45:00+05:30,105.94,2023-12-12T14:45:00+05:30,105.36,breakout_up,breakout_down,-549.13,82.7,20.18,60.54,-712.54,0.21
NSE:LT,SHORT,25,2023-12-12T09:15:00+05:30,3357.6,2023-12-13T09:15:00+05:30,3370.7,breakout_down,breakout_up,-327.5,250.07,16.82,50.46,-644.85,1.0
NSE:SBIN,SHORT,160,2023-12-12T09:45:00+05:30,613.2,2023-12-13T13:30:00+05:30,617.6,breakout_down,breakout_up,-704.0,282.01,19.69,59.08,-1064.79,1.16
NSE:TATACONSUM,SHORT,90,2023-12-12T14:30:00+05:30,946.45,2023-12-13T14:00:00+05:30,955.0,breakout_down,breakout_up,-769.5,253.35,17.11,51.34,-1091.3,0.98
NSE:ICICIBANK,LONG,95,2023-12-13T09:15:00+05:30,1020.65,2023-12-13T14:30:00+05:30,1009.7,breakout_up,breakout_down,-1040.25,81.08,19.29,57.86,-1198.48,0.22
NSE:NIFTY,SHORT,5.027365837522894,2023-12-12T13:45:00+05:30,20952.85,2023-12-13T15:00:00+05:30,20924.2,breakout_down,breakout_up,144.03,67.02,4.21,21.05,51.75,1.05
NSE:SENSEX,SHORT,1.4950946058480745,2023-12-12T13:45:00+05:30,69722.39,2023-12-13T15:00:00+05:30,69578.43,breakout_down,breakout_up,215.23,66.81,4.17,20.83,123.43,1.05
NSE:RELIANCE,SHORT,150,2023-12-08T13:30:00+05:30,612.32,2023-12-13T15:00:00+05:30,608.8,breakout_down,breakout_up,527.25,266.63,18.32,54.95,187.35,5.06
NSE:TATASTEEL,SHORT,650,2023-12-12T14:30:00+05:30,130.05,2023-12-13T15:00:00+05:30,131.4,breakout_down,breakout_up,-877.5,252.04,16.99,50.98,-1197.52,1.02
NSE:HINDUNILVR,SHORT,35,2023-12-12T12:30:00+05:30,2499.0,2023-12-13T15:00:00+05:30,2512.15,breakout_down,breakout_up,-460.25,258.06,17.54,52.62,-788.47,1.1
NSE:WIPRO,SHORT,960,2023-12-13T09:45:00+05:30,104.52,2023-12-13T15:00:00+05:30,104.86,breakout_down,breakout_up,-336.0,82.59,20.1,60.3,-498.99,0.22
NSE:BANKNIFTY,SHORT,2.1968226113837703,2023-12-12T14:00:00+05:30,47123.5,2023-12-14T09:15:00+05:30,47680.15,breakout_down,breakout_up,-1222.86,66.73,4.17,20.83,-1314.59,1.8
NSE:HDFCBANK,SHORT,210,2023-12-12T14:00:00+05:30,410.59,2023-12-14T09:15:00+05:30,412.5,breakout_down,breakout_up,-401.1,255.23,17.28,51.85,-725.47,1.8
NSE:TCS,SHORT,25,2023-12-13T09:15:00+05:30,3635.2,2023-12-14T09:15:00+05:30,3663.55,breakout_down,breakout_up,-708.75,265.95,18.25,54.74,-1047.68,1.0
NSE:INFY,SHORT,65,2023-12-12T14:15:00+05:30,1471.95,2023-12-14T09:15:00+05:30,1483.4,breakout_down,breakout_up,-744.25,276.65,19.21,57.63,-1097.74,1.79
NSE:HCLTECH,SHORT,65,2023-12-12T14:45:00+05:30,1371.0,2023-12-14T09:15:00+05:30,1412.2,breakout_down,breakout_up,-2678.0,264.36,18.09,54.27,-3014.72,1.77
NSE:ADANIGREEN,SHORT,80,2023-12-08T13:30:00+05:30,1497.0,2023-12-14T09:15:00+05:30,1525.9,breakout_down,breakout_up,-2312.0,332.03,24.18,72.55,-2740.77,5.82
NSE:TATACONSUM,LONG,85,2023-12-13T14:15:00+05:30,955.9,2023-12-14T12:30:00+05:30,949.2,breakout_up,breakout_down,-569.5,243.12,16.19,48.58,-877.39,0.93
NSE:ITC,SHORT,205,2023-12-12T14:30:00+05:30,452.6,2023-12-14T13:45:00+05:30,460.7,breakout_down,breakout_up,-1660.5,271.31,18.72,56.17,-2006.7,1.97
NSE:BANKNIFTY,LONG,2.132490095239747,2023-12-14T09:45:00+05:30,47930.5,2023-12-14T14:45:00+05:30,47697.1,breakout_up,breakout_down,-497.72,66.36,4.08,20.39,-588.56,0.21
NSE:ICICIBANK,LONG,95,2023-12-14T09:15:00+05:30,1028.9,2023-12-14T14:45:00+05:30,1032.15,breakout_up,breakout_down,308.75,81.74,19.58,58.74,148.69,0.23
NSE:ITC,LONG,195,2023-12-15T09:15:00+05:30,461.35,2023-12-15T10:30:00+05:30,456.75,breakout_up,breakout_down,-897.0,78.65,17.9,53.71,-1047.26,0.05
NSE:BHARTIARTL,LONG,100,2023-12-13T09:15:00+05:30,998.0,2023-12-15T13:15:00+05:30,990.8,breakout_up,breakout_down,-720.0,284.18,19.89,59.66,-1083.74,2.17
NSE:ICICIBANK,SHORT,95,2023-12-15T11:45:00+05:30,1028.8,2023-12-15T15:00:00+05:30,1038.95,breakout_down,breakout_up,-964.25,81.71,19.64,58.93,-1124.54,0.14
NSE:INFY,LONG,65,2023-12-14T10:15:00+05:30,1491.85,2023-12-18T14:30:00+05:30,1564.2,breakout_up,breakout_down,4702.75,283.51,19.86,59.59,4339.78,4.18
NSE:BANKNIFTY,LONG,2.118572242138406,2023-12-15T14:30:00+05:30,47968.4,2023-12-18T15:00:00+05:30,47848.1,breakout_up,breakout_down,-254.86,66.29,4.06,20.3,-345.51,3.02
NSE:ADANIGREEN,LONG,75,2023-12-18T11:45:00+05:30,1542.0,2023-12-18T15:00:00+05:30,1517.45,breakout_up,breakout_down,-1841.25,87.43,22.95,68.84,-2020.47,0.14
NSE:SENSEX,LONG,1.484430016321514,2023-12-14T09:15:00+05:30,70306.2,2023-12-18T15:15:00+05:30,71290.98,breakout_up,breakout_down,1461.84,67.05,4.2,21.02,1369.56,4.25
NSE:HDFCBANK,LONG,205,2023-12-14T09:45:00+05:30,414.54,2023-12-18T15:15:00+05:30,413.25,breakout_up,breakout_down,-264.45,251.72,16.97,50.91,-584.05,4.23
NSE:ICICIBANK,SHORT,95,2023-12-18T09:30:00+05:30,1025.45,2023-12-18T15:15:00+05:30,1024.95,breakout_down,breakout_up,47.5,81.53,19.48,58.44,-111.95,0.24
NSE:WIPRO,LONG,930,2023-12-14T09:15:00+05:30,107.15,2023-12-18T15:15:00+05:30,111.08,breakout_up,breakout_down,3650.25,288.38,20.29,60.88,3280.69,4.25
NSE:TCS,LONG,25,2023-12-15T09:15:00+05:30,3692.5,2023-12-19T09:15:00+05:30,3825.5,breakout_up,breakout_down,3325.0,271.74,18.8,56.38,2978.08,4.0
NSE:ITC,SHORT,195,2023-12-15T12:30:00+05:30,455.5,2023-12-19T09:15:00+05:30,454.5,breakout_down,breakout_up,195.0,260.3,17.75,53.23,-136.28,3.86
NSE:TATACONSUM,SHORT,85,2023-12-14T14:30:00+05:30,947.0,2023-12-19T09:15:00+05:30,956.45,breakout_down,breakout_up,-803.25,242.98,16.18,48.54,-1110.95,4.78
NSE:BHARTIARTL,SHORT,100,2023-12-15T14:30:00+05:30,988.4,2023-12-19T09:15:00+05:30,995.0,breakout_down,breakout_up,-660.0,283.58,19.83,59.5,-1022.92,3.78
NSE:NIFTY,LONG,5.033527983878341,2023-12-13T15:15:00+05:30,20937.45,2023-12-19T09:30:00+05:30,21373.7,breakout_up,breakout_down,2195.88,67.35,4.26,21.3,2102.96,5.76
NSE:SBIN,LONG,155,2023-12-13T14:45:00+05:30,620.35,2023-12-19T09:30:00+05:30,643.05,breakout_up,breakout_down,3518.5,280.47,19.58,58.75,3159.7,5.78
NSE:TATASTEEL,LONG,630,2023-12-14T09:15:00+05:30,132.3,2023-12-19T09:30:00+05:30,135.85,breakout_up,breakout_down,2236.5,250.69,16.89,50.68,1918.24,5.01
NSE:HCLTECH,LONG,60,2023-12-15T09:15:00+05:30,1427.9,2023-12-19T09:45:00+05:30,1491.6,breakout_up,breakout_down,3822.0,257.5,17.52,52.55,3494.44,4.02
NSE:SBIN,SHORT,155,2023-12-19T10:00:00+05:30,642.0,2023-12-19T11:45:00+05:30,652.45,breakout_down,breakout_up,-1619.75,82.38,20.06,60.19,-1782.39,0.07
NSE:ADANIGREEN,SHORT,75,2023-12-19T09:30:00+05:30,1513.0,2023-12-19T12:15:00+05:30,1550.05,breakout_down,breakout_up,-2778.75,87.38,22.97,68.92,-2958.02,0.11
NSE:BANKNIFTY,SHORT,2.119075404693335,2023-12-19T09:15:00+05:30,47794.45,2023-12-19T13:45:00+05:30,47995.65,breakout_down,breakout_up,-426.36,66.28,4.06,20.3,-516.99,0.19
NSE:NIFTY,SHORT,5.034044681439699,2023-12-19T10:00:00+05:30,21351.8,2023-12-19T14:00:00+05:30,21481.05,breakout_down,breakout_up,-650.65,67.45,4.31,21.56,-743.98,0.17
NSE:TCS,SHORT,25,2023-12-19T09:30:00+05:30,3809.3,2023-12-19T14:30:00+05:30,3828.0,breakout_down,breakout_up,-467.5,80.8,19.09,57.28,-624.67,0.21
NSE:INFY,SHORT,65,2023-12-19T09:30:00+05:30,1551.95,2023-12-19T14:30:00+05:30,1564.0,breakout_down,breakout_up,-783.25,82.81,20.25,60.76,-947.07,0.21
NSE:BHARTIARTL,LONG,100,2023-12-19T09:45:00+05:30,996.0,2023-12-19T14:45:00+05:30,989.15,breakout_up,breakout_down,-685.0,82.11,19.85,59.55,-846.51,0.21
NSE:SENSEX,SHORT,1.4857894106533045,2023-12-19T09:30:00+05:30,71160.89,2023-12-20T09:15:00+05:30,71802.08,breakout_down,breakout_up,-952.67,67.14,4.25,21.24,-1045.3,0.99
NSE:HDFCBANK,SHORT,205,2023-12-19T09:15:00+05:30,412.2,2023-12-20T09:15:00+05:30,416.25,breakout_down,breakout_up,-830.25,251.91,16.98,50.95,-1150.1,1.0
NSE:WIPRO,SHORT,930,2023-12-19T09:30:00+05:30,110.55,2023-12-20T09:15:00+05:30,110.94,breakout_down,breakout_up,-362.7,292.05,20.6,61.8,-737.15,0.99
NSE:ADANIGREEN,LONG,70,2023-12-20T09:30:00+05:30,1553.0,2023-12-20T11:45:00+05:30,1514.7,breakout_up,breakout_down,-2681.0,84.75,21.47,64.42,-2851.64,0.09
NSE:SBIN,LONG,150,2023-12-19T12:15:00+05:30,657.85,2023-12-20T13:00:00+05:30,649.35,breakout_up,breakout_down,-1275.0,281.11,19.61,58.82,-1634.55,1.03
NSE:LT,LONG,25,2023-12-13T09:30:00+05:30,3372.25,2023-12-20T13:00:00+05:30,3492.0,breakout_up,breakout_down,2993.75,253.6,17.16,51.48,2671.51,7.15
NSE:NIFTY,LONG,4.967363030412367,2023-12-19T14:30:00+05:30,21489.1,2023-12-20T13:15:00+05:30,21403.7,breakout_up,breakout_down,-424.21,67.23,4.26,21.31,-517.01,0.95
NSE:BANKNIFTY,LONG,2.0941492034148097,2023-12-20T09:15:00+05:30,48117.2,2023-12-20T13:15:00+05:30,47718.45,breakout_up,breakout_down,-835.04,66.04,4.01,20.07,-925.17,0.17
NSE:ITC,LONG,195,2023-12-19T10:15:00+05:30,455.95,2023-12-20T13:30:00+05:30,454.7,breakout_up,breakout_down,-243.75,260.48,17.76,53.27,-575.26,1.14
NSE:TCS,LONG,25,2023-12-20T09:15:00+05:30,3853.1,2023-12-20T14:00:00+05:30,3811.35,breakout_up,breakout_down,-1043.75,80.85,19.16,57.48,-1201.25,0.2
NSE:RELIANCE,LONG,150,2023-12-14T09:15:00+05:30,612.38,2023-12-20T14:30:00+05:30,630.69,breakout_up,breakout_down,2747.25,270.12,18.65,55.94,2402.54,6.22
NSE:INFY,LONG,65,2023-12-20T09:15:00+05:30,1575.0,2023-12-20T14:45:00+05:30,1545.0,breakout_up,breakout_down,-1950.0,82.72,20.28,60.84,-2113.84,0.23
NSE:TATACONSUM,LONG,85,2023-12-19T09:30:00+05:30,964.85,2023-12-20T15:00:00+05:30,974.85,breakout_up,breakout_down,850.0,246.28,16.49,49.46,537.77,1.23
NSE:HINDUNILVR,LONG,35,2023-12-13T15:15:00+05:30,2515.7,2023-12-21T09:15:00+05:30,2545.4,breakout_up,breakout_down,1039.5,259.89,17.71,53.14,708.75,7.75
NSE:HDFCBANK,SHORT,200,2023-12-20T15:00:00+05:30,414.07,2023-12-21T10:45:00+05:30,417.5,breakout_down,breakout_up,-685.0,247.99,16.63,49.89,-999.52,0.82
NSE:TATACONSUM,SHORT,85,2023-12-21T09:15:00+05:30,966.4,2023-12-21T14:15:00+05:30,983.0,breakout_down,breakout_up,-1411.0,76.25,16.57,49.71,-1553.52,0.21
NSE:BANKNIFTY,SHORT,2.098122420923215,2023-12-20T14:00:00+05:30,47586.45,2023-12-21T14:30:00+05:30,47784.25,breakout_down,breakout_up,-415.01,66.01,4.0,20.01,-505.03,1.02
NSE:SENSEX,SHORT,1.4684245804303537,2023-12-20T13:15:00+05:30,71292.68,2023-12-21T14:30:00+05:30,70889.37,breakout_down,breakout_up,592.23,66.88,4.18,20.88,500.3,1.05
NSE:ICICIBANK,SHORT,95,2023-12-19T09:15:00+05:30,1017.9,2023-12-21T14:30:00+05:30,1008.0,breakout_down,breakout_up,940.5,276.93,19.25,57.74,586.59,2.22
NSE:ADANIGREEN,SHORT,70,2023-12-20T13:00:00+05:30,1511.4,2023-12-21T15:00:00+05:30,1537.0,breakout_down,breakout_up,-1792.0,300.39,21.34,64.02,-2177.74,1.08
NSE:NIFTY,SHORT,4.991094149619866,2023-12-20T14:00:00+05:30,21283.65,2023-12-21T15:15:00+05:30,21283.0,breakout_down,breakout_up,3.24,67.19,4.25,21.25,-89.44,1.05
NSE:TATASTEEL,SHORT,635,2023-12-19T10:00:00+05:30,135.15,2023-12-21T15:15:00+05:30,131.4,breakout_down,breakout_up,2381.25,251.04,16.93,50.78,2062.51,2.22
NSE:BHARTIARTL,SHORT,100,2023-12-20T13:00:00+05:30,984.4,2023-12-21T15:15:00+05:30,979.8,breakout_down,breakout_up,460.0,281.36,19.64,58.93,100.07,1.09
NSE:LT,SHORT,25,2023-12-20T13:15:00+05:30,3480.3,2023-12-22T09:45:00+05:30,3456.6,breakout_down,breakout_up,592.5,255.8,17.34,52.03,267.33,1.85
NSE:WIPRO,SHORT,935,2023-12-20T13:15:00+05:30,109.31,2023-12-22T10:00:00+05:30,109.97,breakout_down,breakout_up,-617.1,291.02,20.5,61.51,-990.13,1.86
NSE:ITC,SHORT,195,2023-12-20T14:30:00+05:30,450.85,2023-12-22T10:30:00+05:30,454.3,breakout_down,breakout_up,-672.75,259.32,17.65,52.95,-1002.67,1.83
NSE:SBIN,SHORT,155,2023-12-20T13:15:00+05:30,635.0,2023-12-22T10:45:00+05:30,649.2,breakout_down,breakout_up,-2201.0,284.49,19.91,59.72,-2565.11,1.9
NSE:HCLTECH,SHORT,60,2023-12-19T10:00:00+05:30,1485.9,2023-12-22T11:15:00+05:30,1445.45,breakout_down,breakout_up,2427.0,258.39,17.59,52.76,2098.26,3.05
NSE:TCS,SHORT,25,2023-12-20T14:30:00+05:30,3807.5,2023-12-22T11:30:00+05:30,3814.6,breakout_down,breakout_up,-177.5,274.89,19.06,57.17,-528.61,1.88
NSE:INFY,SHORT,65,2023-12-20T15:00:00+05:30,1538.7,2023-12-22T11:30:00+05:30,1545.8,breakout_down,breakout_up,-461.5,285.96,20.05,60.15,-827.65,1.85
NSE:BANKNIFTY,LONG,2.0725135102702956,2023-12-22T10:00:00+05:30,47931.5,2023-12-22T13:30:00+05:30,47545.3,breakout_up,breakout_down,-800.4,65.78,3.96,19.79,-889.93,0.15
NSE:INFY,LONG,65,2023-12-22T14:15:00+05:30,1552.85,2023-12-26T09:15:00+05:30,1531.5,breakout_up,breakout_down,-1387.75,286.02,20.05,60.14,-1753.96,3.79
NSE:BANKNIFTY,SHORT,2.072539221839231,2023-12-22T13:45:00+05:30,47502.8,2023-12-27T09:15:00+05:30,47876.1,breakout_down,breakout_up,-773.68,65.76,3.95,19.77,-863.16,4.81
NSE:ICICIBANK,SHORT,100,2023-12-22T13:30:00+05:30,995.2,2023-12-27T09:15:00+05:30,999.95,breakout_down,breakout_up,-475.0,284.87,19.95,59.85,-839.68,4.82
NSE:SBIN,SHORT,150,2023-12-22T13:30:00+05:30,638.4,2023-12-27T09:45:00+05:30,643.5,breakout_down,breakout_up,-765.0,276.86,19.23,57.69,-1118.77,4.84
NSE:TCS,LONG,25,2023-12-22T14:30:00+05:30,3833.75,2023-12-27T11:00:00+05:30,3787.05,breakout_up,breakout_down,-1167.5,274.93,19.05,57.16,-1518.64,4.85
NSE:WIPRO,LONG,915,2023-12-22T13:30:00+05:30,111.0,2023-12-27T12:00:00+05:30,116.28,breakout_up,breakout_down,4826.63,293.85,20.8,62.39,4449.59,4.94
NSE:ITC,LONG,190,2023-12-22T10:45:00+05:30,455.15,2023-12-27T12:15:00+05:30,454.3,breakout_up,breakout_down,-161.5,255.16,17.28,51.84,-485.78,5.06
NSE:TCS,SHORT,25,2023-12-27T11:15:00+05:30,3778.95,2023-12-27T15:00:00+05:30,3815.3,breakout_down,breakout_up,-908.75,80.56,18.99,56.96,-1065.25,0.16
NSE:ICICIBANK,LONG,95,2023-12-27T09:30:00+05:30,1002.2,2023-12-28T13:45:00+05:30,999.95,breakout_up,breakout_down,-213.75,274.51,19.02,57.06,-564.34,1.18
NSE:ADANIGREEN,LONG,70,2023-12-22T15:00:00+05:30,1535.0,2023-12-28T13:45:00+05:30,1577.9,breakout_up,breakout_down,3003.0,305.04,21.79,65.37,2610.79,5.95
NSE:TCS,LONG,25,2023-12-28T09:15:00+05:30,3821.05,2023-12-28T14:00:00+05:30,3806.1,breakout_up,breakout_down,-373.75,80.76,19.07,57.2,-530.78,0.2
NSE:HDFCBANK,LONG,195,2023-12-21T11:00:00+05:30,418.75,2023-12-28T14:15:00+05:30,426.73,breakout_up,breakout_down,1555.13,246.22,16.49,49.46,1242.96,7.14
NSE:LT,LONG,25,2023-12-22T10:45:00+05:30,3465.35,2023-12-28T15:00:00+05:30,3515.05,breakout_up,breakout_down,1242.5,256.96,17.45,52.35,915.74,6.18
NSE:WIPRO,LONG,890,2023-12-28T09:15:00+05:30,118.49,2023-12-28T15:15:00+05:30,117.25,breakout_up,breakout_down,-1103.6,84.05,20.98,62.94,-1271.58,0.25
NSE:BANKNIFTY,LONG,2.0352009845898724,2023-12-27T09:30:00+05:30,47951.45,2023-12-29T09:15:00+05:30,48350.0,breakout_up,breakout_down,811.13,65.68,3.92,19.6,721.93,1.99
NSE:RELIANCE,LONG,145,2023-12-21T12:30:00+05:30,640.94,2023-12-29T09:15:00+05:30,646.64,breakout_up,breakout_down,826.5,270.53,18.67,56.01,481.29,7.86
NSE:INFY,LONG,60,2023-12-27T09:15:00+05:30,1556.5,2023-12-29T09:15:00+05:30,1550.15,breakout_up,breakout_down,-381.0,270.29,18.64,55.92,-725.85,2.0
NSE:NIFTY,LONG,4.973561257161665,2023-12-22T09:45:00+05:30,21340.75,2023-12-29T10:00:00+05:30,21683.3,breakout_up,breakout_down,1703.69,67.42,4.28,21.4,1610.59,7.01
NSE:SENSEX,LONG,1.4825238447538056,2023-12-21T15:15:00+05:30,70951.12,2023-12-29T10:00:00+05:30,72113.96,breakout_up,breakout_down,1723.94,67.25,4.24,21.21,1631.24,7.78
NSE:ICICIBANK,LONG,95,2023-12-28T15:00:00+05:30,1007.2,2023-12-29T10:15:00+05:30,999.05,breakout_up,breakout_down,-774.25,274.98,19.06,57.18,-1125.47,0.8
NSE:HCLTECH,LONG,65,2023-12-22T11:30:00+05:30,1450.4,2023-12-29T11:45:00+05:30,1459.55,breakout_up,breakout_down,594.75,273.27,18.91,56.74,245.82,7.01
NSE:ITC,LONG,190,2023-12-28T09:15:00+05:30,459.7,2023-12-29T15:00:00+05:30,462.15,breakout_up,breakout_down,465.5,257.73,17.52,52.55,137.71,1.24
NSE:ADANIGREEN,SHORT,70,2023-12-28T14:30:00+05:30,1570.3,2023-12-29T15:00:00+05:30,1599.0,breakout_down,breakout_up,-2009.0,309.81,22.19,66.56,-2407.55,1.02
NSE:WIPRO,LONG,880,2023-12-29T09:45:00+05:30,118.42,2024-01-01T09:15:00+05:30,117.4,breakout_up,breakout_down,-893.2,293.8,20.75,62.26,-1270.0,2.98
NSE:BHARTIARTL,LONG,100,2023-12-22T10:00:00+05:30,987.4,2024-01-01T09:15:00+05:30,1025.2,breakout_up,breakout_down,3780.0,286.49,20.13,60.38,3413.0,9.97
NSE:INFY,SHORT,60,2023-12-29T12:30:00+05:30,1540.85,2024-01-01T11:15:00+05:30,1549.05,breakout_down,breakout_up,-492.0,269.18,18.54,55.62,-835.34,2.95
NSE:TCS,SHORT,25,2023-12-28T14:15:00+05:30,3803.1,2024-01-01T14:00:00+05:30,3827.0,breakout_down,breakout_up,-597.5,275.14,19.08,57.23,-948.94,3.99
NSE:BANKNIFTY,SHORT,2.035854611284797,2023-12-29T09:30:00+05:30,48289.6,2024-01-01T14:15:00+05:30,48416.5,breakout_down,breakout_up,-258.35,65.71,3.94,19.69,-347.69,3.2
NSE:HDFCBANK,SHORT,195,2023-12-28T14:45:00+05:30,426.3,2024-01-01T14:15:00+05:30,426.17,breakout_down,breakout_up,26.32,247.85,16.62,49.87,-288.02,3.98
NSE:ICICIBANK,SHORT,95,2023-12-29T10:45:00+05:30,997.6,2024-01-01T14:15:00+05:30,1004.25,breakout_down,breakout_up,-631.75,274.51,19.02,57.05,-982.33,3.15
NSE:RELIANCE,SHORT,145,2023-12-29T09:45:00+05:30,645.17,2024-01-01T14:30:00+05:30,649.51,breakout_down,breakout_up,-629.3,271.79,18.77,56.32,-976.18,3.2
NSE:LT,SHORT,25,2023-12-29T10:30:00+05:30,3503.05,2024-01-01T14:45:00+05:30,3533.3,breakout_down,breakout_up,-756.25,258.66,17.59,52.77,-1085.27,3.18
NSE:SBIN,LONG,145,2023-12-27T10:15:00+05:30,646.0,2024-01-01T15:00:00+05:30,642.2,breakout_up,breakout_down,-551.0,270.74,18.68,56.04,-896.45,5.2
NSE:TATASTEEL,LONG,660,2023-12-22T09:15:00+05:30,133.1,2024-01-01T15:00:00+05:30,139.65,breakout_up,breakout_down,4323.0,262.84,18.0,54.0,3988.15,10.24
NSE:NIFTY,LONG,4.950427024232025,2024-01-01T13:45:00+05:30,21764.85,2024-01-01T15:15:00+05:30,21689.45,breakout_up,breakout_down,-373.26,67.42,4.3,21.51,-466.5,0.06
NSE:SENSEX,LONG,1.4773729175777799,2024-01-01T13:45:00+05:30,72299.34,2024-01-01T15:15:00+05:30,72078.53,breakout_up,breakout_down,-326.22,67.25,4.27,21.33,-419.07,0.06
NSE:HINDUNILVR,LONG,35,2023-12-21T13:45:00+05:30,2578.05,2024-01-02T09:15:00+05:30,2634.2,breakout_up,breakout_down,1965.25,265.7,18.24,54.73,1626.58,11.81
NSE:INFY,LONG,60,2024-01-01T13:15:00+05:30,1554.65,2024-01-02T09:45:00+05:30,1536.0,breakout_up,breakout_down,-1119.0,269.28,18.54,55.63,-1462.45,0.85
NSE:TCS,LONG,25,2024-01-01T14:30:00+05:30,3832.0,2024-01-02T10:15:00+05:30,3783.5,breakout_up,breakout_down,-1212.5,274.78,19.04,57.12,-1563.44,0.82
NSE:WIPRO,LONG,870,2024-01-01T11:15:00+05:30,118.44,2024-01-02T10:15:00+05:30,117.12,breakout_up,breakout_down,-1144.05,290.95,20.49,61.48,-1516.98,0.96
NSE:ADANIGREEN,LONG,65,2023-12-29T15:15:00+05:30,1603.0,2024-01-02T10:15:00+05:30,1583.2,breakout_up,breakout_down,-1287.0,293.36,20.71,62.13,-1663.21,3.79
NSE:ITC,LONG,185,2024-01-01T12:30:00+05:30,468.1,2024-01-02T10:30:00+05:30,464.4,breakout_up,breakout_down,-684.5,254.88,17.25,51.75,-1008.39,0.92
NSE:RELIANCE,LONG,145,2024-01-01T14:45:00+05:30,651.23,2024-01-02T11:00:00+05:30,644.62,breakout_up,breakout_down,-957.0,272.0,18.79,56.37,-1304.16,0.84
NSE:ADANIGREEN,SHORT,65,2024-01-02T10:30:00+05:30,1577.35,2024-01-02T14:45:00+05:30,1604.5,breakout_down,breakout_up,-1764.75,83.45,20.68,62.05,-1930.93,0.18
NSE:HCLTECH,LONG,65,2024-01-01T11:00:00+05:30,1470.0,2024-01-03T09:15:00+05:30,1449.5,breakout_up,breakout_down,-1332.5,274.1,18.98,56.93,-1682.51,1.93
NSE:BHARTIARTL,SHORT,100,2024-01-01T10:00:00+05:30,1020.9,2024-01-03T11:00:00+05:30,1033.4,breakout_down,breakout_up,-1250.0,291.5,20.54,61.63,-1623.67,2.04
NSE:SBIN,SHORT,145,2024-01-01T15:15:00+05:30,638.3,2024-01-03T11:30:00+05:30,646.8,breakout_down,breakout_up,-1232.5,270.29,18.63,55.9,-1577.32,1.84
NSE:LT,SHORT,25,2024-01-02T09:45:00+05:30,3483.95,2024-01-03T13:30:00+05:30,3453.55,breakout_down,breakout_up,760.0,255.8,17.34,52.03,434.82,1.16
NSE:RELIANCE,LONG,140,2024-01-02T15:00:00+05:30,653.05,2024-01-03T14:15:00+05:30,649.9,breakout_up,breakout_down,-441.0,265.87,18.24,54.72,-779.83,0.97
NSE:ICICIBANK,SHORT,95,2024-01-01T15:15:00+05:30,994.0,2024-01-03T14:30:00+05:30,986.7,breakout_down,breakout_up,693.5,272.17,18.82,56.45,346.06,1.97
NSE:TATACONSUM,LONG,80,2023-12-22T10:45:00+05:30,989.9,2024-01-03T14:45:00+05:30,1086.55,breakout_up,breakout_down,7732.0,247.14,16.61,49.83,7418.41,12.17
NSE:NIFTY,SHORT,4.958228526993767,2024-01-02T09:45:00+05:30,21636.8,2024-01-04T09:15:00+05:30,21619.65,breakout_down,breakout_up,85.03,67.39,4.29,21.45,-8.09,1.98
NSE:BANKNIFTY,SHORT,2.0318718383568464,2024-01-01T15:00:00+05:30,48213.65,2024-01-04T09:15:00+05:30,47846.15,breakout_down,breakout_up,746.71,65.6,3.9,19.52,657.69,2.76
NSE:SENSEX,SHORT,1.4804499221808278,2024-01-02T09:45:00+05:30,71866.85,2024-01-04T09:15:00+05:30,71730.59,breakout_down,breakout_up,201.73,67.21,4.25,21.26,109.0,1.98
NSE:INFY,SHORT,60,2024-01-02T10:30:00+05:30,1530.2,2024-01-04T09:15:00+05:30,1513.2,breakout_down,breakout_up,1020.0,265.97,18.26,54.78,680.99,1.95
NSE:TATACONSUM,SHORT,80,2024-01-03T15:00:00+05:30,1084.0,2024-01-04T09:15:00+05:30,1103.85,breakout_down,breakout_up,-1588.0,257.74,17.5,52.51,-1915.76,0.76
NSE:HDFCBANK,SHORT,195,2024-01-01T15:00:00+05:30,424.26,2024-01-04T10:00:00+05:30,421.52,breakout_down,breakout_up,534.3,246.36,16.49,49.48,221.97,2.79
NSE:HINDUNILVR,SHORT,35,2024-01-02T09:45:00+05:30,2633.0,2024-01-04T10:30:00+05:30,2617.95,breakout_down,breakout_up,526.75,267.32,18.38,55.13,185.92,2.03
NSE:BHARTIARTL,LONG,95,2024-01-03T12:45:00+05:30,1035.0,2024-01-04T11:15:00+05:30,1028.95,breakout_up,breakout_down,-574.75,281.06,19.61,58.82,-934.24,0.94
NSE:RELIANCE,SHORT,140,2024-01-03T14:30:00+05:30,649.16,2024-01-04T12:30:00+05:30,652.0,breakout_down,breakout_up,-396.9,265.58,18.22,54.65,-735.35,0.92
NSE:ITC,LONG,180,2024-01-03T09:15:00+05:30,474.75,2024-01-04T14:30:00+05:30,477.15,breakout_up,breakout_down,432.0,253.5,17.13,51.4,109.97,1.22
NSE:HINDUNILVR,LONG,35,2024-01-04T10:45:00+05:30,2622.05,2024-01-04T14:30:00+05:30,2603.05,breakout_up,breakout_down,-665.0,79.35,18.29,54.86,-817.51,0.16
NSE:TCS,SHORT,25,2024-01-02T11:30:00+05:30,3768.05,2024-01-05T09:15:00+05:30,3689.3,breakout_down,breakout_up,1968.75,270.15,18.64,55.93,1624.02,2.91
NSE:SBIN,SHORT,140,2024-01-04T09:45:00+05:30,639.7,2024-01-05T09:15:00+05:30,648.5,breakout_down,breakout_up,-1232.0,263.63,18.03,54.1,-1567.77,0.98
NSE:WIPRO,SHORT,875,2024-01-02T11:30:00+05:30,116.38,2024-01-05T09:15:00+05:30,114.74,breakout_down,breakout_up,1430.63,287.74,20.22,60.67,1061.99,2.91
NSE:HCLTECH,SHORT,65,2024-01-03T10:00:00+05:30,1439.95,2024-01-05T09:30:00+05:30,1433.1,breakout_down,breakout_up,445.25,270.62,18.67,56.02,99.93,1.98
NSE:TATASTEEL,SHORT,660,2024-01-02T09:45:00+05:30,139.15,2024-01-05T09:45:00+05:30,135.65,breakout_down,breakout_up,2310.0,264.5,18.14,54.41,1972.96,3.0
NSE:HINDUNILVR,SHORT,35,2024-01-04T14:45:00+05:30,2601.0,2024-01-05T12:00:00+05:30,2620.9,breakout_down,breakout_up,-696.5,266.28,18.28,54.83,-1035.88,0.89
NSE:BANKNIFTY,LONG,2.059173281084028,2024-01-04T09:30:00+05:30,47892.85,2024-01-05T13:30:00+05:30,48022.7,breakout_up,breakout_down,267.38,65.8,3.95,19.75,177.88,1.17
NSE:NIFTY,LONG,4.959070543087311,2024-01-04T10:00:00+05:30,21631.5,2024-01-05T14:00:00+05:30,21649.2,breakout_up,breakout_down,87.78,67.4,4.29,21.46,-5.38,1.17
NSE:ICICIBANK,LONG,95,2024-01-04T15:15:00+05:30,988.65,2024-01-05T14:00:00+05:30,986.6,breakout_up,breakout_down,-194.75,271.66,18.76,56.29,-541.47,0.95
NSE:SBIN,LONG,135,2024-01-05T10:15:00+05:30,650.65,2024-01-05T14:00:00+05:30,639.75,breakout_up,breakout_down,-1471.5,77.74,17.42,52.26,-1618.92,0.16
NSE:ADANIGREEN,LONG,60,2024-01-03T09:15:00+05:30,1687.0,2024-01-05T14:00:00+05:30,1680.3,breakout_up,breakout_down,-402.0,287.67,20.2,60.61,-770.49,2.2
NSE:WIPRO,LONG,890,2024-01-05T09:30:00+05:30,115.62,2024-01-05T14:15:00+05:30,113.75,breakout_up,breakout_down,-1668.75,82.99,20.41,61.24,-1833.4,0.2
NSE:BHARTIARTL,LONG,95,2024-01-04T15:00:00+05:30,1048.05,2024-01-05T14:15:00+05:30,1040.1,breakout_up,breakout_down,-755.25,283.63,19.84,59.51,-1118.22,0.97
NSE:RELIANCE,SHORT,140,2024-01-04T14:30:00+05:30,647.74,2024-01-08T09:15:00+05:30,655.83,breakout_down,breakout_up,-1131.9,266.01,18.25,54.75,-1470.91,3.78
NSE:TATASTEEL,SHORT,705,2024-01-05T14:15:00+05:30,133.1,2024-01-08T09:15:00+05:30,135.55,breakout_down,breakout_up,-1727.25,273.72,18.94,56.82,-2076.73,2.79
NSE:HINDUNILVR,LONG,35,2024-01-05T14:00:00+05:30,2626.1,2024-01-08T09:15:00+05:30,2597.0,breakout_up,breakout_down,-1018.5,266.35,18.28,54.84,-1357.97,2.8
NSE:TATACONSUM,LONG,75,2024-01-04T10:00:00+05:30,1107.95,2024-01-08T09:15:00+05:30,1115.8,breakout_up,breakout_down,588.75,248.42,16.68,50.03,273.62,3.97
NSE:SENSEX,LONG,1.4840638765986442,2024-01-04T10:00:00+05:30,71765.07,2024-01-08T11:00:00+05:30,71740.31,breakout_up,breakout_down,-36.75,67.24,4.26,21.3,-129.54,4.04
NSE:TCS,LONG,25,2024-01-05T09:30:00+05:30,3707.7,2024-01-08T11:00:00+05:30,3697.0,breakout_up,breakout_down,-267.5,268.86,18.51,55.54,-610.4,3.06
NSE:ADANIGREEN,SHORT,60,2024-01-05T14:15:00+05:30,1671.2,2024-01-08T13:00:00+05:30,1706.15,breakout_down,breakout_up,-2097.0,288.47,20.26,60.79,-2466.52,2.95
NSE:INFY,LONG,60,2024-01-04T15:00:00+05:30,1513.6,2024-01-08T13:30:00+05:30,1514.75,breakout_up,breakout_down,69.0,265.04,18.17,54.51,-268.72,3.94
NSE:ICICIBANK,LONG,95,2024-01-08T09:15:00+05:30,996.65,2024-01-08T14:00:00+05:30,989.9,breakout_up,breakout_down,-641.25,80.39,18.87,56.62,-797.13,0.2
NSE:BHARTIARTL,LONG,90,2024-01-08T09:15:00+05:30,1055.15,2024-01-08T14:30:00+05:30,1048.65,breakout_up,breakout_down,-585.0,80.5,18.93,56.8,-741.24,0.22
NSE:LT,LONG,25,2024-01-04T12:30:00+05:30,3467.75,2024-01-08T15:00:00+05:30,3491.2,breakout_up,breakout_down,586.25,256.41,17.4,52.19,260.25,4.1
NSE:TCS,SHORT,25,2024-01-08T12:45:00+05:30,3687.75,2024-01-09T09:15:00+05:30,3721.0,breakout_down,breakout_up,-831.25,269.01,18.52,55.57,-1174.35,0.85
NSE:HINDUNILVR,SHORT,35,2024-01-08T09:30:00+05:30,2585.4,2024-01-09T09:15:00+05:30,2587.45,breakout_down,breakout_up,-71.75,264.32,18.1,54.31,-408.49,0.99
NSE:WIPRO,SHORT,890,2024-01-08T10:45:00+05:30,113.25,2024-01-09T09:15:00+05:30,114.89,breakout_down,breakout_up,-1459.6,288.87,20.3,60.91,-1829.69,0.94
NSE:TATACONSUM,SHORT,75,2024-01-08T09:30:00+05:30,1108.15,2024-01-09T09:15:00+05:30,1117.3,breakout_down,breakout_up,-686.25,248.65,16.69,50.07,-1001.67,0.99
NSE:NIFTY,SHORT,4.956153335048832,2024-01-05T14:15:00+05:30,21643.15,2024-01-09T10:15:00+05:30,21686.35,breakout_down,breakout_up,-214.11,67.4,4.29,21.47,-307.27,3.83
NSE:SENSEX,SHORT,1.4872495611121699,2024-01-08T11:45:00+05:30,71524.51,2024-01-09T10:15:00+05:30,71915.74,breakout_down,breakout_up,-581.86,67.24,4.27,21.33,-674.7,0.94
NSE:BANKNIFTY,SHORT,2.0623531911638953,2024-01-05T14:00:00+05:30,47905.0,2024-01-09T10:30:00+05:30,47882.75,breakout_down,breakout_up,45.89,65.79,3.95,19.75,-43.61,3.85
NSE:HDFCBANK,SHORT,200,2024-01-05T11:30:00+05:30,418.82,2024-01-09T11:00:00+05:30,418.76,breakout_down,breakout_up,12.0,249.28,16.75,50.26,-304.29,3.98
NSE:TATASTEEL,SHORT,690,2024-01-08T12:15:00+05:30,132.85,2024-01-09T11:00:00+05:30,134.1,breakout_down,breakout_up,-862.5,267.88,18.42,55.26,-1204.06,0.95
NSE:RELIANCE,SHORT,140,2024-01-08T11:45:00+05:30,644.5,2024-01-09T12:45:00+05:30,651.34,breakout_down,breakout_up,-957.6,264.8,18.14,54.43,-1294.96,1.04
NSE:TCS,LONG,25,2024-01-09T09:45:00+05:30,3738.1,2024-01-09T14:00:00+05:30,3695.65,breakout_up,breakout_down,-1061.25,79.83,18.58,55.75,-1215.42,0.18
NSE:INFY,LONG,60,2024-01-09T09:15:00+05:30,1543.15,2024-01-09T14:00:00+05:30,1533.85,breakout_up,breakout_down,-558.0,79.67,18.46,55.39,-711.52,0.2
NSE:NIFTY,LONG,4.9272804403287545,2024-01-09T10:30:00+05:30,21707.8,2024-01-09T14:15:00+05:30,21559.35,breakout_up,breakout_down,-731.45,67.22,4.26,21.32,-824.26,0.16
NSE:BANKNIFTY,LONG,2.0616952084646876,2024-01-09T11:00:00+05:30,47899.2,2024-01-09T14:15:00+05:30,47311.25,breakout_up,breakout_down,-1212.17,65.61,3.93,19.63,-1301.34,0.14
NSE:SENSEX,LONG,1.4684226687116695,2024-01-09T10:30:00+05:30,71983.44,2024-01-09T14:15:00+05:30,71461.99,breakout_up,breakout_down,-765.71,66.98,4.21,21.06,-857.97,0.16
NSE:HCLTECH,LONG,65,2024-01-09T09:15:00+05:30,1458.7,2024-01-09T14:30:00+05:30,1458.95,breakout_up,breakout_down,16.25,80.62,18.96,56.89,-140.23,0.22
NSE:TATASTEEL,LONG,670,2024-01-09T12:15:00+05:30,134.5,2024-01-10T09:15:00+05:30,132.55,breakout_up,breakout_down,-1306.5,262.05,17.89,53.68,-1640.12,0.88
NSE:LT,LONG,25,2024-01-09T09:15:00+05:30,3544.0,2024-01-10T09:15:00+05:30,3527.9,breakout_up,breakout_down,-402.5,259.62,17.68,53.04,-732.84,1.0
NSE:ADANIGREEN,SHORT,60,2024-01-08T15:00:00+05:30,1670.5,2024-01-10T09:30:00+05:30,1717.0,breakout_down,breakout_up,-2790.0,289.2,20.33,60.97,-3160.5,1.77
NSE:HDFCBANK,SHORT,200,2024-01-09T14:15:00+05:30,413.15,2024-01-10T13:00:00+05:30,414.15,breakout_down,breakout_up,-200.0,247.01,16.55,49.64,-513.19,0.95
NSE:RELIANCE,SHORT,135,2024-01-09T14:15:00+05:30,646.65,2024-01-10T13:45:00+05:30,649.25,breakout_down,breakout_up,-351.0,257.56,17.49,52.48,-678.54,0.98
NSE:NIFTY,SHORT,4.924026618839906,2024-01-09T14:30:00+05:30,21555.25,2024-01-10T14:45:00+05:30,21605.75,breakout_down,breakout_up,-248.66,67.18,4.25,21.25,-341.35,1.01
NSE:SENSEX,SHORT,1.4676479665134412,2024-01-09T14:30:00+05:30,71438.6,2024-01-10T14:45:00+05:30,71627.04,breakout_down,breakout_up,-276.56,66.94,4.2,21.0,-368.7,1.01
NSE:ICICIBANK,SHORT,95,2024-01-08T14:15:00+05:30,984.45,2024-01-10T14:45:00+05:30,993.0,breakout_down,breakout_up,-812.25,271.94,18.79,56.36,-1159.34,2.02
NSE:TATACONSUM,SHORT,75,2024-01-10T10:15:00+05:30,1106.35,2024-01-10T14:45:00+05:30,1116.5,breakout_down,breakout_up,-761.25,76.5,16.67,50.01,-904.43,0.19
NSE:ITC,SHORT,180,2024-01-04T14:45:00+05:30,476.8,2024-01-10T15:00:00+05:30,463.3,breakout_down,breakout_up,2430.0,250.99,16.92,50.77,2111.33,6.01
NSE:WIPRO,SHORT,875,2024-01-09T14:00:00+05:30,113.22,2024-01-10T15:15:00+05:30,114.0,breakout_down,breakout_up,-678.13,284.12,19.88,59.65,-1041.77,1.05
NSE:BANKNIFTY,SHORT,2.062711556684387,2024-01-09T14:30:00+05:30,47246.6,2024-01-11T09:15:00+05:30,47622.7,breakout_down,breakout_up,-775.79,65.57,3.91,19.57,-864.84,1.78
NSE:SBIN,SHORT,140,2024-01-08T11:45:00+05:30,633.55,2024-01-11T09:15:00+05:30,626.05,breakout_down,breakout_up,1050.0,259.01,17.63,52.9,720.45,2.9
NSE:TCS,SHORT,25,2024-01-09T14:15:00+05:30,3689.2,2024-01-11T10:30:00+05:30,3751.05,breakout_down,breakout_up,-1546.25,269.94,18.6,55.8,-1890.59,1.84
NSE:LT,LONG,25,2024-01-11T09:15:00+05:30,3556.65,2024-01-11T12:00:00+05:30,3517.8,breakout_up,breakout_down,-971.25,78.26,17.69,53.06,-1120.26,0.11
NSE:HCLTECH,LONG,60,2024-01-10T10:15:00+05:30,1492.0,2024-01-11T12:45:00+05:30,1480.25,breakout_up,breakout_down,-705.0,261.35,17.83,53.5,-1037.69,1.1
NSE:NIFTY,LONG,4.8744417086159135,2024-01-11T09:15:00+05:30,21704.7,2024-01-11T14:00:00+05:30,21606.3,breakout_up,breakout_down,-479.65,67.04,4.22,21.11,-572.02,0.2
NSE:SENSEX,LONG,1.4522671076488824,2024-01-11T09:15:00+05:30,71942.08,2024-01-11T14:00:00+05:30,71577.99,breakout_up,breakout_down,-528.76,66.78,4.17,20.84,-620.55,0.2
NSE:HDFCBANK,LONG,200,2024-01-10T13:15:00+05:30,414.26,2024-01-11T14:00:00+05:30,411.42,breakout_up,breakout_down,-570.0,246.68,16.51,49.54,-882.73,1.03
NSE:BHARTIARTL,LONG,90,2024-01-09T12:30:00+05:30,1060.7,2024-01-11T14:00:00+05:30,1062.9,breakout_up,breakout_down,198.0,275.5,19.11,57.34,-153.95,2.06
NSE:ADANIGREEN,LONG,55,2024-01-10T10:15:00+05:30,1737.5,2024-01-11T15:00:00+05:30,1716.85,breakout_up,breakout_down,-1135.75,274.34,19.0,57.0,-1486.08,1.2
NSE:INFY,SHORT,60,2024-01-09T14:15:00+05:30,1530.05,2024-01-11T15:15:00+05:30,1520.1,breakout_down,breakout_up,597.0,266.45,18.3,54.9,257.35,2.04
NSE:WIPRO,SHORT,870,2024-01-11T13:15:00+05:30,112.74,2024-01-12T09:15:00+05:30,115.52,breakout_down,breakout_up,-2414.25,283.98,19.86,59.57,-2777.66,0.83
NSE:HCLTECH,SHORT,60,2024-01-11T14:00:00+05:30,1475.75,2024-01-12T09:15:00+05:30,1508.8,breakout_down,breakout_up,-1983.0,262.27,17.91,53.72,-2316.9,0.8
NSE:ADANIGREEN,SHORT,55,2024-01-11T15:15:00+05:30,1713.55,2024-01-12T09:30:00+05:30,1738.15,breakout_down,breakout_up,-1353.0,274.19,18.98,56.95,-1703.13,0.76
NSE:SBIN,SHORT,145,2024-01-11T14:00:00+05:30,619.55,2024-01-12T09:45:00+05:30,624.75,breakout_down,breakout_up,-754.0,263.68,18.04,54.13,-1089.85,0.82
NSE:BANKNIFTY,SHORT,2.042142565445207,2024-01-11T14:00:00+05:30,47300.25,2024-01-12T10:00:00+05:30,47629.6,breakout_down,breakout_up,-672.58,65.41,3.88,19.39,-761.25,0.83
NSE:BHARTIARTL,SHORT,90,2024-01-11T15:15:00+05:30,1060.0,2024-01-12T10:45:00+05:30,1068.45,breakout_down,breakout_up,-760.5,276.05,19.16,57.47,-1113.18,0.81
NSE:LT,SHORT,25,2024-01-11T14:00:00+05:30,3509.5,2024-01-12T12:30:00+05:30,3530.05,breakout_down,breakout_up,-513.75,258.73,17.6,52.8,-842.88,0.94
NSE:HINDUNILVR,SHORT,35,2024-01-10T11:15:00+05:30,2569.0,2024-01-12T13:30:00+05:30,2551.1,breakout_down,breakout_up,626.5,262.22,17.92,53.76,292.6,2.09
NSE:TATASTEEL,LONG,660,2024-01-10T14:00:00+05:30,134.5,2024-01-12T15:00:00+05:30,135.35,breakout_up,breakout_down,561.0,261.0,17.81,53.43,228.76,2.04
NSE:HDFCBANK,SHORT,200,2024-01-12T12:15:00+05:30,410.65,2024-01-15T09:15:00+05:30,414.93,breakout_down,breakout_up,-855.0,246.67,16.51,49.53,-1167.72,2.88
NSE:LT,LONG,25,2024-01-12T13:30:00+05:30,3543.2,2024-01-15T13:15:00+05:30,3544.65,breakout_up,breakout_down,36.25,260.03,17.72,53.16,-294.66,2.99
NSE:TCS,LONG,20,2024-01-12T09:15:00+05:30,3850.4,2024-01-16T09:15:00+05:30,3878.15,breakout_up,breakout_down,555.0,234.85,15.46,46.37,258.32,4.0
NSE:WIPRO,LONG,820,2024-01-12T09:30:00+05:30,116.45,2024-01-16T09:15:00+05:30,121.47,breakout_up,breakout_down,4112.3,279.61,19.51,58.53,3754.65,3.99
NSE:HCLTECH,LONG,60,2024-01-12T09:30:00+05:30,1526.7,2024-01-16T09:15:00+05:30,1556.8,breakout_up,breakout_down,1806.0,268.58,18.5,55.5,1463.41,3.99
NSE:HDFCBANK,LONG,195,2024-01-15T09:30:00+05:30,416.59,2024-01-16T09:30:00+05:30,415.52,breakout_up,breakout_down,-207.67,243.46,16.23,48.68,-516.04,1.0
NSE:SBIN,LONG,140,2024-01-12T10:00:00+05:30,625.85,2024-01-16T12:45:00+05:30,638.45,breakout_up,breakout_down,1764.0,259.69,17.7,53.1,1433.51,4.11
NSE:NIFTY,LONG,4.841752557579964,2024-01-12T09:15:00+05:30,21733.45,2024-01-16T13:00:00+05:30,22019.0,breakout_up,breakout_down,1382.56,67.21,4.24,21.18,1289.94,4.16
NSE:ITC,LONG,190,2024-01-10T15:15:00+05:30,463.5,2024-01-16T13:00:00+05:30,465.0,breakout_up,breakout_down,285.0,259.15,17.64,52.92,-44.71,5.91
NSE:RELIANCE,LONG,135,2024-01-10T14:30:00+05:30,655.0,2024-01-16T13:15:00+05:30,691.25,breakout_up,breakout_down,4893.75,264.72,18.17,54.52,4556.33,5.95
NSE:TATASTEEL,SHORT,660,2024-01-15T09:45:00+05:30,134.65,2024-01-16T13:45:00+05:30,136.65,breakout_down,breakout_up,-1320.0,262.2,17.91,53.72,-1653.83,1.17
NSE:TATACONSUM,LONG,70,2024-01-12T09:15:00+05:30,1149.9,2024-01-16T15:00:00+05:30,1143.55,breakout_up,breakout_down,-444.5,241.56,16.05,48.16,-750.28,4.24
NSE:INFY,LONG,60,2024-01-12T09:15:00+05:30,1580.9,2024-01-16T15:15:00+05:30,1625.0,breakout_up,breakout_down,2646.0,276.68,19.24,57.71,2292.38,4.25
NSE:HINDUNILVR,LONG,35,2024-01-15T13:45:00+05:30,2558.1,2024-01-16T15:15:00+05:30,2569.15,breakout_up,breakout_down,386.75,262.51,17.95,53.84,52.45,1.06
NSE:BANKNIFTY,LONG,2.0113349758556778,2024-01-12T10:15:00+05:30,47647.4,2024-01-17T09:15:00+05:30,46918.95,breakout_up,breakout_down,-1465.16,65.02,3.8,19.02,-1553.0,4.96
NSE:SENSEX,LONG,1.4418317888418395,2024-01-12T09:15:00+05:30,72033.66,2024-01-17T09:15:00+05:30,72205.6,breakout_up,breakout_down,247.91,66.78,4.16,20.8,156.17,5.0
NSE:HDFCBANK,LONG,190,2024-01-16T14:45:00+05:30,420.25,2024-01-17T09:15:00+05:30,394.46,breakout_up,breakout_down,-4899.15,235.51,15.48,46.44,-5196.58,0.77
NSE:ICICIBANK,LONG,90,2024-01-11T09:15:00+05:30,996.15,2024-01-17T09:15:00+05:30,996.3,breakout_up,breakout_down,13.5,262.39,17.93,53.8,-320.62,6.0
NSE:TCS,SHORT,20,2024-01-16T12:30:00+05:30,3866.4,2024-01-17T09:30:00+05:30,3896.55,breakout_down,breakout_up,-603.0,235.7,15.53,46.58,-900.81,0.88
NSE:HCLTECH,SHORT,60,2024-01-16T10:00:00+05:30,1541.7,2024-01-17T09:30:00+05:30,1564.05,breakout_down,breakout_up,-1341.0,270.3,18.63,55.9,-1685.84,0.98
NSE:WIPRO,SHORT,820,2024-01-16T12:45:00+05:30,120.6,2024-01-17T11:15:00+05:30,122.14,breakout_down,breakout_up,-1262.8,284.41,19.9,59.71,-1626.83,0.94
NSE:BHARTIARTL,LONG,90,2024-01-12T11:00:00+05:30,1068.5,2024-01-17T11:15:00+05:30,1085.45,breakout_up,breakout_down,1525.5,278.43,19.39,58.16,1169.52,5.01
NSE:TATASTEEL,LONG,635,2024-01-16T14:00:00+05:30,137.8,2024-01-17T11:30:00+05:30,133.95,breakout_up,breakout_down,-2444.75,255.07,17.26,51.77,-2768.84,0.9
NSE:ITC,LONG,185,2024-01-16T15:00:00+05:30,473.15,2024-01-17T14:30:00+05:30,466.0,breakout_up,breakout_down,-1322.75,256.3,17.37,52.12,-1648.54,0.98
NSE:HINDUNILVR,SHORT,35,2024-01-17T09:15:00+05:30,2547.1,2024-01-17T14:30:00+05:30,2561.1,breakout_down,breakout_up,-490.0,78.65,17.88,53.64,-640.17,0.22
NSE:HCLTECH,LONG,55,2024-01-17T11:00:00+05:30,1573.9,2024-01-18T09:15:00+05:30,1558.1,breakout_up,breakout_down,-869.0,254.61,17.23,51.68,-1192.52,0.93
NSE:BHARTIARTL,SHORT,90,2024-01-17T11:30:00+05:30,1084.7,2024-01-18T09:30:00+05:30,1094.8,breakout_down,breakout_up,-909.0,281.17,19.62,58.85,-1268.63,0.92
NSE:LT,LONG,25,2024-01-16T10:45:00+05:30,3585.15,2024-01-18T09:45:00+05:30,3537.85,breakout_up,breakout_down,-1182.5,261.1,17.81,53.42,-1514.83,1.96
NSE:SBIN,SHORT,140,2024-01-16T13:30:00+05:30,636.65,2024-01-18T11:15:00+05:30,631.85,breakout_down,breakout_up,672.0,260.42,17.76,53.28,340.54,1.91
NSE:WIPRO,SHORT,820,2024-01-18T09:15:00+05:30,118.42,2024-01-18T11:45:00+05:30,121.78,breakout_down,breakout_up,-2747.0,81.61,19.7,59.09,-2907.39,0.1
NSE:HCLTECH,SHORT,55,2024-01-18T09:30:00+05:30,1540.0,2024-01-18T11:45:00+05:30,1582.0,breakout_down,breakout_up,-2310.0,77.21,17.17,51.51,-2455.89,0.09
NSE:ICICIBANK,SHORT,90,2024-01-17T11:00:00+05:30,985.9,2024-01-18T12:00:00+05:30,991.5,breakout_down,breakout_up,-504.0,260.93,17.8,53.39,-836.11,1.04
NSE:TATACONSUM,SHORT,70,2024-01-17T09:15:00+05:30,1136.15,2024-01-18T13:45:00+05:30,1144.5,breakout_down,breakout_up,-584.5,240.58,15.96,47.89,-888.93,1.19
NSE:TCS,SHORT,20,2024-01-18T09:30:00+05:30,3866.25,2024-01-18T14:30:00+05:30,3899.2,breakout_down,breakout_up,-659.0,74.5,15.53,46.59,-795.62,0.21
NSE:RELIANCE,SHORT,135,2024-01-16T15:00:00+05:30,687.59,2024-01-18T14:45:00+05:30,684.19,breakout_down,breakout_up,459.0,268.88,18.52,55.56,116.04,1.99
NSE:INFY,SHORT,60,2024-01-18T09:15:00+05:30,1630.7,2024-01-18T15:15:00+05:30,1646.65,breakout_down,breakout_up,-957.0,81.75,19.66,58.99,-1117.4,0.25
NSE:NIFTY,SHORT,4.892261161097644,2024-01-17T09:15:00+05:30,21771.95,2024-01-19T09:15:00+05:30,21654.65,breakout_down,breakout_up,573.86,67.22,4.25,21.25,481.15,2.0
NSE:SENSEX,SHORT,1.4504375099858111,2024-01-17T12:45:00+05:30,71713.62,2024-01-19T09:15:00+05:30,71844.37,breakout_down,breakout_up,-189.64,66.78,4.16,20.82,-281.41,1.85
NSE:ITC,SHORT,185,2024-01-17T14:45:00+05:30,465.4,2024-01-19T09:15:00+05:30,470.0,breakout_down,breakout_up,-851.0,255.49,17.3,51.91,-1175.71,1.77
NSE:TATASTEEL,SHORT,630,2024-01-17T11:45:00+05:30,133.65,2024-01-19T09:15:00+05:30,132.45,breakout_down,breakout_up,756.0,249.36,16.76,50.29,439.58,1.9
NSE:BANKNIFTY,SHORT,2.0328761868504657,2024-01-17T11:30:00+05:30,46380.85,2024-01-19T10:15:00+05:30,46193.7,breakout_down,breakout_up,380.45,64.93,3.76,18.82,292.94,1.95
NSE:HCLTECH,LONG,55,2024-01-19T09:15:00+05:30,1586.7,2024-01-19T10:45:00+05:30,1560.0,breakout_up,breakout_down,-1468.5,77.54,17.31,51.92,-1615.27,0.06
NSE:BANKNIFTY,LONG,2.046511135394756,2024-01-19T10:30:00+05:30,46214.55,2024-01-19T14:00:00+05:30,45595.8,breakout_up,breakout_down,-1266.28,64.81,3.76,18.79,-1353.64,0.15
NSE:SBIN,LONG,140,2024-01-19T09:15:00+05:30,634.3,2024-01-19T14:00:00+05:30,625.4,breakout_up,breakout_down,-1246.0,78.14,17.64,52.91,-1394.69,0.2
NSE:HINDUNILVR,LONG,35,2024-01-17T14:45:00+05:30,2563.0,2024-01-20T09:15:00+05:30,2511.9,breakout_up,breakout_down,-1788.5,260.64,17.76,53.29,-2120.19,2.77
NSE:TCS,LONG,20,2024-01-18T15:00:00+05:30,3903.35,2024-01-20T10:45:00+05:30,3917.0,breakout_up,breakout_down,273.0,236.91,15.64,46.92,-26.48,1.82
NSE:INFY,LONG,55,2024-01-19T09:15:00+05:30,1661.35,2024-01-20T12:00:00+05:30,1652.4,breakout_up,breakout_down,-492.25,265.69,18.23,54.68,-830.85,1.11
NSE:SENSEX,LONG,1.4439092552368116,2024-01-20T09:15:00+05:30,71843.54,2024-01-20T12:30:00+05:30,71552.7,breakout_up,breakout_down,-419.95,66.66,4.14,20.71,-511.45,0.14
NSE:TATACONSUM,LONG,70,2024-01-18T15:00:00+05:30,1147.15,2024-01-20T13:30:00+05:30,1150.05,breakout_up,breakout_down,203.0,241.8,16.08,48.24,-103.13,1.94
NSE:ITC,LONG,180,2024-01-20T09:15:00+05:30,473.5,2024-01-20T14:00:00+05:30,469.8,breakout_up,breakout_down,-666.0,77.05,16.98,50.94,-810.97,0.2
NSE:RELIANCE,LONG,135,2024-01-19T09:15:00+05:30,685.05,2024-01-20T14:15:00+05:30,680.12,breakout_up,breakout_down,-666.22,267.98,18.43,55.29,-1007.92,1.21
NSE:ADANIGREEN,SHORT,55,2024-01-12T15:00:00+05:30,1708.0,2024-01-20T14:30:00+05:30,1667.35,breakout_down,breakout_up,2235.75,269.26,18.56,55.69,1892.24,7.98
NSE:NIFTY,LONG,4.935797370737979,2024-01-20T09:15:00+05:30,21677.1,2024-01-20T15:00:00+05:30,21578.2,breakout_up,breakout_down,-488.15,67.26,4.27,21.35,-581.03,0.24
NSE:LT,LONG,25,2024-01-18T11:45:00+05:30,3607.65,2024-01-20T15:00:00+05:30,3634.0,breakout_up,breakout_down,658.75,264.26,18.1,54.31,322.08,2.14
NSE:BHARTIARTL,LONG,85,2024-01-19T09:15:00+05:30,1099.15,2024-01-20T15:15:00+05:30,1122.1,breakout_up,breakout_down,1950.75,272.79,18.88,56.64,1602.44,1.25
NSE:SENSEX,SHORT,1.444484609678364,2024-01-20T15:00:00+05:30,71461.91,2024-01-23T09:15:00+05:30,71939.98,breakout_down,breakout_up,-690.56,66.65,4.14,20.71,-782.08,2.76
NSE:INFY,SHORT,55,2024-01-20T12:15:00+05:30,1650.9,2024-01-23T09:15:00+05:30,1661.95,breakout_down,breakout_up,-607.75,265.65,18.22,54.66,-946.28,2.88
NSE:TCS,SHORT,20,2024-01-20T11:00:00+05:30,3901.0,2024-01-23T09:30:00+05:30,3929.0,breakout_down,breakout_up,-560.0,237.19,15.66,46.98,-859.83,2.94
NSE:WIPRO,SHORT,795,2024-01-20T09:15:00+05:30,118.72,2024-01-23T09:30:00+05:30,121.42,breakout_down,breakout_up,-2146.5,275.43,19.09,57.27,-2498.29,3.01
NSE:TATASTEEL,LONG,635,2024-01-19T09:45:00+05:30,133.3,2024-01-23T10:15:00+05:30,133.2,breakout_up,breakout_down,-63.5,251.18,16.92,50.77,-382.38,4.02
NSE:NIFTY,LONG,4.900731205711335,2024-01-23T09:15:00+05:30,21714.0,2024-01-23T10:30:00+05:30,21541.3,breakout_up,breakout_down,-846.36,67.1,4.24,21.2,-938.9,0.05
NSE:SBIN,LONG,140,2024-01-20T14:15:00+05:30,633.15,2024-01-23T10:30:00+05:30,621.35,breakout_up,breakout_down,-1652.0,258.42,17.56,52.69,-1980.67,2.84
NSE:BANKNIFTY,LONG,2.0232800440391148,2024-01-20T13:00:00+05:30,46078.15,2024-01-23T11:30:00+05:30,45351.2,breakout_up,breakout_down,-1470.82,64.53,3.7,18.5,-1557.55,2.94
NSE:TATACONSUM,LONG,70,2024-01-23T09:45:00+05:30,1163.65,2024-01-23T12:15:00+05:30,1146.75,breakout_up,breakout_down,-1183.0,75.57,16.17,48.52,-1323.26,0.1
NSE:ICICIBANK,LONG,90,2024-01-18T12:15:00+05:30,993.55,2024-01-23T14:00:00+05:30,1023.8,breakout_up,breakout_down,2722.5,264.68,18.16,54.47,2385.19,5.07
NSE:INFY,LONG,55,2024-01-23T10:15:00+05:30,1671.7,2024-01-23T14:45:00+05:30,1651.0,breakout_up,breakout_down,-1138.5,79.28,18.27,54.82,-1290.88,0.19
NSE:BHARTIARTL,LONG,85,2024-01-23T09:15:00+05:30,1150.4,2024-01-24T09:15:00+05:30,1153.25,breakout_up,breakout_down,242.25,280.7,19.58,58.74,-116.78,1.0
NSE:BANKNIFTY,SHORT,2.0307552231993515,2024-01-23T12:00:00+05:30,45143.85,2024-01-24T10:15:00+05:30,45412.35,breakout_down,breakout_up,-545.26,64.48,3.68,18.39,-631.8,0.93
NSE:HDFCBANK,SHORT,195,2024-01-17T11:30:00+05:30,389.67,2024-01-24T10:15:00+05:30,361.39,breakout_down,breakout_up,5513.63,225.46,14.65,43.94,5229.58,6.95
NSE:HINDUNILVR,SHORT,35,2024-01-20T11:15:00+05:30,2479.05,2024-01-24T10:15:00+05:30,2423.8,breakout_down,breakout_up,1933.75,253.67,17.16,51.48,1611.44,3.96
NSE:LT,SHORT,25,2024-01-23T10:30:00+05:30,3617.95,2024-01-24T10:45:00+05:30,3614.5,breakout_down,breakout_up,86.25,264.05,18.08,54.24,-250.12,1.01
NSE:SBIN,SHORT,140,2024-01-23T11:30:00+05:30,619.3,2024-01-24T11:00:00+05:30,621.3,breakout_down,breakout_up,-280.0,256.15,17.37,52.11,-605.63,0.98
NSE:TATASTEEL,SHORT,635,2024-01-23T10:30:00+05:30,132.85,2024-01-24T11:00:00+05:30,133.05,breakout_down,breakout_up,-127.0,250.77,16.88,50.65,-445.3,1.02
NSE:TATACONSUM,SHORT,70,2024-01-23T12:30:00+05:30,1145.4,2024-01-24T13:45:00+05:30,1153.45,breakout_down,breakout_up,-563.5,241.99,16.09,48.28,-869.86,1.05
NSE:HCLTECH,SHORT,55,2024-01-20T14:00:00+05:30,1543.5,2024-01-24T14:00:00+05:30,1560.2,breakout_down,breakout_up,-918.5,252.89,17.07,51.21,-1239.67,4.0
NSE:RELIANCE,SHORT,135,2024-01-23T10:15:00+05:30,673.45,2024-01-24T14:15:00+05:30,668.87,breakout_down,breakout_up,618.98,264.45,18.12,54.36,282.04,1.17
NSE:NIFTY,SHORT,4.913684952714145,2024-01-23T11:30:00+05:30,21466.25,2024-01-24T14:30:00+05:30,21429.8,breakout_down,breakout_up,179.1,67.04,4.22,21.08,86.77,1.12
NSE:SENSEX,SHORT,1.4412738876335869,2024-01-23T11:30:00+05:30,71080.1,2024-01-24T14:30:00+05:30,70968.7,breakout_down,breakout_up,160.56,66.47,4.09,20.47,69.52,1.12
NSE:WIPRO,SHORT,775,2024-01-23T12:00:00+05:30,119.02,2024-01-24T14:30:00+05:30,119.2,breakout_down,breakout_up,-143.38,268.29,18.46,55.38,-485.51,1.1
NSE:INFY,SHORT,55,2024-01-23T15:00:00+05:30,1638.0,2024-01-24T14:45:00+05:30,1668.95,breakout_down,breakout_up,-1702.25,265.37,18.19,54.56,-2040.37,0.99
NSE:TCS,SHORT,20,2024-01-23T14:45:00+05:30,3859.95,2024-01-24T15:15:00+05:30,3859.4,breakout_down,breakout_up,11.0,234.69,15.44,46.32,-285.44,1.02
NSE:HDFCBANK,LONG,220,2024-01-24T14:30:00+05:30,363.88,2024-01-25T11:45:00+05:30,357.0,breakout_up,breakout_down,-1512.5,239.48,15.86,47.58,-1815.41,0.89
NSE:WIPRO,LONG,765,2024-01-24T14:45:00+05:30,119.3,2024-01-25T12:15:00+05:30,117.89,breakout_up,breakout_down,-1078.65,264.84,18.15,54.44,-1416.07,0.9
NSE:BHARTIARTL,LONG,80,2024-01-24T09:45:00+05:30,1163.3,2024-01-25T12:30:00+05:30,1169.7,breakout_up,breakout_down,512.0,270.49,18.66,55.99,166.85,1.11
NSE:SENSEX,LONG,1.4440884249114452,2024-01-24T14:45:00+05:30,70989.56,2024-01-25T12:45:00+05:30,70322.3,breakout_up,breakout_down,-963.58,66.35,4.08,20.41,-1054.42,0.92
NSE:HCLTECH,LONG,55,2024-01-24T14:15:00+05:30,1564.55,2024-01-25T12:45:00+05:30,1540.05,breakout_up,breakout_down,-1347.5,252.98,17.08,51.23,-1668.78,0.94
NSE:TATASTEEL,LONG,630,2024-01-24T13:00:00+05:30,133.3,2024-01-25T13:15:00+05:30,132.3,breakout_up,breakout_down,-630.0,249.12,16.73,50.2,-946.05,1.01
NSE:TATACONSUM,LONG,70,2024-01-24T14:00:00+05:30,1156.6,2024-01-25T13:30:00+05:30,1144.8,breakout_up,breakout_down,-826.0,242.21,16.11,48.33,-1132.65,0.98
NSE:HINDUNILVR,LONG,35,2024-01-24T14:30:00+05:30,2435.9,2024-01-25T14:15:00+05:30,2429.45,breakout_up,breakout_down,-225.75,252.37,17.03,51.09,-546.24,0.99
NSE:LT,LONG,25,2024-01-24T11:00:00+05:30,3616.55,2024-01-25T14:30:00+05:30,3570.2,breakout_up,breakout_down,-1158.75,262.87,17.97,53.9,-1493.49,1.15
NSE:BANKNIFTY,SHORT,2.048442419433477,2024-01-25T12:45:00+05:30,44446.55,2024-01-25T15:00:00+05:30,44872.45,breakout_down,breakout_up,-872.43,64.37,3.66,18.3,-958.76,0.09
NSE:ICICIBANK,SHORT,90,2024-01-24T11:15:00+05:30,1014.45,2024-01-25T15:00:00+05:30,1010.2,breakout_down,breakout_up,382.5,265.59,18.22,54.67,44.03,1.16
NSE:HDFCBANK,SHORT,220,2024-01-25T13:15:00+05:30,355.1,2024-01-25T15:15:00+05:30,360.25,breakout_down,breakout_up,-1133.0,74.81,15.74,47.21,-1270.76,0.08
NSE:SBIN,SHORT,140,2024-01-25T13:15:00+05:30,606.85,2024-01-29T09:15:00+05:30,618.75,breakout_down,breakout_up,-1666.0,253.92,17.16,51.48,-1988.56,3.83
NSE:HCLTECH,SHORT,50,2024-01-25T14:00:00+05:30,1537.05,2024-01-29T09:15:00+05:30,1570.0,breakout_down,breakout_up,-1647.5,235.89,15.54,46.61,-1945.53,3.8
NSE:ADANIGREEN,SHORT,60,2024-01-24T14:45:00+05:30,1640.0,2024-01-29T09:15:00+05:30,1722.55,breakout_down,breakout_up,-4953.0,287.69,20.18,60.53,-5321.4,4.77
NSE:INFY,LONG,50,2024-01-24T15:00:00+05:30,1677.95,2024-01-29T09:30:00+05:30,1657.15,breakout_up,breakout_down,-1040.0,248.51,16.68,50.03,-1355.21,4.77
NSE:BANKNIFTY,LONG,2.0025186123384624,2024-01-25T15:15:00+05:30,44988.5,2024-01-29T14:45:00+05:30,45270.45,breakout_up,breakout_down,564.61,64.24,3.61,18.07,478.68,3.98
NSE:ICICIBANK,LONG,90,2024-01-29T09:15:00+05:30,1021.25,2024-01-29T14:45:00+05:30,1012.55,breakout_up,breakout_down,-783.0,79.37,18.3,54.91,-935.59,0.23
NSE:HINDUNILVR,SHORT,35,2024-01-25T14:45:00+05:30,2420.95,2024-01-29T15:00:00+05:30,2446.0,breakout_down,breakout_up,-876.75,252.49,17.03,51.1,-1197.37,4.01
NSE:TCS,SHORT,20,2024-01-25T10:45:00+05:30,3784.5,2024-01-30T09:15:00+05:30,3816.0,breakout_down,breakout_up,-630.0,232.09,15.2,45.6,-922.9,4.94
NSE:INFY,SHORT,55,2024-01-29T11:00:00+05:30,1651.55,2024-01-30T09:15:00+05:30,1666.5,breakout_down,breakout_up,-822.25,265.98,18.25,54.75,-1161.23,0.93
NSE:ADANIGREEN,LONG,50,2024-01-29T13:15:00+05:30,1742.5,2024-01-30T09:15:00+05:30,1680.95,breakout_up,breakout_down,-3077.5,253.57,17.12,51.35,-3399.54,0.83
NSE:BHARTIARTL,SHORT,80,2024-01-25T12:45:00+05:30,1168.7,2024-01-30T09:15:00+05:30,1174.0,breakout_down,breakout_up,-424.0,271.42,18.74,56.22,-770.39,4.85
NSE:SENSEX,LONG,1.4340946868864024,2024-01-25T15:15:00+05:30,70751.21,2024-01-30T11:00:00+05:30,71635.42,breakout_up,breakout_down,1268.04,66.48,4.08,20.42,1177.06,4.82
NSE:HDFCBANK,LONG,215,2024-01-29T09:15:00+05:30,363.68,2024-01-30T11:00:00+05:30,361.12,breakout_up,breakout_down,-548.25,236.34,15.58,46.75,-846.92,1.07
NSE:WIPRO,SHORT,765,2024-01-25T12:45:00+05:30,117.5,2024-01-30T11:30:00+05:30,120.34,breakout_down,breakout_up,-2172.6,265.48,18.19,54.58,-2510.86,4.95
NSE:NIFTY,LONG,4.92465470555046,2024-01-24T14:45:00+05:30,21436.0,2024-01-30T14:15:00+05:30,21616.6,breakout_up,breakout_down,889.39,67.2,4.24,21.2,796.75,5.98
NSE:RELIANCE,LONG,135,2024-01-24T14:30:00+05:30,670.22,2024-01-30T14:15:00+05:30,710.27,breakout_up,breakout_down,5408.1,269.82,18.64,55.91,5063.73,5.99
NSE:TATASTEEL,LONG,610,2024-01-30T09:15:00+05:30,136.2,2024-01-30T14:15:00+05:30,135.45,breakout_up,breakout_down,-457.5,76.35,16.57,49.71,-600.13,0.21
NSE:BHARTIARTL,LONG,80,2024-01-30T09:30:00+05:30,1180.85,2024-01-30T14:15:00+05:30,1160.6,breakout_up,breakout_down,-1620.0,80.03,18.73,56.19,-1774.96,0.2
NSE:INFY,LONG,50,2024-01-30T10:00:00+05:30,1685.65,2024-01-30T14:30:00+05:30,1656.55,breakout_up,breakout_down,-1455.0,76.49,16.71,50.13,-1598.33,0.19
NSE:HCLTECH,LONG,50,2024-01-29T11:15:00+05:30,1584.15,2024-01-30T14:30:00+05:30,1573.4,breakout_up,breakout_down,-537.5,238.61,15.79,47.36,-839.26,1.14
NSE:LT,LONG,25,2024-01-29T09:15:00+05:30,3647.9,2024-01-30T14:30:00+05:30,3649.0,breakout_up,breakout_down,27.5,265.84,18.24,54.73,-311.31,1.22
NSE:HINDUNILVR,LONG,35,2024-01-30T09:15:00+05:30,2471.25,2024-01-30T14:45:00+05:30,2466.85,breakout_up,breakout_down,-154.0,77.64,17.28,51.85,-300.77,0.23
NSE:SBIN,LONG,135,2024-01-29T10:15:00+05:30,622.75,2024-01-31T09:15:00+05:30,623.95,breakout_up,breakout_down,162.0,250.14,16.83,50.49,-155.46,1.96
NSE:HDFCBANK,SHORT,210,2024-01-30T12:30:00+05:30,360.57,2024-01-31T09:30:00+05:30,363.56,breakout_down,breakout_up,-627.9,232.16,15.21,45.62,-920.89,0.88
NSE:ICICIBANK,SHORT,90,2024-01-31T09:15:00+05:30,1007.2,2024-01-31T09:45:00+05:30,1019.4,breakout_down,breakout_up,-1098.0,79.22,18.24,54.72,-1250.18,0.02
NSE:BANKNIFTY,SHORT,2.0038157122774543,2024-01-31T09:15:00+05:30,45197.55,2024-01-31T10:00:00+05:30,45824.45,breakout_down,breakout_up,-1256.19,64.3,3.65,18.24,-1342.38,0.03
NSE:SENSEX,SHORT,1.4364361470482954,2024-01-30T14:15:00+05:30,71452.86,2024-01-31T11:30:00+05:30,71744.68,breakout_down,breakout_up,-419.18,66.53,4.11,20.57,-510.4,0.89
NSE:NIFTY,SHORT,4.931780389880735,2024-01-30T14:30:00+05:30,21566.1,2024-01-31T11:45:00+05:30,21716.8,breakout_down,breakout_up,-743.22,67.25,4.27,21.35,-836.08,0.89
NSE:WIPRO,SHORT,735,2024-01-30T14:15:00+05:30,118.95,2024-01-31T13:15:00+05:30,119.06,breakout_down,breakout_up,-84.52,257.54,17.49,52.48,-412.04,0.96
NSE:HINDUNILVR,SHORT,35,2024-01-30T15:00:00+05:30,2460.0,2024-01-31T13:45:00+05:30,2467.0,breakout_down,breakout_up,-245.0,254.77,17.24,51.73,-568.75,0.95
NSE:HDFCBANK,LONG,205,2024-01-31T10:00:00+05:30,366.55,2024-01-31T15:00:00+05:30,365.49,breakout_up,breakout_down,-217.3,73.62,15.01,45.02,-350.95,0.21
NSE:BHARTIARTL,SHORT,80,2024-01-30T14:30:00+05:30,1156.6,2024-01-31T15:00:00+05:30,1172.65,breakout_down,breakout_up,-1284.0,270.29,18.63,55.9,-1628.83,1.02
NSE:TCS,SHORT,20,2024-01-30T14:30:00+05:30,3800.0,2024-02-01T09:15:00+05:30,3826.5,breakout_down,breakout_up,-530.0,232.67,15.25,45.76,-823.68,1.78
NSE:ITC,SHORT,180,2024-01-20T14:30:00+05:30,469.2,2024-02-01T09:15:00+05:30,443.95,breakout_down,breakout_up,4545.0,245.44,16.44,49.31,4233.82,11.78
NSE:ADANIGREEN,SHORT,50,2024-01-30T15:00:00+05:30,1680.8,2024-02-01T09:15:00+05:30,1698.85,breakout_down,breakout_up,-902.5,250.98,16.9,50.69,-1221.07,1.76
NSE:BANKNIFTY,LONG,1.9386799980522282,2024-01-31T10:30:00+05:30,46025.75,2024-02-01T09:30:00+05:30,45797.0,breakout_up,breakout_down,-443.47,63.93,3.56,17.8,-528.76,0.96
NSE:ICICIBANK,LONG,90,2024-01-31T10:00:00+05:30,1028.9,2024-02-01T09:30:00+05:30,1019.05,breakout_up,breakout_down,-886.5,268.01,18.43,55.29,-1228.24,0.98
NSE:INFY,SHORT,50,2024-01-30T14:45:00+05:30,1655.35,2024-02-01T09:30:00+05:30,1668.2,breakout_down,breakout_up,-642.5,247.84,16.62,49.85,-956.81,1.78
NSE:HCLTECH,SHORT,50,2024-01-30T14:45:00+05:30,1567.45,2024-02-01T09:45:00+05:30,1589.3,breakout_down,breakout_up,-1092.5,238.61,15.78,47.35,-1394.24,1.79
NSE:RELIANCE,SHORT,135,2024-01-30T14:30:00+05:30,707.83,2024-02-01T10:00:00+05:30,719.54,breakout_down,breakout_up,-1581.52,277.38,19.27,57.81,-1935.98,1.81
NSE:TATACONSUM,SHORT,70,2024-01-25T13:45:00+05:30,1143.7,2024-02-01T13:15:00+05:30,1134.15,breakout_down,breakout_up,668.5,240.26,15.94,47.83,364.46,6.98
NSE:HINDUNILVR,LONG,35,2024-01-31T14:00:00+05:30,2471.75,2024-02-01T14:30:00+05:30,2475.65,breakout_up,breakout_down,136.5,255.54,17.32,51.95,-188.3,1.02
NSE:TCS,LONG,20,2024-02-01T09:30:00+05:30,3864.45,2024-02-01T15:00:00+05:30,3848.15,breakout_up,breakout_down,-326.0,74.35,15.43,46.28,-462.05,0.23
NSE:INFY,LONG,50,2024-02-01T10:00:00+05:30,1672.1,2024-02-01T15:00:00+05:30,1655.2,breakout_up,breakout_down,-845.0,76.42,16.64,49.91,-987.97,0.21
NSE:TCS,SHORT,20,2024-02-01T15:15:00+05:30,3842.65,2024-02-02T09:15:00+05:30,3912.95,breakout_down,breakout_up,-1406.0,235.6,15.51,46.53,-1703.64,0.75
NSE:INFY,SHORT,50,2024-02-01T15:15:00+05:30,1655.0,2024-02-02T09:15:00+05:30,1688.7,breakout_down,breakout_up,-1685.0,249.04,16.72,50.16,-2000.91,0.75
NSE:TATASTEEL,SHORT,610,2024-01-30T14:30:00+05:30,135.15,2024-02-02T09:45:00+05:30,137.0,breakout_down,breakout_up,-1128.5,247.69,16.6,49.8,-1442.6,2.8
NSE:BHARTIARTL,SHORT,80,2024-02-01T10:30:00+05:30,1159.55,2024-02-02T10:45:00+05:30,1166.1,breakout_down,breakout_up,-524.0,269.92,18.61,55.82,-868.34,1.01
NSE:HDFCBANK,LONG,205,2024-02-02T09:15:00+05:30,369.12,2024-02-02T12:15:00+05:30,365.07,breakout_up,breakout_down,-830.25,73.63,15.05,45.15,-964.09,0.12
NSE:BHARTIARTL,LONG,75,2024-02-02T11:30:00+05:30,1172.75,2024-02-02T13:00:00+05:30,1147.6,breakout_up,breakout_down,-1886.25,77.66,17.4,52.21,-2033.52,0.06
NSE:ICICIBANK,LONG,85,2024-02-02T09:15:00+05:30,1047.0,2024-02-02T14:15:00+05:30,1028.5,breakout_up,breakout_down,-1572.5,78.12,17.64,52.93,-1721.18,0.21
NSE:ITC,LONG,200,2024-02-02T11:30:00+05:30,446.8,2024-02-02T14:30:00+05:30,440.1,breakout_up,breakout_down,-1340.0,78.31,17.74,53.21,-1489.26,0.12
NSE:BANKNIFTY,LONG,1.9198117191432067,2024-02-01T12:45:00+05:30,46203.5,2024-02-02T14:45:00+05:30,46081.65,breakout_up,breakout_down,-233.93,63.86,3.54,17.72,-319.05,1.08
NSE:SBIN,LONG,130,2024-01-31T11:15:00+05:30,634.0,2024-02-02T15:15:00+05:30,648.0,breakout_up,breakout_down,1820.0,248.19,16.67,50.0,1505.15,2.17
NSE:HCLTECH,LONG,50,2024-02-01T10:00:00+05:30,1595.15,2024-02-05T10:15:00+05:30,1574.45,breakout_up,breakout_down,-1035.0,239.31,15.85,47.54,-1337.71,4.01
NSE:TATACONSUM,LONG,70,2024-02-02T09:15:00+05:30,1140.7,2024-02-05T12:30:00+05:30,1150.1,breakout_up,breakout_down,658.0,241.27,16.04,48.11,352.59,3.14
NSE:NIFTY,LONG,4.809553350952516,2024-02-02T09:15:00+05:30,21940.85,2024-02-05T14:30:00+05:30,21776.6,breakout_up,breakout_down,-789.97,66.94,4.21,21.03,-882.14,3.22
NSE:SENSEX,LONG,1.417800601407,2024-02-01T10:45:00+05:30,72033.12,2024-02-05T14:30:00+05:30,71745.23,breakout_up,breakout_down,-408.17,66.36,4.08,20.38,-498.99,4.16
NSE:RELIANCE,LONG,130,2024-02-02T09:15:00+05:30,728.59,2024-02-05T14:30:00+05:30,723.4,breakout_up,breakout_down,-674.7,272.93,18.88,56.63,-1023.14,3.22
NSE:INFY,LONG,45,2024-02-02T09:45:00+05:30,1692.65,2024-02-05T14:30:00+05:30,1684.65,breakout_up,breakout_down,-360.0,232.04,15.2,45.59,-652.83,3.2
NSE:WIPRO,LONG,730,2024-01-31T15:00:00+05:30,119.52,2024-02-05T14:30:00+05:30,120.34,breakout_up,breakout_down,602.25,257.65,17.51,52.53,274.56,4.98
NSE:TCS,LONG,20,2024-02-02T09:45:00+05:30,3918.0,2024-02-05T14:45:00+05:30,3976.9,breakout_up,breakout_down,1178.0,238.5,15.79,47.37,876.34,3.21
NSE:TCS,SHORT,20,2024-02-05T15:00:00+05:30,3966.95,2024-02-06T09:15:00+05:30,4073.6,breakout_down,breakout_up,-2133.0,241.99,16.08,48.24,-2439.31,0.76
NSE:HCLTECH,SHORT,50,2024-02-05T14:30:00+05:30,1555.05,2024-02-06T09:15:00+05:30,1593.05,breakout_down,breakout_up,-1900.0,238.19,15.74,47.22,-2201.15,0.78
NSE:BHARTIARTL,SHORT,75,2024-02-05T10:00:00+05:30,1142.2,2024-02-06T09:15:00+05:30,1141.8,breakout_down,breakout_up,30.0,253.48,17.13,51.39,-292.0,0.97
NSE:ICICIBANK,SHORT,85,2024-02-02T14:45:00+05:30,1026.0,2024-02-06T09:45:00+05:30,1026.6,breakout_down,breakout_up,-51.0,257.01,17.45,52.34,-377.8,3.79
NSE:ADANIGREEN,SHORT,50,2024-02-01T13:30:00+05:30,1662.2,2024-02-06T09:45:00+05:30,1685.55,breakout_down,breakout_up,-1167.5,249.22,16.74,50.22,-1483.68,4.84
NSE:LT,SHORT,25,2024-01-30T14:45:00+05:30,3639.8,2024-02-06T10:30:00+05:30,3379.0,breakout_down,breakout_up,6520.0,257.63,17.55,52.64,6192.18,6.82
NSE:NIFTY,SHORT,4.8143955808256775,2024-02-05T14:45:00+05:30,21736.1,2024-02-06T14:30:00+05:30,21937.4,breakout_down,breakout_up,-969.14,66.93,4.21,21.03,-1061.3,0.99
NSE:SENSEX,SHORT,1.4190540084344023,2024-02-05T14:45:00+05:30,71618.91,2024-02-06T14:30:00+05:30,72221.11,breakout_down,breakout_up,-854.55,66.36,4.08,20.41,-945.41,0.99
NSE:SBIN,SHORT,130,2024-02-05T14:30:00+05:30,642.5,2024-02-06T14:30:00+05:30,647.8,breakout_down,breakout_up,-689.0,249.58,16.77,50.32,-1005.67,1.0
NSE:BANKNIFTY,SHORT,1.922902963012928,2024-02-02T15:00:00+05:30,45963.8,2024-02-07T09:15:00+05:30,45961.6,breakout_down,breakout_up,4.23,63.83,3.54,17.68,-80.81,4.76
NSE:RELIANCE,SHORT,130,2024-02-05T14:45:00+05:30,717.47,2024-02-07T09:15:00+05:30,718.67,breakout_down,breakout_up,-157.3,270.61,18.67,56.01,-502.58,1.77
NSE:ICICIBANK,LONG,85,2024-02-06T10:00:00+05:30,1028.05,2024-02-07T09:15:00+05:30,1021.65,breakout_up,breakout_down,-544.0,256.77,17.42,52.27,-870.46,0.97
NSE:INFY,LONG,45,2024-02-06T09:30:00+05:30,1710.6,2024-02-07T09:30:00+05:30,1709.7,breakout_up,breakout_down,-40.5,234.17,15.39,46.17,-336.23,1.0
NSE:SENSEX,LONG,1.3919854994165073,2024-02-07T09:15:00+05:30,72334.46,2024-02-07T11:30:00+05:30,72043.72,breakout_up,breakout_down,-404.71,66.09,4.02,20.1,-494.91,0.09
NSE:TCS,LONG,20,2024-02-06T09:30:00+05:30,4112.55,2024-02-07T11:30:00+05:30,4104.6,breakout_up,breakout_down,-159.0,245.76,16.43,49.3,-470.5,1.08
NSE:WIPRO,LONG,710,2024-02-06T09:15:00+05:30,122.74,2024-02-07T14:45:00+05:30,123.3,breakout_up,breakout_down,397.6,257.22,17.47,52.41,70.51,1.23
NSE:ICICIBANK,SHORT,85,2024-02-07T10:00:00+05:30,1019.0,2024-02-07T15:00:00+05:30,1024.85,breakout_down,breakout_up,-497.25,77.76,17.37,52.12,-644.5,0.21
NSE:LT,LONG,25,2024-02-06T10:45:00+05:30,3386.0,2024-02-07T15:00:00+05:30,3391.2,breakout_up,breakout_down,130.0,251.4,16.94,50.83,-189.17,1.18
NSE:SENSEX,SHORT,1.39231278011667,2024-02-07T11:45:00+05:30,71963.06,2024-02-08T09:15:00+05:30,72371.58,breakout_down,breakout_up,-568.79,66.08,4.02,20.1,-658.98,0.9
NSE:TCS,SHORT,20,2024-02-07T13:00:00+05:30,4084.85,2024-02-08T09:30:00+05:30,4128.9,breakout_down,breakout_up,-881.0,245.74,16.43,49.28,-1192.45,0.85
NSE:ADANIGREEN,LONG,50,2024-02-06T10:30:00+05:30,1697.3,2024-02-08T09:45:00+05:30,1829.65,breakout_up,breakout_down,6617.5,258.6,17.63,52.9,6288.37,1.97
NSE:NIFTY,LONG,4.71069991026999,2024-02-07T09:15:00+05:30,21989.95,2024-02-08T10:45:00+05:30,21830.05,breakout_up,breakout_down,-753.24,66.58,4.13,20.64,-844.6,1.06
NSE:BANKNIFTY,LONG,1.9231332391233613,2024-02-07T15:15:00+05:30,45916.4,2024-02-08T10:45:00+05:30,45636.5,breakout_up,breakout_down,-538.28,63.74,3.52,17.61,-623.15,0.81
NSE:TATASTEEL,LONG,590,2024-02-02T11:15:00+05:30,137.35,2024-02-08T11:00:00+05:30,143.5,breakout_up,breakout_down,3628.5,246.99,16.57,49.71,3315.23,5.99
NSE:HINDUNILVR,SHORT,35,2024-02-01T14:45:00+05:30,2473.1,2024-02-08T15:00:00+05:30,2418.7,breakout_down,breakout_up,1904.0,253.24,17.12,51.36,1582.27,7.01
NSE:BHARTIARTL,SHORT,80,2024-02-06T15:00:00+05:30,1131.8,2024-02-08T15:00:00+05:30,1142.9,breakout_down,breakout_up,-888.0,265.41,18.2,54.59,-1226.2,2.0
NSE:ICICIBANK,SHORT,85,2024-02-08T10:30:00+05:30,1011.25,2024-02-09T10:00:00+05:30,1003.0,breakout_down,breakout_up,701.25,253.33,17.12,51.36,379.43,0.98
NSE:ITC,SHORT,200,2024-02-05T14:30:00+05:30,437.65,2024-02-09T11:30:00+05:30,421.95,breakout_down,breakout_up,3140.0,253.94,17.19,51.58,2817.3,3.88
NSE:BANKNIFTY,SHORT,1.9311103842747435,2024-02-08T11:00:00+05:30,45405.0,2024-02-09T14:30:00+05:30,45626.6,breakout_down,breakout_up,-427.93,63.72,3.52,17.58,-512.75,1.15
NSE:INFY,SHORT,45,2024-02-07T10:15:00+05:30,1705.0,2024-02-12T09:15:00+05:30,1684.45,breakout_down,breakout_up,924.75,232.55,15.25,45.76,631.19,4.96
NSE:TATASTEEL,SHORT,595,2024-02-09T09:30:00+05:30,141.95,2024-02-12T09:15:00+05:30,142.4,breakout_down,breakout_up,-267.75,251.16,16.92,50.76,-586.58,2.99
NSE:HINDUNILVR,LONG,35,2024-02-09T10:30:00+05:30,2425.1,2024-02-12T09:15:00+05:30,2416.05,breakout_up,breakout_down,-316.75,251.44,16.94,50.83,-635.97,2.95
NSE:WIPRO,SHORT,715,2024-02-08T11:00:00+05:30,122.81,2024-02-12T09:15:00+05:30,125.12,breakout_down,breakout_up,-1651.65,260.25,17.73,53.18,-1982.81,3.93
NSE:RELIANCE,LONG,130,2024-02-07T10:00:00+05:30,722.58,2024-02-12T09:30:00+05:30,722.42,breakout_up,breakout_down,-19.5,271.88,18.79,56.35,-366.52,4.98
NSE:ICICIBANK,LONG,85,2024-02-09T10:30:00+05:30,1004.9,2024-02-12T10:15:00+05:30,1000.8,breakout_up,breakout_down,-348.5,252.6,17.05,51.15,-669.3,2.99
NSE:SBIN,LONG,130,2024-02-06T15:00:00+05:30,649.3,2024-02-12T13:45:00+05:30,707.9,breakout_up,breakout_down,7618.0,258.62,17.64,52.93,7288.81,5.95
NSE:ADANIGREEN,LONG,50,2024-02-09T09:15:00+05:30,1878.8,2024-02-12T15:00:00+05:30,1840.35,breakout_up,breakout_down,-1922.5,269.91,18.6,55.79,-2266.8,3.24
NSE:ICICIBANK,SHORT,85,2024-02-12T12:00:00+05:30,996.0,2024-02-13T09:15:00+05:30,1009.15,breakout_down,breakout_up,-1117.75,252.61,17.04,51.13,-1438.53,0.89
NSE:TCS,LONG,20,2024-02-08T09:45:00+05:30,4135.95,2024-02-13T09:15:00+05:30,4098.25,breakout_up,breakout_down,-754.0,246.19,16.47,49.41,-1066.06,4.98
NSE:WIPRO,LONG,675,2024-02-12T10:45:00+05:30,126.49,2024-02-13T09:15:00+05:30,123.74,breakout_up,breakout_down,-1856.25,250.96,16.89,50.67,-2174.77,0.94
NSE:BANKNIFTY,SHORT,1.9279061074082913,2024-02-12T10:15:00+05:30,45215.3,2024-02-13T10:00:00+05:30,45402.5,breakout_down,breakout_up,-360.9,63.62,3.49,17.47,-445.49,0.99
NSE:SENSEX,SHORT,1.386316666285514,2024-02-08T10:45:00+05:30,71800.39,2024-02-13T10:00:00+05:30,71494.95,breakout_down,breakout_up,423.44,65.91,3.97,19.87,333.68,4.97
NSE:LT,SHORT,25,2024-02-08T09:30:00+05:30,3388.2,2024-02-13T10:00:00+05:30,3320.9,breakout_down,breakout_up,1682.5,249.39,16.77,50.32,1366.02,5.02
NSE:SBIN,SHORT,130,2024-02-13T09:15:00+05:30,703.85,2024-02-13T10:30:00+05:30,717.35,breakout_down,breakout_up,-1755.0,79.57,18.48,55.43,-1908.47,0.05
NSE:HCLTECH,LONG,45,2024-02-06T09:30:00+05:30,1598.1,2024-02-13T10:30:00+05:30,1654.1,breakout_up,breakout_down,2520.0,225.57,14.63,43.9,2235.89,7.04
NSE:NIFTY,SHORT,4.726778600109349,2024-02-08T11:00:00+05:30,21737.0,2024-02-13T10:45:00+05:30,21728.15,breakout_down,breakout_up,41.83,66.53,4.11,20.55,-49.36,4.99
NSE:HDFCBANK,SHORT,205,2024-02-02T13:00:00+05:30,363.68,2024-02-13T11:00:00+05:30,349.59,breakout_down,breakout_up,2887.43,225.4,14.62,43.87,2603.54,10.92
NSE:TATACONSUM,SHORT,70,2024-02-05T14:45:00+05:30,1148.05,2024-02-13T11:45:00+05:30,1134.85,breakout_down,breakout_up,924.0,240.64,15.98,47.94,619.44,7.88
NSE:INFY,SHORT,50,2024-02-13T09:15:00+05:30,1671.35,2024-02-13T14:15:00+05:30,1682.85,breakout_down,breakout_up,-575.0,76.69,16.77,50.31,-718.78,0.21
NSE:ADANIGREEN,SHORT,50,2024-02-13T09:15:00+05:30,1758.45,2024-02-13T15:00:00+05:30,1817.95,breakout_down,breakout_up,-2975.0,78.39,17.88,53.65,-3124.91,0.24
NSE:NIFTY,LONG,4.718577775454765,2024-02-13T11:00:00+05:30,21764.35,2024-02-14T09:15:00+05:30,21563.8,breakout_up,breakout_down,-946.31,66.39,4.09,20.44,-1037.23,0.93
NSE:BANKNIFTY,LONG,1.9014196541890194,2024-02-13T13:30:00+05:30,45611.55,2024-02-14T09:15:00+05:30,44940.1,breakout_up,breakout_down,-1276.71,63.33,3.44,17.22,-1360.7,0.82
NSE:SENSEX,LONG,1.3943139624552483,2024-02-13T11:00:00+05:30,71627.17,2024-02-14T09:15:00+05:30,70914.84,breakout_up,breakout_down,-993.21,65.85,3.97,19.87,-1082.91,0.93
NSE:HDFCBANK,LONG,220,2024-02-13T13:30:00+05:30,349.95,2024-02-14T09:15:00+05:30,342.46,breakout_up,breakout_down,-1646.7,232.53,15.23,45.7,-1940.16,0.82
NSE:TCS,LONG,20,2024-02-13T14:15:00+05:30,4161.7,2024-02-14T09:15:00+05:30,4096.2,breakout_up,breakout_down,-1310.0,246.76,16.52,49.55,-1622.82,0.79
NSE:INFY,LONG,45,2024-02-13T15:00:00+05:30,1688.3,2024-02-14T09:15:00+05:30,1646.0,breakout_up,breakout_down,-1903.5,230.01,15.0,45.01,-2193.52,0.76
NSE:LT,LONG,30,2024-02-13T10:30:00+05:30,3327.25,2024-02-14T09:15:00+05:30,3272.8,breakout_up,breakout_down,-1633.5,283.28,19.8,59.4,-1995.98,0.95
NSE:TATACONSUM,LONG,70,2024-02-13T13:15:00+05:30,1138.1,2024-02-14T09:45:00+05:30,1125.0,breakout_up,breakout_down,-917.0,239.24,15.84,47.53,-1219.6,0.85
NSE:ITC,SHORT,220,2024-02-12T09:30:00+05:30,411.4,2024-02-14T10:00:00+05:30,408.75,breakout_down,breakout_up,583.0,263.59,18.04,54.13,247.24,2.02
NSE:TATASTEEL,SHORT,600,2024-02-12T10:00:00+05:30,139.85,2024-02-14T10:45:00+05:30,138.5,breakout_down,breakout_up,810.0,248.66,16.7,50.1,494.54,2.03
NSE:BHARTIARTL,SHORT,80,2024-02-13T09:15:00+05:30,1106.5,2024-02-14T14:15:00+05:30,1113.65,breakout_down,breakout_up,-572.0,260.54,17.76,53.28,-903.58,1.21
NSE:HDFCBANK,SHORT,220,2024-02-14T09:30:00+05:30,342.1,2024-02-14T14:30:00+05:30,346.31,breakout_down,breakout_up,-927.3,73.79,15.15,45.44,-1061.67,0.21
NSE:HCLTECH,SHORT,45,2024-02-14T09:15:00+05:30,1644.0,2024-02-14T14:30:00+05:30,1661.3,breakout_down,breakout_up,-778.5,73.33,14.87,44.62,-911.32,0.22
NSE:HINDUNILVR,SHORT,35,2024-02-12T10:00:00+05:30,2410.55,2024-02-14T15:00:00+05:30,2387.0,breakout_down,breakout_up,824.25,249.66,16.79,50.37,507.43,2.21
NSE:TATACONSUM,SHORT,70,2024-02-14T10:15:00+05:30,1121.4,2024-02-14T15:15:00+05:30,1139.0,breakout_down,breakout_up,-1232.0,74.95,15.82,47.47,-1370.24,0.21
NSE:ICICIBANK,LONG,85,2024-02-13T09:30:00+05:30,1009.8,2024-02-15T09:15:00+05:30,1015.4,breakout_up,breakout_down,476.0,254.38,17.21,51.64,152.76,1.99
NSE:HINDUNILVR,LONG,35,2024-02-14T15:15:00+05:30,2389.3,2024-02-15T11:00:00+05:30,2364.0,breakout_up,breakout_down,-885.5,248.07,16.64,49.91,-1200.11,0.82
NSE:RELIANCE,LONG,125,2024-02-13T11:00:00+05:30,738.5,2024-02-15T11:45:00+05:30,734.57,breakout_up,breakout_down,-491.87,267.78,18.41,55.24,-833.31,2.03
NSE:ITC,LONG,220,2024-02-14T10:15:00+05:30,409.15,2024-02-15T12:30:00+05:30,406.95,breakout_up,breakout_down,-484.0,262.68,17.95,53.86,-818.49,1.09
NSE:TATASTEEL,LONG,605,2024-02-14T12:15:00+05:30,139.15,2024-02-15T15:00:00+05:30,141.15,breakout_up,breakout_down,1210.0,251.48,16.96,50.87,890.68,1.11
NSE:ICICIBANK,SHORT,85,2024-02-15T09:30:00+05:30,1010.15,2024-02-15T15:15:00+05:30,1019.1,breakout_down,breakout_up,-760.75,77.51,17.25,51.75,-907.26,0.24
NSE:HINDUNILVR,SHORT,35,2024-02-15T12:45:00+05:30,2361.05,2024-02-16T09:45:00+05:30,2372.75,breakout_down,breakout_up,-409.5,247.27,16.57,49.7,-723.05,0.88
NSE:ITC,SHORT,220,2024-02-15T12:45:00+05:30,405.65,2024-02-16T12:00:00+05:30,407.6,breakout_down,breakout_up,-429.0,261.98,17.89,53.67,-762.54,0.97
NSE:ADANIGREEN,LONG,45,2024-02-14T09:15:00+05:30,1846.55,2024-02-16T14:30:00+05:30,1894.75,breakout_up,breakout_down,2169.0,250.05,16.84,50.51,1851.6,2.22
NSE:SBIN,LONG,125,2024-02-14T10:15:00+05:30,715.3,2024-02-16T14:45:00+05:30,755.3,breakout_up,breakout_down,5000.0,267.03,18.38,55.15,4659.44,2.19
NSE:TATASTEEL,LONG,595,2024-02-16T10:15:00+05:30,143.1,2024-02-16T15:00:00+05:30,142.3,breakout_up,breakout_down,-476.0,77.07,16.98,50.94,-621.0,0.2
NSE:TCS,LONG,20,2024-02-14T14:15:00+05:30,4102.25,2024-02-19T09:15:00+05:30,4080.8,breakout_up,breakout_down,-429.0,245.03,16.37,49.1,-739.49,4.79
NSE:INFY,LONG,45,2024-02-14T14:45:00+05:30,1661.5,2024-02-19T09:30:00+05:30,1692.45,breakout_up,breakout_down,1392.75,230.74,15.09,45.28,1101.64,4.78
NSE:LT,LONG,30,2024-02-14T15:15:00+05:30,3312.9,2024-02-19T10:00:00+05:30,3352.05,breakout_up,breakout_down,1174.5,285.23,19.99,59.98,809.29,4.78
NSE:RELIANCE,SHORT,125,2024-02-16T12:00:00+05:30,732.0,2024-02-19T13:30:00+05:30,735.05,breakout_down,breakout_up,-381.25,266.94,18.34,55.01,-721.54,3.06
NSE:ITC,LONG,215,2024-02-19T09:30:00+05:30,411.35,2024-02-19T14:45:00+05:30,409.3,breakout_up,breakout_down,-440.75,78.24,17.64,52.93,-589.57,0.22
NSE:HDFCBANK,LONG,215,2024-02-14T14:45:00+05:30,347.3,2024-02-19T15:00:00+05:30,354.19,breakout_up,breakout_down,1481.35,230.61,15.08,45.25,1190.41,5.01
NSE:WIPRO,LONG,655,2024-02-13T14:15:00+05:30,127.27,2024-02-19T15:00:00+05:30,133.81,breakout_up,breakout_down,4290.25,252.84,17.1,51.3,3969.01,6.03
NSE:BANKNIFTY,LONG,1.8711985203285857,2024-02-14T12:45:00+05:30,45623.2,2024-02-20T09:15:00+05:30,46419.3,breakout_up,breakout_down,1489.66,63.48,3.44,17.22,1405.51,5.85
NSE:HINDUNILVR,LONG,35,2024-02-16T15:00:00+05:30,2375.0,2024-02-20T09:15:00+05:30,2381.2,breakout_up,breakout_down,217.0,248.1,16.65,49.94,-97.68,3.76
NSE:HCLTECH,LONG,45,2024-02-14T15:00:00+05:30,1668.8,2024-02-20T09:15:00+05:30,1663.7,breakout_up,breakout_down,-229.5,229.79,15.0,44.99,-519.27,5.76
NSE:TATACONSUM,LONG,65,2024-02-15T09:15:00+05:30,1141.25,2024-02-20T09:30:00+05:30,1148.55,breakout_up,breakout_down,474.5,228.49,14.88,44.65,186.48,5.01
NSE:INFY,SHORT,45,2024-02-20T09:15:00+05:30,1692.5,2024-02-20T15:00:00+05:30,1687.4,breakout_down,breakout_up,229.5,74.03,15.21,45.63,94.63,0.24
NSE:HCLTECH,SHORT,45,2024-02-20T09:30:00+05:30,1657.2,2024-02-20T15:00:00+05:30,1664.05,breakout_down,breakout_up,-308.25,73.5,14.95,44.84,-441.54,0.23
NSE:LT,SHORT,30,2024-02-19T15:00:00+05:30,3338.1,2024-02-20T15:00:00+05:30,3358.5,breakout_down,breakout_up,-612.0,286.42,20.09,60.27,-978.78,1.0
NSE:INFY,LONG,45,2024-02-20T15:15:00+05:30,1688.8,2024-02-21T09:15:00+05:30,1664.85,breakout_up,breakout_down,-1077.75,230.91,15.09,45.27,-1369.03,0.75
NSE:TATASTEEL,SHORT,595,2024-02-19T09:15:00+05:30,141.75,2024-02-21T09:15:00+05:30,142.9,breakout_down,breakout_up,-684.25,251.39,16.94,50.81,-1003.38,2.0
NSE:ADANIGREEN,LONG,45,2024-02-19T09:15:00+05:30,1934.65,2024-02-21T09:15:00+05:30,1920.0,breakout_up,breakout_down,-659.25,255.93,17.35,52.04,-984.57,2.0
NSE:ITC,SHORT,215,2024-02-19T15:00:00+05:30,409.0,2024-02-21T09:45:00+05:30,408.55,breakout_down,breakout_up,96.75,258.45,17.58,52.73,-232.01,1.78
NSE:TATACONSUM,SHORT,65,2024-02-20T09:45:00+05:30,1141.85,2024-02-21T11:45:00+05:30,1164.0,breakout_down,breakout_up,-1439.75,229.79,14.99,44.96,-1729.49,1.08
NSE:LT,LONG,25,2024-02-20T15:15:00+05:30,3362.5,2024-02-21T11:45:00+05:30,3324.95,breakout_up,breakout_down,-938.75,248.98,16.72,50.16,-1254.61,0.85
NSE:NIFTY,LONG,4.680827046240838,2024-02-14T14:00:00+05:30,21718.95,2024-02-21T13:45:00+05:30,22151.6,breakout_up,breakout_down,2025.16,66.63,4.11,20.54,1933.89,6.99
NSE:SENSEX,LONG,1.382953337679132,2024-02-14T14:00:00+05:30,71434.87,2024-02-21T13:45:00+05:30,72900.85,breakout_up,breakout_down,2027.38,66.09,3.99,19.96,1937.34,6.99
NSE:ITC,LONG,215,2024-02-21T10:00:00+05:30,409.5,2024-02-21T13:45:00+05:30,404.65,breakout_up,breakout_down,-1042.75,77.93,17.5,52.51,-1190.7,0.16
NSE:HDFCBANK,LONG,210,2024-02-20T09:30:00+05:30,357.42,2024-02-21T14:00:00+05:30,360.31,breakout_up,breakout_down,609.0,230.57,15.07,45.22,318.14,1.19
NSE:BHARTIARTL,LONG,75,2024-02-14T14:30:00+05:30,1115.95,2024-02-21T14:00:00+05:30,1139.45,breakout_up,breakout_down,1762.5,250.97,16.92,50.75,1443.87,6.98
NSE:RELIANCE,LONG,125,2024-02-19T14:15:00+05:30,739.02,2024-02-21T14:15:00+05:30,733.38,breakout_up,breakout_down,-706.25,267.7,18.41,55.21,-1047.57,2.0
NSE:TATASTEEL,LONG,580,2024-02-21T09:30:00+05:30,144.5,2024-02-21T14:30:00+05:30,143.6,breakout_up,breakout_down,-522.0,76.59,16.71,50.13,-665.43,0.21
NSE:ADANIGREEN,LONG,45,2024-02-21T09:30:00+05:30,1951.7,2024-02-21T14:30:00+05:30,1893.7,breakout_up,breakout_down,-2610.0,77.41,17.3,51.91,-2756.62,0.21
NSE:ICICIBANK,LONG,80,2024-02-16T09:15:00+05:30,1022.85,2024-02-21T15:00:00+05:30,1052.3,breakout_up,breakout_down,2356.0,247.43,16.6,49.8,2042.17,5.24
NSE:BANKNIFTY,LONG,1.8510633256727789,2024-02-20T10:00:00+05:30,46876.5,2024-02-22T09:15:00+05:30,46872.0,breakout_up,breakout_down,-8.33,63.53,3.47,17.35,-92.68,1.97
NSE:HINDUNILVR,LONG,35,2024-02-20T15:00:00+05:30,2404.95,2024-02-22T09:15:00+05:30,2388.0,breakout_up,breakout_down,-593.25,249.59,16.78,50.33,-909.94,1.76
NSE:HCLTECH,SHORT,45,2024-02-21T10:15:00+05:30,1646.0,2024-02-22T09:15:00+05:30,1661.5,breakout_down,breakout_up,-697.5,228.57,14.88,44.65,-985.61,0.96
NSE:TATACONSUM,LONG,65,2024-02-21T12:00:00+05:30,1168.7,2024-02-22T09:45:00+05:30,1150.05,breakout_up,breakout_down,-1212.25,230.7,15.07,45.22,-1503.24,0.91
NSE:SBIN,LONG,120,2024-02-19T14:15:00+05:30,764.8,2024-02-22T10:45:00+05:30,762.05,breakout_up,breakout_down,-330.0,266.76,18.32,54.97,-670.04,2.85
NSE:ITC,SHORT,215,2024-02-21T14:00:00+05:30,404.05,2024-02-22T11:30:00+05:30,407.7,breakout_down,breakout_up,-784.75,257.13,17.45,52.36,-1111.69,0.9
NSE:RELIANCE,SHORT,125,2024-02-21T14:30:00+05:30,732.0,2024-02-22T13:45:00+05:30,737.37,breakout_down,breakout_up,-670.63,267.28,18.37,55.1,-1011.37,0.97
NSE:ICICIBANK,SHORT,80,2024-02-21T15:15:00+05:30,1049.6,2024-02-22T13:45:00+05:30,1059.5,breakout_down,breakout_up,-792.0,250.68,16.87,50.62,-1110.18,0.94
NSE:LT,SHORT,25,2024-02-21T13:15:00+05:30,3319.4,2024-02-22T13:45:00+05:30,3336.6,breakout_down,breakout_up,-430.0,248.07,16.64,49.92,-744.63,1.02
NSE:BHARTIARTL,SHORT,75,2024-02-21T14:30:00+05:30,1134.45,2024-02-22T14:15:00+05:30,1131.5,breakout_down,breakout_up,221.25,251.96,16.99,50.98,-98.69,0.99
NSE:INFY,SHORT,45,2024-02-21T11:15:00+05:30,1658.95,2024-02-22T14:30:00+05:30,1668.75,breakout_down,breakout_up,-441.0,229.57,14.97,44.92,-730.46,1.14
NSE:NIFTY,SHORT,4.684725277444462,2024-02-21T14:00:00+05:30,22112.45,2024-02-22T14:45:00+05:30,22180.0,breakout_down,breakout_up,-316.45,66.71,4.15,20.75,-408.06,1.03
NSE:SENSEX,SHORT,1.383669032922597,2024-02-21T14:00:00+05:30,72793.88,2024-02-22T14:45:00+05:30,73018.76,breakout_down,breakout_up,-311.16,66.17,4.04,20.18,-401.54,1.03
NSE:TCS,SHORT,20,2024-02-19T09:30:00+05:30,4068.05,2024-02-22T14:45:00+05:30,4070.85,breakout_down,breakout_up,-56.0,244.02,16.28,48.83,-365.13,3.22
NSE:HINDUNILVR,SHORT,35,2024-02-22T09:45:00+05:30,2380.15,2024-02-22T14:45:00+05:30,2399.7,breakout_down,breakout_up,-684.25,76.61,16.73,50.19,-827.77,0.21
NSE:WIPRO,SHORT,660,2024-02-20T12:45:00+05:30,132.5,2024-02-22T14:45:00+05:30,132.15,breakout_down,breakout_up,231.0,257.21,17.47,52.4,-96.08,2.08
NSE:TATACONSUM,SHORT,65,2024-02-22T10:00:00+05:30,1148.3,2024-02-22T14:45:00+05:30,1158.25,breakout_down,breakout_up,-646.75,73.55,14.99,44.98,-780.27,0.2
NSE:SBIN,SHORT,120,2024-02-22T11:15:00+05:30,760.65,2024-02-22T15:00:00+05:30,765.85,breakout_down,breakout_up,-624.0,79.41,18.32,54.95,-776.68,0.16
NSE:BANKNIFTY,SHORT,1.8561561428979203,2024-02-22T09:45:00+05:30,46698.1,2024-02-23T09:15:00+05:30,47029.1,breakout_down,breakout_up,-614.39,63.54,3.48,17.4,-698.8,0.98
NSE:HDFCBANK,SHORT,210,2024-02-21T15:15:00+05:30,359.0,2024-02-23T09:15:00+05:30,356.88,breakout_down,breakout_up,446.25,230.15,15.03,45.1,155.97,1.75
NSE:TCS,LONG,15,2024-02-22T15:00:00+05:30,4086.05,2024-02-23T13:45:00+05:30,4053.9,breakout_up,breakout_down,-482.25,198.85,12.21,36.63,-729.94,0.95
NSE:HCLTECH,LONG,45,2024-02-22T11:15:00+05:30,1668.2,2024-02-23T13:45:00+05:30,1669.25,breakout_up,breakout_down,47.25,230.02,15.02,45.06,-242.84,1.1
NSE:TATASTEEL,LONG,570,2024-02-22T14:45:00+05:30,145.9,2024-02-23T15:00:00+05:30,145.4,breakout_up,breakout_down,-285.0,247.66,16.6,49.81,-599.08,1.01
NSE:NIFTY,LONG,4.646521695462854,2024-02-22T15:00:00+05:30,22206.7,2024-02-23T15:15:00+05:30,22194.25,breakout_up,breakout_down,-57.85,66.61,4.13,20.63,-149.22,1.01
NSE:SENSEX,LONG,1.3717443089352654,2024-02-22T15:00:00+05:30,73134.84,2024-02-23T15:15:00+05:30,73059.74,breakout_up,breakout_down,-103.02,66.06,4.01,20.05,-193.15,1.01
NSE:ITC,LONG,210,2024-02-22T13:45:00+05:30,408.7,2024-02-23T15:15:00+05:30,410.9,breakout_up,breakout_down,462.0,254.36,17.21,51.63,138.8,1.06
NSE:INFY,LONG,45,2024-02-22T14:45:00+05:30,1675.2,2024-02-26T09:15:00+05:30,1662.8,breakout_up,breakout_down,-558.0,230.09,15.02,45.06,-848.17,3.77
NSE:WIPRO,LONG,660,2024-02-22T15:00:00+05:30,132.54,2024-02-26T09:15:00+05:30,132.88,breakout_up,breakout_down,221.1,257.77,17.52,52.55,-106.74,3.76
NSE:TATACONSUM,LONG,65,2024-02-22T15:00:00+05:30,1159.1,2024-02-26T09:15:00+05:30,1155.6,breakout_up,breakout_down,-227.5,230.34,15.05,45.14,-518.02,3.76
NSE:BANKNIFTY,LONG,1.825287217368104,2024-02-23T09:30:00+05:30,47106.15,2024-02-26T09:45:00+05:30,46562.0,breakout_up,breakout_down,-993.23,63.24,3.42,17.1,-1076.98,3.01
NSE:BHARTIARTL,LONG,75,2024-02-22T14:30:00+05:30,1133.05,2024-02-26T09:45:00+05:30,1110.2,breakout_up,breakout_down,-1713.75,250.22,16.82,50.47,-2031.26,3.8
NSE:RELIANCE,LONG,120,2024-02-22T14:30:00+05:30,738.3,2024-02-26T10:15:00+05:30,742.67,breakout_up,breakout_down,525.0,260.57,17.77,53.32,193.34,3.82
NSE:SBIN,LONG,120,2024-02-22T15:15:00+05:30,766.95,2024-02-26T11:45:00+05:30,753.6,breakout_up,breakout_down,-1602.0,266.01,18.25,54.74,-1941.0,3.85
NSE:ICICIBANK,LONG,80,2024-02-22T15:00:00+05:30,1062.2,2024-02-26T14:00:00+05:30,1051.75,breakout_up,breakout_down,-836.0,251.12,16.91,50.73,-1154.77,3.96
NSE:HDFCBANK,LONG,210,2024-02-26T12:45:00+05:30,357.65,2024-02-26T15:15:00+05:30,355.5,breakout_up,breakout_down,-451.5,73.54,14.98,44.93,-584.95,0.1
NSE:TCS,SHORT,15,2024-02-23T15:15:00+05:30,4046.4,2024-02-27T09:15:00+05:30,4058.85,breakout_down,breakout_up,-186.75,198.25,12.16,36.47,-433.63,3.75
NSE:WIPRO,SHORT,660,2024-02-26T09:45:00+05:30,131.76,2024-02-27T09:15:00+05:30,134.03,breakout_down,breakout_up,-1491.6,258.17,17.54,52.63,-1819.94,0.98
NSE:HCLTECH,SHORT,45,2024-02-23T14:45:00+05:30,1667.0,2024-02-27T09:15:00+05:30,1662.65,breakout_down,breakout_up,195.75,229.62,14.98,44.95,-93.8,3.77
NSE:ITC,SHORT,210,2024-02-26T10:30:00+05:30,409.85,2024-02-27T09:45:00+05:30,412.15,breakout_down,breakout_up,-483.0,254.99,17.26,51.79,-807.03,0.97
NSE:BHARTIARTL,SHORT,75,2024-02-26T10:00:00+05:30,1109.8,2024-02-27T10:15:00+05:30,1119.0,breakout_down,breakout_up,-690.0,248.93,16.72,50.15,-1005.8,1.01
NSE:TATASTEEL,SHORT,570,2024-02-26T09:15:00+05:30,144.9,2024-02-27T10:30:00+05:30,143.6,breakout_down,breakout_up,741.0,245.81,16.44,49.33,429.41,1.05
NSE:RELIANCE,SHORT,120,2024-02-26T10:30:00+05:30,742.01,2024-02-27T12:30:00+05:30,745.3,breakout_down,breakout_up,-394.2,261.49,17.85,53.54,-727.08,1.08
NSE:NIFTY,SHORT,4.6453972717385525,2024-02-26T09:15:00+05:30,22180.05,2024-02-27T12:45:00+05:30,22203.65,breakout_down,breakout_up,-109.63,66.59,4.12,20.62,-200.97,1.15
NSE:SENSEX,SHORT,1.371400812035408,2024-02-26T09:15:00+05:30,73012.74,2024-02-27T12:45:00+05:30,73113.64,breakout_down,breakout_up,-138.37,66.05,4.01,20.04,-228.47,1.15
NSE:ICICIBANK,SHORT,80,2024-02-27T10:00:00+05:30,1047.95,2024-02-27T12:45:00+05:30,1058.85,breakout_down,breakout_up,-872.0,76.81,16.85,50.56,-1016.22,0.11
NSE:HDFCBANK,SHORT,210,2024-02-27T09:15:00+05:30,354.26,2024-02-27T14:00:00+05:30,356.51,breakout_down,breakout_up,-472.5,73.45,14.93,44.78,-605.66,0.2
NSE:INFY,SHORT,45,2024-02-26T09:30:00+05:30,1660.7,2024-02-27T15:00:00+05:30,1664.35,breakout_down,breakout_up,-164.25,229.41,14.96,44.89,-453.51,1.23
NSE:HCLTECH,LONG,45,2024-02-27T10:30:00+05:30,1666.55,2024-02-28T09:45:00+05:30,1653.55,breakout_up,breakout_down,-585.0,229.2,14.94,44.82,-873.96,0.97
NSE:ADANIGREEN,LONG,45,2024-02-22T14:30:00+05:30,1915.75,2024-02-28T10:30:00+05:30,1943.05,breakout_up,breakout_down,1228.5,256.0,17.36,52.09,903.04,5.83
NSE:LT,LONG,25,2024-02-22T14:15:00+05:30,3340.35,2024-02-28T10:30:00+05:30,3478.35,breakout_up,breakout_down,3450.0,252.3,17.05,51.14,3129.51,5.84
NSE:SENSEX,LONG,1.366016404955039,2024-02-27T13:00:00+05:30,73133.78,2024-02-28T10:45:00+05:30,72690.6,breakout_up,breakout_down,-605.39,65.91,3.98,19.92,-695.21,0.91
NSE:RELIANCE,LONG,120,2024-02-27T12:45:00+05:30,749.2,2024-02-28T10:45:00+05:30,736.44,breakout_up,breakout_down,-1531.2,261.35,17.83,53.48,-1863.86,0.92
NSE:ICICIBANK,LONG,75,2024-02-27T13:00:00+05:30,1062.05,2024-02-28T10:45:00+05:30,1049.5,breakout_up,breakout_down,-941.25,239.18,15.84,47.51,-1243.78,0.91
NSE:TATASTEEL,LONG,575,2024-02-27T10:45:00+05:30,143.65,2024-02-28T10:45:00+05:30,142.65,breakout_up,breakout_down,-575.0,246.11,16.46,49.39,-886.95,1.0
NSE:TATACONSUM,LONG,60,2024-02-26T12:00:00+05:30,1163.35,2024-02-28T13:00:00+05:30,1171.75,breakout_up,breakout_down,504.0,218.78,14.01,42.03,229.18,2.04
NSE:INFY,LONG,45,2024-02-28T09:30:00+05:30,1672.0,2024-02-29T10:00:00+05:30,1655.8,breakout_up,breakout_down,-729.0,229.59,14.98,44.93,-1018.49,1.02
NSE:HINDUNILVR,LONG,35,2024-02-23T15:15:00+05:30,2405.0,2024-02-29T10:00:00+05:30,2400.15,breakout_up,breakout_down,-169.75,250.03,16.82,50.45,-487.05,5.78
NSE:ICICIBANK,SHORT,75,2024-02-28T13:00:00+05:30,1045.75,2024-02-29T12:30:00+05:30,1054.25,breakout_down,breakout_up,-637.5,238.2,15.75,47.25,-938.7,0.98
NSE:HCLTECH,SHORT,45,2024-02-28T12:45:00+05:30,1647.65,2024-02-29T13:30:00+05:30,1665.0,breakout_down,breakout_up,-780.75,228.84,14.91,44.72,-1069.22,1.03
NSE:BHARTIARTL,LONG,75,2024-02-27T13:00:00+05:30,1124.45,2024-02-29T13:30:00+05:30,1117.25,breakout_up,breakout_down,-540.0,250.0,16.81,50.44,-857.25,2.02
NSE:BANKNIFTY,SHORT,1.8256926653142058,2024-02-27T09:15:00+05:30,46507.55,2024-02-29T14:30:00+05:30,46271.1,breakout_down,breakout_up,431.69,63.16,3.39,16.94,348.2,2.22
NSE:TATACONSUM,SHORT,60,2024-02-28T15:00:00+05:30,1167.85,2024-02-29T15:00:00+05:30,1191.65,breakout_down,breakout_up,-1428.0,220.55,14.16,42.47,-1705.18,1.0
NSE:LT,SHORT,25,2024-02-28T10:45:00+05:30,3460.0,2024-02-29T15:00:00+05:30,3483.1,breakout_down,breakout_up,-577.5,256.06,17.36,52.07,-902.99,1.18
NSE:NIFTY,SHORT,4.660696708599522,2024-02-28T10:45:00+05:30,22064.25,2024-02-29T15:15:00+05:30,22042.05,breakout_down,breakout_up,103.47,66.55,4.11,20.56,12.25,1.19
NSE:SENSEX,SHORT,1.3650528009435614,2024-02-28T11:00:00+05:30,72677.64,2024-02-29T15:15:00+05:30,72639.34,breakout_down,breakout_up,52.28,65.87,3.97,19.84,-37.39,1.18
NSE:SBIN,SHORT,120,2024-02-27T12:00:00+05:30,753.85,2024-02-29T15:15:00+05:30,753.0,breakout_down,breakout_up,102.0,264.06,18.08,54.25,-234.39,2.14
NSE:TATASTEEL,SHORT,575,2024-02-28T11:15:00+05:30,142.2,2024-02-29T15:15:00+05:30,141.6,breakout_down,breakout_up,345.0,244.44,16.32,48.96,35.29,1.17
NSE:WIPRO,SHORT,645,2024-02-27T13:45:00+05:30,132.0,2024-02-29T15:15:00+05:30,130.25,breakout_down,breakout_up,1128.75,251.01,16.92,50.75,810.08,2.06
NSE:ADANIGREEN,SHORT,45,2024-02-28T10:45:00+05:30,1895.35,2024-02-29T15:15:00+05:30,1920.1,breakout_down,breakout_up,-1113.75,254.01,17.17,51.51,-1436.43,1.19
NSE:HDFCBANK,SHORT,210,2024-02-28T10:45:00+05:30,353.06,2024-03-01T09:15:00+05:30,352.7,breakout_down,breakout_up,76.65,227.82,14.82,44.46,-210.45,1.94
NSE:ITC,SHORT,210,2024-02-28T12:00:00+05:30,407.75,2024-03-01T09:45:00+05:30,410.65,breakout_down,breakout_up,-609.0,254.16,17.19,51.56,-931.9,1.91
NSE:RELIANCE,SHORT,120,2024-02-28T11:00:00+05:30,732.44,2024-03-01T10:00:00+05:30,737.04,breakout_down,breakout_up,-552.0,259.12,17.63,52.9,-881.66,1.96
NSE:HCLTECH,LONG,40,2024-02-29T13:45:00+05:30,1665.6,2024-03-01T10:30:00+05:30,1651.6,breakout_up,breakout_down,-560.0,210.62,13.27,39.81,-823.69,0.86
NSE:BHARTIARTL,SHORT,75,2024-02-29T13:45:00+05:30,1107.25,2024-03-01T13:15:00+05:30,1134.8,breakout_down,breakout_up,-2066.25,250.14,16.82,50.45,-2383.65,0.98
NSE:INFY,LONG,45,2024-02-29T15:00:00+05:30,1676.4,2024-03-01T13:30:00+05:30,1660.0,breakout_up,breakout_down,-738.0,230.02,15.01,45.04,-1028.08,0.94
NSE:TCS,LONG,15,2024-02-27T09:45:00+05:30,4075.25,2024-03-01T14:30:00+05:30,4090.0,breakout_up,breakout_down,221.25,199.21,12.25,36.74,-26.96,3.2
NSE:HINDUNILVR,LONG,35,2024-03-01T09:45:00+05:30,2424.45,2024-03-01T14:30:00+05:30,2412.1,breakout_up,breakout_down,-432.25,76.98,16.93,50.78,-576.95,0.2
NSE:ITC,LONG,205,2024-03-01T11:30:00+05:30,412.3,2024-03-01T14:45:00+05:30,408.85,breakout_up,breakout_down,-707.25,76.79,16.83,50.5,-851.37,0.14
NSE:ADANIGREEN,LONG,40,2024-03-01T09:15:00+05:30,1966.1,2024-03-02T11:15:00+05:30,1946.0,breakout_up,breakout_down,-804.0,237.08,15.65,46.95,-1103.67,1.08
NSE:TATACONSUM,LONG,60,2024-03-01T09:15:00+05:30,1199.95,2024-03-04T09:15:00+05:30,1193.75,breakout_up,breakout_down,-372.0,222.75,14.36,43.09,-652.2,3.0
NSE:HINDUNILVR,SHORT,35,2024-03-01T15:00:00+05:30,2408.1,2024-03-04T10:15:00+05:30,2421.45,breakout_down,breakout_up,-467.25,251.0,16.9,50.71,-785.86,2.8
NSE:HDFCBANK,LONG,210,2024-03-01T11:15:00+05:30,354.88,2024-03-04T10:45:00+05:30,356.5,breakout_up,breakout_down,341.25,229.11,14.94,44.82,52.39,2.98
NSE:LT,LONG,25,2024-02-29T15:15:00+05:30,3483.2,2024-03-04T11:15:00+05:30,3626.0,breakout_up,breakout_down,3570.0,260.36,17.77,53.32,3238.55,3.83
NSE:WIPRO,LONG,660,2024-03-02T09:15:00+05:30,130.8,2024-03-04T12:45:00+05:30,130.05,breakout_up,breakout_down,-495.0,254.48,17.22,51.65,-818.34,2.15
NSE:BHARTIARTL,LONG,70,2024-03-04T09:30:00+05:30,1142.65,2024-03-04T15:00:00+05:30,1133.05,breakout_up,breakout_down,-672.0,75.2,15.93,47.79,-810.92,0.23
NSE:NIFTY,LONG,4.648976936465226,2024-03-01T09:15:00+05:30,22122.5,2024-03-05T09:15:00+05:30,22366.1,breakout_up,breakout_down,1132.49,66.72,4.14,20.68,1040.95,4.0
NSE:SENSEX,LONG,1.3607701127095355,2024-03-01T09:15:00+05:30,72878.98,2024-03-05T09:15:00+05:30,73717.63,breakout_up,breakout_down,1141.21,66.03,3.99,19.95,1051.24,4.0
NSE:ICICIBANK,LONG,75,2024-02-29T13:00:00+05:30,1056.65,2024-03-05T09:15:00+05:30,1078.2,breakout_up,breakout_down,1616.25,240.93,16.01,48.03,1311.27,4.84
NSE:HINDUNILVR,LONG,35,2024-03-04T11:00:00+05:30,2425.5,2024-03-05T09:15:00+05:30,2409.0,breakout_up,breakout_down,-577.5,251.2,16.92,50.76,-896.38,0.93
NSE:RELIANCE,LONG,115,2024-03-01T10:30:00+05:30,737.82,2024-03-05T09:45:00+05:30,747.24,breakout_up,breakout_down,1083.87,252.83,17.08,51.23,762.74,3.97
NSE:RELIANCE,SHORT,115,2024-03-05T10:15:00+05:30,744.0,2024-03-05T14:45:00+05:30,751.77,breakout_down,breakout_up,-894.12,77.42,17.2,51.6,-1040.35,0.19
NSE:TATASTEEL,LONG,565,2024-03-01T09:15:00+05:30,144.8,2024-03-06T09:15:00+05:30,151.25,breakout_up,breakout_down,3644.25,248.73,16.73,50.18,3328.61,5.0
NSE:SBIN,LONG,120,2024-03-01T09:15:00+05:30,755.25,2024-03-06T09:45:00+05:30,775.4,breakout_up,breakout_down,2418.0,267.06,18.37,55.1,2077.47,5.02
NSE:RELIANCE,LONG,115,2024-03-06T09:15:00+05:30,752.8,2024-03-06T11:00:00+05:30,744.57,breakout_up,breakout_down,-947.02,77.44,17.22,51.66,-1093.35,0.07
NSE:HCLTECH,SHORT,40,2024-03-01T12:45:00+05:30,1649.0,2024-03-06T12:30:00+05:30,1624.0,breakout_down,breakout_up,1000.0,208.54,13.09,39.28,739.1,4.99
NSE:NIFTY,SHORT,4.658428987057642,2024-03-05T10:15:00+05:30,22300.4,2024-03-06T13:45:00+05:30,22381.15,breakout_down,breakout_up,-376.17,66.77,4.16,20.81,-467.91,1.15
NSE:SENSEX,SHORT,1.3637950039341806,2024-03-05T10:15:00+05:30,73485.85,2024-03-06T13:45:00+05:30,73816.35,breakout_down,breakout_up,-450.73,66.08,4.02,20.09,-540.92,1.15
NSE:TCS,SHORT,15,2024-03-04T11:45:00+05:30,4079.45,2024-03-06T13:45:00+05:30,4020.5,breakout_down,breakout_up,884.25,198.08,12.15,36.45,637.57,2.08
NSE:INFY,SHORT,45,2024-03-01T13:45:00+05:30,1657.25,2024-03-06T14:15:00+05:30,1605.8,breakout_down,breakout_up,2315.25,226.13,14.68,44.05,2030.39,5.02
NSE:ITC,SHORT,205,2024-03-04T11:45:00+05:30,409.5,2024-03-06T14:15:00+05:30,408.05,breakout_down,breakout_up,297.25,249.35,16.76,50.28,-19.14,2.1
NSE:TATASTEEL,SHORT,565,2024-03-06T09:30:00+05:30,150.3,2024-03-06T14:30:00+05:30,151.15,breakout_down,breakout_up,-480.25,77.16,17.03,51.1,-625.54,0.21
NSE:LT,SHORT,25,2024-03-05T10:45:00+05:30,3602.9,2024-03-06T14:30:00+05:30,3646.8,breakout_down,breakout_up,-1097.5,264.61,18.12,54.37,-1434.61,1.16
NSE:ICICIBANK,LONG,75,2024-03-05T12:45:00+05:30,1098.8,2024-03-06T14:45:00+05:30,1097.95,breakout_up,breakout_down,-63.75,246.22,16.48,49.43,-375.87,1.08
NSE:RELIANCE,SHORT,115,2024-03-06T11:30:00+05:30,742.05,2024-03-06T15:00:00+05:30,752.12,breakout_down,breakout_up,-1158.63,77.35,17.18,51.55,-1304.71,0.15
NSE:WIPRO,SHORT,665,2024-03-05T11:00:00+05:30,128.64,2024-03-06T15:00:00+05:30,128.18,breakout_down,breakout_up,309.22,252.88,17.08,51.23,-11.97,1.17
NSE:HINDUNILVR,SHORT,35,2024-03-05T09:45:00+05:30,2400.05,2024-03-07T09:15:00+05:30,2417.15,breakout_down,breakout_up,-598.5,250.53,16.86,50.58,-916.47,1.98
NSE:BANKNIFTY,LONG,1.8343226782096858,2024-03-01T09:15:00+05:30,46478.0,2024-03-07T10:30:00+05:30,47832.8,breakout_up,breakout_down,2485.14,63.61,3.46,17.3,2400.77,6.05
NSE:ADANIGREEN,SHORT,40,2024-03-04T14:45:00+05:30,1958.9,2024-03-07T14:15:00+05:30,1937.0,breakout_down,breakout_up,876.0,236.23,15.58,46.75,577.43,2.98
NSE:HDFCBANK,LONG,205,2024-03-05T14:00:00+05:30,359.79,2024-03-11T09:15:00+05:30,359.0,breakout_up,breakout_down,-161.95,226.88,14.74,44.21,-447.77,5.8
NSE:INFY,LONG,45,2024-03-06T14:30:00+05:30,1610.75,2024-03-11T09:15:00+05:30,1605.95,breakout_up,breakout_down,-216.0,224.0,14.48,43.43,-497.9,4.78
NSE:HINDUNILVR,LONG,35,2024-03-07T12:15:00+05:30,2423.95,2024-03-11T09:15:00+05:30,2405.05,breakout_up,breakout_down,-661.5,250.99,16.9,50.7,-980.1,3.88
NSE:TATACONSUM,LONG,60,2024-03-06T13:30:00+05:30,1212.75,2024-03-11T09:15:00+05:30,1220.6,breakout_up,breakout_down,471.0,225.33,14.6,43.8,187.26,4.82
NSE:NIFTY,LONG,4.616178229386777,2024-03-06T14:00:00+05:30,22403.45,2024-03-11T10:00:00+05:30,22431.7,breakout_up,breakout_down,130.41,66.68,4.14,20.7,38.89,4.83
NSE:SENSEX,LONG,1.3488689061054475,2024-03-06T14:00:00+05:30,73899.2,2024-03-11T10:00:00+05:30,73875.73,breakout_up,breakout_down,-31.66,65.95,3.99,19.93,-121.53,4.83
NSE:LT,LONG,25,2024-03-07T09:15:00+05:30,3663.05,2024-03-11T10:15:00+05:30,3644.2,breakout_up,breakout_down,-471.25,266.17,18.27,54.8,-810.49,4.04
NSE:TATASTEEL,LONG,560,2024-03-06T15:00:00+05:30,151.65,2024-03-11T10:45:00+05:30,153.6,breakout_up,breakout_down,1092.0,253.0,17.09,51.28,770.62,4.82
NSE:SBIN,LONG,115,2024-03-06T10:30:00+05:30,788.3,2024-03-11T11:00:00+05:30,784.05,breakout_up,breakout_down,-488.75,264.1,18.08,54.25,-825.18,5.02
NSE:WIPRO,LONG,660,2024-03-07T10:45:00+05:30,129.49,2024-03-11T11:00:00+05:30,128.19,breakout_up,breakout_down,-858.0,252.18,17.01,51.02,-1178.21,4.01
NSE:ITC,LONG,205,2024-03-06T14:30:00+05:30,409.75,2024-03-11T14:30:00+05:30,409.75,breakout_up,breakout_down,0.0,249.81,16.8,50.4,-317.01,5.0
NSE:BHARTIARTL,LONG,70,2024-03-05T11:45:00+05:30,1151.25,2024-03-11T15:00:00+05:30,1195.0,breakout_up,breakout_down,3062.5,245.41,16.42,49.27,2751.4,6.14
NSE:HDFCBANK,SHORT,205,2024-03-11T14:15:00+05:30,355.89,2024-03-12T09:15:00+05:30,358.71,breakout_down,breakout_up,-579.12,225.96,14.65,43.95,-863.68,0.79
NSE:INFY,SHORT,45,2024-03-11T10:00:00+05:30,1596.1,2024-03-12T09:15:00+05:30,1616.0,breakout_down,breakout_up,-895.5,223.82,14.45,43.36,-1177.14,0.97
NSE:ADANIGREEN,LONG,40,2024-03-07T14:45:00+05:30,1946.35,2024-03-12T09:15:00+05:30,1903.95,breakout_up,breakout_down,-1696.0,234.4,15.4,46.2,-1992.0,4.77
NSE:BANKNIFTY,SHORT,1.8337217563686832,2024-03-07T10:45:00+05:30,47798.55,2024-03-12T09:30:00+05:30,47720.05,breakout_down,breakout_up,143.95,63.69,3.5,17.52,59.24,4.95
NSE:SENSEX,SHORT,1.351094647362196,2024-03-11T12:00:00+05:30,73687.78,2024-03-12T09:30:00+05:30,73916.91,breakout_down,breakout_up,-309.58,65.95,3.99,19.94,-399.46,0.9
NSE:ICICIBANK,SHORT,75,2024-03-06T15:00:00+05:30,1094.8,2024-03-12T09:30:00+05:30,1090.9,breakout_down,breakout_up,292.5,245.27,16.39,49.18,-18.34,5.77
NSE:LT,SHORT,25,2024-03-11T10:30:00+05:30,3636.65,2024-03-12T09:30:00+05:30,3671.95,breakout_down,breakout_up,-882.5,266.23,18.27,54.81,-1221.82,0.96
NSE:ITC,SHORT,210,2024-03-12T09:15:00+05:30,399.8,2024-03-12T14:45:00+05:30,405.3,breakout_down,breakout_up,-1155.0,76.87,16.91,50.72,-1299.5,0.23
NSE:ICICIBANK,SHORT,75,2024-03-12T10:30:00+05:30,1068.6,2024-03-13T09:15:00+05:30,1084.3,breakout_down,breakout_up,-1177.5,242.65,16.15,48.44,-1484.73,0.95
NSE:HCLTECH,LONG,45,2024-03-06T12:45:00+05:30,1626.3,2024-03-13T10:45:00+05:30,1626.6,breakout_up,breakout_down,13.5,225.79,14.64,43.91,-270.84,6.92
NSE:SENSEX,LONG,1.340867284647723,2024-03-12T10:00:00+05:30,73952.81,2024-03-13T11:00:00+05:30,73497.66,breakout_up,breakout_down,-610.3,65.77,3.95,19.77,-699.79,1.04
NSE:BANKNIFTY,LONG,1.8357101597018597,2024-03-12T09:45:00+05:30,47778.95,2024-03-13T11:15:00+05:30,47109.6,breakout_up,breakout_down,-1228.73,63.53,3.48,17.42,-1313.16,1.06
NSE:INFY,LONG,45,2024-03-12T12:00:00+05:30,1623.1,2024-03-13T12:15:00+05:30,1607.7,breakout_up,breakout_down,-693.0,224.74,14.54,43.62,-975.89,1.01
NSE:HDFCBANK,LONG,200,2024-03-12T09:30:00+05:30,362.31,2024-03-13T12:45:00+05:30,363.34,breakout_up,breakout_down,205.0,224.39,14.51,43.54,-77.44,1.14
NSE:ICICIBANK,LONG,75,2024-03-13T10:00:00+05:30,1088.3,2024-03-13T15:00:00+05:30,1079.0,breakout_up,breakout_down,-697.5,75.77,16.25,48.76,-838.29,0.21
NSE:TCS,LONG,20,2024-03-06T14:00:00+05:30,4023.3,2024-03-14T09:15:00+05:30,4114.1,breakout_up,breakout_down,1816.0,243.84,16.27,48.82,1507.06,7.8
NSE:INFY,SHORT,45,2024-03-13T14:30:00+05:30,1600.8,2024-03-14T09:15:00+05:30,1622.0,breakout_down,breakout_up,-954.0,224.36,14.5,43.51,-1236.37,0.78
NSE:ITC,LONG,190,2024-03-13T09:15:00+05:30,425.6,2024-03-14T09:15:00+05:30,420.7,breakout_up,breakout_down,-931.0,241.88,16.08,48.24,-1237.2,1.0
NSE:ADANIGREEN,SHORT,40,2024-03-12T11:15:00+05:30,1893.2,2024-03-14T09:30:00+05:30,1857.0,breakout_down,breakout_up,1448.0,229.71,15.0,45.0,1158.28,1.93
NSE:LT,SHORT,25,2024-03-12T14:15:00+05:30,3627.05,2024-03-14T09:30:00+05:30,3576.45,breakout_down,breakout_up,1265.0,263.15,18.01,54.03,929.81,1.8
NSE:HCLTECH,SHORT,45,2024-03-13T11:45:00+05:30,1620.35,2024-03-14T09:45:00+05:30,1649.4,breakout_down,breakout_up,-1307.25,226.73,14.71,44.14,-1592.84,0.92
NSE:BHARTIARTL,SHORT,70,2024-03-13T09:15:00+05:30,1195.35,2024-03-14T10:00:00+05:30,1183.25,breakout_down,breakout_up,847.0,248.09,16.65,49.95,532.31,1.03
NSE:WIPRO,SHORT,655,2024-03-12T10:45:00+05:30,128.0,2024-03-14T11:00:00+05:30,127.5,breakout_down,breakout_up,327.5,249.07,16.74,50.21,11.49,2.01
NSE:NIFTY,SHORT,4.6240802920944954,2024-03-11T12:00:00+05:30,22373.55,2024-03-14T11:30:00+05:30,22166.2,breakout_down,breakout_up,958.8,66.63,4.12,20.6,867.46,2.98
NSE:BANKNIFTY,SHORT,1.8373242607642841,2024-03-13T13:45:00+05:30,47024.4,2024-03-14T11:30:00+05:30,47198.75,breakout_down,breakout_up,-320.34,63.47,3.46,17.31,-404.58,0.91
NSE:SENSEX,SHORT,1.342883563573822,2024-03-13T11:15:00+05:30,73322.22,2024-03-14T11:30:00+05:30,73246.62,breakout_down,breakout_up,101.52,65.73,3.94,19.68,12.18,1.01
NSE:HINDUNILVR,SHORT,35,2024-03-11T13:45:00+05:30,2399.05,2024-03-14T11:30:00+05:30,2335.4,breakout_down,breakout_up,2227.75,247.1,16.57,49.71,1914.37,2.91
NSE:TATACONSUM,SHORT,60,2024-03-11T10:30:00+05:30,1215.5,2024-03-14T15:00:00+05:30,1199.95,breakout_down,breakout_up,933.0,224.11,14.49,43.48,650.92,3.19
NSE:ICICIBANK,LONG,70,2024-03-14T10:30:00+05:30,1088.25,2024-03-15T09:15:00+05:30,1078.15,breakout_up,breakout_down,-707.0,231.7,15.16,45.49,-999.36,0.95
NSE:INFY,LONG,45,2024-03-14T09:30:00+05:30,1626.2,2024-03-15T09:15:00+05:30,1629.7,breakout_up,breakout_down,157.5,225.93,14.65,43.95,-127.04,0.99
NSE:NIFTY,LONG,4.698933207507173,2024-03-14T12:15:00+05:30,22201.2,2024-03-15T09:30:00+05:30,22034.15,breakout_up,breakout_down,-784.96,66.72,4.16,20.79,-876.62,0.89
NSE:SENSEX,LONG,1.3424284885762199,2024-03-14T12:15:00+05:30,73356.12,2024-03-15T09:30:00+05:30,72755.96,breakout_up,breakout_down,-805.67,65.61,3.92,19.61,-894.82,0.89
NSE:LT,LONG,25,2024-03-14T09:45:00+05:30,3592.4,2024-03-15T09:30:00+05:30,3566.25,breakout_up,breakout_down,-653.75,262.05,17.9,53.69,-987.39,0.99
NSE:HCLTECH,LONG,40,2024-03-14T11:15:00+05:30,1652.45,2024-03-15T12:45:00+05:30,1653.35,breakout_up,breakout_down,36.0,210.07,13.22,39.67,-226.96,1.06
NSE:NIFTY,SHORT,4.704649985522311,2024-03-15T09:45:00+05:30,21988.45,2024-03-15T14:45:00+05:30,22048.15,breakout_down,breakout_up,-280.87,66.68,4.14,20.72,-372.41,0.21
NSE:INFY,SHORT,45,2024-03-15T09:30:00+05:30,1624.65,2024-03-15T14:45:00+05:30,1638.15,breakout_down,breakout_up,-607.5,73.01,14.68,44.05,-739.24,0.22
NSE:HINDUNILVR,SHORT,35,2024-03-15T09:45:00+05:30,2320.15,2024-03-15T14:45:00+05:30,2328.55,breakout_down,breakout_up,-294.0,75.84,16.27,48.81,-434.92,0.21
NSE:ITC,LONG,190,2024-03-15T10:45:00+05:30,425.6,2024-03-15T15:00:00+05:30,418.5,breakout_up,breakout_down,-1349.0,75.31,16.04,48.11,-1488.47,0.18
NSE:TATACONSUM,SHORT,60,2024-03-15T09:45:00+05:30,1182.9,2024-03-15T15:00:00+05:30,1213.15,breakout_down,breakout_up,-1815.0,72.34,14.38,43.13,-1944.84,0.22
NSE:SBIN,SHORT,115,2024-03-11T11:15:00+05:30,782.8,2024-03-18T09:15:00+05:30,735.8,breakout_down,breakout_up,5405.0,256.79,17.46,52.39,5078.36,6.92
NSE:TATASTEEL,SHORT,560,2024-03-12T09:15:00+05:30,152.5,2024-03-18T09:15:00+05:30,144.35,breakout_down,breakout_up,4564.0,247.51,16.62,49.87,4249.99,6.0
NSE:ADANIGREEN,LONG,45,2024-03-14T15:00:00+05:30,1897.0,2024-03-18T09:15:00+05:30,1871.5,breakout_up,breakout_down,-1147.5,251.66,16.96,50.87,-1466.99,3.76
NSE:RELIANCE,SHORT,110,2024-03-07T14:30:00+05:30,740.05,2024-03-18T10:15:00+05:30,714.39,breakout_down,breakout_up,2822.6,240.7,16.0,48.0,2517.9,10.82
NSE:HCLTECH,SHORT,40,2024-03-15T13:30:00+05:30,1647.2,2024-03-18T11:30:00+05:30,1662.0,breakout_down,breakout_up,-592.0,210.27,13.24,39.71,-855.21,2.92
NSE:SENSEX,SHORT,1.343640370618003,2024-03-15T09:45:00+05:30,72625.98,2024-03-18T12:15:00+05:30,72864.62,breakout_down,breakout_up,-320.65,65.58,3.91,19.55,-409.68,3.1
NSE:LT,SHORT,25,2024-03-15T09:45:00+05:30,3552.8,2024-03-18T13:00:00+05:30,3570.7,breakout_down,breakout_up,-447.5,261.06,17.81,53.43,-779.79,3.14
NSE:TCS,LONG,15,2024-03-14T11:30:00+05:30,4174.7,2024-03-18T14:00:00+05:30,4200.15,breakout_up,breakout_down,381.75,202.7,12.56,37.69,128.8,4.1
NSE:ICICIBANK,SHORT,70,2024-03-18T11:00:00+05:30,1066.15,2024-03-18T14:15:00+05:30,1083.65,breakout_down,breakout_up,-1225.0,73.58,15.05,45.15,-1358.78,0.14
NSE:WIPRO,LONG,650,2024-03-14T14:15:00+05:30,129.15,2024-03-18T15:00:00+05:30,127.62,breakout_up,breakout_down,-991.25,248.67,16.69,50.07,-1306.68,4.03
NSE:NIFTY,LONG,4.667502872718998,2024-03-18T12:15:00+05:30,22083.9,2024-03-19T09:45:00+05:30,21901.85,breakout_up,breakout_down,-849.72,66.47,4.11,20.53,-940.83,0.9
NSE:SENSEX,LONG,1.3324893221853262,2024-03-18T14:15:00+05:30,72927.22,2024-03-19T09:45:00+05:30,72280.68,breakout_up,breakout_down,-861.51,65.36,3.87,19.35,-950.09,0.81
NSE:RELIANCE,LONG,120,2024-03-18T14:00:00+05:30,716.51,2024-03-19T11:30:00+05:30,709.0,breakout_up,breakout_down,-901.8,253.29,17.11,51.32,-1223.51,0.9
NSE:BHARTIARTL,LONG,70,2024-03-14T11:30:00+05:30,1190.7,2024-03-19T15:15:00+05:30,1225.4,breakout_up,breakout_down,2429.0,250.89,16.91,50.74,2110.46,5.16
NSE:LT,SHORT,25,2024-03-19T09:15:00+05:30,3523.9,2024-03-20T09:15:00+05:30,3516.95,breakout_down,breakout_up,173.75,258.72,17.6,52.81,-155.37,1.0
NSE:TATASTEEL,LONG,620,2024-03-18T09:45:00+05:30,144.65,2024-03-20T09:30:00+05:30,147.1,breakout_up,breakout_down,1519.0,264.02,18.09,54.27,1182.63,1.99
NSE:ITC,SHORT,190,2024-03-15T15:15:00+05:30,417.0,2024-03-20T11:30:00+05:30,412.45,breakout_down,breakout_up,864.5,238.19,15.76,47.28,563.27,4.84
NSE:SBIN,SHORT,130,2024-03-19T11:30:00+05:30,724.0,2024-03-20T12:15:00+05:30,732.45,breakout_down,breakout_up,-1098.5,273.61,18.93,56.8,-1447.85,1.03
NSE:NIFTY,SHORT,4.66583612597157,2024-03-19T10:00:00+05:30,21890.75,2024-03-20T13:00:00+05:30,21908.45,breakout_down,breakout_up,-82.59,66.42,4.09,20.44,-173.53,1.12
NSE:SENSEX,SHORT,1.3323123239887338,2024-03-19T10:00:00+05:30,72225.93,2024-03-20T13:00:00+05:30,72347.17,breakout_down,breakout_up,-161.53,65.32,3.85,19.26,-249.96,1.12
NSE:BANKNIFTY,SHORT,1.8541867215372783,2024-03-15T10:15:00+05:30,46379.2,2024-03-20T13:15:00+05:30,46588.65,breakout_down,breakout_up,-388.36,63.4,3.45,17.24,-472.44,5.12
NSE:ICICIBANK,SHORT,70,2024-03-20T10:00:00+05:30,1071.2,2024-03-20T13:15:00+05:30,1088.2,breakout_down,breakout_up,-1190.0,73.71,15.12,45.35,-1324.17,0.14
NSE:ADANIGREEN,SHORT,45,2024-03-19T09:45:00+05:30,1852.3,2024-03-20T14:30:00+05:30,1851.35,breakout_down,breakout_up,42.75,248.33,16.67,50.0,-272.24,1.2
NSE:HDFCBANK,SHORT,200,2024-03-14T09:15:00+05:30,362.07,2024-03-21T09:15:00+05:30,361.31,breakout_down,breakout_up,152.0,223.89,14.47,43.4,-129.76,7.0
NSE:TATASTEEL,SHORT,625,2024-03-20T09:45:00+05:30,145.1,2024-03-21T09:15:00+05:30,150.4,breakout_down,breakout_up,-3312.5,268.61,18.47,55.41,-3654.98,0.98
NSE:WIPRO,SHORT,655,2024-03-19T09:15:00+05:30,126.22,2024-03-21T09:15:00+05:30,125.64,breakout_down,breakout_up,383.17,246.42,16.5,49.49,70.76,2.0
NSE:HCLTECH,SHORT,40,2024-03-18T15:00:00+05:30,1644.15,2024-03-21T09:15:00+05:30,1606.7,breakout_down,breakout_up,1498.0,207.51,13.0,39.01,1238.47,2.76
NSE:TATACONSUM,SHORT,60,2024-03-19T09:15:00+05:30,1176.5,2024-03-21T09:15:00+05:30,1132.85,breakout_down,breakout_up,2619.0,216.91,13.86,41.57,2346.67,2.0
NSE:BHARTIARTL,LONG,70,2024-03-21T09:15:00+05:30,1239.45,2024-03-21T12:00:00+05:30,1229.35,breakout_up,breakout_down,-707.0,77.58,17.28,51.84,-853.7,0.11
NSE:HINDUNILVR,SHORT,35,2024-03-18T09:15:00+05:30,2314.0,2024-03-21T13:00:00+05:30,2255.1,breakout_down,breakout_up,2061.5,240.68,15.99,47.98,1756.85,3.16
NSE:ICICIBANK,LONG,70,2024-03-21T09:15:00+05:30,1092.9,2024-03-21T14:15:00+05:30,1080.65,breakout_up,breakout_down,-857.5,73.92,15.21,45.64,-992.28,0.21
NSE:WIPRO,LONG,655,2024-03-21T10:45:00+05:30,126.12,2024-03-21T14:45:00+05:30,124.75,breakout_up,breakout_down,-900.62,76.06,16.43,49.3,-1042.41,0.17
NSE:LT,LONG,25,2024-03-21T09:15:00+05:30,3538.8,2024-03-21T14:45:00+05:30,3556.65,breakout_up,breakout_down,446.25,78.51,17.74,53.22,296.79,0.23
NSE:NIFTY,LONG,4.635823716916622,2024-03-21T09:15:00+05:30,21995.15,2024-03-22T09:15:00+05:30,21898.75,breakout_up,breakout_down,-446.89,66.32,4.07,20.35,-537.63,1.0
NSE:SENSEX,LONG,1.3214588789051682,2024-03-21T09:15:00+05:30,72630.55,2024-03-22T09:15:00+05:30,72212.78,breakout_up,breakout_down,-552.07,65.18,3.83,19.14,-640.22,1.0
NSE:TATASTEEL,SHORT,585,2024-03-22T09:15:00+05:30,149.0,2024-03-22T10:15:00+05:30,151.25,breakout_down,breakout_up,-1316.25,78.01,17.56,52.69,-1464.52,0.04
NSE:TATACONSUM,LONG,65,2024-03-21T11:00:00+05:30,1138.45,2024-03-22T11:15:00+05:30,1123.75,breakout_up,breakout_down,-955.5,226.6,14.7,44.11,-1240.92,1.01
NSE:HINDUNILVR,SHORT,35,2024-03-22T09:15:00+05:30,2237.55,2024-03-22T11:30:00+05:30,2259.8,breakout_down,breakout_up,-778.75,74.85,15.74,47.22,-916.57,0.09
NSE:BHARTIARTL,SHORT,70,2024-03-21T13:00:00+05:30,1223.5,2024-03-22T12:45:00+05:30,1236.05,breakout_down,breakout_up,-878.5,254.51,17.22,51.65,-1201.88,0.99
NSE:BANKNIFTY,LONG,1.8285773473373172,2024-03-21T09:15:00+05:30,46771.15,2024-03-26T09:15:00+05:30,46738.05,breakout_up,breakout_down,-60.53,63.29,3.42,17.1,-144.33,5.0
NSE:HDFCBANK,LONG,200,2024-03-21T10:00:00+05:30,361.9,2024-03-26T09:15:00+05:30,358.6,breakout_up,breakout_down,-660.0,223.31,14.41,43.23,-940.95,4.97
NSE:BHARTIARTL,LONG,65,2024-03-22T14:15:00+05:30,1240.35,2024-03-26T09:15:00+05:30,1226.7,breakout_up,breakout_down,-887.25,241.39,16.04,48.11,-1192.78,3.79
NSE:SBIN,LONG,130,2024-03-20T12:30:00+05:30,735.35,2024-03-26T09:30:00+05:30,741.1,breakout_up,breakout_down,747.5,276.36,19.19,57.58,394.36,5.88
NSE:RELIANCE,LONG,120,2024-03-20T09:30:00+05:30,715.91,2024-03-26T09:45:00+05:30,722.12,breakout_up,breakout_down,744.0,254.83,17.26,51.77,420.14,6.01
NSE:SENSEX,LONG,1.3099358198743476,2024-03-22T10:15:00+05:30,72782.18,2024-03-26T14:30:00+05:30,72465.64,breakout_up,breakout_down,-414.65,65.08,3.81,19.03,-502.56,4.18
NSE:ADANIGREEN,LONG,40,2024-03-26T09:15:00+05:30,1925.85,2024-03-26T14:45:00+05:30,1860.2,breakout_up,breakout_down,-2626.0,73.6,15.14,45.43,-2760.18,0.23
NSE:HCLTECH,SHORT,45,2024-03-22T09:15:00+05:30,1515.0,2024-03-27T09:15:00+05:30,1568.15,breakout_down,breakout_up,-2391.75,217.48,13.87,41.62,-2664.73,5.0
NSE:BANKNIFTY,SHORT,1.834013725664609,2024-03-26T14:30:00+05:30,46554.05,2024-03-27T09:30:00+05:30,46807.45,breakout_down,breakout_up,-464.74,63.29,3.42,17.12,-548.57,0.79
NSE:ICICIBANK,SHORT,70,2024-03-26T09:15:00+05:30,1085.0,2024-03-27T09:30:00+05:30,1088.05,breakout_down,breakout_up,-213.5,232.18,15.21,45.63,-506.52,1.01
NSE:HDFCBANK,SHORT,200,2024-03-26T14:30:00+05:30,357.27,2024-03-27T10:00:00+05:30,358.45,breakout_down,breakout_up,-235.0,222.21,14.31,42.94,-514.47,0.81
NSE:ICICIBANK,LONG,65,2024-03-27T10:00:00+05:30,1091.55,2024-03-27T14:15:00+05:30,1081.2,breakout_up,breakout_down,-672.75,72.01,14.12,42.37,-801.26,0.18
NSE:HCLTECH,LONG,40,2024-03-27T10:00:00+05:30,1573.7,2024-03-27T14:45:00+05:30,1562.35,breakout_up,breakout_down,-454.0,69.26,12.54,37.63,-573.43,0.2
NSE:NIFTY,LONG,4.598762295593355,2024-03-22T10:15:00+05:30,22055.85,2024-03-27T15:00:00+05:30,22116.15,breakout_up,breakout_down,277.31,66.33,4.06,20.31,186.6,5.2
NSE:ADANIGREEN,LONG,40,2024-03-27T09:45:00+05:30,1890.35,2024-03-27T15:00:00+05:30,1825.85,breakout_up,breakout_down,-2580.0,73.11,14.86,44.59,-2712.57,0.22
NSE:BHARTIARTL,SHORT,65,2024-03-26T09:30:00+05:30,1221.3,2024-03-27T15:00:00+05:30,1226.05,breakout_down,breakout_up,-308.75,239.92,15.91,47.72,-612.31,1.23
NSE:INFY,SHORT,45,2024-03-18T10:30:00+05:30,1618.2,2024-03-28T09:15:00+05:30,1499.3,breakout_down,breakout_up,5350.5,218.62,14.03,42.09,5075.77,9.95
NSE:SBIN,SHORT,130,2024-03-27T13:45:00+05:30,738.6,2024-03-28T10:15:00+05:30,745.25,breakout_down,breakout_up,-864.5,277.55,19.29,57.87,-1219.21,0.85
NSE:WIPRO,SHORT,680,2024-03-22T09:15:00+05:30,120.44,2024-03-28T10:30:00+05:30,119.9,breakout_down,breakout_up,367.2,244.71,16.34,49.03,57.12,6.05
NSE:TCS,SHORT,15,2024-03-18T14:30:00+05:30,4193.7,2024-03-28T10:45:00+05:30,3893.8,breakout_down,breakout_up,4498.5,197.6,12.13,36.39,4252.38,9.84
NSE:TATACONSUM,SHORT,65,2024-03-26T09:15:00+05:30,1117.05,2024-03-28T14:30:00+05:30,1106.8,breakout_down,breakout_up,666.25,223.71,14.46,43.37,384.72,2.22
NSE:ICICIBANK,LONG,65,2024-03-28T09:15:00+05:30,1097.2,2024-03-28T14:45:00+05:30,1096.5,breakout_up,breakout_down,-45.5,72.32,14.26,42.78,-174.86,0.23
NSE:NIFTY,LONG,4.573635153332565,2024-03-28T09:15:00+05:30,22217.7,2024-03-28T15:00:00+05:30,22268.9,breakout_up,breakout_down,234.17,66.36,4.07,20.35,143.4,0.24
NSE:BANKNIFTY,LONG,1.809933259420648,2024-03-27T10:00:00+05:30,46871.25,2024-03-28T15:00:00+05:30,47036.7,breakout_up,breakout_down,299.45,63.21,3.4,17.0,215.85,1.21
NSE:SENSEX,LONG,1.3031037663976235,2024-03-27T09:15:00+05:30,72779.26,2024-03-28T15:00:00+05:30,73414.51,breakout_up,breakout_down,827.8,65.17,3.81,19.05,739.77,1.24
NSE:RELIANCE,LONG,115,2024-03-27T09:15:00+05:30,734.48,2024-03-28T15:00:00+05:30,740.77,breakout_up,breakout_down,724.5,251.6,16.97,50.9,405.04,1.24
NSE:HDFCBANK,LONG,200,2024-03-27T14:15:00+05:30,359.9,2024-03-28T15:00:00+05:30,361.49,breakout_up,breakout_down,318.0,223.43,14.43,43.28,36.86,1.03
NSE:INFY,LONG,50,2024-03-28T09:30:00+05:30,1503.3,2024-03-28T15:00:00+05:30,1490.25,breakout_up,breakout_down,-652.5,73.51,14.97,44.9,-785.88,0.23
NSE:BHARTIARTL,LONG,65,2024-03-28T10:30:00+05:30,1228.9,2024-04-01T09:15:00+05:30,1222.4,breakout_up,breakout_down,-422.5,240.22,15.93,47.8,-726.45,3.95
NSE:HCLTECH,SHORT,40,2024-03-27T15:00:00+05:30,1541.55,2024-04-01T09:45:00+05:30,1564.8,breakout_down,breakout_up,-930.0,201.27,12.43,37.28,-1180.98,4.78
NSE:ITC,LONG,195,2024-03-20T11:45:00+05:30,413.15,2024-04-01T12:45:00+05:30,426.5,breakout_up,breakout_down,2603.25,244.88,16.37,49.12,2292.88,12.04
NSE:INFY,LONG,50,2024-04-01T09:15:00+05:30,1516.5,2024-04-01T14:30:00+05:30,1497.4,breakout_up,breakout_down,-955.0,73.65,15.07,45.21,-1088.93,0.22
NSE:ICICIBANK,SHORT,65,2024-03-28T15:00:00+05:30,1089.25,2024-04-01T15:00:00+05:30,1101.0,breakout_down,breakout_up,-763.75,221.39,14.24,42.71,-1042.08,4.0
NSE:ADANIGREEN,LONG,40,2024-03-28T14:15:00+05:30,1849.35,2024-04-01T15:00:00+05:30,1884.95,breakout_up,breakout_down,1424.0,229.01,14.94,44.81,1135.24,4.03
NSE:TCS,LONG,20,2024-03-28T11:00:00+05:30,3894.4,2024-04-02T09:15:00+05:30,3883.6,breakout_up,breakout_down,-216.0,236.01,15.56,46.67,-514.23,4.93
NSE:WIPRO,LONG,685,2024-03-28T12:30:00+05:30,120.03,2024-04-02T09:45:00+05:30,119.94,breakout_up,breakout_down,-58.23,245.79,16.44,49.31,-369.77,4.89
NSE:LT,LONG,25,2024-03-22T10:00:00+05:30,3603.65,2024-04-02T10:45:00+05:30,3809.05,breakout_up,breakout_down,5135.0,268.67,18.53,55.6,4792.2,11.03
NSE:TATACONSUM,SHORT,65,2024-03-28T15:00:00+05:30,1094.0,2024-04-02T13:30:00+05:30,1101.5,breakout_down,breakout_up,-487.5,221.75,14.27,42.81,-766.33,4.94
NSE:HDFCBANK,LONG,195,2024-04-01T09:15:00+05:30,366.52,2024-04-02T14:30:00+05:30,369.95,breakout_up,breakout_down,667.88,222.67,14.36,43.08,387.76,1.22
NSE:NIFTY,SHORT,4.542643524417805,2024-04-02T10:45:00+05:30,22400.75,2024-04-02T15:00:00+05:30,22452.3,breakout_down,breakout_up,-234.17,66.36,4.08,20.38,-324.98,0.18
NSE:RELIANCE,SHORT,115,2024-04-01T14:30:00+05:30,741.26,2024-04-02T15:00:00+05:30,744.15,breakout_down,breakout_up,-331.77,252.98,17.08,51.25,-653.08,1.02
NSE:ADANIGREEN,SHORT,40,2024-04-02T10:15:00+05:30,1873.3,2024-04-02T15:00:00+05:30,1894.5,breakout_down,breakout_up,-848.0,73.67,15.07,45.21,-981.95,0.2
NSE:SENSEX,SHORT,1.2952824430796264,2024-04-02T10:45:00+05:30,73788.14,2024-04-02T15:15:00+05:30,73940.27,breakout_down,breakout_up,-197.05,65.19,3.83,19.14,-285.21,0.19
NSE:NIFTY,LONG,4.515369320514059,2024-04-02T15:15:00+05:30,22464.3,2024-04-03T09:15:00+05:30,22363.95,breakout_up,breakout_down,-453.12,66.22,4.05,20.24,-543.63,0.75
NSE:BANKNIFTY,LONG,1.7880028480443868,2024-04-01T09:15:00+05:30,47566.5,2024-04-03T09:15:00+05:30,47288.7,breakout_up,breakout_down,-496.71,63.13,3.39,16.96,-580.19,2.0
NSE:HINDUNILVR,LONG,35,2024-03-27T09:15:00+05:30,2259.8,2024-04-03T09:15:00+05:30,2266.05,breakout_up,breakout_down,218.75,239.14,15.84,47.52,-83.75,7.0
NSE:TCS,SHORT,20,2024-04-03T09:15:00+05:30,3876.05,2024-04-03T10:00:00+05:30,3920.05,breakout_down,breakout_up,-880.0,74.58,15.59,46.78,-1016.95,0.03
NSE:INFY,SHORT,50,2024-04-01T15:00:00+05:30,1495.0,2024-04-03T10:00:00+05:30,1485.9,breakout_down,breakout_up,455.0,228.72,14.9,44.71,166.66,1.79
NSE:WIPRO,SHORT,680,2024-04-03T09:15:00+05:30,119.55,2024-04-03T10:00:00+05:30,120.5,breakout_down,breakout_up,-646.0,75.9,16.32,48.97,-787.19,0.03
NSE:HCLTECH,SHORT,40,2024-04-01T14:30:00+05:30,1555.05,2024-04-03T10:15:00+05:30,1554.95,breakout_down,breakout_up,4.0,201.37,12.44,37.32,-247.13,1.82
NSE:HDFCBANK,SHORT,195,2024-04-03T09:15:00+05:30,367.92,2024-04-03T11:00:00+05:30,372.84,breakout_down,breakout_up,-960.37,72.55,14.44,43.33,-1090.7,0.07
NSE:BHARTIARTL,SHORT,65,2024-04-01T11:30:00+05:30,1217.5,2024-04-03T11:00:00+05:30,1215.25,breakout_down,breakout_up,146.25,238.84,15.81,47.44,-155.84,1.98
NSE:SENSEX,SHORT,1.2947287611375904,2024-04-03T09:15:00+05:30,73600.07,2024-04-03T12:00:00+05:30,74016.16,breakout_down,breakout_up,-538.72,65.16,3.82,19.11,-626.81,0.11
NSE:RELIANCE,LONG,115,2024-04-02T15:15:00+05:30,744.25,2024-04-03T14:30:00+05:30,735.65,breakout_up,breakout_down,-989.0,252.32,17.02,51.06,-1309.4,0.97
NSE:ITC,SHORT,195,2024-04-02T13:45:00+05:30,424.7,2024-04-03T14:30:00+05:30,428.05,breakout_down,breakout_up,-653.25,247.96,16.63,49.89,-967.73,1.03
NSE:TATASTEEL,LONG,565,2024-03-22T11:00:00+05:30,151.55,2024-04-03T14:30:00+05:30,163.65,breakout_up,breakout_down,6836.5,260.51,17.81,53.43,6504.75,12.15
NSE:INFY,LONG,50,2024-04-03T10:15:00+05:30,1488.55,2024-04-03T15:00:00+05:30,1481.55,breakout_up,breakout_down,-350.0,73.33,14.85,44.55,-482.73,0.2
NSE:WIPRO,LONG,665,2024-04-03T10:15:00+05:30,121.25,2024-04-04T09:30:00+05:30,120.53,breakout_up,breakout_down,-482.12,241.83,16.08,48.23,-788.27,0.97
NSE:TATACONSUM,LONG,65,2024-04-02T13:45:00+05:30,1113.0,2024-04-04T09:30:00+05:30,1112.0,breakout_up,breakout_down,-65.0,223.85,14.46,43.39,-346.7,1.82
NSE:NIFTY,LONG,4.4883049709238305,2024-04-03T12:00:00+05:30,22479.0,2024-04-04T09:45:00+05:30,22401.3,breakout_up,breakout_down,-348.74,66.14,4.03,20.14,-439.05,0.91
NSE:SENSEX,LONG,1.2788233635033222,2024-04-03T12:15:00+05:30,74026.79,2024-04-04T09:45:00+05:30,73822.07,breakout_up,breakout_down,-261.8,64.98,3.78,18.91,-349.47,0.9
NSE:BHARTIARTL,LONG,65,2024-04-03T11:45:00+05:30,1218.0,2024-04-04T10:15:00+05:30,1210.6,breakout_up,breakout_down,-481.0,238.58,15.79,47.36,-782.73,0.94
NSE:SBIN,LONG,125,2024-03-28T10:30:00+05:30,746.4,2024-04-04T10:45:00+05:30,763.0,breakout_up,breakout_down,2075.0,272.63,18.87,56.6,1726.9,7.01
NSE:HINDUNILVR,SHORT,35,2024-04-03T09:30:00+05:30,2264.6,2024-04-04T12:30:00+05:30,2277.55,breakout_down,breakout_up,-453.25,239.82,15.9,47.69,-756.66,1.12
NSE:LT,SHORT,25,2024-04-02T11:15:00+05:30,3795.95,2024-04-04T13:15:00+05:30,3811.95,breakout_down,breakout_up,-400.0,274.51,19.02,57.06,-750.59,2.08
NSE:WIPRO,SHORT,665,2024-04-04T09:45:00+05:30,120.42,2024-04-04T13:30:00+05:30,121.67,breakout_down,breakout_up,-824.6,75.48,16.1,48.3,-964.48,0.16
NSE:INFY,SHORT,50,2024-04-04T09:45:00+05:30,1475.2,2024-04-04T14:15:00+05:30,1492.0,breakout_down,breakout_up,-840.0,73.25,14.84,44.51,-972.6,0.19
NSE:HCLTECH,SHORT,40,2024-04-03T14:45:00+05:30,1538.65,2024-04-04T14:15:00+05:30,1551.05,breakout_down,breakout_up,-496.0,200.5,12.36,37.08,-745.94,0.98
NSE:ADANIGREEN,LONG,40,2024-04-04T09:15:00+05:30,1907.15,2024-04-04T14:30:00+05:30,1883.65,breakout_up,breakout_down,-940.0,73.82,15.16,45.49,-1074.47,0.22
NSE:ITC,SHORT,190,2024-04-04T09:45:00+05:30,422.1,2024-04-05T12:30:00+05:30,425.3,breakout_down,breakout_up,-608.0,242.09,16.1,48.3,-914.49,1.11
NSE:ICICIBANK,SHORT,65,2024-04-02T09:15:00+05:30,1087.6,2024-04-05T14:15:00+05:30,1079.6,breakout_down,breakout_up,520.0,219.63,14.09,42.26,244.03,3.21
NSE:SENSEX,SHORT,1.2791418836909967,2024-04-04T10:00:00+05:30,73735.97,2024-04-05T15:15:00+05:30,74307.79,breakout_down,breakout_up,-731.44,64.98,3.79,18.94,-819.14,1.22
NSE:SBIN,SHORT,125,2024-04-04T11:45:00+05:30,760.45,2024-04-05T15:15:00+05:30,765.9,breakout_down,breakout_up,-681.25,275.2,19.08,57.24,-1032.76,1.15
NSE:NIFTY,SHORT,4.489382480506257,2024-04-04T10:00:00+05:30,22376.1,2024-04-08T09:15:00+05:30,22581.95,breakout_down,breakout_up,-924.14,66.14,4.04,20.18,-1014.5,3.97
NSE:RELIANCE,SHORT,115,2024-04-04T09:30:00+05:30,732.41,2024-04-08T09:15:00+05:30,738.1,breakout_down,breakout_up,-653.78,251.1,16.91,50.73,-972.52,3.99
NSE:HDFCBANK,LONG,190,2024-04-03T11:15:00+05:30,373.09,2024-04-08T09:15:00+05:30,385.54,breakout_up,breakout_down,2365.5,223.12,14.41,43.24,2084.72,4.92
NSE:TATASTEEL,SHORT,570,2024-04-04T10:45:00+05:30,162.25,2024-04-08T09:15:00+05:30,166.0,breakout_down,breakout_up,-2137.5,271.2,18.71,56.13,-2483.54,3.94
NSE:WIPRO,LONG,645,2024-04-04T14:15:00+05:30,122.67,2024-04-08T09:15:00+05:30,120.55,breakout_up,breakout_down,-1364.18,237.55,15.69,47.06,-1664.48,3.79
NSE:TATACONSUM,SHORT,65,2024-04-04T10:00:00+05:30,1109.25,2024-04-08T09:15:00+05:30,1121.3,breakout_down,breakout_up,-783.25,224.3,14.5,43.5,-1065.54,3.97
NSE:LT,SHORT,25,2024-04-05T09:45:00+05:30,3726.0,2024-04-08T09:15:00+05:30,3764.95,breakout_down,breakout_up,-973.75,271.31,18.73,56.18,-1319.97,2.98
NSE:BHARTIARTL,SHORT,65,2024-04-05T11:30:00+05:30,1193.3,2024-04-08T12:45:00+05:30,1201.85,breakout_down,breakout_up,-555.75,236.17,15.57,46.71,-854.2,3.05
NSE:INFY,LONG,50,2024-04-08T09:15:00+05:30,1487.0,2024-04-08T13:15:00+05:30,1475.95,breakout_up,breakout_down,-552.5,73.25,14.81,44.44,-685.01,0.17
NSE:ADANIGREEN,LONG,40,2024-04-05T09:45:00+05:30,1912.75,2024-04-08T14:30:00+05:30,1922.1,breakout_up,breakout_down,374.0,233.56,15.34,46.02,79.09,3.2
NSE:TCS,LONG,20,2024-04-03T10:15:00+05:30,3927.05,2024-04-08T15:15:00+05:30,3964.9,breakout_up,breakout_down,757.0,238.47,15.78,47.35,455.4,5.21
NSE:RELIANCE,LONG,110,2024-04-08T09:30:00+05:30,740.5,2024-04-09T09:15:00+05:30,739.5,breakout_up,breakout_down,-110.0,244.05,16.28,48.84,-419.17,0.99
NSE:TATACONSUM,LONG,60,2024-04-08T09:30:00+05:30,1128.65,2024-04-09T10:45:00+05:30,1127.65,breakout_up,breakout_down,-60.0,213.57,13.54,40.61,-327.72,1.05
NSE:HINDUNILVR,LONG,35,2024-04-04T13:15:00+05:30,2279.7,2024-04-09T12:00:00+05:30,2259.5,breakout_up,breakout_down,-707.0,239.73,15.89,47.66,-1010.27,4.95
NSE:NIFTY,LONG,4.398788138022733,2024-04-08T09:30:00+05:30,22607.0,2024-04-09T13:30:00+05:30,22652.5,breakout_up,breakout_down,200.14,65.94,3.98,19.91,110.31,1.17
NSE:SBIN,LONG,125,2024-04-08T14:15:00+05:30,768.5,2024-04-09T13:30:00+05:30,763.95,breakout_up,breakout_down,-568.75,276.03,19.16,57.47,-921.41,0.97
NSE:SENSEX,LONG,1.2553156655307127,2024-04-08T09:15:00+05:30,74484.91,2024-04-09T13:45:00+05:30,74706.68,breakout_up,breakout_down,278.39,64.84,3.75,18.73,191.08,1.19
NSE:BANKNIFTY,LONG,1.7574239278343307,2024-04-04T09:15:00+05:30,48065.0,2024-04-09T14:00:00+05:30,48593.75,breakout_up,breakout_down,929.24,63.23,3.4,16.99,845.62,5.2
NSE:ITC,LONG,190,2024-04-05T13:15:00+05:30,427.0,2024-04-09T14:00:00+05:30,426.75,breakout_up,breakout_down,-47.5,243.39,16.22,48.66,-355.77,4.03
NSE:HCLTECH,LONG,40,2024-04-05T14:45:00+05:30,1543.85,2024-04-09T14:30:00+05:30,1535.7,breakout_up,breakout_down,-326.0,200.04,12.32,36.95,-575.31,3.99
NSE:LT,LONG,25,2024-04-08T09:30:00+05:30,3778.8,2024-04-09T14:30:00+05:30,3779.45,breakout_up,breakout_down,16.25,273.1,18.9,56.69,-332.43,1.21
NSE:RELIANCE,SHORT,110,2024-04-09T12:00:00+05:30,737.12,2024-04-10T10:00:00+05:30,743.0,breakout_down,breakout_up,-646.25,244.1,16.28,48.84,-955.48,0.92
NSE:INFY,LONG,50,2024-04-09T09:15:00+05:30,1504.65,2024-04-10T10:00:00+05:30,1487.55,breakout_up,breakout_down,-855.0,229.44,14.96,44.88,-1144.29,1.03
NSE:TATACONSUM,SHORT,60,2024-04-09T14:00:00+05:30,1123.25,2024-04-10T13:00:00+05:30,1136.0,breakout_down,breakout_up,-765.0,213.82,13.56,40.67,-1033.04,0.96
NSE:NIFTY,SHORT,4.401608689017258,2024-04-09T14:00:00+05:30,22617.5,2024-04-10T13:15:00+05:30,22728.0,breakout_down,breakout_up,-486.38,65.95,3.99,19.96,-576.28,0.97
NSE:ITC,SHORT,185,2024-04-09T14:30:00+05:30,426.05,2024-04-10T13:15:00+05:30,431.35,breakout_down,breakout_up,-980.5,239.47,15.86,47.59,-1283.41,0.95
NSE:SENSEX,SHORT,1.2557314338434908,2024-04-09T14:00:00+05:30,74611.96,2024-04-10T13:30:00+05:30,75010.62,breakout_down,breakout_up,-500.61,64.85,3.76,18.79,-588.01,0.98
NSE:WIPRO,SHORT,645,2024-04-08T10:30:00+05:30,119.72,2024-04-10T13:30:00+05:30,119.84,breakout_down,breakout_up,-80.62,234.83,15.45,46.35,-377.27,2.12
NSE:SBIN,SHORT,120,2024-04-09T13:45:00+05:30,763.4,2024-04-10T14:00:00+05:30,772.3,breakout_down,breakout_up,-1068.0,267.99,18.43,55.29,-1409.7,1.01
NSE:HCLTECH,LONG,40,2024-04-10T10:45:00+05:30,1550.5,2024-04-10T14:00:00+05:30,1537.85,breakout_up,breakout_down,-506.0,68.91,12.35,37.06,-624.33,0.14
NSE:TCS,SHORT,20,2024-04-09T12:15:00+05:30,3947.0,2024-04-10T14:45:00+05:30,3975.0,breakout_down,breakout_up,-560.0,239.23,15.84,47.53,-862.61,1.1
NSE:TATASTEEL,LONG,540,2024-04-08T14:45:00+05:30,165.65,2024-04-10T15:00:00+05:30,164.85,breakout_up,breakout_down,-432.0,261.48,17.85,53.54,-764.87,2.01
NSE:LT,SHORT,25,2024-04-10T10:00:00+05:30,3773.6,2024-04-12T09:15:00+05:30,3783.6,breakout_down,breakout_up,-250.0,273.09,18.89,56.68,-598.66,1.97
NSE:NIFTY,LONG,4.352056645301429,2024-04-10T13:30:00+05:30,22743.0,2024-04-12T09:30:00+05:30,22640.55,breakout_up,breakout_down,-445.87,65.76,3.95,19.75,-535.33,1.83
NSE:ICICIBANK,LONG,65,2024-04-05T15:00:00+05:30,1084.1,2024-04-12T12:15:00+05:30,1099.65,breakout_up,breakout_down,1010.75,220.79,14.19,42.58,733.19,6.89
NSE:INFY,LONG,45,2024-04-10T13:30:00+05:30,1507.2,2024-04-12T12:15:00+05:30,1490.55,breakout_up,breakout_down,-749.25,213.09,13.49,40.47,-1016.3,1.95
NSE:ITC,LONG,180,2024-04-10T13:30:00+05:30,434.25,2024-04-12T14:00:00+05:30,429.95,breakout_up,breakout_down,-774.0,236.05,15.56,46.67,-1072.27,2.02
NSE:SBIN,LONG,120,2024-04-10T14:15:00+05:30,776.25,2024-04-12T14:00:00+05:30,770.75,breakout_up,breakout_down,-660.0,269.47,18.56,55.69,-1003.72,1.99
NSE:WIPRO,LONG,640,2024-04-12T10:30:00+05:30,119.94,2024-04-12T14:45:00+05:30,118.12,breakout_up,breakout_down,-1161.6,73.92,15.24,45.71,-1296.47,0.18
NSE:RELIANCE,LONG,110,2024-04-12T10:30:00+05:30,743.12,2024-04-12T15:00:00+05:30,732.0,breakout_up,breakout_down,-1222.65,75.66,16.23,48.68,-1363.22,0.19
NSE:BANKNIFTY,LONG,1.7415414090741237,2024-04-10T14:30:00+05:30,48987.45,2024-04-15T09:15:00+05:30,48010.0,breakout_up,breakout_down,-1702.27,63.01,3.38,16.89,-1785.55,4.78
NSE:TATACONSUM,LONG,60,2024-04-10T13:15:00+05:30,1138.65,2024-04-15T09:15:00+05:30,1122.15,breakout_up,breakout_down,-990.0,213.94,13.56,40.69,-1258.2,4.83
NSE:ICICIBANK,LONG,65,2024-04-12T15:00:00+05:30,1105.0,2024-04-15T09:30:00+05:30,1091.8,breakout_up,breakout_down,-858.0,221.87,14.28,42.84,-1136.99,2.77
NSE:TCS,LONG,20,2024-04-10T15:00:00+05:30,3982.9,2024-04-15T13:00:00+05:30,3960.05,breakout_up,breakout_down,-457.0,239.69,15.89,47.66,-760.24,4.92
NSE:TATACONSUM,SHORT,60,2024-04-15T09:30:00+05:30,1112.5,2024-04-15T14:15:00+05:30,1130.5,breakout_down,breakout_up,-1080.0,70.8,13.46,40.37,-1204.63,0.2
NSE:BHARTIARTL,LONG,65,2024-04-08T13:00:00+05:30,1209.35,2024-04-16T10:45:00+05:30,1218.35,breakout_up,breakout_down,585.0,238.44,15.78,47.34,283.44,7.91
NSE:HINDUNILVR,SHORT,35,2024-04-09T12:15:00+05:30,2256.9,2024-04-16T11:00:00+05:30,2200.45,breakout_down,breakout_up,1975.75,236.34,15.6,46.8,1677.01,6.95
NSE:HDFCBANK,SHORT,190,2024-04-10T15:15:00+05:30,383.74,2024-04-16T12:00:00+05:30,376.0,breakout_down,breakout_up,1470.6,223.43,14.44,43.31,1189.43,5.86
NSE:RELIANCE,SHORT,110,2024-04-15T09:15:00+05:30,725.67,2024-04-16T15:00:00+05:30,735.16,breakout_down,breakout_up,-1043.9,241.77,16.07,48.21,-1349.95,1.24
NSE:SBIN,SHORT,120,2024-04-12T14:15:00+05:30,769.95,2024-04-16T15:00:00+05:30,752.85,breakout_down,breakout_up,2052.0,266.04,18.27,54.82,1712.87,4.03
NSE:BANKNIFTY,SHORT,1.742055285283698,2024-04-15T09:30:00+05:30,47951.1,2024-04-16T15:15:00+05:30,47598.25,breakout_down,breakout_up,614.68,62.89,3.33,16.65,531.82,1.24
NSE:NIFTY,SHORT,4.359826244442961,2024-04-12T12:30:00+05:30,22580.05,2024-04-18T09:15:00+05:30,22267.05,breakout_down,breakout_up,1364.63,65.67,3.91,19.55,1275.49,5.86
NSE:SENSEX,SHORT,1.2470100371986717,2024-04-12T09:30:00+05:30,74663.66,2024-04-18T09:15:00+05:30,73278.25,breakout_down,breakout_up,1727.62,64.65,3.69,18.45,1640.83,5.99
NSE:ADANIGREEN,SHORT,40,2024-04-08T15:00:00+05:30,1914.6,2024-04-18T09:15:00+05:30,1829.65,breakout_down,breakout_up,3398.0,229.3,14.98,44.93,3108.79,9.76
NSE:LT,SHORT,25,2024-04-12T12:30:00+05:30,3737.2,2024-04-18T09:15:00+05:30,3585.9,breakout_down,breakout_up,3782.5,266.29,18.31,54.92,3442.98,5.86
NSE:TCS,SHORT,20,2024-04-15T13:45:00+05:30,3937.55,2024-04-18T11:00:00+05:30,3928.2,breakout_down,breakout_up,187.0,237.93,15.73,47.19,-113.85,2.89
NSE:INFY,SHORT,45,2024-04-12T12:30:00+05:30,1484.1,2024-04-18T12:00:00+05:30,1436.0,breakout_down,breakout_up,2164.5,208.99,13.14,39.42,1902.95,5.98
NSE:WIPRO,SHORT,645,2024-04-12T15:00:00+05:30,117.61,2024-04-18T12:15:00+05:30,113.53,breakout_down,breakout_up,2638.05,228.6,14.91,44.73,2349.82,5.89
NSE:BANKNIFTY,LONG,1.7605367249111132,2024-04-18T09:15:00+05:30,47748.9,2024-04-18T13:15:00+05:30,47346.95,breakout_up,breakout_down,-707.65,62.92,3.35,16.74,-790.65,0.17
NSE:HDFCBANK,LONG,195,2024-04-16T14:45:00+05:30,376.62,2024-04-18T13:15:00+05:30,375.29,breakout_up,breakout_down,-258.37,226.08,14.66,43.99,-543.1,1.94
NSE:NIFTY,LONG,4.475015602846638,2024-04-18T11:00:00+05:30,22283.0,2024-04-18T14:30:00+05:30,22056.15,breakout_up,breakout_down,-1015.16,65.82,3.97,19.84,-1104.78,0.15
NSE:SENSEX,LONG,1.292148563733466,2024-04-18T11:00:00+05:30,73321.49,2024-04-18T14:30:00+05:30,72649.63,breakout_up,breakout_down,-868.14,64.9,3.77,18.86,-955.68,0.15
NSE:SBIN,LONG,120,2024-04-18T09:15:00+05:30,758.6,2024-04-18T14:30:00+05:30,747.0,breakout_up,breakout_down,-1392.0,78.89,18.07,54.2,-1543.15,0.22
NSE:RELIANCE,LONG,105,2024-04-18T09:15:00+05:30,740.91,2024-04-19T09:15:00+05:30,727.29,breakout_up,breakout_down,-1430.62,234.55,15.42,46.25,-1726.84,1.0
NSE:INFY,LONG,50,2024-04-18T12:15:00+05:30,1442.0,2024-04-19T09:15:00+05:30,1389.85,breakout_up,breakout_down,-2607.5,220.67,14.16,42.48,-2884.8,0.88
NSE:TATACONSUM,LONG,55,2024-04-15T14:30:00+05:30,1132.2,2024-04-19T09:15:00+05:30,1121.15,breakout_up,breakout_down,-607.75,200.89,12.39,37.18,-858.22,3.78
NSE:LT,LONG,25,2024-04-18T11:00:00+05:30,3595.75,2024-04-19T09:15:00+05:30,3494.2,breakout_up,breakout_down,-2538.75,260.28,17.72,53.17,-2869.93,0.93
NSE:ICICIBANK,SHORT,65,2024-04-15T10:00:00+05:30,1087.25,2024-04-19T12:30:00+05:30,1063.3,breakout_down,breakout_up,1556.75,218.35,13.98,41.94,1282.49,4.1
NSE:ITC,SHORT,180,2024-04-12T14:30:00+05:30,429.3,2024-04-19T12:45:00+05:30,425.0,breakout_down,breakout_up,774.0,233.95,15.38,46.13,478.54,6.93
NSE:WIPRO,SHORT,705,2024-04-18T15:00:00+05:30,110.8,2024-04-19T13:15:00+05:30,111.94,breakout_down,breakout_up,-803.7,237.69,15.7,47.11,-1104.2,0.93
NSE:NIFTY,SHORT,4.477659125780982,2024-04-18T14:45:00+05:30,22023.85,2024-04-19T13:45:00+05:30,22142.05,breakout_down,breakout_up,-529.26,65.78,3.96,19.78,-618.77,0.96
NSE:BANKNIFTY,SHORT,1.769858937895207,2024-04-18T14:30:00+05:30,47052.0,2024-04-19T13:45:00+05:30,47512.15,breakout_down,breakout_up,-814.4,62.91,3.35,16.74,-897.39,0.97
NSE:SENSEX,SHORT,1.2923580855897165,2024-04-18T14:45:00+05:30,72572.33,2024-04-19T13:45:00+05:30,73047.02,breakout_down,breakout_up,-613.47,64.88,3.76,18.82,-700.93,0.96
NSE:SBIN,SHORT,120,2024-04-18T14:45:00+05:30,745.9,2024-04-19T13:45:00+05:30,747.75,breakout_down,breakout_up,-222.0,262.32,17.92,53.77,-556.02,0.96
NSE:TATASTEEL,SHORT,545,2024-04-12T09:30:00+05:30,163.1,2024-04-19T13:45:00+05:30,162.1,breakout_down,breakout_up,545.0,260.04,17.72,53.17,214.07,7.18
NSE:HCLTECH,SHORT,40,2024-04-12T09:30:00+05:30,1529.65,2024-04-22T09:15:00+05:30,1461.15,breakout_down,breakout_up,2740.0,195.86,11.96,35.89,2496.28,9.99
NSE:ADANIGREEN,SHORT,40,2024-04-18T14:30:00+05:30,1800.9,2024-04-22T09:15:00+05:30,1800.95,breakout_down,breakout_up,-2.0,223.23,14.41,43.22,-282.86,3.78
NSE:RELIANCE,SHORT,105,2024-04-19T09:30:00+05:30,724.54,2024-04-22T10:45:00+05:30,739.16,breakout_down,breakout_up,-1535.62,234.03,15.37,46.11,-1831.13,3.05
NSE:HDFCBANK,LONG,195,2024-04-19T12:15:00+05:30,377.5,2024-04-22T14:00:00+05:30,377.96,breakout_up,breakout_down,90.67,226.82,14.73,44.19,-195.08,3.07
NSE:TCS,SHORT,20,2024-04-19T09:15:00+05:30,3814.45,2024-04-22T14:45:00+05:30,3849.15,breakout_down,breakout_up,-694.0,233.5,15.33,45.98,-988.81,3.23
NSE:TATACONSUM,LONG,55,2024-04-22T09:45:00+05:30,1155.6,2024-04-23T10:30:00+05:30,1156.55,breakout_up,breakout_down,52.25,204.44,12.72,38.15,-203.06,1.03
NSE:TATASTEEL,LONG,545,2024-04-22T09:15:00+05:30,163.65,2024-04-23T14:15:00+05:30,161.5,breakout_up,breakout_down,-1171.75,260.13,17.72,53.16,-1502.77,1.21
NSE:TATACONSUM,SHORT,55,2024-04-23T10:45:00+05:30,1155.55,2024-04-23T14:45:00+05:30,1174.25,breakout_down,breakout_up,-1028.5,69.67,12.81,38.44,-1149.42,0.17
NSE:HDFCBANK,SHORT,195,2024-04-22T14:15:00+05:30,377.38,2024-04-24T09:15:00+05:30,378.44,breakout_down,breakout_up,-207.67,226.92,14.74,44.22,-493.55,1.79
NSE:TATASTEEL,SHORT,545,2024-04-23T15:15:00+05:30,161.1,2024-04-24T09:15:00+05:30,162.85,breakout_down,breakout_up,-953.75,259.39,17.66,52.97,-1283.76,0.75
NSE:HINDUNILVR,LONG,35,2024-04-16T11:15:00+05:30,2206.6,2024-04-24T09:15:00+05:30,2254.95,breakout_up,breakout_down,1692.25,236.53,15.62,46.85,1393.26,7.92
NSE:INFY,LONG,50,2024-04-19T14:15:00+05:30,1416.35,2024-04-24T10:00:00+05:30,1435.0,breakout_up,breakout_down,932.5,221.48,14.26,42.77,653.99,4.82
NSE:TCS,LONG,20,2024-04-22T15:00:00+05:30,3864.95,2024-04-24T11:15:00+05:30,3862.85,breakout_up,breakout_down,-42.0,234.88,15.46,46.37,-338.7,1.84
NSE:HCLTECH,LONG,45,2024-04-23T09:15:00+05:30,1482.0,2024-04-24T13:30:00+05:30,1480.6,breakout_up,breakout_down,-63.0,211.28,13.33,40.0,-327.61,1.18
NSE:SBIN,LONG,120,2024-04-19T15:00:00+05:30,751.4,2024-04-24T13:45:00+05:30,770.5,breakout_up,breakout_down,2292.0,265.9,18.26,54.79,1953.05,4.95
NSE:WIPRO,LONG,680,2024-04-19T13:45:00+05:30,113.24,2024-04-24T13:45:00+05:30,115.25,breakout_up,breakout_down,1366.8,235.68,15.54,46.61,1068.97,5.0
NSE:ADANIGREEN,LONG,40,2024-04-23T09:15:00+05:30,1836.8,2024-04-24T14:15:00+05:30,1806.65,breakout_up,breakout_down,-1206.0,225.17,14.57,43.72,-1489.46,1.21
NSE:NIFTY,LONG,4.4243457267496815,2024-04-19T14:00:00+05:30,22149.8,2024-04-24T14:30:00+05:30,22402.0,breakout_up,breakout_down,1115.82,65.81,3.94,19.71,1026.36,5.02
NSE:SENSEX,LONG,1.2743416403805226,2024-04-19T14:00:00+05:30,73049.96,2024-04-24T14:30:00+05:30,73841.52,breakout_up,breakout_down,1008.72,64.87,3.74,18.72,921.39,5.02
NSE:HDFCBANK,LONG,190,2024-04-24T09:45:00+05:30,379.39,2024-04-24T14:30:00+05:30,377.81,breakout_up,breakout_down,-299.25,72.52,14.39,43.16,-429.32,0.2
NSE:BHARTIARTL,LONG,65,2024-04-18T09:15:00+05:30,1228.8,2024-04-24T14:30:00+05:30,1336.5,breakout_up,breakout_down,7000.5,247.9,16.67,50.02,6685.91,6.22
NSE:BANKNIFTY,LONG,1.73278190631708,2024-04-19T14:00:00+05:30,47542.45,2024-04-25T09:15:00+05:30,48026.55,breakout_up,breakout_down,838.84,62.83,3.31,16.56,756.14,5.8
NSE:HINDUNILVR,LONG,35,2024-04-24T14:30:00+05:30,2262.5,2024-04-25T09:15:00+05:30,2232.0,breakout_up,breakout_down,-1067.5,238.01,15.73,47.19,-1368.44,0.78
NSE:HCLTECH,SHORT,45,2024-04-24T14:30:00+05:30,1477.85,2024-04-25T09:15:00+05:30,1492.65,breakout_down,breakout_up,-666.0,211.72,13.37,40.1,-931.19,0.78
NSE:LT,LONG,25,2024-04-19T14:00:00+05:30,3536.15,2024-04-25T09:15:00+05:30,3618.6,breakout_up,breakout_down,2061.25,261.74,17.89,53.66,1727.96,5.8
NSE:NIFTY,SHORT,4.4325620825636385,2024-04-25T09:15:00+05:30,22339.6,2024-04-25T13:30:00+05:30,22485.85,breakout_down,breakout_up,-648.26,65.86,3.97,19.87,-737.97,0.18
NSE:SENSEX,SHORT,1.2760913123038284,2024-04-25T09:15:00+05:30,73669.68,2024-04-25T13:45:00+05:30,74156.7,breakout_down,breakout_up,-621.48,64.92,3.77,18.86,-709.04,0.19
NSE:RELIANCE,SHORT,100,2024-04-23T11:00:00+05:30,734.62,2024-04-25T14:00:00+05:30,731.64,breakout_down,breakout_up,297.5,226.04,14.66,43.99,12.81,2.12
NSE:INFY,SHORT,50,2024-04-24T10:15:00+05:30,1434.4,2024-04-25T14:00:00+05:30,1443.2,breakout_down,breakout_up,-440.0,223.05,14.39,43.16,-720.6,1.16
NSE:ADANIGREEN,SHORT,40,2024-04-24T14:45:00+05:30,1801.75,2024-04-25T15:00:00+05:30,1815.15,breakout_down,breakout_up,-536.0,223.94,14.47,43.4,-817.81,1.01
NSE:HDFCBANK,SHORT,190,2024-04-24T15:00:00+05:30,377.54,2024-04-26T09:15:00+05:30,379.87,breakout_down,breakout_up,-441.75,223.08,14.39,43.17,-722.39,1.76
NSE:WIPRO,SHORT,680,2024-04-24T14:15:00+05:30,114.95,2024-04-26T09:15:00+05:30,116.39,breakout_down,breakout_up,-979.2,238.01,15.73,47.19,-1280.14,1.79
NSE:LT,LONG,25,2024-04-25T10:00:00+05:30,3660.85,2024-04-26T10:00:00+05:30,3620.0,breakout_up,breakout_down,-1021.25,265.47,18.2,54.61,-1359.53,1.0
NSE:SENSEX,LONG,1.2537207345136592,2024-04-25T14:00:00+05:30,74420.34,2024-04-26T12:30:00+05:30,74101.07,breakout_up,breakout_down,-400.28,64.7,3.72,18.62,-487.32,0.94
NSE:NIFTY,LONG,4.368786669078836,2024-04-25T13:45:00+05:30,22497.3,2024-04-26T13:15:00+05:30,22453.6,breakout_up,breakout_down,-190.92,65.67,3.93,19.64,-280.15,0.98
NSE:TATASTEEL,LONG,525,2024-04-24T10:15:00+05:30,163.6,2024-04-26T13:15:00+05:30,166.45,breakout_up,breakout_down,1496.25,255.57,17.33,51.98,1171.37,2.12
NSE:BANKNIFTY,LONG,1.7211254743221645,2024-04-25T10:00:00+05:30,48302.45,2024-04-26T13:30:00+05:30,48286.35,breakout_up,breakout_down,-27.71,62.84,3.32,16.62,-110.5,1.15
NSE:HINDUNILVR,LONG,35,2024-04-26T09:15:00+05:30,2241.65,2024-04-26T13:30:00+05:30,2226.9,breakout_up,breakout_down,-516.25,74.7,15.64,46.92,-653.51,0.18
NSE:HDFCBANK,LONG,185,2024-04-26T09:30:00+05:30,381.4,2024-04-26T14:00:00+05:30,377.26,breakout_up,breakout_down,-764.97,71.85,14.04,42.11,-892.97,0.19
NSE:HCLTECH,LONG,40,2024-04-25T09:45:00+05:30,1500.5,2024-04-26T14:00:00+05:30,1499.7,breakout_up,breakout_down,-32.0,196.49,12.0,36.0,-276.49,1.18
NSE:BANKNIFTY,SHORT,1.7206489232405426,2024-04-26T13:45:00+05:30,48251.8,2024-04-29T09:15:00+05:30,48574.2,breakout_down,breakout_up,-554.74,62.85,3.33,16.66,-637.58,2.81
NSE:ITC,LONG,185,2024-04-22T15:00:00+05:30,425.45,2024-04-29T09:30:00+05:30,438.0,breakout_up,breakout_down,2321.75,240.46,15.97,47.92,2017.39,6.77
NSE:WIPRO,LONG,650,2024-04-26T09:30:00+05:30,118.39,2024-04-29T09:45:00+05:30,115.75,breakout_up,breakout_down,-1716.0,232.38,15.22,45.66,-2009.25,3.01
NSE:TATASTEEL,SHORT,525,2024-04-26T14:15:00+05:30,166.0,2024-04-29T10:00:00+05:30,168.6,breakout_down,breakout_up,-1365.0,258.44,17.57,52.7,-1693.7,2.82
NSE:SENSEX,SHORT,1.2559498021840574,2024-04-26T13:15:00+05:30,73901.41,2024-04-29T10:15:00+05:30,74259.23,breakout_down,breakout_up,-449.4,64.69,3.72,18.61,-536.42,2.88
NSE:BHARTIARTL,SHORT,65,2024-04-26T13:30:00+05:30,1323.5,2024-04-29T10:15:00+05:30,1332.85,breakout_down,breakout_up,-607.75,255.04,17.27,51.8,-931.86,2.86
NSE:LT,SHORT,25,2024-04-26T10:15:00+05:30,3617.7,2024-04-29T10:30:00+05:30,3645.3,breakout_down,breakout_up,-690.0,264.95,18.16,54.47,-1027.58,3.01
NSE:NIFTY,SHORT,4.3736834577018255,2024-04-26T15:00:00+05:30,22408.25,2024-04-29T11:45:00+05:30,22554.3,breakout_down,breakout_up,-638.78,65.67,3.93,19.67,-728.04,2.86
NSE:TCS,SHORT,20,2024-04-24T11:30:00+05:30,3860.9,2024-04-29T12:15:00+05:30,3865.5,breakout_down,breakout_up,-92.0,234.85,15.45,46.36,-388.66,5.03
NSE:ADANIGREEN,SHORT,40,2024-04-29T09:45:00+05:30,1798.95,2024-04-29T15:00:00+05:30,1808.7,breakout_down,breakout_up,-390.0,72.59,14.43,43.29,-520.31,0.22
NSE:WIPRO,SHORT,645,2024-04-29T10:00:00+05:30,115.47,2024-04-30T09:15:00+05:30,116.14,breakout_down,breakout_up,-428.93,229.17,14.94,44.82,-717.85,0.97
NSE:TATACONSUM,SHORT,55,2024-04-24T09:15:00+05:30,1120.7,2024-04-30T09:15:00+05:30,1110.3,breakout_down,breakout_up,572.0,199.44,12.27,36.81,323.48,6.0
NSE:BHARTIARTL,LONG,65,2024-04-29T10:30:00+05:30,1343.7,2024-04-30T09:15:00+05:30,1324.4,breakout_up,breakout_down,-1254.5,255.94,17.34,52.03,-1579.81,0.95
NSE:ITC,SHORT,185,2024-04-29T09:45:00+05:30,436.5,2024-04-30T09:45:00+05:30,440.2,breakout_down,breakout_up,-684.5,243.41,16.22,48.66,-992.79,1.0
NSE:HINDUNILVR,SHORT,35,2024-04-26T13:45:00+05:30,2226.25,2024-04-30T09:45:00+05:30,2235.0,breakout_down,breakout_up,-306.25,236.66,15.61,46.84,-605.37,3.83
NSE:TCS,LONG,20,2024-04-30T09:30:00+05:30,3879.0,2024-04-30T11:15:00+05:30,3852.65,breakout_up,breakout_down,-527.0,74.39,15.46,46.39,-663.25,0.07
NSE:ICICIBANK,LONG,65,2024-04-19T15:00:00+05:30,1069.85,2024-04-30T13:15:00+05:30,1154.2,breakout_up,breakout_down,5482.75,223.36,14.46,43.37,5201.56,10.93
NSE:NIFTY,LONG,4.312337368946442,2024-04-29T12:00:00+05:30,22558.7,2024-04-30T14:45:00+05:30,22693.95,breakout_up,breakout_down,583.24,65.59,3.9,19.51,494.23,1.11
NSE:SENSEX,LONG,1.2409830465427683,2024-04-29T11:45:00+05:30,74361.73,2024-04-30T14:45:00+05:30,74805.92,breakout_up,breakout_down,551.23,64.65,3.7,18.51,464.37,1.12
NSE:RELIANCE,LONG,100,2024-04-29T09:15:00+05:30,732.25,2024-04-30T14:45:00+05:30,736.5,breakout_up,breakout_down,425.0,226.31,14.69,44.06,139.94,1.23
NSE:HDFCBANK,LONG,185,2024-04-29T11:15:00+05:30,379.56,2024-04-30T14:45:00+05:30,381.43,breakout_up,breakout_down,344.1,219.55,14.08,42.23,68.24,1.15
NSE:BANKNIFTY,LONG,1.6918977579079006,2024-04-29T10:15:00+05:30,48696.05,2024-04-30T15:00:00+05:30,49410.25,breakout_up,breakout_down,1208.35,62.88,3.32,16.6,1125.55,1.2
NSE:ADANIGREEN,LONG,40,2024-04-30T09:30:00+05:30,1828.2,2024-04-30T15:00:00+05:30,1795.5,breakout_up,breakout_down,-1308.0,72.6,14.49,43.48,-1438.58,0.23
NSE:SBIN,LONG,120,2024-04-25T09:15:00+05:30,776.1,2024-04-30T15:15:00+05:30,821.0,breakout_up,breakout_down,5388.0,275.69,19.17,57.5,5035.64,5.25
NSE:WIPRO,LONG,635,2024-04-30T09:30:00+05:30,116.42,2024-05-02T09:15:00+05:30,114.54,breakout_up,breakout_down,-1190.62,226.19,14.67,44.0,-1475.48,1.99
NSE:TATASTEEL,SHORT,515,2024-04-29T14:45:00+05:30,167.05,2024-05-02T10:00:00+05:30,166.8,breakout_down,breakout_up,128.75,254.18,17.19,51.58,-194.2,2.8
NSE:ITC,SHORT,180,2024-04-30T14:15:00+05:30,436.9,2024-05-02T11:30:00+05:30,440.0,breakout_down,breakout_up,-558.0,238.57,15.78,47.35,-859.71,1.89
NSE:TCS,SHORT,20,2024-04-30T15:00:00+05:30,3815.7,2024-05-02T13:30:00+05:30,3867.3,breakout_down,breakout_up,-1032.0,233.96,15.37,46.1,-1327.42,1.94
NSE:ADANIGREEN,SHORT,40,2024-05-02T09:15:00+05:30,1772.45,2024-05-02T14:00:00+05:30,1802.5,breakout_down,breakout_up,-1202.0,72.27,14.3,42.9,-1331.47,0.2
NSE:NIFTY,SHORT,4.325580735741426,2024-04-30T15:00:00+05:30,22603.55,2024-05-03T09:15:00+05:30,22791.3,breakout_down,breakout_up,-812.13,65.63,3.93,19.64,-901.32,2.76
NSE:BANKNIFTY,SHORT,1.6942308259686985,2024-04-30T15:15:00+05:30,49291.35,2024-05-03T09:15:00+05:30,49579.7,breakout_down,breakout_up,-488.53,62.94,3.35,16.75,-571.57,2.75
NSE:SENSEX,SHORT,1.2452465241497273,2024-04-30T15:00:00+05:30,74478.93,2024-05-03T09:15:00+05:30,75074.65,breakout_down,breakout_up,-741.82,64.68,3.72,18.62,-828.85,2.76
NSE:HDFCBANK,SHORT,185,2024-04-30T15:00:00+05:30,380.02,2024-05-03T09:15:00+05:30,384.42,breakout_down,breakout_up,-812.15,220.34,14.14,42.43,-1089.06,2.76
NSE:ICICIBANK,SHORT,65,2024-04-30T15:00:00+05:30,1149.3,2024-05-03T09:15:00+05:30,1156.35,breakout_down,breakout_up,-458.25,229.7,14.99,44.96,-747.9,2.76
NSE:WIPRO,SHORT,635,2024-05-02T09:45:00+05:30,114.22,2024-05-03T09:15:00+05:30,115.3,breakout_down,breakout_up,-682.63,225.14,14.57,43.72,-966.06,0.98
NSE:TATACONSUM,SHORT,60,2024-05-02T09:30:00+05:30,1094.55,2024-05-03T09:15:00+05:30,1106.0,breakout_down,breakout_up,-687.0,209.9,13.2,39.61,-949.71,0.99
NSE:ITC,LONG,175,2024-05-02T11:45:00+05:30,440.85,2024-05-03T10:00:00+05:30,438.0,breakout_up,breakout_down,-498.75,234.07,15.38,46.14,-794.34,0.93
NSE:HINDUNILVR,LONG,35,2024-05-02T09:30:00+05:30,2242.95,2024-05-03T10:00:00+05:30,2216.0,breakout_up,breakout_down,-943.25,236.62,15.61,46.82,-1242.3,1.02
NSE:SBIN,LONG,115,2024-05-03T09:15:00+05:30,833.7,2024-05-03T10:15:00+05:30,828.3,breakout_up,breakout_down,-621.0,80.81,19.11,57.34,-778.27,0.04
NSE:TCS,LONG,20,2024-05-03T09:15:00+05:30,3883.6,2024-05-03T11:00:00+05:30,3843.5,breakout_up,breakout_down,-802.0,74.35,15.45,46.36,-938.16,0.07
NSE:TATASTEEL,LONG,510,2024-05-02T10:15:00+05:30,167.4,2024-05-03T12:00:00+05:30,166.85,breakout_up,breakout_down,-280.5,252.58,17.05,51.14,-601.27,1.07
NSE:ADANIGREEN,LONG,40,2024-05-03T09:15:00+05:30,1805.1,2024-05-03T14:00:00+05:30,1753.1,breakout_up,breakout_down,-2080.0,72.05,14.23,42.7,-2208.98,0.2
NSE:SBIN,SHORT,115,2024-05-03T11:15:00+05:30,826.1,2024-05-03T15:00:00+05:30,832.25,breakout_down,breakout_up,-707.25,80.73,19.07,57.21,-864.26,0.16
NSE:BANKNIFTY,SHORT,1.688907506785898,2024-05-03T10:30:00+05:30,49109.3,2024-05-06T09:15:00+05:30,49185.95,breakout_down,breakout_up,-129.45,62.81,3.32,16.6,-212.19,2.95
NSE:HDFCBANK,SHORT,180,2024-05-03T10:00:00+05:30,381.81,2024-05-06T09:15:00+05:30,382.5,breakout_down,breakout_up,-123.3,216.02,13.76,41.27,-394.35,2.97
NSE:TCS,SHORT,20,2024-05-03T11:15:00+05:30,3819.1,2024-05-06T09:15:00+05:30,3907.85,breakout_down,breakout_up,-1775.0,234.99,15.45,46.36,-2071.81,2.92
NSE:INFY,SHORT,50,2024-04-26T12:30:00+05:30,1434.7,2024-05-06T09:15:00+05:30,1428.0,breakout_down,breakout_up,335.0,222.16,14.31,42.94,55.59,9.86
NSE:ITC,SHORT,175,2024-05-03T11:15:00+05:30,435.3,2024-05-06T09:15:00+05:30,440.2,breakout_down,breakout_up,-857.5,233.45,15.32,45.96,-1152.23,2.92
NSE:HINDUNILVR,SHORT,35,2024-05-03T10:45:00+05:30,2205.95,2024-05-06T09:15:00+05:30,2224.2,breakout_down,breakout_up,-638.75,235.48,15.51,46.52,-936.25,2.94
NSE:WIPRO,SHORT,630,2024-05-03T11:30:00+05:30,113.83,2024-05-06T09:15:00+05:30,115.28,breakout_down,breakout_up,-913.5,223.59,14.43,43.3,-1194.82,2.91
NSE:HCLTECH,SHORT,40,2024-04-26T14:15:00+05:30,1486.1,2024-05-06T09:15:00+05:30,1358.35,breakout_down,breakout_up,5110.0,189.18,11.38,34.13,4875.31,9.79
NSE:BHARTIARTL,SHORT,65,2024-04-30T15:00:00+05:30,1322.05,2024-05-06T10:30:00+05:30,1292.35,breakout_down,breakout_up,1930.5,251.82,16.99,50.98,1610.7,5.81
NSE:INFY,LONG,50,2024-05-06T09:30:00+05:30,1442.0,2024-05-06T14:45:00+05:30,1425.3,breakout_up,breakout_down,-835.0,72.37,14.34,43.01,-964.72,0.22
NSE:SBIN,SHORT,120,2024-05-06T09:15:00+05:30,812.8,2024-05-07T09:15:00+05:30,813.35,breakout_down,breakout_up,-66.0,279.98,19.51,58.54,-424.03,1.0
NSE:TATACONSUM,SHORT,55,2024-05-03T14:15:00+05:30,1093.3,2024-05-07T09:15:00+05:30,1112.25,breakout_down,breakout_up,-1042.25,198.01,12.13,36.39,-1288.78,3.79
NSE:BHARTIARTL,LONG,65,2024-05-06T11:00:00+05:30,1295.0,2024-05-07T09:30:00+05:30,1278.05,breakout_up,breakout_down,-1101.75,249.06,16.72,50.17,-1417.71,0.94
NSE:HDFCBANK,LONG,180,2024-05-06T10:15:00+05:30,383.38,2024-05-07T09:45:00+05:30,377.79,breakout_up,breakout_down,-1005.3,215.45,13.7,41.1,-1275.56,0.98
NSE:ICICIBANK,LONG,65,2024-05-06T09:15:00+05:30,1155.35,2024-05-07T09:45:00+05:30,1137.7,breakout_up,breakout_down,-1147.25,228.84,14.9,44.71,-1435.71,1.02
NSE:WIPRO,LONG,610,2024-05-06T09:30:00+05:30,115.34,2024-05-07T10:15:00+05:30,114.34,breakout_up,breakout_down,-610.0,218.86,14.01,42.03,-884.91,1.03
NSE:LT,SHORT,25,2024-04-30T14:45:00+05:30,3611.55,2024-05-07T12:15:00+05:30,3487.25,breakout_down,breakout_up,3107.5,260.11,17.75,53.24,2776.41,6.9
NSE:BHARTIARTL,SHORT,65,2024-05-07T10:30:00+05:30,1275.4,2024-05-07T13:15:00+05:30,1290.25,breakout_down,breakout_up,-965.25,76.48,16.68,50.03,-1108.44,0.11
NSE:INFY,SHORT,50,2024-05-07T09:15:00+05:30,1420.4,2024-05-07T13:30:00+05:30,1433.5,breakout_down,breakout_up,-655.0,72.27,14.27,42.81,-784.35,0.18
NSE:WIPRO,SHORT,610,2024-05-07T10:30:00+05:30,114.05,2024-05-07T13:45:00+05:30,115.67,breakout_down,breakout_up,-985.15,71.79,14.01,42.04,-1112.99,0.14
NSE:RELIANCE,SHORT,100,2024-04-30T15:00:00+05:30,733.26,2024-05-08T09:15:00+05:30,704.42,breakout_down,breakout_up,2884.0,222.67,14.38,43.13,2603.82,7.76
NSE:HINDUNILVR,LONG,35,2024-05-06T11:45:00+05:30,2238.9,2024-05-08T09:30:00+05:30,2348.0,breakout_up,breakout_down,3818.5,241.24,16.05,48.16,3513.04,1.91
NSE:SBIN,SHORT,120,2024-05-07T10:30:00+05:30,802.8,2024-05-08T09:45:00+05:30,809.05,breakout_down,breakout_up,-750.0,278.12,19.34,58.03,-1105.49,0.97
NSE:ADANIGREEN,SHORT,40,2024-05-07T11:15:00+05:30,1749.1,2024-05-08T10:00:00+05:30,1756.75,breakout_down,breakout_up,-306.0,218.98,14.02,42.07,-581.08,0.95
NSE:NIFTY,SHORT,4.297984519508052,2024-05-03T11:15:00+05:30,22539.6,2024-05-08T12:00:00+05:30,22331.75,breakout_down,breakout_up,893.34,65.39,3.86,19.29,804.8,5.03
NSE:SENSEX,SHORT,1.2341601040051715,2024-05-03T10:15:00+05:30,74478.39,2024-05-08T13:15:00+05:30,73650.41,breakout_down,breakout_up,1021.86,64.46,3.66,18.28,935.47,5.12
NSE:LT,SHORT,25,2024-05-07T14:15:00+05:30,3444.45,2024-05-08T14:30:00+05:30,3478.0,breakout_down,breakout_up,-838.75,255.5,17.31,51.92,-1163.48,1.01
NSE:ICICIBANK,SHORT,65,2024-05-07T10:00:00+05:30,1135.25,2024-05-08T15:00:00+05:30,1124.7,breakout_down,breakout_up,685.75,226.31,14.69,44.07,400.68,1.21
NSE:INFY,LONG,45,2024-05-07T13:45:00+05:30,1437.0,2024-05-08T15:00:00+05:30,1426.75,breakout_up,breakout_down,-461.25,206.37,12.89,38.66,-719.16,1.05
NSE:TCS,LONG,15,2024-05-06T09:45:00+05:30,3921.4,2024-05-09T09:15:00+05:30,3936.95,breakout_up,breakout_down,233.25,194.1,11.79,35.36,-8.0,2.98
NSE:ITC,LONG,170,2024-05-07T09:15:00+05:30,442.8,2024-05-09T09:15:00+05:30,437.35,breakout_up,breakout_down,-926.5,229.47,14.96,44.89,-1215.82,2.0
NSE:HCLTECH,SHORT,50,2024-05-07T09:15:00+05:30,1334.6,2024-05-09T09:15:00+05:30,1328.95,breakout_down,breakout_up,282.5,211.1,13.32,39.95,18.13,2.0
NSE:TATACONSUM,LONG,55,2024-05-07T09:30:00+05:30,1114.3,2024-05-09T09:15:00+05:30,1103.65,breakout_up,breakout_down,-585.75,198.73,12.2,36.6,-833.27,1.99
NSE:RELIANCE,LONG,110,2024-05-08T11:15:00+05:30,707.76,2024-05-09T09:30:00+05:30,702.79,breakout_up,breakout_down,-547.25,235.59,15.52,46.55,-844.9,0.93
NSE:ICICIBANK,LONG,65,2024-05-08T15:15:00+05:30,1126.5,2024-05-09T09:45:00+05:30,1116.15,breakout_up,breakout_down,-672.75,225.17,14.58,43.73,-956.23,0.77
NSE:WIPRO,LONG,590,2024-05-07T14:00:00+05:30,116.0,2024-05-09T09:45:00+05:30,114.95,breakout_up,breakout_down,-619.5,214.59,13.63,40.88,-888.6,1.82
NSE:BHARTIARTL,LONG,65,2024-05-07T13:30:00+05:30,1293.25,2024-05-09T09:45:00+05:30,1273.95,breakout_up,breakout_down,-1254.5,248.65,16.69,50.06,-1569.9,1.84
NSE:HINDUNILVR,SHORT,35,2024-05-08T09:45:00+05:30,2342.0,2024-05-09T10:45:00+05:30,2358.0,breakout_down,breakout_up,-560.0,245.97,16.45,49.35,-871.77,1.04
NSE:SBIN,LONG,115,2024-05-08T12:30:00+05:30,814.25,2024-05-09T12:45:00+05:30,804.9,breakout_up,breakout_down,-1075.25,270.12,18.62,55.86,-1419.85,1.01
NSE:ADANIGREEN,LONG,40,2024-05-08T15:00:00+05:30,1768.45,2024-05-09T14:30:00+05:30,1742.7,breakout_up,breakout_down,-1030.0,219.27,14.04,42.13,-1305.45,0.98
NSE:INFY,LONG,45,2024-05-09T11:30:00+05:30,1442.6,2024-05-10T09:15:00+05:30,1418.65,breakout_up,breakout_down,-1077.75,206.29,12.88,38.63,-1335.54,0.91
NSE:RELIANCE,SHORT,110,2024-05-09T10:15:00+05:30,701.27,2024-05-10T09:30:00+05:30,702.48,breakout_down,breakout_up,-132.0,234.73,15.44,46.32,-428.49,0.97
NSE:ICICIBANK,SHORT,65,2024-05-09T10:00:00+05:30,1114.8,2024-05-10T09:30:00+05:30,1121.05,breakout_down,breakout_up,-406.25,224.66,14.53,43.6,-689.04,0.98
NSE:TCS,SHORT,15,2024-05-09T09:30:00+05:30,3924.05,2024-05-10T09:45:00+05:30,3971.15,breakout_down,breakout_up,-706.5,194.78,11.84,35.53,-948.65,1.01
NSE:ITC,SHORT,170,2024-05-09T10:15:00+05:30,436.25,2024-05-10T09:45:00+05:30,435.9,breakout_down,breakout_up,59.5,227.88,14.83,44.48,-227.69,0.98
NSE:RELIANCE,LONG,110,2024-05-10T09:45:00+05:30,703.5,2024-05-10T10:45:00+05:30,694.33,breakout_up,breakout_down,-1009.25,74.19,15.38,46.13,-1144.94,0.04
NSE:HCLTECH,LONG,50,2024-05-09T11:15:00+05:30,1335.75,2024-05-13T09:30:00+05:30,1307.85,breakout_up,breakout_down,-1395.0,210.12,13.22,39.65,-1657.99,3.93
NSE:RELIANCE,LONG,105,2024-05-10T15:00:00+05:30,703.75,2024-05-13T09:45:00+05:30,693.22,breakout_up,breakout_down,-1106.17,226.21,14.67,44.0,-1391.06,2.78
NSE:ICICIBANK,LONG,65,2024-05-10T09:45:00+05:30,1126.0,2024-05-13T10:00:00+05:30,1110.95,breakout_up,breakout_down,-978.25,224.78,14.54,43.62,-1261.19,3.01
NSE:BHARTIARTL,LONG,65,2024-05-10T09:45:00+05:30,1295.05,2024-05-13T10:30:00+05:30,1283.75,breakout_up,breakout_down,-734.5,249.45,16.76,50.29,-1051.0,3.03
NSE:LT,SHORT,30,2024-05-09T09:15:00+05:30,3364.95,2024-05-13T11:45:00+05:30,3290.0,breakout_down,breakout_up,2248.5,284.82,19.96,59.89,1883.82,4.1
NSE:HDFCBANK,SHORT,180,2024-05-07T15:00:00+05:30,376.39,2024-05-13T12:15:00+05:30,362.62,breakout_down,breakout_up,2477.7,210.76,13.3,39.91,2213.73,5.89
NSE:TCS,SHORT,15,2024-05-10T11:30:00+05:30,3899.8,2024-05-13T13:00:00+05:30,3936.05,breakout_down,breakout_up,-543.75,193.78,11.75,35.26,-784.55,3.06
NSE:NIFTY,SHORT,4.395806786471066,2024-05-09T09:45:00+05:30,22220.55,2024-05-13T13:45:00+05:30,22102.0,breakout_down,breakout_up,521.12,65.56,3.9,19.48,432.18,4.17
NSE:BANKNIFTY,SHORT,1.7004828314700853,2024-05-07T09:45:00+05:30,48650.6,2024-05-13T13:45:00+05:30,47752.35,breakout_down,breakout_up,1527.46,62.71,3.28,16.39,1445.08,6.17
NSE:SENSEX,SHORT,1.2705077020855355,2024-05-09T10:00:00+05:30,73081.75,2024-05-13T13:45:00+05:30,72759.28,breakout_down,breakout_up,409.7,64.66,3.71,18.53,322.81,4.16
NSE:TATASTEEL,SHORT,515,2024-05-03T13:30:00+05:30,165.7,2024-05-13T13:45:00+05:30,163.25,breakout_down,breakout_up,1261.75,251.29,16.94,50.82,942.7,10.01
NSE:TATACONSUM,SHORT,55,2024-05-09T09:45:00+05:30,1100.55,2024-05-13T13:45:00+05:30,1096.7,breakout_down,breakout_up,211.75,197.4,12.08,36.25,-33.99,4.17
NSE:SBIN,SHORT,115,2024-05-10T15:00:00+05:30,816.5,2024-05-13T14:15:00+05:30,813.2,breakout_down,breakout_up,379.5,271.36,18.74,56.22,33.17,2.97
NSE:ADANIGREEN,SHORT,40,2024-05-09T14:45:00+05:30,1738.85,2024-05-13T14:30:00+05:30,1693.7,breakout_down,breakout_up,1806.0,215.57,13.73,41.19,1535.51,3.99
NSE:INFY,SHORT,45,2024-05-13T09:30:00+05:30,1414.6,2024-05-13T14:45:00+05:30,1423.65,breakout_down,breakout_up,-407.25,69.66,12.77,38.32,-528.0,0.22
NSE:WIPRO,SHORT,590,2024-05-09T10:00:00+05:30,114.72,2024-05-13T14:45:00+05:30,112.99,breakout_down,breakout_up,1017.75,212.34,13.43,40.3,751.67,4.2
NSE:HCLTECH,SHORT,50,2024-05-13T10:00:00+05:30,1306.6,2024-05-14T09:15:00+05:30,1319.2,breakout_down,breakout_up,-630.0,209.07,13.13,39.39,-891.59,0.97
NSE:HINDUNILVR,LONG,35,2024-05-10T15:00:00+05:30,2364.0,2024-05-14T14:30:00+05:30,2353.5,breakout_up,breakout_down,-367.5,246.63,16.51,49.53,-680.18,3.98
NSE:HDFCBANK,LONG,195,2024-05-13T13:45:00+05:30,364.09,2024-05-15T09:15:00+05:30,362.62,breakout_up,breakout_down,-285.67,220.62,14.17,42.51,-562.98,1.81
NSE:HCLTECH,SHORT,50,2024-05-14T10:45:00+05:30,1309.9,2024-05-15T09:30:00+05:30,1329.05,breakout_down,breakout_up,-957.5,209.83,13.19,39.58,-1220.1,0.95
NSE:TCS,LONG,15,2024-05-13T13:45:00+05:30,3942.0,2024-05-15T10:00:00+05:30,3885.0,breakout_up,breakout_down,-855.0,193.66,11.74,35.22,-1095.62,1.84
NSE:SENSEX,LONG,1.280271325047739,2024-05-13T14:00:00+05:30,72775.8,2024-05-15T10:15:00+05:30,72879.38,breakout_up,breakout_down,132.61,64.75,3.73,18.65,45.48,1.84
NSE:TATASTEEL,LONG,525,2024-05-13T14:00:00+05:30,163.55,2024-05-15T14:30:00+05:30,165.45,breakout_up,breakout_down,997.5,254.99,17.27,51.82,673.42,2.02
NSE:RELIANCE,LONG,105,2024-05-13T14:15:00+05:30,702.22,2024-05-15T15:00:00+05:30,707.62,breakout_up,breakout_down,568.05,227.59,14.8,44.41,281.25,2.03
NSE:BANKNIFTY,SHORT,1.7649347877952937,2024-05-15T10:15:00+05:30,47690.3,2024-05-16T09:15:00+05:30,47916.4,breakout_down,breakout_up,-399.05,63.06,3.37,16.87,-482.36,0.96
NSE:ADANIGREEN,LONG,40,2024-05-13T14:45:00+05:30,1717.9,2024-05-16T09:30:00+05:30,1813.45,breakout_up,breakout_down,3822.0,219.81,14.13,42.38,3545.69,2.78
NSE:SBIN,LONG,115,2024-05-14T12:45:00+05:30,820.75,2024-05-16T10:15:00+05:30,816.85,breakout_up,breakout_down,-448.5,272.43,18.83,56.5,-796.26,1.9
NSE:NIFTY,LONG,4.41456256029674,2024-05-14T12:45:00+05:30,22223.75,2024-05-16T10:45:00+05:30,22163.15,breakout_up,breakout_down,-267.52,65.62,3.92,19.59,-356.66,1.92
NSE:TATASTEEL,LONG,515,2024-05-16T09:15:00+05:30,167.3,2024-05-16T11:00:00+05:30,164.7,breakout_up,breakout_down,-1339.0,77.18,17.1,51.29,-1484.58,0.07
NSE:HDFCBANK,SHORT,190,2024-05-15T10:45:00+05:30,361.7,2024-05-16T12:00:00+05:30,363.87,breakout_down,breakout_up,-411.35,216.35,13.79,41.36,-682.84,1.05
NSE:TATACONSUM,SHORT,55,2024-05-14T15:00:00+05:30,1085.0,2024-05-16T12:00:00+05:30,1080.0,breakout_down,breakout_up,275.0,195.43,11.91,35.72,31.94,1.88
NSE:SENSEX,LONG,1.2708771364020561,2024-05-16T09:15:00+05:30,73349.43,2024-05-16T13:15:00+05:30,72578.11,breakout_up,breakout_down,-980.25,64.6,3.71,18.55,-1067.11,0.17
NSE:WIPRO,LONG,605,2024-05-13T15:15:00+05:30,113.17,2024-05-16T13:30:00+05:30,114.17,breakout_up,breakout_down,605.0,215.93,13.75,41.26,334.05,2.93
NSE:HINDUNILVR,SHORT,35,2024-05-14T15:00:00+05:30,2348.65,2024-05-16T14:30:00+05:30,2336.1,breakout_down,breakout_up,439.25,245.3,16.4,49.19,128.36,1.98
NSE:NIFTY,SHORT,4.428191174267089,2024-05-16T13:15:00+05:30,22075.05,2024-05-16T14:45:00+05:30,22360.65,breakout_down,breakout_up,-1264.69,65.65,3.94,19.68,-1353.95,0.06
NSE:BANKNIFTY,SHORT,1.7625806307078256,2024-05-16T11:00:00+05:30,47481.15,2024-05-16T14:45:00+05:30,47877.15,breakout_down,breakout_up,-697.98,62.98,3.36,16.81,-781.13,0.16
NSE:RELIANCE,SHORT,105,2024-05-16T10:45:00+05:30,704.25,2024-05-16T14:45:00+05:30,710.87,breakout_down,breakout_up,-694.58,73.31,14.86,44.58,-827.32,0.17
NSE:TCS,SHORT,15,2024-05-15T10:30:00+05:30,3879.75,2024-05-16T14:45:00+05:30,3899.0,breakout_down,breakout_up,-288.75,192.81,11.67,35.0,-528.23,1.18
NSE:ITC,SHORT,175,2024-05-13T09:30:00+05:30,429.65,2024-05-16T15:00:00+05:30,430.85,breakout_down,breakout_up,-210.0,230.48,15.06,45.18,-500.72,3.23
NSE:TATASTEEL,SHORT,520,2024-05-16T11:15:00+05:30,164.4,2024-05-17T09:15:00+05:30,167.45,breakout_down,breakout_up,-1586.0,255.0,17.26,51.77,-1910.03,0.92
NSE:SBIN,SHORT,115,2024-05-16T10:45:00+05:30,814.1,2024-05-17T09:45:00+05:30,817.7,breakout_down,breakout_up,-414.0,271.69,18.77,56.3,-760.75,0.96
NSE:TCS,LONG,15,2024-05-16T15:00:00+05:30,3901.5,2024-05-17T13:15:00+05:30,3864.05,breakout_up,breakout_down,-561.75,192.61,11.65,34.94,-800.95,0.93
NSE:HINDUNILVR,LONG,35,2024-05-16T14:45:00+05:30,2342.0,2024-05-17T14:45:00+05:30,2321.5,breakout_up,breakout_down,-717.5,244.56,16.32,48.97,-1027.35,1.0
NSE:HCLTECH,LONG,50,2024-05-15T11:00:00+05:30,1331.85,2024-05-17T14:45:00+05:30,1335.65,breakout_up,breakout_down,190.0,211.33,13.34,40.01,-74.68,2.16
NSE:BHARTIARTL,LONG,60,2024-05-15T09:15:00+05:30,1299.55,2024-05-17T14:45:00+05:30,1340.5,breakout_up,breakout_down,2457.0,238.97,15.84,47.52,2154.67,2.23
NSE:ICICIBANK,LONG,65,2024-05-13T12:30:00+05:30,1121.35,2024-05-21T09:15:00+05:30,1124.4,breakout_up,breakout_down,198.25,225.32,14.6,43.79,-85.46,7.86
NSE:INFY,LONG,45,2024-05-14T09:15:00+05:30,1426.1,2024-05-21T09:15:00+05:30,1434.4,breakout_up,breakout_down,373.5,206.14,12.87,38.62,115.87,7.0
NSE:ADANIGREEN,SHORT,40,2024-05-21T09:15:00+05:30,1817.2,2024-05-21T10:00:00+05:30,1841.3,breakout_down,breakout_up,-964.0,72.88,14.63,43.9,-1095.42,0.03
NSE:SENSEX,LONG,1.2538143171110727,2024-05-16T14:45:00+05:30,73499.08,2024-05-21T10:30:00+05:30,73774.68,breakout_up,breakout_down,345.55,64.59,3.69,18.47,258.8,4.82
NSE:ITC,LONG,170,2024-05-16T15:15:00+05:30,432.6,2024-05-21T10:30:00+05:30,434.15,breakout_up,breakout_down,263.5,226.85,14.73,44.2,-22.29,4.8
NSE:HCLTECH,SHORT,50,2024-05-17T15:00:00+05:30,1333.35,2024-05-21T13:45:00+05:30,1343.0,breakout_down,breakout_up,-482.5,211.87,13.38,40.15,-747.89,3.95
NSE:WIPRO,LONG,590,2024-05-16T15:00:00+05:30,116.12,2024-05-21T14:45:00+05:30,115.03,breakout_up,breakout_down,-649.0,214.73,13.64,40.91,-918.28,4.99
NSE:TATACONSUM,LONG,55,2024-05-16T14:30:00+05:30,1083.0,2024-05-21T14:45:00+05:30,1090.15,breakout_up,breakout_down,393.25,195.92,11.95,35.86,149.52,5.01
NSE:LT,LONG,30,2024-05-13T12:15:00+05:30,3299.9,2024-05-21T14:45:00+05:30,3439.35,breakout_up,breakout_down,4183.5,287.48,20.22,60.65,3815.15,8.1
NSE:BANKNIFTY,LONG,1.728250316234955,2024-05-16T15:00:00+05:30,47973.7,2024-05-21T15:15:00+05:30,47989.85,breakout_up,breakout_down,27.91,62.81,3.32,16.58,-54.8,5.01
NSE:TCS,SHORT,15,2024-05-17T13:30:00+05:30,3852.05,2024-05-22T09:15:00+05:30,3830.6,breakout_down,breakout_up,321.75,191.16,11.52,34.57,84.49,4.82
NSE:ITC,SHORT,170,2024-05-21T13:30:00+05:30,433.7,2024-05-22T09:15:00+05:30,436.65,breakout_down,breakout_up,-501.5,227.58,14.8,44.39,-788.27,0.82
NSE:SBIN,LONG,110,2024-05-17T10:15:00+05:30,820.0,2024-05-22T09:15:00+05:30,825.0,breakout_up,breakout_down,550.0,264.17,18.09,54.28,213.45,4.96
NSE:HINDUNILVR,SHORT,35,2024-05-21T09:15:00+05:30,2311.1,2024-05-22T09:15:00+05:30,2329.75,breakout_down,breakout_up,-652.75,243.68,16.24,48.73,-961.4,1.0
NSE:LT,SHORT,30,2024-05-21T15:15:00+05:30,3435.05,2024-05-22T10:15:00+05:30,3470.25,breakout_down,breakout_up,-1056.0,293.41,20.72,62.15,-1432.27,0.79
NSE:HDFCBANK,LONG,190,2024-05-16T14:45:00+05:30,364.44,2024-05-22T11:30:00+05:30,363.26,breakout_up,breakout_down,-223.25,216.79,13.83,41.48,-495.34,5.86
NSE:BHARTIARTL,SHORT,60,2024-05-21T15:00:00+05:30,1342.25,2024-05-22T14:15:00+05:30,1343.8,breakout_down,breakout_up,-93.0,242.23,16.12,48.35,-399.69,0.97
NSE:BANKNIFTY,SHORT,1.72930675290546,2024-05-22T09:15:00+05:30,47912.8,2024-05-22T15:15:00+05:30,47906.05,breakout_down,breakout_up,11.67,62.79,3.31,16.57,-71.0,0.25
NSE:ICICIBANK,SHORT,65,2024-05-21T15:15:00+05:30,1119.2,2024-05-22T15:15:00+05:30,1114.65,breakout_down,breakout_up,295.75,224.46,14.52,43.56,13.21,1.0
NSE:SBIN,SHORT,110,2024-05-22T09:30:00+05:30,819.75,2024-05-23T09:15:00+05:30,823.15,breakout_down,breakout_up,-374.0,263.98,18.07,54.22,-710.27,0.99
NSE:TATASTEEL,LONG,495,2024-05-17T12:15:00+05:30,168.2,2024-05-23T09:15:00+05:30,171.45,breakout_up,breakout_down,1608.75,249.84,16.81,50.44,1291.66,5.88
NSE:HCLTECH,LONG,45,2024-05-21T14:00:00+05:30,1347.0,2024-05-23T09:15:00+05:30,1339.75,breakout_up,breakout_down,-326.25,197.51,12.09,36.27,-572.12,1.8
NSE:ITC,LONG,165,2024-05-22T09:30:00+05:30,439.1,2024-05-23T10:30:00+05:30,437.2,breakout_up,breakout_down,-313.5,223.83,14.46,43.38,-595.16,1.04
NSE:TATACONSUM,LONG,55,2024-05-22T11:00:00+05:30,1106.2,2024-05-23T10:30:00+05:30,1106.0,breakout_up,breakout_down,-11.0,198.33,12.17,36.5,-258.0,0.98
NSE:TCS,LONG,15,2024-05-23T09:30:00+05:30,3855.2,2024-05-24T10:00:00+05:30,3854.15,breakout_up,breakout_down,-15.75,191.63,11.56,34.69,-253.64,1.02
NSE:INFY,LONG,45,2024-05-22T09:45:00+05:30,1447.75,2024-05-24T12:30:00+05:30,1463.3,breakout_up,breakout_down,699.75,208.65,13.1,39.3,438.71,2.11
NSE:ITC,LONG,165,2024-05-23T14:00:00+05:30,443.2,2024-05-24T13:15:00+05:30,436.3,breakout_up,breakout_down,-1138.5,224.47,14.51,43.54,-1421.02,0.97
NSE:SBIN,LONG,110,2024-05-23T09:45:00+05:30,828.7,2024-05-24T14:15:00+05:30,831.9,breakout_up,breakout_down,352.0,266.09,18.27,54.8,12.85,1.19
NSE:WIPRO,LONG,585,2024-05-23T09:15:00+05:30,115.78,2024-05-24T14:15:00+05:30,116.28,breakout_up,breakout_down,292.5,213.96,13.57,40.72,24.24,1.21
NSE:HCLTECH,LONG,45,2024-05-23T11:15:00+05:30,1354.0,2024-05-24T14:15:00+05:30,1345.75,breakout_up,breakout_down,-371.25,198.16,12.15,36.45,-618.0,1.12
NSE:TATASTEEL,LONG,480,2024-05-23T14:45:00+05:30,175.2,2024-05-24T14:30:00+05:30,175.4,breakout_up,breakout_down,96.0,250.13,16.83,50.49,-221.44,0.99
NSE:RELIANCE,LONG,100,2024-05-16T15:00:00+05:30,712.26,2024-05-27T09:15:00+05:30,737.92,breakout_up,breakout_down,2566.0,224.09,14.5,43.51,2283.91,10.76
NSE:ADANIGREEN,LONG,40,2024-05-21T10:15:00+05:30,1854.5,2024-05-27T09:30:00+05:30,1906.15,breakout_up,breakout_down,2066.0,230.13,15.04,45.13,1775.7,5.97
NSE:TCS,SHORT,15,2024-05-24T13:45:00+05:30,3850.85,2024-05-27T09:45:00+05:30,3880.1,breakout_down,breakout_up,-438.75,192.03,11.6,34.79,-677.16,2.83
NSE:INFY,SHORT,45,2024-05-24T15:15:00+05:30,1462.6,2024-05-27T11:15:00+05:30,1473.0,breakout_down,breakout_up,-468.0,209.96,13.21,39.63,-730.8,2.83
NSE:HCLTECH,SHORT,45,2024-05-24T15:15:00+05:30,1342.5,2024-05-27T12:00:00+05:30,1355.45,breakout_down,breakout_up,-582.75,198.09,12.14,36.42,-829.4,2.86
NSE:SBIN,SHORT,110,2024-05-24T14:45:00+05:30,830.3,2024-05-27T12:15:00+05:30,837.9,breakout_down,breakout_up,-836.0,267.1,18.35,55.05,-1176.51,2.9
NSE:TCS,LONG,15,2024-05-27T10:00:00+05:30,3897.35,2024-05-27T14:30:00+05:30,3861.95,breakout_up,breakout_down,-531.0,67.65,11.64,34.92,-645.21,0.19
NSE:NIFTY,LONG,4.3030649150408165,2024-05-16T15:00:00+05:30,22403.25,2024-05-27T14:45:00+05:30,22925.3,breakout_up,breakout_down,2246.42,65.67,3.9,19.51,2157.34,10.99
NSE:SENSEX,LONG,1.246082230321788,2024-05-21T12:45:00+05:30,74162.22,2024-05-27T14:45:00+05:30,75366.01,breakout_up,breakout_down,1500.02,64.81,3.73,18.63,1412.85,6.08
NSE:HDFCBANK,LONG,185,2024-05-23T10:15:00+05:30,366.49,2024-05-27T14:45:00+05:30,381.59,breakout_up,breakout_down,2793.5,216.71,13.84,41.52,2521.43,4.19
NSE:ICICIBANK,LONG,65,2024-05-23T09:30:00+05:30,1118.2,2024-05-27T14:45:00+05:30,1129.7,breakout_up,breakout_down,747.5,225.44,14.61,43.83,463.62,4.22
NSE:BHARTIARTL,LONG,60,2024-05-22T14:45:00+05:30,1348.95,2024-05-27T15:15:00+05:30,1380.4,breakout_up,breakout_down,1887.0,244.96,16.38,49.13,1576.53,5.02
NSE:HINDUNILVR,LONG,35,2024-05-22T09:30:00+05:30,2345.7,2024-05-28T15:00:00+05:30,2393.95,breakout_up,breakout_down,1688.75,247.34,16.59,49.77,1375.05,6.23
NSE:TATACONSUM,SHORT,55,2024-05-24T09:30:00+05:30,1102.9,2024-05-28T15:00:00+05:30,1096.95,breakout_down,breakout_up,327.25,197.55,12.1,36.3,81.3,4.23
NSE:BANKNIFTY,LONG,1.7257330002627063,2024-05-23T09:15:00+05:30,47971.0,2024-05-28T15:15:00+05:30,49060.1,breakout_up,breakout_down,1879.5,63.05,3.35,16.74,1796.35,5.25
NSE:INFY,LONG,45,2024-05-27T11:30:00+05:30,1474.8,2024-05-28T15:15:00+05:30,1463.0,breakout_up,breakout_down,-531.0,210.08,13.22,39.66,-793.96,1.16
NSE:LT,LONG,30,2024-05-23T09:15:00+05:30,3499.95,2024-05-29T09:15:00+05:30,3642.15,breakout_up,breakout_down,4266.0,300.9,21.43,64.28,3879.39,6.0
NSE:BHARTIARTL,SHORT,60,2024-05-28T09:30:00+05:30,1375.95,2024-05-29T09:30:00+05:30,1386.4,breakout_down,breakout_up,-627.0,247.35,16.57,49.72,-940.65,1.0
NSE:ITC,SHORT,165,2024-05-27T13:45:00+05:30,434.7,2024-05-29T13:30:00+05:30,432.25,breakout_down,breakout_up,404.25,222.06,14.3,42.91,124.97,1.99
NSE:HCLTECH,LONG,45,2024-05-27T14:15:00+05:30,1357.85,2024-05-29T15:15:00+05:30,1347.95,breakout_up,breakout_down,-445.5,198.47,12.18,36.53,-692.67,2.04
NSE:BANKNIFTY,SHORT,1.73113582055471,2024-05-29T09:15:00+05:30,48855.85,2024-05-30T09:15:00+05:30,48849.2,breakout_down,breakout_up,11.51,63.12,3.38,16.91,-71.9,1.0
NSE:ICICIBANK,SHORT,65,2024-05-29T09:15:00+05:30,1117.85,2024-05-30T09:15:00+05:30,1111.95,breakout_down,breakout_up,383.5,224.16,14.49,43.48,101.37,1.0
NSE:SBIN,SHORT,110,2024-05-28T11:15:00+05:30,828.4,2024-05-30T09:15:00+05:30,833.8,breakout_down,breakout_up,-594.0,266.35,18.28,54.85,-933.49,1.92
NSE:HDFCBANK,SHORT,185,2024-05-29T09:15:00+05:30,379.26,2024-05-30T12:00:00+05:30,378.92,breakout_down,breakout_up,64.75,218.99,14.03,42.08,-210.34,1.11
NSE:TATACONSUM,SHORT,55,2024-05-29T14:15:00+05:30,1078.65,2024-05-30T14:15:00+05:30,1064.75,breakout_down,breakout_up,764.5,194.07,11.79,35.37,523.27,1.0
NSE:NIFTY,SHORT,4.309547092095603,2024-05-28T15:15:00+05:30,22868.65,2024-05-31T09:15:00+05:30,22634.4,breakout_down,breakout_up,1009.51,65.7,3.92,19.61,920.28,2.75
NSE:SENSEX,SHORT,1.2474916132377192,2024-05-28T15:00:00+05:30,75207.6,2024-05-31T09:15:00+05:30,74407.8,breakout_down,breakout_up,997.74,64.81,3.73,18.66,910.53,2.76
NSE:RELIANCE,SHORT,100,2024-05-27T10:00:00+05:30,734.17,2024-05-31T09:15:00+05:30,718.24,breakout_down,breakout_up,1593.5,224.41,14.52,43.57,1311.0,3.97
NSE:ITC,SHORT,165,2024-05-30T09:30:00+05:30,426.95,2024-05-31T09:15:00+05:30,428.0,breakout_down,breakout_up,-173.25,219.9,14.11,42.32,-449.58,0.99
NSE:HINDUNILVR,SHORT,35,2024-05-29T09:15:00+05:30,2378.25,2024-05-31T09:15:00+05:30,2366.95,breakout_down,breakout_up,395.5,247.65,16.61,49.82,81.41,2.0
NSE:ADANIGREEN,SHORT,40,2024-05-27T09:45:00+05:30,1898.5,2024-05-31T09:15:00+05:30,1890.75,breakout_down,breakout_up,310.0,231.54,15.16,45.47,17.84,3.98
NSE:TATASTEEL,SHORT,480,2024-05-24T15:00:00+05:30,174.85,2024-05-31T12:30:00+05:30,166.95,breakout_down,breakout_up,3792.0,245.16,16.41,49.22,3481.22,6.9
NSE:HINDUNILVR,LONG,35,2024-05-31T09:30:00+05:30,2371.7,2024-05-31T14:15:00+05:30,2324.5,breakout_up,breakout_down,-1652.0,75.98,16.44,49.31,-1793.73,0.2
NSE:LT,LONG,25,2024-05-31T09:15:00+05:30,3696.8,2024-05-31T14:30:00+05:30,3665.95,breakout_up,breakout_down,-771.25,79.55,18.41,55.22,-924.43,0.22
NSE:TATACONSUM,LONG,55,2024-05-30T15:00:00+05:30,1068.55,2024-05-31T15:15:00+05:30,1054.75,breakout_up,breakout_down,-759.0,192.96,11.68,35.03,-998.67,1.01
NSE:TCS,SHORT,15,2024-05-27T14:45:00+05:30,3847.75,2024-06-03T09:15:00+05:30,3726.75,breakout_down,breakout_up,1815.0,189.25,11.36,34.09,1580.3,6.77
NSE:ITC,SHORT,165,2024-05-31T14:15:00+05:30,425.55,2024-06-03T09:15:00+05:30,433.15,breakout_down,breakout_up,-1254.0,220.67,14.17,42.51,-1531.34,2.79
NSE:SBIN,SHORT,110,2024-05-31T11:00:00+05:30,820.4,2024-06-03T09:15:00+05:30,870.45,breakout_down,breakout_up,-5505.5,270.22,18.6,55.8,-5850.12,2.93
NSE:WIPRO,SHORT,585,2024-05-24T15:00:00+05:30,115.83,2024-06-03T09:15:00+05:30,110.92,breakout_down,breakout_up,2872.35,210.31,13.26,39.79,2608.98,9.76
NSE:BHARTIARTL,SHORT,60,2024-05-31T09:30:00+05:30,1368.7,2024-06-03T09:15:00+05:30,1418.1,breakout_down,breakout_up,-2964.0,249.16,16.72,50.16,-3280.04,2.99
NSE:NIFTY,LONG,4.299972404772461,2024-06-03T09:15:00+05:30,23132.95,2024-06-04T09:15:00+05:30,22481.1,breakout_up,breakout_down,-2802.94,65.51,3.92,19.61,-2891.98,1.0
NSE:BANKNIFTY,LONG,1.726516296794385,2024-05-30T13:45:00+05:30,48945.05,2024-06-04T09:15:00+05:30,49185.6,breakout_up,breakout_down,415.31,63.16,3.39,16.94,331.82,4.81
NSE:SENSEX,LONG,1.2469545916141118,2024-06-03T09:15:00+05:30,75968.01,2024-06-04T09:15:00+05:30,73924.62,breakout_up,breakout_down,-2548.01,64.65,3.74,18.69,-2635.1,1.0
NSE:RELIANCE,LONG,105,2024-05-31T09:30:00+05:30,719.5,2024-06-04T09:15:00+05:30,723.1,breakout_up,breakout_down,378.0,231.42,15.15,45.44,85.99,3.99
NSE:HDFCBANK,LONG,185,2024-05-30T12:30:00+05:30,379.2,2024-06-04T09:15:00+05:30,377.0,breakout_up,breakout_down,-407.0,218.62,13.99,41.97,-681.58,4.86
NSE:ICICIBANK,LONG,65,2024-05-30T12:45:00+05:30,1117.4,2024-06-04T09:15:00+05:30,1123.95,breakout_up,breakout_down,425.75,224.99,14.57,43.71,142.48,4.85
NSE:SBIN,LONG,95,2024-06-03T09:45:00+05:30,879.95,2024-06-04T09:15:00+05:30,844.1,breakout_up,breakout_down,-3405.75,245.39,16.38,49.14,-3716.65,0.98
NSE:TATASTEEL,LONG,525,2024-05-31T13:30:00+05:30,167.4,2024-06-04T09:15:00+05:30,168.2,breakout_up,breakout_down,420.0,258.89,17.62,52.86,90.64,3.82
NSE:TATACONSUM,LONG,55,2024-06-03T09:15:00+05:30,1077.5,2024-06-04T09:15:00+05:30,1053.2,breakout_up,breakout_down,-1336.5,193.45,11.72,35.16,-1576.83,1.0
NSE:ADANIGREEN,LONG,35,2024-05-31T09:30:00+05:30,1930.8,2024-06-04T09:15:00+05:30,1796.65,breakout_up,breakout_down,-4695.25,208.45,13.05,39.14,-4955.89,3.99
NSE:LT,LONG,25,2024-06-03T09:15:00+05:30,3859.9,2024-06-04T09:15:00+05:30,3713.25,breakout_up,breakout_down,-3666.25,273.79,18.93,56.8,-4015.77,1.0
NSE:HINDUNILVR,SHORT,35,2024-05-31T14:30:00+05:30,2319.95,2024-06-04T09:30:00+05:30,2389.7,breakout_down,breakout_up,-2441.25,246.49,16.48,49.45,-2753.67,3.79
NSE:TATACONSUM,SHORT,55,2024-06-04T12:15:00+05:30,1031.4,2024-06-04T14:30:00+05:30,1089.95,breakout_down,breakout_up,-3220.25,67.41,11.67,35.0,-3334.33,0.09
NSE:TCS,SHORT,15,2024-06-04T09:15:00+05:30,3681.5,2024-06-04T15:00:00+05:30,3729.15,breakout_down,breakout_up,-714.75,66.71,11.12,33.35,-825.92,0.24
NSE:ITC,SHORT,165,2024-06-04T09:15:00+05:30,416.75,2024-06-05T09:15:00+05:30,422.8,breakout_down,breakout_up,-998.25,217.14,13.85,41.56,-1270.8,1.0
NSE:WIPRO,SHORT,650,2024-06-04T09:15:00+05:30,108.56,2024-06-05T09:15:00+05:30,110.81,breakout_down,breakout_up,-1462.5,221.7,14.26,42.78,-1741.24,1.0
NSE:HCLTECH,SHORT,45,2024-05-30T09:15:00+05:30,1342.15,2024-06-05T09:15:00+05:30,1332.6,breakout_down,breakout_up,429.75,196.85,12.04,36.11,184.76,6.0
NSE:INFY,SHORT,45,2024-05-29T11:00:00+05:30,1456.0,2024-06-05T10:15:00+05:30,1427.95,breakout_down,breakout_up,1262.25,207.25,12.98,38.93,1003.09,6.97
NSE:NIFTY,SHORT,4.324364786545096,2024-06-04T10:45:00+05:30,22335.7,2024-06-05T11:00:00+05:30,22351.65,breakout_down,breakout_up,-68.97,65.38,3.86,19.32,-157.54,1.01
NSE:SENSEX,SHORT,1.253622054780748,2024-06-04T10:45:00+05:30,73468.27,2024-06-05T11:00:00+05:30,73546.6,breakout_down,breakout_up,-98.2,64.54,3.69,18.43,-184.85,1.01
NSE:HDFCBANK,SHORT,185,2024-06-04T11:00:00+05:30,375.1,2024-06-05T11:00:00+05:30,380.65,breakout_down,breakout_up,-1026.75,218.57,13.98,41.94,-1301.25,1.0
NSE:TATASTEEL,SHORT,530,2024-06-04T10:45:00+05:30,165.05,2024-06-05T11:00:00+05:30,163.8,breakout_down,breakout_up,662.5,256.76,17.43,52.29,336.03,1.01
NSE:RELIANCE,SHORT,105,2024-06-04T10:45:00+05:30,716.62,2024-06-05T11:15:00+05:30,714.0,breakout_down,breakout_up,275.62,230.03,15.02,45.06,-14.49,1.02
NSE:BANKNIFTY,SHORT,1.7276437031687253,2024-06-04T09:30:00+05:30,49104.6,2024-06-05T12:45:00+05:30,48182.55,breakout_down,breakout_up,1592.97,63.1,3.36,16.81,1509.71,1.14
NSE:ADANIGREEN,SHORT,40,2024-06-04T12:15:00+05:30,1630.4,2024-06-05T13:00:00+05:30,1791.3,breakout_down,breakout_up,-6436.0,215.7,13.69,41.06,-6706.45,1.03
NSE:ICICIBANK,SHORT,65,2024-06-04T10:45:00+05:30,1112.55,2024-06-05T14:00:00+05:30,1103.25,breakout_down,breakout_up,604.5,223.13,14.4,43.21,323.76,1.14
NSE:HINDUNILVR,LONG,30,2024-06-04T09:45:00+05:30,2417.7,2024-06-05T14:15:00+05:30,2599.4,breakout_up,breakout_down,5451.0,229.98,15.05,45.15,5160.82,1.19
NSE:LT,SHORT,25,2024-06-04T10:45:00+05:30,3603.0,2024-06-05T14:45:00+05:30,3417.0,breakout_down,breakout_up,4650.0,257.8,17.55,52.65,4322.0,1.17
NSE:BHARTIARTL,SHORT,55,2024-06-03T14:15:00+05:30,1385.9,2024-06-05T15:00:00+05:30,1346.1,breakout_down,breakout_up,2189.0,229.94,15.03,45.08,1898.96,2.03
NSE:SBIN,SHORT,95,2024-06-04T10:45:00+05:30,821.0,2024-06-06T09:15:00+05:30,815.8,breakout_down,breakout_up,494.0,235.88,15.55,46.65,195.92,1.94
NSE:TATACONSUM,LONG,50,2024-06-05T09:15:00+05:30,1117.8,2024-06-06T09:15:00+05:30,1123.8,breakout_up,breakout_down,300.0,187.65,11.21,33.62,67.51,1.0
NSE:ADANIGREEN,LONG,35,2024-06-05T13:30:00+05:30,1816.05,2024-06-07T09:15:00+05:30,1841.4,breakout_up,breakout_down,887.25,205.31,12.8,38.4,630.73,1.82
NSE:HINDUNILVR,SHORT,30,2024-06-05T14:30:00+05:30,2593.25,2024-06-07T11:30:00+05:30,2569.4,breakout_down,breakout_up,715.5,235.18,15.49,46.46,418.37,1.88
NSE:INFY,LONG,45,2024-06-05T10:30:00+05:30,1429.55,2024-06-10T09:15:00+05:30,1514.2,breakout_up,breakout_down,3809.25,210.05,13.25,39.74,3546.22,4.95
NSE:WIPRO,LONG,610,2024-06-05T10:15:00+05:30,112.55,2024-06-10T09:15:00+05:30,119.8,breakout_up,breakout_down,4422.5,220.3,14.17,42.52,4145.51,4.96
NSE:HDFCBANK,LONG,180,2024-06-05T11:15:00+05:30,380.74,2024-06-10T09:30:00+05:30,391.3,breakout_up,breakout_down,1900.8,217.41,13.9,41.69,1627.8,4.93
NSE:TCS,LONG,15,2024-06-05T09:15:00+05:30,3737.35,2024-06-10T09:30:00+05:30,3864.9,breakout_up,breakout_down,1913.25,189.7,11.4,34.21,1677.93,5.01
NSE:HCLTECH,LONG,45,2024-06-05T09:30:00+05:30,1340.2,2024-06-10T09:30:00+05:30,1413.9,breakout_up,breakout_down,3316.5,200.6,12.39,37.18,3066.33,5.0
NSE:TATACONSUM,LONG,50,2024-06-06T15:15:00+05:30,1143.5,2024-06-10T09:30:00+05:30,1130.2,breakout_up,breakout_down,-665.0,189.51,11.37,34.11,-899.98,3.76
NSE:RELIANCE,LONG,105,2024-06-06T10:15:00+05:30,719.5,2024-06-10T14:15:00+05:30,735.89,breakout_up,breakout_down,1720.95,232.81,15.28,45.84,1427.01,4.17
NSE:ADANIGREEN,LONG,30,2024-06-10T09:15:00+05:30,1904.0,2024-06-10T14:15:00+05:30,1867.7,breakout_up,breakout_down,-1089.0,67.02,11.32,33.95,-1201.28,0.21
NSE:BANKNIFTY,LONG,1.7876756457875829,2024-06-05T13:15:00+05:30,48297.6,2024-06-10T15:15:00+05:30,49689.65,breakout_up,breakout_down,2488.53,63.81,3.5,17.52,2403.7,5.08
NSE:SENSEX,LONG,1.2457485771769505,2024-06-05T11:15:00+05:30,73784.67,2024-06-10T15:15:00+05:30,76421.25,breakout_up,breakout_down,3284.52,64.98,3.74,18.71,3197.08,5.17
NSE:ICICIBANK,LONG,65,2024-06-05T14:15:00+05:30,1110.55,2024-06-10T15:15:00+05:30,1119.8,breakout_up,breakout_down,601.25,224.18,14.5,43.49,319.08,5.04
NSE:SBIN,LONG,95,2024-06-06T09:30:00+05:30,818.0,2024-06-10T15:15:00+05:30,830.8,breakout_up,breakout_down,1216.0,237.1,15.66,46.99,916.25,4.24
NSE:BHARTIARTL,LONG,60,2024-06-06T11:00:00+05:30,1362.7,2024-06-10T15:15:00+05:30,1421.05,breakout_up,breakout_down,3501.0,248.47,16.7,50.11,3185.72,4.18
NSE:ITC,LONG,160,2024-06-05T09:45:00+05:30,425.85,2024-06-11T09:15:00+05:30,436.05,breakout_up,breakout_down,1632.0,216.25,13.79,41.37,1360.59,5.98
NSE:HCLTECH,SHORT,45,2024-06-10T09:45:00+05:30,1404.0,2024-06-11T09:15:00+05:30,1423.0,breakout_down,breakout_up,-855.0,204.56,12.72,38.16,-1110.44,0.98
NSE:HDFCBANK,SHORT,180,2024-06-10T15:15:00+05:30,389.89,2024-06-11T13:15:00+05:30,392.05,breakout_down,breakout_up,-388.8,219.56,14.07,42.22,-664.66,0.92
NSE:BHARTIARTL,SHORT,60,2024-06-11T09:15:00+05:30,1418.15,2024-06-11T13:15:00+05:30,1434.35,breakout_down,breakout_up,-972.0,77.25,17.12,51.34,-1117.71,0.17
NSE:NIFTY,LONG,4.300130582192491,2024-06-05T11:15:00+05:30,22425.05,2024-06-11T15:00:00+05:30,23264.15,breakout_up,breakout_down,3608.24,65.88,3.93,19.65,3518.79,6.16
NSE:SENSEX,LONG,1.237847529690474,2024-06-11T13:30:00+05:30,76830.68,2024-06-11T15:00:00+05:30,76462.8,breakout_up,breakout_down,-455.38,65.03,3.8,18.98,-543.18,0.06
NSE:HINDUNILVR,LONG,30,2024-06-07T11:45:00+05:30,2573.9,2024-06-11T15:00:00+05:30,2554.55,breakout_up,breakout_down,-580.5,234.14,15.39,46.16,-876.18,4.14
NSE:WIPRO,SHORT,610,2024-06-10T09:30:00+05:30,119.08,2024-06-12T09:15:00+05:30,120.29,breakout_down,breakout_up,-741.15,225.44,14.6,43.8,-1024.99,1.99
NSE:BANKNIFTY,SHORT,1.7842724527117304,2024-06-11T15:00:00+05:30,49732.85,2024-06-12T09:45:00+05:30,50073.65,breakout_down,breakout_up,-608.08,63.92,3.56,17.81,-693.37,0.78
NSE:SENSEX,SHORT,1.2372928343285654,2024-06-11T15:15:00+05:30,76427.43,2024-06-12T09:45:00+05:30,76904.01,breakout_down,breakout_up,-589.67,65.02,3.79,18.97,-677.46,0.77
NSE:ICICIBANK,SHORT,65,2024-06-11T09:15:00+05:30,1118.0,2024-06-12T09:45:00+05:30,1129.65,breakout_down,breakout_up,-757.25,225.53,14.61,43.83,-1041.22,1.02
NSE:RELIANCE,SHORT,105,2024-06-11T09:30:00+05:30,730.24,2024-06-12T10:30:00+05:30,735.2,breakout_down,breakout_up,-520.8,234.15,15.39,46.16,-816.5,1.04
NSE:NIFTY,LONG,4.270081361329987,2024-06-12T09:45:00+05:30,23404.45,2024-06-12T15:00:00+05:30,23325.25,breakout_up,breakout_down,-338.19,65.96,3.99,19.95,-428.09,0.22
NSE:SENSEX,LONG,1.2203729277719357,2024-06-12T10:00:00+05:30,76933.6,2024-06-12T15:00:00+05:30,76620.41,breakout_up,breakout_down,-382.21,64.81,3.75,18.74,-469.51,0.21
NSE:BANKNIFTY,LONG,1.7551946505971623,2024-06-12T10:00:00+05:30,50162.9,2024-06-12T15:15:00+05:30,49791.6,breakout_up,breakout_down,-651.7,63.67,3.51,17.54,-736.43,0.22
NSE:HDFCBANK,LONG,175,2024-06-11T13:30:00+05:30,392.67,2024-06-12T15:15:00+05:30,392.25,breakout_up,breakout_down,-72.63,215.77,13.74,41.21,-343.34,1.07
NSE:ICICIBANK,LONG,65,2024-06-12T10:00:00+05:30,1131.5,2024-06-12T15:15:00+05:30,1116.8,breakout_up,breakout_down,-955.5,72.85,14.61,43.84,-1086.8,0.22
NSE:BHARTIARTL,LONG,55,2024-06-12T09:15:00+05:30,1442.4,2024-06-12T15:15:00+05:30,1436.0,breakout_up,breakout_down,-352.0,75.06,15.83,47.49,-490.38,0.25
NSE:WIPRO,SHORT,600,2024-06-12T15:00:00+05:30,119.15,2024-06-13T09:15:00+05:30,121.17,breakout_down,breakout_up,-1209.0,223.45,14.42,43.26,-1490.12,0.76
NSE:TATASTEEL,LONG,535,2024-06-05T11:15:00+05:30,164.45,2024-06-13T11:00:00+05:30,181.7,breakout_up,breakout_down,9228.75,268.23,18.52,55.56,8886.45,7.99
NSE:HCLTECH,LONG,45,2024-06-11T12:00:00+05:30,1433.3,2024-06-13T14:00:00+05:30,1439.7,breakout_up,breakout_down,288.0,206.77,12.93,38.79,29.51,2.08
NSE:RELIANCE,SHORT,105,2024-06-12T15:00:00+05:30,731.29,2024-06-13T14:15:00+05:30,735.2,breakout_down,breakout_up,-410.55,234.27,15.4,46.19,-706.41,0.97
NSE:RELIANCE,SHORT,105,2024-06-14T09:15:00+05:30,729.62,2024-06-14T10:30:00+05:30,735.8,breakout_down,breakout_up,-648.37,74.24,15.39,46.16,-784.17,0.05
NSE:SBIN,LONG,95,2024-06-12T10:00:00+05:30,840.5,2024-06-14T14:00:00+05:30,840.0,breakout_up,breakout_down,-47.5,240.54,15.96,47.89,-351.9,2.17
NSE:NIFTY,SHORT,4.2693661182322735,2024-06-12T15:15:00+05:30,23308.4,2024-06-14T14:45:00+05:30,23465.5,breakout_down,breakout_up,-670.72,65.95,3.99,19.97,-760.64,1.98
NSE:SENSEX,SHORT,1.2202238145886874,2024-06-12T15:15:00+05:30,76559.38,2024-06-18T09:15:00+05:30,77133.97,breakout_down,breakout_up,-701.13,64.81,3.75,18.75,-788.44,5.75
NSE:HDFCBANK,LONG,175,2024-06-14T10:15:00+05:30,398.59,2024-06-18T09:15:00+05:30,397.74,breakout_up,breakout_down,-148.75,218.0,13.94,41.81,-422.49,3.96
NSE:INFY,SHORT,45,2024-06-10T09:30:00+05:30,1508.45,2024-06-18T09:15:00+05:30,1502.25,breakout_down,breakout_up,279.0,213.66,13.55,40.64,11.15,7.99
NSE:ITC,SHORT,160,2024-06-11T15:00:00+05:30,433.1,2024-06-18T09:15:00+05:30,432.7,breakout_down,breakout_up,64.0,217.06,13.85,41.56,-208.47,6.76
NSE:TATASTEEL,SHORT,535,2024-06-13T11:15:00+05:30,181.47,2024-06-18T09:15:00+05:30,183.65,breakout_down,breakout_up,-1166.3,280.28,19.53,58.6,-1524.72,4.92
NSE:HINDUNILVR,SHORT,30,2024-06-12T09:15:00+05:30,2539.55,2024-06-18T09:15:00+05:30,2490.45,breakout_down,breakout_up,1473.0,230.7,15.09,45.27,1181.94,6.0
NSE:WIPRO,SHORT,585,2024-06-13T14:15:00+05:30,120.25,2024-06-18T09:15:00+05:30,122.72,breakout_down,breakout_up,-1442.03,221.18,14.21,42.64,-1720.06,4.79
NSE:ADANIGREEN,SHORT,30,2024-06-11T15:00:00+05:30,1856.25,2024-06-18T09:15:00+05:30,1815.45,breakout_down,breakout_up,1224.0,185.44,11.02,33.05,994.5,6.76
NSE:BHARTIARTL,SHORT,55,2024-06-13T10:45:00+05:30,1432.6,2024-06-18T09:15:00+05:30,1438.3,breakout_down,breakout_up,-313.5,238.62,15.79,47.37,-615.28,4.94
NSE:BANKNIFTY,SHORT,1.7550088351007507,2024-06-14T09:15:00+05:30,49749.85,2024-06-18T09:45:00+05:30,50232.8,breakout_down,breakout_up,-847.58,63.67,3.51,17.55,-932.3,4.02
NSE:ICICIBANK,SHORT,65,2024-06-13T10:15:00+05:30,1111.8,2024-06-18T11:45:00+05:30,1114.8,breakout_down,breakout_up,-195.0,223.97,14.47,43.42,-476.86,5.06
NSE:HCLTECH,SHORT,45,2024-06-14T09:15:00+05:30,1432.15,2024-06-18T14:15:00+05:30,1439.4,breakout_down,breakout_up,-326.25,206.75,12.92,38.77,-584.68,4.21
NSE:SBIN,LONG,95,2024-06-18T09:30:00+05:30,846.7,2024-06-18T15:00:00+05:30,843.85,breakout_up,breakout_down,-270.75,75.47,16.06,48.18,-410.46,0.23
NSE:TATACONSUM,SHORT,45,2024-06-11T15:00:00+05:30,1135.1,2024-06-18T15:00:00+05:30,1127.0,breakout_down,breakout_up,364.5,176.22,10.18,30.54,147.56,7.0
NSE:LT,LONG,30,2024-06-06T09:15:00+05:30,3459.55,2024-06-19T09:15:00+05:30,3658.05,breakout_up,breakout_down,5955.0,299.96,21.35,64.06,5569.63,13.0
NSE:NIFTY,LONG,4.207317372123893,2024-06-14T15:00:00+05:30,23471.9,2024-06-19T10:15:00+05:30,23447.35,breakout_up,breakout_down,-103.29,65.77,3.95,19.74,-192.75,4.8
NSE:SENSEX,LONG,1.1980213943777773,2024-06-18T15:15:00+05:30,77322.07,2024-06-19T10:15:00+05:30,77079.79,breakout_up,breakout_down,-290.26,64.59,3.7,18.5,-377.04,0.79
NSE:RELIANCE,LONG,105,2024-06-14T13:00:00+05:30,738.23,2024-06-19T10:15:00+05:30,733.05,breakout_up,breakout_down,-543.38,234.84,15.45,46.35,-840.01,4.89
NSE:SBIN,LONG,95,2024-06-19T09:45:00+05:30,852.55,2024-06-19T10:30:00+05:30,842.65,breakout_up,breakout_down,-940.5,75.48,16.1,48.31,-1080.39,0.03
NSE:ICICIBANK,LONG,65,2024-06-18T13:30:00+05:30,1117.35,2024-06-20T10:00:00+05:30,1136.75,breakout_up,breakout_down,1261.0,225.85,14.65,43.95,976.55,1.85
NSE:TATASTEEL,SHORT,525,2024-06-18T12:45:00+05:30,181.65,2024-06-20T10:15:00+05:30,181.81,breakout_down,breakout_up,-84.0,275.18,19.08,57.24,-435.5,1.9
NSE:RELIANCE,SHORT,100,2024-06-19T10:30:00+05:30,732.22,2024-06-20T10:30:00+05:30,739.88,breakout_down,breakout_up,-766.0,226.77,14.72,44.16,-1051.65,1.0
NSE:HINDUNILVR,SHORT,30,2024-06-19T13:30:00+05:30,2470.1,2024-06-20T10:45:00+05:30,2483.8,breakout_down,breakout_up,-411.0,228.31,14.86,44.59,-698.75,0.89
NSE:SBIN,LONG,90,2024-06-19T14:30:00+05:30,856.95,2024-06-20T14:30:00+05:30,845.0,breakout_up,breakout_down,-1075.5,233.42,15.32,45.95,-1370.19,1.0
NSE:LT,SHORT,30,2024-06-19T09:30:00+05:30,3650.4,2024-06-20T14:30:00+05:30,3609.0,breakout_down,breakout_up,1242.0,305.04,21.78,65.33,849.85,1.21
NSE:HDFCBANK,LONG,170,2024-06-18T09:30:00+05:30,399.77,2024-06-21T09:15:00+05:30,414.02,breakout_up,breakout_down,2422.5,216.68,13.83,41.5,2150.48,2.99
NSE:TCS,SHORT,15,2024-06-10T09:45:00+05:30,3850.0,2024-06-21T09:15:00+05:30,3855.45,breakout_down,breakout_up,-81.75,191.57,11.56,34.67,-319.56,10.98
NSE:TATASTEEL,LONG,520,2024-06-20T10:45:00+05:30,182.18,2024-06-21T09:15:00+05:30,179.73,breakout_up,breakout_down,-1274.0,272.35,18.82,56.46,-1621.63,0.94
NSE:WIPRO,SHORT,560,2024-06-19T10:00:00+05:30,121.88,2024-06-21T09:15:00+05:30,124.34,breakout_down,breakout_up,-1380.4,216.45,13.79,41.36,-1652.0,1.97
NSE:BHARTIARTL,SHORT,55,2024-06-18T11:15:00+05:30,1420.4,2024-06-21T09:15:00+05:30,1397.1,breakout_down,breakout_up,1281.5,235.23,15.5,46.49,984.28,2.92
NSE:BANKNIFTY,LONG,1.7178960247606303,2024-06-18T11:15:00+05:30,50283.55,2024-06-21T10:30:00+05:30,51452.1,breakout_up,breakout_down,2007.45,63.75,3.5,17.48,1922.72,2.97
NSE:SENSEX,LONG,1.1893091638170952,2024-06-19T14:15:00+05:30,77572.41,2024-06-21T10:30:00+05:30,77316.28,breakout_up,breakout_down,-304.62,64.52,3.68,18.42,-391.24,1.84
NSE:NIFTY,LONG,4.174312118513269,2024-06-19T14:30:00+05:30,23611.45,2024-06-21T12:30:00+05:30,23460.3,breakout_up,breakout_down,-630.95,65.66,3.93,19.65,-720.18,1.92
NSE:HCLTECH,LONG,45,2024-06-19T09:15:00+05:30,1439.95,2024-06-21T14:15:00+05:30,1441.25,breakout_up,breakout_down,58.5,207.2,12.97,38.9,-200.56,2.21
NSE:HDFCBANK,SHORT,170,2024-06-21T09:30:00+05:30,412.02,2024-06-21T15:00:00+05:30,416.85,breakout_down,breakout_up,-820.25,71.94,14.09,42.27,-948.56,0.23
NSE:INFY,LONG,45,2024-06-19T12:00:00+05:30,1509.65,2024-06-24T09:15:00+05:30,1520.65,breakout_up,breakout_down,495.0,214.62,13.64,40.91,225.83,4.89
NSE:ITC,SHORT,160,2024-06-18T13:00:00+05:30,429.55,2024-06-24T09:15:00+05:30,423.45,breakout_down,breakout_up,976.0,214.72,13.65,40.94,706.69,5.84
NSE:TATASTEEL,LONG,515,2024-06-21T14:00:00+05:30,180.63,2024-06-24T09:15:00+05:30,176.92,breakout_up,breakout_down,-1910.65,267.89,18.41,55.24,-2252.2,2.8
NSE:HINDUNILVR,SHORT,30,2024-06-21T09:15:00+05:30,2458.0,2024-06-24T09:15:00+05:30,2454.0,breakout_down,breakout_up,120.0,226.87,14.74,44.21,-165.82,3.0
NSE:TATACONSUM,SHORT,50,2024-06-19T10:00:00+05:30,1113.65,2024-06-24T12:30:00+05:30,1099.15,breakout_down,breakout_up,725.0,186.02,11.06,33.19,494.72,5.1
NSE:ADANIGREEN,SHORT,35,2024-06-19T09:15:00+05:30,1781.2,2024-06-24T12:45:00+05:30,1814.2,breakout_down,breakout_up,-1155.0,203.05,12.58,37.75,-1408.39,5.15
NSE:HINDUNILVR,LONG,30,2024-06-24T12:00:00+05:30,2459.95,2024-06-24T14:30:00+05:30,2430.05,breakout_up,breakout_down,-897.0,72.95,14.67,44.01,-1028.63,0.1
NSE:TCS,LONG,15,2024-06-24T10:15:00+05:30,3845.05,2024-06-24T14:45:00+05:30,3817.6,breakout_up,breakout_down,-411.75,67.41,11.49,34.48,-525.14,0.19
NSE:BANKNIFTY,SHORT,1.7214506429449983,2024-06-21T13:00:00+05:30,51293.3,2024-06-25T09:15:00+05:30,51891.0,breakout_down,breakout_up,-1028.91,63.86,3.55,17.76,-1114.09,3.84
NSE:SENSEX,SHORT,1.189009000026916,2024-06-21T10:45:00+05:30,77263.93,2024-06-25T09:15:00+05:30,77504.29,breakout_down,breakout_up,-285.79,64.5,3.68,18.4,-372.37,3.94
NSE:SBIN,SHORT,90,2024-06-20T14:45:00+05:30,842.75,2024-06-25T09:15:00+05:30,838.2,breakout_down,breakout_up,409.5,231.21,15.13,45.39,117.77,4.77
NSE:WIPRO,SHORT,545,2024-06-21T14:15:00+05:30,122.65,2024-06-25T10:30:00+05:30,123.34,breakout_down,breakout_up,-376.05,212.13,13.41,40.22,-641.81,3.84
NSE:ITC,LONG,165,2024-06-24T09:30:00+05:30,423.7,2024-06-25T11:00:00+05:30,420.95,breakout_up,breakout_down,-453.75,218.03,13.94,41.81,-727.53,1.06
NSE:TATACONSUM,LONG,50,2024-06-24T13:00:00+05:30,1100.9,2024-06-25T11:15:00+05:30,1094.5,breakout_up,breakout_down,-320.0,185.13,10.98,32.93,-549.04,0.93
NSE:LT,SHORT,30,2024-06-21T10:30:00+05:30,3557.5,2024-06-25T11:45:00+05:30,3568.1,breakout_down,breakout_up,-318.0,300.7,21.38,64.13,-704.21,4.05
NSE:RELIANCE,SHORT,100,2024-06-21T09:15:00+05:30,732.41,2024-06-25T14:15:00+05:30,725.91,breakout_down,breakout_up,650.0,225.13,14.58,43.75,366.53,4.21
NSE:TCS,SHORT,15,2024-06-24T15:00:00+05:30,3815.0,2024-06-25T14:45:00+05:30,3830.5,breakout_down,breakout_up,-232.5,190.59,11.47,34.4,-468.96,0.99
NSE:HCLTECH,SHORT,45,2024-06-24T09:15:00+05:30,1433.7,2024-06-25T15:00:00+05:30,1449.6,breakout_down,breakout_up,-715.5,207.36,12.97,38.92,-974.76,1.24
NSE:ITC,SHORT,165,2024-06-25T11:15:00+05:30,419.95,2024-06-26T10:30:00+05:30,425.4,breakout_down,breakout_up,-899.25,218.19,13.95,41.84,-1173.24,0.97
NSE:WIPRO,LONG,535,2024-06-25T10:45:00+05:30,123.4,2024-06-26T14:30:00+05:30,123.61,breakout_up,breakout_down,115.02,209.97,13.22,39.65,-147.81,1.16
NSE:HDFCBANK,LONG,165,2024-06-25T09:15:00+05:30,422.04,2024-06-26T15:15:00+05:30,423.38,breakout_up,breakout_down,220.27,218.12,13.95,41.85,-53.64,1.25
NSE:TCS,LONG,15,2024-06-25T15:00:00+05:30,3839.65,2024-06-27T09:15:00+05:30,3827.9,breakout_up,breakout_down,-176.25,190.95,11.5,34.5,-413.2,1.76
NSE:INFY,LONG,45,2024-06-24T14:45:00+05:30,1526.15,2024-06-27T09:15:00+05:30,1535.85,breakout_up,breakout_down,436.5,216.21,13.78,41.34,165.17,2.77
NSE:TATASTEEL,SHORT,520,2024-06-24T09:30:00+05:30,175.63,2024-06-27T09:15:00+05:30,174.09,breakout_down,breakout_up,800.8,265.15,18.19,54.56,462.91,2.99
NSE:HINDUNILVR,LONG,30,2024-06-26T10:00:00+05:30,2446.1,2024-06-27T09:15:00+05:30,2440.0,breakout_up,breakout_down,-183.0,226.03,14.66,43.97,-467.66,0.97
NSE:LT,LONG,30,2024-06-25T12:45:00+05:30,3576.8,2024-06-27T09:15:00+05:30,3574.75,breakout_up,breakout_down,-61.5,301.54,21.45,64.36,-448.86,1.85
NSE:WIPRO,SHORT,540,2024-06-27T09:15:00+05:30,122.72,2024-06-27T11:00:00+05:30,124.12,breakout_down,breakout_up,-761.4,70.61,13.33,39.99,-885.32,0.07
NSE:HCLTECH,SHORT,45,2024-06-27T09:15:00+05:30,1430.7,2024-06-27T12:30:00+05:30,1447.4,breakout_down,breakout_up,-751.5,69.94,12.95,38.85,-873.25,0.14
NSE:TATASTEEL,LONG,525,2024-06-27T09:30:00+05:30,174.74,2024-06-27T13:15:00+05:30,171.98,breakout_up,breakout_down,-1449.0,79.12,18.2,54.61,-1600.93,0.16
NSE:ITC,SHORT,160,2024-06-27T09:15:00+05:30,423.1,2024-06-27T15:00:00+05:30,426.4,breakout_down,breakout_up,-528.0,71.09,13.59,40.78,-653.46,0.24
NSE:ADANIGREEN,SHORT,35,2024-06-25T14:00:00+05:30,1787.65,2024-06-27T15:00:00+05:30,1812.55,breakout_down,breakout_up,-871.5,203.22,12.6,37.8,-1125.12,2.04
NSE:ICICIBANK,LONG,60,2024-06-20T15:00:00+05:30,1156.2,2024-06-27T15:15:00+05:30,1216.5,breakout_up,breakout_down,3618.0,221.06,14.24,42.71,3340.0,7.01
NSE:TATACONSUM,SHORT,50,2024-06-26T09:15:00+05:30,1084.95,2024-06-28T09:30:00+05:30,1091.25,breakout_down,breakout_up,-315.0,184.07,10.88,32.64,-542.59,2.01
NSE:BANKNIFTY,LONG,1.6776110546280356,2024-06-25T09:45:00+05:30,51971.6,2024-06-28T12:15:00+05:30,52587.1,breakout_up,breakout_down,1032.57,63.76,3.51,17.54,947.76,3.1
NSE:SBIN,LONG,90,2024-06-25T11:15:00+05:30,841.5,2024-06-28T14:30:00+05:30,852.65,breakout_up,breakout_down,1003.5,232.49,15.25,45.74,710.02,3.14
NSE:NIFTY,LONG,4.149675299053128,2024-06-25T09:15:00+05:30,23578.6,2024-06-28T15:00:00+05:30,23989.2,breakout_up,breakout_down,1703.86,65.86,3.95,19.74,1614.31,3.24
NSE:SENSEX,LONG,1.1775154688783322,2024-06-25T12:15:00+05:30,77702.8,2024-06-28T15:00:00+05:30,78976.69,breakout_up,breakout_down,1500.03,64.64,3.69,18.45,1413.25,3.11
NSE:TCS,LONG,15,2024-06-27T11:00:00+05:30,3870.3,2024-06-28T15:00:00+05:30,3899.8,breakout_up,breakout_down,442.5,192.61,11.66,34.97,203.27,1.17
NSE:TATASTEEL,LONG,510,2024-06-28T09:15:00+05:30,176.53,2024-06-28T15:00:00+05:30,173.75,breakout_up,breakout_down,-1417.8,78.53,17.86,53.59,-1567.78,0.24
NSE:BHARTIARTL,LONG,60,2024-06-21T09:30:00+05:30,1411.65,2024-06-28T15:00:00+05:30,1441.25,breakout_up,breakout_down,1776.0,253.21,17.12,51.35,1454.32,7.23
NSE:HINDUNILVR,LONG,30,2024-06-27T10:15:00+05:30,2469.1,2024-06-28T15:15:00+05:30,2467.15,breakout_up,breakout_down,-58.5,227.69,14.81,44.43,-345.43,1.21
NSE:HDFCBANK,SHORT,165,2024-06-28T13:00:00+05:30,422.17,2024-07-01T11:15:00+05:30,425.23,breakout_down,breakout_up,-504.9,218.54,13.98,41.95,-779.37,2.93
NSE:ICICIBANK,SHORT,60,2024-06-28T11:00:00+05:30,1213.25,2024-07-01T11:15:00+05:30,1208.4,breakout_down,breakout_up,291.0,224.57,14.53,43.59,8.31,3.01
NSE:TATACONSUM,LONG,50,2024-06-28T13:00:00+05:30,1097.85,2024-07-01T11:15:00+05:30,1088.95,breakout_up,breakout_down,-445.0,184.66,10.93,32.8,-673.4,2.93
NSE:LT,SHORT,30,2024-06-27T12:45:00+05:30,3561.65,2024-07-02T09:15:00+05:30,3544.55,breakout_down,breakout_up,513.0,299.99,21.32,63.96,127.74,4.85
NSE:ICICIBANK,LONG,60,2024-07-01T12:00:00+05:30,1209.5,2024-07-02T09:30:00+05:30,1197.4,breakout_up,breakout_down,-726.0,223.66,14.44,43.32,-1007.43,0.9
NSE:HINDUNILVR,LONG,30,2024-07-01T09:30:00+05:30,2500.05,2024-07-02T09:45:00+05:30,2491.25,breakout_up,breakout_down,-264.0,229.54,14.97,44.92,-553.44,1.01
NSE:ADANIGREEN,SHORT,35,2024-06-28T14:45:00+05:30,1780.9,2024-07-02T10:30:00+05:30,1809.8,breakout_down,breakout_up,-1011.5,202.86,12.57,37.7,-1264.63,3.82
NSE:BHARTIARTL,LONG,55,2024-07-02T09:15:00+05:30,1463.1,2024-07-02T11:00:00+05:30,1449.05,breakout_up,breakout_down,-772.75,75.34,16.02,48.05,-912.16,0.07
NSE:TATACONSUM,LONG,50,2024-07-01T15:15:00+05:30,1096.0,2024-07-02T11:15:00+05:30,1087.25,breakout_up,breakout_down,-437.5,184.47,10.92,32.75,-665.63,0.83
NSE:NIFTY,LONG,4.120158859863254,2024-07-01T13:30:00+05:30,24138.15,2024-07-02T12:45:00+05:30,24070.2,breakout_up,breakout_down,-279.96,65.87,3.97,19.86,-369.67,0.97
NSE:ITC,LONG,155,2024-07-01T14:15:00+05:30,428.95,2024-07-02T12:45:00+05:30,426.75,breakout_up,breakout_down,-341.0,210.54,13.26,39.79,-604.59,0.94
NSE:TATACONSUM,SHORT,50,2024-07-02T11:30:00+05:30,1086.5,2024-07-02T14:30:00+05:30,1101.45,breakout_down,breakout_up,-747.5,66.4,10.94,32.82,-857.66,0.12
NSE:BANKNIFTY,SHORT,1.6854973904241575,2024-06-28T15:00:00+05:30,52289.05,2024-07-03T09:15:00+05:30,52814.65,breakout_down,breakout_up,-885.9,63.82,3.54,17.72,-970.98,4.76
NSE:ICICIBANK,SHORT,60,2024-07-02T09:45:00+05:30,1194.55,2024-07-03T09:15:00+05:30,1201.75,breakout_down,breakout_up,-432.0,222.93,14.38,43.13,-712.44,0.98
NSE:TCS,LONG,15,2024-07-01T10:45:00+05:30,3972.9,2024-07-03T09:15:00+05:30,3976.55,breakout_up,breakout_down,54.75,195.63,11.92,35.77,-188.58,1.94
NSE:INFY,LONG,45,2024-06-27T11:30:00+05:30,1554.65,2024-07-03T09:15:00+05:30,1606.65,breakout_up,breakout_down,2340.0,221.04,14.23,42.68,2062.06,5.91
NSE:HINDUNILVR,SHORT,30,2024-07-02T12:45:00+05:30,2481.5,2024-07-03T09:15:00+05:30,2493.55,breakout_down,breakout_up,-361.5,229.01,14.93,44.78,-650.21,0.85
NSE:HCLTECH,LONG,40,2024-06-27T13:45:00+05:30,1454.3,2024-07-03T09:15:00+05:30,1471.25,breakout_up,breakout_down,678.0,193.12,11.7,35.11,438.07,5.81
NSE:RELIANCE,LONG,100,2024-06-25T15:00:00+05:30,727.35,2024-07-03T09:45:00+05:30,777.49,breakout_up,breakout_down,5014.0,229.98,15.05,45.15,4723.83,7.78
NSE:ITC,SHORT,160,2024-07-02T14:00:00+05:30,424.7,2024-07-03T11:00:00+05:30,429.0,breakout_down,breakout_up,-688.0,214.97,13.66,40.98,-957.6,0.88
NSE:SBIN,SHORT,90,2024-06-28T15:00:00+05:30,847.2,2024-07-03T12:00:00+05:30,833.7,breakout_down,breakout_up,1215.0,231.15,15.13,45.38,923.34,4.88
NSE:HDFCBANK,LONG,160,2024-07-01T13:30:00+05:30,426.62,2024-07-03T14:15:00+05:30,441.62,breakout_up,breakout_down,2400.0,217.32,13.89,41.68,2127.11,2.03
NSE:HINDUNILVR,SHORT,30,2024-07-03T11:30:00+05:30,2476.9,2024-07-03T15:00:00+05:30,2516.0,breakout_down,breakout_up,-1173.0,73.47,14.98,44.94,-1306.38,0.15
NSE:ADANIGREEN,SHORT,30,2024-07-03T09:15:00+05:30,1768.25,2024-07-03T15:00:00+05:30,1776.35,breakout_down,breakout_up,-243.0,65.91,10.63,31.9,-351.45,0.24
NSE:RELIANCE,SHORT,100,2024-07-03T10:15:00+05:30,774.64,2024-07-04T09:15:00+05:30,778.47,breakout_down,breakout_up,-382.5,235.74,15.53,46.59,-680.37,0.96
NSE:TCS,SHORT,15,2024-07-03T10:00:00+05:30,3966.0,2024-07-04T09:15:00+05:30,4015.8,breakout_down,breakout_up,-747.0,196.23,11.97,35.92,-991.12,0.97
NSE:BANKNIFTY,LONG,1.6414215570718886,2024-07-03T09:30:00+05:30,53103.35,2024-07-04T10:30:00+05:30,52911.9,breakout_up,breakout_down,-314.25,63.56,3.48,17.4,-398.69,1.04
NSE:WIPRO,LONG,520,2024-06-27T11:15:00+05:30,124.99,2024-07-04T11:30:00+05:30,133.8,breakout_up,breakout_down,4581.2,212.32,13.46,40.37,4315.05,7.01
NSE:BHARTIARTL,SHORT,55,2024-07-02T11:15:00+05:30,1445.45,2024-07-04T12:15:00+05:30,1432.9,breakout_down,breakout_up,690.25,239.0,15.83,47.49,387.93,2.04
NSE:HINDUNILVR,LONG,30,2024-07-04T10:30:00+05:30,2524.7,2024-07-04T13:45:00+05:30,2496.25,breakout_up,breakout_down,-853.5,73.65,15.06,45.19,-987.4,0.14
NSE:LT,LONG,30,2024-07-02T11:00:00+05:30,3567.2,2024-07-04T13:45:00+05:30,3599.95,breakout_up,breakout_down,982.5,301.99,21.5,64.5,594.51,2.11
NSE:TATACONSUM,LONG,45,2024-07-02T15:00:00+05:30,1105.05,2024-07-04T14:15:00+05:30,1139.35,breakout_up,breakout_down,1543.5,175.25,10.1,30.3,1327.85,1.97
NSE:NIFTY,LONG,4.0892109409209825,2024-07-03T09:15:00+05:30,24230.7,2024-07-04T14:45:00+05:30,24300.9,breakout_up,breakout_down,287.06,65.89,3.97,19.85,197.36,1.23
NSE:TATASTEEL,LONG,505,2024-07-02T10:45:00+05:30,175.64,2024-07-04T14:45:00+05:30,176.32,breakout_up,breakout_down,343.4,260.61,17.77,53.32,11.69,2.17
NSE:SENSEX,LONG,1.1691822744951363,2024-07-01T13:30:00+05:30,79461.75,2024-07-04T15:00:00+05:30,80047.42,breakout_up,breakout_down,684.75,64.78,3.73,18.65,597.59,3.06
NSE:TCS,LONG,15,2024-07-04T09:30:00+05:30,4023.0,2024-07-05T09:15:00+05:30,4003.9,breakout_up,breakout_down,-286.5,196.95,12.04,36.12,-531.61,0.99
NSE:LT,SHORT,30,2024-07-04T14:30:00+05:30,3590.0,2024-07-05T10:15:00+05:30,3630.5,breakout_down,breakout_up,-1215.0,303.93,21.66,64.98,-1605.58,0.82
NSE:TATACONSUM,SHORT,45,2024-07-04T14:45:00+05:30,1137.55,2024-07-05T11:30:00+05:30,1147.5,breakout_down,breakout_up,-447.75,177.43,10.28,30.85,-666.31,0.86
NSE:HCLTECH,LONG,40,2024-07-04T09:15:00+05:30,1500.2,2024-07-05T14:15:00+05:30,1514.85,breakout_up,breakout_down,586.0,197.1,12.06,36.18,340.66,1.21
NSE:INFY,LONG,40,2024-07-04T09:15:00+05:30,1650.8,2024-07-05T14:45:00+05:30,1634.3,breakout_up,breakout_down,-660.0,209.2,13.14,39.42,-921.76,1.23
NSE:NIFTY,SHORT,4.104895696004025,2024-07-05T09:15:00+05:30,24186.05,2024-07-05T15:00:00+05:30,24342.05,breakout_down,breakout_up,-640.36,65.91,3.98,19.92,-730.18,0.24
NSE:BANKNIFTY,SHORT,1.641448999600372,2024-07-04T10:45:00+05:30,52860.3,2024-07-05T15:00:00+05:30,52685.8,breakout_down,breakout_up,286.43,63.52,3.46,17.32,202.13,1.18
NSE:SENSEX,SHORT,1.1755522353796448,2024-07-05T09:15:00+05:30,79538.0,2024-07-05T15:00:00+05:30,80042.51,breakout_down,breakout_up,-593.08,64.82,3.75,18.76,-680.41,0.24
NSE:WIPRO,SHORT,520,2024-07-04T12:45:00+05:30,133.12,2024-07-08T09:15:00+05:30,135.18,breakout_down,breakout_up,-1066.0,218.24,13.95,41.85,-1340.05,3.85
NSE:LT,LONG,30,2024-07-05T10:30:00+05:30,3632.95,2024-07-08T12:00:00+05:30,3596.75,breakout_up,breakout_down,-1086.0,304.23,21.69,65.07,-1476.98,3.06
NSE:HCLTECH,SHORT,40,2024-07-05T14:30:00+05:30,1512.95,2024-07-08T15:00:00+05:30,1535.8,breakout_down,breakout_up,-914.0,198.71,12.2,36.58,-1161.49,3.02
NSE:ADANIGREEN,SHORT,30,2024-07-05T09:15:00+05:30,1762.9,2024-07-08T15:00:00+05:30,1757.95,breakout_down,breakout_up,148.5,180.49,10.56,31.69,-74.24,3.24
NSE:HDFCBANK,SHORT,165,2024-07-04T09:15:00+05:30,436.19,2024-07-09T09:15:00+05:30,410.96,breakout_down,breakout_up,4162.13,218.15,13.98,41.93,3888.07,5.0
NSE:BANKNIFTY,SHORT,1.6634073621099565,2024-07-08T12:00:00+05:30,52283.65,2024-07-09T11:30:00+05:30,52617.0,breakout_down,breakout_up,-554.5,63.59,3.49,17.45,-639.03,0.98
NSE:RELIANCE,LONG,100,2024-07-04T09:45:00+05:30,783.04,2024-07-09T11:45:00+05:30,793.74,breakout_up,breakout_down,1070.0,238.27,15.77,47.3,768.66,5.08
NSE:TATACONSUM,LONG,45,2024-07-08T09:45:00+05:30,1156.35,2024-07-09T14:15:00+05:30,1145.45,breakout_up,breakout_down,-490.5,178.27,10.36,31.07,-710.2,1.19
NSE:ADANIGREEN,LONG,30,2024-07-08T15:15:00+05:30,1761.0,2024-07-09T14:30:00+05:30,1763.5,breakout_up,breakout_down,75.0,180.62,10.57,31.72,-147.91,0.97
NSE:SBIN,LONG,95,2024-07-03T12:15:00+05:30,835.9,2024-07-09T15:15:00+05:30,856.5,breakout_up,breakout_down,1957.0,241.64,16.08,48.23,1651.04,6.12
NSE:BHARTIARTL,SHORT,60,2024-07-09T12:30:00+05:30,1429.45,2024-07-10T09:30:00+05:30,1444.0,breakout_down,breakout_up,-873.0,254.78,17.24,51.72,-1196.74,0.88
NSE:NIFTY,LONG,4.045507634070326,2024-07-09T09:15:00+05:30,24361.15,2024-07-10T09:45:00+05:30,24369.15,breakout_up,breakout_down,32.36,65.75,3.94,19.71,-57.04,1.02
NSE:SENSEX,LONG,1.158465526950663,2024-07-09T09:15:00+05:30,80125.56,2024-07-10T09:45:00+05:30,80115.61,breakout_up,breakout_down,-11.53,64.67,3.71,18.56,-98.47,1.02
NSE:LT,LONG,30,2024-07-09T09:15:00+05:30,3654.95,2024-07-10T09:45:00+05:30,3651.05,breakout_up,breakout_down,-117.0,306.7,21.92,65.75,-511.37,1.02
NSE:ITC,LONG,155,2024-07-05T11:15:00+05:30,431.0,2024-07-10T10:15:00+05:30,448.8,breakout_up,breakout_down,2759.0,214.46,13.64,40.91,2489.99,4.96
NSE:HINDUNILVR,LONG,30,2024-07-05T11:00:00+05:30,2520.5,2024-07-10T10:30:00+05:30,2580.25,breakout_up,breakout_down,1792.5,233.04,15.3,45.91,1498.25,4.98
NSE:TATACONSUM,SHORT,45,2024-07-09T14:45:00+05:30,1142.6,2024-07-10T13:15:00+05:30,1153.55,breakout_down,breakout_up,-492.75,177.99,10.33,31.0,-712.07,0.94
NSE:RELIANCE,SHORT,100,2024-07-09T12:00:00+05:30,792.07,2024-07-10T15:00:00+05:30,792.5,breakout_down,breakout_up,-43.5,239.21,15.85,47.54,-346.1,1.12
NSE:NIFTY,SHORT,4.048224779222221,2024-07-10T10:00:00+05:30,24330.75,2024-07-11T09:15:00+05:30,24346.85,breakout_down,breakout_up,-65.18,65.74,3.94,19.71,-154.56,0.97
NSE:SENSEX,SHORT,1.1591455192536888,2024-07-10T10:00:00+05:30,79993.86,2024-07-11T09:15:00+05:30,79983.11,breakout_down,breakout_up,12.46,64.65,3.71,18.54,-74.44,0.97
NSE:TCS,SHORT,15,2024-07-05T11:15:00+05:30,3990.95,2024-07-11T09:15:00+05:30,3968.2,breakout_down,breakout_up,341.25,195.77,11.94,35.82,97.72,5.92
NSE:SBIN,SHORT,95,2024-07-10T09:30:00+05:30,851.1,2024-07-11T09:15:00+05:30,855.8,breakout_down,breakout_up,-446.5,243.35,16.22,48.65,-754.72,0.99
NSE:TATASTEEL,SHORT,510,2024-07-05T09:15:00+05:30,173.71,2024-07-11T09:15:00+05:30,170.01,breakout_down,breakout_up,1887.0,257.78,17.53,52.59,1559.1,6.0
NSE:WIPRO,SHORT,505,2024-07-09T10:15:00+05:30,134.57,2024-07-11T09:15:00+05:30,134.53,breakout_down,breakout_up,25.25,214.14,13.59,40.77,-243.25,1.96
NSE:HCLTECH,SHORT,40,2024-07-10T09:15:00+05:30,1524.3,2024-07-11T09:15:00+05:30,1526.8,breakout_down,breakout_up,-100.0,198.76,12.2,36.61,-347.57,1.0
NSE:LT,SHORT,30,2024-07-10T10:00:00+05:30,3645.0,2024-07-11T09:15:00+05:30,3668.3,breakout_down,breakout_up,-699.0,306.98,21.94,65.82,-1093.74,0.97
NSE:ICICIBANK,LONG,60,2024-07-03T09:30:00+05:30,1211.85,2024-07-11T10:15:00+05:30,1233.75,breakout_up,breakout_down,1314.0,226.09,14.67,44.02,1029.22,8.03
NSE:ITC,SHORT,155,2024-07-10T10:30:00+05:30,447.0,2024-07-11T10:15:00+05:30,453.8,breakout_down,breakout_up,-1054.0,218.36,13.96,41.89,-1328.21,0.99
NSE:BHARTIARTL,LONG,55,2024-07-10T15:00:00+05:30,1445.6,2024-07-11T11:00:00+05:30,1428.1,breakout_up,breakout_down,-962.5,238.84,15.81,47.42,-1264.56,0.83
NSE:BANKNIFTY,SHORT,1.651785567948677,2024-07-10T09:15:00+05:30,52265.8,2024-07-11T14:45:00+05:30,52311.25,breakout_down,breakout_up,-75.07,63.45,3.45,17.27,-159.25,1.23
NSE:HDFCBANK,SHORT,185,2024-07-09T14:15:00+05:30,409.0,2024-07-11T14:45:00+05:30,405.31,breakout_down,breakout_up,681.73,230.48,15.06,45.19,390.98,2.02
NSE:WIPRO,SHORT,510,2024-07-11T10:45:00+05:30,132.72,2024-07-11T15:15:00+05:30,133.97,breakout_down,breakout_up,-637.5,71.1,13.6,40.81,-763.01,0.19
NSE:ICICIBANK,SHORT,60,2024-07-11T10:30:00+05:30,1233.05,2024-07-12T10:45:00+05:30,1248.45,breakout_down,breakout_up,-924.0,228.65,14.89,44.67,-1212.21,1.01
NSE:LT,SHORT,30,2024-07-11T14:00:00+05:30,3611.0,2024-07-12T10:45:00+05:30,3653.55,breakout_down,breakout_up,-1276.5,305.4,21.79,65.38,-1669.08,0.86
NSE:TATASTEEL,LONG,530,2024-07-11T09:45:00+05:30,170.72,2024-07-12T11:15:00+05:30,168.6,breakout_up,breakout_down,-1123.6,263.06,17.98,53.95,-1458.59,1.06
NSE:TATACONSUM,SHORT,45,2024-07-11T14:45:00+05:30,1135.05,2024-07-12T11:45:00+05:30,1142.8,breakout_down,breakout_up,-348.75,177.06,10.25,30.75,-566.81,0.88
NSE:TCS,LONG,15,2024-07-12T09:15:00+05:30,4025.25,2024-07-15T14:00:00+05:30,4171.6,breakout_up,breakout_down,2195.25,199.59,12.3,36.89,1946.48,3.2
NSE:WIPRO,LONG,495,2024-07-12T09:15:00+05:30,136.0,2024-07-15T14:00:00+05:30,139.05,breakout_up,breakout_down,1509.75,214.31,13.61,40.84,1240.98,3.2
NSE:TATACONSUM,LONG,45,2024-07-12T12:00:00+05:30,1143.1,2024-07-15T14:00:00+05:30,1141.4,breakout_up,breakout_down,-76.5,177.37,10.28,30.84,-294.99,3.08
NSE:ITC,LONG,145,2024-07-11T10:45:00+05:30,455.9,2024-07-15T15:15:00+05:30,462.05,breakout_up,breakout_down,891.75,210.97,13.31,39.93,627.54,4.19
NSE:TATASTEEL,SHORT,535,2024-07-15T09:15:00+05:30,166.06,2024-07-16T09:15:00+05:30,168.38,breakout_down,breakout_up,-1241.2,262.05,17.89,53.68,-1574.82,1.0
NSE:HCLTECH,LONG,40,2024-07-12T10:30:00+05:30,1535.2,2024-07-16T09:15:00+05:30,1562.85,breakout_up,breakout_down,1106.0,200.75,12.39,37.18,855.68,3.95
NSE:ADANIGREEN,SHORT,30,2024-07-09T15:00:00+05:30,1757.15,2024-07-16T09:15:00+05:30,1798.05,breakout_down,breakout_up,-1227.0,181.74,10.67,32.0,-1451.4,6.76
NSE:BHARTIARTL,SHORT,55,2024-07-12T09:45:00+05:30,1426.7,2024-07-16T09:15:00+05:30,1451.05,breakout_down,breakout_up,-1339.25,239.11,15.83,47.48,-1641.67,3.98
NSE:LT,LONG,25,2024-07-15T14:15:00+05:30,3663.0,2024-07-16T09:15:00+05:30,3629.1,breakout_up,breakout_down,-847.5,265.77,18.23,54.69,-1186.19,0.79
NSE:ICICIBANK,SHORT,60,2024-07-12T15:00:00+05:30,1231.4,2024-07-16T09:30:00+05:30,1242.65,breakout_down,breakout_up,-675.0,228.13,14.84,44.53,-962.51,3.77
NSE:RELIANCE,LONG,100,2024-07-11T12:30:00+05:30,797.23,2024-07-16T09:45:00+05:30,793.34,breakout_up,breakout_down,-388.5,239.91,15.91,47.72,-692.03,4.89
NSE:SENSEX,LONG,1.154916141276795,2024-07-12T09:15:00+05:30,80222.54,2024-07-16T14:15:00+05:30,80660.72,breakout_up,breakout_down,506.06,64.71,3.72,18.58,419.05,4.21
NSE:NIFTY,LONG,4.040604204935393,2024-07-11T15:15:00+05:30,24338.5,2024-07-18T09:15:00+05:30,24539.7,breakout_up,breakout_down,812.97,65.83,3.95,19.75,723.44,6.75
NSE:BANKNIFTY,LONG,1.6424830272649167,2024-07-12T09:15:00+05:30,52465.15,2024-07-18T09:15:00+05:30,52275.7,breakout_up,breakout_down,-311.17,63.37,3.44,17.2,-395.18,6.0
NSE:HDFCBANK,LONG,185,2024-07-12T09:15:00+05:30,406.99,2024-07-18T09:15:00+05:30,402.32,breakout_up,breakout_down,-863.03,229.57,14.97,44.92,-1152.49,6.0
NSE:ICICIBANK,LONG,60,2024-07-16T12:45:00+05:30,1244.55,2024-07-18T09:15:00+05:30,1236.45,breakout_up,breakout_down,-486.0,228.58,14.89,44.66,-774.13,1.85
NSE:TATASTEEL,LONG,515,2024-07-16T09:30:00+05:30,168.6,2024-07-18T09:15:00+05:30,165.66,breakout_up,breakout_down,-1514.1,254.53,17.21,51.64,-1837.49,1.99
NSE:TCS,SHORT,15,2024-07-15T14:30:00+05:30,4167.15,2024-07-18T10:30:00+05:30,4233.6,breakout_down,breakout_up,-996.75,203.23,12.6,37.8,-1250.39,2.83
NSE:LT,SHORT,25,2024-07-16T09:45:00+05:30,3625.4,2024-07-18T12:15:00+05:30,3650.8,breakout_down,breakout_up,-635.0,265.32,18.19,54.57,-973.08,2.1
NSE:SENSEX,SHORT,1.1566248464958657,2024-07-18T09:15:00+05:30,80465.25,2024-07-18T13:00:00+05:30,81101.65,breakout_down,breakout_up,-736.08,64.74,3.74,18.69,-823.25,0.16
NSE:RELIANCE,SHORT,100,2024-07-16T13:00:00+05:30,790.08,2024-07-18T14:00:00+05:30,796.32,breakout_down,breakout_up,-624.0,239.46,15.86,47.59,-926.92,2.04
NSE:BHARTIARTL,LONG,55,2024-07-16T09:30:00+05:30,1465.85,2024-07-19T10:30:00+05:30,1462.15,breakout_up,breakout_down,-203.5,242.1,16.1,48.31,-510.01,3.04
NSE:BANKNIFTY,LONG,1.6329330592212674,2024-07-18T09:45:00+05:30,52530.7,2024-07-19T10:45:00+05:30,52229.8,breakout_up,breakout_down,-491.35,63.27,3.42,17.11,-575.15,1.04
NSE:SBIN,LONG,90,2024-07-12T09:15:00+05:30,861.7,2024-07-19T10:45:00+05:30,885.3,breakout_up,breakout_down,2124.0,237.69,15.72,47.17,1823.42,7.06
NSE:WIPRO,LONG,485,2024-07-18T09:15:00+05:30,140.25,2024-07-19T10:45:00+05:30,140.14,breakout_up,breakout_down,-53.35,214.25,13.6,40.8,-321.99,1.06
NSE:NIFTY,LONG,4.008786378283157,2024-07-18T13:00:00+05:30,24711.6,2024-07-19T12:45:00+05:30,24608.25,breakout_up,breakout_down,-414.31,65.78,3.95,19.77,-503.82,0.99
NSE:SENSEX,LONG,1.1366143377839546,2024-07-18T13:15:00+05:30,81159.74,2024-07-19T12:45:00+05:30,80858.85,breakout_up,breakout_down,-342.0,64.51,3.68,18.42,-428.6,0.98
NSE:ICICIBANK,LONG,55,2024-07-18T09:45:00+05:30,1245.45,2024-07-19T12:45:00+05:30,1240.7,breakout_up,breakout_down,-261.25,215.1,13.67,41.02,-531.04,1.12
NSE:TATACONSUM,LONG,45,2024-07-16T09:45:00+05:30,1157.3,2024-07-19T14:00:00+05:30,1185.15,breakout_up,breakout_down,1253.25,180.17,10.54,31.62,1030.92,3.18
NSE:HINDUNILVR,LONG,30,2024-07-10T13:15:00+05:30,2620.95,2024-07-22T09:15:00+05:30,2714.95,breakout_up,breakout_down,2820.0,240.8,16.01,48.02,2515.17,11.83
NSE:LT,LONG,25,2024-07-18T12:30:00+05:30,3660.65,2024-07-22T09:15:00+05:30,3586.0,breakout_up,breakout_down,-1866.25,264.59,18.12,54.35,-2203.3,3.86
NSE:TCS,LONG,15,2024-07-18T10:45:00+05:30,4275.95,2024-07-22T09:30:00+05:30,4282.0,breakout_up,breakout_down,90.75,205.77,12.84,38.51,-166.37,3.95
NSE:BANKNIFTY,SHORT,1.6370739599187938,2024-07-22T09:15:00+05:30,52047.55,2024-07-22T10:15:00+05:30,52394.1,breakout_down,breakout_up,-567.33,63.26,3.42,17.1,-651.1,0.04
NSE:ITC,LONG,145,2024-07-18T12:00:00+05:30,469.0,2024-07-22T10:45:00+05:30,469.15,breakout_up,breakout_down,21.75,214.29,13.6,40.81,-246.95,3.95
NSE:BHARTIARTL,SHORT,55,2024-07-19T11:30:00+05:30,1456.5,2024-07-22T14:30:00+05:30,1471.7,breakout_down,breakout_up,-836.0,242.16,16.11,48.32,-1142.58,3.12
NSE:HCLTECH,LONG,40,2024-07-18T12:30:00+05:30,1580.9,2024-07-23T09:15:00+05:30,1564.0,breakout_up,breakout_down,-676.0,202.97,12.58,37.74,-929.29,4.86
NSE:ADANIGREEN,SHORT,30,2024-07-16T14:30:00+05:30,1759.8,2024-07-23T09:15:00+05:30,1763.9,breakout_down,breakout_up,-123.0,180.61,10.57,31.71,-345.89,6.78
NSE:HDFCBANK,LONG,185,2024-07-22T09:15:00+05:30,405.0,2024-07-23T09:30:00+05:30,407.55,breakout_up,breakout_down,471.75,230.14,15.03,45.1,181.49,1.01
NSE:ITC,SHORT,145,2024-07-22T11:00:00+05:30,467.7,2024-07-23T10:45:00+05:30,473.4,breakout_down,breakout_up,-826.5,214.83,13.65,40.94,-1095.91,0.99
NSE:TCS,SHORT,15,2024-07-22T14:00:00+05:30,4269.9,2024-07-23T11:00:00+05:30,4318.0,breakout_down,breakout_up,-721.5,206.33,12.88,38.65,-979.36,0.88
NSE:LT,LONG,25,2024-07-22T14:15:00+05:30,3648.95,2024-07-23T11:45:00+05:30,3584.9,breakout_up,breakout_down,-1601.25,264.21,18.08,54.25,-1937.8,0.9
NSE:INFY,LONG,40,2024-07-08T11:30:00+05:30,1663.85,2024-07-23T12:15:00+05:30,1788.95,breakout_up,breakout_down,5004.0,216.23,13.81,41.43,4732.53,15.03
NSE:SBIN,LONG,90,2024-07-19T13:30:00+05:30,895.95,2024-07-23T12:15:00+05:30,853.85,breakout_up,breakout_down,-3789.0,238.41,15.75,47.24,-4090.41,3.95
NSE:BHARTIARTL,SHORT,55,2024-07-23T11:30:00+05:30,1456.25,2024-07-23T14:45:00+05:30,1468.15,breakout_down,breakout_up,-654.5,75.47,16.08,48.25,-794.31,0.14
NSE:HINDUNILVR,LONG,30,2024-07-23T09:15:00+05:30,2743.95,2024-07-24T09:15:00+05:30,2702.9,breakout_up,breakout_down,-1231.5,244.8,16.34,49.02,-1541.67,1.0
NSE:TATASTEEL,SHORT,520,2024-07-18T11:00:00+05:30,164.59,2024-07-24T09:30:00+05:30,160.88,breakout_down,breakout_up,1929.2,251.05,16.92,50.77,1610.45,5.94
NSE:RELIANCE,SHORT,100,2024-07-19T10:45:00+05:30,782.27,2024-07-24T10:30:00+05:30,750.74,breakout_down,breakout_up,3153.5,233.25,15.33,45.99,2858.93,4.99
NSE:ICICIBANK,SHORT,55,2024-07-22T09:15:00+05:30,1237.4,2024-07-24T15:15:00+05:30,1226.6,breakout_down,breakout_up,594.0,213.68,13.55,40.66,326.11,2.25
NSE:TATASTEEL,LONG,540,2024-07-24T09:45:00+05:30,161.22,2024-07-24T15:15:00+05:30,160.2,breakout_up,breakout_down,-550.8,77.73,17.36,52.07,-697.95,0.23
NSE:INFY,LONG,40,2024-07-23T13:45:00+05:30,1831.9,2024-07-25T09:15:00+05:30,1818.1,breakout_up,breakout_down,-552.0,225.41,14.6,43.8,-835.81,1.81
NSE:LT,SHORT,25,2024-07-23T12:00:00+05:30,3533.0,2024-07-25T09:15:00+05:30,3563.25,breakout_down,breakout_up,-756.25,260.33,17.74,53.22,-1087.54,1.89
NSE:ADANIGREEN,SHORT,30,2024-07-23T12:15:00+05:30,1706.8,2024-07-25T10:00:00+05:30,1741.65,breakout_down,breakout_up,-1045.5,178.17,10.35,31.04,-1265.05,1.91
NSE:HDFCBANK,SHORT,185,2024-07-23T13:00:00+05:30,401.7,2024-07-25T10:30:00+05:30,403.49,breakout_down,breakout_up,-331.15,228.68,14.9,44.69,-619.42,1.9
NSE:ITC,LONG,140,2024-07-23T11:00:00+05:30,475.45,2024-07-25T10:30:00+05:30,488.65,breakout_up,breakout_down,1848.0,212.98,13.5,40.49,1581.03,1.98
NSE:WIPRO,SHORT,485,2024-07-19T14:30:00+05:30,139.65,2024-07-25T11:00:00+05:30,125.72,breakout_down,breakout_up,6753.63,205.65,12.87,38.61,6496.5,5.85
NSE:TATACONSUM,LONG,40,2024-07-22T10:00:00+05:30,1196.45,2024-07-25T11:00:00+05:30,1220.35,breakout_up,breakout_down,956.0,170.48,9.67,29.0,746.85,3.04
NSE:NIFTY,SHORT,4.011339421550225,2024-07-19T14:00:00+05:30,24570.65,2024-07-25T14:00:00+05:30,24421.35,breakout_down,breakout_up,598.89,65.72,3.93,19.65,509.59,6.0
NSE:SENSEX,SHORT,1.1356599336709257,2024-07-19T13:00:00+05:30,80851.67,2024-07-25T14:00:00+05:30,80125.91,breakout_down,breakout_up,824.22,64.45,3.66,18.28,737.83,6.04
NSE:RELIANCE,SHORT,110,2024-07-25T09:15:00+05:30,740.34,2024-07-25T14:00:00+05:30,749.65,breakout_down,breakout_up,-1024.1,75.97,16.39,49.17,-1165.63,0.2
NSE:HDFCBANK,LONG,185,2024-07-25T11:30:00+05:30,403.68,2024-07-26T09:15:00+05:30,399.88,breakout_up,breakout_down,-703.0,228.37,14.87,44.6,-990.84,0.91
NSE:SBIN,SHORT,90,2024-07-24T11:15:00+05:30,850.75,2024-07-26T09:15:00+05:30,854.3,breakout_down,breakout_up,-319.5,233.68,15.35,46.04,-614.56,1.92
NSE:TATASTEEL,SHORT,550,2024-07-25T09:15:00+05:30,157.28,2024-07-26T09:15:00+05:30,159.93,breakout_down,breakout_up,-1457.5,257.11,17.45,52.34,-1784.4,1.0
NSE:BHARTIARTL,SHORT,55,2024-07-24T12:45:00+05:30,1446.85,2024-07-26T09:15:00+05:30,1478.95,breakout_down,breakout_up,-1765.5,242.08,16.09,48.28,-2071.95,1.85
NSE:ITC,SHORT,140,2024-07-25T11:00:00+05:30,485.7,2024-07-26T10:45:00+05:30,495.25,breakout_down,breakout_up,-1337.0,215.84,13.73,41.2,-1607.77,0.99
NSE:BANKNIFTY,SHORT,1.637672119797887,2024-07-23T12:15:00+05:30,51632.15,2024-07-26T11:45:00+05:30,50960.15,breakout_down,breakout_up,1100.52,63.07,3.36,16.8,1017.29,2.98
NSE:ICICIBANK,SHORT,60,2024-07-25T09:45:00+05:30,1195.7,2024-07-26T12:45:00+05:30,1203.6,breakout_down,breakout_up,-474.0,223.14,14.4,43.19,-754.72,1.12
NSE:HINDUNILVR,SHORT,30,2024-07-24T09:30:00+05:30,2690.0,2024-07-26T13:00:00+05:30,2725.7,breakout_down,breakout_up,-1071.0,243.75,16.25,48.74,-1379.74,2.15
NSE:ADANIGREEN,LONG,30,2024-07-25T15:00:00+05:30,1821.15,2024-07-26T15:00:00+05:30,1807.8,breakout_up,breakout_down,-400.5,184.14,10.89,32.66,-628.18,1.0
NSE:HCLTECH,LONG,35,2024-07-23T13:45:00+05:30,1593.15,2024-07-29T10:30:00+05:30,1620.6,breakout_up,breakout_down,960.75,188.05,11.25,33.74,727.71,5.86
NSE:BHARTIARTL,LONG,50,2024-07-26T10:15:00+05:30,1499.3,2024-07-29T12:00:00+05:30,1487.8,breakout_up,breakout_down,-575.0,229.14,14.94,44.81,-863.88,3.07
NSE:ITC,LONG,135,2024-07-26T13:00:00+05:30,496.2,2024-07-29T12:45:00+05:30,497.5,breakout_up,breakout_down,175.5,212.19,13.41,40.24,-90.35,2.99
NSE:TCS,LONG,15,2024-07-23T13:45:00+05:30,4348.95,2024-07-29T13:45:00+05:30,4378.0,breakout_up,breakout_down,435.75,208.56,13.09,39.27,174.83,6.0
NSE:TATASTEEL,LONG,525,2024-07-26T09:30:00+05:30,160.44,2024-07-29T14:00:00+05:30,162.57,breakout_up,breakout_down,1118.25,251.49,16.96,50.87,798.93,3.19
NSE:INFY,LONG,40,2024-07-26T09:15:00+05:30,1858.65,2024-07-29T14:15:00+05:30,1866.95,breakout_up,breakout_down,332.0,228.7,14.9,44.71,43.69,3.21
NSE:SBIN,LONG,90,2024-07-26T14:45:00+05:30,863.55,2024-07-29T14:15:00+05:30,868.0,breakout_up,breakout_down,400.5,236.27,15.58,46.75,101.89,2.98
NSE:TATACONSUM,SHORT,40,2024-07-25T11:30:00+05:30,1217.0,2024-07-29T14:45:00+05:30,1200.65,breakout_down,breakout_up,654.0,170.54,9.67,29.01,444.77,4.14
NSE:ADANIGREEN,SHORT,30,2024-07-26T15:15:00+05:30,1797.95,2024-07-30T09:30:00+05:30,1862.0,breakout_down,breakout_up,-1921.5,185.29,10.98,32.94,-2150.7,3.76
NSE:TATASTEEL,SHORT,525,2024-07-30T09:15:00+05:30,161.84,2024-07-30T11:15:00+05:30,164.25,breakout_down,breakout_up,-1265.25,77.23,17.12,51.36,-1410.96,0.08
NSE:HINDUNILVR,LONG,25,2024-07-29T15:15:00+05:30,2715.6,2024-07-30T13:45:00+05:30,2703.0,breakout_up,breakout_down,-315.0,213.69,13.55,40.64,-582.87,0.94
NSE:WIPRO,LONG,590,2024-07-25T12:30:00+05:30,126.22,2024-07-30T13:45:00+05:30,130.14,breakout_up,breakout_down,2309.85,231.04,15.13,45.38,2018.31,5.05
NSE:TCS,SHORT,15,2024-07-29T14:00:00+05:30,4375.9,2024-07-30T14:30:00+05:30,4375.2,breakout_down,breakout_up,10.5,209.0,13.13,39.38,-251.0,1.02
NSE:INFY,SHORT,40,2024-07-30T13:15:00+05:30,1863.55,2024-07-30T14:30:00+05:30,1874.95,breakout_down,breakout_up,-456.0,73.5,14.95,44.86,-589.32,0.05
NSE:NIFTY,LONG,4.047410643063436,2024-07-26T09:15:00+05:30,24477.2,2024-07-30T15:00:00+05:30,24847.5,breakout_up,breakout_down,1498.76,66.06,3.99,19.96,1408.74,4.24
NSE:ICICIBANK,LONG,60,2024-07-26T13:00:00+05:30,1205.65,2024-07-30T15:00:00+05:30,1209.2,breakout_up,breakout_down,213.0,224.12,14.49,43.47,-69.08,4.08
NSE:RELIANCE,LONG,105,2024-07-26T09:30:00+05:30,752.98,2024-07-31T09:15:00+05:30,754.55,breakout_up,breakout_down,165.37,239.01,15.83,47.49,-136.95,4.99
NSE:BHARTIARTL,SHORT,50,2024-07-30T09:15:00+05:30,1472.7,2024-07-31T13:15:00+05:30,1495.3,breakout_down,breakout_up,-1130.0,228.12,14.84,44.52,-1417.48,1.17
NSE:HDFCBANK,LONG,180,2024-07-26T13:45:00+05:30,404.96,2024-07-31T14:00:00+05:30,402.85,breakout_up,breakout_down,-380.7,224.74,14.54,43.62,-663.6,5.01
NSE:HINDUNILVR,SHORT,25,2024-07-30T14:30:00+05:30,2700.0,2024-07-31T14:15:00+05:30,2705.85,breakout_down,breakout_up,-146.25,213.32,13.51,40.54,-413.63,0.99
NSE:TATACONSUM,SHORT,45,2024-07-31T09:15:00+05:30,1175.65,2024-07-31T14:15:00+05:30,1185.3,breakout_down,breakout_up,-434.25,65.87,10.62,31.87,-542.62,0.21
NSE:INFY,LONG,40,2024-07-30T14:45:00+05:30,1875.25,2024-08-01T09:15:00+05:30,1856.4,breakout_up,breakout_down,-754.0,229.05,14.93,44.78,-1042.76,1.77
NSE:TATASTEEL,LONG,510,2024-07-30T14:45:00+05:30,164.54,2024-08-01T11:30:00+05:30,162.0,breakout_up,breakout_down,-1295.4,248.29,16.65,49.96,-1610.3,1.86
NSE:LT,LONG,25,2024-07-25T11:15:00+05:30,3609.25,2024-08-01T12:00:00+05:30,3794.3,breakout_up,breakout_down,4626.25,268.46,18.51,55.53,4283.76,7.03
NSE:ADANIGREEN,SHORT,25,2024-07-30T15:00:00+05:30,1829.75,2024-08-01T12:45:00+05:30,1876.65,breakout_down,breakout_up,-1172.5,166.18,9.27,27.8,-1375.75,1.91
NSE:WIPRO,LONG,585,2024-08-01T09:15:00+05:30,131.07,2024-08-01T13:15:00+05:30,130.03,breakout_up,breakout_down,-614.25,74.05,15.27,45.82,-749.4,0.17
NSE:BANKNIFTY,LONG,1.675835872880389,2024-07-26T12:30:00+05:30,51061.55,2024-08-01T14:00:00+05:30,51569.1,breakout_up,breakout_down,850.57,63.43,3.44,17.2,766.5,6.06
NSE:SBIN,LONG,85,2024-07-30T14:15:00+05:30,878.3,2024-08-01T14:00:00+05:30,874.25,breakout_up,breakout_down,-344.25,228.69,14.9,44.69,-632.53,1.99
NSE:NIFTY,LONG,4.025578203686183,2024-07-31T14:15:00+05:30,24958.85,2024-08-02T09:15:00+05:30,24837.0,breakout_up,breakout_down,-490.52,66.04,4.01,20.05,-580.61,1.79
NSE:SENSEX,LONG,1.1539823663800253,2024-07-26T09:15:00+05:30,80205.41,2024-08-02T09:15:00+05:30,81313.51,breakout_up,breakout_down,1278.73,64.81,3.73,18.64,1191.56,7.0
NSE:RELIANCE,LONG,105,2024-08-01T09:15:00+05:30,756.5,2024-08-02T09:15:00+05:30,753.07,breakout_up,breakout_down,-360.67,239.29,15.85,47.55,-663.37,1.0
NSE:TCS,LONG,15,2024-07-31T10:00:00+05:30,4393.9,2024-08-02T09:15:00+05:30,4349.05,breakout_up,breakout_down,-672.75,208.91,13.11,39.34,-934.12,1.97
NSE:ITC,SHORT,135,2024-07-29T13:15:00+05:30,496.7,2024-08-02T09:15:00+05:30,497.4,breakout_down,breakout_up,-94.5,212.27,13.42,40.26,-360.45,3.83
NSE:HCLTECH,LONG,35,2024-07-29T14:45:00+05:30,1634.4,2024-08-02T09:15:00+05:30,1621.6,breakout_up,breakout_down,-448.0,189.8,11.4,34.19,-683.38,3.77
NSE:BHARTIARTL,LONG,50,2024-07-31T14:15:00+05:30,1503.5,2024-08-02T09:15:00+05:30,1494.5,breakout_up,breakout_down,-450.0,229.74,14.99,44.97,-739.7,1.79
NSE:TATACONSUM,LONG,45,2024-07-31T15:00:00+05:30,1190.45,2024-08-02T13:00:00+05:30,1197.0,breakout_up,breakout_down,294.75,182.49,10.74,32.23,69.28,1.92
NSE:HINDUNILVR,LONG,25,2024-08-01T09:15:00+05:30,2717.35,2024-08-02T13:15:00+05:30,2683.05,breakout_up,breakout_down,-857.5,213.22,13.5,40.5,-1124.72,1.17
NSE:HDFCBANK,LONG,175,2024-08-01T09:15:00+05:30,407.43,2024-08-05T09:15:00+05:30,409.14,breakout_up,breakout_down,300.12,221.9,14.29,42.87,21.07,4.0
NSE:TATACONSUM,SHORT,45,2024-08-02T13:15:00+05:30,1195.0,2024-08-05T10:15:00+05:30,1212.85,breakout_down,breakout_up,-803.25,183.6,10.84,32.51,-1030.19,2.88
NSE:NIFTY,SHORT,4.0380106250824,2024-08-02T09:45:00+05:30,24738.65,2024-08-06T09:15:00+05:30,24318.85,breakout_down,breakout_up,1695.16,65.93,3.96,19.81,1605.46,3.98
NSE:BANKNIFTY,SHORT,1.6765979813828638,2024-08-01T14:15:00+05:30,51494.15,2024-08-06T09:15:00+05:30,50493.0,breakout_down,breakout_up,1678.53,63.38,3.42,17.1,1594.63,4.79
NSE:SENSEX,SHORT,1.1570401036083804,2024-08-02T09:45:00+05:30,81020.2,2024-08-06T09:15:00+05:30,79640.72,breakout_down,breakout_up,1596.11,64.78,3.72,18.59,1509.03,3.98
NSE:RELIANCE,SHORT,105,2024-08-02T09:30:00+05:30,750.55,2024-08-06T09:15:00+05:30,732.32,breakout_down,breakout_up,1914.67,236.01,15.57,46.71,1616.39,3.99
NSE:ICICIBANK,SHORT,60,2024-08-01T14:00:00+05:30,1210.15,2024-08-06T09:15:00+05:30,1179.1,breakout_down,breakout_up,1863.0,222.29,14.34,43.01,1583.37,4.8
NSE:TCS,SHORT,15,2024-08-02T09:30:00+05:30,4339.0,2024-08-06T09:15:00+05:30,4212.95,breakout_down,breakout_up,1890.75,205.54,12.83,38.48,1633.9,3.99
NSE:INFY,SHORT,40,2024-08-02T09:15:00+05:30,1839.95,2024-08-06T09:15:00+05:30,1790.65,breakout_down,breakout_up,1972.0,224.36,14.52,43.57,1689.55,4.0
NSE:SBIN,SHORT,90,2024-08-01T14:15:00+05:30,864.95,2024-08-06T09:15:00+05:30,823.15,breakout_down,breakout_up,3762.0,231.68,15.19,45.58,3469.55,4.79
NSE:TATASTEEL,SHORT,510,2024-08-01T12:15:00+05:30,161.47,2024-08-06T09:15:00+05:30,152.5,breakout_down,breakout_up,4574.7,240.72,16.01,48.04,4269.93,4.88
NSE:WIPRO,SHORT,585,2024-08-01T13:30:00+05:30,129.55,2024-08-06T09:15:00+05:30,123.88,breakout_down,breakout_up,3319.88,227.62,14.83,44.48,3032.95,4.82
NSE:HCLTECH,SHORT,35,2024-08-02T09:30:00+05:30,1614.55,2024-08-06T09:15:00+05:30,1594.7,breakout_down,breakout_up,694.75,187.89,11.23,33.7,461.93,3.99
NSE:BHARTIARTL,SHORT,50,2024-08-02T09:30:00+05:30,1490.5,2024-08-06T09:15:00+05:30,1477.5,breakout_down,breakout_up,650.0,227.99,14.84,44.52,362.65,3.99
NSE:LT,SHORT,25,2024-08-01T13:15:00+05:30,3770.7,2024-08-06T09:15:00+05:30,3615.0,breakout_down,breakout_up,3892.5,268.02,18.46,55.39,3550.63,4.83
NSE:ITC,SHORT,135,2024-08-05T09:15:00+05:30,484.1,2024-08-06T11:30:00+05:30,490.7,breakout_down,breakout_up,-891.0,209.43,13.16,39.48,-1153.07,1.09
NSE:TATACONSUM,LONG,40,2024-08-06T11:30:00+05:30,1211.65,2024-08-06T13:30:00+05:30,1189.4,breakout_up,breakout_down,-890.0,64.03,9.6,28.81,-992.44,0.08
NSE:ICICIBANK,SHORT,60,2024-08-06T10:30:00+05:30,1165.6,2024-08-07T09:15:00+05:30,1176.15,breakout_down,breakout_up,-633.0,219.31,14.05,42.15,-908.51,0.95
NSE:ITC,SHORT,135,2024-08-06T14:30:00+05:30,484.6,2024-08-07T09:15:00+05:30,493.9,breakout_down,breakout_up,-1255.5,210.01,13.21,39.63,-1518.35,0.78
NSE:TATASTEEL,SHORT,575,2024-08-06T15:00:00+05:30,150.0,2024-08-07T09:15:00+05:30,152.45,breakout_down,breakout_up,-1408.75,256.49,17.39,52.17,-1734.8,0.76
NSE:HDFCBANK,SHORT,175,2024-08-05T09:30:00+05:30,407.9,2024-08-07T10:45:00+05:30,406.55,breakout_down,breakout_up,236.25,221.49,14.25,42.76,-42.26,2.05
NSE:SBIN,SHORT,100,2024-08-06T13:30:00+05:30,806.6,2024-08-07T14:15:00+05:30,808.8,breakout_down,breakout_up,-220.0,242.65,16.15,48.46,-527.27,1.03
NSE:HINDUNILVR,LONG,25,2024-08-05T09:30:00+05:30,2727.0,2024-08-07T15:15:00+05:30,2742.95,breakout_up,breakout_down,398.75,215.06,13.67,41.02,128.99,2.24
NSE:TATASTEEL,LONG,550,2024-08-07T10:15:00+05:30,153.56,2024-08-08T09:15:00+05:30,152.16,breakout_up,breakout_down,-770.0,250.04,16.81,50.44,-1087.29,0.96
NSE:HCLTECH,LONG,35,2024-08-06T09:30:00+05:30,1596.4,2024-08-08T09:15:00+05:30,1589.0,breakout_up,breakout_down,-259.0,187.04,11.15,33.45,-490.63,1.99
NSE:LT,LONG,30,2024-08-07T09:15:00+05:30,3625.7,2024-08-08T09:15:00+05:30,3598.25,breakout_up,breakout_down,-823.5,304.01,21.67,65.02,-1214.2,1.0
NSE:INFY,LONG,40,2024-08-07T09:15:00+05:30,1790.5,2024-08-08T10:00:00+05:30,1756.85,breakout_up,breakout_down,-1346.0,220.91,14.19,42.57,-1623.66,1.03
NSE:BHARTIARTL,SHORT,50,2024-08-06T12:15:00+05:30,1443.6,2024-08-08T11:15:00+05:30,1456.65,breakout_down,breakout_up,-652.5,224.32,14.5,43.5,-934.83,1.96
NSE:WIPRO,LONG,635,2024-08-06T09:45:00+05:30,124.49,2024-08-08T11:30:00+05:30,122.15,breakout_up,breakout_down,-1485.9,237.28,15.66,46.98,-1785.82,2.07
NSE:NIFTY,SHORT,4.224951465551478,2024-08-06T14:00:00+05:30,24022.9,2024-08-08T12:15:00+05:30,24317.55,breakout_down,breakout_up,-1244.88,66.35,4.08,20.42,-1335.74,1.93
NSE:SENSEX,SHORT,1.2105647030436715,2024-08-06T14:00:00+05:30,78680.75,2024-08-08T12:15:00+05:30,79545.96,breakout_down,breakout_up,-1047.39,65.17,3.83,19.15,-1135.55,1.93
NSE:ADANIGREEN,SHORT,25,2024-08-02T15:00:00+05:30,1881.2,2024-08-08T12:15:00+05:30,1788.7,breakout_down,breakout_up,2312.5,164.91,9.17,27.52,2110.89,5.89
NSE:TCS,LONG,15,2024-08-06T09:45:00+05:30,4239.7,2024-08-08T13:15:00+05:30,4180.95,breakout_up,breakout_down,-881.25,203.55,12.63,37.89,-1135.33,2.15
NSE:NIFTY,SHORT,4.1540988632653315,2024-08-08T13:15:00+05:30,24112.05,2024-08-09T09:15:00+05:30,24388.95,breakout_down,breakout_up,-1150.27,66.1,4.03,20.15,-1240.54,0.83
NSE:SENSEX,SHORT,1.1930836881278066,2024-08-08T13:15:00+05:30,78884.65,2024-08-09T09:15:00+05:30,79766.37,breakout_down,breakout_up,-1051.97,64.96,3.79,18.93,-1139.64,0.83
NSE:RELIANCE,SHORT,110,2024-08-06T14:30:00+05:30,727.76,2024-08-09T09:15:00+05:30,734.44,breakout_down,breakout_up,-734.25,241.92,16.08,48.25,-1040.5,2.78
NSE:ICICIBANK,SHORT,60,2024-08-08T10:30:00+05:30,1160.8,2024-08-09T09:15:00+05:30,1176.45,breakout_down,breakout_up,-939.0,219.03,14.02,42.07,-1214.13,0.95
NSE:TCS,SHORT,15,2024-08-08T14:00:00+05:30,4176.1,2024-08-09T09:15:00+05:30,4236.5,breakout_down,breakout_up,-906.0,203.42,12.62,37.86,-1159.9,0.8
NSE:WIPRO,SHORT,630,2024-08-08T13:15:00+05:30,122.04,2024-08-09T09:15:00+05:30,123.55,breakout_down,breakout_up,-951.3,235.13,15.47,46.42,-1248.32,0.83
NSE:HINDUNILVR,SHORT,25,2024-08-08T10:00:00+05:30,2734.85,2024-08-09T14:30:00+05:30,2742.2,breakout_down,breakout_up,-183.75,215.3,13.69,41.08,-453.82,1.19
NSE:HDFCBANK,LONG,180,2024-08-07T15:15:00+05:30,407.12,2024-08-09T15:00:00+05:30,412.26,breakout_up,breakout_down,925.2,226.96,14.75,44.25,639.25,1.99
NSE:BANKNIFTY,LONG,1.7505686359606196,2024-08-07T15:15:00+05:30,50226.45,2024-08-12T09:15:00+05:30,50305.55,breakout_up,breakout_down,138.47,63.77,3.52,17.6,53.58,4.75
NSE:RELIANCE,LONG,105,2024-08-09T13:00:00+05:30,736.75,2024-08-12T09:45:00+05:30,730.22,breakout_up,breakout_down,-686.17,234.35,15.4,46.21,-982.13,2.86
NSE:BHARTIARTL,LONG,50,2024-08-08T11:45:00+05:30,1461.9,2024-08-12T09:45:00+05:30,1457.15,breakout_up,breakout_down,-237.5,225.33,14.6,43.79,-521.22,3.92
NSE:NIFTY,SHORT,4.075313194100675,2024-08-12T09:15:00+05:30,24274.7,2024-08-12T10:45:00+05:30,24400.3,breakout_down,breakout_up,-511.86,65.84,3.97,19.84,-601.5,0.06
NSE:BANKNIFTY,SHORT,1.753479123788579,2024-08-12T09:45:00+05:30,50173.55,2024-08-12T10:45:00+05:30,50696.35,breakout_down,breakout_up,-916.72,63.79,3.54,17.69,-1001.74,0.04
NSE:SENSEX,SHORT,1.1709796149768448,2024-08-12T09:15:00+05:30,79403.4,2024-08-12T10:45:00+05:30,79868.03,breakout_down,breakout_up,-544.07,64.72,3.73,18.65,-631.17,0.06
NSE:INFY,SHORT,40,2024-08-08T13:00:00+05:30,1739.85,2024-08-12T10:45:00+05:30,1785.55,breakout_down,breakout_up,-1828.0,219.97,14.1,42.3,-2104.37,3.91
NSE:LT,SHORT,30,2024-08-08T09:45:00+05:30,3588.0,2024-08-12T10:45:00+05:30,3599.0,breakout_down,breakout_up,-330.0,302.75,21.56,64.68,-718.99,4.04
NSE:TATASTEEL,SHORT,550,2024-08-08T11:15:00+05:30,151.44,2024-08-12T11:00:00+05:30,152.79,breakout_down,breakout_up,-742.5,249.12,16.73,50.2,-1058.55,3.99
NSE:HCLTECH,SHORT,40,2024-08-08T13:00:00+05:30,1568.05,2024-08-12T12:30:00+05:30,1598.15,breakout_down,breakout_up,-1204.0,203.95,12.66,37.99,-1458.61,3.98
NSE:ADANIGREEN,SHORT,30,2024-08-09T15:15:00+05:30,1774.0,2024-08-12T13:30:00+05:30,1800.0,breakout_down,breakout_up,-780.0,182.33,10.72,32.17,-1005.22,2.93
NSE:ICICIBANK,SHORT,60,2024-08-12T09:15:00+05:30,1161.75,2024-08-12T14:30:00+05:30,1176.8,breakout_down,breakout_up,-903.0,71.83,14.03,42.09,-1030.95,0.22
NSE:ITC,LONG,130,2024-08-07T10:30:00+05:30,494.5,2024-08-12T15:00:00+05:30,494.25,breakout_up,breakout_down,-32.5,205.97,12.85,38.56,-289.88,5.19
NSE:BANKNIFTY,LONG,1.7148420092178178,2024-08-12T11:00:00+05:30,50721.6,2024-08-13T09:15:00+05:30,50417.25,breakout_up,breakout_down,-521.91,63.49,3.47,17.34,-606.22,0.93
NSE:HDFCBANK,LONG,175,2024-08-12T10:15:00+05:30,415.62,2024-08-13T09:15:00+05:30,405.51,breakout_up,breakout_down,-1767.5,222.94,14.37,43.11,-2047.92,0.96
NSE:TATASTEEL,LONG,540,2024-08-12T11:15:00+05:30,152.93,2024-08-13T09:45:00+05:30,151.5,breakout_up,breakout_down,-772.2,245.86,16.44,49.32,-1083.82,0.94
NSE:NIFTY,LONG,4.024068250718642,2024-08-12T11:00:00+05:30,24434.8,2024-08-13T10:15:00+05:30,24295.65,breakout_up,breakout_down,-559.95,65.62,3.92,19.61,-649.1,0.97
NSE:SENSEX,LONG,1.1544537008243794,2024-08-12T11:00:00+05:30,79994.96,2024-08-13T12:30:00+05:30,79358.6,breakout_up,breakout_down,-734.65,64.47,3.68,18.4,-821.2,1.06
NSE:SBIN,LONG,100,2024-08-07T15:15:00+05:30,809.95,2024-08-13T12:30:00+05:30,810.55,breakout_up,breakout_down,60.0,243.2,16.21,48.61,-248.02,5.89
NSE:ICICIBANK,LONG,60,2024-08-13T09:15:00+05:30,1182.25,2024-08-13T12:45:00+05:30,1164.5,breakout_up,breakout_down,-1065.0,71.9,14.08,42.24,-1193.22,0.15
NSE:LT,LONG,25,2024-08-12T11:00:00+05:30,3605.0,2024-08-13T13:45:00+05:30,3562.95,breakout_up,breakout_down,-1051.25,262.34,17.92,53.76,-1385.27,1.11
NSE:ADANIGREEN,LONG,25,2024-08-13T09:15:00+05:30,1835.0,2024-08-13T14:30:00+05:30,1815.25,breakout_up,breakout_down,-493.75,63.23,9.13,27.38,-593.48,0.22
NSE:HINDUNILVR,LONG,25,2024-08-09T15:00:00+05:30,2748.65,2024-08-14T09:15:00+05:30,2717.85,breakout_up,breakout_down,-770.0,215.05,13.67,41.0,-1039.72,4.76
NSE:TCS,SHORT,15,2024-08-09T15:15:00+05:30,4220.0,2024-08-14T09:30:00+05:30,4250.05,breakout_down,breakout_up,-450.75,204.35,12.71,38.12,-705.92,4.76
NSE:ITC,SHORT,125,2024-08-13T13:00:00+05:30,492.95,2024-08-14T11:00:00+05:30,495.2,breakout_down,breakout_up,-281.25,200.41,12.35,37.06,-531.07,0.92
NSE:SENSEX,SHORT,1.1546648579457193,2024-08-13T12:45:00+05:30,79271.26,2024-08-14T12:45:00+05:30,79224.46,breakout_down,breakout_up,54.04,64.42,3.66,18.3,-32.35,1.0
NSE:RELIANCE,SHORT,105,2024-08-12T15:00:00+05:30,729.75,2024-08-14T12:45:00+05:30,734.79,breakout_down,breakout_up,-529.2,234.05,15.38,46.13,-824.76,1.91
NSE:BHARTIARTL,SHORT,50,2024-08-12T12:00:00+05:30,1446.15,2024-08-14T13:30:00+05:30,1476.45,breakout_down,breakout_up,-1515.0,225.63,14.61,43.84,-1799.08,2.06
NSE:NIFTY,SHORT,4.027142023182022,2024-08-13T12:30:00+05:30,24255.45,2024-08-16T09:15:00+05:30,24385.65,breakout_down,breakout_up,-524.33,65.6,3.92,19.59,-613.44,2.86
NSE:BANKNIFTY,SHORT,1.7183557333697919,2024-08-13T10:15:00+05:30,50266.15,2024-08-16T09:15:00+05:30,50240.0,breakout_down,breakout_up,44.94,63.45,3.45,17.27,-39.24,2.96
NSE:HDFCBANK,SHORT,175,2024-08-13T10:30:00+05:30,402.64,2024-08-16T09:15:00+05:30,405.8,breakout_down,breakout_up,-553.0,220.38,14.15,42.44,-829.98,2.95
NSE:ICICIBANK,SHORT,60,2024-08-14T09:15:00+05:30,1154.3,2024-08-16T09:15:00+05:30,1178.6,breakout_down,breakout_up,-1458.0,218.78,14.0,41.99,-1732.77,2.0
NSE:SBIN,SHORT,100,2024-08-13T12:45:00+05:30,809.0,2024-08-16T09:15:00+05:30,808.5,breakout_down,breakout_up,50.0,242.87,16.18,48.52,-257.57,2.85
NSE:TATASTEEL,SHORT,540,2024-08-13T12:15:00+05:30,151.0,2024-08-16T09:15:00+05:30,148.05,breakout_down,breakout_up,1593.0,242.46,16.15,48.45,1285.95,2.88
NSE:ADANIGREEN,SHORT,25,2024-08-13T14:45:00+05:30,1814.75,2024-08-16T09:15:00+05:30,1821.65,breakout_down,breakout_up,-172.5,164.16,9.09,27.27,-373.03,2.77
NSE:LT,SHORT,25,2024-08-13T14:00:00+05:30,3548.55,2024-08-16T09:15:00+05:30,3573.3,breakout_down,breakout_up,-618.75,261.03,17.8,53.41,-950.99,2.8
NSE:TATACONSUM,SHORT,40,2024-08-06T14:30:00+05:30,1186.75,2024-08-16T12:15:00+05:30,1182.8,breakout_down,breakout_up,158.0,168.44,9.48,28.43,-48.36,9.91
NSE:HINDUNILVR,SHORT,25,2024-08-14T09:45:00+05:30,2708.6,2024-08-16T15:00:00+05:30,2748.3,breakout_down,breakout_up,-992.5,214.8,13.64,40.93,-1261.87,2.22
NSE:BHARTIARTL,LONG,45,2024-08-14T13:45:00+05:30,1480.0,2024-08-19T10:00:00+05:30,1473.05,breakout_up,breakout_down,-312.75,210.82,13.29,39.87,-576.73,4.84
NSE:ICICIBANK,LONG,55,2024-08-16T11:30:00+05:30,1181.0,2024-08-19T12:15:00+05:30,1178.0,breakout_up,breakout_down,-165.0,207.32,12.97,38.92,-424.22,3.03
NSE:BANKNIFTY,LONG,1.7140344687595457,2024-08-16T12:00:00+05:30,50370.05,2024-08-19T13:30:00+05:30,50326.15,breakout_up,breakout_down,-75.25,63.44,3.45,17.26,-159.39,3.06
NSE:RELIANCE,LONG,105,2024-08-16T09:15:00+05:30,737.67,2024-08-19T14:15:00+05:30,742.92,breakout_up,breakout_down,551.25,235.84,15.55,46.64,253.22,3.21
NSE:SBIN,LONG,95,2024-08-16T11:45:00+05:30,811.35,2024-08-19T14:30:00+05:30,813.65,breakout_up,breakout_down,218.5,234.66,15.44,46.31,-77.91,3.11
NSE:ITC,LONG,125,2024-08-14T11:15:00+05:30,497.4,2024-08-19T15:00:00+05:30,502.85,breakout_up,breakout_down,681.25,202.02,12.5,37.51,429.22,5.16
NSE:ICICIBANK,SHORT,55,2024-08-19T13:30:00+05:30,1175.5,2024-08-20T10:00:00+05:30,1183.75,breakout_down,breakout_up,-453.75,207.36,12.98,38.93,-713.01,0.85
NSE:LT,SHORT,25,2024-08-19T10:45:00+05:30,3552.0,2024-08-20T10:00:00+05:30,3572.7,breakout_down,breakout_up,-517.5,261.1,17.81,53.44,-849.84,0.97
NSE:TATACONSUM,LONG,40,2024-08-16T12:30:00+05:30,1183.5,2024-08-20T11:00:00+05:30,1171.75,breakout_up,breakout_down,-470.0,167.85,9.42,28.26,-675.54,3.94
NSE:HDFCBANK,LONG,170,2024-08-16T15:00:00+05:30,408.29,2024-08-20T15:00:00+05:30,409.21,breakout_up,breakout_down,157.25,217.55,13.9,41.69,-115.89,4.0
NSE:NIFTY,LONG,3.974992945425308,2024-08-16T12:00:00+05:30,24419.8,2024-08-20T15:15:00+05:30,24672.85,breakout_up,breakout_down,1005.87,65.61,3.9,19.51,916.84,4.14
NSE:BANKNIFTY,LONG,1.7010185050184465,2024-08-20T09:30:00+05:30,50662.05,2024-08-20T15:15:00+05:30,50719.1,breakout_up,breakout_down,97.04,63.43,3.45,17.25,12.92,0.24
NSE:SENSEX,LONG,1.1450885210903599,2024-08-16T09:15:00+05:30,79906.04,2024-08-20T15:15:00+05:30,80711.56,breakout_up,breakout_down,922.39,64.55,3.68,18.39,835.77,4.25
NSE:RELIANCE,LONG,105,2024-08-20T09:15:00+05:30,747.65,2024-08-20T15:15:00+05:30,746.62,breakout_up,breakout_down,-107.62,74.84,15.69,47.07,-245.22,0.25
NSE:ICICIBANK,LONG,55,2024-08-20T11:45:00+05:30,1186.35,2024-08-20T15:15:00+05:30,1177.3,breakout_up,breakout_down,-497.75,70.05,13.0,39.0,-619.81,0.15
NSE:HINDUNILVR,SHORT,25,2024-08-19T15:15:00+05:30,2739.0,2024-08-21T09:15:00+05:30,2764.3,breakout_down,breakout_up,-632.5,216.06,13.76,41.27,-903.6,1.75
NSE:SBIN,LONG,95,2024-08-20T11:00:00+05:30,820.95,2024-08-21T09:30:00+05:30,816.3,breakout_up,breakout_down,-441.75,236.0,15.55,46.66,-739.97,0.94
NSE:ITC,SHORT,125,2024-08-19T15:15:00+05:30,499.95,2024-08-21T10:15:00+05:30,504.5,breakout_down,breakout_up,-568.75,202.69,12.56,37.67,-821.67,1.79
NSE:TATASTEEL,LONG,555,2024-08-16T14:45:00+05:30,149.2,2024-08-21T11:00:00+05:30,152.26,breakout_up,breakout_down,1698.3,248.92,16.73,50.19,1382.45,4.84
NSE:HCLTECH,LONG,35,2024-08-13T10:00:00+05:30,1602.5,2024-08-21T14:30:00+05:30,1674.85,breakout_up,breakout_down,2532.25,190.41,11.47,34.41,2295.96,8.19
NSE:ICICIBANK,SHORT,55,2024-08-21T09:15:00+05:30,1171.75,2024-08-21T14:45:00+05:30,1175.65,breakout_down,breakout_up,-214.5,69.93,12.91,38.73,-336.07,0.23
NSE:RELIANCE,LONG,100,2024-08-21T10:00:00+05:30,752.73,2024-08-21T15:00:00+05:30,748.6,breakout_up,breakout_down,-412.5,73.61,15.01,45.04,-546.16,0.21
NSE:BHARTIARTL,SHORT,45,2024-08-19T10:15:00+05:30,1471.95,2024-08-21T15:00:00+05:30,1465.9,breakout_down,breakout_up,272.25,210.02,13.22,39.66,9.35,2.2
NSE:BANKNIFTY,SHORT,1.7047149789600469,2024-08-21T09:15:00+05:30,50559.75,2024-08-21T15:15:00+05:30,50737.7,breakout_down,breakout_up,-303.35,63.43,3.45,17.27,-387.51,0.25
NSE:SENSEX,SHORT,1.1443363262692836,2024-08-21T09:15:00+05:30,80686.73,2024-08-22T09:15:00+05:30,81097.63,breakout_down,breakout_up,-470.21,64.6,3.7,18.51,-557.02,1.0
NSE:HDFCBANK,SHORT,170,2024-08-20T15:15:00+05:30,408.5,2024-08-22T09:15:00+05:30,408.92,breakout_down,breakout_up,-70.55,217.55,13.9,41.69,-343.69,1.75
NSE:SBIN,SHORT,95,2024-08-21T09:45:00+05:30,815.2,2024-08-22T09:15:00+05:30,819.45,breakout_down,breakout_up,-403.75,235.72,15.53,46.59,-701.59,0.98
NSE:TATASTEEL,SHORT,555,2024-08-21T11:45:00+05:30,152.08,2024-08-22T09:15:00+05:30,152.98,breakout_down,breakout_up,-499.5,251.31,16.93,50.79,-818.53,0.9
NSE:TATACONSUM,SHORT,40,2024-08-20T11:15:00+05:30,1170.9,2024-08-22T09:15:00+05:30,1191.45,breakout_down,breakout_up,-822.0,168.2,9.45,28.35,-1027.99,1.92
NSE:ADANIGREEN,LONG,25,2024-08-16T14:45:00+05:30,1814.95,2024-08-22T10:15:00+05:30,1903.7,breakout_up,breakout_down,2218.75,166.27,9.3,27.89,2015.29,5.81
NSE:TCS,LONG,15,2024-08-14T10:00:00+05:30,4277.9,2024-08-22T12:30:00+05:30,4515.0,breakout_up,breakout_down,3556.5,209.43,13.19,39.57,3294.32,8.1
NSE:ITC,LONG,120,2024-08-21T13:30:00+05:30,505.85,2024-08-22T13:00:00+05:30,502.8,breakout_up,breakout_down,-366.0,197.66,12.1,36.31,-612.07,0.98
NSE:WIPRO,LONG,615,2024-08-14T09:15:00+05:30,123.24,2024-08-22T13:00:00+05:30,130.51,breakout_up,breakout_down,4474.12,236.21,15.61,46.82,4175.49,8.16
NSE:RELIANCE,SHORT,100,2024-08-22T09:45:00+05:30,747.48,2024-08-23T09:15:00+05:30,754.5,breakout_down,breakout_up,-702.5,230.09,15.02,45.06,-992.67,0.98
NSE:INFY,LONG,40,2024-08-12T11:00:00+05:30,1790.9,2024-08-23T09:15:00+05:30,1867.2,breakout_up,breakout_down,3052.0,225.5,14.63,43.9,2767.97,10.93
NSE:NIFTY,LONG,3.9603022755332,2024-08-21T10:15:00+05:30,24741.2,2024-08-23T09:30:00+05:30,24784.5,breakout_up,breakout_down,171.48,65.66,3.92,19.61,82.28,1.97
NSE:SBIN,LONG,95,2024-08-22T09:30:00+05:30,821.2,2024-08-23T09:30:00+05:30,816.85,breakout_up,breakout_down,-413.25,236.08,15.56,46.68,-711.58,1.0
NSE:HINDUNILVR,LONG,25,2024-08-21T09:30:00+05:30,2772.25,2024-08-23T09:45:00+05:30,2779.5,breakout_up,breakout_down,181.25,217.35,13.88,41.64,-91.62,2.01
NSE:ADANIGREEN,SHORT,25,2024-08-22T13:00:00+05:30,1892.25,2024-08-23T09:45:00+05:30,1914.8,breakout_down,breakout_up,-563.75,168.93,9.52,28.55,-770.76,0.86
NSE:BHARTIARTL,LONG,45,2024-08-21T15:15:00+05:30,1466.6,2024-08-23T10:00:00+05:30,1481.5,breakout_up,breakout_down,670.5,210.5,13.27,39.8,406.93,1.78
NSE:ITC,SHORT,120,2024-08-23T09:30:00+05:30,500.75,2024-08-23T14:15:00+05:30,505.5,breakout_down,breakout_up,-570.0,68.42,12.08,36.22,-686.72,0.2
NSE:BANKNIFTY,LONG,1.6854509991939237,2024-08-22T09:15:00+05:30,50908.4,2024-08-23T15:00:00+05:30,50922.15,breakout_up,breakout_down,23.17,63.35,3.43,17.16,-60.77,1.24
NSE:TATACONSUM,LONG,40,2024-08-22T09:30:00+05:30,1197.5,2024-08-23T15:00:00+05:30,1196.95,breakout_up,breakout_down,-22.0,169.56,9.58,28.73,-229.87,1.23
NSE:SENSEX,SHORT,1.1340601675602602,2024-08-23T09:30:00+05:30,80928.16,2024-08-26T09:15:00+05:30,81420.14,breakout_down,breakout_up,-557.93,64.49,3.68,18.41,-644.52,2.99
NSE:HDFCBANK,SHORT,170,2024-08-23T15:00:00+05:30,405.89,2024-08-26T09:15:00+05:30,410.12,breakout_down,breakout_up,-718.25,217.33,13.87,41.62,-991.07,2.76
NSE:TCS,SHORT,15,2024-08-22T12:45:00+05:30,4508.0,2024-08-26T09:15:00+05:30,4512.85,breakout_down,breakout_up,-72.75,213.5,13.53,40.59,-340.37,3.85
NSE:INFY,SHORT,40,2024-08-23T09:30:00+05:30,1859.55,2024-08-26T09:15:00+05:30,1872.3,breakout_down,breakout_up,-510.0,229.05,14.93,44.78,-798.75,2.99
NSE:ITC,LONG,120,2024-08-23T15:00:00+05:30,506.0,2024-08-26T09:15:00+05:30,502.3,breakout_up,breakout_down,-444.0,197.62,12.1,36.3,-690.02,2.76
NSE:WIPRO,SHORT,615,2024-08-22T14:15:00+05:30,129.89,2024-08-26T09:15:00+05:30,130.3,breakout_down,breakout_up,-252.15,240.96,16.0,48.01,-557.12,3.79
NSE:RELIANCE,SHORT,100,2024-08-23T15:15:00+05:30,749.22,2024-08-26T09:30:00+05:30,755.98,breakout_down,breakout_up,-676.0,230.44,15.05,45.16,-966.65,2.76
NSE:SBIN,SHORT,95,2024-08-23T14:45:00+05:30,815.0,2024-08-26T09:45:00+05:30,820.0,breakout_down,breakout_up,-475.0,235.77,15.53,46.6,-772.9,2.79
NSE:HCLTECH,SHORT,35,2024-08-23T09:30:00+05:30,1672.15,2024-08-26T11:30:00+05:30,1685.15,breakout_down,breakout_up,-455.0,193.74,11.75,35.25,-695.74,3.08
NSE:SBIN,LONG,90,2024-08-26T10:00:00+05:30,821.6,2024-08-26T14:15:00+05:30,816.8,breakout_up,breakout_down,-432.0,73.14,14.75,44.24,-564.12,0.18
NSE:BANKNIFTY,LONG,1.674902337165991,2024-08-26T09:15:00+05:30,51192.85,2024-08-26T14:45:00+05:30,51128.55,breakout_up,breakout_down,-107.7,63.32,3.43,17.14,-191.58,0.23
NSE:HDFCBANK,LONG,165,2024-08-26T09:30:00+05:30,411.25,2024-08-26T14:45:00+05:30,409.77,breakout_up,breakout_down,-243.38,71.05,13.55,40.64,-368.61,0.22
NSE:RELIANCE,LONG,100,2024-08-26T10:00:00+05:30,756.97,2024-08-26T15:00:00+05:30,755.5,breakout_up,breakout_down,-146.5,73.84,15.12,45.37,-280.84,0.21
NSE:WIPRO,LONG,605,2024-08-26T09:30:00+05:30,130.97,2024-08-26T15:00:00+05:30,129.95,breakout_up,breakout_down,-620.13,74.95,15.79,47.36,-758.22,0.23
NSE:ADANIGREEN,SHORT,25,2024-08-26T09:15:00+05:30,1889.4,2024-08-26T15:00:00+05:30,1890.75,breakout_down,breakout_up,-33.75,63.85,9.45,28.35,-135.4,0.24
NSE:HINDUNILVR,LONG,25,2024-08-23T12:00:00+05:30,2807.1,2024-08-26T15:15:00+05:30,2809.8,breakout_up,breakout_down,67.5,219.17,14.04,42.13,-207.84,3.14
NSE:TCS,LONG,15,2024-08-26T09:30:00+05:30,4546.0,2024-08-27T09:15:00+05:30,4495.2,breakout_up,breakout_down,-762.0,213.89,13.56,40.69,-1030.14,0.99
NSE:BHARTIARTL,LONG,45,2024-08-23T11:45:00+05:30,1499.3,2024-08-27T09:15:00+05:30,1506.75,breakout_up,breakout_down,335.25,213.42,13.53,40.58,67.72,3.9
NSE:BANKNIFTY,SHORT,1.6769397402601711,2024-08-27T09:15:00+05:30,51016.75,2024-08-27T11:15:00+05:30,51353.4,breakout_down,breakout_up,-564.54,63.32,3.43,17.17,-648.47,0.08
NSE:BHARTIARTL,SHORT,45,2024-08-27T09:45:00+05:30,1503.2,2024-08-27T11:30:00+05:30,1521.85,breakout_down,breakout_up,-839.25,71.1,13.61,40.84,-964.8,0.07
NSE:SBIN,SHORT,90,2024-08-26T14:30:00+05:30,816.2,2024-08-27T14:30:00+05:30,819.2,breakout_down,breakout_up,-270.0,226.71,14.72,44.16,-555.58,1.0
NSE:ADANIGREEN,LONG,25,2024-08-27T09:15:00+05:30,1896.5,2024-08-27T14:30:00+05:30,1879.7,breakout_up,breakout_down,-420.0,63.79,9.44,28.32,-521.55,0.22
NSE:TATASTEEL,LONG,545,2024-08-22T11:00:00+05:30,153.38,2024-08-27T14:45:00+05:30,154.71,breakout_up,breakout_down,724.85,249.66,16.79,50.37,408.03,5.16
NSE:HCLTECH,LONG,35,2024-08-26T12:15:00+05:30,1691.5,2024-08-27T15:15:00+05:30,1706.0,breakout_up,breakout_down,507.5,195.23,11.89,35.67,264.7,1.12
NSE:WIPRO,SHORT,605,2024-08-27T10:00:00+05:30,129.55,2024-08-28T10:15:00+05:30,131.41,breakout_down,breakout_up,-1128.32,238.66,15.79,47.37,-1430.14,1.01
NSE:TATACONSUM,LONG,40,2024-08-26T10:45:00+05:30,1208.25,2024-08-28T10:15:00+05:30,1207.5,breakout_up,breakout_down,-30.0,170.51,9.66,28.99,-239.16,1.98
NSE:LT,LONG,25,2024-08-20T15:15:00+05:30,3579.0,2024-08-28T10:15:00+05:30,3692.85,breakout_up,breakout_down,2846.25,264.93,18.18,54.54,2508.6,7.79
NSE:TCS,SHORT,15,2024-08-28T09:15:00+05:30,4470.45,2024-08-28T10:30:00+05:30,4530.0,breakout_down,breakout_up,-893.25,70.89,13.5,40.5,-1018.15,0.05
NSE:HCLTECH,SHORT,35,2024-08-28T09:15:00+05:30,1703.55,2024-08-28T10:30:00+05:30,1724.15,breakout_down,breakout_up,-721.0,68.26,12.0,35.99,-837.25,0.05
NSE:HINDUNILVR,SHORT,25,2024-08-27T10:45:00+05:30,2799.55,2024-08-28T13:45:00+05:30,2776.8,breakout_down,breakout_up,568.75,218.0,13.94,41.82,294.98,1.12
NSE:ADANIGREEN,SHORT,25,2024-08-28T09:15:00+05:30,1873.0,2024-08-28T15:00:00+05:30,1865.1,breakout_down,breakout_up,197.5,63.69,9.35,28.04,96.43,0.24
NSE:HCLTECH,LONG,35,2024-08-28T11:15:00+05:30,1728.95,2024-08-28T15:15:00+05:30,1714.0,breakout_up,breakout_down,-523.25,68.38,12.05,36.15,-639.83,0.17
NSE:HDFCBANK,SHORT,165,2024-08-27T09:15:00+05:30,408.81,2024-08-29T09:15:00+05:30,410.76,breakout_down,breakout_up,-321.75,213.43,13.52,40.57,-589.27,2.0
NSE:HCLTECH,SHORT,35,2024-08-29T09:15:00+05:30,1710.9,2024-08-29T10:00:00+05:30,1738.3,breakout_down,breakout_up,-959.0,68.37,12.07,36.22,-1075.66,0.03
NSE:ITC,SHORT,120,2024-08-27T10:00:00+05:30,503.4,2024-08-29T10:45:00+05:30,501.25,breakout_down,breakout_up,258.0,197.08,12.06,36.17,12.7,2.03
NSE:BANKNIFTY,SHORT,1.6606277654004504,2024-08-28T09:30:00+05:30,51128.55,2024-08-29T12:15:00+05:30,51327.4,breakout_down,breakout_up,-330.22,63.19,3.4,17.01,-413.82,1.11
NSE:SBIN,SHORT,90,2024-08-28T14:45:00+05:30,811.75,2024-08-29T12:15:00+05:30,815.7,breakout_down,breakout_up,-355.5,225.92,14.65,43.94,-640.01,0.9
NSE:RELIANCE,SHORT,100,2024-08-27T09:15:00+05:30,754.59,2024-08-29T12:30:00+05:30,756.02,breakout_down,breakout_up,-143.5,231.0,15.11,45.32,-434.93,2.14
NSE:HDFCBANK,SHORT,165,2024-08-29T11:30:00+05:30,408.23,2024-08-30T09:15:00+05:30,413.76,breakout_down,breakout_up,-914.1,213.91,13.56,40.69,-1182.26,0.91
NSE:TATASTEEL,SHORT,540,2024-08-27T15:00:00+05:30,154.68,2024-08-30T09:15:00+05:30,153.98,breakout_down,breakout_up,378.0,248.32,16.67,50.0,63.01,2.76
NSE:SBIN,LONG,90,2024-08-30T09:15:00+05:30,818.4,2024-08-30T14:00:00+05:30,814.9,breakout_up,breakout_down,-315.0,73.07,14.7,44.1,-446.87,0.2
NSE:TATASTEEL,LONG,545,2024-08-30T09:30:00+05:30,154.34,2024-08-30T14:30:00+05:30,153.42,breakout_up,breakout_down,-501.4,76.7,16.77,50.32,-645.19,0.21
NSE:HINDUNILVR,LONG,25,2024-08-29T09:45:00+05:30,2782.5,2024-08-30T14:45:00+05:30,2773.65,breakout_up,breakout_down,-221.25,217.5,13.89,41.67,-494.31,1.21
NSE:ADANIGREEN,SHORT,25,2024-08-29T10:00:00+05:30,1838.0,2024-08-30T15:00:00+05:30,1860.5,breakout_down,breakout_up,-562.5,165.92,9.25,27.74,-765.4,1.21
NSE:TATACONSUM,SHORT,40,2024-08-28T10:30:00+05:30,1204.5,2024-09-02T09:15:00+05:30,1222.35,breakout_down,breakout_up,-714.0,171.05,9.71,29.12,-923.88,4.95
NSE:ICICIBANK,LONG,55,2024-08-22T09:15:00+05:30,1178.8,2024-09-02T09:45:00+05:30,1223.45,breakout_up,breakout_down,2455.75,209.77,13.21,39.64,2193.14,11.02
NSE:WIPRO,LONG,580,2024-08-28T10:30:00+05:30,132.72,2024-09-02T09:45:00+05:30,134.06,breakout_up,breakout_down,777.2,235.02,15.47,46.42,480.28,4.97
NSE:BHARTIARTL,LONG,45,2024-08-27T11:45:00+05:30,1523.6,2024-09-02T10:15:00+05:30,1570.0,breakout_up,breakout_down,2088.0,217.67,13.92,41.76,1814.65,5.94
NSE:LT,LONG,25,2024-08-30T15:00:00+05:30,3707.05,2024-09-02T10:15:00+05:30,3682.8,breakout_up,breakout_down,-606.25,268.47,18.47,55.42,-948.62,2.8
NSE:SBIN,SHORT,90,2024-09-02T09:45:00+05:30,814.05,2024-09-02T14:00:00+05:30,823.75,breakout_down,breakout_up,-873.0,73.08,14.74,44.22,-1005.04,0.18
NSE:RELIANCE,LONG,95,2024-08-29T13:30:00+05:30,758.82,2024-09-02T14:15:00+05:30,755.77,breakout_up,breakout_down,-288.8,223.04,14.39,43.17,-569.4,4.03
NSE:TCS,LONG,15,2024-08-28T11:30:00+05:30,4556.45,2024-09-02T14:45:00+05:30,4524.15,breakout_up,breakout_down,-484.5,214.53,13.62,40.86,-753.51,5.14
NSE:INFY,LONG,35,2024-08-26T09:45:00+05:30,1883.05,2024-09-03T09:15:00+05:30,1949.3,breakout_up,breakout_down,2318.75,212.01,13.41,40.24,2053.09,7.98
NSE:BANKNIFTY,LONG,1.6424503683987186,2024-08-30T09:15:00+05:30,51443.2,2024-09-03T11:00:00+05:30,51289.1,breakout_up,breakout_down,-253.1,63.06,3.37,16.87,-336.41,4.07
NSE:LT,SHORT,25,2024-09-02T12:30:00+05:30,3681.05,2024-09-03T12:30:00+05:30,3698.75,breakout_down,breakout_up,-442.5,268.18,18.45,55.35,-784.48,1.0
NSE:TCS,SHORT,15,2024-09-02T15:00:00+05:30,4522.25,2024-09-03T13:00:00+05:30,4543.95,breakout_down,breakout_up,-325.5,214.27,13.6,40.8,-594.17,0.92
NSE:ICICIBANK,SHORT,55,2024-09-03T09:15:00+05:30,1222.75,2024-09-03T14:30:00+05:30,1235.65,breakout_down,breakout_up,-709.5,70.95,13.52,40.56,-834.53,0.22
NSE:TATACONSUM,LONG,35,2024-09-02T09:30:00+05:30,1222.8,2024-09-03T14:30:00+05:30,1202.0,breakout_up,breakout_down,-728.0,157.49,8.49,25.46,-919.44,1.21
NSE:HDFCBANK,SHORT,165,2024-08-30T15:00:00+05:30,408.69,2024-09-03T15:00:00+05:30,409.62,breakout_down,breakout_up,-152.63,213.18,13.5,40.51,-419.81,4.0
NSE:ITC,LONG,120,2024-08-29T11:15:00+05:30,502.35,2024-09-03T15:00:00+05:30,509.3,breakout_up,breakout_down,834.0,197.97,12.14,36.42,587.47,5.16
NSE:HINDUNILVR,LONG,25,2024-09-03T09:30:00+05:30,2814.25,2024-09-03T15:00:00+05:30,2792.95,breakout_up,breakout_down,-532.5,71.84,14.02,42.05,-660.42,0.23
NSE:HCLTECH,LONG,30,2024-08-29T10:15:00+05:30,1747.15,2024-09-03T15:00:00+05:30,1789.4,breakout_up,breakout_down,1267.5,180.93,10.61,31.83,1044.13,5.2
NSE:ADANIGREEN,LONG,25,2024-09-02T09:15:00+05:30,1878.5,2024-09-03T15:00:00+05:30,1897.5,breakout_up,breakout_down,475.0,167.99,9.44,28.32,269.25,1.24
NSE:NIFTY,LONG,3.9352976089816862,2024-08-26T09:15:00+05:30,24919.25,2024-09-04T09:15:00+05:30,25104.7,breakout_up,breakout_down,729.8,65.76,3.94,19.69,640.42,9.0
NSE:SENSEX,LONG,1.1164319308059316,2024-08-26T09:30:00+05:30,81630.42,2024-09-04T09:15:00+05:30,82001.03,breakout_up,breakout_down,413.76,64.41,3.65,18.27,327.43,8.99
NSE:TCS,LONG,10,2024-09-03T13:15:00+05:30,4545.2,2024-09-04T09:15:00+05:30,4463.2,breakout_up,breakout_down,-820.0,163.3,9.01,27.03,-1019.33,0.83
NSE:SBIN,LONG,90,2024-09-03T14:30:00+05:30,822.75,2024-09-04T09:15:00+05:30,815.3,breakout_up,breakout_down,-670.5,227.0,14.74,44.23,-956.47,0.78
NSE:ADANIGREEN,SHORT,25,2024-09-03T15:15:00+05:30,1894.0,2024-09-04T13:00:00+05:30,1929.95,breakout_down,breakout_up,-898.75,169.43,9.56,28.68,-1106.42,0.91
NSE:TATACONSUM,SHORT,35,2024-09-03T14:45:00+05:30,1201.1,2024-09-04T14:45:00+05:30,1196.85,breakout_down,breakout_up,148.75,156.38,8.39,25.18,-41.2,1.0
NSE:ICICIBANK,LONG,55,2024-09-03T14:45:00+05:30,1241.95,2024-09-04T15:00:00+05:30,1234.05,breakout_up,breakout_down,-434.5,214.49,13.62,40.85,-703.46,1.01
NSE:INFY,SHORT,35,2024-09-03T14:45:00+05:30,1949.3,2024-09-04T15:00:00+05:30,1925.0,breakout_down,breakout_up,850.5,213.75,13.56,40.68,582.51,1.01
NSE:SBIN,SHORT,90,2024-09-04T14:30:00+05:30,814.95,2024-09-04T15:00:00+05:30,818.3,breakout_down,breakout_up,-301.5,73.07,14.7,44.1,-433.37,0.02
NSE:BHARTIARTL,SHORT,45,2024-09-02T13:45:00+05:30,1567.95,2024-09-04T15:00:00+05:30,1563.3,breakout_down,breakout_up,209.25,219.69,14.09,42.27,-66.81,2.05
NSE:RELIANCE,SHORT,95,2024-09-03T15:00:00+05:30,754.55,2024-09-05T09:15:00+05:30,759.75,breakout_down,breakout_up,-494.0,223.03,14.39,43.16,-774.57,1.76
NSE:ITC,SHORT,120,2024-09-03T15:15:00+05:30,508.6,2024-09-05T09:15:00+05:30,510.2,breakout_down,breakout_up,-192.0,199.0,12.23,36.68,-439.9,1.75
NSE:TATASTEEL,SHORT,545,2024-08-30T14:45:00+05:30,153.22,2024-09-05T09:15:00+05:30,152.47,breakout_down,breakout_up,408.75,248.23,16.66,49.98,93.88,5.77
NSE:TCS,LONG,10,2024-09-04T15:00:00+05:30,4483.1,2024-09-05T11:15:00+05:30,4460.05,breakout_up,breakout_down,-230.5,162.53,8.94,26.83,-428.8,0.84
NSE:TATACONSUM,LONG,35,2024-09-05T09:15:00+05:30,1199.05,2024-09-05T13:00:00+05:30,1190.55,breakout_up,breakout_down,-297.5,61.91,8.36,25.09,-392.86,0.16
NSE:NIFTY,LONG,3.915223093466505,2024-09-04T15:00:00+05:30,25210.1,2024-09-05T14:15:00+05:30,25147.1,breakout_up,breakout_down,-246.66,65.74,3.94,19.72,-336.06,0.97
NSE:SENSEX,LONG,1.11021083481992,2024-09-04T15:00:00+05:30,82381.88,2024-09-05T14:15:00+05:30,82175.89,breakout_up,breakout_down,-228.69,64.38,3.65,18.27,-314.99,0.97
NSE:ADANIGREEN,LONG,25,2024-09-04T15:00:00+05:30,1931.55,2024-09-05T14:30:00+05:30,1896.85,breakout_up,breakout_down,-867.5,169.55,9.57,28.71,-1075.33,0.98
NSE:HCLTECH,SHORT,30,2024-09-04T09:15:00+05:30,1782.25,2024-09-05T14:45:00+05:30,1785.9,breakout_down,breakout_up,-109.5,182.09,10.7,32.11,-334.41,1.23
NSE:TCS,SHORT,10,2024-09-05T11:30:00+05:30,4460.0,2024-09-05T15:15:00+05:30,4490.0,breakout_down,breakout_up,-300.0,62.94,8.95,26.85,-398.74,0.16
NSE:BANKNIFTY,LONG,1.6338707452214987,2024-09-03T14:30:00+05:30,51508.05,2024-09-06T09:15:00+05:30,51336.8,breakout_up,breakout_down,-279.8,63.0,3.36,16.8,-362.96,2.78
NSE:SBIN,LONG,85,2024-09-05T10:00:00+05:30,820.0,2024-09-06T09:15:00+05:30,808.0,breakout_up,breakout_down,-1020.0,216.98,13.84,41.51,-1292.33,0.97
NSE:WIPRO,SHORT,580,2024-09-02T10:00:00+05:30,133.93,2024-09-06T09:15:00+05:30,132.15,breakout_down,breakout_up,1029.5,234.54,15.43,46.3,733.23,3.97
NSE:ADANIGREEN,SHORT,25,2024-09-05T15:00:00+05:30,1887.9,2024-09-06T09:15:00+05:30,1920.4,breakout_down,breakout_up,-812.5,168.99,9.52,28.56,-1019.57,0.76
NSE:HCLTECH,LONG,30,2024-09-05T15:00:00+05:30,1788.65,2024-09-06T09:45:00+05:30,1764.95,breakout_up,breakout_down,-711.0,181.65,10.66,31.98,-935.29,0.78
NSE:INFY,LONG,40,2024-09-05T15:00:00+05:30,1934.25,2024-09-06T10:00:00+05:30,1910.0,breakout_up,breakout_down,-970.0,234.08,15.38,46.13,-1265.58,0.79
NSE:TCS,LONG,10,2024-09-06T09:15:00+05:30,4509.7,2024-09-06T11:00:00+05:30,4445.1,breakout_up,breakout_down,-646.0,62.91,8.95,26.86,-744.73,0.07
NSE:HDFCBANK,LONG,160,2024-09-05T09:15:00+05:30,411.48,2024-09-09T09:15:00+05:30,408.2,breakout_up,breakout_down,-524.0,208.9,13.11,39.34,-785.36,4.0
NSE:ITC,SHORT,120,2024-09-06T09:30:00+05:30,507.55,2024-09-09T09:45:00+05:30,505.25,breakout_down,breakout_up,276.0,198.16,12.15,36.46,29.22,3.01
NSE:TATACONSUM,SHORT,40,2024-09-06T09:45:00+05:30,1181.45,2024-09-09T10:00:00+05:30,1189.05,breakout_down,breakout_up,-304.0,168.52,9.48,28.45,-510.45,3.01
NSE:ICICIBANK,SHORT,55,2024-09-05T14:30:00+05:30,1231.5,2024-09-09T10:30:00+05:30,1221.55,breakout_down,breakout_up,547.25,213.01,13.49,40.48,280.27,3.83
NSE:INFY,SHORT,40,2024-09-06T11:00:00+05:30,1904.6,2024-09-09T10:45:00+05:30,1913.5,breakout_down,breakout_up,-356.0,232.87,15.27,45.82,-649.96,2.99
NSE:NIFTY,SHORT,3.912859503310574,2024-09-05T14:30:00+05:30,25139.7,2024-09-09T13:15:00+05:30,24922.8,breakout_down,breakout_up,848.7,65.68,3.92,19.59,759.52,3.95
NSE:BANKNIFTY,SHORT,1.6409712132091239,2024-09-06T09:45:00+05:30,51064.65,2024-09-09T13:15:00+05:30,50893.55,breakout_down,breakout_up,280.77,62.96,3.35,16.73,197.74,3.15
NSE:SENSEX,SHORT,1.109307355356227,2024-09-05T14:30:00+05:30,82165.87,2024-09-09T13:15:00+05:30,81500.57,breakout_down,breakout_up,738.02,64.32,3.63,18.16,651.91,3.95
NSE:SBIN,SHORT,85,2024-09-06T09:45:00+05:30,800.25,2024-09-09T14:45:00+05:30,785.05,breakout_down,breakout_up,1292.0,212.77,13.48,40.43,1025.33,3.21
NSE:INFY,LONG,35,2024-09-09T11:00:00+05:30,1918.4,2024-09-09T15:00:00+05:30,1895.7,breakout_up,breakout_down,-794.5,70.64,13.35,40.05,-918.54,0.17
NSE:TATASTEEL,SHORT,550,2024-09-06T09:45:00+05:30,150.7,2024-09-10T09:15:00+05:30,150.41,breakout_down,breakout_up,159.5,247.15,16.56,49.68,-153.89,3.98
NSE:BHARTIARTL,SHORT,45,2024-09-05T10:15:00+05:30,1546.45,2024-09-10T09:15:00+05:30,1564.55,breakout_down,breakout_up,-814.5,218.76,14.0,42.0,-1089.26,4.96
NSE:TCS,SHORT,10,2024-09-09T14:15:00+05:30,4455.2,2024-09-10T10:45:00+05:30,4494.0,breakout_down,breakout_up,-388.0,162.6,8.95,26.85,-586.4,0.85
NSE:HCLTECH,SHORT,30,2024-09-06T10:00:00+05:30,1754.35,2024-09-10T10:45:00+05:30,1762.95,breakout_down,breakout_up,-258.0,180.4,10.55,31.66,-480.61,4.03
NSE:ADANIGREEN,SHORT,25,2024-09-06T10:00:00+05:30,1882.0,2024-09-10T11:00:00+05:30,1886.0,breakout_down,breakout_up,-100.0,167.81,9.42,28.26,-305.49,4.04
NSE:LT,SHORT,25,2024-09-04T09:15:00+05:30,3642.4,2024-09-10T12:15:00+05:30,3600.0,breakout_down,breakout_up,1060.0,264.25,18.11,54.32,723.33,6.12
NSE:RELIANCE,SHORT,95,2024-09-05T12:15:00+05:30,754.75,2024-09-10T12:45:00+05:30,734.79,breakout_down,breakout_up,1896.2,220.23,14.15,42.45,1619.36,5.02
NSE:WIPRO,SHORT,605,2024-09-06T14:15:00+05:30,129.75,2024-09-10T12:45:00+05:30,130.38,breakout_down,breakout_up,-378.12,238.04,15.74,47.21,-679.11,3.94
NSE:HDFCBANK,LONG,160,2024-09-09T11:45:00+05:30,411.24,2024-09-11T09:15:00+05:30,410.6,breakout_up,breakout_down,-102.4,209.26,13.15,39.45,-364.26,1.9
NSE:LT,LONG,25,2024-09-10T12:30:00+05:30,3605.0,2024-09-11T13:30:00+05:30,3571.95,breakout_up,breakout_down,-826.25,262.57,17.94,53.83,-1160.59,1.04
NSE:TATASTEEL,LONG,550,2024-09-10T13:30:00+05:30,151.01,2024-09-11T13:45:00+05:30,149.0,breakout_up,breakout_down,-1105.5,246.57,16.5,49.5,-1418.07,1.01
NSE:NIFTY,LONG,3.9744656251186528,2024-09-09T15:00:00+05:30,24940.55,2024-09-11T14:00:00+05:30,24937.55,breakout_up,breakout_down,-11.92,65.85,3.96,19.82,-101.56,1.96
NSE:SENSEX,LONG,1.1230379550158147,2024-09-10T09:15:00+05:30,81740.04,2024-09-11T14:00:00+05:30,81594.01,breakout_up,breakout_down,-164.0,64.45,3.67,18.34,-250.46,1.2
NSE:TCS,LONG,10,2024-09-10T11:30:00+05:30,4498.95,2024-09-11T14:00:00+05:30,4493.6,breakout_up,breakout_down,-53.5,163.06,8.99,26.98,-252.53,1.1
NSE:WIPRO,LONG,595,2024-09-10T13:15:00+05:30,130.85,2024-09-11T14:00:00+05:30,129.32,breakout_up,breakout_down,-907.38,235.22,15.48,46.44,-1204.52,1.03
NSE:BANKNIFTY,LONG,1.648381101198335,2024-09-09T14:00:00+05:30,50954.7,2024-09-11T14:45:00+05:30,50988.15,breakout_up,breakout_down,55.14,63.01,3.36,16.8,-28.04,2.03
NSE:TATACONSUM,LONG,35,2024-09-09T10:15:00+05:30,1194.85,2024-09-11T14:45:00+05:30,1204.15,breakout_up,breakout_down,325.5,156.41,8.4,25.19,135.5,2.19
NSE:BHARTIARTL,LONG,45,2024-09-10T09:30:00+05:30,1569.0,2024-09-11T14:45:00+05:30,1578.15,breakout_up,breakout_down,411.75,220.47,14.16,42.49,134.63,1.22
NSE:HDFCBANK,SHORT,160,2024-09-11T14:45:00+05:30,410.62,2024-09-12T09:15:00+05:30,413.2,breakout_down,breakout_up,-413.6,209.63,13.18,39.54,-675.96,0.77
NSE:TATASTEEL,SHORT,550,2024-09-11T14:00:00+05:30,148.12,2024-09-12T09:15:00+05:30,151.45,breakout_down,breakout_up,-1831.5,246.36,16.48,49.43,-2143.76,0.8
NSE:BHARTIARTL,SHORT,45,2024-09-11T15:00:00+05:30,1576.15,2024-09-12T09:15:00+05:30,1602.8,breakout_down,breakout_up,-1199.25,222.18,14.31,42.92,-1478.65,0.76
NSE:ITC,LONG,120,2024-09-09T10:00:00+05:30,505.45,2024-09-12T10:45:00+05:30,512.95,breakout_up,breakout_down,900.0,198.86,12.22,36.66,652.25,3.03
NSE:WIPRO,SHORT,595,2024-09-11T14:30:00+05:30,128.97,2024-09-12T12:45:00+05:30,131.0,breakout_down,breakout_up,-1204.88,235.11,15.47,46.41,-1501.86,0.93
NSE:NIFTY,SHORT,3.9753866195152314,2024-09-11T14:45:00+05:30,24909.3,2024-09-12T14:00:00+05:30,25204.7,breakout_down,breakout_up,-1174.33,65.88,3.98,19.92,-1264.12,0.97
NSE:SENSEX,SHORT,1.1233875356548129,2024-09-11T14:45:00+05:30,81492.32,2024-09-12T14:00:00+05:30,82373.86,breakout_down,breakout_up,-990.31,64.47,3.68,18.41,-1076.87,0.97
NSE:RELIANCE,SHORT,100,2024-09-11T13:30:00+05:30,729.92,2024-09-12T14:00:00+05:30,732.25,breakout_down,breakout_up,-232.5,225.63,14.62,43.87,-516.62,1.02
NSE:SBIN,SHORT,90,2024-09-11T14:00:00+05:30,773.8,2024-09-12T14:00:00+05:30,780.35,breakout_down,breakout_up,-589.5,218.61,13.99,41.96,-864.05,1.0
NSE:LT,SHORT,25,2024-09-11T13:45:00+05:30,3567.65,2024-09-12T14:15:00+05:30,3593.25,breakout_down,breakout_up,-640.0,262.11,17.9,53.71,-973.72,1.02
NSE:TCS,SHORT,10,2024-09-11T14:15:00+05:30,4489.45,2024-09-12T14:45:00+05:30,4516.0,breakout_down,breakout_up,-265.5,163.22,9.01,27.02,-464.74,1.02
NSE:ITC,SHORT,120,2024-09-12T11:00:00+05:30,512.55,2024-09-12T14:45:00+05:30,519.35,breakout_down,breakout_up,-816.0,68.93,12.38,37.15,-934.46,0.16
NSE:HDFCBANK,LONG,155,2024-09-12T09:30:00+05:30,414.37,2024-09-13T13:15:00+05:30,414.62,breakout_up,breakout_down,40.3,205.91,12.85,38.55,-217.01,1.16
NSE:TATASTEEL,LONG,520,2024-09-13T09:15:00+05:30,153.53,2024-09-13T14:15:00+05:30,153.32,breakout_up,breakout_down,-109.2,75.31,15.96,47.87,-248.33,0.21
NSE:RELIANCE,LONG,100,2024-09-12T14:15:00+05:30,735.95,2024-09-13T14:45:00+05:30,735.88,breakout_up,breakout_down,-7.5,226.68,14.72,44.15,-293.06,1.02
NSE:HINDUNILVR,LONG,25,2024-09-04T10:45:00+05:30,2827.0,2024-09-16T09:15:00+05:30,2869.0,breakout_up,breakout_down,1050.0,221.29,14.24,42.72,771.75,11.94
NSE:ADANIGREEN,SHORT,25,2024-09-10T15:00:00+05:30,1845.25,2024-09-16T09:15:00+05:30,1860.3,breakout_down,breakout_up,-376.25,166.1,9.26,27.79,-579.41,5.76
NSE:INFY,LONG,35,2024-09-10T10:45:00+05:30,1924.9,2024-09-16T10:15:00+05:30,1936.3,breakout_up,breakout_down,399.0,213.27,13.51,40.54,131.67,5.98
NSE:SBIN,LONG,90,2024-09-12T14:15:00+05:30,782.15,2024-09-16T11:30:00+05:30,786.8,breakout_up,breakout_down,418.5,220.01,14.12,42.36,142.01,3.89
NSE:TCS,LONG,10,2024-09-12T15:00:00+05:30,4522.3,2024-09-16T11:45:00+05:30,4506.85,breakout_up,breakout_down,-154.5,163.48,9.03,27.09,-354.09,3.86
NSE:ITC,LONG,115,2024-09-12T15:00:00+05:30,519.7,2024-09-16T12:00:00+05:30,511.75,breakout_up,breakout_down,-914.25,195.01,11.86,35.59,-1156.71,3.88
NSE:BHARTIARTL,LONG,40,2024-09-12T14:00:00+05:30,1622.9,2024-09-16T14:30:00+05:30,1637.5,breakout_up,breakout_down,584.0,208.01,13.04,39.12,323.83,4.02
NSE:TATASTEEL,LONG,510,2024-09-16T09:15:00+05:30,154.9,2024-09-17T09:15:00+05:30,153.36,breakout_up,breakout_down,-785.4,237.89,15.72,47.16,-1086.17,1.0
NSE:WIPRO,LONG,570,2024-09-12T14:00:00+05:30,132.0,2024-09-17T09:15:00+05:30,137.62,breakout_up,breakout_down,3200.55,233.66,15.37,46.1,2905.41,4.8
NSE:ADANIGREEN,LONG,25,2024-09-16T09:30:00+05:30,1885.0,2024-09-17T09:15:00+05:30,1890.9,breakout_up,breakout_down,147.5,168.02,9.44,28.32,-58.27,0.99
NSE:HDFCBANK,LONG,155,2024-09-13T15:00:00+05:30,416.71,2024-09-17T09:45:00+05:30,416.7,breakout_up,breakout_down,-2.32,206.68,12.92,38.75,-260.67,3.78
NSE:BHARTIARTL,SHORT,40,2024-09-16T14:45:00+05:30,1637.0,2024-09-17T11:15:00+05:30,1651.45,breakout_down,breakout_up,-578.0,209.34,13.15,39.46,-839.96,0.85
NSE:HCLTECH,LONG,30,2024-09-10T11:30:00+05:30,1768.65,2024-09-17T15:00:00+05:30,1813.75,breakout_up,breakout_down,1353.0,182.45,10.75,32.24,1127.56,7.15
NSE:BANKNIFTY,LONG,1.6298118005747644,2024-09-12T14:00:00+05:30,51518.1,2024-09-17T15:15:00+05:30,52144.65,breakout_up,breakout_down,1021.16,63.15,3.38,16.9,937.73,5.05
NSE:RELIANCE,SHORT,100,2024-09-16T11:30:00+05:30,733.5,2024-09-18T09:15:00+05:30,737.74,breakout_down,breakout_up,-424.0,226.65,14.71,44.14,-709.5,1.91
NSE:HDFCBANK,SHORT,155,2024-09-17T10:15:00+05:30,416.35,2024-09-18T09:15:00+05:30,419.17,breakout_down,breakout_up,-436.32,207.07,12.95,38.85,-695.2,0.96
NSE:INFY,LONG,35,2024-09-16T14:45:00+05:30,1950.65,2024-09-18T09:15:00+05:30,1914.5,breakout_up,breakout_down,-1265.25,213.55,13.53,40.58,-1532.91,1.77
NSE:ITC,SHORT,115,2024-09-16T15:15:00+05:30,509.95,2024-09-18T09:15:00+05:30,511.1,breakout_down,breakout_up,-132.25,193.62,11.74,35.23,-372.84,1.75
NSE:SBIN,SHORT,90,2024-09-17T10:00:00+05:30,781.9,2024-09-18T09:15:00+05:30,787.2,breakout_down,breakout_up,-477.0,220.09,14.12,42.37,-753.58,0.97
NSE:TATACONSUM,LONG,35,2024-09-12T14:45:00+05:30,1220.3,2024-09-18T10:00:00+05:30,1213.95,breakout_up,breakout_down,-222.25,157.82,8.52,25.56,-414.15,5.8
NSE:RELIANCE,LONG,100,2024-09-18T09:30:00+05:30,739.14,2024-09-18T12:45:00+05:30,733.97,breakout_up,breakout_down,-517.5,73.1,14.73,44.19,-649.53,0.14
NSE:NIFTY,LONG,3.8715560489053624,2024-09-12T14:15:00+05:30,25251.8,2024-09-18T13:00:00+05:30,25374.4,breakout_up,breakout_down,474.65,65.67,3.92,19.6,385.46,5.95
NSE:ITC,LONG,115,2024-09-18T09:30:00+05:30,511.8,2024-09-18T13:15:00+05:30,506.1,breakout_up,breakout_down,-655.5,67.76,11.71,35.12,-770.08,0.16
NSE:SENSEX,LONG,1.0962640608060785,2024-09-12T14:15:00+05:30,82529.21,2024-09-18T13:30:00+05:30,82834.06,breakout_up,breakout_down,334.2,64.28,3.63,18.13,248.17,5.97
NSE:HINDUNILVR,LONG,25,2024-09-17T09:15:00+05:30,2892.85,2024-09-18T13:30:00+05:30,2864.45,breakout_up,breakout_down,-710.0,223.12,14.39,43.18,-990.7,1.18
NSE:BHARTIARTL,LONG,40,2024-09-17T11:30:00+05:30,1657.8,2024-09-18T13:30:00+05:30,1652.55,breakout_up,breakout_down,-210.0,210.29,13.24,39.72,-473.25,1.08
NSE:NIFTY,SHORT,3.8698868804994406,2024-09-18T13:15:00+05:30,25362.0,2024-09-19T09:15:00+05:30,25565.75,breakout_down,breakout_up,-788.49,65.7,3.94,19.71,-877.84,0.83
NSE:TCS,SHORT,10,2024-09-16T12:15:00+05:30,4504.65,2024-09-19T09:15:00+05:30,4401.05,breakout_down,breakout_up,1036.0,162.01,8.91,26.72,838.36,2.88
NSE:INFY,SHORT,35,2024-09-18T09:30:00+05:30,1904.3,2024-09-19T09:15:00+05:30,1914.65,breakout_down,breakout_up,-362.25,211.69,13.37,40.1,-627.4,0.99
NSE:WIPRO,SHORT,575,2024-09-18T09:15:00+05:30,135.43,2024-09-19T09:15:00+05:30,137.12,breakout_down,breakout_up,-971.75,237.34,15.67,47.01,-1271.78,1.0
NSE:ITC,SHORT,115,2024-09-18T13:30:00+05:30,505.75,2024-09-19T09:30:00+05:30,512.0,breakout_down,breakout_up,-718.75,193.24,11.7,35.11,-958.81,0.83
NSE:TATACONSUM,SHORT,35,2024-09-18T10:15:00+05:30,1209.6,2024-09-19T09:30:00+05:30,1218.0,breakout_down,breakout_up,-294.0,157.57,8.5,25.49,-485.55,0.97
NSE:ADANIGREEN,LONG,25,2024-09-17T10:45:00+05:30,1948.0,2024-09-19T09:30:00+05:30,1928.55,breakout_up,breakout_down,-486.25,170.86,9.69,29.07,-695.88,1.95
NSE:SBIN,LONG,90,2024-09-18T10:30:00+05:30,790.95,2024-09-19T11:15:00+05:30,788.25,breakout_up,breakout_down,-243.0,221.08,14.21,42.64,-520.94,1.03
NSE:LT,LONG,25,2024-09-12T14:45:00+05:30,3606.2,2024-09-19T11:15:00+05:30,3684.8,breakout_up,breakout_down,1965.0,265.53,18.23,54.68,1626.56,6.85
NSE:RELIANCE,SHORT,100,2024-09-18T13:30:00+05:30,731.7,2024-09-19T13:30:00+05:30,736.69,breakout_down,breakout_up,-499.0,226.34,14.68,44.05,-784.07,1.0
NSE:ITC,LONG,110,2024-09-19T09:45:00+05:30,513.75,2024-09-19T15:00:00+05:30,508.2,breakout_up,breakout_down,-610.5,66.94,11.24,33.72,-722.41,0.22
NSE:TATASTEEL,SHORT,510,2024-09-17T10:00:00+05:30,152.75,2024-09-20T09:15:00+05:30,152.3,breakout_down,breakout_up,229.5,235.99,15.56,46.67,-68.72,2.97
NSE:ADANIGREEN,SHORT,25,2024-09-19T09:45:00+05:30,1920.65,2024-09-20T09:15:00+05:30,1998.7,breakout_down,breakout_up,-1951.25,172.16,9.8,29.4,-2162.6,0.98
NSE:HCLTECH,SHORT,30,2024-09-17T15:15:00+05:30,1811.0,2024-09-20T09:45:00+05:30,1759.1,breakout_down,breakout_up,1557.0,182.03,10.71,32.13,1332.13,2.77
NSE:LT,SHORT,25,2024-09-19T11:30:00+05:30,3679.9,2024-09-20T09:45:00+05:30,3733.6,breakout_down,breakout_up,-1342.5,269.18,18.53,55.6,-1685.82,0.93
NSE:INFY,SHORT,35,2024-09-19T13:00:00+05:30,1880.75,2024-09-20T12:45:00+05:30,1910.0,breakout_down,breakout_up,-1023.75,210.64,13.27,39.8,-1287.46,0.99
NSE:WIPRO,SHORT,575,2024-09-19T11:45:00+05:30,133.12,2024-09-20T15:00:00+05:30,134.79,breakout_down,breakout_up,-957.37,234.39,15.41,46.22,-1253.38,1.14
NSE:TATACONSUM,LONG,35,2024-09-19T10:00:00+05:30,1220.45,2024-09-20T15:00:00+05:30,1215.95,breakout_up,breakout_down,-157.5,157.9,8.53,25.58,-349.51,1.21
NSE:SBIN,SHORT,90,2024-09-19T11:45:00+05:30,784.8,2024-09-23T09:30:00+05:30,793.3,breakout_down,breakout_up,-765.0,221.01,14.2,42.61,-1042.83,3.91
NSE:ADANIGREEN,LONG,20,2024-09-20T15:00:00+05:30,2004.0,2024-09-23T11:30:00+05:30,1970.7,breakout_up,breakout_down,-666.0,151.52,7.95,23.85,-849.31,2.85
NSE:RELIANCE,LONG,95,2024-09-20T09:45:00+05:30,740.94,2024-09-23T14:45:00+05:30,746.2,breakout_up,breakout_down,499.7,220.08,14.13,42.38,223.1,3.21
NSE:INFY,SHORT,35,2024-09-20T13:30:00+05:30,1872.25,2024-09-23T15:00:00+05:30,1897.15,breakout_down,breakout_up,-871.5,209.8,13.19,39.58,-1134.07,3.06
NSE:HINDUNILVR,LONG,25,2024-09-19T09:30:00+05:30,2894.6,2024-09-24T09:45:00+05:30,2985.0,breakout_up,breakout_down,2260.0,226.3,14.7,44.1,1974.9,5.01
NSE:TCS,SHORT,10,2024-09-19T10:30:00+05:30,4302.35,2024-09-24T14:15:00+05:30,4284.0,breakout_down,breakout_up,183.5,158.53,8.59,25.76,-9.38,5.16
NSE:INFY,SHORT,35,2024-09-24T09:15:00+05:30,1877.9,2024-09-24T14:15:00+05:30,1900.8,breakout_down,breakout_up,-801.5,70.42,13.23,39.68,-924.82,0.21
NSE:WIPRO,SHORT,565,2024-09-24T09:15:00+05:30,132.93,2024-09-24T14:15:00+05:30,134.93,breakout_down,breakout_up,-1130.0,73.74,15.13,45.4,-1264.28,0.21
NSE:LT,LONG,25,2024-09-20T10:15:00+05:30,3745.55,2024-09-24T14:45:00+05:30,3791.65,breakout_up,breakout_down,1152.5,272.43,18.84,56.53,804.7,4.19
NSE:ITC,LONG,110,2024-09-20T10:30:00+05:30,513.3,2024-09-25T09:15:00+05:30,513.65,breakout_up,breakout_down,38.5,188.66,11.3,33.89,-195.34,4.95
NSE:SBIN,LONG,85,2024-09-23T10:15:00+05:30,795.95,2024-09-25T09:30:00+05:30,794.7,breakout_up,breakout_down,-106.25,213.38,13.52,40.56,-373.71,1.97
NSE:NIFTY,LONG,3.798986290581888,2024-09-19T09:30:00+05:30,25604.95,2024-09-25T11:45:00+05:30,25880.25,breakout_up,breakout_down,1045.86,65.66,3.91,19.56,956.73,6.09
NSE:INFY,LONG,35,2024-09-24T14:30:00+05:30,1906.1,2024-09-25T12:00:00+05:30,1880.45,breakout_up,breakout_down,-897.75,210.47,13.25,39.76,-1161.23,0.9
NSE:BHARTIARTL,LONG,40,2024-09-19T09:15:00+05:30,1672.6,2024-09-25T12:30:00+05:30,1745.7,breakout_up,breakout_down,2924.0,214.85,13.67,41.02,2654.46,6.14
NSE:RELIANCE,SHORT,95,2024-09-25T09:15:00+05:30,742.75,2024-09-25T13:45:00+05:30,745.9,breakout_down,breakout_up,-299.25,72.09,14.14,42.43,-427.91,0.19
NSE:ADANIGREEN,LONG,20,2024-09-23T15:00:00+05:30,2032.0,2024-09-25T14:30:00+05:30,2042.7,breakout_up,breakout_down,214.0,153.67,8.15,24.45,27.73,1.98
NSE:TCS,SHORT,15,2024-09-25T11:45:00+05:30,4249.65,2024-09-25T15:00:00+05:30,4285.0,breakout_down,breakout_up,-530.25,69.7,12.8,38.41,-651.16,0.14
NSE:INFY,SHORT,35,2024-09-25T12:30:00+05:30,1878.7,2024-09-25T15:00:00+05:30,1899.1,breakout_down,breakout_up,-714.0,70.42,13.22,39.67,-837.31,0.1
NSE:HINDUNILVR,SHORT,25,2024-09-24T11:45:00+05:30,2971.65,2024-09-25T15:00:00+05:30,2950.85,breakout_down,breakout_up,520.0,227.62,14.81,44.42,233.15,1.14
NSE:SBIN,SHORT,85,2024-09-25T09:45:00+05:30,793.45,2024-09-26T09:15:00+05:30,794.65,breakout_down,breakout_up,-102.0,213.14,13.5,40.5,-369.14,0.98
NSE:TATACONSUM,SHORT,35,2024-09-23T14:30:00+05:30,1213.7,2024-09-26T09:15:00+05:30,1201.15,breakout_down,breakout_up,439.25,157.02,8.45,25.36,248.42,2.78
NSE:INFY,LONG,35,2024-09-25T15:15:00+05:30,1900.0,2024-09-26T15:15:00+05:30,1894.0,breakout_up,breakout_down,-210.0,210.71,13.28,39.84,-473.82,1.0
NSE:HDFCBANK,LONG,150,2024-09-18T09:30:00+05:30,420.62,2024-09-27T09:15:00+05:30,442.57,breakout_up,breakout_down,3294.0,206.76,12.95,38.84,3035.45,8.99
NSE:BHARTIARTL,LONG,40,2024-09-26T09:15:00+05:30,1769.2,2024-09-27T09:15:00+05:30,1736.55,breakout_up,breakout_down,-1306.0,219.06,14.02,42.07,-1581.15,1.0
NSE:ICICIBANK,LONG,55,2024-09-09T11:45:00+05:30,1223.1,2024-09-27T09:30:00+05:30,1320.75,breakout_up,breakout_down,5370.75,218.2,13.99,41.97,5096.58,17.91
NSE:ADANIGREEN,SHORT,20,2024-09-26T13:45:00+05:30,2045.25,2024-09-27T11:30:00+05:30,2072.9,breakout_down,breakout_up,-553.0,154.7,8.24,24.71,-740.64,0.91
NSE:BANKNIFTY,LONG,1.6217745623707582,2024-09-18T09:15:00+05:30,52349.9,2024-09-27T12:45:00+05:30,54024.0,breakout_up,breakout_down,2715.01,63.58,3.45,17.25,2630.74,9.15
NSE:SENSEX,LONG,1.0851966075238788,2024-09-19T09:15:00+05:30,83598.89,2024-09-27T13:15:00+05:30,85582.1,breakout_up,breakout_down,2152.17,64.59,3.67,18.36,2065.55,8.17
NSE:INFY,LONG,30,2024-09-27T09:15:00+05:30,1968.5,2024-09-27T14:00:00+05:30,1914.0,breakout_up,breakout_down,-1635.0,67.55,11.65,34.94,-1749.14,0.2
NSE:ITC,LONG,105,2024-09-25T14:00:00+05:30,518.35,2024-09-27T14:30:00+05:30,523.05,breakout_up,breakout_down,493.5,184.6,10.93,32.8,265.16,2.02
NSE:HINDUNILVR,LONG,25,2024-09-26T09:15:00+05:30,2963.0,2024-09-27T15:00:00+05:30,2968.4,breakout_up,breakout_down,135.0,227.9,14.83,44.49,-152.21,1.24
NSE:TATACONSUM,LONG,35,2024-09-26T09:30:00+05:30,1205.45,2024-09-27T15:00:00+05:30,1204.4,breakout_up,breakout_down,-36.75,156.86,8.43,25.3,-227.35,1.23
NSE:NIFTY,LONG,3.7754025052121105,2024-09-25T15:00:00+05:30,26017.55,2024-09-30T09:15:00+05:30,26065.2,breakout_up,breakout_down,179.9,65.71,3.93,19.66,90.59,4.76
NSE:TCS,LONG,10,2024-09-26T09:15:00+05:30,4307.95,2024-09-30T09:15:00+05:30,4284.25,breakout_up,breakout_down,-237.0,158.63,8.59,25.78,-430.0,4.0
NSE:SBIN,LONG,85,2024-09-26T10:30:00+05:30,797.9,2024-09-30T09:15:00+05:30,797.35,breakout_up,breakout_down,-46.75,213.81,13.56,40.68,-314.8,3.95
NSE:WIPRO,LONG,550,2024-09-25T15:00:00+05:30,134.22,2024-09-30T09:15:00+05:30,135.1,breakout_up,breakout_down,481.25,227.7,14.81,44.44,194.3,4.76
NSE:RELIANCE,LONG,95,2024-09-25T14:00:00+05:30,747.99,2024-09-30T10:30:00+05:30,745.33,breakout_up,breakout_down,-253.17,220.79,14.19,42.56,-530.71,4.85
NSE:HCLTECH,LONG,35,2024-09-23T15:00:00+05:30,1754.2,2024-09-30T14:15:00+05:30,1798.55,breakout_up,breakout_down,1552.25,201.19,12.43,37.3,1301.32,6.97
NSE:TATASTEEL,LONG,510,2024-09-20T10:30:00+05:30,152.82,2024-10-01T09:15:00+05:30,167.3,breakout_up,breakout_down,7384.8,244.0,16.33,48.98,7075.5,10.95
NSE:LT,SHORT,25,2024-09-25T09:15:00+05:30,3784.0,2024-10-01T09:15:00+05:30,3707.5,breakout_down,breakout_up,1912.5,271.11,18.73,56.19,1566.48,6.0
NSE:INFY,SHORT,30,2024-09-27T14:15:00+05:30,1912.25,2024-10-01T10:00:00+05:30,1899.95,breakout_down,breakout_up,369.0,190.19,11.44,34.31,133.06,3.82
NSE:TATACONSUM,LONG,35,2024-09-30T09:45:00+05:30,1212.25,2024-10-01T11:00:00+05:30,1194.1,breakout_up,breakout_down,-635.25,156.77,8.42,25.27,-825.71,1.05
NSE:SBIN,SHORT,85,2024-09-30T09:30:00+05:30,796.4,2024-10-01T11:45:00+05:30,796.9,breakout_down,breakout_up,-42.5,213.63,13.54,40.63,-310.3,1.09
NSE:TCS,SHORT,10,2024-10-01T11:00:00+05:30,4246.65,2024-10-01T15:00:00+05:30,4294.8,breakout_down,breakout_up,-481.5,62.2,8.54,25.62,-577.87,0.17
NSE:TATASTEEL,SHORT,510,2024-10-01T10:00:00+05:30,166.36,2024-10-03T09:15:00+05:30,169.52,breakout_down,breakout_up,-1611.6,253.6,17.13,51.39,-1933.72,1.97
NSE:WIPRO,LONG,545,2024-10-01T09:15:00+05:30,136.04,2024-10-03T09:15:00+05:30,134.24,breakout_up,breakout_down,-981.0,226.89,14.73,44.19,-1266.81,2.0
NSE:HCLTECH,LONG,35,2024-10-01T14:00:00+05:30,1810.3,2024-10-03T13:15:00+05:30,1775.1,breakout_up,breakout_down,-1232.0,202.67,12.55,37.65,-1484.86,1.97
NSE:TCS,SHORT,10,2024-10-03T11:15:00+05:30,4227.4,2024-10-04T09:15:00+05:30,4253.3,breakout_down,breakout_up,-259.0,157.39,8.48,25.44,-450.31,0.92
NSE:WIPRO,SHORT,550,2024-10-03T11:15:00+05:30,132.88,2024-10-04T09:45:00+05:30,134.26,breakout_down,breakout_up,-764.5,226.46,14.69,44.08,-1049.73,0.94
NSE:BANKNIFTY,SHORT,1.6215516835910464,2024-09-27T13:00:00+05:30,53974.6,2024-10-04T10:45:00+05:30,52204.55,breakout_down,breakout_up,2870.23,63.55,3.44,17.22,2786.02,6.91
NSE:TATASTEEL,SHORT,505,2024-10-04T09:15:00+05:30,164.55,2024-10-04T11:00:00+05:30,168.36,breakout_down,breakout_up,-1924.05,76.62,16.81,50.44,-2067.91,0.07
NSE:NIFTY,SHORT,3.7782713257152722,2024-09-30T09:30:00+05:30,26021.7,2024-10-04T11:45:00+05:30,25421.8,breakout_down,breakout_up,2266.58,65.61,3.89,19.44,2177.65,4.09
NSE:SENSEX,SHORT,1.0891432562681012,2024-09-30T09:15:00+05:30,85186.78,2024-10-04T11:45:00+05:30,83132.7,breakout_down,breakout_up,2237.19,64.57,3.67,18.33,2150.62,4.1
NSE:HINDUNILVR,SHORT,25,2024-09-30T12:15:00+05:30,2950.2,2024-10-04T11:45:00+05:30,2908.55,breakout_down,breakout_up,1041.25,225.81,14.65,43.94,756.85,3.98
NSE:LT,SHORT,25,2024-10-01T12:30:00+05:30,3660.0,2024-10-04T11:45:00+05:30,3534.95,breakout_down,breakout_up,3126.25,262.78,17.99,53.96,2791.52,2.97
NSE:ICICIBANK,SHORT,55,2024-09-27T10:30:00+05:30,1320.15,2024-10-04T12:00:00+05:30,1264.0,breakout_down,breakout_up,3088.25,220.83,14.21,42.64,2810.56,7.06
NSE:ITC,SHORT,105,2024-09-27T15:15:00+05:30,521.7,2024-10-04T12:00:00+05:30,516.9,breakout_down,breakout_up,504.0,184.27,10.91,32.72,276.1,6.86
NSE:SENSEX,LONG,1.138994674967272,2024-10-04T12:00:00+05:30,83340.86,2024-10-04T12:45:00+05:30,82049.98,breakout_up,breakout_down,-1470.31,71.86,3.77,18.84,-1564.77,0.03
NSE:NIFTY,LONG,3.945532781978373,2024-10-04T12:00:00+05:30,25468.85,2024-10-04T13:30:00+05:30,25061.4,breakout_up,breakout_down,-1607.61,73.29,3.99,19.94,-1704.82,0.06
NSE:BANKNIFTY,LONG,1.7275292429813984,2024-10-04T11:45:00+05:30,52271.35,2024-10-04T13:30:00+05:30,51552.45,breakout_up,breakout_down,-1241.92,70.69,3.59,17.94,-1334.13,0.07
NSE:WIPRO,LONG,535,2024-10-04T10:30:00+05:30,134.66,2024-10-04T14:30:00+05:30,133.07,breakout_up,breakout_down,-850.65,72.35,14.32,42.97,-980.3,0.17
NSE:TATASTEEL,LONG,480,2024-10-04T11:45:00+05:30,168.53,2024-10-07T10:15:00+05:30,164.91,breakout_up,breakout_down,-1737.6,241.11,16.01,48.02,-2042.73,2.94
NSE:SBIN,LONG,85,2024-10-01T13:00:00+05:30,798.05,2024-10-07T10:45:00+05:30,789.45,breakout_up,breakout_down,-731.0,213.13,13.49,40.48,-998.11,5.91
NSE:LT,LONG,30,2024-10-04T12:00:00+05:30,3553.55,2024-10-07T10:45:00+05:30,3462.4,breakout_up,breakout_down,-2734.5,297.22,21.05,63.14,-3115.92,2.95
NSE:HCLTECH,LONG,30,2024-10-04T09:45:00+05:30,1794.7,2024-10-07T14:15:00+05:30,1768.65,breakout_up,breakout_down,-781.5,181.98,10.69,32.07,-1006.24,3.19
NSE:HINDUNILVR,SHORT,25,2024-10-04T12:30:00+05:30,2855.4,2024-10-08T09:15:00+05:30,2876.15,breakout_down,breakout_up,-518.75,222.4,14.33,42.99,-798.46,3.86
NSE:BHARTIARTL,SHORT,40,2024-09-27T11:15:00+05:30,1733.4,2024-10-08T09:15:00+05:30,1676.5,breakout_down,breakout_up,2276.0,214.53,13.64,40.92,2006.92,10.92
NSE:LT,SHORT,30,2024-10-07T11:00:00+05:30,3446.3,2024-10-08T09:15:00+05:30,3500.0,breakout_down,breakout_up,-1611.0,294.82,20.84,62.52,-1989.17,0.93
NSE:INFY,LONG,30,2024-10-04T09:45:00+05:30,1910.0,2024-10-08T09:30:00+05:30,1914.85,breakout_up,breakout_down,145.5,190.63,11.47,34.42,-91.03,3.99
NSE:ADANIGREEN,SHORT,20,2024-09-27T15:00:00+05:30,1973.9,2024-10-08T09:45:00+05:30,1772.25,breakout_down,breakout_up,4033.0,146.08,7.49,22.48,3856.95,10.78
NSE:TCS,LONG,10,2024-10-04T11:45:00+05:30,4283.5,2024-10-08T10:00:00+05:30,4212.0,breakout_up,breakout_down,-715.0,157.59,8.5,25.49,-906.57,3.93
NSE:RELIANCE,SHORT,95,2024-09-30T12:45:00+05:30,743.74,2024-10-08T11:00:00+05:30,691.94,breakout_down,breakout_up,4921.0,214.32,13.64,40.92,4652.12,7.93
NSE:NIFTY,SHORT,3.952494869120297,2024-10-04T14:30:00+05:30,24993.95,2024-10-08T11:15:00+05:30,24973.8,breakout_down,breakout_up,79.64,73.2,3.95,19.75,-17.25,3.86
NSE:SENSEX,SHORT,1.1384124068310266,2024-10-04T13:00:00+05:30,82013.08,2024-10-08T11:15:00+05:30,81573.03,breakout_down,breakout_up,500.96,71.75,3.72,18.62,406.86,3.93
NSE:HDFCBANK,SHORT,150,2024-09-27T11:00:00+05:30,441.77,2024-10-08T14:00:00+05:30,413.51,breakout_down,breakout_up,4239.0,205.38,12.83,38.49,3982.31,11.12
NSE:HCLTECH,SHORT,30,2024-10-08T09:15:00+05:30,1753.8,2024-10-08T14:00:00+05:30,1779.35,breakout_down,breakout_up,-766.5,65.79,10.6,31.8,-874.69,0.2
NSE:WIPRO,SHORT,535,2024-10-07T10:45:00+05:30,132.72,2024-10-08T15:15:00+05:30,132.06,breakout_down,breakout_up,353.1,220.52,14.17,42.5,75.91,1.19
NSE:TATACONSUM,SHORT,35,2024-10-03T09:15:00+05:30,1178.55,2024-10-08T15:15:00+05:30,1123.9,breakout_down,breakout_up,1912.75,152.54,8.06,24.18,1727.98,5.25
NSE:HDFCBANK,LONG,170,2024-10-08T14:15:00+05:30,414.01,2024-10-09T09:15:00+05:30,410.02,breakout_up,breakout_down,-678.3,218.85,14.01,42.03,-953.18,0.79
NSE:SBIN,SHORT,85,2024-10-07T11:00:00+05:30,784.25,2024-10-09T09:15:00+05:30,794.1,breakout_down,breakout_up,-837.25,212.27,13.42,40.25,-1103.19,1.93
NSE:BANKNIFTY,SHORT,1.7295754910240113,2024-10-04T14:45:00+05:30,51440.45,2024-10-09T10:00:00+05:30,51603.5,breakout_down,breakout_up,-282.01,70.63,3.56,17.82,-374.02,4.8
NSE:ICICIBANK,SHORT,60,2024-10-04T12:45:00+05:30,1242.6,2024-10-09T10:00:00+05:30,1257.4,breakout_down,breakout_up,-888.0,229.88,15.0,45.0,-1177.88,4.89
NSE:TATASTEEL,SHORT,480,2024-10-07T10:30:00+05:30,164.42,2024-10-09T10:30:00+05:30,161.41,breakout_down,breakout_up,1444.8,236.82,15.64,46.92,1145.43,2.0
NSE:LT,LONG,25,2024-10-08T13:00:00+05:30,3527.9,2024-10-09T13:00:00+05:30,3511.95,breakout_up,breakout_down,-398.75,258.73,17.6,52.8,-727.88,1.0
NSE:RELIANCE,LONG,110,2024-10-08T11:15:00+05:30,694.17,2024-10-09T13:15:00+05:30,692.12,breakout_up,breakout_down,-225.5,232.6,15.25,45.75,-519.1,1.08
NSE:SENSEX,LONG,1.1472923621853164,2024-10-08T14:00:00+05:30,81731.87,2024-10-09T14:15:00+05:30,81656.45,breakout_up,breakout_down,-86.53,71.86,3.75,18.75,-180.88,1.01
NSE:ADANIGREEN,LONG,25,2024-10-08T10:15:00+05:30,1775.35,2024-10-09T14:15:00+05:30,1801.4,breakout_up,breakout_down,651.25,162.45,8.94,26.83,453.04,1.17
NSE:BHARTIARTL,LONG,40,2024-10-09T09:15:00+05:30,1674.5,2024-10-09T14:30:00+05:30,1676.3,breakout_up,breakout_down,72.0,70.83,13.4,40.21,-52.44,0.22
NSE:NIFTY,LONG,3.951703856594678,2024-10-08T13:30:00+05:30,24994.6,2024-10-09T14:45:00+05:30,25027.15,breakout_up,breakout_down,128.63,73.22,3.95,19.77,31.68,1.05
NSE:TCS,LONG,10,2024-10-09T09:15:00+05:30,4269.95,2024-10-09T15:00:00+05:30,4248.5,breakout_up,breakout_down,-214.5,62.19,8.52,25.56,-310.76,0.24
NSE:INFY,LONG,30,2024-10-08T14:00:00+05:30,1951.75,2024-10-09T15:00:00+05:30,1950.55,breakout_up,breakout_down,-36.0,193.22,11.71,35.12,-276.05,1.04
NSE:TATASTEEL,LONG,495,2024-10-09T10:45:00+05:30,162.05,2024-10-09T15:00:00+05:30,159.08,breakout_up,breakout_down,-1470.15,75.05,15.9,47.69,-1608.78,0.18
NSE:WIPRO,LONG,535,2024-10-09T09:15:00+05:30,133.2,2024-10-09T15:00:00+05:30,132.69,breakout_up,breakout_down,-272.85,72.24,14.23,42.68,-401.99,0.24
NSE:ICICIBANK,LONG,55,2024-10-09T10:30:00+05:30,1258.45,2024-10-10T09:15:00+05:30,1239.7,breakout_up,breakout_down,-1031.25,215.89,13.74,41.22,-1302.1,0.95
NSE:TATACONSUM,LONG,40,2024-10-10T09:45:00+05:30,1128.8,2024-10-10T11:15:00+05:30,1113.25,breakout_up,breakout_down,-622.0,62.94,8.97,26.9,-720.81,0.06
NSE:HDFCBANK,SHORT,170,2024-10-09T13:00:00+05:30,408.64,2024-10-10T11:30:00+05:30,411.62,breakout_down,breakout_up,-507.45,218.12,13.94,41.83,-781.35,0.94
NSE:TCS,LONG,10,2024-10-10T12:00:00+05:30,4291.45,2024-10-10T12:45:00+05:30,4229.4,breakout_up,breakout_down,-620.5,62.15,8.52,25.56,-716.73,0.03
NSE:WIPRO,LONG,525,2024-10-10T10:15:00+05:30,134.2,2024-10-10T12:45:00+05:30,131.91,breakout_up,breakout_down,-1199.62,71.69,13.97,41.91,-1327.2,0.1
NSE:HCLTECH,LONG,30,2024-10-08T14:45:00+05:30,1786.6,2024-10-10T13:15:00+05:30,1800.35,breakout_up,breakout_down,412.5,182.68,10.76,32.28,186.78,1.94
NSE:ADANIGREEN,SHORT,25,2024-10-09T14:30:00+05:30,1800.55,2024-10-10T15:15:00+05:30,1787.85,breakout_down,breakout_up,317.5,162.79,8.97,26.91,118.82,1.03
NSE:ICICIBANK,LONG,55,2024-10-10T13:15:00+05:30,1251.8,2024-10-11T09:15:00+05:30,1235.3,breakout_up,breakout_down,-907.5,215.2,13.68,41.04,-1177.42,0.83
NSE:TATASTEEL,SHORT,495,2024-10-09T15:15:00+05:30,158.3,2024-10-11T09:15:00+05:30,161.2,breakout_down,breakout_up,-1435.5,238.98,15.82,47.45,-1737.74,1.75
NSE:BANKNIFTY,LONG,1.7211050521391666,2024-10-10T13:00:00+05:30,51476.95,2024-10-11T10:45:00+05:30,51246.35,breakout_up,breakout_down,-396.89,70.43,3.54,17.68,-488.53,0.91
NSE:INFY,SHORT,30,2024-10-10T09:15:00+05:30,1942.45,2024-10-11T11:00:00+05:30,1945.15,breakout_down,breakout_up,-81.0,192.74,11.66,34.99,-320.39,1.07
NSE:HDFCBANK,LONG,165,2024-10-10T11:45:00+05:30,412.49,2024-10-11T11:15:00+05:30,411.25,breakout_up,breakout_down,-204.6,214.18,13.59,40.78,-473.15,0.98
NSE:SBIN,LONG,80,2024-10-09T10:00:00+05:30,803.6,2024-10-11T11:15:00+05:30,794.2,breakout_up,breakout_down,-752.0,205.23,12.78,38.35,-1008.36,2.05
NSE:HINDUNILVR,SHORT,25,2024-10-08T13:45:00+05:30,2821.65,2024-10-11T11:30:00+05:30,2778.45,breakout_down,breakout_up,1080.0,218.62,14.0,42.0,805.38,2.91
NSE:BHARTIARTL,SHORT,40,2024-10-10T09:30:00+05:30,1670.0,2024-10-11T11:45:00+05:30,1683.75,breakout_down,breakout_up,-550.0,212.24,13.42,40.24,-815.9,1.09
NSE:TATASTEEL,LONG,470,2024-10-11T09:30:00+05:30,163.2,2024-10-11T14:15:00+05:30,160.57,breakout_up,breakout_down,-1236.1,73.88,15.22,45.65,-1370.85,0.2
NSE:NIFTY,SHORT,3.9566798468803315,2024-10-09T15:00:00+05:30,24971.15,2024-10-14T09:15:00+05:30,25040.95,breakout_down,breakout_up,-276.18,73.22,3.96,19.79,-373.14,4.76
NSE:BANKNIFTY,SHORT,1.7212664716802468,2024-10-11T11:00:00+05:30,51189.15,2024-10-14T09:15:00+05:30,51410.85,breakout_down,breakout_up,-381.6,70.41,3.53,17.66,-473.2,2.93
NSE:SENSEX,SHORT,1.1462611164950733,2024-10-09T14:30:00+05:30,81648.07,2024-10-14T09:15:00+05:30,81630.7,breakout_down,breakout_up,19.91,71.83,3.74,18.72,-74.38,4.78
NSE:HDFCBANK,SHORT,165,2024-10-11T11:30:00+05:30,411.18,2024-10-14T09:15:00+05:30,418.74,breakout_down,breakout_up,-1248.22,215.39,13.69,41.08,-1518.39,2.91
NSE:WIPRO,SHORT,525,2024-10-10T13:15:00+05:30,131.68,2024-10-14T09:15:00+05:30,134.93,breakout_down,breakout_up,-1706.25,218.79,14.0,41.99,-1981.03,3.83
NSE:LT,SHORT,25,2024-10-09T13:15:00+05:30,3499.95,2024-10-14T09:15:00+05:30,3533.75,breakout_down,breakout_up,-845.0,258.59,17.58,52.75,-1173.93,4.83
NSE:ICICIBANK,SHORT,55,2024-10-11T10:30:00+05:30,1230.25,2024-10-14T10:00:00+05:30,1230.9,breakout_down,breakout_up,-35.75,213.55,13.54,40.61,-303.45,2.98
NSE:ITC,SHORT,110,2024-10-04T12:30:00+05:30,507.95,2024-10-14T10:00:00+05:30,492.45,breakout_down,breakout_up,1705.0,185.29,11.0,33.01,1475.7,9.9
NSE:NIFTY,LONG,3.9227970960429412,2024-10-14T09:30:00+05:30,25092.0,2024-10-15T09:45:00+05:30,25087.9,breakout_up,breakout_down,-16.08,73.1,3.94,19.68,-112.81,1.01
NSE:SENSEX,LONG,1.1432366003703114,2024-10-14T09:30:00+05:30,81799.21,2024-10-15T09:45:00+05:30,81844.63,breakout_up,breakout_down,51.93,71.82,3.74,18.71,-42.35,1.01
NSE:LT,LONG,25,2024-10-14T13:00:00+05:30,3568.5,2024-10-15T10:00:00+05:30,3532.0,breakout_up,breakout_down,-912.5,260.45,17.75,53.25,-1243.96,0.88
NSE:HDFCBANK,LONG,160,2024-10-14T09:30:00+05:30,419.24,2024-10-15T11:15:00+05:30,418.95,breakout_up,breakout_down,-46.4,212.16,13.41,40.23,-312.2,1.07
NSE:WIPRO,LONG,490,2024-10-14T12:30:00+05:30,137.19,2024-10-15T11:30:00+05:30,134.35,breakout_up,breakout_down,-1391.6,211.09,13.31,39.92,-1655.91,0.96
NSE:INFY,LONG,30,2024-10-14T11:30:00+05:30,1959.05,2024-10-15T12:15:00+05:30,1952.55,breakout_up,breakout_down,-195.0,193.54,11.73,35.2,-435.48,1.03
NSE:LT,SHORT,25,2024-10-15T10:15:00+05:30,3525.25,2024-10-16T09:45:00+05:30,3571.75,breakout_down,breakout_up,-1162.5,260.38,17.74,53.23,-1493.85,0.98
NSE:ICICIBANK,LONG,55,2024-10-14T10:15:00+05:30,1234.5,2024-10-16T11:00:00+05:30,1248.3,breakout_up,breakout_down,759.0,214.82,13.66,40.97,489.56,2.03
NSE:ITC,LONG,115,2024-10-14T11:15:00+05:30,494.55,2024-10-16T11:30:00+05:30,494.45,breakout_up,breakout_down,-11.5,189.52,11.37,34.12,-246.51,2.01
NSE:HCLTECH,LONG,30,2024-10-11T09:15:00+05:30,1848.4,2024-10-16T11:30:00+05:30,1856.6,breakout_up,breakout_down,246.0,186.62,11.12,33.34,14.92,5.09
NSE:RELIANCE,SHORT,105,2024-10-09T14:15:00+05:30,691.25,2024-10-16T14:00:00+05:30,680.66,breakout_down,breakout_up,1111.43,223.12,14.41,43.22,830.68,6.99
NSE:TCS,SHORT,10,2024-10-10T13:15:00+05:30,4211.45,2024-10-16T14:15:00+05:30,4114.5,breakout_down,breakout_up,969.5,155.58,8.33,24.98,780.62,6.04
NSE:HINDUNILVR,SHORT,25,2024-10-15T09:45:00+05:30,2778.2,2024-10-16T14:15:00+05:30,2792.75,breakout_down,breakout_up,-363.75,217.92,13.93,41.78,-637.38,1.19
NSE:TATACONSUM,SHORT,40,2024-10-11T09:30:00+05:30,1111.0,2024-10-16T14:15:00+05:30,1116.75,breakout_down,breakout_up,-230.0,162.17,8.91,26.73,-427.81,5.2
NSE:BANKNIFTY,LONG,1.698754027911667,2024-10-14T09:30:00+05:30,51589.8,2024-10-16T14:30:00+05:30,51812.8,breakout_up,breakout_down,378.82,70.35,3.51,17.57,287.39,2.21
NSE:HDFCBANK,LONG,155,2024-10-16T09:15:00+05:30,423.57,2024-10-17T09:15:00+05:30,421.71,breakout_up,breakout_down,-288.3,208.74,13.1,39.31,-549.45,1.0
NSE:WIPRO,SHORT,490,2024-10-15T11:45:00+05:30,134.22,2024-10-17T09:15:00+05:30,134.47,breakout_down,breakout_up,-122.5,209.44,13.17,39.5,-384.6,1.9
NSE:LT,SHORT,25,2024-10-16T11:30:00+05:30,3521.75,2024-10-17T09:15:00+05:30,3559.8,breakout_down,breakout_up,-951.25,259.93,17.7,53.11,-1282.0,0.91
NSE:INFY,SHORT,30,2024-10-16T09:15:00+05:30,1941.1,2024-10-17T09:30:00+05:30,1954.35,breakout_down,breakout_up,-397.5,193.02,11.69,35.06,-637.27,1.01
NSE:BHARTIARTL,LONG,40,2024-10-11T12:45:00+05:30,1686.2,2024-10-17T09:45:00+05:30,1718.3,breakout_up,breakout_down,1284.0,214.36,13.62,40.85,1015.17,5.88
NSE:INFY,LONG,30,2024-10-17T12:15:00+05:30,1959.9,2024-10-18T09:15:00+05:30,1923.2,breakout_up,breakout_down,-1101.0,192.66,11.65,34.95,-1340.26,0.88
NSE:SBIN,LONG,80,2024-10-14T09:15:00+05:30,802.0,2024-10-18T09:15:00+05:30,804.15,breakout_up,breakout_down,172.0,205.9,12.85,38.55,-85.3,4.0
NSE:WIPRO,SHORT,495,2024-10-17T12:00:00+05:30,132.47,2024-10-18T09:15:00+05:30,138.03,breakout_down,breakout_up,-2747.25,212.13,13.39,40.17,-3012.94,0.89
NSE:ICICIBANK,SHORT,55,2024-10-16T11:15:00+05:30,1245.45,2024-10-18T09:30:00+05:30,1237.2,breakout_down,breakout_up,453.75,214.83,13.65,40.96,184.3,1.93
NSE:BANKNIFTY,SHORT,1.6974691923069434,2024-10-16T14:45:00+05:30,51797.65,2024-10-18T09:45:00+05:30,51427.95,breakout_down,breakout_up,627.55,70.31,3.5,17.52,536.21,1.79
NSE:TATASTEEL,SHORT,470,2024-10-14T09:45:00+05:30,160.08,2024-10-18T11:30:00+05:30,154.91,breakout_down,breakout_up,2429.9,227.46,14.8,44.41,2143.22,4.07
NSE:SENSEX,SHORT,1.1430739881739358,2024-10-15T10:00:00+05:30,81773.91,2024-10-18T11:45:00+05:30,81071.41,breakout_down,breakout_up,803.01,71.77,3.72,18.61,708.9,3.07
NSE:NIFTY,SHORT,3.924054190503386,2024-10-15T10:00:00+05:30,25055.3,2024-10-18T12:15:00+05:30,24840.15,breakout_down,breakout_up,844.26,73.04,3.92,19.58,747.72,3.09
NSE:RELIANCE,SHORT,110,2024-10-18T09:15:00+05:30,671.3,2024-10-18T12:15:00+05:30,683.33,breakout_down,breakout_up,-1322.75,73.31,14.9,44.7,-1455.67,0.12
NSE:HDFCBANK,SHORT,155,2024-10-17T09:30:00+05:30,420.19,2024-10-18T13:15:00+05:30,419.56,breakout_down,breakout_up,96.88,207.76,13.02,39.05,-162.95,1.16
NSE:ADANIGREEN,SHORT,25,2024-10-14T15:00:00+05:30,1775.75,2024-10-18T14:30:00+05:30,1741.45,breakout_down,breakout_up,857.5,160.78,8.79,26.38,661.55,3.98
NSE:TATACONSUM,SHORT,40,2024-10-17T11:00:00+05:30,1102.3,2024-10-18T14:45:00+05:30,1093.5,breakout_down,breakout_up,352.0,160.7,8.78,26.35,156.16,1.16
NSE:HCLTECH,SHORT,30,2024-10-18T10:00:00+05:30,1847.6,2024-10-21T09:15:00+05:30,1868.2,breakout_down,breakout_up,-618.0,187.05,11.15,33.44,-849.64,2.97
NSE:TATACONSUM,LONG,40,2024-10-18T15:15:00+05:30,1097.0,2024-10-21T09:15:00+05:30,1025.55,breakout_up,breakout_down,-2858.0,157.69,8.49,25.47,-3049.65,2.75
NSE:TCS,LONG,10,2024-10-17T09:15:00+05:30,4121.5,2024-10-21T09:30:00+05:30,4099.0,breakout_up,breakout_down,-225.0,154.5,8.22,24.66,-412.38,4.01
NSE:ICICIBANK,LONG,55,2024-10-18T11:00:00+05:30,1246.45,2024-10-21T11:30:00+05:30,1253.2,breakout_up,breakout_down,371.25,215.87,13.75,41.24,100.38,3.02
NSE:SBIN,LONG,75,2024-10-18T12:30:00+05:30,817.8,2024-10-21T11:30:00+05:30,809.55,breakout_up,breakout_down,-618.75,198.8,12.21,36.62,-866.37,2.96
NSE:BANKNIFTY,LONG,1.715818243489807,2024-10-18T10:00:00+05:30,51555.3,2024-10-21T12:00:00+05:30,51915.5,breakout_up,breakout_down,618.04,70.62,3.55,17.75,526.11,3.08
NSE:TATACONSUM,SHORT,40,2024-10-21T09:30:00+05:30,1008.85,2024-10-21T14:30:00+05:30,1021.7,breakout_down,breakout_up,-514.0,61.46,8.12,24.37,-607.95,0.21
NSE:WIPRO,LONG,450,2024-10-18T09:30:00+05:30,138.26,2024-10-21T15:00:00+05:30,136.76,breakout_up,breakout_down,-675.0,200.71,12.38,37.13,-925.22,3.23
NSE:HDFCBANK,LONG,155,2024-10-18T13:30:00+05:30,421.88,2024-10-21T15:15:00+05:30,431.25,breakout_up,breakout_down,1453.12,209.96,13.22,39.67,1190.27,3.07
NSE:LT,LONG,25,2024-10-18T11:00:00+05:30,3591.35,2024-10-21T15:15:00+05:30,3577.0,breakout_up,breakout_down,-358.75,262.3,17.92,53.76,-692.73,3.18
NSE:INFY,SHORT,30,2024-10-18T10:00:00+05:30,1885.8,2024-10-22T09:15:00+05:30,1869.85,breakout_down,breakout_up,478.5,188.3,11.27,33.8,245.14,3.97
NSE:TATASTEEL,LONG,500,2024-10-18T12:30:00+05:30,155.5,2024-10-22T09:15:00+05:30,153.2,breakout_up,breakout_down,-1150.0,234.73,15.44,46.3,-1446.47,3.86
NSE:BHARTIARTL,SHORT,40,2024-10-17T13:45:00+05:30,1709.15,2024-10-22T09:30:00+05:30,1708.95,breakout_down,breakout_up,8.0,215.06,13.67,41.02,-261.75,4.82
NSE:BANKNIFTY,SHORT,1.7143078929531428,2024-10-21T12:45:00+05:30,51906.7,2024-10-22T09:45:00+05:30,52212.85,breakout_down,breakout_up,-524.84,70.64,3.57,17.85,-616.9,0.88
NSE:NIFTY,LONG,3.986384308056825,2024-10-18T12:30:00+05:30,24850.55,2024-10-22T10:15:00+05:30,24638.75,breakout_up,breakout_down,-844.32,73.09,3.95,19.73,-941.08,3.91
NSE:SENSEX,LONG,1.1596973509762611,2024-10-18T12:15:00+05:30,81211.2,2024-10-22T10:15:00+05:30,80751.54,breakout_up,breakout_down,-533.07,71.87,3.76,18.78,-627.47,3.92
NSE:HDFCBANK,SHORT,155,2024-10-22T10:15:00+05:30,430.38,2024-10-23T09:15:00+05:30,433.89,breakout_down,breakout_up,-544.82,212.03,13.4,40.19,-810.44,0.96
NSE:ICICIBANK,LONG,55,2024-10-22T09:15:00+05:30,1271.25,2024-10-23T09:30:00+05:30,1257.3,breakout_up,breakout_down,-767.25,217.73,13.91,41.72,-1040.6,1.01
NSE:INFY,SHORT,30,2024-10-22T14:45:00+05:30,1851.1,2024-10-23T10:00:00+05:30,1864.65,breakout_down,breakout_up,-406.5,187.03,11.15,33.44,-638.12,0.8
NSE:WIPRO,SHORT,450,2024-10-22T10:15:00+05:30,136.62,2024-10-23T10:15:00+05:30,137.75,breakout_down,breakout_up,-510.75,200.36,12.35,37.04,-760.5,1.0
NSE:HCLTECH,SHORT,30,2024-10-21T15:00:00+05:30,1842.25,2024-10-23T10:15:00+05:30,1841.6,breakout_down,breakout_up,19.5,185.94,11.05,33.15,-210.64,1.8
NSE:TCS,SHORT,10,2024-10-21T13:30:00+05:30,4080.0,2024-10-23T11:00:00+05:30,4086.25,breakout_down,breakout_up,-62.5,153.88,8.17,24.5,-249.05,1.9
NSE:TATACONSUM,SHORT,40,2024-10-22T12:30:00+05:30,998.45,2024-10-23T11:15:00+05:30,1008.2,breakout_down,breakout_up,-390.0,152.35,8.03,24.08,-574.46,0.95
NSE:ADANIGREEN,SHORT,25,2024-10-21T12:00:00+05:30,1722.15,2024-10-23T14:15:00+05:30,1700.95,breakout_down,breakout_up,530.0,158.19,8.56,25.67,337.58,2.09
NSE:BANKNIFTY,SHORT,1.7072921483145447,2024-10-22T10:15:00+05:30,51759.75,2024-10-24T09:15:00+05:30,51398.25,breakout_down,breakout_up,617.19,70.43,3.52,17.61,525.62,1.96
NSE:TCS,LONG,10,2024-10-23T11:15:00+05:30,4097.65,2024-10-24T09:15:00+05:30,4051.8,breakout_up,breakout_down,-458.5,153.72,8.15,24.45,-644.82,0.92
NSE:SBIN,SHORT,75,2024-10-22T10:15:00+05:30,806.0,2024-10-24T10:15:00+05:30,793.15,breakout_down,breakout_up,963.75,196.33,11.99,35.98,719.44,2.0
NSE:HCLTECH,LONG,30,2024-10-23T10:30:00+05:30,1845.0,2024-10-24T10:30:00+05:30,1838.9,breakout_up,breakout_down,-183.0,185.95,11.05,33.16,-413.16,1.0
NSE:TATACONSUM,LONG,40,2024-10-23T11:30:00+05:30,1009.8,2024-10-24T10:30:00+05:30,1002.0,breakout_up,breakout_down,-312.0,152.58,8.05,24.14,-496.76,0.96
NSE:RELIANCE,SHORT,110,2024-10-22T10:15:00+05:30,679.74,2024-10-24T14:30:00+05:30,671.08,breakout_down,breakout_up,953.15,228.18,14.86,44.58,665.54,2.18
NSE:INFY,LONG,30,2024-10-23T11:00:00+05:30,1874.85,2024-10-24T14:30:00+05:30,1860.5,breakout_up,breakout_down,-430.5,187.69,11.21,33.62,-663.01,1.15
NSE:NIFTY,SHORT,3.991108040082958,2024-10-22T13:15:00+05:30,24586.05,2024-10-25T09:15:00+05:30,24433.35,breakout_down,breakout_up,609.44,73.0,3.91,19.56,512.97,2.83
NSE:SENSEX,SHORT,1.1612116375568835,2024-10-22T13:15:00+05:30,80566.55,2024-10-25T09:15:00+05:30,80207.37,breakout_down,breakout_up,417.08,71.81,3.73,18.67,322.88,2.83
NSE:ICICIBANK,SHORT,55,2024-10-23T10:15:00+05:30,1250.35,2024-10-25T09:15:00+05:30,1263.35,breakout_down,breakout_up,-715.0,216.81,13.83,41.48,-987.12,1.96
NSE:ITC,SHORT,115,2024-10-17T09:45:00+05:30,491.65,2024-10-25T09:15:00+05:30,489.35,breakout_down,breakout_up,264.5,188.47,11.28,33.84,30.9,7.98
NSE:HINDUNILVR,SHORT,25,2024-10-17T09:30:00+05:30,2762.3,2024-10-25T09:15:00+05:30,2517.4,breakout_down,breakout_up,6122.5,209.34,13.2,39.6,5860.36,7.99
NSE:BANKNIFTY,LONG,1.7211477068840857,2024-10-24T10:00:00+05:30,51647.55,2024-10-25T09:30:00+05:30,51081.7,breakout_up,breakout_down,-973.91,70.38,3.54,17.68,-1065.51,0.98
NSE:HDFCBANK,LONG,150,2024-10-23T09:45:00+05:30,435.49,2024-10-25T09:45:00+05:30,433.93,breakout_up,breakout_down,-234.75,208.07,13.04,39.12,-494.98,2.0
NSE:SBIN,LONG,80,2024-10-24T10:30:00+05:30,794.6,2024-10-25T09:45:00+05:30,783.2,breakout_up,breakout_down,-912.0,203.46,12.62,37.87,-1165.95,0.97
NSE:ADANIGREEN,LONG,25,2024-10-23T14:30:00+05:30,1712.65,2024-10-25T09:45:00+05:30,1669.25,breakout_up,breakout_down,-1085.0,157.16,8.45,25.36,-1275.98,1.8
NSE:WIPRO,LONG,440,2024-10-25T09:15:00+05:30,137.35,2024-10-25T10:45:00+05:30,135.75,breakout_up,breakout_down,-704.0,68.3,12.02,36.05,-820.36,0.06
NSE:ICICIBANK,SHORT,55,2024-10-25T09:45:00+05:30,1247.05,2024-10-25T14:45:00+05:30,1253.0,breakout_down,breakout_up,-327.25,71.4,13.75,41.25,-453.65,0.21
NSE:BANKNIFTY,SHORT,1.732286578175093,2024-10-25T09:45:00+05:30,50702.2,2024-10-25T15:00:00+05:30,50795.65,breakout_down,breakout_up,-161.88,70.32,3.52,17.58,-253.3,0.22
NSE:SENSEX,SHORT,1.1746215030745504,2024-10-25T09:30:00+05:30,79920.83,2024-10-28T09:15:00+05:30,79624.66,breakout_down,breakout_up,347.89,71.89,3.75,18.74,253.51,2.99
NSE:RELIANCE,SHORT,110,2024-10-25T10:30:00+05:30,662.6,2024-10-28T09:15:00+05:30,1323.1,breakout_down,breakout_up,-72655.0,311.3,21.84,65.53,-73053.67,2.95
NSE:SBIN,SHORT,80,2024-10-25T10:00:00+05:30,780.7,2024-10-28T09:15:00+05:30,794.6,breakout_down,breakout_up,-1112.0,203.25,12.6,37.81,-1365.66,2.97
NSE:TATASTEEL,SHORT,500,2024-10-22T10:15:00+05:30,151.86,2024-10-28T09:45:00+05:30,147.12,breakout_down,breakout_up,2370.0,229.07,14.95,44.85,2081.13,5.98
NSE:NIFTY,SHORT,4.053556425464472,2024-10-25T09:30:00+05:30,24333.45,2024-10-28T10:15:00+05:30,24376.95,breakout_down,breakout_up,-176.33,73.17,3.95,19.75,-273.19,3.03
NSE:LT,SHORT,25,2024-10-22T09:45:00+05:30,3569.25,2024-10-28T11:30:00+05:30,3339.5,breakout_down,breakout_up,5743.75,254.63,17.27,51.82,5420.03,6.07
NSE:TATACONSUM,SHORT,40,2024-10-24T12:45:00+05:30,1001.0,2024-10-28T11:45:00+05:30,980.35,breakout_down,breakout_up,826.0,151.14,7.93,23.78,643.16,3.96
NSE:ITC,SHORT,120,2024-10-28T09:15:00+05:30,477.4,2024-10-28T12:00:00+05:30,485.6,breakout_down,breakout_up,-984.0,67.46,11.56,34.67,-1097.68,0.11
NSE:ADANIGREEN,SHORT,25,2024-10-25T10:30:00+05:30,1664.8,2024-10-28T13:00:00+05:30,1657.9,breakout_down,breakout_up,172.5,155.42,8.31,24.92,-16.15,3.1
NSE:NIFTY,LONG,4.028143196436582,2024-10-28T10:30:00+05:30,24419.35,2024-10-29T09:15:00+05:30,24262.5,breakout_up,breakout_down,-631.81,72.95,3.92,19.61,-728.29,0.95
NSE:SENSEX,LONG,1.1777223855588173,2024-10-28T09:45:00+05:30,79925.01,2024-10-29T09:15:00+05:30,79701.07,breakout_up,breakout_down,-263.74,71.92,3.76,18.8,-358.21,0.98
NSE:TCS,LONG,10,2024-10-25T09:15:00+05:30,4080.85,2024-10-29T09:15:00+05:30,4076.7,breakout_up,breakout_down,-41.5,153.78,8.16,24.47,-227.91,4.0
NSE:ITC,LONG,115,2024-10-28T12:15:00+05:30,485.75,2024-10-29T09:15:00+05:30,481.65,breakout_up,breakout_down,-471.5,186.79,11.13,33.38,-702.79,0.88
NSE:HINDUNILVR,LONG,30,2024-10-25T12:30:00+05:30,2537.15,2024-10-29T09:15:00+05:30,2560.3,breakout_up,breakout_down,694.5,233.01,15.29,45.88,400.32,3.86
NSE:TATASTEEL,LONG,525,2024-10-28T10:15:00+05:30,148.73,2024-10-29T10:15:00+05:30,147.5,breakout_up,breakout_down,-645.75,236.0,15.55,46.66,-943.96,1.0
NSE:WIPRO,LONG,435,2024-10-28T09:45:00+05:30,136.91,2024-10-29T10:15:00+05:30,138.6,breakout_up,breakout_down,732.98,196.25,11.98,35.95,488.78,1.02
NSE:HCLTECH,LONG,30,2024-10-25T09:15:00+05:30,1870.7,2024-10-29T10:30:00+05:30,1856.05,breakout_up,breakout_down,-439.5,187.4,11.18,33.54,-671.62,4.05
NSE:HDFCBANK,SHORT,150,2024-10-25T10:15:00+05:30,433.75,2024-10-29T12:45:00+05:30,436.38,breakout_down,breakout_up,-393.75,208.2,13.05,39.16,-654.15,4.1
NSE:NIFTY,SHORT,4.031617649938304,2024-10-29T09:30:00+05:30,24218.2,2024-10-29T14:00:00+05:30,24417.5,breakout_down,breakout_up,-803.5,72.93,3.92,19.61,-899.96,0.19
NSE:SENSEX,SHORT,1.177860873300884,2024-10-29T09:30:00+05:30,79612.4,2024-10-29T14:00:00+05:30,80290.6,breakout_down,breakout_up,-798.83,71.91,3.77,18.83,-893.34,0.19
NSE:TATASTEEL,SHORT,525,2024-10-29T10:30:00+05:30,146.89,2024-10-29T14:15:00+05:30,148.93,breakout_down,breakout_up,-1071.0,74.45,15.53,46.59,-1207.57,0.16
NSE:ICICIBANK,LONG,55,2024-10-25T15:00:00+05:30,1256.2,2024-10-30T10:00:00+05:30,1310.3,breakout_up,breakout_down,2975.5,219.76,14.12,42.35,2699.27,4.79
NSE:BHARTIARTL,SHORT,40,2024-10-22T14:15:00+05:30,1690.35,2024-10-30T11:00:00+05:30,1651.0,breakout_down,breakout_up,1574.0,211.53,13.37,40.1,1309.01,7.86
NSE:HDFCBANK,LONG,150,2024-10-29T13:00:00+05:30,436.8,2024-10-30T13:00:00+05:30,433.64,breakout_up,breakout_down,-474.0,208.25,13.06,39.17,-734.48,1.0
NSE:NIFTY,LONG,3.957498659568641,2024-10-29T14:45:00+05:30,24445.05,2024-10-30T14:00:00+05:30,24324.1,breakout_up,breakout_down,-478.66,72.56,3.86,19.3,-574.37,0.97
NSE:SENSEX,LONG,1.1550586702907657,2024-10-29T15:00:00+05:30,80412.94,2024-10-30T14:00:00+05:30,79870.64,breakout_up,breakout_down,-626.39,71.51,3.7,18.51,-720.11,0.96
NSE:SBIN,LONG,75,2024-10-28T10:00:00+05:30,799.55,2024-10-30T15:00:00+05:30,821.75,breakout_up,breakout_down,1665.0,198.13,12.16,36.48,1418.23,2.21
NSE:TATASTEEL,LONG,510,2024-10-29T14:30:00+05:30,149.79,2024-10-30T15:00:00+05:30,148.97,breakout_up,breakout_down,-418.2,232.48,15.24,45.71,-711.62,1.02
NSE:WIPRO,LONG,430,2024-10-29T14:30:00+05:30,140.51,2024-10-30T15:00:00+05:30,140.99,breakout_up,breakout_down,204.25,197.63,12.1,36.31,-41.79,1.02
NSE:TATACONSUM,LONG,40,2024-10-29T13:00:00+05:30,987.95,2024-10-31T09:15:00+05:30,1012.3,breakout_up,breakout_down,974.0,151.97,8.0,24.0,790.03,1.84
NSE:ITC,LONG,115,2024-10-29T11:45:00+05:30,486.15,2024-10-31T09:30:00+05:30,488.3,breakout_up,breakout_down,247.25,187.64,11.21,33.62,14.79,1.91
NSE:BANKNIFTY,LONG,1.7221258697344761,2024-10-25T15:15:00+05:30,50854.7,2024-10-31T12:00:00+05:30,51640.95,breakout_up,breakout_down,1354.02,70.55,3.53,17.65,1262.29,5.86
NSE:ADANIGREEN,LONG,30,2024-10-29T14:15:00+05:30,1628.55,2024-10-31T15:00:00+05:30,1595.8,breakout_up,breakout_down,-982.5,170.69,9.67,29.02,-1191.89,2.03
NSE:LT,LONG,30,2024-10-28T11:45:00+05:30,3344.75,2024-11-04T09:15:00+05:30,3600.2,breakout_up,breakout_down,7663.5,294.08,20.83,62.5,7286.08,6.9
NSE:INFY,SHORT,30,2024-10-25T14:30:00+05:30,1850.9,2024-11-04T14:00:00+05:30,1753.35,breakout_down,breakout_up,2926.5,183.06,10.81,32.44,2700.18,9.98
NSE:SBIN,SHORT,75,2024-10-31T12:15:00+05:30,814.55,2024-11-04T14:00:00+05:30,825.9,breakout_down,breakout_up,-851.25,199.91,12.3,36.91,-1100.38,4.07
NSE:NIFTY,SHORT,3.9621697526775157,2024-10-31T09:15:00+05:30,24271.7,2024-11-04T15:00:00+05:30,23997.1,breakout_down,breakout_up,1088.01,72.47,3.82,19.12,992.6,4.24
NSE:SENSEX,SHORT,1.1565799756556048,2024-10-31T09:15:00+05:30,79686.41,2024-11-04T15:00:00+05:30,78789.75,breakout_down,breakout_up,1037.06,71.41,3.67,18.33,943.65,4.24
NSE:ITC,SHORT,115,2024-10-31T11:30:00+05:30,487.1,2024-11-04T15:00:00+05:30,484.8,breakout_down,breakout_up,264.5,187.31,11.18,33.53,32.48,4.15
NSE:TATACONSUM,SHORT,40,2024-10-31T09:30:00+05:30,1008.95,2024-11-04T15:00:00+05:30,995.0,breakout_down,breakout_up,558.0,152.16,8.02,24.05,373.77,4.23
NSE:BHARTIARTL,SHORT,45,2024-10-31T09:15:00+05:30,1626.9,2024-11-04T15:00:00+05:30,1594.0,breakout_down,breakout_up,1480.5,224.08,14.49,43.48,1198.44,4.24
NSE:WIPRO,SHORT,430,2024-10-31T09:15:00+05:30,140.24,2024-11-04T15:15:00+05:30,135.45,breakout_down,breakout_up,2059.7,194.71,11.85,35.56,1817.57,4.25
NSE:TATASTEEL,SHORT,505,2024-10-30T15:15:00+05:30,148.85,2024-11-05T09:15:00+05:30,149.25,breakout_down,breakout_up,-202.0,230.43,15.05,45.16,-492.65,5.75
NSE:HCLTECH,SHORT,30,2024-10-29T12:15:00+05:30,1851.5,2024-11-05T09:15:00+05:30,1776.45,breakout_down,breakout_up,2251.5,183.91,10.88,32.65,2024.06,6.88
NSE:ITC,LONG,115,2024-11-04T15:15:00+05:30,485.25,2024-11-05T10:00:00+05:30,479.05,breakout_up,breakout_down,-713.0,186.41,11.09,33.27,-943.77,0.78
NSE:BANKNIFTY,SHORT,1.7262734908926278,2024-10-31T12:15:00+05:30,51461.55,2024-11-05T10:15:00+05:30,51410.7,breakout_down,breakout_up,87.78,70.58,3.55,17.76,-4.11,4.92
NSE:TCS,SHORT,10,2024-10-29T09:45:00+05:30,4063.9,2024-11-05T10:45:00+05:30,3979.85,breakout_down,breakout_up,840.5,152.45,8.04,24.13,655.87,7.04
NSE:SENSEX,LONG,1.1804031503580377,2024-11-05T10:15:00+05:30,78875.2,2024-11-05T11:30:00+05:30,78354.62,breakout_up,breakout_down,-614.49,71.57,3.71,18.56,-708.33,0.05
NSE:BANKNIFTY,SHORT,1.743835077147263,2024-11-05T11:30:00+05:30,50940.95,2024-11-05T13:15:00+05:30,51673.55,breakout_down,breakout_up,-1277.53,70.63,3.58,17.89,-1369.64,0.07
NSE:HDFCBANK,SHORT,150,2024-10-30T13:15:00+05:30,431.93,2024-11-05T13:15:00+05:30,434.12,breakout_down,breakout_up,-330.0,207.51,12.99,38.97,-589.47,6.0
NSE:ICICIBANK,SHORT,55,2024-10-31T11:00:00+05:30,1305.65,2024-11-05T13:15:00+05:30,1286.1,breakout_down,breakout_up,1075.25,221.45,14.25,42.76,796.78,5.09
NSE:ADANIGREEN,SHORT,30,2024-11-04T15:15:00+05:30,1607.0,2024-11-05T13:45:00+05:30,1627.3,breakout_down,breakout_up,-609.0,171.0,9.7,29.11,-818.81,0.94
NSE:LT,SHORT,30,2024-11-04T11:00:00+05:30,3555.65,2024-11-05T14:15:00+05:30,3578.9,breakout_down,breakout_up,-697.5,301.03,21.4,64.21,-1084.14,1.14
NSE:BHARTIARTL,SHORT,45,2024-11-05T11:15:00+05:30,1574.25,2024-11-05T15:15:00+05:30,1587.45,breakout_down,breakout_up,-594.0,72.21,14.23,42.68,-723.12,0.17
NSE:ITC,SHORT,115,2024-11-05T11:45:00+05:30,478.15,2024-11-06T14:15:00+05:30,482.9,breakout_down,breakout_up,-546.25,185.98,11.05,33.16,-776.44,1.1
NSE:ICICIBANK,LONG,55,2024-11-05T14:00:00+05:30,1293.25,2024-11-06T14:30:00+05:30,1301.5,breakout_up,breakout_down,453.75,221.68,14.27,42.81,174.99,1.02
NSE:BANKNIFTY,LONG,1.6895662859011285,2024-11-05T13:30:00+05:30,51768.95,2024-11-07T09:15:00+05:30,52045.35,breakout_up,breakout_down,467.0,70.32,3.51,17.54,375.62,1.82
NSE:SBIN,LONG,75,2024-11-04T14:30:00+05:30,833.6,2024-11-07T09:15:00+05:30,849.75,breakout_up,breakout_down,1211.25,203.33,12.63,37.88,957.42,2.78
NSE:TATACONSUM,LONG,40,2024-11-05T10:15:00+05:30,1001.85,2024-11-07T09:15:00+05:30,997.65,breakout_up,breakout_down,-168.0,152.02,8.0,23.99,-352.01,1.96
NSE:NIFTY,LONG,4.040010954695132,2024-11-05T13:15:00+05:30,24049.0,2024-11-07T09:45:00+05:30,24279.8,breakout_up,breakout_down,932.43,72.98,3.9,19.52,836.03,1.85
NSE:SENSEX,LONG,1.1705812353244036,2024-11-05T13:15:00+05:30,78933.71,2024-11-07T09:45:00+05:30,79751.57,breakout_up,breakout_down,957.37,71.73,3.72,18.58,863.35,1.85
NSE:INFY,LONG,35,2024-11-04T14:30:00+05:30,1759.65,2024-11-07T09:45:00+05:30,1806.45,breakout_up,breakout_down,1638.0,201.7,12.48,37.44,1386.37,2.8
NSE:HDFCBANK,LONG,145,2024-11-05T13:45:00+05:30,436.38,2024-11-07T10:00:00+05:30,435.34,breakout_up,breakout_down,-150.08,203.6,12.64,37.92,-404.23,1.84
NSE:TCS,LONG,10,2024-11-06T09:15:00+05:30,4005.0,2024-11-07T10:00:00+05:30,4101.35,breakout_up,breakout_down,963.5,153.14,8.11,24.32,777.94,1.03
NSE:HCLTECH,LONG,30,2024-11-06T09:15:00+05:30,1805.0,2024-11-07T10:00:00+05:30,1823.05,breakout_up,breakout_down,541.5,184.04,10.88,32.65,313.93,1.03
NSE:WIPRO,LONG,455,2024-11-05T09:15:00+05:30,136.06,2024-11-07T10:15:00+05:30,139.16,breakout_up,breakout_down,1410.5,202.18,12.52,37.57,1158.23,2.04
NSE:BHARTIARTL,LONG,45,2024-11-06T11:45:00+05:30,1595.0,2024-11-07T10:15:00+05:30,1581.8,breakout_up,breakout_down,-594.0,222.03,14.3,42.89,-873.21,0.94
NSE:TATASTEEL,LONG,500,2024-11-05T09:45:00+05:30,150.39,2024-11-07T13:00:00+05:30,151.93,breakout_up,breakout_down,770.0,231.05,15.12,45.35,478.49,2.14
NSE:ADANIGREEN,LONG,25,2024-11-05T14:45:00+05:30,1636.15,2024-11-07T13:45:00+05:30,1663.95,breakout_up,breakout_down,695.0,154.76,8.25,24.75,507.24,1.96
NSE:INFY,SHORT,35,2024-11-07T10:00:00+05:30,1796.0,2024-11-08T09:15:00+05:30,1828.0,breakout_down,breakout_up,-1120.0,204.16,12.68,38.05,-1374.9,0.97
NSE:HCLTECH,SHORT,30,2024-11-07T10:15:00+05:30,1818.4,2024-11-08T09:15:00+05:30,1841.5,breakout_down,breakout_up,-693.0,185.19,10.98,32.94,-922.11,0.96
NSE:HINDUNILVR,SHORT,30,2024-10-29T10:30:00+05:30,2549.55,2024-11-08T10:30:00+05:30,2491.1,breakout_down,breakout_up,1753.5,231.04,15.12,45.37,1461.97,10.0
NSE:TATACONSUM,SHORT,40,2024-11-07T10:00:00+05:30,993.8,2024-11-08T14:00:00+05:30,996.5,breakout_down,breakout_up,-108.0,151.61,7.96,23.88,-291.45,1.17
NSE:WIPRO,LONG,445,2024-11-08T09:15:00+05:30,142.31,2024-11-08T15:00:00+05:30,142.29,breakout_up,breakout_down,-11.13,69.52,12.66,37.99,-131.3,0.24
NSE:INFY,LONG,30,2024-11-08T10:15:00+05:30,1836.0,2024-11-08T15:15:00+05:30,1825.95,breakout_up,breakout_down,-301.5,66.53,10.99,32.96,-411.97,0.21
NSE:TCS,SHORT,10,2024-11-07T10:15:00+05:30,4092.15,2024-11-11T09:15:00+05:30,4169.85,breakout_down,breakout_up,-777.0,155.0,8.26,24.79,-965.05,3.96
NSE:LT,LONG,30,2024-11-06T09:15:00+05:30,3594.0,2024-11-11T09:15:00+05:30,3640.8,breakout_up,breakout_down,1404.0,304.21,21.7,65.11,1012.97,5.0
NSE:ITC,SHORT,115,2024-11-07T10:00:00+05:30,476.9,2024-11-11T09:30:00+05:30,479.9,breakout_down,breakout_up,-345.0,185.43,11.0,33.01,-574.44,3.98
NSE:NIFTY,SHORT,4.045609835452775,2024-11-07T10:00:00+05:30,24221.75,2024-11-11T10:15:00+05:30,24223.85,breakout_down,breakout_up,-8.5,72.99,3.92,19.6,-105.01,4.01
NSE:SENSEX,SHORT,1.1727419249155737,2024-11-07T10:00:00+05:30,79522.26,2024-11-11T10:15:00+05:30,79710.88,breakout_down,breakout_up,-221.2,71.75,3.73,18.67,-315.37,4.01
NSE:ICICIBANK,SHORT,55,2024-11-07T09:15:00+05:30,1288.4,2024-11-11T10:15:00+05:30,1265.25,breakout_down,breakout_up,1273.25,219.11,14.05,42.14,997.96,4.04
NSE:BHARTIARTL,SHORT,45,2024-11-08T09:15:00+05:30,1567.5,2024-11-11T10:15:00+05:30,1576.9,breakout_down,breakout_up,-423.0,220.4,14.15,42.45,-700.0,3.04
NSE:BANKNIFTY,SHORT,1.6908282925979639,2024-11-07T09:45:00+05:30,51951.8,2024-11-11T10:30:00+05:30,51867.15,breakout_down,breakout_up,143.13,70.31,3.51,17.55,51.75,4.03
NSE:WIPRO,SHORT,445,2024-11-08T15:15:00+05:30,142.15,2024-11-11T10:45:00+05:30,144.6,breakout_down,breakout_up,-1090.25,205.01,12.76,38.28,-1346.3,2.81
NSE:HINDUNILVR,LONG,30,2024-11-08T10:45:00+05:30,2497.6,2024-11-11T13:45:00+05:30,2485.15,breakout_up,breakout_down,-373.5,229.27,14.95,44.84,-662.56,3.12
NSE:ITC,LONG,110,2024-11-11T10:15:00+05:30,480.8,2024-11-11T14:15:00+05:30,475.9,breakout_up,breakout_down,-539.0,65.69,10.52,31.57,-646.78,0.17
NSE:BHARTIARTL,LONG,45,2024-11-11T10:30:00+05:30,1578.85,2024-11-11T15:00:00+05:30,1559.9,breakout_up,breakout_down,-852.75,72.0,14.12,42.37,-981.24,0.19
NSE:TCS,LONG,10,2024-11-11T09:30:00+05:30,4187.5,2024-11-11T15:15:00+05:30,4186.5,breakout_up,breakout_down,-10.0,61.96,8.37,25.12,-105.45,0.24
NSE:HDFCBANK,LONG,145,2024-11-08T13:15:00+05:30,439.88,2024-11-12T09:15:00+05:30,437.77,breakout_up,breakout_down,-304.5,204.57,12.73,38.18,-559.97,3.83
NSE:BHARTIARTL,SHORT,45,2024-11-11T15:15:00+05:30,1556.9,2024-11-12T09:45:00+05:30,1582.5,breakout_down,breakout_up,-1152.0,220.2,14.13,42.38,-1428.71,0.77
NSE:BANKNIFTY,LONG,1.6897024800784015,2024-11-11T10:45:00+05:30,52016.95,2024-11-12T10:30:00+05:30,51704.25,breakout_up,breakout_down,-528.37,70.22,3.51,17.53,-619.62,0.99
NSE:NIFTY,LONG,4.038336623962101,2024-11-11T10:30:00+05:30,24239.45,2024-11-12T12:30:00+05:30,24050.05,breakout_up,breakout_down,-764.86,72.79,3.9,19.5,-861.06,1.08
NSE:SENSEX,LONG,1.1646996963811218,2024-11-11T10:30:00+05:30,79801.4,2024-11-12T12:30:00+05:30,79192.64,breakout_up,breakout_down,-709.02,71.5,3.7,18.52,-802.75,1.08
NSE:WIPRO,LONG,425,2024-11-11T11:00:00+05:30,145.4,2024-11-12T13:15:00+05:30,143.12,breakout_up,breakout_down,-971.12,199.46,12.26,36.79,-1219.63,1.09
NSE:BHARTIARTL,LONG,40,2024-11-12T10:00:00+05:30,1588.0,2024-11-12T14:00:00+05:30,1564.4,breakout_up,breakout_down,-944.0,69.32,12.61,37.83,-1063.76,0.17
NSE:ICICIBANK,LONG,55,2024-11-11T10:30:00+05:30,1269.45,2024-11-12T14:15:00+05:30,1266.05,breakout_up,breakout_down,-187.0,218.11,13.95,41.84,-460.89,1.16
NSE:TCS,SHORT,10,2024-11-12T09:15:00+05:30,4178.5,2024-11-12T14:15:00+05:30,4210.75,breakout_down,breakout_up,-322.5,61.95,8.39,25.17,-418.01,0.21
NSE:HCLTECH,LONG,30,2024-11-08T09:45:00+05:30,1845.65,2024-11-12T15:00:00+05:30,1874.6,breakout_up,breakout_down,868.5,187.09,11.16,33.48,636.77,4.22
NSE:INFY,LONG,30,2024-11-11T09:30:00+05:30,1845.4,2024-11-12T15:15:00+05:30,1861.0,breakout_up,breakout_down,468.0,186.65,11.12,33.36,236.87,1.24
NSE:INFY,SHORT,30,2024-11-13T10:15:00+05:30,1858.3,2024-11-14T09:15:00+05:30,1874.7,breakout_down,breakout_up,-492.0,187.61,11.2,33.6,-724.41,0.96
NSE:HCLTECH,SHORT,30,2024-11-12T15:15:00+05:30,1868.35,2024-11-14T09:15:00+05:30,1895.9,breakout_down,breakout_up,-826.5,188.68,11.29,33.88,-1060.35,1.75
NSE:ADANIGREEN,SHORT,25,2024-11-07T14:45:00+05:30,1654.15,2024-11-14T14:45:00+05:30,1511.85,breakout_down,breakout_up,3557.5,150.82,7.92,23.74,3375.02,7.0
NSE:HCLTECH,SHORT,30,2024-11-14T10:15:00+05:30,1857.05,2024-11-14T15:15:00+05:30,1865.0,breakout_down,breakout_up,-238.5,66.85,11.17,33.5,-350.02,0.21
NSE:BHARTIARTL,SHORT,40,2024-11-12T15:00:00+05:30,1553.4,2024-11-14T15:15:00+05:30,1554.4,breakout_down,breakout_up,-40.0,201.27,12.43,37.29,-291.0,2.01
NSE:HDFCBANK,SHORT,140,2024-11-12T09:30:00+05:30,437.12,2024-11-18T09:15:00+05:30,427.71,breakout_down,breakout_up,1317.4,197.58,12.11,36.32,1071.39,5.99
NSE:LT,SHORT,30,2024-11-11T13:45:00+05:30,3626.05,2024-11-18T09:15:00+05:30,3545.75,breakout_down,breakout_up,2409.0,302.03,21.52,64.55,2020.9,6.81
NSE:TATASTEEL,SHORT,500,2024-11-07T13:15:00+05:30,150.95,2024-11-18T11:30:00+05:30,139.91,breakout_down,breakout_up,5520.0,224.32,14.54,43.63,5237.51,10.93
NSE:BANKNIFTY,SHORT,1.6953956250041118,2024-11-12T12:30:00+05:30,51477.9,2024-11-18T12:00:00+05:30,50387.0,breakout_down,breakout_up,1849.51,70.09,3.45,17.27,1758.69,5.98
NSE:TATACONSUM,SHORT,40,2024-11-11T10:00:00+05:30,985.95,2024-11-18T12:15:00+05:30,933.5,breakout_down,breakout_up,2098.0,148.29,7.68,23.03,1919.0,7.09
NSE:SBIN,SHORT,75,2024-11-07T10:15:00+05:30,847.95,2024-11-18T14:00:00+05:30,814.0,breakout_down,breakout_up,2546.25,201.45,12.46,37.39,2294.94,11.16
NSE:HINDUNILVR,SHORT,30,2024-11-11T14:00:00+05:30,2480.85,2024-11-18T14:00:00+05:30,2408.25,breakout_down,breakout_up,2178.0,225.95,14.67,44.0,1893.38,7.0
NSE:WIPRO,SHORT,425,2024-11-12T13:30:00+05:30,142.88,2024-11-18T15:15:00+05:30,138.49,breakout_down,breakout_up,1863.62,195.87,11.96,35.87,1619.92,6.07
NSE:NIFTY,SHORT,4.041695464273425,2024-11-12T12:45:00+05:30,24006.9,2024-11-19T09:15:00+05:30,23663.85,breakout_down,breakout_up,1386.5,72.68,3.85,19.27,1290.7,6.85
NSE:SENSEX,SHORT,1.165911508815009,2024-11-12T12:45:00+05:30,79032.0,2024-11-19T09:15:00+05:30,78023.33,breakout_down,breakout_up,1176.02,71.4,3.66,18.31,1082.64,6.85
NSE:TCS,SHORT,10,2024-11-13T09:30:00+05:30,4169.35,2024-11-19T09:15:00+05:30,4086.8,breakout_down,breakout_up,825.5,154.81,8.26,24.77,637.66,5.99
NSE:INFY,SHORT,30,2024-11-18T09:15:00+05:30,1818.55,2024-11-19T09:15:00+05:30,1845.0,breakout_down,breakout_up,-793.5,185.32,10.99,32.97,-1022.78,1.0
NSE:ITC,SHORT,110,2024-11-12T15:00:00+05:30,472.4,2024-11-19T09:15:00+05:30,472.45,breakout_down,breakout_up,-5.5,178.62,10.39,31.18,-225.7,6.76
NSE:HCLTECH,SHORT,30,2024-11-18T09:15:00+05:30,1826.8,2024-11-19T09:15:00+05:30,1848.15,breakout_down,breakout_up,-640.5,185.69,11.02,33.07,-870.29,1.0
NSE:BHARTIARTL,SHORT,45,2024-11-18T10:30:00+05:30,1532.9,2024-11-19T09:15:00+05:30,1554.05,breakout_down,breakout_up,-951.75,217.56,13.89,41.67,-1224.88,0.95
NSE:HDFCBANK,SHORT,150,2024-11-18T14:15:00+05:30,426.54,2024-11-19T09:30:00+05:30,431.25,breakout_down,breakout_up,-706.5,206.16,12.87,38.6,-964.13,0.8
NSE:SBIN,LONG,80,2024-11-18T15:00:00+05:30,815.95,2024-11-19T14:00:00+05:30,805.6,breakout_up,breakout_down,-828.0,207.34,12.97,38.92,-1087.23,0.96
NSE:TATACONSUM,LONG,45,2024-11-18T12:30:00+05:30,933.7,2024-11-19T14:00:00+05:30,928.9,breakout_up,breakout_down,-216.0,156.29,8.38,25.15,-405.81,1.06
NSE:TATASTEEL,LONG,575,2024-11-18T11:45:00+05:30,140.39,2024-11-19T14:15:00+05:30,140.67,breakout_up,breakout_down,161.0,242.7,16.16,48.48,-146.35,1.1
NSE:LT,LONG,30,2024-11-19T09:15:00+05:30,3570.4,2024-11-19T14:15:00+05:30,3554.05,breakout_up,breakout_down,-490.5,84.81,21.37,64.12,-660.8,0.21
NSE:HCLTECH,LONG,30,2024-11-19T09:45:00+05:30,1859.0,2024-11-19T14:30:00+05:30,1839.0,breakout_up,breakout_down,-600.0,66.68,11.09,33.28,-711.06,0.2
NSE:NIFTY,LONG,4.147875016826191,2024-11-19T09:30:00+05:30,23702.6,2024-11-19T14:45:00+05:30,23581.2,breakout_up,breakout_down,-503.55,72.96,3.92,19.61,-600.05,0.22
NSE:BANKNIFTY,LONG,1.7652438157078814,2024-11-18T12:15:00+05:30,50434.3,2024-11-19T14:45:00+05:30,50615.85,breakout_up,breakout_down,320.48,70.7,3.57,17.84,228.37,1.1
NSE:SENSEX,LONG,1.192908965835376,2024-11-19T09:30:00+05:30,78148.23,2024-11-19T14:45:00+05:30,77792.89,breakout_up,breakout_down,-423.89,71.64,3.72,18.6,-517.85,0.22
NSE:TCS,LONG,10,2024-11-19T10:00:00+05:30,4095.35,2024-11-19T14:45:00+05:30,4070.0,breakout_up,breakout_down,-253.5,61.56,8.17,24.5,-347.72,0.2
NSE:INFY,LONG,30,2024-11-19T11:30:00+05:30,1857.25,2024-11-19T14:45:00+05:30,1830.45,breakout_up,breakout_down,-804.0,66.61,11.06,33.19,-914.86,0.14
NSE:ITC,LONG,110,2024-11-19T09:30:00+05:30,472.65,2024-11-19T14:45:00+05:30,468.85,breakout_up,breakout_down,-418.0,65.4,10.36,31.07,-524.83,0.22
NSE:HINDUNILVR,LONG,35,2024-11-18T14:15:00+05:30,2412.9,2024-11-19T14:45:00+05:30,2416.7,breakout_up,breakout_down,133.0,250.96,16.9,50.71,-185.57,1.02
NSE:BHARTIARTL,LONG,40,2024-11-19T09:30:00+05:30,1555.8,2024-11-19T14:45:00+05:30,1536.6,breakout_up,breakout_down,-768.0,68.91,12.37,37.11,-886.39,0.22
NSE:WIPRO,LONG,445,2024-11-19T09:15:00+05:30,140.29,2024-11-19T15:00:00+05:30,140.54,breakout_up,breakout_down,111.25,69.24,12.5,37.49,-7.97,0.24
NSE:NIFTY,SHORT,4.159495924688648,2024-11-19T15:00:00+05:30,23492.55,2024-11-22T09:15:00+05:30,23508.35,breakout_down,breakout_up,-65.72,72.92,3.91,19.55,-162.1,2.76
NSE:BANKNIFTY,SHORT,1.768646720674071,2024-11-19T15:15:00+05:30,50466.0,2024-11-22T09:15:00+05:30,50872.9,breakout_down,breakout_up,-719.66,70.72,3.58,17.92,-811.89,2.75
NSE:SENSEX,SHORT,1.1961871214435988,2024-11-19T15:00:00+05:30,77502.44,2024-11-22T09:15:00+05:30,77666.77,breakout_down,breakout_up,-196.57,71.61,3.71,18.56,-290.45,2.76
NSE:ICICIBANK,SHORT,55,2024-11-13T10:30:00+05:30,1263.85,2024-11-22T09:15:00+05:30,1269.8,breakout_down,breakout_up,-327.25,218.0,13.94,41.81,-601.0,8.95
NSE:TCS,SHORT,10,2024-11-19T15:00:00+05:30,4030.9,2024-11-22T09:15:00+05:30,4087.4,breakout_down,breakout_up,-565.0,153.39,8.12,24.35,-750.86,2.76
NSE:INFY,SHORT,30,2024-11-19T15:00:00+05:30,1822.7,2024-11-22T09:15:00+05:30,1840.7,breakout_down,breakout_up,-540.0,185.3,10.99,32.97,-769.26,2.76
NSE:SBIN,SHORT,80,2024-11-19T14:45:00+05:30,803.65,2024-11-22T09:15:00+05:30,795.15,breakout_down,breakout_up,680.0,205.21,12.79,38.37,423.63,2.77
NSE:HCLTECH,SHORT,30,2024-11-19T14:45:00+05:30,1831.7,2024-11-22T09:15:00+05:30,1845.3,breakout_down,breakout_up,-408.0,185.74,11.03,33.09,-637.86,2.77
NSE:BHARTIARTL,SHORT,40,2024-11-19T15:00:00+05:30,1522.6,2024-11-22T09:15:00+05:30,1529.1,breakout_down,breakout_up,-260.0,198.79,12.21,36.62,-507.62,2.76
NSE:LT,SHORT,30,2024-11-19T14:45:00+05:30,3525.2,2024-11-22T09:15:00+05:30,3510.05,breakout_down,breakout_up,454.5,297.63,21.11,63.32,72.45,2.77
NSE:WIPRO,SHORT,445,2024-11-19T15:15:00+05:30,140.25,2024-11-22T09:30:00+05:30,140.72,breakout_down,breakout_up,-211.37,202.09,12.5,37.51,-463.48,2.76
NSE:TATACONSUM,SHORT,45,2024-11-19T14:15:00+05:30,927.5,2024-11-22T09:45:00+05:30,924.95,breakout_down,breakout_up,114.75,155.75,8.34,25.01,-74.35,2.81
NSE:HINDUNILVR,SHORT,35,2024-11-19T15:00:00+05:30,2409.2,2024-11-22T10:00:00+05:30,2405.85,breakout_down,breakout_up,117.25,250.39,16.85,50.56,-200.55,2.79
NSE:HDFCBANK,LONG,145,2024-11-19T10:00:00+05:30,431.76,2024-11-22T10:30:00+05:30,433.68,breakout_up,breakout_down,276.95,202.56,12.55,37.65,24.2,3.02
NSE:ITC,SHORT,110,2024-11-19T15:00:00+05:30,466.75,2024-11-22T12:15:00+05:30,464.7,breakout_down,breakout_up,225.5,176.97,10.25,30.74,7.55,2.89
NSE:TATASTEEL,SHORT,575,2024-11-19T14:45:00+05:30,139.75,2024-11-22T13:00:00+05:30,141.77,breakout_down,breakout_up,-1161.5,243.1,16.19,48.56,-1469.35,2.93
NSE:HCLTECH,LONG,30,2024-11-22T09:30:00+05:30,1851.9,2024-11-25T12:45:00+05:30,1883.25,breakout_up,breakout_down,940.5,187.58,11.21,33.62,708.1,3.14
NSE:LT,LONG,30,2024-11-22T11:30:00+05:30,3522.2,2024-11-26T09:30:00+05:30,3721.65,breakout_up,breakout_down,5983.5,304.17,21.73,65.19,5592.41,3.92
NSE:SBIN,LONG,80,2024-11-22T10:45:00+05:30,802.65,2024-11-26T12:00:00+05:30,838.7,breakout_up,breakout_down,2884.0,208.83,13.13,39.39,2622.65,4.05
NSE:NIFTY,LONG,4.138005559686636,2024-11-22T10:00:00+05:30,23575.5,2024-11-26T12:15:00+05:30,24148.05,breakout_up,breakout_down,2369.22,73.4,3.95,19.75,2272.12,4.09
NSE:TATASTEEL,LONG,555,2024-11-22T13:15:00+05:30,141.97,2024-11-27T09:15:00+05:30,143.18,breakout_up,breakout_down,671.55,238.94,15.83,47.48,369.31,4.83
NSE:HINDUNILVR,LONG,30,2024-11-22T13:15:00+05:30,2413.55,2024-11-27T09:15:00+05:30,2466.05,breakout_up,breakout_down,1575.0,225.68,14.64,43.92,1290.76,4.83
NSE:TATACONSUM,LONG,45,2024-11-22T10:00:00+05:30,930.95,2024-11-27T09:15:00+05:30,954.3,breakout_up,breakout_down,1050.75,157.32,8.48,25.45,859.49,4.97
NSE:BHARTIARTL,LONG,40,2024-11-22T11:15:00+05:30,1538.9,2024-11-27T09:15:00+05:30,1562.25,breakout_up,breakout_down,934.0,200.9,12.4,37.21,683.48,4.92
NSE:ITC,LONG,110,2024-11-22T12:30:00+05:30,465.9,2024-11-27T09:30:00+05:30,474.0,breakout_up,breakout_down,891.0,177.95,10.34,31.02,671.69,4.88
NSE:ADANIGREEN,SHORT,30,2024-11-14T15:00:00+05:30,1481.4,2024-11-27T10:00:00+05:30,927.5,breakout_down,breakout_up,16617.0,142.19,7.23,21.68,16445.9,12.79
NSE:TCS,LONG,10,2024-11-22T09:30:00+05:30,4105.85,2024-11-27T14:45:00+05:30,4326.85,breakout_up,breakout_down,2210.0,156.67,8.43,25.3,2019.6,5.22
NSE:ITC,SHORT,110,2024-11-27T09:45:00+05:30,473.9,2024-11-27T14:45:00+05:30,478.05,breakout_down,breakout_up,-456.5,65.6,10.47,31.41,-563.99,0.21
NSE:WIPRO,LONG,435,2024-11-22T09:45:00+05:30,141.64,2024-11-27T15:00:00+05:30,145.64,breakout_up,breakout_down,1740.0,201.87,12.5,37.49,1488.15,5.22
NSE:HCLTECH,LONG,30,2024-11-27T09:15:00+05:30,1910.05,2024-11-27T15:00:00+05:30,1889.4,breakout_up,breakout_down,-619.5,67.22,11.4,34.2,-732.31,0.24
NSE:INFY,LONG,30,2024-11-22T13:45:00+05:30,1878.6,2024-11-28T09:15:00+05:30,1896.8,breakout_up,breakout_down,546.0,188.95,11.33,33.98,311.75,5.81
NSE:SBIN,SHORT,80,2024-11-26T12:15:00+05:30,837.15,2024-11-28T09:45:00+05:30,844.0,breakout_down,breakout_up,-548.0,212.62,13.45,40.35,-814.42,1.9
NSE:NIFTY,LONG,4.109503652729756,2024-11-27T12:30:00+05:30,24290.25,2024-11-28T10:30:00+05:30,24126.7,breakout_up,breakout_down,-672.11,73.32,3.98,19.9,-769.31,0.92
NSE:SENSEX,LONG,1.1862338069640879,2024-11-22T10:00:00+05:30,77908.62,2024-11-28T10:30:00+05:30,79698.15,breakout_up,breakout_down,2122.8,71.99,3.74,18.7,2028.37,6.02
NSE:ICICIBANK,LONG,55,2024-11-22T09:30:00+05:30,1271.25,2024-11-28T10:30:00+05:30,1298.2,breakout_up,breakout_down,1482.25,220.06,14.13,42.4,1205.67,6.04
NSE:BANKNIFTY,LONG,1.7297959641018341,2024-11-22T13:45:00+05:30,51131.5,2024-11-28T11:15:00+05:30,52082.5,breakout_up,breakout_down,1645.04,70.84,3.57,17.85,1552.77,5.9
NSE:TATACONSUM,LONG,45,2024-11-28T09:15:00+05:30,968.9,2024-11-28T11:15:00+05:30,951.75,breakout_up,breakout_down,-771.75,62.35,8.64,25.93,-868.67,0.08
NSE:ITC,LONG,110,2024-11-28T09:15:00+05:30,483.05,2024-11-28T11:45:00+05:30,474.0,breakout_up,breakout_down,-995.5,65.64,10.53,31.58,-1103.25,0.1
NSE:HDFCBANK,LONG,140,2024-11-25T09:15:00+05:30,443.51,2024-11-28T14:00:00+05:30,447.8,breakout_up,breakout_down,599.9,201.75,12.48,37.44,348.24,3.2
NSE:HINDUNILVR,LONG,30,2024-11-27T15:00:00+05:30,2491.05,2024-11-28T14:00:00+05:30,2464.25,breakout_up,breakout_down,-804.0,228.38,14.87,44.6,-1091.85,0.96
NSE:TATASTEEL,LONG,550,2024-11-28T09:15:00+05:30,145.02,2024-11-28T15:00:00+05:30,143.22,breakout_up,breakout_down,-990.0,75.03,15.85,47.56,-1128.44,0.24
NSE:LT,SHORT,30,2024-11-26T10:15:00+05:30,3713.95,2024-11-29T09:45:00+05:30,3709.9,breakout_down,breakout_up,121.5,310.61,22.27,66.81,-278.19,2.98
NSE:TCS,SHORT,10,2024-11-28T09:15:00+05:30,4299.85,2024-11-29T10:15:00+05:30,4280.0,breakout_down,breakout_up,198.5,158.46,8.58,25.74,5.72,1.04
NSE:WIPRO,SHORT,435,2024-11-28T09:15:00+05:30,144.97,2024-11-29T10:15:00+05:30,144.8,breakout_down,breakout_up,71.77,203.19,12.6,37.81,-181.84,1.04
NSE:HCLTECH,SHORT,30,2024-11-28T09:15:00+05:30,1871.0,2024-11-29T10:15:00+05:30,1865.1,breakout_down,breakout_up,177.0,187.67,11.21,33.62,-55.5,1.04
NSE:SENSEX,SHORT,1.1884197989975656,2024-11-28T11:15:00+05:30,79466.99,2024-11-29T10:30:00+05:30,79636.65,breakout_down,breakout_up,-201.63,72.06,3.78,18.91,-296.38,0.97
NSE:ITC,SHORT,110,2024-11-28T12:30:00+05:30,473.5,2024-11-29T10:30:00+05:30,476.05,breakout_down,breakout_up,-280.5,179.22,10.45,31.34,-501.5,0.92
NSE:TATACONSUM,SHORT,45,2024-11-28T13:00:00+05:30,945.85,2024-11-29T10:45:00+05:30,959.05,breakout_down,breakout_up,-594.0,158.43,8.57,25.72,-786.72,0.91
NSE:SBIN,LONG,75,2024-11-28T10:00:00+05:30,844.6,2024-11-29T11:30:00+05:30,833.85,breakout_up,breakout_down,-806.25,203.08,12.59,37.77,-1059.68,1.06
NSE:ICICIBANK,SHORT,55,2024-11-28T10:45:00+05:30,1296.1,2024-11-29T13:15:00+05:30,1299.1,breakout_down,breakout_up,-165.0,221.75,14.27,42.82,-443.85,1.1
NSE:NIFTY,SHORT,4.122014515935748,2024-11-28T12:30:00+05:30,24030.45,2024-11-29T14:30:00+05:30,24161.9,breakout_down,breakout_up,-541.84,73.29,3.97,19.86,-638.97,1.08
NSE:HCLTECH,LONG,30,2024-11-29T10:30:00+05:30,1866.6,2024-11-29T15:00:00+05:30,1846.6,breakout_up,breakout_down,-600.0,66.76,11.14,33.42,-711.32,0.19
NSE:SENSEX,LONG,1.179687443806038,2024-11-29T10:45:00+05:30,79804.74,2024-12-02T09:15:00+05:30,79404.38,breakout_up,breakout_down,-472.3,71.87,3.76,18.78,-566.71,2.94
NSE:ITC,LONG,105,2024-11-29T11:45:00+05:30,478.1,2024-12-02T09:15:00+05:30,473.75,breakout_up,breakout_down,-456.75,174.22,9.99,29.98,-670.95,2.9
NSE:TATASTEEL,LONG,540,2024-11-29T11:00:00+05:30,144.84,2024-12-02T09:15:00+05:30,144.33,breakout_up,breakout_down,-275.4,236.67,15.62,46.85,-574.53,2.93
NSE:HINDUNILVR,LONG,30,2024-11-29T12:00:00+05:30,2502.75,2024-12-02T09:15:00+05:30,2477.55,breakout_up,breakout_down,-756.0,229.21,14.94,44.82,-1044.98,2.89
NSE:TATACONSUM,LONG,40,2024-11-29T12:00:00+05:30,960.95,2024-12-02T09:15:00+05:30,952.25,breakout_up,breakout_down,-348.0,148.2,7.65,22.96,-526.81,2.89
NSE:LT,LONG,30,2024-11-29T10:30:00+05:30,3726.55,2024-12-02T09:15:00+05:30,3691.0,breakout_up,breakout_down,-1066.5,310.49,22.25,66.76,-1466.0,2.95
NSE:INFY,SHORT,30,2024-11-28T10:30:00+05:30,1879.9,2024-12-02T11:15:00+05:30,1868.95,breakout_down,breakout_up,328.5,188.08,11.25,33.74,95.43,4.03
NSE:NIFTY,SHORT,4.09479691014587,2024-12-02T09:15:00+05:30,24034.6,2024-12-02T13:45:00+05:30,24226.35,breakout_down,breakout_up,-785.18,73.13,3.95,19.76,-882.03,0.19
NSE:BANKNIFTY,SHORT,1.7330863198842181,2024-11-28T13:00:00+05:30,51927.7,2024-12-02T14:15:00+05:30,52077.15,breakout_down,breakout_up,-259.01,70.9,3.6,18.02,-351.54,4.05
NSE:HDFCBANK,SHORT,140,2024-11-29T10:00:00+05:30,446.56,2024-12-02T14:15:00+05:30,449.5,breakout_down,breakout_up,-410.9,202.56,12.54,37.63,-663.64,3.18
NSE:TATACONSUM,SHORT,40,2024-12-02T13:00:00+05:30,950.35,2024-12-02T14:30:00+05:30,958.9,breakout_down,breakout_up,-342.0,60.62,7.64,22.91,-433.17,0.06
NSE:LT,SHORT,30,2024-12-02T10:30:00+05:30,3680.0,2024-12-02T15:15:00+05:30,3716.0,breakout_down,breakout_up,-1080.0,86.18,22.19,66.56,-1254.93,0.2
NSE:SBIN,SHORT,75,2024-11-29T11:45:00+05:30,831.95,2024-12-03T09:15:00+05:30,846.8,breakout_down,breakout_up,-1113.75,203.12,12.59,37.77,-1367.24,3.9
NSE:BHARTIARTL,LONG,40,2024-11-29T09:15:00+05:30,1577.1,2024-12-03T09:15:00+05:30,1627.0,breakout_up,breakout_down,1996.0,205.4,12.82,38.45,1739.33,4.0
NSE:ADANIGREEN,LONG,70,2024-11-27T11:00:00+05:30,938.6,2024-12-03T10:45:00+05:30,1306.4,breakout_up,breakout_down,25746.0,235.83,15.71,47.14,25447.31,5.99
NSE:TCS,SHORT,10,2024-12-02T09:15:00+05:30,4242.25,2024-12-03T13:45:00+05:30,4321.35,breakout_down,breakout_up,-791.0,158.35,8.56,25.69,-983.6,1.19
NSE:ITC,SHORT,105,2024-12-03T09:15:00+05:30,465.1,2024-12-03T15:00:00+05:30,472.95,breakout_down,breakout_up,-824.25,64.47,9.85,29.55,-928.11,0.24
NSE:TATACONSUM,SHORT,40,2024-12-03T12:15:00+05:30,949.15,2024-12-04T09:15:00+05:30,958.2,breakout_down,breakout_up,-362.0,147.94,7.63,22.89,-540.45,0.88
NSE:TATASTEEL,LONG,535,2024-12-02T14:00:00+05:30,145.59,2024-12-04T09:45:00+05:30,146.04,breakout_up,breakout_down,240.75,236.49,15.6,46.81,-58.15,1.82
NSE:ITC,LONG,105,2024-12-04T09:15:00+05:30,475.7,2024-12-04T14:15:00+05:30,469.15,breakout_up,breakout_down,-687.75,64.61,9.92,29.76,-792.04,0.21
NSE:HINDUNILVR,LONG,30,2024-12-03T15:00:00+05:30,2483.7,2024-12-04T14:45:00+05:30,2461.6,breakout_up,breakout_down,-663.0,228.04,14.84,44.51,-950.38,0.99
NSE:HDFCBANK,LONG,140,2024-12-02T14:30:00+05:30,450.38,2024-12-05T09:45:00+05:30,462.35,breakout_up,breakout_down,1676.5,205.0,12.78,38.33,1420.39,2.8
NSE:NIFTY,LONG,4.022327421253669,2024-12-02T14:00:00+05:30,24249.0,2024-12-05T10:45:00+05:30,24333.55,breakout_up,breakout_down,340.09,72.95,3.91,19.54,243.69,2.86
NSE:BANKNIFTY,LONG,1.7180127338651334,2024-12-02T14:30:00+05:30,52179.3,2024-12-05T10:45:00+05:30,52910.1,breakout_up,breakout_down,1255.52,71.07,3.61,18.05,1162.79,2.84
NSE:SENSEX,LONG,1.1707784905849772,2024-12-02T12:15:00+05:30,79929.41,2024-12-05T10:45:00+05:30,80562.89,breakout_up,breakout_down,741.66,71.99,3.76,18.79,647.12,2.94
NSE:ICICIBANK,LONG,55,2024-12-02T09:45:00+05:30,1305.9,2024-12-05T10:45:00+05:30,1310.65,breakout_up,breakout_down,261.25,223.03,14.39,43.17,-19.34,3.04
NSE:TATACONSUM,LONG,40,2024-12-04T14:00:00+05:30,963.6,2024-12-05T11:00:00+05:30,950.2,breakout_up,breakout_down,-536.0,148.24,7.66,22.97,-714.86,0.88
NSE:HINDUNILVR,SHORT,30,2024-12-05T10:45:00+05:30,2452.15,2024-12-05T12:00:00+05:30,2487.75,breakout_down,breakout_up,-1068.0,73.2,14.82,44.46,-1200.48,0.05
NSE:HDFCBANK,SHORT,135,2024-12-05T10:00:00+05:30,461.7,2024-12-05T12:15:00+05:30,466.62,breakout_down,breakout_up,-663.53,69.21,12.53,37.6,-782.87,0.09
NSE:BHARTIARTL,SHORT,40,2024-12-03T09:45:00+05:30,1623.8,2024-12-05T12:15:00+05:30,1604.15,breakout_down,breakout_up,786.0,206.55,12.91,38.74,527.8,2.1
NSE:TATASTEEL,SHORT,535,2024-12-04T10:15:00+05:30,145.74,2024-12-05T13:30:00+05:30,147.1,breakout_down,breakout_up,-727.6,237.28,15.67,47.0,-1027.55,1.14
NSE:ITC,SHORT,105,2024-12-04T14:30:00+05:30,468.05,2024-12-05T14:00:00+05:30,470.55,breakout_down,breakout_up,-262.5,172.66,9.86,29.57,-474.59,0.98
NSE:TATACONSUM,SHORT,40,2024-12-05T11:15:00+05:30,949.0,2024-12-05T14:00:00+05:30,965.95,breakout_down,breakout_up,-678.0,60.62,7.66,22.98,-769.26,0.11
NSE:INFY,LONG,30,2024-12-02T11:30:00+05:30,1871.5,2024-12-06T13:45:00+05:30,1913.05,breakout_up,breakout_down,1246.5,189.2,11.35,34.06,1011.88,4.09
NSE:ITC,LONG,100,2024-12-05T14:15:00+05:30,472.1,2024-12-06T14:15:00+05:30,471.05,breakout_up,breakout_down,-105.0,167.94,9.43,28.29,-310.67,1.0
NSE:SBIN,LONG,75,2024-12-03T09:30:00+05:30,853.1,2024-12-06T15:15:00+05:30,862.95,breakout_up,breakout_down,738.75,206.09,12.87,38.61,481.17,3.24
NSE:HCLTECH,LONG,30,2024-12-02T13:45:00+05:30,1866.5,2024-12-06T15:15:00+05:30,1915.55,breakout_up,breakout_down,1471.5,189.1,11.35,34.04,1237.01,4.06
NSE:ICICIBANK,LONG,55,2024-12-05T12:00:00+05:30,1323.7,2024-12-09T09:15:00+05:30,1325.15,breakout_up,breakout_down,79.75,225.01,14.57,43.71,-203.54,3.89
NSE:HINDUNILVR,LONG,30,2024-12-05T14:00:00+05:30,2500.65,2024-12-09T09:15:00+05:30,2397.4,breakout_up,breakout_down,-3097.5,226.65,14.69,44.08,-3382.92,3.8
NSE:TATACONSUM,LONG,40,2024-12-05T14:15:00+05:30,969.95,2024-12-09T09:15:00+05:30,950.5,breakout_up,breakout_down,-778.0,148.55,7.68,23.05,-957.28,3.79
NSE:NIFTY,LONG,3.976444829064039,2024-12-05T12:00:00+05:30,24589.9,2024-12-09T10:00:00+05:30,24584.95,breakout_up,breakout_down,-19.68,72.93,3.91,19.55,-116.08,3.92
NSE:SENSEX,LONG,1.1570699371499338,2024-12-05T12:00:00+05:30,81433.99,2024-12-09T10:00:00+05:30,81437.94,breakout_up,breakout_down,4.57,72.0,3.77,18.85,-90.04,3.92
NSE:TCS,LONG,10,2024-12-04T09:15:00+05:30,4331.6,2024-12-09T12:45:00+05:30,4422.05,breakout_up,breakout_down,904.5,160.33,8.75,26.26,709.15,5.15
NSE:INFY,SHORT,30,2024-12-09T09:15:00+05:30,1904.25,2024-12-09T14:30:00+05:30,1917.35,breakout_down,breakout_up,-393.0,67.36,11.46,34.39,-506.22,0.22
NSE:BANKNIFTY,LONG,1.697763101575132,2024-12-05T12:00:00+05:30,53484.5,2024-12-09T15:00:00+05:30,53369.55,breakout_up,breakout_down,-195.16,71.06,3.63,18.14,-287.98,4.12
NSE:HDFCBANK,LONG,135,2024-12-05T14:00:00+05:30,468.15,2024-12-10T09:15:00+05:30,466.62,breakout_up,breakout_down,-205.87,203.38,12.62,37.86,-459.73,4.8
NSE:HCLTECH,SHORT,25,2024-12-09T10:15:00+05:30,1908.5,2024-12-10T09:15:00+05:30,1922.25,breakout_down,breakout_up,-343.75,169.58,9.58,28.73,-551.63,0.96
NSE:BHARTIARTL,LONG,40,2024-12-05T14:00:00+05:30,1609.75,2024-12-10T09:15:00+05:30,1591.35,breakout_up,breakout_down,-736.0,205.47,12.8,38.41,-992.69,4.8
NSE:LT,LONG,30,2024-12-03T10:15:00+05:30,3736.55,2024-12-10T10:30:00+05:30,3926.4,breakout_up,breakout_down,5695.5,318.16,22.99,68.97,5285.38,7.01
NSE:SBIN,SHORT,75,2024-12-09T14:15:00+05:30,858.6,2024-12-10T14:15:00+05:30,864.75,breakout_down,breakout_up,-461.25,206.79,12.93,38.78,-719.74,1.0
NSE:ITC,SHORT,100,2024-12-09T09:15:00+05:30,468.6,2024-12-10T15:00:00+05:30,465.8,breakout_down,breakout_up,280.0,166.94,9.34,28.03,75.68,1.24
NSE:ICICIBANK,LONG,55,2024-12-10T10:15:00+05:30,1329.5,2024-12-11T09:15:00+05:30,1322.0,breakout_up,breakout_down,-412.5,225.21,14.58,43.75,-696.05,0.96
NSE:TATACONSUM,SHORT,40,2024-12-09T09:30:00+05:30,946.55,2024-12-11T09:15:00+05:30,941.45,breakout_down,breakout_up,204.0,147.03,7.55,22.66,26.76,1.99
NSE:TCS,LONG,10,2024-12-10T09:45:00+05:30,4471.85,2024-12-11T09:30:00+05:30,4411.65,breakout_up,breakout_down,-602.0,161.89,8.88,26.65,-799.42,0.99
NSE:WIPRO,LONG,430,2024-12-02T14:00:00+05:30,146.2,2024-12-11T09:30:00+05:30,306.1,breakout_up,breakout_down,68757.0,274.09,19.45,58.35,68405.11,8.81
NSE:HCLTECH,LONG,25,2024-12-10T09:45:00+05:30,1932.0,2024-12-11T09:30:00+05:30,1917.5,breakout_up,breakout_down,-362.5,170.1,9.62,28.87,-571.09,0.99
NSE:SENSEX,SHORT,1.156094859791805,2024-12-10T09:15:00+05:30,81425.02,2024-12-11T10:30:00+05:30,81662.86,breakout_down,breakout_up,-274.97,71.99,3.77,18.85,-369.58,1.05
NSE:NIFTY,SHORT,3.971488029539523,2024-12-10T12:15:00+05:30,24591.45,2024-12-11T11:30:00+05:30,24681.8,breakout_down,breakout_up,-358.82,72.92,3.91,19.57,-455.23,0.97
NSE:SBIN,LONG,70,2024-12-10T14:30:00+05:30,865.3,2024-12-11T13:45:00+05:30,861.7,breakout_up,breakout_down,-252.0,197.49,12.09,36.27,-497.84,0.97
NSE:TATASTEEL,LONG,520,2024-12-05T14:15:00+05:30,147.74,2024-12-11T14:45:00+05:30,150.79,breakout_up,breakout_down,1586.0,235.51,15.52,46.57,1288.39,6.02
NSE:BHARTIARTL,SHORT,40,2024-12-10T09:45:00+05:30,1583.95,2024-12-12T09:15:00+05:30,1603.55,breakout_down,breakout_up,-784.0,204.87,12.75,38.25,-1039.87,1.98
NSE:HINDUNILVR,LONG,30,2024-12-10T11:30:00+05:30,2410.1,2024-12-12T09:45:00+05:30,2387.65,breakout_up,breakout_down,-673.5,223.12,14.39,43.18,-954.2,1.93
NSE:ADANIGREEN,SHORT,70,2024-12-04T09:15:00+05:30,1278.9,2024-12-12T10:30:00+05:30,1210.2,breakout_down,breakout_up,4809.0,256.39,17.42,52.27,4482.92,8.05
NSE:SENSEX,LONG,1.1475765489405498,2024-12-11T11:30:00+05:30,81708.34,2024-12-12T12:00:00+05:30,81323.97,breakout_up,breakout_down,-441.09,71.78,3.74,18.71,-535.33,1.02
NSE:WIPRO,LONG,425,2024-12-11T12:45:00+05:30,309.4,2024-12-12T14:45:00+05:30,309.0,breakout_up,breakout_down,-170.0,355.2,26.28,78.85,-630.32,1.08
NSE:BANKNIFTY,LONG,1.6883982846448207,2024-12-10T15:15:00+05:30,53611.1,2024-12-13T09:15:00+05:30,52918.05,breakout_up,breakout_down,-1170.14,70.76,3.6,17.99,-1262.49,2.75
NSE:ICICIBANK,LONG,55,2024-12-11T14:00:00+05:30,1330.05,2024-12-13T09:15:00+05:30,1322.0,breakout_up,breakout_down,-442.75,225.25,14.59,43.76,-726.34,1.8
NSE:INFY,LONG,30,2024-12-09T15:00:00+05:30,1927.65,2024-12-13T09:15:00+05:30,1970.95,breakout_up,breakout_down,1299.0,193.0,11.7,35.09,1059.22,3.76
NSE:HCLTECH,LONG,25,2024-12-12T09:15:00+05:30,1935.5,2024-12-13T09:15:00+05:30,1925.8,breakout_up,breakout_down,-242.5,170.42,9.65,28.96,-451.53,1.0
NSE:ADANIGREEN,LONG,75,2024-12-12T10:45:00+05:30,1224.1,2024-12-13T10:15:00+05:30,1183.7,breakout_up,breakout_down,-3030.0,264.03,18.06,54.18,-3366.26,0.98
NSE:TCS,LONG,10,2024-12-12T09:15:00+05:30,4456.45,2024-12-13T10:30:00+05:30,4407.6,breakout_up,breakout_down,-488.5,161.67,8.86,26.59,-685.62,1.05
NSE:HINDUNILVR,SHORT,30,2024-12-12T10:00:00+05:30,2385.0,2024-12-13T11:30:00+05:30,2361.9,breakout_down,breakout_up,693.0,221.32,14.24,42.72,414.71,1.06
NSE:ICICIBANK,SHORT,55,2024-12-13T09:30:00+05:30,1319.5,2024-12-13T11:45:00+05:30,1336.25,breakout_down,breakout_up,-921.25,72.84,14.61,43.82,-1052.52,0.09
NSE:HCLTECH,SHORT,25,2024-12-13T09:30:00+05:30,1922.25,2024-12-13T11:45:00+05:30,1943.7,breakout_down,breakout_up,-536.25,64.17,9.66,28.99,-639.08,0.09
NSE:TATACONSUM,SHORT,40,2024-12-12T09:15:00+05:30,930.25,2024-12-13T11:45:00+05:30,925.0,breakout_down,breakout_up,210.0,145.58,7.42,22.26,34.74,1.1
NSE:SENSEX,SHORT,1.1469225264990255,2024-12-12T13:15:00+05:30,81289.58,2024-12-13T12:00:00+05:30,81395.1,breakout_down,breakout_up,-121.02,71.74,3.73,18.66,-215.16,0.95
NSE:NIFTY,SHORT,3.9577151733952505,2024-12-12T12:00:00+05:30,24562.35,2024-12-13T12:45:00+05:30,24634.7,breakout_down,breakout_up,-286.34,72.8,3.89,19.47,-382.5,1.03
NSE:INFY,SHORT,30,2024-12-13T10:15:00+05:30,1959.65,2024-12-13T12:45:00+05:30,1994.95,breakout_down,breakout_up,-1059.0,67.99,11.86,35.59,-1174.45,0.1
NSE:ITC,SHORT,100,2024-12-12T09:15:00+05:30,463.95,2024-12-13T12:45:00+05:30,465.4,breakout_down,breakout_up,-145.0,166.41,9.29,27.88,-348.59,1.15
NSE:BANKNIFTY,SHORT,1.6903180384510996,2024-12-13T09:30:00+05:30,52805.55,2024-12-13T13:30:00+05:30,53375.5,breakout_down,breakout_up,-963.4,70.73,3.59,17.95,-1055.67,0.17
NSE:HDFCBANK,SHORT,135,2024-12-13T09:45:00+05:30,461.82,2024-12-13T13:30:00+05:30,466.52,breakout_down,breakout_up,-634.5,69.22,12.53,37.6,-753.85,0.16
NSE:SBIN,SHORT,70,2024-12-12T09:30:00+05:30,856.8,2024-12-13T13:30:00+05:30,858.0,breakout_down,breakout_up,-84.0,196.52,12.0,36.01,-328.54,1.17
NSE:WIPRO,SHORT,425,2024-12-13T09:15:00+05:30,307.3,2024-12-13T13:30:00+05:30,310.8,breakout_down,breakout_up,-1487.5,93.33,26.27,78.81,-1685.91,0.18
NSE:LT,SHORT,30,2024-12-10T12:45:00+05:30,3920.8,2024-12-13T13:30:00+05:30,3882.75,breakout_down,breakout_up,1141.5,323.19,23.41,70.23,724.67,3.03
NSE:TCS,LONG,10,2024-12-13T12:00:00+05:30,4477.1,2024-12-16T11:15:00+05:30,4425.0,breakout_up,breakout_down,-521.0,162.09,8.9,26.71,-718.7,2.97
NSE:TATACONSUM,LONG,40,2024-12-13T14:15:00+05:30,929.35,2024-12-16T11:45:00+05:30,918.2,breakout_up,breakout_down,-446.0,145.29,7.39,22.17,-620.85,2.9
NSE:NIFTY,LONG,3.929741787263999,2024-12-13T13:00:00+05:30,24640.15,2024-12-16T12:00:00+05:30,24606.45,breakout_up,breakout_down,-132.43,72.65,3.87,19.35,-228.31,2.96
NSE:SENSEX,LONG,1.1397546155526845,2024-12-13T12:45:00+05:30,81612.6,2024-12-16T12:00:00+05:30,81578.27,breakout_up,breakout_down,-39.13,71.67,3.72,18.6,-133.12,2.97
NSE:HINDUNILVR,LONG,30,2024-12-13T11:45:00+05:30,2380.0,2024-12-16T12:00:00+05:30,2365.95,breakout_up,breakout_down,-421.5,221.38,14.24,42.71,-699.83,3.01
NSE:LT,LONG,30,2024-12-13T13:45:00+05:30,3888.2,2024-12-16T12:00:00+05:30,3859.9,breakout_up,breakout_down,-849.0,321.49,23.24,69.73,-1263.47,2.93
NSE:INFY,LONG,30,2024-12-13T13:15:00+05:30,2000.3,2024-12-16T12:15:00+05:30,1984.95,breakout_up,breakout_down,-460.5,196.02,11.96,35.87,-704.34,2.96
NSE:HCLTECH,LONG,25,2024-12-13T12:00:00+05:30,1945.15,2024-12-16T12:15:00+05:30,1954.85,breakout_up,breakout_down,242.5,171.46,9.75,29.25,32.04,3.01
NSE:ITC,LONG,100,2024-12-13T13:00:00+05:30,468.1,2024-12-17T09:15:00+05:30,467.8,breakout_up,breakout_down,-30.0,167.13,9.36,28.08,-234.57,3.84
NSE:BHARTIARTL,LONG,40,2024-12-12T14:15:00+05:30,1611.25,2024-12-17T09:15:00+05:30,1651.0,breakout_up,breakout_down,1590.0,208.01,13.05,39.15,1329.79,4.79
NSE:HDFCBANK,LONG,130,2024-12-13T14:15:00+05:30,467.73,2024-12-17T09:30:00+05:30,462.8,breakout_up,breakout_down,-640.25,197.6,12.1,36.29,-886.24,3.8
NSE:ICICIBANK,LONG,50,2024-12-13T12:45:00+05:30,1341.05,2024-12-17T09:30:00+05:30,1340.0,breakout_up,breakout_down,-52.5,212.1,13.41,40.22,-318.22,3.86
NSE:BANKNIFTY,LONG,1.649505650109548,2024-12-13T14:15:00+05:30,53474.0,2024-12-17T09:45:00+05:30,53252.8,breakout_up,breakout_down,-364.87,70.33,3.52,17.6,-456.33,3.81
NSE:SBIN,LONG,70,2024-12-13T14:15:00+05:30,860.3,2024-12-17T11:30:00+05:30,852.0,breakout_up,breakout_down,-581.0,196.37,11.99,35.96,-825.31,3.89
NSE:ITC,SHORT,100,2024-12-17T09:30:00+05:30,467.1,2024-12-17T11:45:00+05:30,472.7,breakout_down,breakout_up,-560.0,63.7,9.4,28.19,-661.29,0.09
NSE:INFY,SHORT,30,2024-12-16T13:15:00+05:30,1981.15,2024-12-17T14:30:00+05:30,1980.05,breakout_down,breakout_up,33.0,195.18,11.88,35.65,-209.72,1.05
NSE:HINDUNILVR,SHORT,30,2024-12-16T13:30:00+05:30,2364.55,2024-12-18T09:15:00+05:30,2377.5,breakout_down,breakout_up,-388.5,221.24,14.23,42.68,-666.65,1.82
NSE:WIPRO,SHORT,415,2024-12-16T11:00:00+05:30,307.8,2024-12-18T09:15:00+05:30,311.9,breakout_down,breakout_up,-1701.5,349.04,25.72,77.15,-2153.41,1.93
NSE:HCLTECH,SHORT,25,2024-12-16T13:15:00+05:30,1953.3,2024-12-18T09:15:00+05:30,1962.2,breakout_down,breakout_up,-222.5,171.92,9.79,29.37,-433.58,1.83
NSE:TATACONSUM,SHORT,40,2024-12-17T09:15:00+05:30,915.1,2024-12-18T09:30:00+05:30,913.7,breakout_down,breakout_up,56.0,144.41,7.32,21.95,-117.68,1.01
NSE:HCLTECH,LONG,25,2024-12-18T10:15:00+05:30,1969.05,2024-12-18T14:45:00+05:30,1957.95,breakout_up,breakout_down,-277.5,64.47,9.82,29.45,-381.24,0.19
NSE:TCS,SHORT,10,2024-12-16T11:45:00+05:30,4409.1,2024-12-18T15:15:00+05:30,4355.65,breakout_down,breakout_up,534.5,160.49,8.76,26.29,338.95,2.15
NSE:WIPRO,LONG,405,2024-12-18T13:45:00+05:30,313.05,2024-12-19T09:15:00+05:30,304.3,breakout_up,breakout_down,-3543.75,341.23,25.0,75.01,-3984.99,0.81
NSE:ADANIGREEN,SHORT,75,2024-12-16T10:15:00+05:30,1183.25,2024-12-20T09:15:00+05:30,1099.4,breakout_down,breakout_up,6288.75,252.9,17.12,51.36,5967.37,3.96
NSE:NIFTY,SHORT,3.9281958497020106,2024-12-17T09:15:00+05:30,24591.9,2024-12-20T09:30:00+05:30,24045.95,breakout_down,breakout_up,2144.6,72.54,3.82,19.11,2049.14,3.01
NSE:SENSEX,SHORT,1.1395393116896242,2024-12-17T09:15:00+05:30,81511.55,2024-12-20T09:30:00+05:30,79506.77,breakout_down,breakout_up,2284.53,71.55,3.67,18.35,2190.96,3.01
NSE:BHARTIARTL,SHORT,40,2024-12-17T09:30:00+05:30,1647.5,2024-12-20T09:30:00+05:30,1620.55,breakout_down,breakout_up,1078.0,208.31,13.07,39.22,817.4,3.0
NSE:TATASTEEL,SHORT,520,2024-12-12T09:15:00+05:30,150.35,2024-12-20T10:30:00+05:30,143.91,breakout_down,breakout_up,3348.8,232.91,15.3,45.9,3054.68,8.05
NSE:WIPRO,LONG,390,2024-12-19T13:45:00+05:30,312.85,2024-12-20T12:00:00+05:30,309.5,breakout_up,breakout_down,-1306.5,332.94,24.27,72.81,-1736.53,0.93
NSE:TATACONSUM,LONG,40,2024-12-18T10:30:00+05:30,916.15,2024-12-20T13:00:00+05:30,897.2,breakout_up,breakout_down,-758.0,143.79,7.25,21.76,-930.8,2.1
NSE:ITC,SHORT,100,2024-12-19T11:00:00+05:30,466.8,2024-12-20T14:30:00+05:30,466.2,breakout_down,breakout_up,60.0,166.8,9.33,27.99,-144.12,1.15
NSE:ICICIBANK,SHORT,50,2024-12-17T09:45:00+05:30,1337.65,2024-12-23T09:15:00+05:30,1300.55,breakout_down,breakout_up,1855.0,209.57,13.19,39.57,1592.66,5.98
NSE:HDFCBANK,SHORT,130,2024-12-17T09:45:00+05:30,462.37,2024-12-23T09:30:00+05:30,450.38,breakout_down,breakout_up,1558.7,194.87,11.87,35.6,1316.37,5.99
NSE:NIFTY,SHORT,4.136414808298382,2024-12-20T09:45:00+05:30,23847.9,2024-12-23T11:15:00+05:30,23862.75,breakout_down,breakout_up,-61.43,73.16,3.95,19.74,-158.27,3.06
NSE:SENSEX,SHORT,1.2062687164931287,2024-12-20T09:45:00+05:30,78813.3,2024-12-23T11:15:00+05:30,78896.59,breakout_down,breakout_up,-100.47,72.23,3.8,19.02,-195.52,3.06
NSE:WIPRO,SHORT,390,2024-12-20T12:45:00+05:30,308.6,2024-12-23T11:15:00+05:30,310.1,breakout_down,breakout_up,-585.0,331.3,24.13,72.39,-1012.82,2.94
NSE:BHARTIARTL,SHORT,40,2024-12-20T12:45:00+05:30,1591.05,2024-12-23T11:15:00+05:30,1604.65,breakout_down,breakout_up,-544.0,205.22,12.78,38.35,-800.35,2.94
NSE:TCS,SHORT,10,2024-12-19T12:45:00+05:30,4267.15,2024-12-24T09:15:00+05:30,4198.5,breakout_down,breakout_up,686.5,157.15,8.47,25.4,495.49,4.85
NSE:LT,SHORT,30,2024-12-17T09:15:00+05:30,3856.05,2024-12-24T09:45:00+05:30,3661.05,breakout_down,breakout_up,5850.0,313.29,22.55,67.65,5446.51,7.02
NSE:HINDUNILVR,SHORT,30,2024-12-19T09:15:00+05:30,2353.05,2024-12-24T10:00:00+05:30,2350.0,breakout_down,breakout_up,91.5,219.91,14.11,42.33,-184.84,5.03
NSE:INFY,SHORT,30,2024-12-19T09:15:00+05:30,1937.9,2024-12-24T10:15:00+05:30,1937.05,breakout_down,breakout_up,25.5,192.31,11.62,34.87,-213.31,5.04
NSE:TATACONSUM,SHORT,40,2024-12-20T14:45:00+05:30,891.95,2024-12-24T10:15:00+05:30,910.85,breakout_down,breakout_up,-756.0,143.32,7.21,21.63,-928.16,3.81
NSE:ADANIGREEN,SHORT,90,2024-12-20T13:15:00+05:30,1063.6,2024-12-24T10:15:00+05:30,1046.4,breakout_down,breakout_up,1548.0,274.04,18.99,56.97,1198.0,3.88
NSE:LT,LONG,30,2024-12-24T10:00:00+05:30,3665.0,2024-12-24T15:15:00+05:30,3633.0,breakout_up,breakout_down,-960.0,85.68,21.89,65.68,-1133.25,0.22
NSE:BANKNIFTY,SHORT,1.6535208876179681,2024-12-17T10:15:00+05:30,53069.0,2024-12-26T09:15:00+05:30,51632.2,breakout_down,breakout_up,2375.78,70.2,3.46,17.31,2284.81,8.96
NSE:BHARTIARTL,SHORT,40,2024-12-24T09:30:00+05:30,1577.5,2024-12-26T09:45:00+05:30,1598.55,breakout_down,breakout_up,-842.0,204.37,12.7,38.11,-1097.18,2.01
NSE:TCS,LONG,10,2024-12-24T09:45:00+05:30,4203.9,2024-12-26T10:00:00+05:30,4153.0,breakout_up,breakout_down,-509.0,156.03,8.36,25.07,-698.46,2.01
NSE:HINDUNILVR,LONG,30,2024-12-24T10:15:00+05:30,2352.0,2024-12-26T10:00:00+05:30,2330.1,breakout_up,breakout_down,-657.0,219.27,14.05,42.14,-932.45,1.99
NSE:HDFCBANK,LONG,135,2024-12-24T14:15:00+05:30,450.64,2024-12-26T10:45:00+05:30,448.23,breakout_up,breakout_down,-326.02,198.0,12.13,36.4,-572.56,1.85
NSE:ICICIBANK,LONG,55,2024-12-26T09:15:00+05:30,1310.3,2024-12-26T10:45:00+05:30,1289.55,breakout_up,breakout_down,-1141.25,72.27,14.3,42.9,-1270.72,0.06
NSE:ITC,LONG,100,2024-12-23T09:15:00+05:30,471.45,2024-12-26T12:00:00+05:30,477.25,breakout_up,breakout_down,580.0,168.51,9.49,28.46,373.54,3.11
NSE:HCLTECH,SHORT,25,2024-12-19T09:15:00+05:30,1925.7,2024-12-26T15:00:00+05:30,1904.2,breakout_down,breakout_up,537.5,169.49,9.57,28.72,329.71,7.24
NSE:TATASTEEL,SHORT,570,2024-12-20T14:45:00+05:30,142.18,2024-12-26T15:15:00+05:30,140.6,breakout_down,breakout_up,900.6,242.17,16.12,48.36,593.95,6.02
NSE:BANKNIFTY,SHORT,1.7623377929951145,2024-12-26T10:45:00+05:30,51084.8,2024-12-27T09:15:00+05:30,51424.1,breakout_down,breakout_up,-597.96,70.92,3.61,18.07,-690.56,0.94
NSE:SENSEX,SHORT,1.2099358974054037,2024-12-26T10:45:00+05:30,78413.31,2024-12-27T09:15:00+05:30,78799.05,breakout_down,breakout_up,-466.72,72.19,3.8,19.02,-561.74,0.94
NSE:INFY,SHORT,30,2024-12-24T13:30:00+05:30,1916.9,2024-12-27T09:15:00+05:30,1911.5,breakout_down,breakout_up,162.0,190.74,11.49,34.46,-74.69,2.82
NSE:WIPRO,SHORT,390,2024-12-24T12:00:00+05:30,305.3,2024-12-27T10:15:00+05:30,309.05,breakout_down,breakout_up,-1462.5,329.49,23.96,71.88,-1887.82,2.93
NSE:TATACONSUM,SHORT,40,2024-12-26T09:15:00+05:30,904.05,2024-12-27T10:30:00+05:30,906.8,breakout_down,breakout_up,-110.0,143.63,7.24,21.73,-282.6,1.05
NSE:TATASTEEL,LONG,580,2024-12-27T09:15:00+05:30,140.73,2024-12-27T12:00:00+05:30,139.8,breakout_up,breakout_down,-539.4,75.81,16.27,48.81,-680.3,0.11
NSE:ADANIGREEN,LONG,95,2024-12-26T10:30:00+05:30,1043.5,2024-12-27T12:00:00+05:30,1052.6,breakout_up,breakout_down,864.5,284.34,19.91,59.74,500.51,1.06
NSE:BHARTIARTL,LONG,40,2024-12-26T13:30:00+05:30,1603.1,2024-12-27T14:00:00+05:30,1598.65,breakout_up,breakout_down,-178.0,205.46,12.81,38.42,-434.69,1.02
NSE:NIFTY,LONG,4.128378382694515,2024-12-27T09:15:00+05:30,23856.1,2024-12-27T14:45:00+05:30,23807.7,breakout_up,breakout_down,-199.81,73.08,3.94,19.68,-296.5,0.23
NSE:SENSEX,LONG,1.196619785307279,2024-12-27T09:30:00+05:30,78817.87,2024-12-27T14:45:00+05:30,78722.33,breakout_up,breakout_down,-114.33,72.0,3.77,18.85,-208.94,0.22
NSE:HDFCBANK,SHORT,135,2024-12-26T12:15:00+05:30,447.73,2024-12-27T15:15:00+05:30,450.25,breakout_down,breakout_up,-340.87,197.87,12.12,36.37,-587.23,1.12
NSE:BANKNIFTY,LONG,1.73467656871716,2024-12-27T09:45:00+05:30,51502.5,2024-12-30T09:15:00+05:30,51207.05,breakout_up,breakout_down,-512.51,70.6,3.56,17.82,-604.49,2.98
NSE:INFY,LONG,30,2024-12-27T09:45:00+05:30,1922.5,2024-12-30T09:15:00+05:30,1902.1,breakout_up,breakout_down,-612.0,190.68,11.47,34.42,-848.57,2.98
NSE:WIPRO,LONG,380,2024-12-27T11:00:00+05:30,310.4,2024-12-30T09:15:00+05:30,307.25,breakout_up,breakout_down,-1197.0,324.03,23.47,70.41,-1614.92,2.93
NSE:TATACONSUM,LONG,35,2024-12-27T11:15:00+05:30,908.1,2024-12-30T09:15:00+05:30,902.7,breakout_up,breakout_down,-189.0,133.57,6.34,19.01,-347.92,2.92
NSE:HCLTECH,SHORT,25,2024-12-30T09:15:00+05:30,1878.85,2024-12-30T11:15:00+05:30,1899.7,breakout_down,breakout_up,-521.25,63.79,9.45,28.34,-622.83,0.08
NSE:SENSEX,SHORT,1.198184789539441,2024-12-30T09:15:00+05:30,78541.06,2024-12-30T11:30:00+05:30,78969.56,breakout_down,breakout_up,-513.42,71.99,3.77,18.87,-608.06,0.09
NSE:NIFTY,SHORT,4.1329126390708035,2024-12-30T09:15:00+05:30,23758.4,2024-12-30T11:45:00+05:30,23895.95,breakout_down,breakout_up,-568.48,73.07,3.94,19.7,-665.18,0.1
NSE:TATACONSUM,SHORT,35,2024-12-30T09:30:00+05:30,899.8,2024-12-30T11:45:00+05:30,911.5,breakout_down,breakout_up,-409.5,58.33,6.34,19.02,-493.19,0.09
NSE:HINDUNILVR,SHORT,30,2024-12-26T10:15:00+05:30,2327.2,2024-12-30T12:30:00+05:30,2349.4,breakout_down,breakout_up,-666.0,219.08,14.03,42.09,-941.2,4.09
NSE:BANKNIFTY,LONG,1.7243807968830032,2024-12-30T10:15:00+05:30,51460.5,2024-12-30T13:15:00+05:30,51071.65,breakout_up,breakout_down,-670.53,70.41,3.54,17.68,-762.15,0.12
NSE:HDFCBANK,LONG,135,2024-12-30T11:15:00+05:30,451.05,2024-12-30T13:15:00+05:30,446.0,breakout_up,breakout_down,-681.75,68.47,12.11,36.33,-798.66,0.08
NSE:SENSEX,LONG,1.1828817697636098,2024-12-30T11:45:00+05:30,79044.64,2024-12-30T13:30:00+05:30,78329.71,breakout_up,breakout_down,-845.68,71.62,3.72,18.62,-939.64,0.07
NSE:ICICIBANK,LONG,50,2024-12-27T09:15:00+05:30,1309.0,2024-12-30T13:30:00+05:30,1299.85,breakout_up,breakout_down,-457.5,208.12,13.04,39.13,-717.79,3.18
NSE:ITC,LONG,95,2024-12-27T11:45:00+05:30,479.9,2024-12-30T13:45:00+05:30,477.05,breakout_up,breakout_down,-270.75,164.17,9.09,27.27,-471.29,3.08
NSE:INFY,SHORT,30,2024-12-30T09:30:00+05:30,1891.35,2024-12-30T14:45:00+05:30,1911.3,breakout_down,breakout_up,-598.5,67.24,11.41,34.22,-711.37,0.22
NSE:HCLTECH,LONG,25,2024-12-30T11:30:00+05:30,1902.45,2024-12-31T10:00:00+05:30,1880.45,breakout_up,breakout_down,-550.0,168.26,9.46,28.37,-756.09,0.94
NSE:ITC,SHORT,95,2024-12-31T09:15:00+05:30,475.6,2024-12-31T11:30:00+05:30,479.95,breakout_down,breakout_up,-413.25,63.15,9.08,27.23,-512.71,0.09
NSE:SBIN,SHORT,70,2024-12-17T11:45:00+05:30,851.15,2024-12-31T12:30:00+05:30,797.8,breakout_down,breakout_up,3734.5,191.11,11.54,34.63,3497.21,14.03
NSE:TATASTEEL,SHORT,580,2024-12-27T12:15:00+05:30,139.49,2024-12-31T13:30:00+05:30,138.15,breakout_down,breakout_up,777.2,242.01,16.1,48.31,470.77,4.05
NSE:NIFTY,SHORT,4.1163644017067265,2024-12-30T13:30:00+05:30,23692.8,2024-12-31T14:00:00+05:30,23680.4,breakout_down,breakout_up,51.04,72.87,3.9,19.5,-45.22,1.02
NSE:SENSEX,SHORT,1.1831899679867575,2024-12-30T13:45:00+05:30,78232.27,2024-12-31T14:00:00+05:30,78273.46,breakout_down,breakout_up,-48.74,71.56,3.7,18.52,-142.52,1.01
NSE:WIPRO,SHORT,380,2024-12-30T09:30:00+05:30,305.45,2024-12-31T14:00:00+05:30,302.9,breakout_down,breakout_up,969.0,319.94,23.12,69.35,556.59,1.19
NSE:TATACONSUM,SHORT,35,2024-12-30T15:00:00+05:30,899.4,2024-12-31T14:00:00+05:30,913.0,breakout_down,breakout_up,-476.0,133.66,6.34,19.03,-635.03,0.96
NSE:BHARTIARTL,SHORT,40,2024-12-27T14:45:00+05:30,1597.35,2024-12-31T14:00:00+05:30,1596.2,breakout_down,breakout_up,46.0,205.08,12.77,38.32,-210.17,3.97
NSE:LT,SHORT,30,2024-12-26T10:00:00+05:30,3631.1,2024-12-31T14:00:00+05:30,3616.45,breakout_down,breakout_up,439.5,304.71,21.74,65.23,47.82,5.17
NSE:TCS,SHORT,10,2024-12-30T09:30:00+05:30,4146.2,2024-12-31T15:15:00+05:30,4106.0,breakout_down,breakout_up,402.0,154.8,8.25,24.76,214.19,1.24
NSE:ADANIGREEN,SHORT,95,2024-12-27T12:15:00+05:30,1051.7,2025-01-01T09:15:00+05:30,1055.0,breakout_down,breakout_up,-313.5,285.55,20.01,60.04,-679.1,4.88
NSE:TATASTEEL,LONG,590,2024-12-31T14:00:00+05:30,138.44,2025-01-01T09:45:00+05:30,137.13,breakout_up,breakout_down,-772.9,243.86,16.26,48.78,-1081.79,0.82
NSE:BANKNIFTY,SHORT,1.7263446254617774,2024-12-30T13:30:00+05:30,50961.8,2025-01-01T10:45:00+05:30,51110.25,breakout_down,breakout_up,-256.28,70.37,3.52,17.62,-347.79,1.89
NSE:HDFCBANK,SHORT,135,2024-12-30T13:30:00+05:30,444.96,2025-01-01T10:45:00+05:30,446.1,breakout_down,breakout_up,-153.23,196.82,12.03,36.09,-398.16,1.89
NSE:ICICIBANK,SHORT,55,2024-12-30T14:00:00+05:30,1294.95,2025-01-01T10:45:00+05:30,1289.75,breakout_down,breakout_up,286.0,221.08,14.22,42.65,8.06,1.86
NSE:HCLTECH,LONG,25,2024-12-31T14:00:00+05:30,1925.55,2025-01-01T14:45:00+05:30,1909.55,breakout_up,breakout_down,-400.0,169.7,9.59,28.76,-608.05,1.03
NSE:INFY,SHORT,30,2024-12-31T09:15:00+05:30,1868.1,2025-01-02T09:15:00+05:30,1898.9,breakout_down,breakout_up,-924.0,188.78,11.3,33.9,-1157.98,2.0
NSE:ITC,LONG,95,2024-12-31T13:15:00+05:30,480.6,2025-01-02T09:15:00+05:30,482.55,breakout_up,breakout_down,185.25,164.79,9.15,27.45,-16.14,1.83
NSE:TATACONSUM,LONG,35,2024-12-31T14:15:00+05:30,913.7,2025-01-02T09:15:00+05:30,914.4,breakout_up,breakout_down,24.5,134.23,6.4,19.2,-135.32,1.79
NSE:HINDUNILVR,SHORT,30,2024-12-31T14:30:00+05:30,2332.2,2025-01-02T10:30:00+05:30,2337.75,breakout_down,breakout_up,-166.5,218.82,14.01,42.03,-441.36,1.83
NSE:TATASTEEL,SHORT,590,2025-01-01T14:45:00+05:30,136.78,2025-01-02T13:15:00+05:30,138.01,breakout_down,breakout_up,-725.7,243.34,16.21,48.64,-1033.89,0.94
NSE:SBIN,SHORT,80,2025-01-01T09:45:00+05:30,791.4,2025-01-02T13:30:00+05:30,801.55,breakout_down,breakout_up,-812.0,204.8,12.74,38.23,-1067.78,1.16
NSE:ADANIGREEN,SHORT,95,2025-01-02T09:15:00+05:30,1044.45,2025-01-03T09:15:00+05:30,1056.8,breakout_down,breakout_up,-1173.25,285.04,19.96,59.89,-1538.14,1.0
NSE:HDFCBANK,LONG,135,2025-01-01T13:45:00+05:30,447.62,2025-01-03T09:30:00+05:30,444.0,breakout_up,breakout_down,-489.38,196.92,12.04,36.11,-734.45,1.82
NSE:BHARTIARTL,LONG,40,2025-01-01T10:45:00+05:30,1601.4,2025-01-03T09:30:00+05:30,1596.6,breakout_up,breakout_down,-192.0,205.29,12.79,38.38,-448.46,1.95
NSE:TCS,LONG,10,2025-01-01T11:00:00+05:30,4123.05,2025-01-03T09:45:00+05:30,4120.0,breakout_up,breakout_down,-30.5,154.73,8.24,24.73,-218.2,1.95
NSE:WIPRO,LONG,385,2025-01-02T10:45:00+05:30,302.65,2025-01-03T09:45:00+05:30,299.1,breakout_up,breakout_down,-1366.75,320.67,23.17,69.5,-1780.09,0.96
NSE:ITC,LONG,95,2025-01-02T12:15:00+05:30,487.35,2025-01-03T10:15:00+05:30,483.7,breakout_up,breakout_down,-346.75,165.67,9.22,27.67,-549.32,0.92
NSE:INFY,LONG,30,2025-01-02T09:30:00+05:30,1910.15,2025-01-03T10:45:00+05:30,1925.8,breakout_up,breakout_down,469.5,190.97,11.51,34.52,232.5,1.05
NSE:SBIN,LONG,80,2025-01-03T09:15:00+05:30,808.0,2025-01-03T12:15:00+05:30,797.6,breakout_up,breakout_down,-832.0,69.74,12.84,38.53,-953.12,0.12
NSE:LT,LONG,30,2025-01-01T09:15:00+05:30,3625.0,2025-01-03T12:15:00+05:30,3673.8,breakout_up,breakout_down,1464.0,306.34,21.9,65.69,1070.08,2.12
NSE:BANKNIFTY,LONG,1.7105818264582042,2025-01-01T13:45:00+05:30,51228.7,2025-01-03T13:45:00+05:30,51034.65,breakout_up,breakout_down,-331.94,70.19,3.5,17.49,-423.12,2.0
NSE:HCLTECH,LONG,25,2025-01-02T10:45:00+05:30,1938.9,2025-01-03T14:45:00+05:30,1947.95,breakout_up,breakout_down,226.25,171.09,9.72,29.15,16.29,1.17
NSE:SENSEX,LONG,1.1772213751603147,2025-01-01T10:45:00+05:30,78508.21,2025-01-03T15:00:00+05:30,79243.79,breakout_up,breakout_down,865.94,71.72,3.71,18.57,771.94,2.18
NSE:TATASTEEL,LONG,575,2025-01-02T13:30:00+05:30,138.38,2025-01-06T09:15:00+05:30,136.74,breakout_up,breakout_down,-943.0,238.99,15.82,47.46,-1245.27,3.82
NSE:NIFTY,LONG,4.1063847405655665,2025-01-01T10:45:00+05:30,23739.4,2025-01-06T09:30:00+05:30,23948.35,breakout_up,breakout_down,858.03,73.05,3.92,19.58,761.48,4.95
NSE:HINDUNILVR,LONG,30,2025-01-02T10:45:00+05:30,2342.6,2025-01-06T09:30:00+05:30,2374.8,breakout_up,breakout_down,966.0,220.32,14.15,42.46,689.07,3.95
NSE:ICICIBANK,SHORT,55,2025-01-02T09:15:00+05:30,1279.65,2025-01-06T10:00:00+05:30,1275.7,breakout_down,breakout_up,217.25,219.29,14.05,42.16,-58.26,4.03
NSE:INFY,LONG,25,2025-01-06T09:15:00+05:30,1961.75,2025-01-06T11:45:00+05:30,1928.65,breakout_up,breakout_down,-827.5,64.25,9.73,29.18,-930.65,0.1
NSE:WIPRO,SHORT,385,2025-01-03T10:15:00+05:30,297.95,2025-01-07T09:15:00+05:30,295.35,breakout_down,breakout_up,1001.0,316.88,22.84,68.53,592.75,3.96
NSE:HCLTECH,SHORT,25,2025-01-03T15:15:00+05:30,1943.0,2025-01-07T09:15:00+05:30,1969.25,breakout_down,breakout_up,-656.25,171.86,9.78,29.34,-867.24,3.75
NSE:ADANIGREEN,SHORT,95,2025-01-03T14:15:00+05:30,1043.0,2025-01-07T09:30:00+05:30,1012.15,breakout_down,breakout_up,2930.75,279.87,19.52,58.57,2572.79,3.8
NSE:HINDUNILVR,SHORT,30,2025-01-06T11:45:00+05:30,2364.95,2025-01-07T10:00:00+05:30,2392.95,breakout_down,breakout_up,-840.0,221.81,14.27,42.82,-1118.9,0.93
NSE:INFY,LONG,25,2025-01-07T09:15:00+05:30,1951.3,2025-01-07T11:45:00+05:30,1931.0,breakout_up,breakout_down,-507.5,64.25,9.71,29.12,-610.57,0.1
NSE:TATACONSUM,LONG,35,2025-01-02T12:15:00+05:30,925.55,2025-01-07T14:30:00+05:30,958.5,breakout_up,breakout_down,1153.25,136.32,6.59,19.78,990.55,5.09
NSE:LT,SHORT,30,2025-01-03T13:45:00+05:30,3670.45,2025-01-07T14:45:00+05:30,3643.2,breakout_down,breakout_up,817.5,306.88,21.94,65.82,422.85,4.04
NSE:ICICIBANK,LONG,55,2025-01-07T09:15:00+05:30,1279.7,2025-01-08T10:15:00+05:30,1271.35,breakout_up,breakout_down,-459.25,219.08,14.03,42.09,-734.45,1.04
NSE:ITC,SHORT,95,2025-01-03T12:15:00+05:30,482.05,2025-01-08T12:45:00+05:30,445.0,breakout_down,breakout_up,3519.75,160.73,8.81,26.42,3323.79,5.02
NSE:HINDUNILVR,SHORT,30,2025-01-08T09:15:00+05:30,2375.05,2025-01-08T13:00:00+05:30,2398.85,breakout_down,breakout_up,-714.0,72.36,14.32,42.97,-843.65,0.16
NSE:TCS,SHORT,10,2025-01-03T10:00:00+05:30,4118.0,2025-01-08T13:15:00+05:30,4060.85,breakout_down,breakout_up,571.5,153.97,8.18,24.54,384.81,5.14
NSE:BHARTIARTL,SHORT,40,2025-01-03T15:15:00+05:30,1594.0,2025-01-08T13:45:00+05:30,1600.3,breakout_down,breakout_up,-252.0,205.13,12.78,38.33,-508.24,4.94
NSE:TATACONSUM,SHORT,35,2025-01-07T15:00:00+05:30,956.05,2025-01-08T14:00:00+05:30,960.4,breakout_down,breakout_up,-152.25,137.68,6.71,20.12,-316.76,0.96
NSE:WIPRO,SHORT,400,2025-01-08T11:45:00+05:30,289.9,2025-01-08T14:30:00+05:30,295.2,breakout_down,breakout_up,-2120.0,88.21,23.4,70.21,-2301.83,0.11
NSE:HCLTECH,SHORT,25,2025-01-07T10:30:00+05:30,1928.05,2025-01-08T14:30:00+05:30,1930.7,breakout_down,breakout_up,-66.25,170.33,9.65,28.94,-275.17,1.17
NSE:INFY,SHORT,25,2025-01-07T12:00:00+05:30,1928.55,2025-01-08T15:00:00+05:30,1937.0,breakout_down,breakout_up,-211.25,170.53,9.66,28.99,-420.44,1.12
NSE:TCS,LONG,10,2025-01-08T13:30:00+05:30,4080.5,2025-01-09T13:00:00+05:30,4041.8,breakout_up,breakout_down,-387.0,153.42,8.12,24.37,-572.91,0.98
NSE:INFY,LONG,25,2025-01-09T09:15:00+05:30,1941.8,2025-01-09T13:00:00+05:30,1917.7,breakout_up,breakout_down,-602.5,64.14,9.65,28.95,-705.23,0.16
NSE:WIPRO,LONG,380,2025-01-08T14:45:00+05:30,296.6,2025-01-09T13:00:00+05:30,292.0,breakout_up,breakout_down,-1748.0,311.81,22.37,67.1,-2149.27,0.93
NSE:ITC,LONG,110,2025-01-08T13:30:00+05:30,447.8,2025-01-10T09:15:00+05:30,446.85,breakout_up,breakout_down,-104.5,172.5,9.84,29.52,-316.36,1.82
NSE:HINDUNILVR,LONG,30,2025-01-08T13:30:00+05:30,2404.95,2025-01-10T09:15:00+05:30,2420.0,breakout_up,breakout_down,451.5,223.94,14.47,43.42,169.66,1.82
NSE:TATACONSUM,LONG,35,2025-01-08T15:00:00+05:30,962.75,2025-01-10T09:15:00+05:30,961.95,breakout_up,breakout_down,-28.0,137.99,6.74,20.21,-192.94,1.76
NSE:BHARTIARTL,LONG,40,2025-01-08T14:00:00+05:30,1603.6,2025-01-10T09:45:00+05:30,1595.45,breakout_up,breakout_down,-326.0,205.35,12.8,38.39,-582.53,1.82
NSE:WIPRO,LONG,370,2025-01-10T09:15:00+05:30,299.15,2025-01-13T09:15:00+05:30,296.35,breakout_up,breakout_down,-1036.0,308.05,22.03,66.1,-1432.18,3.0
NSE:TATACONSUM,LONG,35,2025-01-10T13:45:00+05:30,977.65,2025-01-13T09:15:00+05:30,961.3,breakout_up,breakout_down,-572.25,138.58,6.79,20.36,-737.98,2.81
NSE:BHARTIARTL,LONG,40,2025-01-10T13:45:00+05:30,1622.8,2025-01-13T09:15:00+05:30,1600.35,breakout_up,breakout_down,-898.0,206.46,12.89,38.68,-1156.03,2.81
NSE:INFY,LONG,25,2025-01-10T09:15:00+05:30,1945.9,2025-01-13T14:45:00+05:30,1960.95,breakout_up,breakout_down,376.25,171.64,9.77,29.3,165.54,3.23
NSE:HCLTECH,LONG,25,2025-01-08T14:45:00+05:30,1934.2,2025-01-13T15:15:00+05:30,1975.0,breakout_up,breakout_down,1020.0,171.65,9.77,29.32,809.25,5.02
NSE:BANKNIFTY,SHORT,1.709659141646748,2025-01-03T14:00:00+05:30,51009.6,2025-01-14T09:15:00+05:30,48574.5,breakout_down,breakout_up,4163.19,69.98,3.41,17.03,4072.78,10.8
NSE:TCS,LONG,10,2025-01-10T09:15:00+05:30,4213.9,2025-01-14T09:15:00+05:30,4255.95,breakout_up,breakout_down,420.5,157.22,8.47,25.41,229.4,4.0
NSE:SBIN,SHORT,80,2025-01-03T14:00:00+05:30,795.7,2025-01-14T09:15:00+05:30,745.0,breakout_down,breakout_up,4056.0,199.79,12.33,36.98,3806.91,10.8
NSE:ADANIGREEN,SHORT,100,2025-01-08T09:15:00+05:30,991.8,2025-01-14T09:15:00+05:30,938.55,breakout_down,breakout_up,5325.0,277.24,19.3,57.91,4970.55,6.0
NSE:BHARTIARTL,SHORT,40,2025-01-13T14:30:00+05:30,1590.0,2025-01-14T09:15:00+05:30,1618.1,breakout_down,breakout_up,-1124.0,205.81,12.83,38.5,-1381.14,0.78
NSE:HDFCBANK,SHORT,135,2025-01-03T09:45:00+05:30,442.64,2025-01-14T09:45:00+05:30,412.15,breakout_down,breakout_up,4116.15,191.05,11.54,34.62,3878.94,11.0
NSE:NIFTY,SHORT,4.103346251561701,2025-01-06T09:45:00+05:30,23942.0,2025-01-14T11:00:00+05:30,23260.05,breakout_down,breakout_up,2798.28,72.94,3.87,19.37,2702.09,8.05
NSE:SENSEX,SHORT,1.1819961053103425,2025-01-06T10:30:00+05:30,78842.2,2025-01-14T11:00:00+05:30,76824.95,breakout_down,breakout_up,2384.38,71.63,3.68,18.4,2290.67,8.02
NSE:TATASTEEL,SHORT,575,2025-01-06T09:30:00+05:30,135.36,2025-01-14T11:00:00+05:30,126.33,breakout_down,breakout_up,5192.25,229.95,15.05,45.14,4902.11,8.06
NSE:ICICIBANK,SHORT,55,2025-01-08T10:30:00+05:30,1264.4,2025-01-14T14:00:00+05:30,1241.45,breakout_down,breakout_up,1262.25,216.19,13.78,41.35,990.93,6.15
NSE:TATACONSUM,LONG,35,2025-01-14T10:45:00+05:30,973.7,2025-01-14T14:15:00+05:30,960.1,breakout_up,breakout_down,-476.0,59.08,6.77,20.3,-562.15,0.15
NSE:LT,SHORT,35,2025-01-09T09:15:00+05:30,3546.8,2025-01-15T09:15:00+05:30,3492.9,breakout_down,breakout_up,1886.5,336.78,24.64,73.92,1451.16,6.0
NSE:INFY,SHORT,25,2025-01-14T09:15:00+05:30,1941.05,2025-01-15T10:15:00+05:30,1955.05,breakout_down,breakout_up,-350.0,171.39,9.74,29.22,-560.35,1.04
NSE:ITC,SHORT,110,2025-01-10T09:30:00+05:30,445.7,2025-01-15T11:00:00+05:30,441.05,breakout_down,breakout_up,511.5,171.48,9.75,29.26,301.0,5.06
NSE:BHARTIARTL,SHORT,35,2025-01-14T13:45:00+05:30,1581.0,2025-01-15T11:45:00+05:30,1610.8,breakout_down,breakout_up,-1043.0,187.35,11.17,33.51,-1275.03,0.92
NSE:HDFCBANK,LONG,150,2025-01-15T10:30:00+05:30,415.17,2025-01-15T13:15:00+05:30,409.88,breakout_up,breakout_down,-793.5,68.92,12.38,37.13,-911.92,0.11
NSE:TATASTEEL,LONG,655,2025-01-14T12:30:00+05:30,126.76,2025-01-15T13:15:00+05:30,126.39,breakout_up,breakout_down,-242.35,247.4,16.58,49.74,-556.08,1.03
NSE:BANKNIFTY,LONG,1.8783855807897991,2025-01-14T09:30:00+05:30,48589.4,2025-01-15T13:30:00+05:30,48554.4,breakout_up,breakout_down,-65.74,71.21,3.65,18.25,-158.85,1.17
NSE:TCS,SHORT,10,2025-01-14T12:45:00+05:30,4241.65,2025-01-15T15:00:00+05:30,4251.9,breakout_down,breakout_up,-102.5,157.52,8.49,25.48,-293.99,1.09
NSE:HINDUNILVR,SHORT,25,2025-01-14T10:00:00+05:30,2420.2,2025-01-15T15:00:00+05:30,2375.1,breakout_down,breakout_up,1127.5,196.26,11.99,35.96,883.29,1.21
NSE:ICICIBANK,SHORT,55,2025-01-15T13:30:00+05:30,1230.3,2025-01-16T09:15:00+05:30,1251.4,breakout_down,breakout_up,-1160.5,214.89,13.65,40.95,-1429.99,0.82
NSE:LT,LONG,35,2025-01-15T10:00:00+05:30,3513.25,2025-01-16T10:00:00+05:30,3489.0,breakout_up,breakout_down,-848.75,335.53,24.51,73.52,-1282.31,1.0
NSE:TCS,LONG,10,2025-01-15T15:15:00+05:30,4255.4,2025-01-16T12:00:00+05:30,4204.2,breakout_up,breakout_down,-512.0,157.17,8.46,25.38,-703.01,0.86
NSE:HINDUNILVR,SHORT,30,2025-01-16T10:00:00+05:30,2342.85,2025-01-16T15:15:00+05:30,2349.5,breakout_down,breakout_up,-199.5,71.99,14.08,42.23,-327.79,0.22
NSE:NIFTY,LONG,4.336023022186822,2025-01-15T10:45:00+05:30,23278.55,2025-01-17T09:15:00+05:30,23220.7,breakout_up,breakout_down,-250.84,73.71,4.03,20.16,-348.74,1.94
NSE:BANKNIFTY,LONG,1.8487753961613156,2025-01-16T09:15:00+05:30,49281.95,2025-01-17T09:15:00+05:30,48798.7,breakout_up,breakout_down,-893.42,70.98,3.63,18.13,-986.16,1.0
NSE:SENSEX,LONG,1.2413262673722103,2025-01-15T10:30:00+05:30,76913.7,2025-01-17T09:15:00+05:30,76695.15,breakout_up,breakout_down,-271.29,72.27,3.81,19.07,-366.44,1.95
NSE:ITC,SHORT,110,2025-01-15T15:15:00+05:30,437.0,2025-01-17T09:15:00+05:30,434.6,breakout_down,breakout_up,264.0,169.65,9.59,28.76,56.0,1.75
NSE:TATASTEEL,SHORT,655,2025-01-15T14:15:00+05:30,125.91,2025-01-17T09:15:00+05:30,128.65,breakout_down,breakout_up,-1794.7,248.55,16.67,50.02,-2109.94,1.79
NSE:ADANIGREEN,LONG,110,2025-01-14T09:30:00+05:30,953.0,2025-01-17T09:15:00+05:30,1062.3,breakout_up,breakout_down,12023.0,308.57,22.17,66.5,11625.76,2.99
NSE:TATACONSUM,SHORT,35,2025-01-15T09:15:00+05:30,948.25,2025-01-17T09:30:00+05:30,948.35,breakout_down,breakout_up,-3.5,136.89,6.64,19.91,-166.95,2.01
NSE:SBIN,LONG,90,2025-01-14T10:30:00+05:30,749.25,2025-01-17T13:15:00+05:30,760.5,breakout_up,breakout_down,1012.5,214.04,13.59,40.76,744.1,3.11
NSE:HCLTECH,SHORT,25,2025-01-14T09:15:00+05:30,1814.0,2025-01-17T14:15:00+05:30,1790.35,breakout_down,breakout_up,591.25,163.22,9.01,27.03,391.99,3.21
NSE:HINDUNILVR,LONG,30,2025-01-17T09:15:00+05:30,2351.85,2025-01-17T15:00:00+05:30,2353.0,breakout_up,breakout_down,34.5,72.08,14.11,42.34,-94.04,0.24
NSE:BANKNIFTY,SHORT,1.8540802202139246,2025-01-17T09:30:00+05:30,48610.65,2025-01-20T09:15:00+05:30,48864.25,breakout_down,breakout_up,-470.19,70.94,3.61,18.07,-562.82,2.99
NSE:WIPRO,SHORT,370,2025-01-13T09:45:00+05:30,294.75,2025-01-20T09:15:00+05:30,303.4,breakout_down,breakout_up,-3200.5,309.3,22.13,66.39,-3598.33,6.98
NSE:BHARTIARTL,LONG,35,2025-01-16T10:00:00+05:30,1621.6,2025-01-20T09:15:00+05:30,1620.15,breakout_up,breakout_down,-50.75,189.21,11.35,34.04,-285.35,3.97
NSE:ITC,LONG,110,2025-01-17T09:30:00+05:30,436.75,2025-01-20T09:45:00+05:30,437.65,breakout_up,breakout_down,99.0,170.0,9.62,28.86,-109.48,3.01
NSE:TATACONSUM,LONG,35,2025-01-17T10:15:00+05:30,952.75,2025-01-20T09:45:00+05:30,946.55,breakout_up,breakout_down,-217.0,137.02,6.65,19.94,-380.61,2.98
NSE:ADANIGREEN,LONG,105,2025-01-17T10:15:00+05:30,1083.9,2025-01-20T09:45:00+05:30,1060.1,breakout_up,breakout_down,-2499.0,313.48,22.51,67.54,-2902.52,2.98
NSE:HDFCBANK,SHORT,150,2025-01-17T09:15:00+05:30,410.6,2025-01-20T10:15:00+05:30,410.96,breakout_down,breakout_up,-54.75,200.08,12.32,36.97,-304.12,3.04
NSE:NIFTY,SHORT,4.353044495103467,2025-01-17T10:45:00+05:30,23107.65,2025-01-20T11:15:00+05:30,23330.95,breakout_down,breakout_up,-972.03,73.71,4.04,20.21,-1070.01,3.02
NSE:SENSEX,SHORT,1.246687975432553,2025-01-17T10:45:00+05:30,76289.86,2025-01-20T11:15:00+05:30,77115.82,breakout_down,breakout_up,-1029.71,72.27,3.82,19.12,-1124.94,3.02
NSE:ICICIBANK,SHORT,55,2025-01-17T09:15:00+05:30,1238.5,2025-01-20T11:30:00+05:30,1229.5,breakout_down,breakout_up,495.0,213.93,13.57,40.72,226.77,3.09
NSE:INFY,SHORT,25,2025-01-16T11:00:00+05:30,1942.45,2025-01-21T09:15:00+05:30,1826.05,breakout_down,breakout_up,2910.0,167.6,9.42,28.26,2704.71,4.93
NSE:ITC,SHORT,110,2025-01-20T10:00:00+05:30,437.2,2025-01-21T09:15:00+05:30,441.25,breakout_down,breakout_up,-445.5,170.54,9.66,28.99,-654.69,0.97
NSE:SBIN,LONG,85,2025-01-20T09:15:00+05:30,771.8,2025-01-21T09:30:00+05:30,773.85,breakout_up,breakout_down,174.25,209.11,13.14,39.41,-87.41,1.01
NSE:SENSEX,LONG,1.2167443842166081,2025-01-20T11:30:00+05:30,77245.54,2025-01-21T09:45:00+05:30,76775.91,breakout_up,breakout_down,-571.42,71.81,3.75,18.74,-665.72,0.93
NSE:NIFTY,LONG,4.258146343080365,2025-01-20T11:30:00+05:30,23372.1,2025-01-21T10:00:00+05:30,23266.4,breakout_up,breakout_down,-450.09,73.29,3.97,19.86,-547.21,0.94
NSE:BANKNIFTY,LONG,1.8316059773661706,2025-01-20T09:30:00+05:30,48900.75,2025-01-21T10:00:00+05:30,49034.45,breakout_up,breakout_down,244.89,70.83,3.59,17.94,152.53,1.02
NSE:HDFCBANK,LONG,150,2025-01-20T11:15:00+05:30,413.94,2025-01-21T10:00:00+05:30,411.31,breakout_up,breakout_down,-393.75,200.72,12.38,37.14,-643.98,0.95
NSE:ICICIBANK,LONG,55,2025-01-20T12:15:00+05:30,1232.55,2025-01-21T10:00:00+05:30,1222.95,breakout_up,breakout_down,-528.0,213.24,13.51,40.52,-795.26,0.91
NSE:LT,LONG,35,2025-01-17T09:15:00+05:30,3558.45,2025-01-21T10:00:00+05:30,3579.65,breakout_up,breakout_down,742.0,340.7,24.98,74.95,301.37,4.03
NSE:TATASTEEL,LONG,620,2025-01-17T12:00:00+05:30,130.1,2025-01-21T10:15:00+05:30,129.9,breakout_up,breakout_down,-124.0,242.27,16.12,48.36,-430.75,3.93
NSE:HINDUNILVR,SHORT,30,2025-01-20T13:00:00+05:30,2344.0,2025-01-21T11:45:00+05:30,2372.9,breakout_down,breakout_up,-867.0,220.44,14.15,42.45,-1144.04,0.95
NSE:BHARTIARTL,SHORT,35,2025-01-21T10:15:00+05:30,1622.8,2025-01-21T11:45:00+05:30,1653.8,breakout_down,breakout_up,-1085.0,67.29,11.47,34.4,-1198.16,0.06
NSE:LT,SHORT,35,2025-01-21T10:15:00+05:30,3563.75,2025-01-21T11:45:00+05:30,3633.1,breakout_down,breakout_up,-2427.25,91.32,25.19,75.57,-2619.33,0.06
NSE:WIPRO,LONG,350,2025-01-21T09:15:00+05:30,303.7,2025-01-21T12:15:00+05:30,298.55,breakout_up,breakout_down,-1802.5,84.15,21.08,63.24,-1970.96,0.12
NSE:INFY,LONG,30,2025-01-21T11:45:00+05:30,1829.85,2025-01-21T14:30:00+05:30,1800.0,breakout_up,breakout_down,-895.5,66.29,10.89,32.67,-1005.35,0.11
NSE:ITC,LONG,105,2025-01-21T11:45:00+05:30,444.55,2025-01-21T14:30:00+05:30,436.65,breakout_up,breakout_down,-829.5,63.41,9.25,27.76,-929.92,0.11
NSE:TATACONSUM,LONG,30,2025-01-21T09:15:00+05:30,965.6,2025-01-22T09:30:00+05:30,962.45,breakout_up,breakout_down,-94.5,127.41,5.78,17.35,-245.05,1.01
NSE:TCS,SHORT,10,2025-01-16T13:00:00+05:30,4199.25,2025-01-22T10:15:00+05:30,4114.35,breakout_down,breakout_up,849.0,155.45,8.31,24.94,660.3,5.89
NSE:HDFCBANK,SHORT,150,2025-01-21T10:15:00+05:30,409.59,2025-01-22T14:15:00+05:30,416.24,breakout_down,breakout_up,-997.5,200.86,12.39,37.16,-1247.91,1.17
NSE:ADANIGREEN,SHORT,110,2025-01-21T09:45:00+05:30,1052.2,2025-01-22T14:15:00+05:30,1025.45,breakout_down,breakout_up,2942.5,316.87,22.85,68.56,2534.21,1.19
NSE:NIFTY,SHORT,4.2770022841244115,2025-01-21T10:15:00+05:30,23141.5,2025-01-22T14:45:00+05:30,23159.4,breakout_down,breakout_up,-76.56,73.25,3.96,19.8,-173.57,1.19
NSE:SENSEX,SHORT,1.2169275711162517,2025-01-21T10:00:00+05:30,76688.5,2025-01-22T14:45:00+05:30,76417.45,breakout_down,breakout_up,329.85,71.75,3.73,18.63,235.74,1.2
NSE:BANKNIFTY,SHORT,1.838886220034301,2025-01-21T10:15:00+05:30,48789.85,2025-01-22T15:00:00+05:30,48768.65,breakout_down,breakout_up,38.98,70.81,3.59,17.94,-53.35,1.2
NSE:TATASTEEL,SHORT,615,2025-01-21T14:30:00+05:30,129.52,2025-01-23T09:30:00+05:30,129.34,breakout_down,breakout_up,110.7,240.03,15.92,47.76,-193.01,1.79
NSE:HCLTECH,LONG,25,2025-01-21T09:15:00+05:30,1811.35,2025-01-23T11:00:00+05:30,1809.25,breakout_up,breakout_down,-52.5,163.72,9.05,27.15,-252.42,2.07
NSE:TCS,LONG,10,2025-01-22T10:30:00+05:30,4131.95,2025-01-23T14:00:00+05:30,4154.2,breakout_up,breakout_down,222.5,155.19,8.29,24.86,34.16,1.15
NSE:NIFTY,LONG,4.265330979892428,2025-01-22T15:00:00+05:30,23164.25,2025-01-24T09:45:00+05:30,23145.85,breakout_up,breakout_down,-78.48,73.19,3.95,19.75,-175.37,1.78
NSE:BANKNIFTY,LONG,1.837916471006654,2025-01-23T10:00:00+05:30,48786.65,2025-01-24T09:45:00+05:30,48376.9,breakout_up,breakout_down,-753.09,70.63,3.57,17.86,-845.15,0.99
NSE:SENSEX,LONG,1.22392358190199,2025-01-22T15:00:00+05:30,76442.18,2025-01-24T09:45:00+05:30,76368.74,breakout_up,breakout_down,-89.88,71.8,3.74,18.7,-184.13,1.78
NSE:HINDUNILVR,SHORT,30,2025-01-23T09:15:00+05:30,2263.9,2025-01-24T10:15:00+05:30,2342.55,breakout_down,breakout_up,-2359.5,216.87,13.82,41.46,-2631.65,1.04
NSE:ICICIBANK,SHORT,55,2025-01-21T10:15:00+05:30,1218.15,2025-01-24T11:00:00+05:30,1217.25,breakout_down,breakout_up,49.5,211.97,13.39,40.18,-216.05,3.03
NSE:HDFCBANK,LONG,145,2025-01-22T14:45:00+05:30,417.37,2025-01-24T13:15:00+05:30,413.4,breakout_up,breakout_down,-574.93,197.03,12.05,36.14,-820.14,1.94
NSE:NIFTY,LONG,4.229028517618087,2025-01-24T11:30:00+05:30,23321.75,2025-01-24T14:30:00+05:30,23081.35,breakout_up,breakout_down,-1016.66,72.93,3.92,19.62,-1113.14,0.12
NSE:SENSEX,LONG,1.214016096953756,2025-01-24T11:30:00+05:30,76914.8,2025-01-24T14:30:00+05:30,76166.38,breakout_up,breakout_down,-908.59,71.57,3.72,18.58,-1002.47,0.12
NSE:TATASTEEL,LONG,615,2025-01-23T10:00:00+05:30,129.63,2025-01-24T14:45:00+05:30,130.0,breakout_up,breakout_down,227.55,240.55,15.97,47.9,-76.86,1.2
NSE:INFY,LONG,30,2025-01-22T10:30:00+05:30,1835.5,2025-01-27T09:15:00+05:30,1855.35,breakout_up,breakout_down,595.5,186.13,11.07,33.22,365.08,4.95
NSE:WIPRO,LONG,340,2025-01-22T09:30:00+05:30,303.95,2025-01-27T09:15:00+05:30,317.65,breakout_up,breakout_down,4658.0,297.63,21.13,63.4,4275.83,4.99
NSE:ADANIGREEN,LONG,115,2025-01-22T14:30:00+05:30,1028.35,2025-01-27T09:15:00+05:30,984.9,breakout_up,breakout_down,-4996.75,320.78,23.15,69.46,-5410.14,4.78
NSE:BHARTIARTL,LONG,35,2025-01-23T09:30:00+05:30,1638.45,2025-01-27T09:15:00+05:30,1628.95,breakout_up,breakout_down,-332.5,190.23,11.44,34.31,-568.48,3.99
NSE:TATACONSUM,LONG,30,2025-01-23T09:30:00+05:30,975.85,2025-01-27T10:00:00+05:30,986.3,breakout_up,breakout_down,313.5,128.52,5.89,17.66,161.44,4.02
NSE:SBIN,SHORT,85,2025-01-21T09:45:00+05:30,772.4,2025-01-27T11:45:00+05:30,751.5,breakout_down,breakout_up,1776.5,206.94,12.95,38.86,1517.75,6.08
NSE:ITC,LONG,105,2025-01-23T09:30:00+05:30,440.3,2025-01-27T13:30:00+05:30,438.2,breakout_up,breakout_down,-220.5,165.65,9.22,27.67,-423.05,4.17
NSE:LT,SHORT,30,2025-01-21T14:30:00+05:30,3536.5,2025-01-27T15:15:00+05:30,3472.9,breakout_down,breakout_up,1908.0,296.66,21.03,63.08,1527.23,6.03
NSE:BANKNIFTY,SHORT,1.841316357163703,2025-01-24T14:30:00+05:30,48238.95,2025-01-28T09:15:00+05:30,48565.3,breakout_down,breakout_up,-600.91,70.6,3.56,17.82,-692.91,3.78
NSE:HDFCBANK,SHORT,145,2025-01-24T15:15:00+05:30,411.25,2025-01-28T09:15:00+05:30,413.39,breakout_down,breakout_up,-310.3,196.03,11.96,35.87,-554.15,3.75
NSE:TCS,SHORT,10,2025-01-23T14:15:00+05:30,4146.4,2025-01-28T09:15:00+05:30,4099.95,breakout_down,breakout_up,464.5,154.73,8.25,24.74,276.78,4.79
NSE:INFY,SHORT,30,2025-01-27T10:45:00+05:30,1836.95,2025-01-28T09:15:00+05:30,1856.95,breakout_down,breakout_up,-600.0,186.32,11.08,33.25,-830.64,0.94
NSE:SENSEX,SHORT,1.2188461110023245,2025-01-27T09:15:00+05:30,75789.99,2025-01-28T11:00:00+05:30,75976.94,breakout_down,breakout_up,-227.86,71.52,3.7,18.5,-321.58,1.07
NSE:NIFTY,SHORT,4.246102404817937,2025-01-27T09:15:00+05:30,22966.6,2025-01-28T11:30:00+05:30,23007.3,breakout_down,breakout_up,-172.82,72.87,3.9,19.52,-269.11,1.09
NSE:TATACONSUM,SHORT,30,2025-01-27T10:30:00+05:30,980.15,2025-01-28T11:45:00+05:30,976.95,breakout_down,breakout_up,96.0,128.37,5.87,17.61,-55.85,1.05
NSE:TATASTEEL,SHORT,615,2025-01-24T15:00:00+05:30,129.78,2025-01-28T12:00:00+05:30,129.59,breakout_down,breakout_up,116.85,240.38,15.95,47.85,-187.33,3.88
NSE:BHARTIARTL,SHORT,35,2025-01-27T10:30:00+05:30,1613.0,2025-01-28T14:15:00+05:30,1625.4,breakout_down,breakout_up,-434.0,189.11,11.33,34.0,-668.45,1.16
NSE:ICICIBANK,LONG,55,2025-01-27T09:30:00+05:30,1222.2,2025-01-28T14:45:00+05:30,1249.7,breakout_up,breakout_down,1512.5,214.09,13.6,40.79,1244.03,1.22
NSE:INFY,LONG,25,2025-01-28T09:30:00+05:30,1859.8,2025-01-28T14:45:00+05:30,1828.8,breakout_up,breakout_down,-775.0,63.37,9.22,27.66,-875.25,0.22
NSE:HINDUNILVR,LONG,25,2025-01-24T10:30:00+05:30,2345.9,2025-01-29T09:15:00+05:30,2375.35,breakout_up,breakout_down,736.25,194.23,11.8,35.41,494.8,4.95
NSE:WIPRO,SHORT,345,2025-01-27T10:15:00+05:30,312.55,2025-01-29T09:15:00+05:30,307.9,breakout_down,breakout_up,1604.25,300.87,21.41,64.22,1217.75,1.96
NSE:BHARTIARTL,LONG,35,2025-01-28T14:30:00+05:30,1628.4,2025-01-29T14:30:00+05:30,1607.1,breakout_up,breakout_down,-745.5,189.02,11.32,33.97,-979.82,1.0
NSE:TATACONSUM,SHORT,30,2025-01-28T14:00:00+05:30,961.85,2025-01-29T15:00:00+05:30,960.75,breakout_down,breakout_up,33.0,127.22,5.77,17.3,-117.29,1.04
NSE:ITC,SHORT,105,2025-01-27T14:15:00+05:30,437.35,2025-01-30T10:15:00+05:30,436.65,breakout_down,breakout_up,73.5,165.1,9.18,27.53,-128.31,2.83
NSE:LT,LONG,35,2025-01-30T09:15:00+05:30,3462.0,2025-01-30T12:00:00+05:30,3417.5,breakout_up,breakout_down,-1557.5,89.46,24.08,72.23,-1743.27,0.11
NSE:WIPRO,LONG,355,2025-01-29T09:30:00+05:30,309.65,2025-01-30T13:15:00+05:30,307.7,breakout_up,breakout_down,-692.25,306.72,21.92,65.75,-1086.63,1.16
NSE:ICICIBANK,SHORT,55,2025-01-30T09:15:00+05:30,1239.65,2025-01-30T13:30:00+05:30,1255.35,breakout_down,breakout_up,-863.5,71.29,13.72,41.17,-989.68,0.18
NSE:BHARTIARTL,SHORT,35,2025-01-29T14:45:00+05:30,1595.15,2025-01-30T13:30:00+05:30,1633.45,breakout_down,breakout_up,-1340.5,188.8,11.3,33.9,-1574.5,0.95
NSE:INFY,LONG,25,2025-01-29T09:15:00+05:30,1863.9,2025-01-30T13:45:00+05:30,1853.15,breakout_up,breakout_down,-268.75,166.41,9.29,27.88,-472.33,1.19
NSE:TCS,LONG,10,2025-01-29T09:15:00+05:30,4081.0,2025-01-30T14:00:00+05:30,4078.0,breakout_up,breakout_down,-30.0,153.8,8.16,24.48,-216.43,1.2
NSE:INFY,SHORT,25,2025-01-30T14:00:00+05:30,1848.15,2025-01-31T09:15:00+05:30,1886.0,breakout_down,breakout_up,-946.25,166.94,9.34,28.01,-1150.53,0.8
NSE:WIPRO,SHORT,355,2025-01-30T13:45:00+05:30,307.05,2025-01-31T09:15:00+05:30,313.8,breakout_down,breakout_up,-2396.25,308.23,22.04,66.12,-2792.64,0.81
NSE:BHARTIARTL,LONG,30,2025-01-30T15:00:00+05:30,1641.95,2025-01-31T09:15:00+05:30,1598.7,breakout_up,breakout_down,-1297.5,171.26,9.72,29.17,-1507.65,0.76
NSE:LT,SHORT,35,2025-01-30T14:30:00+05:30,3399.4,2025-01-31T09:15:00+05:30,3547.65,breakout_down,breakout_up,-5188.75,333.71,24.31,72.94,-5619.72,0.78
NSE:HCLTECH,SHORT,25,2025-01-23T15:00:00+05:30,1804.45,2025-01-31T09:30:00+05:30,1733.9,breakout_down,breakout_up,1763.75,161.3,8.85,26.54,1567.07,7.77
NSE:ICICIBANK,LONG,55,2025-01-30T15:00:00+05:30,1257.15,2025-01-31T11:00:00+05:30,1241.35,breakout_up,breakout_down,-869.0,215.9,13.74,41.23,-1139.86,0.83
NSE:ADANIGREEN,SHORT,115,2025-01-28T09:30:00+05:30,978.5,2025-01-31T12:00:00+05:30,988.2,breakout_down,breakout_up,-1115.5,314.54,22.62,67.85,-1520.51,3.1
NSE:BHARTIARTL,SHORT,30,2025-01-31T09:30:00+05:30,1577.35,2025-01-31T14:30:00+05:30,1630.95,breakout_down,breakout_up,-1608.0,63.98,9.62,28.87,-1710.48,0.21
NSE:ICICIBANK,SHORT,55,2025-01-31T11:30:00+05:30,1239.85,2025-01-31T15:00:00+05:30,1253.8,breakout_down,breakout_up,-767.25,71.29,13.72,41.15,-893.4,0.15
NSE:HCLTECH,LONG,30,2025-01-31T15:15:00+05:30,1730.0,2025-02-01T09:45:00+05:30,1711.95,breakout_up,breakout_down,-541.5,177.91,10.33,30.98,-760.72,0.77
NSE:SENSEX,LONG,1.2097739152698792,2025-01-28T11:30:00+05:30,76093.32,2025-02-01T11:45:00+05:30,77222.07,breakout_up,breakout_down,1365.53,71.73,3.71,18.55,1271.54,4.01
NSE:ITC,LONG,105,2025-01-30T10:45:00+05:30,437.1,2025-02-01T11:45:00+05:30,440.95,breakout_up,breakout_down,404.25,165.55,9.22,27.66,201.82,2.04
NSE:SBIN,LONG,90,2025-01-28T14:30:00+05:30,759.0,2025-02-01T11:45:00+05:30,769.05,breakout_up,breakout_down,904.5,215.88,13.75,41.26,633.61,3.89
NSE:LT,LONG,30,2025-02-01T09:45:00+05:30,3615.8,2025-02-01T11:45:00+05:30,3519.35,breakout_up,breakout_down,-2893.5,84.6,21.41,64.22,-3063.73,0.08
NSE:BANKNIFTY,LONG,1.810682285080079,2025-01-28T09:45:00+05:30,48673.55,2025-02-01T12:00:00+05:30,49286.45,breakout_up,breakout_down,1109.77,70.64,3.55,17.74,1017.84,4.09
NSE:HDFCBANK,LONG,140,2025-01-28T09:45:00+05:30,415.92,2025-02-01T12:00:00+05:30,421.5,breakout_up,breakout_down,781.9,193.35,11.72,35.17,541.66,4.09
NSE:TATASTEEL,LONG,610,2025-01-28T12:15:00+05:30,129.78,2025-02-01T12:15:00+05:30,132.58,breakout_up,breakout_down,1708.0,240.84,16.0,48.01,1403.14,4.0
NSE:BHARTIARTL,LONG,30,2025-02-01T11:30:00+05:30,1643.45,2025-02-01T12:15:00+05:30,1611.95,breakout_up,breakout_down,-945.0,64.31,9.77,29.3,-1048.37,0.03
NSE:ICICIBANK,LONG,50,2025-02-01T11:15:00+05:30,1260.15,2025-02-01T13:00:00+05:30,1236.35,breakout_up,breakout_down,-1190.0,69.07,12.48,37.45,-1309.0,0.07
NSE:ADANIGREEN,LONG,110,2025-01-31T12:15:00+05:30,994.35,2025-02-03T09:15:00+05:30,984.5,breakout_up,breakout_down,-1083.5,305.1,21.77,65.3,-1475.67,2.88
NSE:HINDUNILVR,LONG,25,2025-01-30T15:15:00+05:30,2420.0,2025-02-03T11:00:00+05:30,2453.4,breakout_up,breakout_down,835.0,198.45,12.18,36.55,587.81,3.82
NSE:ITC,LONG,100,2025-02-01T12:00:00+05:30,454.9,2025-02-03T11:45:00+05:30,453.2,breakout_up,breakout_down,-170.0,164.05,9.08,27.24,-370.38,1.99
NSE:TATACONSUM,LONG,30,2025-01-30T09:15:00+05:30,966.95,2025-02-03T11:45:00+05:30,1043.3,breakout_up,breakout_down,2290.5,129.97,6.03,18.09,2136.4,4.1
NSE:WIPRO,SHORT,345,2025-02-01T12:15:00+05:30,305.55,2025-02-03T12:45:00+05:30,311.0,breakout_down,breakout_up,-1880.25,299.64,21.27,63.81,-2264.97,2.02
NSE:INFY,SHORT,25,2025-02-01T12:00:00+05:30,1868.55,2025-02-03T13:00:00+05:30,1871.6,breakout_down,breakout_up,-76.25,167.04,9.35,28.05,-280.69,2.04
NSE:TCS,SHORT,10,2025-01-30T14:15:00+05:30,4070.5,2025-02-03T14:15:00+05:30,4074.2,breakout_down,breakout_up,-37.0,153.64,8.14,24.43,-223.22,4.0
NSE:TATASTEEL,SHORT,615,2025-02-01T12:30:00+05:30,131.13,2025-02-03T15:00:00+05:30,131.76,breakout_down,breakout_up,-387.45,242.82,16.17,48.5,-694.94,2.1
NSE:BANKNIFTY,SHORT,1.8096053511792052,2025-02-01T12:30:00+05:30,49263.3,2025-02-04T09:15:00+05:30,49610.7,breakout_down,breakout_up,-628.66,70.69,3.58,17.89,-720.82,2.86
NSE:HDFCBANK,SHORT,140,2025-02-01T12:15:00+05:30,421.43,2025-02-04T09:15:00+05:30,424.15,breakout_down,breakout_up,-381.5,194.71,11.84,35.51,-623.56,2.88
NSE:SBIN,SHORT,90,2025-02-01T12:00:00+05:30,762.95,2025-02-04T09:15:00+05:30,769.35,breakout_down,breakout_up,-576.0,216.42,13.79,41.37,-847.58,2.89
NSE:HCLTECH,SHORT,30,2025-02-01T12:15:00+05:30,1700.2,2025-02-04T09:15:00+05:30,1702.1,breakout_down,breakout_up,-57.0,176.56,10.21,30.62,-274.38,2.88
NSE:LT,SHORT,30,2025-02-01T12:15:00+05:30,3444.9,2025-02-04T09:15:00+05:30,3353.15,breakout_down,breakout_up,2752.5,289.55,20.39,61.18,2381.37,2.88
NSE:BHARTIARTL,LONG,30,2025-02-03T10:15:00+05:30,1646.55,2025-02-04T10:00:00+05:30,1630.0,breakout_up,breakout_down,-496.5,172.4,9.83,29.49,-708.22,0.99
NSE:SBIN,LONG,90,2025-02-04T09:30:00+05:30,774.5,2025-02-05T11:45:00+05:30,772.3,breakout_up,breakout_down,-198.0,217.84,13.92,41.76,-471.53,1.09
NSE:TCS,LONG,10,2025-02-04T09:15:00+05:30,4077.5,2025-02-05T12:00:00+05:30,4083.95,breakout_up,breakout_down,64.5,153.82,8.16,24.48,-121.96,1.11
NSE:LT,LONG,30,2025-02-04T09:30:00+05:30,3376.7,2025-02-05T12:45:00+05:30,3409.55,breakout_up,breakout_down,985.5,289.29,20.36,61.08,614.78,1.14
NSE:INFY,LONG,25,2025-02-04T09:15:00+05:30,1910.0,2025-02-05T14:45:00+05:30,1897.95,breakout_up,breakout_down,-301.25,168.94,9.52,28.56,-508.27,1.23
NSE:NIFTY,LONG,4.216309208365732,2025-01-28T13:00:00+05:30,23065.25,2025-02-05T15:00:00+05:30,23695.85,breakout_up,breakout_down,2658.8,73.38,3.94,19.72,2561.76,8.08
NSE:SENSEX,LONG,1.2010103834541965,2025-02-04T09:15:00+05:30,77704.12,2025-02-05T15:00:00+05:30,78284.11,breakout_up,breakout_down,696.57,71.92,3.75,18.73,602.18,1.24
NSE:ICICIBANK,LONG,50,2025-02-03T13:00:00+05:30,1259.95,2025-02-05T15:00:00+05:30,1268.1,breakout_up,breakout_down,407.5,203.56,12.64,37.92,153.38,2.08
NSE:BANKNIFTY,LONG,1.7703946974265916,2025-02-04T09:30:00+05:30,49948.45,2025-02-05T15:15:00+05:30,50299.9,breakout_up,breakout_down,622.21,70.61,3.55,17.75,530.3,1.24
NSE:INFY,SHORT,25,2025-02-05T15:00:00+05:30,1895.4,2025-02-06T09:15:00+05:30,1915.25,breakout_down,breakout_up,-496.25,169.03,9.53,28.58,-703.39,0.76
NSE:TATASTEEL,LONG,600,2025-02-04T09:15:00+05:30,133.18,2025-02-06T09:15:00+05:30,133.01,breakout_up,breakout_down,-102.0,240.62,15.97,47.91,-406.5,2.0
NSE:BHARTIARTL,LONG,30,2025-02-04T14:30:00+05:30,1654.8,2025-02-06T09:45:00+05:30,1642.6,breakout_up,breakout_down,-366.0,173.08,9.89,29.68,-578.65,1.8
NSE:TATACONSUM,SHORT,30,2025-02-04T10:00:00+05:30,1028.15,2025-02-06T13:15:00+05:30,1021.75,breakout_down,breakout_up,192.0,131.45,6.15,18.45,35.95,2.14
NSE:ADANIGREEN,LONG,110,2025-02-04T15:15:00+05:30,985.45,2025-02-06T13:45:00+05:30,997.1,breakout_up,breakout_down,1281.5,305.37,21.81,65.42,888.9,1.94
NSE:BANKNIFTY,SHORT,1.7696846639282364,2025-02-06T09:30:00+05:30,50267.25,2025-02-06T15:15:00+05:30,50427.1,breakout_down,breakout_up,-282.88,70.62,3.56,17.82,-374.89,0.24
NSE:TATASTEEL,SHORT,600,2025-02-06T11:00:00+05:30,132.39,2025-02-07T09:15:00+05:30,134.79,breakout_down,breakout_up,-1440.0,241.38,16.03,48.09,-1745.5,0.93
NSE:HCLTECH,LONG,30,2025-02-04T09:45:00+05:30,1710.0,2025-02-07T09:15:00+05:30,1708.05,breakout_up,breakout_down,-58.5,177.08,10.25,30.76,-276.6,2.98
NSE:BHARTIARTL,SHORT,30,2025-02-06T10:00:00+05:30,1639.3,2025-02-07T09:15:00+05:30,1680.0,breakout_down,breakout_up,-1221.0,173.88,9.96,29.87,-1434.71,0.97
NSE:INFY,LONG,25,2025-02-06T14:45:00+05:30,1912.9,2025-02-07T09:30:00+05:30,1899.4,breakout_up,breakout_down,-337.5,169.06,9.53,28.59,-544.69,0.78
NSE:WIPRO,LONG,330,2025-02-03T13:00:00+05:30,312.15,2025-02-07T09:30:00+05:30,314.4,breakout_up,breakout_down,742.5,292.83,20.68,62.03,366.96,3.85
NSE:ADANIGREEN,SHORT,110,2025-02-07T09:15:00+05:30,991.55,2025-02-07T11:15:00+05:30,1006.55,breakout_down,breakout_up,-1650.0,85.75,21.98,65.94,-1823.67,0.08
NSE:HDFCBANK,LONG,135,2025-02-04T09:30:00+05:30,424.89,2025-02-07T13:00:00+05:30,432.81,breakout_up,breakout_down,1069.88,191.72,11.58,34.74,831.84,3.15
NSE:TATASTEEL,LONG,580,2025-02-07T09:30:00+05:30,135.06,2025-02-10T09:15:00+05:30,135.17,breakout_up,breakout_down,63.8,237.29,15.67,47.02,-236.18,2.99
NSE:HINDUNILVR,SHORT,25,2025-02-03T11:15:00+05:30,2450.0,2025-02-10T09:15:00+05:30,2374.8,breakout_down,breakout_up,1880.0,197.03,12.06,36.19,1634.73,6.92
NSE:ADANIGREEN,LONG,105,2025-02-07T11:30:00+05:30,1009.45,2025-02-10T09:15:00+05:30,978.65,breakout_up,breakout_down,-3234.0,295.34,20.88,62.63,-3612.84,2.91
NSE:HCLTECH,SHORT,30,2025-02-07T09:30:00+05:30,1704.05,2025-02-10T11:15:00+05:30,1732.5,breakout_down,breakout_up,-853.5,177.76,10.31,30.93,-1072.5,3.07
NSE:BANKNIFTY,SHORT,1.766629786703919,2025-02-07T10:15:00+05:30,50142.6,2025-02-10T14:45:00+05:30,50022.45,breakout_down,breakout_up,212.26,70.51,3.54,17.7,120.52,3.19
NSE:HDFCBANK,SHORT,135,2025-02-07T13:15:00+05:30,432.39,2025-02-10T14:45:00+05:30,429.82,breakout_down,breakout_up,346.27,192.45,11.64,34.92,107.27,3.06
NSE:ICICIBANK,SHORT,50,2025-02-06T11:00:00+05:30,1265.65,2025-02-10T14:45:00+05:30,1263.8,breakout_down,breakout_up,92.5,203.66,12.65,37.94,-161.75,4.16
NSE:LT,SHORT,30,2025-02-05T14:00:00+05:30,3399.75,2025-02-10T15:00:00+05:30,3331.7,breakout_down,breakout_up,2041.5,287.38,20.19,60.58,1673.34,5.04
NSE:ADANIGREEN,SHORT,105,2025-02-10T09:30:00+05:30,969.8,2025-02-11T09:30:00+05:30,982.6,breakout_down,breakout_up,-1344.0,291.03,20.5,61.5,-1717.04,1.0
NSE:WIPRO,LONG,325,2025-02-10T09:15:00+05:30,319.45,2025-02-11T10:00:00+05:30,316.3,breakout_up,breakout_down,-1023.75,292.81,20.66,61.99,-1399.2,1.03
NSE:HINDUNILVR,LONG,30,2025-02-10T09:45:00+05:30,2390.85,2025-02-11T11:30:00+05:30,2343.1,breakout_up,breakout_down,-1432.5,221.05,14.2,42.61,-1710.36,1.07
NSE:HCLTECH,LONG,25,2025-02-10T14:30:00+05:30,1736.95,2025-02-11T13:00:00+05:30,1716.95,breakout_up,breakout_down,-500.0,159.12,8.63,25.9,-693.66,0.94
NSE:TATACONSUM,LONG,30,2025-02-06T13:45:00+05:30,1022.65,2025-02-11T13:00:00+05:30,1018.0,breakout_up,breakout_down,-139.5,131.17,6.12,18.37,-295.16,4.97
NSE:TATACONSUM,SHORT,30,2025-02-11T14:00:00+05:30,1016.0,2025-02-12T11:00:00+05:30,1030.5,breakout_down,breakout_up,-435.0,131.39,6.14,18.42,-590.94,0.88
NSE:LT,SHORT,35,2025-02-11T12:00:00+05:30,3296.75,2025-02-12T11:45:00+05:30,3285.7,breakout_down,breakout_up,386.75,319.11,23.04,69.12,-24.52,0.99
NSE:TATASTEEL,SHORT,580,2025-02-10T09:30:00+05:30,133.64,2025-02-12T12:30:00+05:30,132.63,breakout_down,breakout_up,585.8,234.7,15.44,46.33,289.33,2.12
NSE:BANKNIFTY,SHORT,1.7885894005959486,2025-02-11T09:45:00+05:30,49594.15,2025-02-12T12:45:00+05:30,49562.45,breakout_down,breakout_up,56.7,70.54,3.55,17.74,-35.13,1.12
NSE:HDFCBANK,SHORT,140,2025-02-11T09:15:00+05:30,426.44,2025-02-12T12:45:00+05:30,426.4,breakout_down,breakout_up,5.6,195.81,11.94,35.82,-237.97,1.15
NSE:HINDUNILVR,SHORT,30,2025-02-11T12:45:00+05:30,2336.5,2025-02-12T13:00:00+05:30,2336.8,breakout_down,breakout_up,-9.0,218.92,14.02,42.06,-284.0,1.01
NSE:NIFTY,SHORT,4.218236738485709,2025-02-06T09:30:00+05:30,23660.2,2025-02-12T13:15:00+05:30,23120.8,breakout_down,breakout_up,2275.32,73.37,3.95,19.73,2178.26,6.16
NSE:TATACONSUM,LONG,30,2025-02-12T13:00:00+05:30,1038.2,2025-02-13T09:15:00+05:30,1018.25,breakout_up,breakout_down,-598.5,131.73,6.17,18.51,-754.91,0.84
NSE:ADANIGREEN,SHORT,105,2025-02-11T13:00:00+05:30,947.55,2025-02-13T09:15:00+05:30,930.45,breakout_down,breakout_up,1795.5,282.12,19.72,59.16,1434.51,1.84
NSE:SENSEX,SHORT,1.2017055879234435,2025-02-06T09:30:00+05:30,78158.77,2025-02-13T09:45:00+05:30,76574.19,breakout_down,breakout_up,1904.2,71.84,3.72,18.59,1810.05,7.01
NSE:ICICIBANK,SHORT,50,2025-02-11T13:00:00+05:30,1249.5,2025-02-13T09:45:00+05:30,1264.15,breakout_down,breakout_up,-732.5,202.85,12.57,37.7,-985.62,1.86
NSE:ITC,SHORT,100,2025-02-04T09:15:00+05:30,452.0,2025-02-13T11:30:00+05:30,413.1,breakout_down,breakout_up,3890.0,158.97,8.65,25.95,3696.43,9.09
NSE:HCLTECH,SHORT,25,2025-02-12T10:30:00+05:30,1713.5,2025-02-13T13:00:00+05:30,1727.9,breakout_down,breakout_up,-360.0,158.76,8.6,25.81,-553.18,1.1
NSE:BANKNIFTY,LONG,1.7851440039329862,2025-02-12T13:15:00+05:30,49670.25,2025-02-13T13:30:00+05:30,49365.05,breakout_up,breakout_down,-544.83,70.42,3.54,17.68,-636.46,1.01
NSE:HDFCBANK,LONG,140,2025-02-12T13:00:00+05:30,426.8,2025-02-13T14:15:00+05:30,423.9,breakout_up,breakout_down,-406.0,195.51,11.91,35.73,-649.14,1.05
NSE:NIFTY,LONG,4.400461460761916,2025-02-13T09:45:00+05:30,23173.95,2025-02-13T14:30:00+05:30,23022.2,breakout_up,breakout_down,-667.77,73.89,4.07,20.33,-766.06,0.2
NSE:SENSEX,LONG,1.2477696298964507,2025-02-13T11:30:00+05:30,76719.66,2025-02-13T14:30:00+05:30,76096.42,breakout_up,breakout_down,-777.66,72.22,3.81,19.07,-872.76,0.12
NSE:ITC,LONG,120,2025-02-13T11:45:00+05:30,413.25,2025-02-13T15:00:00+05:30,409.6,breakout_up,breakout_down,-438.0,64.55,9.87,29.62,-542.05,0.14
NSE:BHARTIARTL,LONG,25,2025-02-07T09:30:00+05:30,1689.5,2025-02-13T15:15:00+05:30,1710.6,breakout_up,breakout_down,527.5,157.55,8.5,25.5,335.95,6.24
NSE:TATASTEEL,LONG,575,2025-02-13T09:30:00+05:30,135.45,2025-02-14T10:00:00+05:30,135.45,breakout_up,breakout_down,0.0,236.22,15.58,46.73,-298.53,1.02
NSE:TCS,SHORT,10,2025-02-05T13:30:00+05:30,4077.95,2025-02-14T14:30:00+05:30,3938.0,breakout_down,breakout_up,1399.5,152.1,8.02,24.05,1215.34,9.04
NSE:INFY,SHORT,25,2025-02-07T13:45:00+05:30,1894.7,2025-02-14T15:00:00+05:30,1858.85,breakout_down,breakout_up,896.25,167.34,9.38,28.15,691.38,7.05
NSE:HDFCBANK,SHORT,140,2025-02-14T10:30:00+05:30,422.21,2025-02-17T10:30:00+05:30,426.37,breakout_down,breakout_up,-581.0,195.19,11.88,35.64,-823.71,3.0
NSE:BANKNIFTY,SHORT,1.7936416695657358,2025-02-14T10:30:00+05:30,49081.15,2025-02-17T13:30:00+05:30,49171.6,breakout_down,breakout_up,-162.23,70.38,3.52,17.62,-253.76,3.12
NSE:SBIN,SHORT,90,2025-02-05T12:00:00+05:30,769.2,2025-02-17T13:30:00+05:30,726.05,breakout_down,breakout_up,3883.5,212.38,13.46,40.37,3617.29,12.06
NSE:TATACONSUM,SHORT,30,2025-02-13T15:15:00+05:30,1019.9,2025-02-17T14:30:00+05:30,1023.2,breakout_down,breakout_up,-99.0,131.25,6.13,18.39,-254.77,3.97
NSE:ICICIBANK,SHORT,50,2025-02-13T13:30:00+05:30,1247.8,2025-02-17T14:45:00+05:30,1250.9,breakout_down,breakout_up,-155.0,201.97,12.49,37.48,-406.95,4.05
NSE:NIFTY,SHORT,4.415124328338295,2025-02-14T10:30:00+05:30,22924.0,2025-02-17T15:00:00+05:30,22970.65,breakout_down,breakout_up,-205.97,73.85,4.05,20.26,-304.13,3.19
NSE:TCS,LONG,10,2025-02-14T14:45:00+05:30,3940.1,2025-02-17T15:00:00+05:30,3904.2,breakout_up,breakout_down,-359.0,150.32,7.84,23.53,-540.7,3.01
NSE:ADANIGREEN,SHORT,110,2025-02-13T14:30:00+05:30,916.9,2025-02-17T15:00:00+05:30,890.65,breakout_down,breakout_up,2887.5,283.86,19.88,59.65,2524.11,4.02
NSE:WIPRO,SHORT,325,2025-02-11T11:00:00+05:30,313.85,2025-02-17T15:15:00+05:30,306.1,breakout_down,breakout_up,2518.75,286.84,20.15,60.45,2151.32,6.18
NSE:HCLTECH,SHORT,25,2025-02-13T14:30:00+05:30,1704.05,2025-02-18T09:15:00+05:30,1719.4,breakout_down,breakout_up,-383.75,158.26,8.56,25.68,-576.25,4.78
NSE:HINDUNILVR,LONG,25,2025-02-13T11:30:00+05:30,2343.8,2025-02-18T13:00:00+05:30,2298.35,breakout_up,breakout_down,-1136.25,192.18,11.61,34.82,-1374.85,5.06
NSE:TATASTEEL,SHORT,575,2025-02-14T10:30:00+05:30,134.7,2025-02-18T14:45:00+05:30,134.43,breakout_down,breakout_up,155.25,235.08,15.47,46.42,-141.73,4.18
NSE:INFY,LONG,25,2025-02-17T15:00:00+05:30,1842.95,2025-02-19T09:15:00+05:30,1820.7,breakout_up,breakout_down,-556.25,164.95,9.16,27.48,-757.84,1.76
NSE:HCLTECH,LONG,25,2025-02-18T09:30:00+05:30,1720.65,2025-02-19T09:15:00+05:30,1704.6,breakout_up,breakout_down,-401.25,158.32,8.56,25.69,-593.82,0.99
NSE:ADANIGREEN,LONG,120,2025-02-17T15:15:00+05:30,896.0,2025-02-19T09:15:00+05:30,876.3,breakout_up,breakout_down,-2364.0,299.64,21.27,63.8,-2748.71,1.75
NSE:SENSEX,SHORT,1.2506215777909933,2025-02-14T10:30:00+05:30,75848.93,2025-02-19T09:45:00+05:30,76123.48,breakout_down,breakout_up,-343.36,72.18,3.8,19.01,-438.35,4.97
NSE:ITC,SHORT,120,2025-02-17T13:00:00+05:30,406.85,2025-02-19T09:45:00+05:30,407.15,breakout_down,breakout_up,-36.0,171.68,9.77,29.3,-246.75,1.86
NSE:LT,SHORT,35,2025-02-13T14:30:00+05:30,3256.25,2025-02-19T09:45:00+05:30,3239.0,breakout_down,breakout_up,603.75,315.7,22.73,68.2,197.11,5.8
NSE:HDFCBANK,LONG,135,2025-02-17T12:45:00+05:30,426.52,2025-02-19T14:15:00+05:30,430.07,breakout_up,breakout_down,479.25,191.6,11.56,34.69,241.4,2.06
NSE:SBIN,LONG,100,2025-02-17T15:00:00+05:30,727.6,2025-02-19T14:15:00+05:30,723.2,breakout_up,breakout_down,-440.0,224.38,14.51,43.52,-722.41,1.97
NSE:NIFTY,LONG,4.3894320397150315,2025-02-19T09:45:00+05:30,22989.1,2025-02-20T09:15:00+05:30,22847.0,breakout_up,breakout_down,-623.74,73.62,4.02,20.12,-721.5,0.98
NSE:BANKNIFTY,LONG,1.781436499226476,2025-02-17T15:00:00+05:30,49275.4,2025-02-20T09:15:00+05:30,49244.3,breakout_up,breakout_down,-55.4,70.29,3.51,17.55,-146.75,2.76
NSE:SENSEX,LONG,1.237840361012841,2025-02-19T10:15:00+05:30,76279.04,2025-02-20T09:15:00+05:30,75592.85,breakout_up,breakout_down,-849.39,71.86,3.76,18.8,-943.82,0.96
NSE:TATACONSUM,LONG,30,2025-02-18T14:15:00+05:30,1026.9,2025-02-20T09:15:00+05:30,1018.8,breakout_up,breakout_down,-243.0,131.35,6.14,18.41,-398.89,1.79
NSE:ADANIGREEN,SHORT,120,2025-02-20T09:15:00+05:30,845.0,2025-02-20T11:00:00+05:30,875.85,breakout_down,breakout_up,-3702.0,83.18,20.65,61.95,-3867.78,0.07
NSE:ICICIBANK,LONG,50,2025-02-17T15:00:00+05:30,1251.35,2025-02-20T11:45:00+05:30,1249.2,breakout_up,breakout_down,-107.5,202.07,12.5,37.51,-359.58,2.86
NSE:BHARTIARTL,SHORT,25,2025-02-14T10:30:00+05:30,1709.3,2025-02-20T15:00:00+05:30,1645.0,breakout_down,breakout_up,1607.5,156.19,8.39,25.16,1417.76,6.19
NSE:TCS,SHORT,15,2025-02-18T11:15:00+05:30,3875.75,2025-02-20T15:15:00+05:30,3788.0,breakout_down,breakout_up,1316.25,190.77,11.5,34.49,1079.49,2.17
NSE:WIPRO,LONG,340,2025-02-18T09:15:00+05:30,308.9,2025-02-21T09:15:00+05:30,311.25,breakout_up,breakout_down,799.0,297.37,21.09,63.26,417.29,3.0
NSE:ADANIGREEN,LONG,115,2025-02-20T11:15:00+05:30,878.0,2025-02-21T09:30:00+05:30,861.5,breakout_up,breakout_down,-1897.5,285.56,20.0,60.01,-2263.08,0.93
NSE:HCLTECH,SHORT,25,2025-02-20T09:15:00+05:30,1703.25,2025-02-21T12:30:00+05:30,1701.15,breakout_down,breakout_up,52.5,157.7,8.51,25.53,-139.25,1.14
NSE:HDFCBANK,SHORT,135,2025-02-20T09:15:00+05:30,425.0,2025-02-21T14:00:00+05:30,422.94,breakout_down,breakout_up,278.1,190.31,11.45,34.34,42.0,1.2
NSE:BHARTIARTL,LONG,30,2025-02-20T15:15:00+05:30,1647.0,2025-02-21T14:15:00+05:30,1636.45,breakout_up,breakout_down,-316.5,172.61,9.85,29.55,-528.51,0.96
NSE:TCS,LONG,15,2025-02-21T09:15:00+05:30,3802.65,2025-02-21T14:45:00+05:30,3777.4,breakout_up,breakout_down,-378.75,67.2,11.37,34.11,-491.43,0.23
NSE:HINDUNILVR,SHORT,25,2025-02-18T13:45:00+05:30,2292.4,2025-02-21T15:00:00+05:30,2245.95,breakout_down,breakout_up,1161.25,189.12,11.35,34.04,926.75,3.05
NSE:ITC,SHORT,120,2025-02-20T09:15:00+05:30,401.1,2025-02-24T09:15:00+05:30,401.65,breakout_down,breakout_up,-66.0,170.18,9.63,28.9,-274.71,4.0
NSE:TATASTEEL,LONG,575,2025-02-19T09:15:00+05:30,135.58,2025-02-24T13:15:00+05:30,138.3,breakout_up,breakout_down,1564.0,238.01,15.75,47.24,1263.0,5.17
NSE:LT,LONG,35,2025-02-19T10:00:00+05:30,3249.15,2025-02-24T14:15:00+05:30,3265.8,breakout_up,breakout_down,582.75,316.47,22.8,68.41,175.07,5.18
NSE:HDFCBANK,SHORT,140,2025-02-24T09:15:00+05:30,416.38,2025-02-24T14:30:00+05:30,419.56,breakout_down,breakout_up,-446.6,67.77,11.7,35.11,-561.19,0.22
NSE:ICICIBANK,SHORT,50,2025-02-20T12:00:00+05:30,1247.6,2025-02-25T09:15:00+05:30,1222.2,breakout_down,breakout_up,1270.0,200.26,12.35,37.05,1020.34,4.89
NSE:SENSEX,SHORT,1.237813010373344,2025-02-21T09:30:00+05:30,75520.52,2025-02-25T09:30:00+05:30,74737.76,breakout_down,breakout_up,968.91,71.76,3.72,18.6,874.83,4.0
NSE:BHARTIARTL,SHORT,30,2025-02-21T14:30:00+05:30,1632.95,2025-02-25T09:30:00+05:30,1621.55,breakout_down,breakout_up,342.0,171.6,9.76,29.29,131.35,3.79
NSE:INFY,SHORT,25,2025-02-19T13:15:00+05:30,1814.6,2025-02-25T10:00:00+05:30,1776.85,breakout_down,breakout_up,943.75,162.83,8.98,26.94,745.0,5.86
NSE:ITC,LONG,120,2025-02-24T11:30:00+05:30,403.1,2025-02-25T10:00:00+05:30,400.95,breakout_up,breakout_down,-258.0,170.37,9.65,28.95,-466.96,0.94
NSE:HINDUNILVR,SHORT,30,2025-02-24T09:15:00+05:30,2223.85,2025-02-25T12:00:00+05:30,2265.55,breakout_down,breakout_up,-1251.0,212.89,13.47,40.4,-1517.76,1.11
NSE:ADANIGREEN,SHORT,115,2025-02-21T09:45:00+05:30,857.7,2025-02-25T12:45:00+05:30,853.8,breakout_down,breakout_up,448.5,281.81,19.68,59.05,87.96,4.12
NSE:BANKNIFTY,SHORT,1.7864594893211025,2025-02-21T09:30:00+05:30,49054.95,2025-02-27T09:15:00+05:30,48829.45,breakout_down,breakout_up,402.85,70.25,3.5,17.49,311.61,5.99
NSE:ITC,LONG,120,2025-02-25T12:15:00+05:30,403.75,2025-02-27T10:15:00+05:30,400.65,breakout_up,breakout_down,-372.0,170.42,9.65,28.96,-581.03,1.92
NSE:ADANIGREEN,LONG,110,2025-02-25T13:00:00+05:30,865.35,2025-02-27T13:15:00+05:30,832.7,breakout_up,breakout_down,-3591.5,270.96,18.68,56.04,-3937.17,2.01
NSE:TATASTEEL,SHORT,575,2025-02-24T13:30:00+05:30,137.47,2025-02-27T14:45:00+05:30,138.2,breakout_down,breakout_up,-419.75,239.3,15.85,47.55,-722.46,3.05
NSE:BANKNIFTY,LONG,1.798545419898197,2025-02-27T09:30:00+05:30,48898.05,2025-02-27T15:00:00+05:30,48736.65,breakout_up,breakout_down,-290.29,70.28,3.51,17.56,-381.64,0.23
NSE:ICICIBANK,LONG,50,2025-02-27T10:00:00+05:30,1232.0,2025-02-27T15:00:00+05:30,1221.95,breakout_up,breakout_down,-502.5,68.77,12.27,36.81,-620.35,0.21
NSE:TATASTEEL,LONG,565,2025-02-27T15:00:00+05:30,138.77,2025-02-28T09:15:00+05:30,135.42,breakout_up,breakout_down,-1892.75,235.42,15.49,46.48,-2190.14,0.76
NSE:BHARTIARTL,LONG,30,2025-02-25T09:45:00+05:30,1625.4,2025-02-28T09:15:00+05:30,1622.9,breakout_up,breakout_down,-75.0,171.42,9.74,29.23,-285.4,2.98
NSE:INFY,SHORT,25,2025-02-27T13:00:00+05:30,1756.65,2025-03-03T09:15:00+05:30,1718.8,breakout_down,breakout_up,946.25,159.61,8.69,26.07,751.89,3.84
NSE:ITC,SHORT,120,2025-02-28T09:45:00+05:30,397.15,2025-03-03T09:15:00+05:30,398.2,breakout_down,breakout_up,-126.0,169.2,9.54,28.63,-333.37,2.98
NSE:WIPRO,SHORT,340,2025-02-21T09:30:00+05:30,308.75,2025-03-03T09:15:00+05:30,282.45,breakout_down,breakout_up,8942.0,285.82,20.1,60.3,8575.77,9.99
NSE:HCLTECH,SHORT,25,2025-02-24T09:15:00+05:30,1656.05,2025-03-03T09:15:00+05:30,1588.85,breakout_down,breakout_up,1680.0,153.15,8.11,24.34,1494.4,7.0
NSE:LT,SHORT,35,2025-02-24T15:00:00+05:30,3259.2,2025-03-03T09:15:00+05:30,3198.85,breakout_down,breakout_up,2112.25,314.14,22.6,67.81,1707.69,6.76
NSE:HDFCBANK,LONG,135,2025-02-24T14:45:00+05:30,420.25,2025-03-03T10:45:00+05:30,426.9,breakout_up,breakout_down,897.75,190.15,11.44,34.31,661.86,6.83
NSE:BHARTIARTL,SHORT,30,2025-02-28T09:30:00+05:30,1615.9,2025-03-03T12:30:00+05:30,1594.35,breakout_down,breakout_up,646.5,170.1,9.63,28.89,437.88,3.12
NSE:SBIN,SHORT,100,2025-02-21T10:00:00+05:30,724.65,2025-03-03T14:15:00+05:30,694.8,breakout_down,breakout_up,2985.0,220.64,14.19,42.58,2707.58,10.18
NSE:TATASTEEL,SHORT,565,2025-02-28T12:45:00+05:30,134.14,2025-03-03T14:15:00+05:30,138.56,breakout_down,breakout_up,-2497.3,234.53,15.41,46.22,-2793.46,3.06
NSE:ADANIGREEN,SHORT,110,2025-02-27T13:30:00+05:30,826.0,2025-03-03T14:30:00+05:30,804.05,breakout_down,breakout_up,2414.5,262.2,17.93,53.79,2080.58,4.04
NSE:HCLTECH,LONG,30,2025-03-03T09:30:00+05:30,1592.0,2025-03-03T14:45:00+05:30,1572.5,breakout_up,breakout_down,-585.0,63.87,9.49,28.48,-686.84,0.22
NSE:HINDUNILVR,SHORT,30,2025-02-27T10:00:00+05:30,2242.05,2025-03-03T15:15:00+05:30,2180.0,breakout_down,breakout_up,1861.5,210.41,13.27,39.8,1598.03,4.22
NSE:WIPRO,LONG,400,2025-03-03T09:30:00+05:30,283.7,2025-03-04T09:15:00+05:30,279.85,breakout_up,breakout_down,-1540.0,313.74,22.54,67.63,-1943.91,0.99
NSE:BHARTIARTL,LONG,30,2025-03-03T13:00:00+05:30,1601.95,2025-03-04T09:15:00+05:30,1576.65,breakout_up,breakout_down,-759.0,169.15,9.54,28.61,-966.29,0.84
NSE:BANKNIFTY,SHORT,1.8002090034129226,2025-02-27T15:15:00+05:30,48641.5,2025-03-04T09:30:00+05:30,48289.45,breakout_down,breakout_up,633.76,70.22,3.49,17.45,542.6,4.76
NSE:TCS,SHORT,15,2025-02-24T09:15:00+05:30,3727.1,2025-03-04T10:00:00+05:30,3518.95,breakout_down,breakout_up,3122.25,183.68,10.87,32.61,2895.1,8.03
NSE:ADANIGREEN,LONG,120,2025-03-03T15:15:00+05:30,808.0,2025-03-04T11:30:00+05:30,777.4,breakout_up,breakout_down,-3672.0,274.81,19.02,57.07,-4022.91,0.84
NSE:NIFTY,SHORT,4.385919349605554,2025-02-21T09:30:00+05:30,22843.5,2025-03-05T09:15:00+05:30,22193.3,breakout_down,breakout_up,2851.72,73.45,3.95,19.75,2754.57,11.99
NSE:SENSEX,SHORT,1.2663742763191275,2025-02-25T15:15:00+05:30,74506.01,2025-03-05T09:15:00+05:30,73361.86,breakout_down,breakout_up,1448.92,71.97,3.75,18.73,1354.48,7.75
NSE:ICICIBANK,SHORT,50,2025-02-27T15:15:00+05:30,1220.0,2025-03-05T09:15:00+05:30,1224.2,breakout_down,breakout_up,-210.0,198.95,12.22,36.66,-457.83,5.75
NSE:INFY,SHORT,30,2025-03-04T09:15:00+05:30,1673.0,2025-03-05T09:15:00+05:30,1710.0,breakout_down,breakout_up,-1110.0,175.99,10.15,30.45,-1326.59,1.0
NSE:ITC,SHORT,120,2025-03-04T10:15:00+05:30,393.8,2025-03-05T09:15:00+05:30,397.65,breakout_down,breakout_up,-462.0,168.7,9.5,28.49,-668.69,0.96
NSE:HINDUNILVR,SHORT,30,2025-03-04T09:30:00+05:30,2157.55,2025-03-05T09:15:00+05:30,2173.55,breakout_down,breakout_up,-480.0,207.55,12.99,38.98,-739.52,0.99
NSE:HCLTECH,SHORT,30,2025-03-04T09:15:00+05:30,1530.7,2025-03-05T09:15:00+05:30,1576.5,breakout_down,breakout_up,-1374.0,166.82,9.32,27.96,-1578.1,1.0
NSE:TATACONSUM,SHORT,30,2025-02-20T10:30:00+05:30,1015.0,2025-03-05T09:15:00+05:30,959.7,breakout_down,breakout_up,1659.0,128.84,5.92,17.77,1506.47,12.95
NSE:BHARTIARTL,SHORT,30,2025-03-04T09:30:00+05:30,1574.0,2025-03-05T09:15:00+05:30,1586.1,breakout_down,breakout_up,-363.0,168.5,9.48,28.44,-569.43,0.99
NSE:ADANIGREEN,SHORT,115,2025-03-04T11:45:00+05:30,776.85,2025-03-05T09:30:00+05:30,795.2,breakout_down,breakout_up,-2110.25,264.18,18.08,54.24,-2446.75,0.91
NSE:TCS,LONG,15,2025-03-04T10:15:00+05:30,3526.0,2025-03-05T14:15:00+05:30,3547.1,breakout_up,breakout_down,316.5,181.0,10.61,31.83,93.06,1.17
NSE:INFY,LONG,25,2025-03-05T09:30:00+05:30,1716.5,2025-03-06T09:15:00+05:30,1700.0,breakout_up,breakout_down,-412.5,158.07,8.54,25.62,-604.74,0.99
NSE:TATACONSUM,LONG,35,2025-03-05T12:15:00+05:30,965.0,2025-03-06T09:15:00+05:30,950.3,breakout_up,breakout_down,-514.5,137.66,6.7,20.11,-678.97,0.88
NSE:BHARTIARTL,LONG,30,2025-03-05T09:30:00+05:30,1594.9,2025-03-06T09:30:00+05:30,1597.85,breakout_up,breakout_down,88.5,169.56,9.58,28.73,-119.37,1.0
NSE:HDFCBANK,SHORT,135,2025-03-03T11:00:00+05:30,426.62,2025-03-06T14:30:00+05:30,422.7,breakout_down,breakout_up,529.88,190.5,11.47,34.4,293.51,3.15
NSE:ADANIGREEN,LONG,110,2025-03-05T09:45:00+05:30,801.0,2025-03-06T15:15:00+05:30,843.2,breakout_up,breakout_down,4642.0,263.76,18.09,54.26,4305.89,1.23
NSE:HCLTECH,LONG,30,2025-03-05T14:30:00+05:30,1578.1,2025-03-07T09:15:00+05:30,1569.0,breakout_up,breakout_down,-273.0,168.06,9.44,28.32,-478.83,1.78
NSE:HINDUNILVR,LONG,30,2025-03-05T12:00:00+05:30,2179.75,2025-03-07T10:30:00+05:30,2195.0,breakout_up,breakout_down,457.5,208.94,13.12,39.37,196.07,1.94
NSE:WIPRO,LONG,390,2025-03-05T09:15:00+05:30,284.6,2025-03-07T12:00:00+05:30,283.25,breakout_up,breakout_down,-526.5,309.26,22.15,66.44,-924.35,2.11
NSE:TATACONSUM,SHORT,35,2025-03-06T09:30:00+05:30,947.2,2025-03-07T14:15:00+05:30,965.65,breakout_down,breakout_up,-645.75,137.57,6.69,20.08,-810.1,1.2
NSE:ICICIBANK,SHORT,50,2025-03-07T09:15:00+05:30,1209.5,2025-03-10T09:15:00+05:30,1220.35,breakout_down,breakout_up,-542.5,198.18,12.15,36.45,-789.27,3.0
NSE:ITC,LONG,115,2025-03-05T12:15:00+05:30,399.3,2025-03-10T09:15:00+05:30,401.95,breakout_up,breakout_down,304.75,165.5,9.21,27.64,102.39,4.88
NSE:LT,LONG,35,2025-03-04T13:00:00+05:30,3215.45,2025-03-10T09:15:00+05:30,3218.0,breakout_up,breakout_down,89.25,313.34,22.52,67.55,-314.16,5.84
NSE:INFY,SHORT,25,2025-03-07T09:15:00+05:30,1695.05,2025-03-10T09:30:00+05:30,1698.45,breakout_down,breakout_up,-85.0,157.41,8.48,25.45,-276.35,3.01
NSE:ADANIGREEN,SHORT,110,2025-03-07T09:15:00+05:30,837.45,2025-03-10T10:30:00+05:30,856.6,breakout_down,breakout_up,-2106.5,270.36,18.63,55.9,-2451.4,3.05
NSE:HDFCBANK,LONG,135,2025-03-07T09:45:00+05:30,423.75,2025-03-10T10:45:00+05:30,421.25,breakout_up,breakout_down,-337.5,189.92,11.41,34.22,-573.05,3.04
NSE:TATASTEEL,LONG,525,2025-03-04T09:45:00+05:30,139.3,2025-03-10T14:00:00+05:30,151.48,breakout_up,breakout_down,6394.5,232.29,15.27,45.8,6101.15,6.18
NSE:NIFTY,LONG,4.628920430679089,2025-03-05T09:30:00+05:30,22237.6,2025-03-10T14:15:00+05:30,22460.1,breakout_up,breakout_down,1029.93,74.52,4.14,20.69,930.59,5.2
NSE:BANKNIFTY,LONG,1.817529802565961,2025-03-05T09:15:00+05:30,48475.6,2025-03-10T14:15:00+05:30,48192.4,breakout_up,breakout_down,-514.72,70.27,3.51,17.57,-606.08,5.21
NSE:SENSEX,LONG,1.3021090997195022,2025-03-05T09:30:00+05:30,73498.39,2025-03-10T14:15:00+05:30,74144.79,breakout_up,breakout_down,841.68,72.57,3.84,19.22,746.04,5.2
NSE:ICICIBANK,LONG,50,2025-03-10T09:30:00+05:30,1223.25,2025-03-10T14:15:00+05:30,1213.05,breakout_up,breakout_down,-510.0,68.61,12.18,36.54,-627.34,0.2
NSE:SBIN,LONG,105,2025-03-03T14:30:00+05:30,695.05,2025-03-10T14:15:00+05:30,728.2,breakout_up,breakout_down,3480.75,228.93,14.94,44.83,3192.04,6.99
NSE:ADANIGREEN,LONG,105,2025-03-10T10:45:00+05:30,869.35,2025-03-10T14:15:00+05:30,824.45,breakout_up,breakout_down,-4714.5,78.02,17.78,53.35,-4863.66,0.15
NSE:TCS,LONG,15,2025-03-06T14:30:00+05:30,3593.75,2025-03-10T14:30:00+05:30,3588.0,breakout_up,breakout_down,-86.25,182.84,10.77,32.32,-312.19,4.0
NSE:TATACONSUM,LONG,30,2025-03-07T14:30:00+05:30,966.55,2025-03-10T14:30:00+05:30,957.15,breakout_up,breakout_down,-282.0,127.28,5.77,17.31,-432.37,3.0
NSE:HDFCBANK,LONG,135,2025-03-10T12:45:00+05:30,423.94,2025-03-11T09:15:00+05:30,418.75,breakout_up,breakout_down,-700.65,189.6,11.38,34.13,-935.75,0.85
NSE:INFY,LONG,25,2025-03-10T09:45:00+05:30,1707.85,2025-03-11T09:15:00+05:30,1655.05,breakout_up,breakout_down,-1320.0,156.65,8.41,25.22,-1510.28,0.98
NSE:HINDUNILVR,LONG,30,2025-03-10T09:15:00+05:30,2221.25,2025-03-11T09:15:00+05:30,2234.3,breakout_up,breakout_down,391.5,211.63,13.37,40.1,126.4,1.0
NSE:NIFTY,SHORT,4.629185792716929,2025-03-10T14:30:00+05:30,22436.75,2025-03-11T13:45:00+05:30,22496.5,breakout_down,breakout_up,-276.59,74.55,4.16,20.8,-376.1,0.97
NSE:INFY,SHORT,25,2025-03-11T09:30:00+05:30,1640.95,2025-03-11T14:15:00+05:30,1662.05,breakout_down,breakout_up,-527.5,61.69,8.26,24.77,-622.22,0.2
NSE:WIPRO,SHORT,390,2025-03-10T09:15:00+05:30,282.75,2025-03-11T14:15:00+05:30,277.55,breakout_down,breakout_up,2028.0,305.8,21.85,65.56,1634.79,1.21
NSE:HCLTECH,SHORT,30,2025-03-07T12:00:00+05:30,1561.65,2025-03-11T14:15:00+05:30,1560.95,breakout_down,breakout_up,21.0,167.23,9.37,28.1,-183.7,4.09
NSE:LT,SHORT,35,2025-03-10T13:45:00+05:30,3199.4,2025-03-11T14:45:00+05:30,3198.8,breakout_down,breakout_up,21.0,311.97,22.39,67.18,-380.55,1.04
NSE:TATACONSUM,SHORT,30,2025-03-10T15:15:00+05:30,956.0,2025-03-11T15:00:00+05:30,959.65,breakout_down,breakout_up,-109.5,127.0,5.75,17.24,-259.49,0.99
NSE:ADANIGREEN,SHORT,105,2025-03-11T09:15:00+05:30,818.25,2025-03-11T15:15:00+05:30,833.25,breakout_down,breakout_up,-1575.0,77.59,17.34,52.02,-1721.95,0.25
NSE:BANKNIFTY,SHORT,1.82852654946542,2025-03-11T09:15:00+05:30,47853.6,2025-03-12T09:15:00+05:30,48035.1,breakout_down,breakout_up,-331.88,70.24,3.51,17.53,-423.16,1.0
NSE:TCS,LONG,15,2025-03-11T15:15:00+05:30,3585.0,2025-03-12T09:15:00+05:30,3510.9,breakout_up,breakout_down,-1111.5,181.49,10.64,31.93,-1335.57,0.75
NSE:INFY,LONG,25,2025-03-11T15:15:00+05:30,1667.0,2025-03-12T09:15:00+05:30,1600.7,breakout_up,breakout_down,-1657.5,154.03,8.17,24.51,-1844.21,0.75
NSE:ITC,LONG,115,2025-03-10T09:45:00+05:30,406.3,2025-03-12T09:15:00+05:30,404.45,breakout_up,breakout_down,-212.75,166.75,9.32,27.97,-416.8,1.98
NSE:HCLTECH,LONG,30,2025-03-11T14:30:00+05:30,1568.0,2025-03-12T09:15:00+05:30,1539.4,breakout_up,breakout_down,-858.0,166.79,9.32,27.97,-1062.07,0.78
NSE:LT,LONG,35,2025-03-11T15:15:00+05:30,3203.8,2025-03-12T10:00:00+05:30,3175.25,breakout_up,breakout_down,-999.25,311.3,22.33,66.98,-1399.86,0.78
NSE:TATACONSUM,LONG,30,2025-03-11T15:15:00+05:30,960.0,2025-03-12T10:15:00+05:30,947.45,breakout_up,breakout_down,-376.5,126.75,5.72,17.17,-526.14,0.79
NSE:NIFTY,LONG,4.595320159744277,2025-03-11T15:15:00+05:30,22520.5,2025-03-12T10:45:00+05:30,22408.65,breakout_up,breakout_down,-513.99,74.32,4.13,20.65,-613.09,0.81
NSE:BHARTIARTL,LONG,30,2025-03-06T14:30:00+05:30,1628.7,2025-03-12T11:30:00+05:30,1642.6,breakout_up,breakout_down,417.0,172.15,9.81,29.44,205.59,5.88
NSE:ICICIBANK,LONG,50,2025-03-11T09:15:00+05:30,1227.05,2025-03-12T12:30:00+05:30,1236.95,breakout_up,breakout_down,495.0,200.0,12.32,36.96,245.72,1.14
NSE:ADANIGREEN,SHORT,105,2025-03-12T11:30:00+05:30,814.1,2025-03-12T14:15:00+05:30,842.55,breakout_down,breakout_up,-2987.25,77.53,17.39,52.18,-3134.35,0.11
NSE:HCLTECH,SHORT,30,2025-03-12T09:30:00+05:30,1526.9,2025-03-12T14:30:00+05:30,1538.2,breakout_down,breakout_up,-339.0,63.37,9.2,27.59,-439.15,0.21
NSE:NIFTY,SHORT,4.595778740497985,2025-03-12T11:15:00+05:30,22385.25,2025-03-12T14:45:00+05:30,22480.4,breakout_down,breakout_up,-437.29,74.29,4.12,20.62,-536.33,0.15
NSE:SENSEX,SHORT,1.3021560933212153,2025-03-10T14:30:00+05:30,74066.95,2025-03-12T14:45:00+05:30,74080.21,breakout_down,breakout_up,-17.27,72.58,3.86,19.29,-113.0,2.01
NSE:WIPRO,SHORT,415,2025-03-12T09:15:00+05:30,269.55,2025-03-12T14:45:00+05:30,268.85,breakout_down,breakout_up,290.5,86.61,22.34,67.03,114.52,0.23
NSE:LT,SHORT,35,2025-03-12T10:15:00+05:30,3166.0,2025-03-12T14:45:00+05:30,3196.75,breakout_down,breakout_up,-1076.25,86.33,22.27,66.81,-1251.65,0.19
NSE:TATASTEEL,SHORT,525,2025-03-10T14:15:00+05:30,150.77,2025-03-13T09:15:00+05:30,152.5,breakout_down,breakout_up,-908.25,240.12,15.92,47.77,-1212.06,2.79
NSE:SBIN,SHORT,105,2025-03-12T10:00:00+05:30,728.35,2025-03-13T09:45:00+05:30,729.95,breakout_down,breakout_up,-168.0,233.3,15.31,45.94,-462.54,0.99
NSE:TATACONSUM,SHORT,30,2025-03-12T11:30:00+05:30,946.15,2025-03-13T10:15:00+05:30,954.4,breakout_down,breakout_up,-247.5,126.51,5.7,17.1,-396.81,0.95
NSE:HDFCBANK,LONG,130,2025-03-12T09:15:00+05:30,426.84,2025-03-13T14:00:00+05:30,426.2,breakout_up,breakout_down,-83.2,186.37,11.09,33.27,-313.92,1.2
NSE:BANKNIFTY,LONG,1.8080616178149387,2025-03-12T09:30:00+05:30,48161.9,2025-03-13T14:15:00+05:30,48088.3,breakout_up,breakout_down,-133.07,70.09,3.48,17.4,-224.05,1.2
NSE:SENSEX,LONG,1.2994931883779606,2025-03-13T09:15:00+05:30,74132.03,2025-03-13T14:15:00+05:30,73879.58,breakout_up,breakout_down,-328.06,72.48,3.85,19.23,-423.62,0.21
NSE:LT,LONG,35,2025-03-13T10:00:00+05:30,3214.9,2025-03-13T14:45:00+05:30,3182.75,breakout_up,breakout_down,-1125.25,86.54,22.39,67.18,-1301.35,0.2
NSE:NIFTY,SHORT,4.571503492108207,2025-03-13T14:45:00+05:30,22387.15,2025-03-17T09:15:00+05:30,22538.95,breakout_down,breakout_up,-693.95,74.16,4.11,20.54,-792.76,3.77
NSE:TCS,SHORT,15,2025-03-12T09:30:00+05:30,3500.95,2025-03-17T09:15:00+05:30,3521.9,breakout_down,breakout_up,-314.25,180.21,10.53,31.6,-536.6,4.99
NSE:HCLTECH,LONG,25,2025-03-12T14:45:00+05:30,1545.25,2025-03-17T09:15:00+05:30,1528.75,breakout_up,breakout_down,-412.5,148.56,7.69,23.05,-591.8,4.77
NSE:BANKNIFTY,SHORT,1.808468423377626,2025-03-13T14:45:00+05:30,48027.55,2025-03-17T09:30:00+05:30,48371.85,breakout_down,breakout_up,-622.66,70.09,3.49,17.43,-713.66,3.78
NSE:SENSEX,SHORT,1.298856265075371,2025-03-13T14:30:00+05:30,73843.21,2025-03-17T09:30:00+05:30,74287.11,breakout_down,breakout_up,-576.56,72.47,3.85,19.24,-672.12,3.79
NSE:SBIN,LONG,105,2025-03-13T10:00:00+05:30,730.5,2025-03-17T09:30:00+05:30,725.0,breakout_up,breakout_down,-577.5,233.0,15.28,45.85,-871.63,3.98
NSE:INFY,SHORT,25,2025-03-12T09:45:00+05:30,1592.45,2025-03-17T10:00:00+05:30,1585.8,breakout_down,breakout_up,166.25,151.41,7.95,23.84,-16.94,5.01
NSE:ITC,LONG,115,2025-03-12T12:00:00+05:30,409.2,2025-03-17T10:15:00+05:30,410.55,breakout_up,breakout_down,155.25,167.88,9.43,28.28,-50.33,4.93
NSE:TATACONSUM,LONG,30,2025-03-17T09:15:00+05:30,953.7,2025-03-17T10:30:00+05:30,941.0,breakout_up,breakout_down,-381.0,57.17,5.68,17.05,-460.91,0.05
NSE:HCLTECH,SHORT,25,2025-03-17T09:30:00+05:30,1519.6,2025-03-17T14:30:00+05:30,1539.85,breakout_down,breakout_up,-506.25,60.62,7.65,22.95,-597.47,0.21
NSE:TCS,SHORT,15,2025-03-17T11:15:00+05:30,3483.85,2025-03-18T09:15:00+05:30,3507.6,breakout_down,breakout_up,-356.25,179.69,10.49,31.46,-577.89,0.92
NSE:HINDUNILVR,SHORT,30,2025-03-11T13:30:00+05:30,2230.05,2025-03-18T09:15:00+05:30,2188.4,breakout_down,breakout_up,1249.5,210.33,13.26,39.77,986.15,6.82
NSE:TATACONSUM,SHORT,30,2025-03-17T11:15:00+05:30,939.35,2025-03-18T09:15:00+05:30,945.0,breakout_down,breakout_up,-169.5,125.96,5.65,16.96,-318.07,0.92
NSE:LT,SHORT,35,2025-03-17T12:15:00+05:30,3177.95,2025-03-18T09:15:00+05:30,3208.85,breakout_down,breakout_up,-1081.5,311.61,22.35,67.06,-1482.53,0.88
NSE:HDFCBANK,SHORT,130,2025-03-13T14:30:00+05:30,425.31,2025-03-18T10:00:00+05:30,433.0,breakout_down,breakout_up,-999.05,187.2,11.16,33.47,-1230.88,4.81
NSE:ITC,SHORT,115,2025-03-17T10:30:00+05:30,409.7,2025-03-18T10:30:00+05:30,411.1,breakout_down,breakout_up,-161.0,168.03,9.44,28.32,-366.79,1.0
NSE:ADANIGREEN,LONG,95,2025-03-12T15:00:00+05:30,857.0,2025-03-18T12:30:00+05:30,892.1,breakout_up,breakout_down,3334.5,247.53,16.62,49.85,3020.51,5.9
NSE:WIPRO,SHORT,425,2025-03-13T13:45:00+05:30,264.15,2025-03-18T15:00:00+05:30,261.55,breakout_down,breakout_up,1105.0,311.32,22.34,67.03,704.31,5.05
NSE:TCS,LONG,15,2025-03-18T09:30:00+05:30,3529.85,2025-03-19T09:15:00+05:30,3475.1,breakout_up,breakout_down,-821.25,179.95,10.51,31.52,-1043.23,0.99
NSE:INFY,LONG,25,2025-03-17T12:00:00+05:30,1593.8,2025-03-19T09:15:00+05:30,1575.75,breakout_up,breakout_down,-451.25,151.22,7.92,23.77,-634.16,1.89
NSE:HCLTECH,LONG,25,2025-03-17T14:45:00+05:30,1540.9,2025-03-19T09:15:00+05:30,1531.95,breakout_up,breakout_down,-223.75,148.51,7.68,23.05,-402.99,1.77
NSE:WIPRO,SHORT,440,2025-03-19T09:15:00+05:30,258.4,2025-03-19T13:15:00+05:30,264.0,breakout_down,breakout_up,-2464.0,87.44,22.99,68.96,-2643.38,0.17
NSE:TCS,SHORT,15,2025-03-19T12:00:00+05:30,3464.8,2025-03-19T14:15:00+05:30,3497.7,breakout_down,breakout_up,-493.5,65.55,10.44,31.33,-600.83,0.09
NSE:BHARTIARTL,SHORT,30,2025-03-12T13:30:00+05:30,1636.1,2025-03-20T09:15:00+05:30,1659.7,breakout_down,breakout_up,-708.0,173.05,9.89,29.66,-920.6,7.82
NSE:TATASTEEL,LONG,515,2025-03-17T09:15:00+05:30,151.7,2025-03-20T09:30:00+05:30,157.13,breakout_up,breakout_down,2796.45,239.66,15.9,47.71,2493.17,3.01
NSE:LT,LONG,35,2025-03-18T09:30:00+05:30,3217.0,2025-03-20T09:30:00+05:30,3290.0,breakout_up,breakout_down,2555.0,316.01,22.77,68.32,2147.89,2.0
NSE:ADANIGREEN,LONG,90,2025-03-19T09:15:00+05:30,909.0,2025-03-20T10:00:00+05:30,903.3,breakout_up,breakout_down,-513.0,244.42,16.31,48.93,-822.66,1.03
NSE:ITC,SHORT,115,2025-03-19T09:15:00+05:30,407.35,2025-03-20T14:00:00+05:30,405.6,breakout_down,breakout_up,201.25,167.0,9.35,28.05,-3.15,1.2
NSE:HCLTECH,LONG,25,2025-03-19T14:15:00+05:30,1540.0,2025-03-20T14:45:00+05:30,1564.4,breakout_up,breakout_down,610.0,149.33,7.76,23.28,429.63,1.02
NSE:TCS,LONG,15,2025-03-19T14:30:00+05:30,3501.15,2025-03-21T09:15:00+05:30,3526.85,breakout_up,breakout_down,385.5,180.25,10.54,31.63,163.09,1.78
NSE:INFY,LONG,25,2025-03-19T14:15:00+05:30,1587.15,2025-03-21T09:15:00+05:30,1589.05,breakout_up,breakout_down,47.5,151.36,7.94,23.82,-135.63,1.79
NSE:WIPRO,LONG,415,2025-03-19T14:15:00+05:30,265.6,2025-03-21T09:15:00+05:30,265.8,breakout_up,breakout_down,83.0,308.18,22.05,66.16,-313.4,1.79
NSE:HCLTECH,SHORT,25,2025-03-20T15:00:00+05:30,1559.3,2025-03-21T11:15:00+05:30,1584.6,breakout_down,breakout_up,-632.5,150.52,7.86,23.58,-814.46,0.84
NSE:TATACONSUM,LONG,30,2025-03-19T10:15:00+05:30,951.75,2025-03-21T13:30:00+05:30,962.7,breakout_up,breakout_down,328.5,126.93,5.74,17.23,178.6,2.14
NSE:ITC,SHORT,115,2025-03-21T13:45:00+05:30,401.8,2025-03-21T15:00:00+05:30,405.95,breakout_down,breakout_up,-477.25,63.52,9.29,27.87,-577.92,0.05
NSE:WIPRO,SHORT,415,2025-03-21T14:30:00+05:30,265.45,2025-03-24T12:45:00+05:30,268.6,breakout_down,breakout_up,-1307.25,309.51,22.16,66.49,-1705.41,2.93
NSE:INFY,SHORT,25,2025-03-24T09:15:00+05:30,1583.1,2025-03-24T14:00:00+05:30,1606.1,breakout_down,breakout_up,-575.0,61.19,7.97,23.92,-668.08,0.2
NSE:ICICIBANK,LONG,50,2025-03-13T10:30:00+05:30,1255.5,2025-03-24T15:00:00+05:30,1356.05,breakout_up,breakout_down,5027.5,207.85,13.06,39.17,4767.41,11.19
NSE:ADANIGREEN,LONG,90,2025-03-20T15:00:00+05:30,925.65,2025-03-25T09:15:00+05:30,948.2,breakout_up,breakout_down,2029.5,250.38,16.86,50.59,1711.66,4.76
NSE:TATACONSUM,LONG,30,2025-03-24T11:15:00+05:30,970.6,2025-03-25T10:45:00+05:30,965.9,breakout_up,breakout_down,-141.0,127.7,5.81,17.43,-291.94,0.98
NSE:BHARTIARTL,LONG,25,2025-03-20T09:30:00+05:30,1669.9,2025-03-25T10:45:00+05:30,1712.9,breakout_up,breakout_down,1075.0,157.03,8.46,25.37,884.15,5.05
NSE:LT,LONG,30,2025-03-20T14:15:00+05:30,3342.6,2025-03-25T11:30:00+05:30,3456.75,breakout_up,breakout_down,3424.5,289.54,20.4,61.19,3053.37,4.89
NSE:BANKNIFTY,LONG,1.7647990047728928,2025-03-18T09:15:00+05:30,48812.8,2025-03-25T13:15:00+05:30,51571.85,breakout_up,breakout_down,4869.17,70.95,3.54,17.72,4776.96,7.17
NSE:BHARTIARTL,SHORT,25,2025-03-25T11:15:00+05:30,1707.8,2025-03-25T13:30:00+05:30,1736.65,breakout_down,breakout_up,-721.25,62.3,8.61,25.83,-817.99,0.09
NSE:HDFCBANK,LONG,125,2025-03-18T10:30:00+05:30,433.99,2025-03-25T14:45:00+05:30,454.88,breakout_up,breakout_down,2610.62,186.4,11.11,33.33,2379.78,7.18
NSE:ITC,LONG,110,2025-03-21T15:15:00+05:30,406.5,2025-03-25T14:45:00+05:30,409.35,breakout_up,breakout_down,313.5,162.83,8.97,26.92,114.77,3.98
NSE:NIFTY,LONG,4.502799668193947,2025-03-17T09:30:00+05:30,22553.2,2025-03-25T15:15:00+05:30,23605.95,breakout_up,breakout_down,4740.32,74.98,4.16,20.78,4640.4,8.24
NSE:SENSEX,LONG,1.276253564578535,2025-03-18T09:15:00+05:30,74625.93,2025-03-25T15:15:00+05:30,77777.63,breakout_up,breakout_down,4022.37,73.16,3.89,19.45,3925.87,7.25
NSE:SBIN,LONG,105,2025-03-18T10:00:00+05:30,729.95,2025-03-25T15:15:00+05:30,770.35,breakout_up,breakout_down,4242.0,237.86,15.75,47.26,3941.12,7.22
NSE:HCLTECH,LONG,25,2025-03-24T14:00:00+05:30,1605.0,2025-03-25T15:15:00+05:30,1621.05,breakout_up,breakout_down,401.25,152.72,8.07,24.2,216.27,1.05
NSE:WIPRO,LONG,400,2025-03-24T13:00:00+05:30,270.0,2025-03-26T09:30:00+05:30,269.45,breakout_up,breakout_down,-220.0,302.93,21.58,64.73,-609.24,1.85
NSE:LT,SHORT,30,2025-03-25T12:15:00+05:30,3451.95,2025-03-26T10:45:00+05:30,3487.95,breakout_down,breakout_up,-1080.0,294.56,20.82,62.46,-1457.84,0.94
NSE:INFY,LONG,25,2025-03-25T09:15:00+05:30,1622.6,2025-03-26T12:00:00+05:30,1614.25,breakout_up,breakout_down,-208.75,153.07,8.09,24.28,-394.19,1.11
NSE:HINDUNILVR,LONG,30,2025-03-18T10:30:00+05:30,2205.4,2025-03-26T13:15:00+05:30,2255.6,breakout_up,breakout_down,1506.0,211.73,13.38,40.15,1240.74,8.11
NSE:TCS,LONG,15,2025-03-21T09:45:00+05:30,3587.0,2025-03-26T14:45:00+05:30,3643.3,breakout_up,breakout_down,844.5,183.58,10.85,32.54,617.53,5.21
NSE:WIPRO,SHORT,400,2025-03-26T11:45:00+05:30,268.4,2025-03-27T09:15:00+05:30,270.9,breakout_down,breakout_up,-1000.0,302.92,21.57,64.72,-1389.21,0.9
NSE:TATACONSUM,SHORT,30,2025-03-25T11:15:00+05:30,959.9,2025-03-27T09:30:00+05:30,965.15,breakout_down,breakout_up,-157.5,127.32,5.78,17.33,-307.92,1.93
NSE:LT,SHORT,30,2025-03-26T14:30:00+05:30,3435.0,2025-03-27T09:30:00+05:30,3501.1,breakout_down,breakout_up,-1983.0,294.51,20.81,62.42,-2360.74,0.79
NSE:ICICIBANK,SHORT,50,2025-03-25T11:15:00+05:30,1348.5,2025-03-27T09:45:00+05:30,1350.5,breakout_down,breakout_up,-100.0,213.1,13.5,40.48,-367.08,1.94
NSE:HDFCBANK,SHORT,125,2025-03-26T12:45:00+05:30,453.43,2025-03-27T10:00:00+05:30,456.51,breakout_down,breakout_up,-386.25,189.55,11.37,34.12,-621.3,0.89
NSE:ADANIGREEN,SHORT,90,2025-03-25T11:30:00+05:30,928.35,2025-03-27T10:45:00+05:30,937.55,breakout_down,breakout_up,-828.0,249.8,16.79,50.38,-1144.97,1.97
NSE:BANKNIFTY,SHORT,1.7658790063003504,2025-03-25T15:15:00+05:30,51480.0,2025-03-27T11:00:00+05:30,51653.3,breakout_down,breakout_up,-306.03,71.14,3.64,18.21,-399.02,1.82
NSE:SBIN,SHORT,105,2025-03-26T13:00:00+05:30,767.1,2025-03-27T11:00:00+05:30,773.3,breakout_down,breakout_up,-651.0,242.91,16.17,48.52,-958.61,0.92
NSE:BHARTIARTL,LONG,25,2025-03-26T09:15:00+05:30,1754.4,2025-03-27T13:00:00+05:30,1728.05,breakout_up,breakout_down,-658.75,159.92,8.71,26.12,-853.5,1.16
NSE:ITC,SHORT,110,2025-03-26T10:15:00+05:30,407.75,2025-03-28T09:15:00+05:30,413.5,breakout_down,breakout_up,-632.5,163.56,9.03,27.1,-832.2,1.96
NSE:HINDUNILVR,SHORT,30,2025-03-26T13:30:00+05:30,2248.7,2025-03-28T09:15:00+05:30,2270.15,breakout_down,breakout_up,-643.5,213.82,13.56,40.67,-911.55,1.82
NSE:LT,LONG,30,2025-03-27T10:15:00+05:30,3520.3,2025-03-28T09:15:00+05:30,3481.9,breakout_up,breakout_down,-1152.0,296.65,21.01,63.02,-1532.67,0.96
NSE:HDFCBANK,LONG,125,2025-03-27T11:45:00+05:30,457.88,2025-03-28T10:00:00+05:30,452.75,breakout_up,breakout_down,-640.62,189.67,11.38,34.15,-875.82,0.93
NSE:BHARTIARTL,SHORT,25,2025-03-27T15:00:00+05:30,1725.8,2025-03-28T14:15:00+05:30,1737.3,breakout_down,breakout_up,-287.5,159.36,8.66,25.97,-481.49,0.97
NSE:BANKNIFTY,SHORT,1.7582724702442358,2025-03-28T09:30:00+05:30,51476.45,2025-03-28T14:30:00+05:30,51805.05,breakout_down,breakout_up,-577.77,71.05,3.63,18.16,-670.61,0.21
NSE:ICICIBANK,SHORT,50,2025-03-27T14:45:00+05:30,1339.2,2025-03-28T14:30:00+05:30,1356.2,breakout_down,breakout_up,-850.0,212.95,13.48,40.43,-1116.86,0.99
NSE:HDFCBANK,LONG,120,2025-03-28T14:15:00+05:30,458.06,2025-04-01T09:15:00+05:30,451.77,breakout_up,breakout_down,-754.8,184.51,10.92,32.75,-982.98,3.79
NSE:ADANIGREEN,LONG,85,2025-03-27T14:00:00+05:30,951.3,2025-04-01T10:00:00+05:30,941.05,breakout_up,breakout_down,-871.25,241.94,16.08,48.25,-1177.53,4.83
NSE:HINDUNILVR,LONG,30,2025-03-28T09:30:00+05:30,2276.2,2025-04-01T11:30:00+05:30,2230.4,breakout_up,breakout_down,-1374.0,213.47,13.52,40.56,-1641.55,4.08
NSE:TATACONSUM,LONG,30,2025-03-27T09:45:00+05:30,967.4,2025-04-01T12:15:00+05:30,996.5,breakout_up,breakout_down,873.0,128.53,5.89,17.68,720.9,5.1
NSE:ITC,LONG,105,2025-03-28T09:30:00+05:30,415.35,2025-04-01T12:45:00+05:30,407.25,breakout_up,breakout_down,-850.5,159.17,8.64,25.91,-1044.22,4.14
NSE:WIPRO,SHORT,400,2025-03-28T09:15:00+05:30,267.45,2025-04-01T14:00:00+05:30,262.65,breakout_down,breakout_up,1920.0,298.61,21.2,63.61,1536.57,4.2
NSE:HDFCBANK,SHORT,120,2025-04-01T10:00:00+05:30,449.48,2025-04-02T09:15:00+05:30,447.77,breakout_down,breakout_up,204.0,182.76,10.77,32.3,-21.83,0.97
NSE:ICICIBANK,SHORT,45,2025-04-01T10:15:00+05:30,1330.55,2025-04-02T09:15:00+05:30,1333.25,breakout_down,breakout_up,-121.5,196.34,11.99,35.96,-365.79,0.96
NSE:INFY,SHORT,25,2025-03-26T12:45:00+05:30,1609.8,2025-04-02T09:15:00+05:30,1548.15,breakout_down,breakout_up,1541.25,150.74,7.89,23.68,1358.93,6.85
NSE:TATACONSUM,SHORT,30,2025-04-01T12:45:00+05:30,991.6,2025-04-02T09:15:00+05:30,1044.85,breakout_down,breakout_up,-1597.5,131.14,6.11,18.33,-1753.08,0.85
NSE:TATASTEEL,SHORT,510,2025-03-21T13:00:00+05:30,158.24,2025-04-02T10:15:00+05:30,154.4,breakout_down,breakout_up,1958.4,240.16,15.94,47.83,1654.46,11.89
NSE:SENSEX,SHORT,1.2764074805851335,2025-03-26T11:45:00+05:30,77683.45,2025-04-02T10:45:00+05:30,76509.9,breakout_down,breakout_up,1497.93,73.23,3.94,19.68,1401.08,6.96
NSE:ADANIGREEN,SHORT,90,2025-04-01T10:15:00+05:30,935.45,2025-04-02T11:00:00+05:30,937.4,breakout_down,breakout_up,-175.5,250.45,16.86,50.57,-493.37,1.03
NSE:NIFTY,SHORT,4.501182322000004,2025-03-26T11:45:00+05:30,23589.15,2025-04-02T15:00:00+05:30,23337.75,breakout_down,breakout_up,1131.6,75.1,4.22,21.12,1031.15,7.14
NSE:BANKNIFTY,SHORT,1.7578180460721866,2025-04-01T10:15:00+05:30,51109.4,2025-04-02T15:00:00+05:30,51362.1,breakout_down,breakout_up,-444.2,70.86,3.6,18.01,-536.68,1.2
NSE:SENSEX,LONG,1.3120927577705805,2025-04-02T15:00:00+05:30,76635.3,2025-04-03T09:15:00+05:30,76274.74,breakout_up,breakout_down,-473.09,73.56,4.01,20.06,-570.72,0.76
NSE:ICICIBANK,LONG,45,2025-04-02T09:30:00+05:30,1336.3,2025-04-03T09:15:00+05:30,1324.6,breakout_up,breakout_down,-526.5,196.23,11.97,35.92,-770.62,0.99
NSE:WIPRO,LONG,410,2025-04-02T12:00:00+05:30,265.0,2025-04-03T09:15:00+05:30,259.6,breakout_up,breakout_down,-2214.0,302.31,21.51,64.53,-2602.34,0.89
NSE:BHARTIARTL,LONG,25,2025-03-28T14:30:00+05:30,1739.05,2025-04-03T09:15:00+05:30,1739.3,breakout_up,breakout_down,6.25,159.76,8.7,26.09,-188.29,5.78
NSE:HINDUNILVR,SHORT,30,2025-04-01T11:45:00+05:30,2227.45,2025-04-03T10:00:00+05:30,2242.5,breakout_down,breakout_up,-451.5,212.18,13.41,40.23,-717.32,1.93
NSE:LT,SHORT,30,2025-04-01T10:15:00+05:30,3448.05,2025-04-03T11:30:00+05:30,3457.0,breakout_down,breakout_up,-268.5,293.34,20.72,62.15,-644.7,2.05
NSE:TATASTEEL,LONG,530,2025-04-02T10:30:00+05:30,154.8,2025-04-03T14:30:00+05:30,153.6,breakout_up,breakout_down,-636.0,244.81,16.35,49.04,-946.19,1.17
NSE:LT,LONG,30,2025-04-03T12:00:00+05:30,3461.0,2025-04-04T09:15:00+05:30,3331.0,breakout_up,breakout_down,-3900.0,289.85,20.38,61.13,-4271.35,0.89
NSE:BHARTIARTL,SHORT,25,2025-04-03T09:30:00+05:30,1737.4,2025-04-04T09:30:00+05:30,1757.05,breakout_down,breakout_up,-491.25,160.24,8.74,26.21,-686.44,1.0
NSE:ADANIGREEN,LONG,85,2025-04-03T11:00:00+05:30,951.7,2025-04-04T09:45:00+05:30,936.45,breakout_up,breakout_down,-1296.25,241.57,16.05,48.15,-1602.02,0.95
NSE:ITC,SHORT,105,2025-04-01T13:00:00+05:30,406.75,2025-04-04T11:00:00+05:30,411.1,breakout_down,breakout_up,-456.75,158.59,8.59,25.76,-649.69,2.92
NSE:BANKNIFTY,LONG,1.7335356926318954,2025-04-03T10:15:00+05:30,51516.65,2025-04-04T14:30:00+05:30,51438.4,breakout_up,breakout_down,-135.65,70.67,3.57,17.85,-227.74,1.18
NSE:SBIN,LONG,100,2025-04-01T09:30:00+05:30,781.9,2025-04-04T14:30:00+05:30,767.75,breakout_up,breakout_down,-1415.0,235.44,15.5,46.49,-1712.42,3.21
NSE:HDFCBANK,LONG,120,2025-04-02T10:15:00+05:30,448.96,2025-04-04T14:45:00+05:30,454.12,breakout_up,breakout_down,619.2,183.51,10.84,32.51,392.34,2.19
NSE:BHARTIARTL,LONG,25,2025-04-04T11:00:00+05:30,1769.75,2025-04-04T14:45:00+05:30,1742.8,breakout_up,breakout_down,-673.75,62.6,8.78,26.34,-771.48,0.16
NSE:ICICIBANK,LONG,45,2025-04-04T15:00:00+05:30,1338.4,2025-04-07T09:15:00+05:30,1297.95,breakout_up,breakout_down,-1820.25,195.1,11.86,35.59,-2062.8,2.76
NSE:TATACONSUM,LONG,25,2025-04-03T13:15:00+05:30,1074.5,2025-04-07T09:15:00+05:30,1067.15,breakout_up,breakout_down,-183.75,122.64,5.35,16.06,-327.81,3.83
NSE:TCS,SHORT,15,2025-03-26T15:15:00+05:30,3630.55,2025-04-07T14:00:00+05:30,3229.0,breakout_down,breakout_up,6023.25,177.02,10.29,30.87,5805.08,11.95
NSE:HCLTECH,SHORT,25,2025-03-28T09:15:00+05:30,1613.65,2025-04-07T14:00:00+05:30,1352.9,breakout_down,breakout_up,6518.75,145.05,7.42,22.25,6344.03,10.2
NSE:INFY,SHORT,30,2025-04-03T09:15:00+05:30,1513.1,2025-04-07T14:45:00+05:30,1391.25,breakout_down,breakout_up,3655.5,159.68,8.71,26.14,3460.97,4.23
NSE:WIPRO,SHORT,420,2025-04-04T09:15:00+05:30,251.6,2025-04-07T14:45:00+05:30,241.5,breakout_down,breakout_up,4242.0,292.95,20.71,62.13,3866.21,3.23
NSE:NIFTY,SHORT,4.645818189471588,2025-04-04T09:15:00+05:30,23076.05,2025-04-07T15:00:00+05:30,22184.65,breakout_down,breakout_up,4141.28,75.24,4.21,21.03,4040.81,3.24
NSE:SENSEX,SHORT,1.3185138721204566,2025-04-04T09:15:00+05:30,75830.53,2025-04-07T15:00:00+05:30,73180.05,breakout_down,breakout_up,3494.69,73.37,3.93,19.65,3397.75,3.24
NSE:ITC,SHORT,105,2025-04-07T09:15:00+05:30,403.6,2025-04-07T15:00:00+05:30,405.8,breakout_down,breakout_up,-231.0,62.15,8.5,25.5,-327.15,0.24
NSE:LT,SHORT,30,2025-04-04T09:30:00+05:30,3296.65,2025-04-07T15:00:00+05:30,3071.35,breakout_down,breakout_up,6759.0,274.91,19.1,57.31,6407.67,3.23
NSE:ICICIBANK,SHORT,45,2025-04-07T10:15:00+05:30,1286.8,2025-04-07T15:15:00+05:30,1294.1,breakout_down,breakout_up,-328.5,67.63,11.61,34.84,-442.59,0.21
NSE:TATASTEEL,SHORT,545,2025-04-04T09:15:00+05:30,148.78,2025-04-07T15:15:00+05:30,130.2,breakout_down,breakout_up,10126.1,231.33,15.2,45.61,9833.96,3.25
NSE:BANKNIFTY,SHORT,1.7338704000171943,2025-04-04T14:45:00+05:30,51375.75,2025-04-08T09:15:00+05:30,50743.5,breakout_down,breakout_up,1096.24,70.6,3.54,17.71,1004.39,3.77
NSE:HDFCBANK,SHORT,125,2025-04-07T09:15:00+05:30,442.14,2025-04-08T09:15:00+05:30,443.93,breakout_down,breakout_up,-223.13,186.22,11.08,33.23,-453.65,1.0
NSE:SBIN,SHORT,100,2025-04-04T14:45:00+05:30,766.0,2025-04-08T09:15:00+05:30,770.8,breakout_down,breakout_up,-480.0,233.94,15.37,46.1,-775.41,3.77
NSE:ADANIGREEN,SHORT,85,2025-04-04T10:00:00+05:30,928.5,2025-04-08T09:15:00+05:30,901.5,breakout_down,breakout_up,2295.0,235.81,15.55,46.66,1996.97,3.97
NSE:BHARTIARTL,SHORT,25,2025-04-04T15:15:00+05:30,1740.5,2025-04-08T09:15:00+05:30,1721.55,breakout_down,breakout_up,473.75,159.27,8.66,25.97,279.86,3.75
NSE:TCS,LONG,15,2025-04-07T14:15:00+05:30,3237.4,2025-04-09T09:15:00+05:30,3244.6,breakout_up,breakout_down,108.0,171.17,9.72,29.17,-102.06,1.79
NSE:INFY,LONG,35,2025-04-07T15:00:00+05:30,1399.7,2025-04-09T09:15:00+05:30,1399.55,breakout_up,breakout_down,-5.25,172.0,9.8,29.39,-216.44,1.76
NSE:TATASTEEL,LONG,680,2025-04-08T09:15:00+05:30,133.47,2025-04-09T09:15:00+05:30,126.29,breakout_up,breakout_down,-4882.4,259.78,17.66,52.99,-5212.83,1.0
NSE:WIPRO,LONG,450,2025-04-07T15:00:00+05:30,243.15,2025-04-09T09:15:00+05:30,236.5,breakout_up,breakout_down,-2992.5,303.2,21.58,64.75,-3382.04,1.76
NSE:ICICIBANK,LONG,45,2025-04-08T09:15:00+05:30,1307.95,2025-04-09T09:45:00+05:30,1288.7,breakout_up,breakout_down,-866.25,193.04,11.68,35.05,-1106.03,1.02
NSE:SBIN,LONG,100,2025-04-08T12:30:00+05:30,772.85,2025-04-09T10:00:00+05:30,757.0,breakout_up,breakout_down,-1585.0,233.25,15.3,45.9,-1879.44,0.9
NSE:HDFCBANK,LONG,125,2025-04-08T13:00:00+05:30,445.46,2025-04-09T10:30:00+05:30,439.34,breakout_up,breakout_down,-765.62,186.09,11.06,33.18,-995.95,0.9
NSE:LT,LONG,35,2025-04-07T15:15:00+05:30,3087.0,2025-04-09T13:15:00+05:30,3088.25,breakout_up,breakout_down,43.75,303.3,21.61,64.84,-346.0,1.92
NSE:BANKNIFTY,SHORT,1.7988839148946034,2025-04-09T10:30:00+05:30,50075.65,2025-04-11T09:15:00+05:30,50796.2,breakout_down,breakout_up,-1296.19,70.96,3.63,18.15,-1388.92,1.95
NSE:ICICIBANK,SHORT,45,2025-04-09T10:15:00+05:30,1287.3,2025-04-11T09:15:00+05:30,1317.3,breakout_down,breakout_up,-1350.0,193.47,11.72,35.16,-1590.36,1.96
NSE:WIPRO,SHORT,450,2025-04-09T10:15:00+05:30,234.8,2025-04-11T09:15:00+05:30,241.4,breakout_down,breakout_up,-2970.0,301.48,21.43,64.29,-3357.19,1.96
NSE:ADANIGREEN,SHORT,95,2025-04-09T09:15:00+05:30,860.9,2025-04-11T09:15:00+05:30,888.0,breakout_down,breakout_up,-2574.5,247.95,16.61,49.84,-2888.91,2.0
NSE:LT,SHORT,35,2025-04-09T13:30:00+05:30,3077.2,2025-04-11T09:30:00+05:30,3149.4,breakout_down,breakout_up,-2527.0,305.49,21.79,65.38,-2919.66,1.83
NSE:HCLTECH,LONG,35,2025-04-07T14:15:00+05:30,1359.2,2025-04-11T14:15:00+05:30,1388.0,breakout_up,breakout_down,1008.0,169.9,9.62,28.85,799.64,4.0
NSE:TCS,SHORT,15,2025-04-09T15:15:00+05:30,3239.0,2025-04-15T09:15:00+05:30,3283.7,breakout_down,breakout_up,-670.5,171.9,9.78,29.35,-881.54,5.75
NSE:SBIN,SHORT,100,2025-04-09T10:30:00+05:30,756.2,2025-04-15T09:15:00+05:30,766.5,breakout_down,breakout_up,-1030.0,232.41,15.23,45.68,-1323.32,5.95
NSE:WIPRO,SHORT,430,2025-04-11T14:00:00+05:30,239.1,2025-04-15T09:15:00+05:30,242.35,breakout_down,breakout_up,-1397.5,293.28,20.7,62.11,-1773.59,3.8
NSE:HINDUNILVR,LONG,30,2025-04-03T10:30:00+05:30,2250.0,2025-04-15T09:30:00+05:30,2352.3,breakout_up,breakout_down,3069.0,216.33,13.81,41.42,2797.45,11.96
NSE:HDFCBANK,LONG,120,2025-04-11T09:15:00+05:30,448.7,2025-04-15T14:30:00+05:30,466.0,breakout_up,breakout_down,2076.0,184.95,10.98,32.93,1847.15,4.22
NSE:HINDUNILVR,SHORT,30,2025-04-15T10:00:00+05:30,2347.5,2025-04-16T09:15:00+05:30,2373.1,breakout_down,breakout_up,-768.0,220.56,14.16,42.49,-1045.2,0.97
NSE:TATACONSUM,LONG,25,2025-04-08T12:45:00+05:30,1064.0,2025-04-16T09:15:00+05:30,1089.0,breakout_up,breakout_down,625.0,122.89,5.38,16.15,480.58,7.85
NSE:SBIN,SHORT,95,2025-04-15T14:30:00+05:30,763.9,2025-04-16T10:00:00+05:30,770.4,breakout_down,breakout_up,-617.5,225.15,14.58,43.73,-900.95,0.81
NSE:TATASTEEL,LONG,655,2025-04-11T09:15:00+05:30,131.58,2025-04-16T10:15:00+05:30,134.97,breakout_up,breakout_down,2220.45,256.97,17.46,52.38,1893.64,5.04
NSE:ICICIBANK,LONG,40,2025-04-15T09:15:00+05:30,1346.5,2025-04-16T12:15:00+05:30,1343.7,breakout_up,breakout_down,-112.0,182.72,10.76,32.28,-337.76,1.12
NSE:LT,LONG,30,2025-04-15T09:15:00+05:30,3240.8,2025-04-16T13:30:00+05:30,3236.6,breakout_up,breakout_down,-126.0,279.08,19.43,58.3,-482.8,1.18
NSE:HDFCBANK,SHORT,120,2025-04-15T14:45:00+05:30,465.93,2025-04-17T09:15:00+05:30,470.88,breakout_down,breakout_up,-594.0,188.09,11.24,33.72,-827.06,1.77
NSE:TCS,LONG,15,2025-04-16T14:00:00+05:30,3274.1,2025-04-17T09:15:00+05:30,3226.1,breakout_up,breakout_down,-720.0,171.53,9.75,29.25,-930.53,0.8
NSE:INFY,LONG,35,2025-04-09T15:00:00+05:30,1405.0,2025-04-17T09:15:00+05:30,1390.1,breakout_up,breakout_down,-521.5,171.88,9.78,29.35,-732.51,7.76
NSE:TATASTEEL,LONG,640,2025-04-16T14:00:00+05:30,137.38,2025-04-17T09:15:00+05:30,134.25,breakout_up,breakout_down,-2003.2,256.46,17.38,52.15,-2329.2,0.8
NSE:WIPRO,LONG,415,2025-04-15T14:15:00+05:30,244.15,2025-04-17T09:15:00+05:30,233.2,breakout_up,breakout_down,-4544.25,283.6,19.81,59.43,-4907.1,1.79
NSE:HCLTECH,LONG,35,2025-04-15T12:30:00+05:30,1424.6,2025-04-17T09:15:00+05:30,1387.1,breakout_up,breakout_down,-1312.5,172.58,9.84,29.52,-1524.45,1.86
NSE:HINDUNILVR,SHORT,25,2025-04-17T09:15:00+05:30,2349.8,2025-04-17T12:00:00+05:30,2372.1,breakout_down,breakout_up,-557.5,67.94,11.8,35.41,-672.66,0.11
NSE:INFY,SHORT,35,2025-04-17T10:00:00+05:30,1380.8,2025-04-17T13:30:00+05:30,1418.1,breakout_down,breakout_up,-1305.5,64.32,9.8,29.39,-1409.0,0.15
NSE:LT,SHORT,30,2025-04-16T15:00:00+05:30,3225.4,2025-04-17T13:45:00+05:30,3234.8,breakout_down,breakout_up,-282.0,278.51,19.38,58.14,-638.04,0.95
NSE:ADANIGREEN,LONG,85,2025-04-15T09:15:00+05:30,910.35,2025-04-17T15:15:00+05:30,946.0,breakout_up,breakout_down,3030.25,238.24,15.78,47.34,2728.89,2.25
NSE:SBIN,LONG,95,2025-04-16T13:45:00+05:30,771.55,2025-04-21T14:30:00+05:30,815.7,breakout_up,breakout_down,4194.25,230.38,15.08,45.24,3903.56,5.03
NSE:WIPRO,LONG,400,2025-04-21T09:15:00+05:30,238.7,2025-04-21T15:15:00+05:30,238.3,breakout_up,breakout_down,-160.0,80.81,19.08,57.24,-317.13,0.25
NSE:ICICIBANK,LONG,40,2025-04-16T14:45:00+05:30,1355.9,2025-04-22T09:15:00+05:30,1400.9,breakout_up,breakout_down,1800.0,185.53,11.03,33.08,1570.36,5.77
NSE:TCS,LONG,15,2025-04-17T13:30:00+05:30,3291.1,2025-04-22T09:15:00+05:30,3307.4,breakout_up,breakout_down,244.5,173.1,9.9,29.69,31.81,4.82
NSE:INFY,LONG,30,2025-04-17T15:15:00+05:30,1427.7,2025-04-22T09:15:00+05:30,1424.4,breakout_up,breakout_down,-99.0,158.22,8.56,25.67,-291.44,4.75
NSE:BHARTIARTL,LONG,25,2025-04-08T12:00:00+05:30,1734.0,2025-04-22T09:30:00+05:30,1868.3,breakout_up,breakout_down,3357.5,162.95,9.01,27.02,3158.52,13.9
NSE:LT,LONG,30,2025-04-17T14:45:00+05:30,3247.5,2025-04-22T11:15:00+05:30,3260.0,breakout_up,breakout_down,375.0,280.04,19.52,58.57,16.87,4.85
NSE:TATASTEEL,LONG,620,2025-04-21T09:15:00+05:30,138.3,2025-04-22T12:30:00+05:30,138.53,breakout_up,breakout_down,142.6,253.84,17.16,51.49,-179.9,1.14
NSE:ADANIGREEN,LONG,85,2025-04-21T10:15:00+05:30,964.2,2025-04-22T13:30:00+05:30,950.0,breakout_up,breakout_down,-1207.0,244.02,16.27,48.81,-1516.11,1.14
NSE:NIFTY,LONG,5.002061915134474,2025-04-07T15:15:00+05:30,22238.0,2025-04-22T15:15:00+05:30,24134.05,breakout_up,breakout_down,9484.16,78.58,4.64,23.2,9377.75,15.0
NSE:BANKNIFTY,LONG,1.739601833448527,2025-04-11T09:30:00+05:30,50986.1,2025-04-22T15:15:00+05:30,55559.2,breakout_up,breakout_down,7955.37,72.31,3.71,18.53,7860.83,11.24
NSE:SENSEX,LONG,1.4097664003764938,2025-04-07T15:15:00+05:30,73325.05,2025-04-22T15:15:00+05:30,79468.84,breakout_up,breakout_down,8661.31,76.33,4.31,21.54,8559.13,15.0
NSE:SBIN,LONG,90,2025-04-22T10:15:00+05:30,828.0,2025-04-22T15:15:00+05:30,821.3,breakout_up,breakout_down,-603.0,73.29,14.84,44.53,-735.67,0.21
NSE:WIPRO,SHORT,405,2025-04-22T09:15:00+05:30,237.35,2025-04-23T09:15:00+05:30,239.4,breakout_down,breakout_up,-830.25,277.75,19.31,57.93,-1185.24,1.0
NSE:HDFCBANK,LONG,115,2025-04-17T09:30:00+05:30,472.73,2025-04-23T10:00:00+05:30,484.38,breakout_up,breakout_down,1339.75,185.34,11.01,33.02,1110.39,6.02
NSE:TATASTEEL,SHORT,620,2025-04-22T15:15:00+05:30,137.97,2025-04-23T12:00:00+05:30,139.65,breakout_down,breakout_up,-1041.6,254.48,17.21,51.64,-1364.93,0.86
NSE:BHARTIARTL,SHORT,25,2025-04-22T12:15:00+05:30,1858.0,2025-04-23T14:15:00+05:30,1867.8,breakout_down,breakout_up,-245.0,166.65,9.31,27.94,-448.91,1.08
NSE:ADANIGREEN,SHORT,85,2025-04-22T14:45:00+05:30,944.6,2025-04-23T14:30:00+05:30,952.5,breakout_down,breakout_up,-671.5,242.37,16.13,48.38,-978.37,0.99
NSE:INFY,LONG,30,2025-04-23T09:15:00+05:30,1466.5,2025-04-24T09:15:00+05:30,1465.9,breakout_up,breakout_down,-18.0,160.89,8.8,26.39,-214.08,1.0
NSE:TATACONSUM,LONG,25,2025-04-16T12:15:00+05:30,1107.2,2025-04-24T09:15:00+05:30,1124.8,breakout_up,breakout_down,440.0,125.1,5.58,16.74,292.58,7.88
NSE:ICICIBANK,LONG,40,2025-04-22T15:00:00+05:30,1417.2,2025-04-24T09:45:00+05:30,1411.4,breakout_up,breakout_down,-232.0,188.88,11.31,33.94,-466.13,1.78
NSE:HINDUNILVR,LONG,25,2025-04-17T12:15:00+05:30,2375.0,2025-04-24T10:30:00+05:30,2400.9,breakout_up,breakout_down,647.5,195.76,11.94,35.82,403.98,6.93
NSE:SENSEX,LONG,1.396833081397261,2025-04-23T09:15:00+05:30,80113.17,2025-04-24T12:15:00+05:30,79819.93,breakout_up,breakout_down,-409.61,76.56,4.47,22.34,-512.98,1.12
NSE:TCS,LONG,15,2025-04-23T09:15:00+05:30,3384.4,2025-04-24T12:15:00+05:30,3388.8,breakout_up,breakout_down,66.0,176.02,10.16,30.48,-150.66,1.12
NSE:BHARTIARTL,LONG,25,2025-04-23T14:30:00+05:30,1871.9,2025-04-24T13:30:00+05:30,1841.9,breakout_up,breakout_down,-750.0,166.36,9.28,27.85,-953.5,0.96
NSE:WIPRO,LONG,395,2025-04-23T09:30:00+05:30,240.15,2025-04-24T13:45:00+05:30,241.75,breakout_up,breakout_down,632.0,274.61,19.04,57.11,281.25,1.18
NSE:NIFTY,LONG,4.958470954528541,2025-04-23T09:15:00+05:30,24319.1,2025-04-24T14:45:00+05:30,24221.25,breakout_up,breakout_down,-485.19,78.83,4.81,24.07,-592.9,1.23
NSE:ITC,LONG,105,2025-04-08T09:15:00+05:30,409.6,2025-04-24T14:45:00+05:30,429.5,breakout_up,breakout_down,2089.5,160.88,8.81,26.43,1893.38,16.23
NSE:SENSEX,SHORT,1.3970661836611225,2025-04-24T14:45:00+05:30,79733.72,2025-04-25T09:15:00+05:30,80046.72,breakout_down,breakout_up,-437.28,76.54,4.46,22.32,-540.6,0.77
NSE:NIFTY,LONG,4.934113227340569,2025-04-25T09:15:00+05:30,24319.35,2025-04-25T09:30:00+05:30,24208.15,breakout_up,breakout_down,-548.67,78.66,4.79,23.94,-656.07,0.01
NSE:TATASTEEL,LONG,600,2025-04-23T13:45:00+05:30,140.03,2025-04-25T09:30:00+05:30,140.76,breakout_up,breakout_down,438.0,250.31,16.85,50.54,120.3,1.82
NSE:ADANIGREEN,LONG,85,2025-04-24T09:15:00+05:30,955.15,2025-04-25T09:30:00+05:30,942.95,breakout_up,breakout_down,-1037.0,242.49,16.13,48.4,-1344.03,1.01
NSE:LT,LONG,30,2025-04-23T09:15:00+05:30,3291.5,2025-04-25T10:00:00+05:30,3270.0,breakout_up,breakout_down,-645.0,281.92,19.68,59.05,-1005.66,2.03
NSE:HCLTECH,LONG,30,2025-04-17T14:45:00+05:30,1434.2,2025-04-25T10:15:00+05:30,1569.5,breakout_up,breakout_down,4059.0,162.96,9.01,27.03,3860.0,7.81
NSE:TATACONSUM,LONG,25,2025-04-24T12:00:00+05:30,1160.6,2025-04-25T10:15:00+05:30,1140.5,breakout_up,breakout_down,-502.5,127.09,5.75,17.26,-652.6,0.93
NSE:ICICIBANK,SHORT,40,2025-04-24T11:30:00+05:30,1407.8,2025-04-25T14:45:00+05:30,1405.1,breakout_down,breakout_up,108.0,188.15,11.25,33.75,-125.16,1.14
NSE:HINDUNILVR,SHORT,25,2025-04-24T10:45:00+05:30,2350.1,2025-04-25T14:45:00+05:30,2329.7,breakout_down,breakout_up,510.0,193.1,11.7,35.1,270.1,1.17
NSE:ITC,SHORT,105,2025-04-25T09:45:00+05:30,427.5,2025-04-25T15:00:00+05:30,428.85,breakout_down,breakout_up,-141.75,63.03,8.99,26.98,-240.75,0.22
NSE:BANKNIFTY,SHORT,1.744269155272006,2025-04-23T10:00:00+05:30,55342.85,2025-04-28T09:15:00+05:30,55069.3,breakout_down,breakout_up,477.14,72.59,3.85,19.26,381.45,4.97
NSE:HDFCBANK,SHORT,115,2025-04-23T10:30:00+05:30,483.23,2025-04-28T09:15:00+05:30,481.12,breakout_down,breakout_up,241.5,186.35,11.09,33.27,10.79,4.95
NSE:INFY,LONG,30,2025-04-24T11:15:00+05:30,1481.6,2025-04-28T09:15:00+05:30,1468.7,breakout_up,breakout_down,-387.0,161.51,8.85,26.55,-583.92,3.92
NSE:SBIN,SHORT,90,2025-04-23T10:00:00+05:30,815.55,2025-04-28T09:15:00+05:30,805.5,breakout_down,breakout_up,904.5,225.18,14.59,43.77,620.96,4.97
NSE:LT,SHORT,30,2025-04-25T10:15:00+05:30,3249.0,2025-04-28T09:15:00+05:30,3290.2,breakout_down,breakout_up,-1236.0,281.22,19.62,58.85,-1595.69,2.96
NSE:NIFTY,SHORT,4.955931740997051,2025-04-25T09:45:00+05:30,24080.3,2025-04-28T09:30:00+05:30,24176.6,breakout_down,breakout_up,-477.26,78.63,4.78,23.92,-584.58,2.99
NSE:SENSEX,SHORT,1.3906614490935092,2025-04-25T09:30:00+05:30,79713.36,2025-04-28T09:30:00+05:30,79759.04,breakout_down,breakout_up,-63.53,76.38,4.44,22.18,-166.52,3.0
NSE:ADANIGREEN,SHORT,85,2025-04-25T09:45:00+05:30,925.35,2025-04-28T10:00:00+05:30,932.0,breakout_down,breakout_up,-565.25,238.61,15.79,47.36,-867.01,3.01
NSE:TATASTEEL,SHORT,600,2025-04-25T09:45:00+05:30,139.45,2025-04-28T11:00:00+05:30,141.26,breakout_down,breakout_up,-1086.0,250.37,16.84,50.53,-1403.74,3.05
NSE:HDFCBANK,LONG,115,2025-04-28T09:30:00+05:30,481.65,2025-04-28T14:30:00+05:30,479.18,breakout_up,breakout_down,-284.62,66.64,11.05,33.15,-395.46,0.21
NSE:ITC,LONG,105,2025-04-28T12:15:00+05:30,430.3,2025-04-29T09:15:00+05:30,426.9,breakout_up,breakout_down,-357.0,163.17,9.0,27.0,-556.18,0.88
NSE:WIPRO,SHORT,390,2025-04-24T14:00:00+05:30,241.6,2025-04-29T09:15:00+05:30,242.9,breakout_down,breakout_up,-507.0,273.14,18.9,56.69,-855.72,4.8
NSE:HCLTECH,SHORT,30,2025-04-28T09:15:00+05:30,1542.0,2025-04-29T09:15:00+05:30,1560.3,breakout_down,breakout_up,-549.0,166.59,9.31,27.92,-752.82,1.0
NSE:BHARTIARTL,SHORT,25,2025-04-25T09:45:00+05:30,1832.1,2025-04-29T09:15:00+05:30,1838.8,breakout_down,breakout_up,-167.5,165.12,9.18,27.53,-369.33,3.98
NSE:TATACONSUM,SHORT,25,2025-04-25T11:30:00+05:30,1134.3,2025-04-29T11:15:00+05:30,1164.1,breakout_down,breakout_up,-745.0,127.04,5.75,17.24,-895.02,3.99
NSE:ADANIGREEN,LONG,80,2025-04-28T10:45:00+05:30,936.45,2025-04-29T11:45:00+05:30,927.95,breakout_up,breakout_down,-680.0,228.92,14.92,44.75,-968.58,1.04
NSE:BANKNIFTY,LONG,1.7575305249425568,2025-04-28T09:30:00+05:30,55141.65,2025-04-29T12:15:00+05:30,55295.95,breakout_up,breakout_down,271.19,72.77,3.88,19.41,175.13,1.11
NSE:ICICIBANK,LONG,40,2025-04-28T09:15:00+05:30,1419.6,2025-04-29T13:30:00+05:30,1423.0,breakout_up,breakout_down,136.0,189.47,11.37,34.11,-98.95,1.18
NSE:LT,LONG,30,2025-04-28T09:30:00+05:30,3301.3,2025-04-29T14:00:00+05:30,3321.0,breakout_up,breakout_down,591.0,283.85,19.87,59.6,227.68,1.19
NSE:ITC,SHORT,100,2025-04-29T09:30:00+05:30,425.9,2025-04-29T14:30:00+05:30,427.2,breakout_down,breakout_up,-130.0,62.22,8.53,25.59,-226.34,0.21
NSE:SBIN,LONG,95,2025-04-28T12:15:00+05:30,814.6,2025-04-29T14:45:00+05:30,815.55,breakout_up,breakout_down,90.25,235.21,15.49,46.46,-206.91,1.1
NSE:HDFCBANK,SHORT,115,2025-04-29T09:30:00+05:30,477.77,2025-04-30T09:15:00+05:30,481.43,breakout_down,breakout_up,-419.75,185.74,11.03,33.09,-649.61,0.99
NSE:TCS,LONG,15,2025-04-25T09:15:00+05:30,3455.6,2025-04-30T12:45:00+05:30,3455.8,breakout_up,breakout_down,3.0,178.33,10.37,31.1,-216.8,5.15
NSE:BHARTIARTL,SHORT,25,2025-04-29T14:30:00+05:30,1822.1,2025-04-30T13:30:00+05:30,1853.4,breakout_down,breakout_up,-782.5,165.3,9.19,27.57,-984.55,0.96
NSE:TATACONSUM,LONG,20,2025-04-29T14:15:00+05:30,1170.8,2025-04-30T13:45:00+05:30,1159.1,breakout_up,breakout_down,-234.0,114.93,4.66,13.98,-367.57,0.98
NSE:ITC,LONG,100,2025-04-30T09:15:00+05:30,428.5,2025-04-30T14:30:00+05:30,425.8,breakout_up,breakout_down,-270.0,62.23,8.54,25.63,-366.4,0.22
NSE:NIFTY,LONG,4.901399860590719,2025-04-28T09:45:00+05:30,24229.3,2025-04-30T15:15:00+05:30,24246.25,breakout_up,breakout_down,83.08,78.47,4.75,23.76,-23.91,2.23
NSE:SENSEX,LONG,1.3827192329513052,2025-04-28T10:00:00+05:30,80051.16,2025-04-30T15:15:00+05:30,80016.19,breakout_up,breakout_down,-48.35,76.32,4.43,22.13,-151.23,2.22
NSE:INFY,LONG,30,2025-04-29T12:30:00+05:30,1493.1,2025-04-30T15:15:00+05:30,1491.5,breakout_up,breakout_down,-48.0,162.63,8.95,26.86,-246.45,1.11
NSE:TATASTEEL,LONG,585,2025-04-28T11:15:00+05:30,141.72,2025-04-30T15:15:00+05:30,139.56,breakout_up,breakout_down,-1263.6,246.08,16.45,49.36,-1575.5,2.17
NSE:HCLTECH,LONG,30,2025-04-29T13:15:00+05:30,1569.0,2025-04-30T15:15:00+05:30,1556.5,breakout_up,breakout_down,-375.0,167.35,9.38,28.13,-579.86,1.08
NSE:BANKNIFTY,SHORT,1.7664697356839123,2025-04-30T15:15:00+05:30,54961.45,2025-05-02T09:15:00+05:30,55607.95,breakout_down,breakout_up,-1142.02,72.8,3.91,19.53,-1238.26,1.75
NSE:SBIN,SHORT,95,2025-04-29T15:00:00+05:30,812.15,2025-05-02T09:15:00+05:30,794.2,breakout_down,breakout_up,1705.25,232.58,15.26,45.78,1411.63,2.76
NSE:WIPRO,SHORT,390,2025-04-30T14:00:00+05:30,239.9,2025-05-02T09:15:00+05:30,243.38,breakout_down,breakout_up,-1357.2,272.67,18.85,56.54,-1705.27,1.8
NSE:LT,SHORT,30,2025-04-29T14:15:00+05:30,3317.5,2025-05-02T09:15:00+05:30,3367.5,breakout_down,breakout_up,-1500.0,286.1,20.05,60.16,-1866.32,2.79
NSE:ITC,SHORT,100,2025-04-30T15:15:00+05:30,425.0,2025-05-02T09:30:00+05:30,430.4,breakout_down,breakout_up,-540.0,158.22,8.55,25.66,-732.44,1.76
NSE:TATACONSUM,SHORT,20,2025-04-30T14:00:00+05:30,1157.7,2025-05-02T09:30:00+05:30,1172.1,breakout_down,breakout_up,-288.0,114.93,4.66,13.98,-421.57,1.81
NSE:ADANIGREEN,SHORT,80,2025-04-29T12:15:00+05:30,925.4,2025-05-02T09:30:00+05:30,920.4,breakout_down,breakout_up,400.0,227.19,14.77,44.3,113.75,2.89
NSE:HINDUNILVR,LONG,25,2025-04-25T15:00:00+05:30,2333.9,2025-05-02T12:00:00+05:30,2325.5,breakout_up,breakout_down,-210.0,192.59,11.65,34.95,-449.18,6.88
NSE:TATACONSUM,LONG,20,2025-05-02T10:15:00+05:30,1175.7,2025-05-02T12:15:00+05:30,1151.7,breakout_up,breakout_down,-480.0,55.35,4.65,13.96,-553.97,0.08
NSE:ICICIBANK,LONG,40,2025-05-02T09:15:00+05:30,1441.7,2025-05-02T14:15:00+05:30,1429.5,breakout_up,breakout_down,-488.0,67.39,11.48,34.45,-601.32,0.21
NSE:TCS,SHORT,15,2025-04-30T15:00:00+05:30,3449.0,2025-05-05T09:15:00+05:30,3485.6,breakout_down,breakout_up,-549.0,178.76,10.4,31.21,-769.37,4.76
NSE:SBIN,LONG,95,2025-05-02T10:15:00+05:30,798.7,2025-05-05T09:15:00+05:30,786.1,breakout_up,breakout_down,-1197.0,230.52,15.06,45.17,-1487.74,2.96
NSE:HINDUNILVR,SHORT,25,2025-05-02T12:15:00+05:30,2315.3,2025-05-05T09:15:00+05:30,2338.9,breakout_down,breakout_up,-590.0,192.47,11.64,34.91,-829.01,2.88
NSE:HCLTECH,LONG,30,2025-05-05T09:15:00+05:30,1590.7,2025-05-05T15:00:00+05:30,1564.7,breakout_up,breakout_down,-780.0,63.8,9.47,28.4,-881.66,0.24
NSE:HDFCBANK,LONG,115,2025-05-02T09:15:00+05:30,484.43,2025-05-06T09:15:00+05:30,482.15,breakout_up,breakout_down,-261.63,186.67,11.12,33.35,-492.76,4.0
NSE:TCS,LONG,15,2025-05-05T09:45:00+05:30,3497.6,2025-05-06T09:15:00+05:30,3439.5,breakout_up,breakout_down,-871.5,178.83,10.41,31.22,-1091.95,0.98
NSE:NIFTY,LONG,4.848725565364695,2025-05-02T09:15:00+05:30,24487.6,2025-05-06T09:45:00+05:30,24391.65,breakout_up,breakout_down,-465.24,78.35,4.74,23.7,-572.02,4.02
NSE:SENSEX,LONG,1.3666959865883637,2025-05-02T09:15:00+05:30,80879.36,2025-05-06T09:45:00+05:30,80585.09,breakout_up,breakout_down,-402.18,76.2,4.41,22.07,-504.86,4.02
NSE:ADANIGREEN,LONG,80,2025-05-02T10:15:00+05:30,926.6,2025-05-06T09:45:00+05:30,948.45,breakout_up,breakout_down,1748.0,229.69,15.0,45.0,1458.31,3.98
NSE:ITC,LONG,100,2025-05-02T09:45:00+05:30,430.9,2025-05-06T12:00:00+05:30,435.75,breakout_up,breakout_down,485.0,159.4,8.67,26.0,290.94,4.09
NSE:WIPRO,LONG,375,2025-05-02T10:00:00+05:30,244.95,2025-05-06T12:30:00+05:30,242.89,breakout_up,breakout_down,-772.5,266.48,18.29,54.88,-1112.15,4.1
NSE:BHARTIARTL,LONG,25,2025-04-30T13:45:00+05:30,1856.2,2025-05-06T15:15:00+05:30,1896.0,breakout_up,breakout_down,995.0,167.29,9.38,28.14,790.18,6.06
NSE:NIFTY,SHORT,4.850482897612236,2025-05-06T11:30:00+05:30,24361.15,2025-05-07T09:15:00+05:30,24427.2,breakout_down,breakout_up,-320.37,78.31,4.73,23.66,-427.08,0.91
NSE:BANKNIFTY,SHORT,1.750824579268283,2025-05-06T09:15:00+05:30,54747.45,2025-05-07T09:15:00+05:30,54616.65,breakout_down,breakout_up,229.01,72.42,3.83,19.15,133.61,1.0
NSE:SENSEX,SHORT,1.365764375676129,2025-05-06T10:00:00+05:30,80565.98,2025-05-07T09:15:00+05:30,80775.66,breakout_down,breakout_up,-286.37,76.17,4.41,22.04,-388.99,0.97
NSE:HDFCBANK,SHORT,115,2025-05-06T09:30:00+05:30,482.07,2025-05-07T09:15:00+05:30,485.55,breakout_down,breakout_up,-399.63,186.81,11.13,33.38,-630.95,0.99
NSE:ICICIBANK,SHORT,40,2025-05-06T09:15:00+05:30,1424.6,2025-05-07T09:15:00+05:30,1437.6,breakout_down,breakout_up,-520.0,190.39,11.45,34.35,-756.19,1.0
NSE:TCS,LONG,15,2025-05-06T13:15:00+05:30,3469.6,2025-05-07T09:15:00+05:30,3440.4,breakout_up,breakout_down,-438.0,178.34,10.37,31.09,-657.8,0.83
NSE:INFY,LONG,30,2025-05-02T09:15:00+05:30,1511.5,2025-05-07T09:15:00+05:30,1505.6,breakout_up,breakout_down,-177.0,163.72,9.05,27.15,-376.93,5.0
NSE:SBIN,SHORT,95,2025-05-06T09:15:00+05:30,784.25,2025-05-07T09:15:00+05:30,781.05,breakout_down,breakout_up,304.0,228.35,14.87,44.61,16.17,1.0
NSE:HINDUNILVR,LONG,25,2025-05-05T09:30:00+05:30,2348.1,2025-05-07T09:15:00+05:30,2363.6,breakout_up,breakout_down,387.5,194.0,11.78,35.34,146.39,1.99
NSE:ICICIBANK,LONG,40,2025-05-07T09:30:00+05:30,1440.9,2025-05-07T13:00:00+05:30,1421.7,breakout_up,breakout_down,-768.0,67.29,11.45,34.35,-881.1,0.15
NSE:BHARTIARTL,LONG,20,2025-05-07T10:45:00+05:30,1914.1,2025-05-07T13:15:00+05:30,1891.1,breakout_up,breakout_down,-460.0,60.56,7.61,22.83,-551.0,0.1
NSE:WIPRO,SHORT,375,2025-05-06T13:00:00+05:30,242.33,2025-05-07T13:45:00+05:30,243.3,breakout_down,breakout_up,-363.75,265.52,18.21,54.63,-702.12,1.03
NSE:TATACONSUM,LONG,20,2025-05-06T10:00:00+05:30,1171.7,2025-05-07T14:15:00+05:30,1143.0,breakout_up,breakout_down,-574.0,114.62,4.63,13.89,-707.13,1.18
NSE:HDFCBANK,LONG,110,2025-05-07T15:00:00+05:30,486.8,2025-05-08T09:30:00+05:30,482.1,breakout_up,breakout_down,-517.0,181.6,10.66,31.97,-741.23,0.77
NSE:HCLTECH,SHORT,30,2025-05-07T09:15:00+05:30,1561.2,2025-05-08T09:30:00+05:30,1580.8,breakout_down,breakout_up,-588.0,167.92,9.43,28.28,-793.62,1.01
NSE:LT,SHORT,30,2025-05-02T15:15:00+05:30,3324.0,2025-05-08T10:30:00+05:30,3357.7,breakout_down,breakout_up,-1011.0,285.95,20.05,60.14,-1377.13,5.8
NSE:TATASTEEL,LONG,570,2025-05-02T09:30:00+05:30,141.62,2025-05-08T10:45:00+05:30,144.74,breakout_up,breakout_down,1778.4,244.38,16.32,48.97,1468.73,6.05
NSE:WIPRO,LONG,370,2025-05-07T14:00:00+05:30,243.6,2025-05-08T11:45:00+05:30,241.81,breakout_up,breakout_down,-662.3,262.76,17.96,53.88,-996.9,0.91
NSE:BANKNIFTY,LONG,1.7580682348759076,2025-05-07T15:00:00+05:30,54597.65,2025-05-08T13:45:00+05:30,54556.8,breakout_up,breakout_down,-71.82,72.45,3.84,19.19,-167.29,0.95
NSE:SBIN,LONG,95,2025-05-08T10:15:00+05:30,786.1,2025-05-08T13:45:00+05:30,774.1,breakout_up,breakout_down,-1140.0,73.19,14.82,44.47,-1272.48,0.15
NSE:ITC,SHORT,100,2025-05-06T12:45:00+05:30,435.45,2025-05-08T14:15:00+05:30,430.9,breakout_down,breakout_up,455.0,159.37,8.66,25.99,260.98,2.06
NSE:ICICIBANK,LONG,40,2025-05-07T15:00:00+05:30,1434.5,2025-05-08T14:45:00+05:30,1435.7,breakout_up,breakout_down,48.0,190.7,11.48,34.44,-188.63,0.99
NSE:TCS,LONG,15,2025-05-07T14:00:00+05:30,3457.5,2025-05-08T15:15:00+05:30,3434.2,breakout_up,breakout_down,-349.5,178.03,10.34,31.01,-568.88,1.05
NSE:INFY,LONG,25,2025-05-07T14:00:00+05:30,1518.8,2025-05-09T09:15:00+05:30,1498.8,breakout_up,breakout_down,-500.0,147.0,7.54,22.63,-677.17,1.8
NSE:HCLTECH,LONG,30,2025-05-08T11:15:00+05:30,1584.2,2025-05-09T09:15:00+05:30,1559.2,breakout_up,breakout_down,-750.0,167.98,9.43,28.29,-955.7,0.92
NSE:LT,SHORT,30,2025-05-08T14:45:00+05:30,3323.2,2025-05-09T09:15:00+05:30,3449.4,breakout_down,breakout_up,-3786.0,289.19,20.32,60.95,-4156.46,0.77
NSE:TCS,SHORT,15,2025-05-09T09:15:00+05:30,3412.2,2025-05-09T14:45:00+05:30,3440.5,breakout_down,breakout_up,-424.5,65.27,10.28,30.84,-530.88,0.23
NSE:TATACONSUM,SHORT,20,2025-05-08T09:15:00+05:30,1132.1,2025-05-09T14:45:00+05:30,1117.0,breakout_down,breakout_up,302.0,113.09,4.5,13.49,170.91,1.23
NSE:SBIN,SHORT,95,2025-05-08T14:45:00+05:30,771.5,2025-05-09T15:00:00+05:30,780.05,breakout_down,breakout_up,-812.25,226.98,14.74,44.22,-1098.19,1.01
NSE:ADANIGREEN,SHORT,85,2025-05-06T11:00:00+05:30,938.9,2025-05-09T15:00:00+05:30,873.85,breakout_down,breakout_up,5529.25,233.94,15.41,46.23,5233.68,3.17
NSE:HINDUNILVR,SHORT,25,2025-05-07T15:15:00+05:30,2367.1,2025-05-09T15:15:00+05:30,2336.0,breakout_down,breakout_up,777.5,193.73,11.76,35.27,536.74,2.0
NSE:NIFTY,SHORT,4.831932888369756,2025-05-08T13:15:00+05:30,24366.55,2025-05-12T09:15:00+05:30,24595.2,breakout_down,breakout_up,-1104.82,78.23,4.73,23.66,-1211.44,3.83
NSE:BANKNIFTY,SHORT,1.7568619620244434,2025-05-08T14:00:00+05:30,54540.2,2025-05-12T09:15:00+05:30,55052.1,breakout_down,breakout_up,-899.34,72.46,3.85,19.25,-994.9,3.8
NSE:SENSEX,SHORT,1.3602126647030188,2025-05-08T13:30:00+05:30,80609.69,2025-05-12T09:15:00+05:30,81362.77,breakout_down,breakout_up,-1024.35,76.1,4.41,22.03,-1126.89,3.82
NSE:HDFCBANK,SHORT,110,2025-05-08T15:15:00+05:30,480.38,2025-05-12T09:15:00+05:30,485.48,breakout_down,breakout_up,-561.0,181.23,10.62,31.87,-784.73,3.75
NSE:ICICIBANK,SHORT,40,2025-05-08T15:15:00+05:30,1427.3,2025-05-12T09:15:00+05:30,1426.1,breakout_down,breakout_up,48.0,189.96,11.41,34.24,-187.61,3.75
NSE:ITC,SHORT,100,2025-05-09T14:15:00+05:30,424.0,2025-05-12T09:15:00+05:30,431.9,breakout_down,breakout_up,-790.0,158.3,8.56,25.68,-982.54,2.79
NSE:TATASTEEL,SHORT,570,2025-05-08T12:00:00+05:30,144.53,2025-05-12T09:15:00+05:30,147.03,breakout_down,breakout_up,-1425.0,247.91,16.62,49.86,-1739.39,3.89
NSE:WIPRO,SHORT,370,2025-05-08T13:45:00+05:30,241.36,2025-05-12T09:15:00+05:30,247.17,breakout_down,breakout_up,-2149.7,264.15,18.08,54.23,-2486.15,3.81
NSE:BHARTIARTL,SHORT,20,2025-05-07T13:30:00+05:30,1888.8,2025-05-12T09:15:00+05:30,1864.5,breakout_down,breakout_up,486.0,146.51,7.51,22.52,309.46,4.82
NSE:BANKNIFTY,LONG,1.716159500294775,2025-05-12T09:45:00+05:30,55255.75,2025-05-13T09:15:00+05:30,55098.95,breakout_up,breakout_down,-269.09,72.1,3.79,18.94,-363.92,0.98
NSE:HDFCBANK,LONG,105,2025-05-12T09:30:00+05:30,486.18,2025-05-13T09:15:00+05:30,485.52,breakout_up,breakout_down,-68.25,176.51,10.2,30.61,-285.57,0.99
NSE:ICICIBANK,LONG,40,2025-05-12T09:30:00+05:30,1429.1,2025-05-13T09:15:00+05:30,1433.0,breakout_up,breakout_down,156.0,190.34,11.45,34.35,-80.13,0.99
NSE:TATACONSUM,LONG,20,2025-05-12T09:15:00+05:30,1128.9,2025-05-13T09:15:00+05:30,1135.6,breakout_up,breakout_down,134.0,113.45,4.53,13.59,2.44,1.0
NSE:BHARTIARTL,LONG,25,2025-05-12T09:45:00+05:30,1880.7,2025-05-13T09:15:00+05:30,1854.0,breakout_up,breakout_down,-667.5,166.93,9.34,28.01,-871.78,0.98
NSE:ITC,LONG,95,2025-05-12T09:45:00+05:30,433.3,2025-05-13T09:30:00+05:30,431.05,breakout_up,breakout_down,-213.75,154.39,8.21,24.63,-400.99,0.99
NSE:HINDUNILVR,LONG,25,2025-05-12T09:15:00+05:30,2368.9,2025-05-13T09:30:00+05:30,2366.3,breakout_up,breakout_down,-65.0,194.68,11.84,35.51,-307.03,1.01
NSE:NIFTY,LONG,4.713031898125864,2025-05-12T09:45:00+05:30,24725.0,2025-05-13T10:15:00+05:30,24658.2,breakout_up,breakout_down,-314.83,77.8,4.65,23.27,-420.56,1.02
NSE:SENSEX,LONG,1.3264866526701937,2025-05-12T09:45:00+05:30,81812.21,2025-05-13T10:15:00+05:30,81406.3,breakout_up,breakout_down,-538.43,75.64,4.33,21.65,-640.06,1.02
NSE:HCLTECH,LONG,30,2025-05-12T09:15:00+05:30,1604.6,2025-05-13T10:15:00+05:30,1633.0,breakout_up,breakout_down,852.0,171.0,9.71,29.14,642.15,1.04
NSE:TCS,LONG,15,2025-05-12T09:15:00+05:30,3510.5,2025-05-13T12:15:00+05:30,3554.3,breakout_up,breakout_down,657.0,180.84,10.6,31.79,433.77,1.12
NSE:INFY,LONG,25,2025-05-12T09:15:00+05:30,1546.5,2025-05-13T12:45:00+05:30,1573.1,breakout_up,breakout_down,665.0,149.74,7.8,23.4,484.06,1.15
NSE:WIPRO,LONG,350,2025-05-12T09:30:00+05:30,248.88,2025-05-13T13:15:00+05:30,251.89,breakout_up,breakout_down,1053.5,257.82,17.53,52.58,725.58,1.16
NSE:TATASTEEL,LONG,540,2025-05-12T12:30:00+05:30,149.12,2025-05-13T13:45:00+05:30,149.1,breakout_up,breakout_down,-10.8,242.08,16.1,48.31,-317.3,1.05
NSE:BHARTIARTL,SHORT,25,2025-05-13T11:30:00+05:30,1843.9,2025-05-14T09:15:00+05:30,1865.2,breakout_down,breakout_up,-532.5,166.21,9.27,27.82,-735.8,0.91
NSE:TCS,SHORT,15,2025-05-13T12:30:00+05:30,3544.6,2025-05-14T13:15:00+05:30,3554.9,breakout_down,breakout_up,-154.5,181.48,10.65,31.95,-378.58,1.03
NSE:LT,LONG,25,2025-05-12T09:15:00+05:30,3558.1,2025-05-14T14:15:00+05:30,3575.5,breakout_up,breakout_down,435.0,261.27,17.83,53.5,102.39,2.21
NSE:HCLTECH,SHORT,30,2025-05-13T12:30:00+05:30,1627.0,2025-05-14T15:00:00+05:30,1637.2,breakout_down,breakout_up,-306.0,171.97,9.79,29.38,-517.14,1.1
NSE:SBIN,LONG,90,2025-05-12T09:15:00+05:30,799.5,2025-05-15T09:30:00+05:30,796.25,breakout_up,breakout_down,-292.5,222.74,14.36,43.09,-572.69,3.01
NSE:NIFTY,SHORT,4.7190530325763165,2025-05-13T12:45:00+05:30,24604.6,2025-05-15T10:30:00+05:30,24745.9,breakout_down,breakout_up,-666.8,77.79,4.66,23.29,-772.54,1.91
NSE:SENSEX,SHORT,1.3266584527881546,2025-05-13T12:30:00+05:30,81320.6,2025-05-15T10:30:00+05:30,81520.31,breakout_down,breakout_up,-264.95,75.6,4.32,21.6,-366.48,1.92
NSE:ICICIBANK,SHORT,40,2025-05-13T09:30:00+05:30,1431.0,2025-05-15T10:30:00+05:30,1431.2,breakout_down,breakout_up,-8.0,190.35,11.45,34.35,-244.15,2.04
NSE:ITC,SHORT,95,2025-05-13T12:30:00+05:30,427.35,2025-05-15T10:30:00+05:30,430.55,breakout_down,breakout_up,-304.0,153.72,8.15,24.45,-490.32,1.92
NSE:TATACONSUM,SHORT,20,2025-05-13T10:15:00+05:30,1130.3,2025-05-15T10:30:00+05:30,1127.0,breakout_down,breakout_up,66.0,113.29,4.51,13.54,-65.35,2.01
NSE:BANKNIFTY,SHORT,1.7194012574947186,2025-05-13T12:45:00+05:30,54940.55,2025-05-15T13:00:00+05:30,55096.4,breakout_down,breakout_up,-267.97,72.07,3.78,18.92,-362.75,2.01
NSE:HDFCBANK,SHORT,105,2025-05-13T09:30:00+05:30,483.95,2025-05-15T13:00:00+05:30,481.98,breakout_down,breakout_up,207.37,175.82,10.14,30.43,-9.01,2.15
NSE:TCS,SHORT,15,2025-05-15T09:45:00+05:30,3530.3,2025-05-15T13:00:00+05:30,3573.9,breakout_down,breakout_up,-654.0,65.91,10.66,31.97,-762.53,0.14
NSE:INFY,SHORT,25,2025-05-13T13:15:00+05:30,1570.7,2025-05-15T13:00:00+05:30,1598.6,breakout_down,breakout_up,-697.5,151.23,7.92,23.77,-880.42,1.99
NSE:LT,SHORT,25,2025-05-15T09:15:00+05:30,3566.1,2025-05-15T13:00:00+05:30,3600.8,breakout_down,breakout_up,-867.5,78.68,17.92,53.75,-1017.85,0.16
NSE:WIPRO,SHORT,350,2025-05-13T13:45:00+05:30,251.3,2025-05-15T13:30:00+05:30,255.08,breakout_down,breakout_up,-1323.0,260.18,17.72,53.17,-1654.07,1.99
NSE:BHARTIARTL,LONG,20,2025-05-15T09:15:00+05:30,1843.2,2025-05-16T09:15:00+05:30,1819.9,breakout_up,breakout_down,-466.0,144.58,7.33,21.98,-639.88,1.0
NSE:SBIN,LONG,90,2025-05-15T14:45:00+05:30,807.85,2025-05-16T09:45:00+05:30,794.05,breakout_up,breakout_down,-1242.0,223.43,14.42,43.25,-1523.1,0.79
NSE:HINDUNILVR,SHORT,25,2025-05-13T12:45:00+05:30,2357.1,2025-05-16T11:15:00+05:30,2372.9,breakout_down,breakout_up,-395.0,194.56,11.83,35.47,-636.86,2.94
NSE:HCLTECH,LONG,30,2025-05-14T15:15:00+05:30,1641.3,2025-05-16T12:00:00+05:30,1659.8,breakout_up,breakout_down,555.0,173.14,9.9,29.71,342.25,1.86
NSE:TCS,LONG,15,2025-05-15T13:45:00+05:30,3592.9,2025-05-19T09:15:00+05:30,3529.0,breakout_up,breakout_down,-958.5,181.91,10.68,32.05,-1183.14,3.81
NSE:INFY,LONG,25,2025-05-15T13:15:00+05:30,1599.6,2025-05-19T09:15:00+05:30,1571.1,breakout_up,breakout_down,-712.5,151.27,7.93,23.78,-895.47,3.83
NSE:TATASTEEL,LONG,515,2025-05-14T09:15:00+05:30,155.73,2025-05-19T09:15:00+05:30,156.9,breakout_up,breakout_down,602.55,242.0,16.1,48.3,296.15,5.0
NSE:WIPRO,LONG,335,2025-05-15T13:45:00+05:30,255.66,2025-05-19T09:15:00+05:30,253.28,breakout_up,breakout_down,-797.3,252.65,17.05,51.15,-1118.15,3.81
NSE:SBIN,SHORT,90,2025-05-16T11:15:00+05:30,793.15,2025-05-19T10:15:00+05:30,797.65,breakout_down,breakout_up,-405.0,222.26,14.32,42.95,-684.53,2.96
NSE:TATACONSUM,LONG,20,2025-05-15T10:45:00+05:30,1129.4,2025-05-19T11:45:00+05:30,1154.2,breakout_up,breakout_down,496.0,113.84,4.57,13.7,363.89,4.04
NSE:ITC,LONG,95,2025-05-15T13:00:00+05:30,432.35,2025-05-19T12:00:00+05:30,434.05,breakout_up,breakout_down,161.5,154.58,8.23,24.69,-26.0,3.96
NSE:NIFTY,LONG,4.634686056520433,2025-05-15T13:00:00+05:30,24886.3,2025-05-19T14:00:00+05:30,24940.35,breakout_up,breakout_down,250.5,77.61,4.62,23.09,145.18,4.04
NSE:SENSEX,LONG,1.3115704718900703,2025-05-15T13:00:00+05:30,81977.51,2025-05-19T14:00:00+05:30,82018.63,breakout_up,breakout_down,53.93,75.51,4.3,21.51,-47.39,4.04
NSE:ADANIGREEN,LONG,95,2025-05-09T15:15:00+05:30,883.9,2025-05-19T14:00:00+05:30,1013.75,breakout_up,breakout_down,12335.75,262.53,18.03,54.08,12001.11,9.95
NSE:BANKNIFTY,LONG,1.7063614693028213,2025-05-15T13:15:00+05:30,55148.45,2025-05-20T09:15:00+05:30,55231.4,breakout_up,breakout_down,141.54,72.0,3.77,18.83,46.94,4.83
NSE:HDFCBANK,LONG,105,2025-05-15T13:15:00+05:30,482.45,2025-05-20T09:15:00+05:30,480.5,breakout_up,breakout_down,-204.75,175.5,10.11,30.33,-420.7,4.83
NSE:INFY,SHORT,25,2025-05-19T15:15:00+05:30,1557.9,2025-05-20T09:15:00+05:30,1577.7,breakout_down,breakout_up,-495.0,150.28,7.84,23.52,-676.63,0.75
NSE:ITC,SHORT,95,2025-05-19T14:00:00+05:30,433.05,2025-05-20T09:15:00+05:30,439.65,breakout_down,breakout_up,-627.0,155.3,8.29,24.87,-815.47,0.8
NSE:HCLTECH,SHORT,30,2025-05-19T09:15:00+05:30,1647.3,2025-05-20T09:15:00+05:30,1658.6,breakout_down,breakout_up,-339.0,173.36,9.92,29.75,-552.03,1.0
NSE:HINDUNILVR,LONG,25,2025-05-16T11:30:00+05:30,2376.5,2025-05-20T09:45:00+05:30,2374.1,breakout_up,breakout_down,-60.0,195.11,11.88,35.63,-302.62,3.93
NSE:ICICIBANK,LONG,40,2025-05-15T13:00:00+05:30,1439.2,2025-05-20T11:30:00+05:30,1439.1,breakout_up,breakout_down,-4.0,191.07,11.51,34.54,-241.12,4.94
NSE:TCS,LONG,15,2025-05-20T09:15:00+05:30,3549.9,2025-05-20T12:45:00+05:30,3512.6,breakout_up,breakout_down,-559.5,65.81,10.59,31.78,-667.68,0.15
NSE:LT,LONG,25,2025-05-15T13:30:00+05:30,3618.8,2025-05-20T13:00:00+05:30,3582.4,breakout_up,breakout_down,-910.0,263.25,18.0,54.01,-1245.26,4.98
NSE:BHARTIARTL,LONG,20,2025-05-19T10:00:00+05:30,1825.9,2025-05-20T14:00:00+05:30,1802.7,breakout_up,breakout_down,-464.0,143.81,7.26,21.77,-636.84,1.17
NSE:HDFCBANK,SHORT,105,2025-05-20T09:30:00+05:30,479.6,2025-05-21T09:15:00+05:30,482.02,breakout_down,breakout_up,-254.62,175.35,10.1,30.29,-470.36,0.99
NSE:TATACONSUM,SHORT,20,2025-05-19T12:00:00+05:30,1152.0,2025-05-21T09:45:00+05:30,1143.4,breakout_down,breakout_up,172.0,114.13,4.59,13.77,39.51,1.91
NSE:BANKNIFTY,SHORT,1.7065788484347966,2025-05-20T09:30:00+05:30,55168.85,2025-05-21T10:00:00+05:30,55260.3,breakout_down,breakout_up,-156.07,71.99,3.77,18.85,-250.67,1.02
NSE:NIFTY,SHORT,4.635017399796315,2025-05-20T09:30:00+05:30,24915.75,2025-05-21T10:15:00+05:30,24893.65,breakout_down,breakout_up,102.43,77.59,4.62,23.09,-2.86,1.03
NSE:SENSEX,SHORT,1.3126421049539811,2025-05-20T09:45:00+05:30,81874.59,2025-05-21T10:15:00+05:30,81849.56,breakout_down,breakout_up,32.86,75.48,4.3,21.49,-68.42,1.02
NSE:TCS,SHORT,15,2025-05-20T14:30:00+05:30,3498.7,2025-05-21T10:45:00+05:30,3535.0,breakout_down,breakout_up,-544.5,180.41,10.55,31.65,-767.11,0.84
NSE:HCLTECH,SHORT,30,2025-05-20T13:30:00+05:30,1644.5,2025-05-21T14:00:00+05:30,1654.2,breakout_down,breakout_up,-291.0,173.12,9.9,29.69,-503.7,1.02
NSE:NIFTY,LONG,4.634837841306372,2025-05-21T10:30:00+05:30,24916.1,2025-05-22T09:15:00+05:30,24590.5,breakout_up,breakout_down,-1509.1,77.26,4.59,22.95,-1613.9,0.95
NSE:SENSEX,LONG,1.3108464154302624,2025-05-21T10:30:00+05:30,81934.71,2025-05-22T09:15:00+05:30,80873.1,breakout_up,breakout_down,-1391.61,75.16,4.27,21.34,-1492.38,0.95
NSE:HDFCBANK,LONG,105,2025-05-21T09:30:00+05:30,484.0,2025-05-22T09:15:00+05:30,477.1,breakout_up,breakout_down,-724.5,175.32,10.09,30.27,-940.19,0.99
NSE:TATACONSUM,LONG,20,2025-05-21T10:15:00+05:30,1147.1,2025-05-22T09:15:00+05:30,1126.8,breakout_up,breakout_down,-406.0,113.7,4.55,13.64,-537.89,0.96
NSE:ADANIGREEN,SHORT,95,2025-05-20T09:15:00+05:30,1004.0,2025-05-22T09:15:00+05:30,1001.25,breakout_down,breakout_up,261.25,274.8,19.05,57.15,-89.75,2.0
NSE:ADANIGREEN,LONG,95,2025-05-22T09:30:00+05:30,1005.25,2025-05-22T13:30:00+05:30,980.1,breakout_up,breakout_down,-2389.25,80.17,18.86,56.58,-2544.87,0.17
NSE:BANKNIFTY,SHORT,1.7130908175062198,2025-05-21T12:00:00+05:30,54813.25,2025-05-22T14:45:00+05:30,54951.6,breakout_down,breakout_up,-237.01,71.92,3.76,18.8,-331.49,1.11
NSE:ICICIBANK,SHORT,35,2025-05-20T13:00:00+05:30,1438.3,2025-05-22T14:45:00+05:30,1442.7,breakout_down,breakout_up,-154.0,175.19,10.08,30.25,-369.53,2.07
NSE:HCLTECH,SHORT,30,2025-05-22T09:15:00+05:30,1621.2,2025-05-22T15:15:00+05:30,1640.0,breakout_down,breakout_up,-564.0,64.38,9.78,29.35,-667.51,0.25
NSE:NIFTY,SHORT,4.643357933108506,2025-05-22T12:45:00+05:30,24523.85,2025-05-23T09:15:00+05:30,24713.8,breakout_down,breakout_up,-882.01,77.21,4.57,22.86,-986.65,0.85
NSE:SENSEX,SHORT,1.3126825879702864,2025-05-22T12:15:00+05:30,80686.61,2025-05-23T09:15:00+05:30,81218.71,breakout_down,breakout_up,-698.48,75.1,4.25,21.25,-799.09,0.88
NSE:TCS,SHORT,15,2025-05-22T09:15:00+05:30,3479.7,2025-05-23T09:15:00+05:30,3498.8,breakout_down,breakout_up,-286.5,179.47,10.47,31.4,-507.84,1.0
NSE:INFY,SHORT,25,2025-05-22T09:15:00+05:30,1549.4,2025-05-23T09:15:00+05:30,1569.3,breakout_down,breakout_up,-497.5,149.81,7.8,23.39,-678.49,1.0
NSE:ITC,SHORT,95,2025-05-21T15:15:00+05:30,432.4,2025-05-23T09:15:00+05:30,431.85,breakout_down,breakout_up,52.25,154.36,8.21,24.63,-134.95,1.75
NSE:SBIN,SHORT,90,2025-05-20T09:15:00+05:30,792.95,2025-05-23T09:15:00+05:30,788.05,breakout_down,breakout_up,441.0,221.21,14.23,42.69,162.87,3.0
NSE:HINDUNILVR,SHORT,25,2025-05-20T11:15:00+05:30,2369.4,2025-05-23T09:15:00+05:30,2342.5,breakout_down,breakout_up,672.5,193.98,11.78,35.34,431.4,2.92
NSE:TATACONSUM,SHORT,20,2025-05-22T12:15:00+05:30,1123.0,2025-05-23T09:15:00+05:30,1138.8,breakout_down,breakout_up,-316.0,113.42,4.52,13.57,-447.52,0.88
NSE:WIPRO,SHORT,335,2025-05-19T12:00:00+05:30,251.79,2025-05-23T09:30:00+05:30,248.63,breakout_down,breakout_up,1058.6,249.34,16.76,50.29,742.21,3.9
NSE:ADANIGREEN,SHORT,95,2025-05-22T14:15:00+05:30,978.35,2025-05-23T09:30:00+05:30,998.25,breakout_down,breakout_up,-1890.5,271.93,18.78,56.33,-2237.55,0.8
NSE:LT,SHORT,25,2025-05-20T13:15:00+05:30,3577.9,2025-05-23T09:30:00+05:30,3577.5,breakout_down,breakout_up,10.0,261.91,17.89,53.67,-323.46,2.84
NSE:INFY,LONG,25,2025-05-23T09:30:00+05:30,1578.1,2025-05-23T14:30:00+05:30,1566.3,breakout_up,breakout_down,-295.0,61.02,7.86,23.58,-387.46,0.21
NSE:HCLTECH,LONG,25,2025-05-23T09:15:00+05:30,1651.2,2025-05-23T14:30:00+05:30,1648.5,breakout_up,breakout_down,-67.5,61.73,8.25,24.75,-162.23,0.22
NSE:WIPRO,LONG,345,2025-05-23T09:45:00+05:30,249.92,2025-05-23T14:45:00+05:30,247.65,breakout_up,breakout_down,-783.15,77.37,17.17,51.5,-929.18,0.21
NSE:TATACONSUM,LONG,20,2025-05-23T09:30:00+05:30,1143.1,2025-05-23T15:15:00+05:30,1138.7,breakout_up,breakout_down,-88.0,55.23,4.56,13.69,-161.49,0.24
NSE:NIFTY,LONG,4.555405127965158,2025-05-23T09:30:00+05:30,24781.4,2025-05-27T09:15:00+05:30,24790.45,breakout_up,breakout_down,41.23,76.92,4.52,22.58,-62.79,3.99
NSE:BANKNIFTY,LONG,1.6965839335130999,2025-05-23T09:30:00+05:30,55151.75,2025-05-27T09:15:00+05:30,55136.65,breakout_up,breakout_down,-25.62,71.82,3.74,18.71,-119.89,3.99
NSE:SENSEX,LONG,1.2905212056843376,2025-05-23T09:30:00+05:30,81454.85,2025-05-27T09:15:00+05:30,81430.26,breakout_up,breakout_down,-31.73,74.86,4.2,21.02,-131.82,3.99
NSE:HDFCBANK,LONG,105,2025-05-22T14:45:00+05:30,480.6,2025-05-27T09:15:00+05:30,481.1,breakout_up,breakout_down,52.5,175.34,10.1,30.29,-163.23,4.77
NSE:ICICIBANK,LONG,35,2025-05-23T10:00:00+05:30,1445.6,2025-05-27T09:15:00+05:30,1446.6,breakout_up,breakout_down,35.0,175.61,10.12,30.37,-181.1,3.97
NSE:TCS,LONG,15,2025-05-23T09:30:00+05:30,3510.0,2025-05-27T09:15:00+05:30,3490.5,breakout_up,breakout_down,-292.5,179.84,10.5,31.5,-514.34,3.99
NSE:TATASTEEL,LONG,500,2025-05-20T09:15:00+05:30,160.62,2025-05-27T09:15:00+05:30,161.95,breakout_up,breakout_down,665.0,242.3,16.13,48.39,358.18,7.0
NSE:HINDUNILVR,LONG,25,2025-05-23T09:30:00+05:30,2346.1,2025-05-27T09:15:00+05:30,2372.0,breakout_up,breakout_down,647.5,194.15,11.8,35.39,406.17,3.99
NSE:WIPRO,LONG,340,2025-05-26T11:45:00+05:30,250.14,2025-05-27T09:15:00+05:30,248.66,breakout_up,breakout_down,-503.2,251.62,16.96,50.88,-822.66,0.9
NSE:HCLTECH,LONG,25,2025-05-26T09:45:00+05:30,1669.8,2025-05-27T09:15:00+05:30,1651.6,breakout_up,breakout_down,-455.0,155.43,8.3,24.91,-643.65,0.98
NSE:BHARTIARTL,LONG,20,2025-05-21T09:45:00+05:30,1823.7,2025-05-27T09:15:00+05:30,1838.2,breakout_up,breakout_down,290.0,144.49,7.32,21.97,116.21,5.98
NSE:LT,LONG,25,2025-05-23T09:45:00+05:30,3582.3,2025-05-27T09:15:00+05:30,3612.8,breakout_up,breakout_down,762.5,262.96,17.99,53.96,427.59,3.98
NSE:HDFCBANK,SHORT,105,2025-05-27T10:15:00+05:30,479.88,2025-05-27T11:15:00+05:30,485.75,breakout_down,breakout_up,-616.88,65.0,10.14,30.42,-722.43,0.04
NSE:ITC,LONG,90,2025-05-23T10:00:00+05:30,434.9,2025-05-27T12:45:00+05:30,436.65,breakout_up,breakout_down,157.5,150.28,7.84,23.53,-24.16,4.11
NSE:TATASTEEL,LONG,495,2025-05-27T11:00:00+05:30,163.11,2025-05-27T14:00:00+05:30,161.09,breakout_up,breakout_down,-999.9,75.37,16.05,48.14,-1139.46,0.12
NSE:ICICIBANK,SHORT,35,2025-05-27T10:00:00+05:30,1442.5,2025-05-28T12:45:00+05:30,1455.9,breakout_down,breakout_up,-469.0,175.89,10.14,30.43,-685.47,1.11
NSE:ADANIGREEN,LONG,90,2025-05-26T09:15:00+05:30,1004.0,2025-05-28T14:15:00+05:30,1005.4,breakout_up,breakout_down,126.0,264.08,18.08,54.25,-210.42,2.21
NSE:HDFCBANK,SHORT,100,2025-05-27T14:15:00+05:30,479.4,2025-05-28T15:15:00+05:30,482.1,breakout_down,breakout_up,-270.0,169.99,9.62,28.84,-478.45,1.04
NSE:HCLTECH,SHORT,25,2025-05-27T14:15:00+05:30,1644.1,2025-05-28T15:15:00+05:30,1660.0,breakout_down,breakout_up,-397.5,154.95,8.26,24.78,-585.49,1.04
NSE:TCS,SHORT,15,2025-05-27T14:15:00+05:30,3487.0,2025-05-29T09:15:00+05:30,3513.5,breakout_down,breakout_up,-397.5,179.85,10.5,31.5,-619.35,1.79
NSE:INFY,SHORT,25,2025-05-23T14:45:00+05:30,1565.4,2025-05-29T09:15:00+05:30,1599.4,breakout_down,breakout_up,-850.0,151.11,7.91,23.74,-1032.76,5.77
NSE:WIPRO,SHORT,340,2025-05-27T09:45:00+05:30,248.19,2025-05-29T09:15:00+05:30,249.05,breakout_down,breakout_up,-292.4,251.02,16.91,50.72,-611.04,1.98
NSE:BANKNIFTY,LONG,1.676492495793198,2025-05-27T11:15:00+05:30,55741.4,2025-05-29T10:30:00+05:30,55254.5,breakout_up,breakout_down,-816.28,71.61,3.72,18.61,-910.23,1.97
NSE:SBIN,LONG,90,2025-05-23T12:00:00+05:30,791.7,2025-05-29T10:30:00+05:30,793.4,breakout_up,breakout_down,153.0,221.64,14.27,42.8,-125.71,5.94
NSE:ADANIGREEN,SHORT,90,2025-05-28T15:00:00+05:30,1002.85,2025-05-29T12:45:00+05:30,1024.9,breakout_down,breakout_up,-1984.5,266.07,18.25,54.75,-2323.57,0.91
NSE:NIFTY,SHORT,4.556740288348108,2025-05-27T09:45:00+05:30,24760.4,2025-05-29T15:00:00+05:30,24850.75,breakout_down,breakout_up,-411.7,76.91,4.52,22.61,-515.74,2.22
NSE:BANKNIFTY,SHORT,1.6760973940206285,2025-05-29T11:00:00+05:30,55213.1,2025-05-29T15:00:00+05:30,55591.8,breakout_down,breakout_up,-634.74,71.58,3.71,18.57,-728.61,0.17
NSE:SENSEX,SHORT,1.293026141495411,2025-05-27T14:15:00+05:30,81195.41,2025-05-29T15:00:00+05:30,81663.3,breakout_down,breakout_up,-604.99,74.86,4.21,21.06,-705.12,2.03
NSE:HDFCBANK,SHORT,100,2025-05-29T10:45:00+05:30,479.38,2025-05-29T15:00:00+05:30,482.52,breakout_down,breakout_up,-315.0,64.12,9.62,28.86,-417.59,0.18
NSE:ICICIBANK,SHORT,35,2025-05-29T11:00:00+05:30,1447.2,2025-05-29T15:00:00+05:30,1457.8,breakout_down,breakout_up,-371.0,65.08,10.17,30.5,-476.75,0.17
NSE:SBIN,SHORT,90,2025-05-29T11:00:00+05:30,792.65,2025-05-29T15:00:00+05:30,797.95,breakout_down,breakout_up,-477.0,72.37,14.32,42.95,-606.64,0.17
NSE:LT,SHORT,25,2025-05-29T12:30:00+05:30,3623.0,2025-05-29T15:00:00+05:30,3657.2,breakout_down,breakout_up,-855.0,79.18,18.2,54.6,-1006.98,0.1
NSE:ITC,SHORT,90,2025-05-27T13:00:00+05:30,434.9,2025-05-29T15:15:00+05:30,419.35,breakout_down,breakout_up,1399.5,148.46,7.69,23.06,1220.29,2.09
NSE:HCLTECH,LONG,25,2025-05-29T09:15:00+05:30,1669.7,2025-05-30T09:15:00+05:30,1653.7,breakout_up,breakout_down,-400.0,155.49,8.31,24.93,-588.72,1.0
NSE:TATACONSUM,SHORT,20,2025-05-27T09:15:00+05:30,1134.4,2025-05-30T09:15:00+05:30,1116.9,breakout_down,breakout_up,350.0,113.14,4.5,13.51,218.85,3.0
NSE:TATASTEEL,LONG,490,2025-05-29T09:15:00+05:30,162.61,2025-05-30T09:30:00+05:30,161.82,breakout_up,breakout_down,-387.1,239.81,15.9,47.69,-690.5,1.01
NSE:ICICIBANK,LONG,35,2025-05-29T15:15:00+05:30,1461.0,2025-05-30T13:45:00+05:30,1450.0,breakout_up,breakout_down,-385.0,176.38,10.19,30.57,-602.13,0.94
NSE:NIFTY,LONG,4.514014343151199,2025-05-29T15:15:00+05:30,24880.85,2025-06-02T09:15:00+05:30,24565.5,breakout_up,breakout_down,-1423.49,76.44,4.46,22.32,-1526.72,3.75
NSE:SENSEX,LONG,1.2749474924155604,2025-05-29T15:15:00+05:30,81795.35,2025-06-02T09:15:00+05:30,80758.76,breakout_up,breakout_down,-1321.6,74.35,4.14,20.72,-1420.82,3.75
NSE:HDFCBANK,LONG,100,2025-05-29T15:15:00+05:30,484.4,2025-06-02T09:15:00+05:30,478.3,breakout_up,breakout_down,-610.0,170.15,9.63,28.88,-818.66,3.75
NSE:HINDUNILVR,SHORT,25,2025-05-27T13:45:00+05:30,2363.0,2025-06-02T09:15:00+05:30,2379.3,breakout_down,breakout_up,-407.5,194.9,11.86,35.57,-649.83,5.81
NSE:BHARTIARTL,LONG,20,2025-05-28T11:45:00+05:30,1861.2,2025-06-02T09:15:00+05:30,1845.8,breakout_up,breakout_down,-308.0,145.54,7.41,22.24,-483.2,4.9
NSE:LT,LONG,25,2025-05-29T15:15:00+05:30,3661.9,2025-06-02T09:15:00+05:30,3635.0,breakout_up,breakout_down,-672.5,265.89,18.24,54.73,-1011.36,3.75
NSE:ICICIBANK,SHORT,35,2025-05-30T14:00:00+05:30,1446.1,2025-06-02T14:45:00+05:30,1449.7,breakout_down,breakout_up,-126.0,175.77,10.14,30.41,-342.31,3.03
NSE:TATASTEEL,SHORT,490,2025-05-30T10:15:00+05:30,161.4,2025-06-03T09:15:00+05:30,159.94,breakout_down,breakout_up,715.4,238.05,15.75,47.24,414.37,3.96
NSE:LT,LONG,25,2025-06-02T13:30:00+05:30,3694.0,2025-06-03T09:15:00+05:30,3636.1,breakout_up,breakout_down,-1447.5,266.87,18.33,54.98,-1787.67,0.82
NSE:SBIN,LONG,85,2025-05-30T13:00:00+05:30,802.0,2025-06-03T11:00:00+05:30,811.0,breakout_up,breakout_down,765.0,215.43,13.71,41.13,494.73,3.92
NSE:BANKNIFTY,LONG,1.647018716998307,2025-05-29T15:15:00+05:30,55746.85,2025-06-03T12:45:00+05:30,55515.85,breakout_up,breakout_down,-380.46,71.28,3.67,18.33,-473.73,4.9
NSE:ICICIBANK,LONG,35,2025-06-02T15:00:00+05:30,1451.5,2025-06-04T09:15:00+05:30,1431.2,breakout_up,breakout_down,-710.5,175.3,10.09,30.27,-926.16,1.76
NSE:WIPRO,SHORT,335,2025-06-02T09:15:00+05:30,247.02,2025-06-04T09:15:00+05:30,248.15,breakout_down,breakout_up,-378.55,247.49,16.59,49.76,-692.39,2.0
NSE:BHARTIARTL,SHORT,20,2025-06-03T09:15:00+05:30,1840.0,2025-06-04T09:15:00+05:30,1864.8,breakout_down,breakout_up,-496.0,145.5,7.41,22.23,-671.14,1.0
NSE:HCLTECH,SHORT,25,2025-05-30T15:00:00+05:30,1635.7,2025-06-04T10:30:00+05:30,1643.6,breakout_down,breakout_up,-197.5,154.25,8.2,24.59,-384.54,4.81
NSE:NIFTY,SHORT,4.5054679409958975,2025-06-03T11:00:00+05:30,24590.2,2025-06-04T13:45:00+05:30,24621.35,breakout_down,breakout_up,-140.35,76.36,4.43,22.17,-243.32,1.11
NSE:TATASTEEL,SHORT,505,2025-06-03T12:15:00+05:30,158.41,2025-06-04T13:45:00+05:30,158.75,breakout_down,breakout_up,-171.7,241.12,16.02,48.05,-476.89,1.06
NSE:HINDUNILVR,SHORT,25,2025-06-03T09:15:00+05:30,2354.2,2025-06-04T14:15:00+05:30,2360.1,breakout_down,breakout_up,-147.5,194.11,11.79,35.36,-388.75,1.21
NSE:SENSEX,SHORT,1.2713315705790014,2025-06-03T11:00:00+05:30,80913.75,2025-06-05T09:15:00+05:30,81303.36,breakout_down,breakout_up,-495.32,74.29,4.12,20.62,-594.37,1.93
NSE:ICICIBANK,SHORT,35,2025-06-04T09:30:00+05:30,1428.6,2025-06-05T09:15:00+05:30,1438.2,breakout_down,breakout_up,-336.0,174.65,10.03,30.1,-550.79,0.99
NSE:ADANIGREEN,SHORT,85,2025-06-02T14:15:00+05:30,1011.6,2025-06-05T09:15:00+05:30,1016.3,breakout_down,breakout_up,-399.5,254.7,17.24,51.71,-723.15,2.79
NSE:ITC,SHORT,100,2025-06-02T09:15:00+05:30,415.3,2025-06-05T11:30:00+05:30,418.75,breakout_down,breakout_up,-345.0,155.84,8.34,25.02,-534.2,3.09
NSE:INFY,SHORT,25,2025-05-30T09:15:00+05:30,1558.1,2025-06-05T12:00:00+05:30,1564.1,breakout_down,breakout_up,-150.0,149.88,7.81,23.42,-331.1,6.11
NSE:SBIN,SHORT,85,2025-06-03T11:15:00+05:30,810.7,2025-06-05T12:00:00+05:30,811.35,breakout_down,breakout_up,-55.25,216.34,13.79,41.36,-326.74,2.03
NSE:HCLTECH,SHORT,25,2025-06-04T15:00:00+05:30,1625.6,2025-06-05T12:00:00+05:30,1651.0,breakout_down,breakout_up,-635.0,154.2,8.19,24.57,-821.97,0.88
NSE:LT,SHORT,25,2025-06-03T13:15:00+05:30,3619.5,2025-06-05T12:00:00+05:30,3669.5,breakout_down,breakout_up,-1250.0,265.72,18.22,54.67,-1588.61,1.95
NSE:TATACONSUM,LONG,20,2025-06-02T12:00:00+05:30,1121.4,2025-06-05T14:15:00+05:30,1111.3,breakout_up,breakout_down,-202.0,112.77,4.47,13.4,-332.63,3.09
NSE:NIFTY,LONG,4.47281135905261,2025-06-05T09:15:00+05:30,24715.5,2025-06-06T09:30:00+05:30,24687.35,breakout_up,breakout_down,-125.91,76.27,4.42,22.1,-228.69,1.01
NSE:SENSEX,LONG,1.2560700522602954,2025-06-05T09:30:00+05:30,81425.09,2025-06-06T09:30:00+05:30,81192.27,breakout_up,breakout_down,-292.44,74.05,4.09,20.43,-391.0,1.0
NSE:SBIN,SHORT,85,2025-06-05T13:30:00+05:30,804.0,2025-06-06T10:30:00+05:30,814.3,breakout_down,breakout_up,-875.5,216.05,13.76,41.27,-1146.57,0.88
NSE:TATASTEEL,SHORT,505,2025-06-05T10:45:00+05:30,157.29,2025-06-06T14:00:00+05:30,157.43,breakout_down,breakout_up,-70.7,239.75,15.89,47.68,-374.02,1.14
NSE:HCLTECH,SHORT,25,2025-06-06T09:30:00+05:30,1625.0,2025-06-06T14:15:00+05:30,1638.1,breakout_down,breakout_up,-327.5,61.54,8.16,24.47,-421.67,0.2
NSE:INFY,SHORT,25,2025-06-06T09:30:00+05:30,1545.2,2025-06-06T15:00:00+05:30,1562.5,breakout_down,breakout_up,-432.5,60.84,7.77,23.31,-524.42,0.23
NSE:BHARTIARTL,LONG,20,2025-06-04T09:45:00+05:30,1873.9,2025-06-06T15:00:00+05:30,1870.0,breakout_up,breakout_down,-78.0,146.34,7.49,22.46,-254.29,2.22
NSE:TCS,SHORT,15,2025-05-29T12:30:00+05:30,3492.2,2025-06-06T15:15:00+05:30,3388.0,breakout_down,breakout_up,1563.0,177.69,10.32,30.96,1344.02,8.11
NSE:ADANIGREEN,SHORT,85,2025-06-05T14:30:00+05:30,1003.8,2025-06-09T09:15:00+05:30,1033.0,breakout_down,breakout_up,-2482.0,255.7,17.31,51.94,-2806.95,3.78
NSE:ICICIBANK,LONG,35,2025-06-05T09:30:00+05:30,1439.9,2025-06-09T09:30:00+05:30,1448.7,breakout_up,breakout_down,308.0,175.45,10.11,30.33,92.11,4.0
NSE:SENSEX,LONG,1.2435128678465723,2025-06-06T10:30:00+05:30,81933.84,2025-06-09T14:00:00+05:30,82416.33,breakout_up,breakout_down,599.98,74.15,4.09,20.44,501.31,3.15
NSE:BANKNIFTY,LONG,1.6395682479476046,2025-06-04T14:45:00+05:30,55712.1,2025-06-10T09:15:00+05:30,56635.05,breakout_up,breakout_down,1513.24,71.58,3.68,18.42,1419.56,5.77
NSE:HDFCBANK,LONG,100,2025-06-02T15:00:00+05:30,483.02,2025-06-10T09:15:00+05:30,491.35,breakout_up,breakout_down,832.5,171.34,9.74,29.23,622.18,7.76
NSE:HINDUNILVR,LONG,25,2025-06-04T15:00:00+05:30,2364.2,2025-06-10T09:15:00+05:30,2381.0,breakout_up,breakout_down,420.0,194.92,11.86,35.59,177.62,5.76
NSE:SBIN,LONG,85,2025-06-09T09:15:00+05:30,819.45,2025-06-10T10:45:00+05:30,816.9,breakout_up,breakout_down,-216.75,217.71,13.91,41.73,-490.09,1.06
NSE:TATACONSUM,LONG,20,2025-06-09T14:15:00+05:30,1120.4,2025-06-10T14:45:00+05:30,1116.5,breakout_up,breakout_down,-78.0,112.85,4.47,13.42,-208.75,1.02
NSE:LT,LONG,25,2025-06-06T11:45:00+05:30,3665.2,2025-06-11T09:15:00+05:30,3668.0,breakout_up,breakout_down,70.0,266.85,18.33,55.0,-270.18,4.9
NSE:ICICIBANK,SHORT,35,2025-06-09T09:45:00+05:30,1446.5,2025-06-11T09:45:00+05:30,1429.6,breakout_down,breakout_up,591.5,174.95,10.07,30.2,376.29,2.0
NSE:SBIN,SHORT,85,2025-06-11T09:15:00+05:30,814.45,2025-06-11T10:00:00+05:30,819.0,breakout_down,breakout_up,-386.75,71.63,13.88,41.65,-513.91,0.03
NSE:HINDUNILVR,LONG,25,2025-06-11T09:15:00+05:30,2402.5,2025-06-11T10:00:00+05:30,2388.0,breakout_up,breakout_down,-362.5,68.27,11.98,35.93,-478.67,0.03
NSE:SENSEX,SHORT,1.2432696714378513,2025-06-10T09:15:00+05:30,82351.88,2025-06-11T10:30:00+05:30,82592.16,breakout_down,breakout_up,-298.73,74.16,4.1,20.51,-397.5,1.05
NSE:TATASTEEL,SHORT,500,2025-06-10T10:45:00+05:30,156.87,2025-06-11T10:45:00+05:30,157.1,breakout_down,breakout_up,-115.0,237.58,15.7,47.1,-415.38,1.0
NSE:BANKNIFTY,SHORT,1.64174823713202,2025-06-11T09:15:00+05:30,56500.2,2025-06-11T11:45:00+05:30,56755.0,breakout_down,breakout_up,-418.32,71.63,3.72,18.59,-512.26,0.1
NSE:ADANIGREEN,LONG,80,2025-06-10T11:30:00+05:30,1047.5,2025-06-11T12:30:00+05:30,1049.9,breakout_up,breakout_down,192.0,249.57,16.78,50.34,-124.69,1.04
NSE:ITC,LONG,95,2025-06-05T12:00:00+05:30,420.5,2025-06-11T13:15:00+05:30,425.5,breakout_up,breakout_down,475.0,152.4,8.04,24.11,290.45,6.05
NSE:TATASTEEL,LONG,500,2025-06-11T12:15:00+05:30,157.25,2025-06-11T15:15:00+05:30,156.09,breakout_up,breakout_down,-580.0,74.75,15.67,47.0,-717.41,0.12
NSE:SBIN,LONG,80,2025-06-11T10:30:00+05:30,820.15,2025-06-12T09:15:00+05:30,812.95,breakout_up,breakout_down,-576.0,208.35,13.06,39.19,-836.61,0.95
NSE:BHARTIARTL,SHORT,20,2025-06-09T09:15:00+05:30,1854.4,2025-06-12T09:15:00+05:30,1878.2,breakout_down,breakout_up,-476.0,146.12,7.47,22.4,-651.98,3.0
NSE:NIFTY,LONG,4.42828942220838,2025-06-06T10:30:00+05:30,24912.5,2025-06-12T09:30:00+05:30,25103.5,breakout_up,breakout_down,845.8,76.42,4.43,22.15,742.8,5.96
NSE:SENSEX,LONG,1.2347406749277117,2025-06-11T10:45:00+05:30,82599.76,2025-06-12T09:30:00+05:30,82372.5,breakout_up,breakout_down,-280.61,73.98,4.07,20.37,-379.03,0.95
NSE:TCS,LONG,15,2025-06-09T09:15:00+05:30,3420.0,2025-06-12T09:45:00+05:30,3453.0,breakout_up,breakout_down,495.0,177.65,10.31,30.93,276.11,3.02
NSE:LT,LONG,25,2025-06-11T14:15:00+05:30,3690.8,2025-06-12T09:45:00+05:30,3674.0,breakout_up,breakout_down,-420.0,267.76,18.41,55.24,-761.41,0.81
NSE:ICICIBANK,LONG,35,2025-06-11T10:30:00+05:30,1430.5,2025-06-12T11:00:00+05:30,1423.7,breakout_up,breakout_down,-238.0,174.16,9.99,29.97,-452.11,1.02
NSE:INFY,LONG,25,2025-06-06T15:15:00+05:30,1568.0,2025-06-12T15:15:00+05:30,1605.0,breakout_up,breakout_down,925.0,151.21,7.93,23.8,742.06,6.0
NSE:WIPRO,LONG,330,2025-06-05T12:00:00+05:30,249.21,2025-06-13T09:15:00+05:30,257.2,breakout_up,breakout_down,2636.7,248.64,16.71,50.13,2321.22,7.89
NSE:HCLTECH,LONG,25,2025-06-09T09:15:00+05:30,1652.5,2025-06-13T09:15:00+05:30,1683.7,breakout_up,breakout_down,780.0,155.75,8.34,25.02,590.88,4.0
NSE:HINDUNILVR,SHORT,25,2025-06-11T13:45:00+05:30,2384.9,2025-06-13T14:15:00+05:30,2320.4,breakout_down,breakout_up,1612.5,193.73,11.76,35.29,1371.72,2.02
NSE:TATASTEEL,SHORT,500,2025-06-12T09:15:00+05:30,155.13,2025-06-13T15:00:00+05:30,152.31,breakout_down,breakout_up,1410.0,233.84,15.37,46.12,1114.67,1.24
NSE:TATACONSUM,SHORT,20,2025-06-10T15:00:00+05:30,1114.7,2025-06-13T15:15:00+05:30,1080.6,breakout_down,breakout_up,682.0,111.87,4.39,13.17,552.57,3.01
NSE:NIFTY,SHORT,4.425905024915643,2025-06-12T09:45:00+05:30,25093.25,2025-06-16T09:15:00+05:30,24785.6,breakout_down,breakout_up,1361.63,76.37,4.42,22.08,1258.77,3.98
NSE:SENSEX,SHORT,1.2340287813203086,2025-06-12T09:45:00+05:30,82341.18,2025-06-16T09:15:00+05:30,81315.76,breakout_down,breakout_up,1265.4,73.89,4.04,20.2,1167.27,3.98
NSE:HDFCBANK,SHORT,100,2025-06-11T09:15:00+05:30,489.25,2025-06-16T09:15:00+05:30,481.88,breakout_down,breakout_up,737.5,170.99,9.71,29.13,527.67,5.0
NSE:TCS,SHORT,15,2025-06-12T13:30:00+05:30,3443.0,2025-06-16T09:15:00+05:30,3470.0,breakout_down,breakout_up,-405.0,178.39,10.37,31.11,-624.87,3.82
NSE:INFY,SHORT,25,2025-06-13T09:15:00+05:30,1587.8,2025-06-16T09:15:00+05:30,1611.7,breakout_down,breakout_up,-597.5,152.06,8.0,24.0,-781.55,3.0
NSE:BHARTIARTL,SHORT,20,2025-06-12T12:15:00+05:30,1852.1,2025-06-16T09:15:00+05:30,1859.5,breakout_down,breakout_up,-148.0,145.63,7.42,22.27,-323.32,3.88
NSE:LT,SHORT,25,2025-06-12T10:00:00+05:30,3672.6,2025-06-16T09:15:00+05:30,3620.6,breakout_down,breakout_up,1300.0,265.64,18.23,54.7,961.43,3.97
NSE:ICICIBANK,SHORT,35,2025-06-12T13:45:00+05:30,1420.9,2025-06-16T10:30:00+05:30,1423.3,breakout_down,breakout_up,-84.0,173.76,9.95,29.86,-297.57,3.86
NSE:BANKNIFTY,SHORT,1.6388668899655936,2025-06-12T10:30:00+05:30,56287.9,2025-06-16T11:00:00+05:30,55739.6,breakout_down,breakout_up,898.59,71.44,3.67,18.36,805.12,4.02
NSE:ITC,SHORT,95,2025-06-11T13:30:00+05:30,425.05,2025-06-16T13:30:00+05:30,418.6,breakout_down,breakout_up,612.75,152.15,8.01,24.04,428.55,5.0
NSE:SBIN,SHORT,80,2025-06-12T12:45:00+05:30,810.3,2025-06-16T14:00:00+05:30,795.05,breakout_down,breakout_up,1220.0,205.75,12.84,38.53,962.88,4.05
NSE:ADANIGREEN,SHORT,80,2025-06-11T13:15:00+05:30,1042.4,2025-06-16T14:00:00+05:30,996.9,breakout_down,breakout_up,3640.0,244.15,16.31,48.94,3330.6,5.03
NSE:HDFCBANK,LONG,100,2025-06-16T10:30:00+05:30,483.35,2025-06-17T09:15:00+05:30,481.0,breakout_up,breakout_down,-235.0,170.31,9.64,28.93,-443.88,0.95
NSE:HINDUNILVR,LONG,25,2025-06-16T09:15:00+05:30,2328.1,2025-06-17T09:15:00+05:30,2316.7,breakout_up,breakout_down,-285.0,192.19,11.61,34.84,-523.63,1.0
NSE:LT,LONG,25,2025-06-16T10:30:00+05:30,3636.3,2025-06-17T09:15:00+05:30,3621.6,breakout_up,breakout_down,-367.5,264.79,18.14,54.43,-704.87,0.95
NSE:BHARTIARTL,LONG,20,2025-06-16T10:30:00+05:30,1866.3,2025-06-17T09:30:00+05:30,1855.3,breakout_up,breakout_down,-220.0,145.86,7.44,22.33,-395.63,0.96
NSE:NIFTY,LONG,4.524110527336365,2025-06-16T10:15:00+05:30,24825.95,2025-06-17T10:00:00+05:30,24851.7,breakout_up,breakout_down,116.5,76.79,4.49,22.47,12.74,0.99
NSE:SENSEX,LONG,1.261873343943658,2025-06-16T10:15:00+05:30,81446.5,2025-06-17T10:00:00+05:30,81507.77,breakout_up,breakout_down,77.31,74.27,4.11,20.56,-21.63,0.99
NSE:TATACONSUM,LONG,20,2025-06-16T13:30:00+05:30,1083.3,2025-06-17T10:00:00+05:30,1073.3,breakout_up,breakout_down,-200.0,111.07,4.31,12.94,-328.33,0.85
NSE:BANKNIFTY,LONG,1.665808890431081,2025-06-16T12:30:00+05:30,55859.4,2025-06-17T11:45:00+05:30,55760.1,breakout_up,breakout_down,-165.41,71.65,3.72,18.59,-259.38,0.97
NSE:TATASTEEL,LONG,515,2025-06-16T10:45:00+05:30,153.14,2025-06-17T12:30:00+05:30,153.11,breakout_up,breakout_down,-15.45,238.39,15.77,47.32,-316.93,1.07
NSE:ICICIBANK,LONG,35,2025-06-16T14:00:00+05:30,1426.9,2025-06-17T12:45:00+05:30,1419.4,breakout_up,breakout_down,-262.5,173.85,9.96,29.89,-476.2,0.95
NSE:HDFCBANK,SHORT,100,2025-06-17T09:30:00+05:30,480.65,2025-06-17T14:15:00+05:30,482.38,breakout_down,breakout_up,-172.5,64.15,9.63,28.89,-275.17,0.2
NSE:BHARTIARTL,SHORT,20,2025-06-17T09:45:00+05:30,1850.7,2025-06-17T15:00:00+05:30,1855.5,breakout_down,breakout_up,-96.0,60.25,7.41,22.24,-185.9,0.22
NSE:LT,SHORT,25,2025-06-17T12:30:00+05:30,3602.7,2025-06-17T15:00:00+05:30,3625.9,breakout_down,breakout_up,-580.0,78.98,18.07,54.21,-731.27,0.1
NSE:TATACONSUM,SHORT,20,2025-06-17T10:15:00+05:30,1072.1,2025-06-18T09:15:00+05:30,1073.8,breakout_down,breakout_up,-34.0,110.82,4.29,12.88,-161.99,0.96
NSE:NIFTY,SHORT,4.521316689238155,2025-06-17T12:30:00+05:30,24844.1,2025-06-18T09:30:00+05:30,24937.8,breakout_down,breakout_up,-423.65,76.78,4.5,22.51,-527.44,0.88
NSE:BANKNIFTY,SHORT,1.6650961893606624,2025-06-17T12:00:00+05:30,55728.0,2025-06-18T09:30:00+05:30,55895.6,breakout_down,breakout_up,-279.07,71.63,3.72,18.59,-373.01,0.9
NSE:ICICIBANK,SHORT,35,2025-06-17T13:15:00+05:30,1418.0,2025-06-18T09:30:00+05:30,1428.2,breakout_down,breakout_up,-357.0,173.85,9.96,29.89,-570.7,0.84
NSE:TCS,LONG,15,2025-06-16T10:15:00+05:30,3485.0,2025-06-18T10:00:00+05:30,3494.0,breakout_up,breakout_down,135.0,179.45,10.47,31.41,-86.32,1.99
NSE:LT,LONG,25,2025-06-18T09:15:00+05:30,3629.3,2025-06-18T11:30:00+05:30,3601.5,breakout_up,breakout_down,-695.0,78.98,18.08,54.23,-846.29,0.09
NSE:WIPRO,LONG,325,2025-06-16T15:15:00+05:30,262.8,2025-06-18T11:45:00+05:30,261.48,breakout_up,breakout_down,-429.0,252.51,17.04,51.12,-749.66,1.85
NSE:HCLTECH,LONG,25,2025-06-16T10:15:00+05:30,1712.3,2025-06-18T12:30:00+05:30,1715.0,breakout_up,breakout_down,67.5,158.34,8.57,25.7,-125.11,2.09
NSE:INFY,LONG,20,2025-06-16T10:30:00+05:30,1616.4,2025-06-19T09:15:00+05:30,1620.8,breakout_up,breakout_down,88.0,135.07,6.47,19.42,-72.97,2.95
NSE:WIPRO,SHORT,320,2025-06-18T12:30:00+05:30,261.35,2025-06-19T09:30:00+05:30,264.44,breakout_down,breakout_up,-988.8,250.17,16.83,50.48,-1306.27,0.88
NSE:TATACONSUM,SHORT,20,2025-06-18T12:15:00+05:30,1061.5,2025-06-19T09:30:00+05:30,1074.3,breakout_down,breakout_up,-256.0,110.62,4.27,12.81,-383.7,0.89
NSE:LT,SHORT,25,2025-06-18T11:45:00+05:30,3595.0,2025-06-19T09:30:00+05:30,3619.1,breakout_down,breakout_up,-602.5,263.59,18.04,54.11,-938.23,0.91
NSE:ITC,SHORT,100,2025-06-17T12:30:00+05:30,416.1,2025-06-19T09:45:00+05:30,417.45,breakout_down,breakout_up,-135.0,155.77,8.34,25.01,-324.11,1.89
NSE:BANKNIFTY,LONG,1.6534619937931103,2025-06-19T09:30:00+05:30,55895.2,2025-06-19T11:15:00+05:30,55632.0,breakout_up,breakout_down,-435.19,71.43,3.69,18.44,-528.75,0.07
NSE:ITC,LONG,100,2025-06-19T10:15:00+05:30,418.0,2025-06-19T14:30:00+05:30,415.85,breakout_up,breakout_down,-215.0,61.87,8.34,25.02,-310.22,0.18
NSE:HCLTECH,SHORT,25,2025-06-18T12:45:00+05:30,1714.0,2025-06-19T14:45:00+05:30,1713.4,breakout_down,breakout_up,15.0,158.34,8.57,25.71,-177.62,1.08
NSE:HDFCBANK,LONG,100,2025-06-17T14:45:00+05:30,483.12,2025-06-19T15:00:00+05:30,483.43,breakout_up,breakout_down,30.0,170.53,9.67,29.0,-179.2,2.01
NSE:NIFTY,LONG,4.500467290082804,2025-06-19T09:45:00+05:30,24842.35,2025-06-19T15:15:00+05:30,24744.7,breakout_up,breakout_down,-439.47,76.53,4.46,22.32,-542.78,0.23
NSE:SENSEX,LONG,1.2577373264857308,2025-06-18T09:15:00+05:30,81697.19,2025-06-19T15:15:00+05:30,81240.12,breakout_up,breakout_down,-574.87,74.12,4.1,20.49,-673.58,1.25
NSE:SBIN,SHORT,85,2025-06-18T12:45:00+05:30,788.7,2025-06-20T09:15:00+05:30,787.7,breakout_down,breakout_up,85.0,212.02,13.4,40.2,-180.62,1.85
NSE:HDFCBANK,SHORT,100,2025-06-19T15:15:00+05:30,483.27,2025-06-20T09:45:00+05:30,487.18,breakout_down,breakout_up,-390.0,171.0,9.7,29.11,-599.82,0.77
NSE:BANKNIFTY,SHORT,1.6534032202118139,2025-06-19T12:30:00+05:30,55578.35,2025-06-20T10:15:00+05:30,56000.0,breakout_down,breakout_up,-697.16,71.41,3.69,18.45,-790.71,0.91
NSE:ICICIBANK,SHORT,35,2025-06-18T11:00:00+05:30,1416.1,2025-06-20T10:15:00+05:30,1422.3,breakout_down,breakout_up,-217.0,173.54,9.93,29.8,-430.28,1.97
NSE:HINDUNILVR,SHORT,25,2025-06-18T10:30:00+05:30,2318.5,2025-06-20T10:15:00+05:30,2311.0,breakout_down,breakout_up,187.5,191.73,11.57,34.72,-50.52,1.99
NSE:TATASTEEL,SHORT,515,2025-06-17T12:45:00+05:30,152.94,2025-06-20T11:00:00+05:30,153.05,breakout_down,breakout_up,-56.65,238.25,15.76,47.28,-357.93,2.93
NSE:ADANIGREEN,SHORT,90,2025-06-17T11:45:00+05:30,984.7,2025-06-20T11:30:00+05:30,953.5,breakout_down,breakout_up,2808.0,256.76,17.44,52.33,2481.47,2.99
NSE:TCS,SHORT,15,2025-06-18T10:15:00+05:30,3483.5,2025-06-20T13:15:00+05:30,3444.3,breakout_down,breakout_up,588.0,178.56,10.39,31.18,367.87,2.12
NSE:INFY,SHORT,20,2025-06-20T09:45:00+05:30,1611.0,2025-06-20T15:00:00+05:30,1623.5,breakout_down,breakout_up,-250.0,58.57,6.47,19.41,-334.45,0.22
NSE:ITC,LONG,95,2025-06-20T10:00:00+05:30,418.5,2025-06-20T15:15:00+05:30,417.25,breakout_up,breakout_down,-118.75,61.18,7.94,23.82,-211.69,0.22
NSE:NIFTY,LONG,4.464898502149196,2025-06-20T10:00:00+05:30,24919.05,2025-06-23T09:15:00+05:30,24908.25,breakout_up,breakout_down,-48.22,76.47,4.45,22.25,-151.39,2.97
NSE:BANKNIFTY,LONG,1.624990245365236,2025-06-20T10:30:00+05:30,56065.0,2025-06-23T09:15:00+05:30,55896.25,breakout_up,breakout_down,-274.22,71.12,3.64,18.19,-367.17,2.95
NSE:SENSEX,LONG,1.2483194923183767,2025-06-20T10:00:00+05:30,81775.57,2025-06-23T09:15:00+05:30,81720.85,breakout_up,breakout_down,-68.31,74.05,4.08,20.41,-166.85,2.97
NSE:ICICIBANK,LONG,35,2025-06-20T11:00:00+05:30,1425.9,2025-06-23T09:15:00+05:30,1416.0,breakout_up,breakout_down,-346.5,173.69,9.95,29.84,-559.97,2.93
NSE:SBIN,LONG,85,2025-06-20T10:15:00+05:30,791.95,2025-06-23T09:15:00+05:30,792.5,breakout_up,breakout_down,46.75,212.78,13.47,40.4,-219.91,2.96
NSE:LT,LONG,20,2025-06-19T09:45:00+05:30,3623.0,2025-06-23T09:15:00+05:30,3639.0,breakout_up,breakout_down,320.0,224.5,14.52,43.57,37.4,3.98
NSE:WIPRO,LONG,310,2025-06-19T14:00:00+05:30,265.45,2025-06-23T09:45:00+05:30,262.55,breakout_up,breakout_down,-899.0,245.08,16.37,49.1,-1209.55,3.82
NSE:HDFCBANK,LONG,95,2025-06-20T10:00:00+05:30,487.88,2025-06-23T10:00:00+05:30,486.8,breakout_up,breakout_down,-102.12,166.03,9.26,27.78,-305.19,3.0
NSE:HCLTECH,LONG,25,2025-06-20T10:15:00+05:30,1726.1,2025-06-23T10:00:00+05:30,1709.1,breakout_up,breakout_down,-425.0,158.59,8.59,25.76,-617.95,2.99
NSE:TATASTEEL,SHORT,515,2025-06-23T09:15:00+05:30,150.96,2025-06-23T12:30:00+05:30,152.37,breakout_down,breakout_up,-726.15,74.65,15.62,46.86,-863.29,0.14
NSE:NIFTY,SHORT,4.467401872196736,2025-06-23T09:30:00+05:30,24871.3,2025-06-24T09:15:00+05:30,25199.5,breakout_down,breakout_up,-1466.2,76.5,4.47,22.37,-1569.55,0.99
NSE:SENSEX,SHORT,1.2486352999586254,2025-06-23T09:30:00+05:30,81621.66,2025-06-24T09:15:00+05:30,82676.8,breakout_down,breakout_up,-1317.49,74.08,4.1,20.51,-1416.18,0.99
NSE:HDFCBANK,SHORT,95,2025-06-23T11:00:00+05:30,486.25,2025-06-24T09:15:00+05:30,491.7,breakout_down,breakout_up,-517.75,166.41,9.29,27.87,-721.32,0.93
NSE:TCS,SHORT,15,2025-06-23T09:15:00+05:30,3398.2,2025-06-24T09:15:00+05:30,3420.4,breakout_down,breakout_up,-333.0,176.81,10.23,30.68,-550.72,1.0
NSE:ITC,SHORT,100,2025-06-23T09:15:00+05:30,414.3,2025-06-24T09:15:00+05:30,418.1,breakout_down,breakout_up,-380.0,155.66,8.32,24.97,-568.95,1.0
NSE:HINDUNILVR,SHORT,30,2025-06-23T09:15:00+05:30,2266.5,2025-06-24T09:15:00+05:30,2292.6,breakout_down,breakout_up,-783.0,215.17,13.68,41.03,-1052.88,1.0
NSE:LT,SHORT,20,2025-06-23T09:30:00+05:30,3632.0,2025-06-24T09:15:00+05:30,3651.1,breakout_down,breakout_up,-382.0,225.02,14.57,43.7,-665.29,0.99
NSE:ICICIBANK,LONG,35,2025-06-24T09:15:00+05:30,1427.9,2025-06-24T13:30:00+05:30,1417.9,breakout_up,breakout_down,-350.0,64.71,9.96,29.88,-454.56,0.18
NSE:BHARTIARTL,LONG,20,2025-06-18T09:30:00+05:30,1864.0,2025-06-24T13:30:00+05:30,1931.1,breakout_up,breakout_down,1342.0,147.37,7.59,22.77,1164.27,6.17
NSE:SBIN,LONG,85,2025-06-24T09:15:00+05:30,801.25,2025-06-24T14:00:00+05:30,794.4,breakout_up,breakout_down,-582.25,71.04,13.56,40.69,-707.54,0.2
NSE:WIPRO,LONG,305,2025-06-24T09:15:00+05:30,265.9,2025-06-24T15:00:00+05:30,264.97,breakout_up,breakout_down,-283.65,75.7,16.19,48.57,-424.12,0.24
NSE:ADANIGREEN,LONG,95,2025-06-20T11:45:00+05:30,956.5,2025-06-25T10:30:00+05:30,982.9,breakout_up,breakout_down,2508.0,267.68,18.42,55.27,2166.63,4.95
NSE:INFY,SHORT,20,2025-06-23T09:15:00+05:30,1589.6,2025-06-25T11:45:00+05:30,1605.9,breakout_down,breakout_up,-326.0,134.17,6.39,19.17,-485.74,2.1
NSE:TCS,SHORT,15,2025-06-24T13:30:00+05:30,3390.4,2025-06-25T13:00:00+05:30,3425.0,breakout_down,breakout_up,-519.0,176.77,10.22,30.67,-736.66,0.98
NSE:HCLTECH,SHORT,25,2025-06-23T15:15:00+05:30,1699.9,2025-06-25T13:00:00+05:30,1719.2,breakout_down,breakout_up,-482.5,158.15,8.55,25.64,-674.84,1.91
NSE:HINDUNILVR,SHORT,25,2025-06-24T13:30:00+05:30,2271.6,2025-06-26T09:15:00+05:30,2285.0,breakout_down,breakout_up,-335.0,189.74,11.39,34.17,-570.31,1.82
NSE:SBIN,LONG,85,2025-06-25T12:45:00+05:30,801.85,2025-06-26T10:15:00+05:30,795.6,breakout_up,breakout_down,-531.25,214.06,13.58,40.73,-799.62,0.9
NSE:WIPRO,LONG,300,2025-06-25T12:30:00+05:30,268.5,2025-06-26T12:45:00+05:30,268.2,breakout_up,breakout_down,-90.0,242.06,16.1,48.3,-396.46,1.01
NSE:SBIN,SHORT,85,2025-06-26T10:30:00+05:30,794.3,2025-06-27T09:15:00+05:30,808.95,breakout_down,breakout_up,-1245.25,214.66,13.63,40.88,-1514.42,0.95
NSE:ADANIGREEN,SHORT,95,2025-06-26T11:15:00+05:30,976.5,2025-06-27T09:15:00+05:30,1003.9,breakout_down,breakout_up,-2603.0,272.39,18.81,56.44,-2950.64,0.92
NSE:TATACONSUM,LONG,20,2025-06-19T09:45:00+05:30,1078.7,2025-06-27T13:15:00+05:30,1134.0,breakout_up,breakout_down,1106.0,112.22,4.43,13.28,976.08,8.15
NSE:INFY,LONG,20,2025-06-25T12:30:00+05:30,1611.1,2025-06-27T13:30:00+05:30,1610.9,breakout_up,breakout_down,-4.0,134.74,6.44,19.33,-164.51,2.04
NSE:HCLTECH,LONG,25,2025-06-26T09:45:00+05:30,1722.4,2025-06-27T13:30:00+05:30,1716.7,breakout_up,breakout_down,-142.5,158.68,8.6,25.79,-335.57,1.16
NSE:ITC,LONG,95,2025-06-24T11:15:00+05:30,419.3,2025-06-27T14:45:00+05:30,418.45,breakout_up,breakout_down,-80.75,151.57,7.96,23.88,-264.16,3.15
NSE:LT,LONG,20,2025-06-24T10:00:00+05:30,3676.0,2025-06-27T15:00:00+05:30,3678.0,breakout_up,breakout_down,40.0,226.57,14.71,44.12,-245.4,3.21
NSE:HDFCBANK,LONG,95,2025-06-24T11:15:00+05:30,493.75,2025-06-30T09:15:00+05:30,501.0,breakout_up,breakout_down,688.75,168.09,9.45,28.35,482.86,5.92
NSE:NIFTY,LONG,4.332677012830662,2025-06-24T11:15:00+05:30,25283.5,2025-06-30T09:30:00+05:30,25590.4,breakout_up,breakout_down,1329.7,76.33,4.41,22.04,1226.92,5.93
NSE:SENSEX,LONG,1.2129418254151578,2025-06-24T11:00:00+05:30,82859.49,2025-06-30T09:30:00+05:30,83862.81,breakout_up,breakout_down,1216.97,73.92,4.04,20.22,1118.78,5.94
NSE:BHARTIARTL,LONG,20,2025-06-25T10:15:00+05:30,1956.9,2025-06-30T11:00:00+05:30,2004.0,breakout_up,breakout_down,942.0,151.09,7.92,23.77,759.22,5.03
NSE:ICICIBANK,LONG,35,2025-06-25T14:45:00+05:30,1426.7,2025-06-30T11:15:00+05:30,1448.0,breakout_up,breakout_down,745.5,174.88,10.06,30.18,530.37,4.85
NSE:TATASTEEL,LONG,505,2025-06-23T13:15:00+05:30,152.7,2025-06-30T12:30:00+05:30,160.34,breakout_up,breakout_down,3858.2,238.51,15.81,47.43,3556.46,6.97
NSE:HINDUNILVR,LONG,25,2025-06-27T09:45:00+05:30,2291.8,2025-06-30T12:45:00+05:30,2294.1,breakout_up,breakout_down,57.5,190.52,11.46,34.39,-178.88,3.12
NSE:BANKNIFTY,LONG,1.60277052163036,2025-06-24T09:15:00+05:30,56613.85,2025-06-30T13:45:00+05:30,57292.85,breakout_up,breakout_down,1088.28,71.32,3.65,18.26,995.05,6.19
NSE:WIPRO,SHORT,305,2025-06-27T10:30:00+05:30,267.03,2025-06-30T15:00:00+05:30,266.13,breakout_down,breakout_up,274.5,243.81,16.26,48.78,-34.36,3.19
NSE:HCLTECH,SHORT,25,2025-06-27T14:30:00+05:30,1711.8,2025-06-30T15:15:00+05:30,1732.0,breakout_down,breakout_up,-505.0,158.84,8.61,25.83,-698.28,3.03
NSE:HDFCBANK,SHORT,95,2025-06-30T09:30:00+05:30,500.7,2025-07-01T09:15:00+05:30,502.27,breakout_down,breakout_up,-149.62,169.02,9.53,28.58,-356.76,0.99
NSE:BHARTIARTL,SHORT,20,2025-06-30T13:30:00+05:30,2001.0,2025-07-01T09:15:00+05:30,2019.6,breakout_down,breakout_up,-372.0,152.51,8.04,24.12,-556.68,0.82
NSE:INFY,SHORT,20,2025-06-27T14:15:00+05:30,1608.0,2025-07-01T09:30:00+05:30,1610.5,breakout_down,breakout_up,-50.0,134.66,6.44,19.31,-210.41,3.8
NSE:TCS,LONG,15,2025-06-25T13:15:00+05:30,3430.8,2025-07-01T10:00:00+05:30,3443.8,breakout_up,breakout_down,195.0,177.7,10.31,30.94,-23.95,5.86
NSE:SBIN,LONG,80,2025-06-30T09:15:00+05:30,811.2,2025-07-01T10:00:00+05:30,815.35,breakout_up,breakout_down,332.0,207.7,13.01,39.04,72.25,1.03
NSE:ADANIGREEN,LONG,85,2025-06-27T09:30:00+05:30,1021.4,2025-07-01T10:00:00+05:30,1022.1,breakout_up,breakout_down,59.5,256.14,17.37,52.11,-266.12,4.02
NSE:ITC,SHORT,95,2025-06-30T13:00:00+05:30,416.25,2025-07-01T11:15:00+05:30,418.5,breakout_down,breakout_up,-213.75,151.27,7.93,23.79,-396.74,0.93
NSE:HCLTECH,LONG,20,2025-07-01T09:15:00+05:30,1737.7,2025-07-01T12:00:00+05:30,1721.8,breakout_up,breakout_down,-318.0,59.36,6.92,20.76,-405.03,0.11
NSE:WIPRO,LONG,305,2025-06-30T15:15:00+05:30,266.49,2025-07-01T13:30:00+05:30,264.1,breakout_up,breakout_down,-728.95,243.01,16.18,48.55,-1036.7,0.93
NSE:BHARTIARTL,LONG,20,2025-07-01T09:30:00+05:30,2024.4,2025-07-01T14:15:00+05:30,2011.4,breakout_up,breakout_down,-260.0,61.4,8.07,24.21,-353.68,0.2
NSE:NIFTY,SHORT,4.333928387832077,2025-06-30T09:45:00+05:30,25558.45,2025-07-02T09:15:00+05:30,25568.9,breakout_down,breakout_up,-45.29,76.35,4.43,22.16,-148.23,1.98
NSE:SENSEX,SHORT,1.2129754277574816,2025-06-30T09:45:00+05:30,83776.78,2025-07-02T09:15:00+05:30,83819.3,breakout_down,breakout_up,-51.58,73.95,4.07,20.33,-149.92,1.98
NSE:TCS,SHORT,15,2025-07-01T11:00:00+05:30,3440.0,2025-07-02T09:15:00+05:30,3460.2,breakout_down,breakout_up,-303.0,178.17,10.35,31.05,-522.57,0.93
NSE:INFY,SHORT,20,2025-07-01T15:15:00+05:30,1603.0,2025-07-02T09:15:00+05:30,1636.5,breakout_down,breakout_up,-670.0,135.18,6.48,19.44,-831.09,0.75
NSE:TATASTEEL,SHORT,505,2025-06-30T12:45:00+05:30,160.16,2025-07-02T09:15:00+05:30,161.16,breakout_down,breakout_up,-505.0,243.48,16.23,48.68,-813.39,1.85
NSE:WIPRO,SHORT,300,2025-07-01T13:45:00+05:30,264.05,2025-07-02T09:15:00+05:30,267.15,breakout_down,breakout_up,-930.0,240.28,15.94,47.81,-1234.03,0.81
NSE:HINDUNILVR,SHORT,25,2025-06-30T13:00:00+05:30,2290.3,2025-07-02T12:15:00+05:30,2305.2,breakout_down,breakout_up,-372.5,190.82,11.49,34.47,-609.28,1.97
NSE:BANKNIFTY,LONG,1.5944815966818662,2025-07-01T14:00:00+05:30,57530.35,2025-07-02T12:45:00+05:30,57065.75,breakout_up,breakout_down,-740.8,71.18,3.65,18.27,-833.9,0.95
NSE:SBIN,LONG,80,2025-07-01T12:15:00+05:30,821.5,2025-07-02T13:15:00+05:30,811.15,breakout_up,breakout_down,-828.0,208.33,13.06,39.18,-1088.58,1.04
NSE:TATACONSUM,SHORT,20,2025-06-27T14:30:00+05:30,1130.0,2025-07-02T15:15:00+05:30,1098.0,breakout_down,breakout_up,640.0,112.6,4.46,13.37,509.58,5.03
NSE:BHARTIARTL,LONG,20,2025-07-02T11:15:00+05:30,2040.2,2025-07-02T15:15:00+05:30,2030.0,breakout_up,breakout_down,-204.0,61.52,8.14,24.42,-298.08,0.17
NSE:NIFTY,SHORT,4.339470657388374,2025-07-02T10:30:00+05:30,25491.75,2025-07-03T09:45:00+05:30,25545.35,breakout_down,breakout_up,-232.6,76.32,4.43,22.15,-335.5,0.97
NSE:SENSEX,SHORT,1.214334506563074,2025-07-02T10:30:00+05:30,83559.93,2025-07-03T09:45:00+05:30,83717.78,breakout_down,breakout_up,-191.68,73.91,4.06,20.31,-289.97,0.97
NSE:HDFCBANK,SHORT,90,2025-07-02T09:15:00+05:30,500.0,2025-07-03T09:45:00+05:30,499.65,breakout_down,breakout_up,31.5,163.1,9.0,26.99,-167.59,1.02
NSE:ICICIBANK,SHORT,35,2025-06-30T13:30:00+05:30,1447.6,2025-07-03T09:45:00+05:30,1444.0,breakout_down,breakout_up,126.0,175.58,10.12,30.36,-90.07,2.84
NSE:HCLTECH,SHORT,20,2025-07-01T12:15:00+05:30,1719.0,2025-07-03T11:00:00+05:30,1730.0,breakout_down,breakout_up,-220.0,139.8,6.9,20.69,-387.39,1.95
NSE:HDFCBANK,LONG,90,2025-07-03T10:15:00+05:30,500.27,2025-07-03T14:30:00+05:30,497.23,breakout_up,breakout_down,-274.5,62.99,8.98,26.93,-373.4,0.18
NSE:TATASTEEL,LONG,495,2025-07-02T11:15:00+05:30,162.33,2025-07-03T14:45:00+05:30,166.09,breakout_up,breakout_down,1861.2,243.64,16.26,48.77,1552.53,1.15
NSE:WIPRO,LONG,295,2025-07-03T09:15:00+05:30,268.15,2025-07-03T14:45:00+05:30,267.9,breakout_up,breakout_down,-73.75,75.06,15.81,47.44,-212.06,0.23
NSE:ICICIBANK,SHORT,35,2025-07-03T14:15:00+05:30,1427.1,2025-07-04T14:00:00+05:30,1436.2,breakout_down,breakout_up,-318.5,174.52,10.02,30.06,-533.1,0.99
NSE:NIFTY,SHORT,4.341019632917905,2025-07-03T14:30:00+05:30,25405.6,2025-07-04T14:30:00+05:30,25454.55,breakout_down,breakout_up,-212.49,76.23,4.42,22.08,-315.22,1.0
NSE:BANKNIFTY,SHORT,1.5935206670561535,2025-07-02T13:00:00+05:30,57043.3,2025-07-04T14:30:00+05:30,57037.55,breakout_down,breakout_up,9.16,71.12,3.64,18.18,-83.78,2.06
NSE:SENSEX,SHORT,1.2154502005800023,2025-07-03T14:30:00+05:30,83245.37,2025-07-04T14:30:00+05:30,83395.12,breakout_down,breakout_up,-182.01,73.84,4.05,20.25,-280.16,1.0
NSE:SBIN,SHORT,80,2025-07-02T13:30:00+05:30,810.15,2025-07-04T14:30:00+05:30,812.2,breakout_down,breakout_up,-164.0,207.37,12.98,38.94,-423.28,2.04
NSE:WIPRO,SHORT,295,2025-07-03T15:00:00+05:30,267.1,2025-07-04T14:30:00+05:30,270.3,breakout_down,breakout_up,-944.0,239.37,15.85,47.56,-1246.78,0.98
NSE:HCLTECH,SHORT,20,2025-07-03T14:15:00+05:30,1712.1,2025-07-04T14:30:00+05:30,1724.4,breakout_down,breakout_up,-246.0,139.52,6.87,20.62,-413.02,1.01
NSE:LT,SHORT,20,2025-06-30T12:30:00+05:30,3664.9,2025-07-04T14:45:00+05:30,3596.3,breakout_down,breakout_up,1372.0,224.4,14.52,43.57,1089.51,4.09
NSE:HDFCBANK,SHORT,90,2025-07-04T11:45:00+05:30,495.25,2025-07-04T15:15:00+05:30,498.18,breakout_down,breakout_up,-263.25,62.93,8.94,26.82,-361.94,0.15
NSE:HCLTECH,LONG,20,2025-07-04T14:45:00+05:30,1725.2,2025-07-07T09:15:00+05:30,1705.1,breakout_up,breakout_down,-402.0,139.4,6.86,20.58,-568.84,2.77
NSE:TATACONSUM,SHORT,20,2025-07-03T14:30:00+05:30,1088.8,2025-07-07T09:15:00+05:30,1095.2,breakout_down,breakout_up,-128.0,111.68,4.37,13.1,-257.15,3.78
NSE:BHARTIARTL,SHORT,20,2025-07-03T11:15:00+05:30,2028.6,2025-07-07T09:15:00+05:30,2024.5,breakout_down,breakout_up,82.0,153.2,8.11,24.32,-103.63,3.92
NSE:ITC,SHORT,95,2025-07-01T13:45:00+05:30,415.9,2025-07-07T09:30:00+05:30,414.2,breakout_down,breakout_up,161.5,150.75,7.89,23.66,-20.79,5.82
NSE:INFY,LONG,20,2025-07-04T12:30:00+05:30,1631.8,2025-07-07T12:00:00+05:30,1629.9,breakout_up,breakout_down,-38.0,135.62,6.52,19.57,-199.72,2.98
NSE:BHARTIARTL,SHORT,20,2025-07-07T13:45:00+05:30,2010.7,2025-07-07T14:45:00+05:30,2033.0,breakout_down,breakout_up,-446.0,61.4,8.09,24.26,-539.75,0.04
NSE:ADANIGREEN,SHORT,85,2025-07-01T11:15:00+05:30,1019.5,2025-07-08T09:15:00+05:30,1001.0,breakout_down,breakout_up,1572.5,253.86,17.17,51.52,1249.95,6.92
NSE:TATACONSUM,LONG,20,2025-07-07T11:30:00+05:30,1103.2,2025-07-08T11:15:00+05:30,1097.1,breakout_up,breakout_down,-122.0,112.04,4.4,13.2,-251.64,0.99
NSE:INFY,SHORT,20,2025-07-07T12:15:00+05:30,1628.9,2025-07-08T12:15:00+05:30,1635.8,breakout_down,breakout_up,-138.0,135.7,6.53,19.59,-299.81,1.0
NSE:TCS,SHORT,15,2025-07-02T14:30:00+05:30,3422.5,2025-07-08T12:45:00+05:30,3422.2,breakout_down,breakout_up,4.5,177.22,10.27,30.8,-213.79,5.93
NSE:WIPRO,SHORT,290,2025-07-07T12:00:00+05:30,267.85,2025-07-08T12:45:00+05:30,269.9,breakout_down,breakout_up,-594.5,236.47,15.59,46.78,-893.35,1.03
NSE:HCLTECH,SHORT,20,2025-07-08T09:45:00+05:30,1694.3,2025-07-08T12:45:00+05:30,1714.5,breakout_down,breakout_up,-404.0,59.17,6.82,20.45,-490.44,0.12
NSE:HINDUNILVR,LONG,25,2025-07-03T11:00:00+05:30,2318.6,2025-07-08T13:00:00+05:30,2397.5,breakout_up,breakout_down,1972.5,194.0,11.79,35.37,1731.34,5.08
NSE:ITC,LONG,95,2025-07-07T09:45:00+05:30,415.1,2025-07-08T13:30:00+05:30,414.85,breakout_up,breakout_down,-23.75,150.75,7.88,23.65,-206.03,1.16
NSE:SBIN,SHORT,80,2025-07-07T12:45:00+05:30,806.7,2025-07-08T15:00:00+05:30,813.0,breakout_down,breakout_up,-504.0,207.16,12.96,38.87,-762.99,1.09
NSE:ICICIBANK,LONG,35,2025-07-04T14:30:00+05:30,1440.7,2025-07-09T09:15:00+05:30,1428.9,breakout_up,breakout_down,-413.0,174.77,10.04,30.13,-627.94,4.78
NSE:HINDUNILVR,SHORT,25,2025-07-08T13:15:00+05:30,2388.2,2025-07-09T09:15:00+05:30,2427.8,breakout_down,breakout_up,-990.0,197.0,12.04,36.12,-1235.16,0.83
NSE:ADANIGREEN,SHORT,90,2025-07-08T11:15:00+05:30,986.6,2025-07-09T09:15:00+05:30,1002.4,breakout_down,breakout_up,-1422.0,262.16,17.9,53.7,-1755.76,0.92
NSE:NIFTY,LONG,4.31807730852868,2025-07-04T15:15:00+05:30,25467.8,2025-07-09T14:30:00+05:30,25469.45,breakout_up,breakout_down,7.12,76.14,4.4,22.0,-95.41,4.97
NSE:SENSEX,LONG,1.2092033425524562,2025-07-04T15:00:00+05:30,83444.43,2025-07-09T14:30:00+05:30,83519.67,breakout_up,breakout_down,90.98,73.78,4.04,20.19,-7.02,4.98
NSE:BHARTIARTL,LONG,20,2025-07-08T15:00:00+05:30,2031.6,2025-07-09T14:45:00+05:30,2014.6,breakout_up,breakout_down,-340.0,153.08,8.09,24.28,-525.45,0.99
NSE:ICICIBANK,SHORT,30,2025-07-09T09:30:00+05:30,1427.3,2025-07-10T09:15:00+05:30,1436.5,breakout_down,breakout_up,-276.0,158.62,8.59,25.77,-468.99,0.99
NSE:SBIN,SHORT,75,2025-07-09T14:45:00+05:30,809.75,2025-07-10T09:15:00+05:30,812.7,breakout_down,breakout_up,-221.25,198.36,12.17,36.51,-468.29,0.77
NSE:TATASTEEL,SHORT,490,2025-07-03T15:15:00+05:30,165.55,2025-07-10T09:15:00+05:30,160.62,breakout_down,breakout_up,2415.7,240.55,15.98,47.95,2111.22,6.75
NSE:ITC,LONG,95,2025-07-08T15:15:00+05:30,418.0,2025-07-10T10:45:00+05:30,417.2,breakout_up,breakout_down,-76.0,151.3,7.93,23.8,-259.04,1.81
NSE:BANKNIFTY,LONG,1.5904629935340757,2025-07-07T10:45:00+05:30,57100.45,2025-07-10T11:15:00+05:30,57111.7,breakout_up,breakout_down,17.89,71.11,3.63,18.17,-75.01,3.02
NSE:SBIN,LONG,75,2025-07-10T10:30:00+05:30,814.35,2025-07-10T12:00:00+05:30,808.55,breakout_up,breakout_down,-435.0,68.6,12.17,36.52,-552.29,0.06
NSE:INFY,LONG,20,2025-07-08T12:30:00+05:30,1639.1,2025-07-10T13:30:00+05:30,1609.4,breakout_up,breakout_down,-594.0,135.37,6.5,19.49,-755.36,2.04
NSE:TATACONSUM,LONG,20,2025-07-09T11:15:00+05:30,1105.5,2025-07-10T14:45:00+05:30,1092.2,breakout_up,breakout_down,-266.0,111.99,4.4,13.19,-395.57,1.15
NSE:LT,LONG,25,2025-07-08T14:00:00+05:30,3601.7,2025-07-10T14:45:00+05:30,3571.7,breakout_up,breakout_down,-750.0,262.47,17.93,53.8,-1084.2,2.03
NSE:TCS,SHORT,15,2025-07-09T12:15:00+05:30,3379.7,2025-07-10T15:15:00+05:30,3395.0,breakout_down,breakout_up,-229.5,176.07,10.16,30.49,-446.22,1.12
NSE:HINDUNILVR,SHORT,25,2025-07-10T09:45:00+05:30,2417.1,2025-07-11T09:15:00+05:30,2509.2,breakout_down,breakout_up,-2302.5,200.16,12.32,36.95,-2551.92,0.98
NSE:HDFCBANK,LONG,90,2025-07-07T09:15:00+05:30,499.2,2025-07-11T09:45:00+05:30,499.25,breakout_up,breakout_down,4.5,162.98,8.99,26.96,-194.43,4.02
NSE:TATASTEEL,LONG,520,2025-07-10T14:00:00+05:30,161.0,2025-07-11T12:15:00+05:30,159.59,breakout_up,breakout_down,-733.2,248.43,16.67,50.01,-1048.32,0.93
NSE:HINDUNILVR,LONG,25,2025-07-11T09:30:00+05:30,2517.0,2025-07-14T09:15:00+05:30,2503.0,breakout_up,breakout_down,-350.0,202.62,12.55,37.65,-602.82,2.99
NSE:ADANIGREEN,SHORT,90,2025-07-09T14:15:00+05:30,995.2,2025-07-14T09:15:00+05:30,1005.7,breakout_down,breakout_up,-945.0,263.31,18.01,54.02,-1280.34,4.79
NSE:BANKNIFTY,SHORT,1.5903104686120644,2025-07-10T12:00:00+05:30,57058.9,2025-07-14T09:30:00+05:30,56839.2,breakout_down,breakout_up,349.39,71.07,3.62,18.11,256.59,3.9
NSE:SBIN,SHORT,75,2025-07-11T10:30:00+05:30,805.7,2025-07-14T09:30:00+05:30,813.7,breakout_down,breakout_up,-600.0,198.14,12.15,36.44,-846.72,2.96
NSE:ITC,SHORT,95,2025-07-10T11:15:00+05:30,416.85,2025-07-14T10:30:00+05:30,419.25,breakout_down,breakout_up,-228.0,151.41,7.94,23.83,-411.18,3.97
NSE:BANKNIFTY,LONG,1.6000897878543414,2025-07-14T09:45:00+05:30,56870.05,2025-07-14T11:15:00+05:30,56645.7,breakout_up,breakout_down,-358.98,71.07,3.63,18.16,-451.85,0.06
NSE:BHARTIARTL,SHORT,20,2025-07-10T09:45:00+05:30,1993.2,2025-07-14T14:15:00+05:30,1918.3,breakout_down,breakout_up,1498.0,149.95,7.82,23.47,1316.76,4.19
NSE:HDFCBANK,SHORT,90,2025-07-11T10:00:00+05:30,498.6,2025-07-14T14:45:00+05:30,496.25,breakout_down,breakout_up,211.5,162.61,8.95,26.86,13.08,3.2
NSE:ICICIBANK,SHORT,30,2025-07-10T11:15:00+05:30,1427.2,2025-07-14T14:45:00+05:30,1423.8,breakout_down,breakout_up,102.0,158.17,8.55,25.66,-90.38,4.15
NSE:NIFTY,SHORT,4.327749548152264,2025-07-10T10:45:00+05:30,25388.9,2025-07-15T09:15:00+05:30,25147.4,breakout_down,breakout_up,1045.15,76.07,4.37,21.87,942.83,4.94
NSE:SENSEX,SHORT,1.208561384804212,2025-07-09T14:45:00+05:30,83482.96,2025-07-15T09:15:00+05:30,82437.76,breakout_down,breakout_up,1263.19,73.7,4.01,20.05,1165.42,5.77
NSE:INFY,SHORT,20,2025-07-10T13:45:00+05:30,1607.9,2025-07-15T09:15:00+05:30,1582.0,breakout_down,breakout_up,518.0,133.99,6.38,19.14,358.5,4.81
NSE:TATASTEEL,LONG,515,2025-07-14T10:15:00+05:30,160.72,2025-07-15T09:30:00+05:30,158.85,breakout_up,breakout_down,-963.05,246.09,16.46,49.37,-1274.97,0.97
NSE:TCS,SHORT,15,2025-07-11T09:15:00+05:30,3319.0,2025-07-15T10:30:00+05:30,3240.0,breakout_down,breakout_up,1185.0,172.37,9.84,29.52,973.28,4.05
NSE:WIPRO,SHORT,290,2025-07-11T09:15:00+05:30,260.6,2025-07-15T10:30:00+05:30,257.25,breakout_down,breakout_up,971.5,229.94,15.02,45.05,681.49,4.05
NSE:TATACONSUM,SHORT,20,2025-07-10T15:00:00+05:30,1089.2,2025-07-15T12:15:00+05:30,1076.6,breakout_down,breakout_up,252.0,111.24,4.33,12.99,123.43,4.89
NSE:NIFTY,LONG,4.404422521413003,2025-07-15T10:30:00+05:30,25160.35,2025-07-16T09:15:00+05:30,25146.7,breakout_up,breakout_down,-60.12,76.35,4.43,22.16,-163.06,0.95
NSE:SENSEX,LONG,1.237210647615587,2025-07-15T10:30:00+05:30,82488.96,2025-07-16T09:15:00+05:30,82425.71,breakout_up,breakout_down,-78.25,74.04,4.08,20.4,-176.78,0.95
NSE:ICICIBANK,LONG,30,2025-07-15T15:00:00+05:30,1431.3,2025-07-16T09:15:00+05:30,1420.7,breakout_up,breakout_down,-318.0,158.23,8.56,25.67,-510.45,0.76
NSE:TCS,LONG,15,2025-07-15T11:00:00+05:30,3256.7,2025-07-16T09:15:00+05:30,3235.0,breakout_up,breakout_down,-325.5,171.36,9.74,29.21,-535.81,0.93
NSE:ITC,LONG,90,2025-07-14T11:30:00+05:30,419.6,2025-07-16T10:30:00+05:30,420.55,breakout_up,breakout_down,85.5,147.15,7.56,22.68,-91.89,1.96
NSE:LT,SHORT,25,2025-07-11T10:30:00+05:30,3559.0,2025-07-16T11:45:00+05:30,3509.0,breakout_down,breakout_up,1250.0,259.39,17.67,53.01,919.93,5.05
NSE:NIFTY,SHORT,4.403789477367245,2025-07-16T10:30:00+05:30,25127.05,2025-07-16T14:00:00+05:30,25243.75,breakout_down,breakout_up,-513.92,76.34,4.44,22.18,-616.89,0.15
NSE:SENSEX,SHORT,1.2369129526467235,2025-07-16T10:30:00+05:30,82366.32,2025-07-16T14:00:00+05:30,82740.28,breakout_down,breakout_up,-462.56,74.03,4.08,20.42,-561.1,0.15
NSE:HINDUNILVR,LONG,25,2025-07-15T14:45:00+05:30,2528.0,2025-07-16T15:00:00+05:30,2516.9,breakout_up,breakout_down,-277.5,203.3,12.61,37.84,-531.25,1.01
NSE:BANKNIFTY,LONG,1.5929343875880908,2025-07-15T09:15:00+05:30,56842.7,2025-07-17T10:15:00+05:30,56952.55,breakout_up,breakout_down,174.98,71.07,3.63,18.13,82.16,2.04
NSE:INFY,LONG,20,2025-07-15T10:30:00+05:30,1590.6,2025-07-17T10:30:00+05:30,1592.0,breakout_up,breakout_down,28.0,133.86,6.37,19.1,-131.32,2.0
NSE:TATASTEEL,SHORT,515,2025-07-16T09:15:00+05:30,157.7,2025-07-17T11:30:00+05:30,158.58,breakout_down,breakout_up,-453.2,244.17,16.29,48.87,-762.52,1.09
NSE:SBIN,LONG,75,2025-07-15T09:45:00+05:30,817.5,2025-07-17T14:45:00+05:30,830.7,breakout_up,breakout_down,990.0,200.42,12.36,37.08,740.13,2.21
NSE:HDFCBANK,LONG,90,2025-07-15T10:15:00+05:30,497.57,2025-07-17T15:15:00+05:30,496.5,breakout_up,breakout_down,-96.75,162.56,8.95,26.84,-295.09,2.21
NSE:WIPRO,LONG,295,2025-07-15T10:45:00+05:30,258.9,2025-07-17T15:15:00+05:30,258.75,breakout_up,breakout_down,-44.25,232.83,15.27,45.81,-338.16,2.19
NSE:BHARTIARTL,LONG,20,2025-07-14T15:00:00+05:30,1922.2,2025-07-18T09:15:00+05:30,1905.1,breakout_up,breakout_down,-342.0,148.22,7.65,22.96,-520.83,3.76
NSE:ITC,LONG,90,2025-07-16T11:30:00+05:30,423.55,2025-07-18T09:30:00+05:30,422.55,breakout_up,breakout_down,-90.0,147.76,7.61,22.84,-268.22,1.92
NSE:ADANIGREEN,LONG,85,2025-07-14T10:15:00+05:30,1025.7,2025-07-18T10:00:00+05:30,1040.0,breakout_up,breakout_down,1215.5,258.15,17.56,52.68,887.11,3.99
NSE:TATACONSUM,LONG,20,2025-07-15T12:30:00+05:30,1080.1,2025-07-18T12:15:00+05:30,1095.7,breakout_up,breakout_down,312.0,111.46,4.35,13.05,183.13,2.99
NSE:ICICIBANK,SHORT,30,2025-07-17T09:15:00+05:30,1415.3,2025-07-18T14:30:00+05:30,1424.2,breakout_down,breakout_up,-267.0,157.81,8.52,25.56,-458.88,1.22
NSE:HDFCBANK,SHORT,90,2025-07-18T09:15:00+05:30,494.95,2025-07-21T09:15:00+05:30,494.3,breakout_down,breakout_up,58.5,162.06,8.9,26.71,-139.17,3.0
NSE:WIPRO,LONG,285,2025-07-18T09:15:00+05:30,268.75,2025-07-21T09:15:00+05:30,260.55,breakout_up,breakout_down,-2337.0,230.93,15.09,45.26,-2628.27,3.0
NSE:BANKNIFTY,SHORT,1.5954308297116933,2025-07-17T15:15:00+05:30,56805.1,2025-07-21T09:45:00+05:30,56679.4,breakout_down,breakout_up,200.55,71.04,3.62,18.11,107.77,3.77
NSE:SENSEX,SHORT,1.229110730485335,2025-07-17T10:15:00+05:30,82434.03,2025-07-21T09:45:00+05:30,82058.76,breakout_down,breakout_up,461.25,73.85,4.04,20.22,363.14,3.98
NSE:BHARTIARTL,SHORT,20,2025-07-18T09:30:00+05:30,1898.4,2025-07-21T09:45:00+05:30,1918.2,breakout_down,breakout_up,-396.0,147.98,7.63,22.9,-574.51,3.01
NSE:NIFTY,SHORT,4.37550741160638,2025-07-17T10:30:00+05:30,25148.9,2025-07-21T10:00:00+05:30,25052.55,breakout_down,breakout_up,421.58,76.14,4.39,21.97,319.08,3.98
NSE:LT,SHORT,25,2025-07-17T10:30:00+05:30,3488.8,2025-07-21T10:15:00+05:30,3486.8,breakout_down,breakout_up,50.0,256.91,17.44,52.32,-276.67,3.99
NSE:ADANIGREEN,SHORT,85,2025-07-18T10:15:00+05:30,1028.5,2025-07-21T10:30:00+05:30,1039.4,breakout_down,breakout_up,-926.5,258.52,17.58,52.73,-1255.33,3.01
NSE:SBIN,SHORT,75,2025-07-17T15:15:00+05:30,828.75,2025-07-21T12:00:00+05:30,824.9,breakout_down,breakout_up,288.75,200.93,12.4,37.21,38.21,3.86
NSE:LT,LONG,25,2025-07-21T10:30:00+05:30,3491.6,2025-07-22T09:45:00+05:30,3479.0,breakout_up,breakout_down,-315.0,256.8,17.43,52.28,-641.51,0.97
NSE:TCS,SHORT,15,2025-07-17T13:00:00+05:30,3220.6,2025-07-22T10:45:00+05:30,3174.2,breakout_down,breakout_up,696.0,169.67,9.59,28.78,487.96,4.91
NSE:SBIN,LONG,75,2025-07-21T12:30:00+05:30,826.15,2025-07-22T11:15:00+05:30,818.0,breakout_up,breakout_down,-611.25,200.2,12.33,36.99,-860.78,0.95
NSE:HINDUNILVR,SHORT,20,2025-07-16T15:15:00+05:30,2510.0,2025-07-22T12:15:00+05:30,2471.4,breakout_down,breakout_up,772.0,173.78,9.96,29.89,558.37,5.88
NSE:BANKNIFTY,LONG,1.597841399374327,2025-07-21T10:45:00+05:30,56786.65,2025-07-22T14:15:00+05:30,56777.05,breakout_up,breakout_down,-15.34,71.08,3.63,18.15,-108.19,1.15
NSE:TATASTEEL,LONG,505,2025-07-17T12:30:00+05:30,159.09,2025-07-22T14:45:00+05:30,163.25,breakout_up,breakout_down,2100.8,243.86,16.28,48.83,1791.83,5.09
NSE:BHARTIARTL,SHORT,20,2025-07-22T10:00:00+05:30,1893.8,2025-07-22T14:45:00+05:30,1910.9,breakout_down,breakout_up,-342.0,60.57,7.61,22.83,-433.01,0.2
NSE:HINDUNILVR,LONG,25,2025-07-22T13:30:00+05:30,2475.6,2025-07-23T10:45:00+05:30,2461.1,breakout_up,breakout_down,-362.5,200.3,12.34,37.03,-612.17,0.89
NSE:BANKNIFTY,SHORT,1.5977679209586022,2025-07-22T15:15:00+05:30,56721.75,2025-07-23T12:15:00+05:30,57004.85,breakout_down,breakout_up,-452.33,71.07,3.63,18.17,-545.2,0.88
NSE:INFY,SHORT,20,2025-07-17T13:00:00+05:30,1588.2,2025-07-23T12:15:00+05:30,1588.6,breakout_down,breakout_up,-8.0,133.73,6.35,19.06,-167.15,5.97
NSE:HCLTECH,SHORT,20,2025-07-09T10:15:00+05:30,1680.2,2025-07-23T12:30:00+05:30,1532.2,breakout_down,breakout_up,2960.0,134.3,6.42,19.27,2800.0,14.09
NSE:SBIN,SHORT,75,2025-07-22T13:15:00+05:30,816.4,2025-07-23T14:15:00+05:30,818.5,breakout_down,breakout_up,-157.5,199.4,12.26,36.79,-405.94,1.04
NSE:LT,SHORT,25,2025-07-22T10:30:00+05:30,3472.0,2025-07-23T14:30:00+05:30,3478.9,breakout_down,breakout_up,-172.5,256.24,17.38,52.13,-498.25,1.17
NSE:WIPRO,SHORT,285,2025-07-21T14:30:00+05:30,259.7,2025-07-23T15:00:00+05:30,261.65,breakout_down,breakout_up,-555.75,228.28,14.86,44.58,-843.47,2.02
NSE:TCS,LONG,15,2025-07-22T11:00:00+05:30,3178.5,2025-07-24T09:15:00+05:30,3158.1,breakout_up,breakout_down,-306.0,168.77,9.5,28.51,-512.79,1.93
NSE:TATACONSUM,SHORT,20,2025-07-21T09:15:00+05:30,1079.5,2025-07-24T09:15:00+05:30,1075.1,breakout_down,breakout_up,88.0,111.01,4.31,12.93,-40.25,3.0
NSE:HCLTECH,LONG,25,2025-07-23T12:45:00+05:30,1533.9,2025-07-24T10:00:00+05:30,1519.5,breakout_up,breakout_down,-360.0,147.98,7.63,22.9,-538.52,0.89
NSE:NIFTY,LONG,4.398791531964271,2025-07-21T15:00:00+05:30,25088.1,2025-07-24T11:15:00+05:30,25112.65,breakout_up,breakout_down,107.99,76.27,4.42,22.08,5.22,2.84
NSE:SENSEX,LONG,1.2384776214141078,2025-07-21T10:00:00+05:30,82102.9,2025-07-24T11:15:00+05:30,82340.26,breakout_up,breakout_down,293.97,74.03,4.07,20.37,195.5,3.05
NSE:SBIN,LONG,75,2025-07-23T14:30:00+05:30,819.9,2025-07-24T11:15:00+05:30,813.0,breakout_up,breakout_down,-517.5,199.26,12.25,36.74,-765.74,0.86
NSE:BANKNIFTY,LONG,1.579514686738254,2025-07-23T12:30:00+05:30,57033.1,2025-07-24T11:30:00+05:30,56951.25,breakout_up,breakout_down,-129.28,70.88,3.6,18.0,-221.77,0.96
NSE:HDFCBANK,LONG,90,2025-07-21T15:00:00+05:30,500.25,2025-07-24T11:30:00+05:30,504.0,breakout_up,breakout_down,337.5,163.54,9.04,27.11,137.81,2.85
NSE:ICICIBANK,LONG,30,2025-07-21T09:15:00+05:30,1440.5,2025-07-24T15:15:00+05:30,1480.9,breakout_up,breakout_down,1212.0,160.43,8.76,26.29,1016.51,3.25
NSE:BHARTIARTL,LONG,20,2025-07-23T09:15:00+05:30,1912.5,2025-07-25T09:15:00+05:30,1932.8,breakout_up,breakout_down,406.0,148.56,7.69,23.07,226.68,2.0
NSE:LT,LONG,25,2025-07-23T14:45:00+05:30,3485.7,2025-07-25T10:00:00+05:30,3457.2,breakout_up,breakout_down,-712.5,256.06,17.36,52.07,-1037.99,1.8
NSE:ICICIBANK,LONG,30,2025-07-25T09:15:00+05:30,1489.3,2025-07-25T11:30:00+05:30,1477.2,breakout_up,breakout_down,-363.0,62.84,8.9,26.7,-461.44,0.09
NSE:WIPRO,SHORT,280,2025-07-25T09:30:00+05:30,259.7,2025-07-25T15:00:00+05:30,259.9,breakout_down,breakout_up,-56.0,72.83,14.55,43.65,-187.03,0.23
NSE:BHARTIARTL,LONG,20,2025-07-25T11:00:00+05:30,1947.9,2025-07-25T15:15:00+05:30,1928.0,breakout_up,breakout_down,-398.0,60.82,7.75,23.26,-489.82,0.18
NSE:HDFCBANK,SHORT,90,2025-07-24T11:45:00+05:30,503.15,2025-07-28T09:15:00+05:30,502.23,breakout_down,breakout_up,83.25,163.67,9.05,27.15,-116.62,3.9
NSE:ITC,SHORT,90,2025-07-18T09:45:00+05:30,422.35,2025-07-28T09:15:00+05:30,410.05,breakout_down,breakout_up,1107.0,146.3,7.49,22.47,930.74,9.98
NSE:HINDUNILVR,SHORT,25,2025-07-23T11:00:00+05:30,2460.0,2025-07-28T09:45:00+05:30,2430.8,breakout_down,breakout_up,730.0,198.94,12.23,36.68,482.15,4.95
NSE:ICICIBANK,SHORT,30,2025-07-25T12:00:00+05:30,1475.7,2025-07-28T10:00:00+05:30,1487.2,breakout_down,breakout_up,-345.0,161.93,8.89,26.67,-542.48,2.92
NSE:TATACONSUM,SHORT,20,2025-07-25T09:15:00+05:30,1067.8,2025-07-28T10:30:00+05:30,1070.5,breakout_down,breakout_up,-54.0,110.66,4.28,12.83,-181.76,3.05
NSE:ADANIGREEN,SHORT,85,2025-07-22T09:30:00+05:30,1031.0,2025-07-28T12:30:00+05:30,1003.0,breakout_down,breakout_up,2380.0,255.07,17.29,51.87,2055.77,6.12
NSE:INFY,SHORT,20,2025-07-23T15:15:00+05:30,1558.9,2025-07-28T15:00:00+05:30,1518.5,breakout_down,breakout_up,808.0,131.46,6.15,18.46,651.92,4.99
NSE:HDFCBANK,LONG,90,2025-07-28T10:00:00+05:30,504.43,2025-07-29T09:15:00+05:30,500.88,breakout_up,breakout_down,-319.5,163.69,9.05,27.14,-519.39,0.97
NSE:BHARTIARTL,SHORT,20,2025-07-28T09:15:00+05:30,1919.2,2025-07-29T11:00:00+05:30,1912.3,breakout_down,breakout_up,138.0,148.27,7.66,22.99,-40.92,1.07
NSE:LT,SHORT,25,2025-07-25T10:15:00+05:30,3454.8,2025-07-29T11:00:00+05:30,3442.5,breakout_down,breakout_up,307.5,254.72,17.24,51.73,-16.19,4.03
NSE:NIFTY,SHORT,4.397079936262567,2025-07-24T11:30:00+05:30,25099.05,2025-07-29T13:00:00+05:30,24734.7,breakout_down,breakout_up,1602.08,76.18,4.38,21.91,1499.6,5.06
NSE:SENSEX,SHORT,1.2390486764753013,2025-07-24T11:45:00+05:30,82222.37,2025-07-29T13:00:00+05:30,81026.97,breakout_down,breakout_up,1481.16,73.95,4.05,20.23,1382.93,5.05
NSE:TATASTEEL,SHORT,505,2025-07-23T13:00:00+05:30,162.38,2025-07-29T13:15:00+05:30,161.35,breakout_down,breakout_up,520.15,244.76,16.35,49.05,210.0,6.01
NSE:BANKNIFTY,SHORT,1.5786522038444526,2025-07-24T11:45:00+05:30,56924.2,2025-07-29T13:45:00+05:30,56199.9,breakout_down,breakout_up,1143.42,70.8,3.57,17.86,1051.18,5.08
NSE:WIPRO,SHORT,290,2025-07-28T09:15:00+05:30,252.0,2025-07-29T13:45:00+05:30,251.4,breakout_down,breakout_up,174.0,225.34,14.6,43.8,-109.73,1.19
NSE:ITC,LONG,95,2025-07-29T09:15:00+05:30,411.35,2025-07-30T09:15:00+05:30,406.8,breakout_up,breakout_down,-432.25,149.53,7.77,23.32,-612.87,1.0
NSE:SBIN,SHORT,70,2025-07-24T11:30:00+05:30,812.5,2025-07-30T09:45:00+05:30,801.1,breakout_down,breakout_up,798.0,188.59,11.3,33.89,564.23,5.93
NSE:HINDUNILVR,LONG,25,2025-07-28T10:00:00+05:30,2440.6,2025-07-30T11:45:00+05:30,2403.9,breakout_up,breakout_down,-917.5,197.78,12.11,36.33,-1163.73,2.07
NSE:TATACONSUM,LONG,20,2025-07-30T09:15:00+05:30,1068.5,2025-07-30T15:00:00+05:30,1072.9,breakout_up,breakout_down,88.0,54.76,4.28,12.85,16.11,0.24
NSE:ADANIGREEN,LONG,90,2025-07-28T14:45:00+05:30,1006.1,2025-07-30T15:00:00+05:30,1011.7,breakout_up,breakout_down,504.0,264.89,18.16,54.48,166.47,2.01
NSE:ICICIBANK,LONG,30,2025-07-28T10:15:00+05:30,1490.1,2025-07-30T15:15:00+05:30,1480.1,breakout_up,breakout_down,-300.0,162.17,8.91,26.73,-497.81,2.21
NSE:HCLTECH,SHORT,25,2025-07-24T10:30:00+05:30,1515.8,2025-07-30T15:15:00+05:30,1478.0,breakout_down,breakout_up,945.0,146.23,7.48,22.45,768.83,6.2
NSE:NIFTY,LONG,4.517885349482991,2025-07-29T13:30:00+05:30,24758.85,2025-07-31T09:15:00+05:30,24709.4,breakout_up,breakout_down,-223.41,76.59,4.47,22.35,-326.82,1.82
NSE:BANKNIFTY,LONG,1.6161666160974537,2025-07-29T14:00:00+05:30,56251.35,2025-07-31T09:15:00+05:30,55864.7,breakout_up,breakout_down,-624.89,70.99,3.62,18.12,-717.62,1.8
NSE:SENSEX,LONG,1.2729824545042046,2025-07-29T13:30:00+05:30,81113.7,2025-07-31T09:15:00+05:30,80990.25,breakout_up,breakout_down,-157.15,74.34,4.13,20.64,-256.25,1.82
NSE:INFY,LONG,20,2025-07-30T11:15:00+05:30,1520.1,2025-07-31T09:15:00+05:30,1504.7,breakout_up,breakout_down,-308.0,130.38,6.05,18.15,-462.58,0.92
NSE:SBIN,LONG,75,2025-07-30T11:00:00+05:30,802.45,2025-07-31T09:15:00+05:30,795.1,breakout_up,breakout_down,-551.25,196.31,11.98,35.94,-795.49,0.93
NSE:WIPRO,LONG,290,2025-07-29T14:30:00+05:30,252.1,2025-07-31T09:15:00+05:30,248.7,breakout_up,breakout_down,-986.0,224.59,14.52,43.57,-1268.68,1.78
NSE:BHARTIARTL,LONG,20,2025-07-29T11:15:00+05:30,1914.0,2025-07-31T09:15:00+05:30,1906.2,breakout_up,breakout_down,-156.0,148.04,7.64,22.92,-334.61,1.92
NSE:ITC,SHORT,95,2025-07-30T09:45:00+05:30,406.35,2025-07-31T10:00:00+05:30,409.5,breakout_down,breakout_up,-299.25,149.28,7.75,23.25,-479.53,1.01
NSE:HDFCBANK,LONG,85,2025-07-29T11:15:00+05:30,504.18,2025-07-31T10:15:00+05:30,502.77,breakout_up,breakout_down,-119.0,158.25,8.56,25.68,-311.49,1.96
NSE:TATASTEEL,LONG,510,2025-07-29T14:00:00+05:30,161.68,2025-07-31T10:15:00+05:30,160.06,breakout_up,breakout_down,-826.2,245.53,16.41,49.23,-1137.37,1.84
NSE:ICICIBANK,SHORT,30,2025-07-31T09:15:00+05:30,1469.3,2025-07-31T12:30:00+05:30,1487.9,breakout_down,breakout_up,-558.0,62.77,8.87,26.61,-656.26,0.14
NSE:BANKNIFTY,SHORT,1.6220215627443988,2025-07-31T10:00:00+05:30,55607.2,2025-07-31T12:45:00+05:30,56299.1,breakout_down,breakout_up,-1122.28,70.99,3.63,18.15,-1215.04,0.11
NSE:HCLTECH,SHORT,25,2025-07-31T09:15:00+05:30,1463.8,2025-07-31T12:45:00+05:30,1478.6,breakout_down,breakout_up,-370.0,60.12,7.36,22.07,-459.55,0.15
NSE:INFY,SHORT,20,2025-07-31T09:30:00+05:30,1501.3,2025-07-31T13:30:00+05:30,1521.6,breakout_down,breakout_up,-406.0,57.81,6.05,18.14,-487.99,0.17
NSE:WIPRO,SHORT,290,2025-07-31T10:00:00+05:30,246.55,2025-07-31T14:00:00+05:30,250.05,breakout_down,breakout_up,-1015.0,72.47,14.4,43.2,-1145.07,0.17
NSE:LT,LONG,25,2025-07-29T11:15:00+05:30,3449.0,2025-07-31T15:15:00+05:30,3628.5,breakout_up,breakout_down,4487.5,259.41,17.69,53.08,4157.31,2.17
NSE:NIFTY,LONG,4.4797016794239735,2025-07-31T12:45:00+05:30,24897.15,2025-08-01T09:15:00+05:30,24686.9,breakout_up,breakout_down,-941.86,76.35,4.44,22.21,-1044.86,0.85
NSE:SENSEX,LONG,1.2617402766342618,2025-07-31T12:45:00+05:30,81633.94,2025-08-01T09:15:00+05:30,80918.33,breakout_up,breakout_down,-902.91,74.11,4.1,20.51,-1001.63,0.85
NSE:HCLTECH,LONG,25,2025-07-31T13:30:00+05:30,1479.9,2025-08-01T09:15:00+05:30,1461.2,breakout_up,breakout_down,-467.5,144.87,7.35,22.06,-641.78,0.82
NSE:TATACONSUM,SHORT,20,2025-07-31T09:15:00+05:30,1063.8,2025-08-01T09:15:00+05:30,1085.6,breakout_down,breakout_up,-436.0,110.93,4.3,12.9,-564.13,1.0
NSE:ICICIBANK,LONG,30,2025-07-31T12:45:00+05:30,1490.8,2025-08-01T11:15:00+05:30,1473.2,breakout_up,breakout_down,-528.0,161.98,8.89,26.68,-725.55,0.94
NSE:BANKNIFTY,LONG,1.5782782277291039,2025-07-31T13:15:00+05:30,56380.85,2025-08-01T14:30:00+05:30,55709.05,breakout_up,breakout_down,-1060.29,70.38,3.54,17.69,-1151.9,1.05
NSE:TATASTEEL,SHORT,510,2025-07-31T10:30:00+05:30,159.73,2025-08-04T09:15:00+05:30,155.99,breakout_down,breakout_up,1907.4,241.91,16.1,48.31,1601.08,3.95
NSE:HDFCBANK,LONG,85,2025-07-31T12:45:00+05:30,507.2,2025-08-04T09:30:00+05:30,500.88,breakout_up,breakout_down,-537.62,158.39,8.57,25.71,-730.29,3.86
NSE:TCS,SHORT,15,2025-07-24T11:15:00+05:30,3154.4,2025-08-04T11:00:00+05:30,3022.0,breakout_down,breakout_up,1986.0,165.93,9.26,27.79,1783.01,10.99
NSE:WIPRO,SHORT,285,2025-08-01T09:15:00+05:30,245.6,2025-08-04T11:00:00+05:30,244.13,breakout_down,breakout_up,418.95,218.2,13.96,41.87,144.92,3.07
NSE:LT,SHORT,25,2025-08-01T09:15:00+05:30,3603.6,2025-08-04T11:00:00+05:30,3624.8,breakout_down,breakout_up,-530.0,263.98,18.07,54.21,-866.26,3.07
NSE:NIFTY,SHORT,4.482928765837675,2025-08-01T11:30:00+05:30,24646.85,2025-08-04T12:15:00+05:30,24694.6,breakout_down,breakout_up,-214.06,76.29,4.42,22.12,-316.89,3.03
NSE:SENSEX,SHORT,1.2616725911538333,2025-08-01T11:30:00+05:30,80846.8,2025-08-04T12:15:00+05:30,80960.15,breakout_down,breakout_up,-143.01,74.05,4.08,20.41,-241.56,3.03
NSE:BHARTIARTL,SHORT,20,2025-07-31T09:30:00+05:30,1899.3,2025-08-04T12:15:00+05:30,1905.5,breakout_down,breakout_up,-124.0,147.7,7.61,22.83,-302.14,4.11
NSE:HCLTECH,SHORT,25,2025-08-01T10:30:00+05:30,1452.5,2025-08-04T12:45:00+05:30,1461.3,breakout_down,breakout_up,-220.0,144.09,7.28,21.85,-393.23,3.09
NSE:HINDUNILVR,LONG,20,2025-07-31T10:00:00+05:30,2525.1,2025-08-04T13:15:00+05:30,2538.4,breakout_up,breakout_down,266.0,175.64,10.13,30.38,49.85,4.14
NSE:INFY,SHORT,20,2025-08-01T09:15:00+05:30,1490.9,2025-08-04T13:30:00+05:30,1474.6,breakout_down,breakout_up,326.0,129.01,5.93,17.79,173.26,3.18
NSE:TATACONSUM,SHORT,20,2025-08-01T15:00:00+05:30,1069.2,2025-08-04T14:15:00+05:30,1074.8,breakout_down,breakout_up,-112.0,110.79,4.29,12.86,-239.94,2.97
NSE:ITC,LONG,95,2025-07-31T10:15:00+05:30,410.05,2025-08-04T14:30:00+05:30,416.25,breakout_up,breakout_down,589.0,150.32,7.85,23.55,407.29,4.18
NSE:SBIN,SHORT,75,2025-08-01T09:15:00+05:30,794.05,2025-08-04T14:30:00+05:30,795.4,breakout_down,breakout_up,-101.25,195.61,11.92,35.76,-344.54,3.22
NSE:ADANIGREEN,SHORT,90,2025-07-30T15:15:00+05:30,1009.0,2025-08-04T15:15:00+05:30,993.0,breakout_down,breakout_up,1440.0,263.24,18.02,54.05,1104.69,5.0
NSE:INFY,LONG,20,2025-08-04T13:45:00+05:30,1478.6,2025-08-05T09:45:00+05:30,1459.4,breakout_up,breakout_down,-384.0,128.45,5.88,17.63,-535.96,0.83
NSE:TATASTEEL,LONG,530,2025-08-04T10:00:00+05:30,157.04,2025-08-05T13:00:00+05:30,158.62,breakout_up,breakout_down,837.4,248.98,16.73,50.19,521.5,1.12
NSE:ICICIBANK,SHORT,30,2025-08-04T09:30:00+05:30,1468.4,2025-08-06T09:15:00+05:30,1449.6,breakout_down,breakout_up,564.0,160.36,8.75,26.26,368.62,1.99
NSE:HINDUNILVR,SHORT,20,2025-08-05T09:15:00+05:30,2529.0,2025-08-06T09:15:00+05:30,2540.5,breakout_down,breakout_up,-230.0,175.81,10.14,30.42,-446.37,1.0
NSE:WIPRO,LONG,290,2025-08-04T13:00:00+05:30,244.86,2025-08-06T09:15:00+05:30,243.23,breakout_up,breakout_down,-472.7,220.46,14.15,42.46,-749.77,1.84
NSE:HCLTECH,LONG,25,2025-08-04T13:00:00+05:30,1464.5,2025-08-06T09:30:00+05:30,1464.5,breakout_up,breakout_down,0.0,144.5,7.32,21.97,-173.79,1.85
NSE:TCS,LONG,15,2025-08-04T11:15:00+05:30,3024.2,2025-08-06T10:00:00+05:30,3042.1,breakout_up,breakout_down,268.5,164.23,9.1,27.3,67.88,1.95
NSE:LT,LONG,25,2025-08-04T11:15:00+05:30,3630.5,2025-08-06T11:15:00+05:30,3632.5,breakout_up,breakout_down,50.0,264.9,18.16,54.47,-287.53,2.0
NSE:BANKNIFTY,SHORT,1.5800281201091393,2025-08-01T15:00:00+05:30,55591.55,2025-08-06T13:30:00+05:30,55515.65,breakout_down,breakout_up,119.92,70.31,3.51,17.56,28.55,4.94
NSE:HDFCBANK,SHORT,85,2025-08-04T09:45:00+05:30,500.25,2025-08-06T13:30:00+05:30,495.95,breakout_down,breakout_up,365.5,157.2,8.47,25.4,174.43,2.16
NSE:HINDUNILVR,LONG,20,2025-08-06T09:30:00+05:30,2546.6,2025-08-06T14:15:00+05:30,2528.9,breakout_up,breakout_down,-354.0,65.05,10.15,30.45,-459.65,0.2
NSE:BHARTIARTL,LONG,20,2025-08-04T12:30:00+05:30,1908.0,2025-08-06T14:15:00+05:30,1927.0,breakout_up,breakout_down,380.0,148.33,7.67,23.01,200.99,2.07
NSE:ICICIBANK,LONG,30,2025-08-06T09:30:00+05:30,1452.1,2025-08-07T09:15:00+05:30,1440.5,breakout_up,breakout_down,-348.0,159.59,8.68,26.03,-542.3,0.99
NSE:ITC,SHORT,90,2025-08-05T09:30:00+05:30,414.75,2025-08-07T09:15:00+05:30,413.45,breakout_down,breakout_up,117.0,145.95,7.45,22.36,-58.76,1.99
NSE:SBIN,LONG,75,2025-08-04T15:15:00+05:30,796.8,2025-08-07T12:15:00+05:30,796.85,breakout_up,breakout_down,3.75,195.95,11.95,35.86,-240.01,2.88
NSE:TCS,SHORT,15,2025-08-06T10:15:00+05:30,3036.9,2025-08-07T14:00:00+05:30,3033.8,breakout_down,breakout_up,46.5,164.32,9.11,27.32,-154.24,1.16
NSE:TATASTEEL,SHORT,530,2025-08-06T11:30:00+05:30,157.95,2025-08-07T14:00:00+05:30,158.37,breakout_down,breakout_up,-222.6,249.44,16.76,50.29,-539.1,1.1
NSE:HCLTECH,SHORT,25,2025-08-06T11:30:00+05:30,1460.4,2025-08-07T14:00:00+05:30,1465.7,breakout_down,breakout_up,-132.5,144.43,7.32,21.95,-306.19,1.1
NSE:BANKNIFTY,SHORT,1.592523047777848,2025-08-07T10:00:00+05:30,55173.25,2025-08-07T14:30:00+05:30,55311.3,breakout_down,breakout_up,-219.85,70.33,3.52,17.59,-311.3,0.19
NSE:SBIN,SHORT,75,2025-08-07T13:15:00+05:30,793.6,2025-08-07T14:30:00+05:30,804.45,breakout_down,breakout_up,-813.75,68.23,11.99,35.96,-929.92,0.05
NSE:NIFTY,SHORT,4.477694826105621,2025-08-05T09:45:00+05:30,24605.1,2025-08-07T14:45:00+05:30,24537.1,breakout_down,breakout_up,304.48,76.18,4.4,22.0,201.89,2.21
NSE:SENSEX,SHORT,1.2612757453211283,2025-08-05T09:30:00+05:30,80681.29,2025-08-07T14:45:00+05:30,80407.73,breakout_down,breakout_up,345.03,73.97,4.06,20.32,246.69,2.22
NSE:WIPRO,SHORT,285,2025-08-06T09:30:00+05:30,243.0,2025-08-07T14:45:00+05:30,241.47,breakout_down,breakout_up,436.05,216.53,13.81,41.42,164.29,1.22
NSE:TATACONSUM,SHORT,20,2025-08-06T14:15:00+05:30,1056.7,2025-08-07T14:45:00+05:30,1051.8,breakout_down,breakout_up,98.0,109.98,4.22,12.65,-28.85,1.02
NSE:LT,SHORT,25,2025-08-07T09:15:00+05:30,3620.5,2025-08-07T14:45:00+05:30,3636.0,breakout_down,breakout_up,-387.5,79.13,18.14,54.42,-539.19,0.23
NSE:ICICIBANK,SHORT,30,2025-08-07T09:30:00+05:30,1438.1,2025-08-07T15:00:00+05:30,1440.2,breakout_down,breakout_up,-63.0,62.41,8.63,25.9,-159.95,0.23
NSE:INFY,SHORT,20,2025-08-05T10:00:00+05:30,1459.0,2025-08-07T15:00:00+05:30,1435.8,breakout_down,breakout_up,464.0,127.43,5.79,17.37,313.41,2.21
NSE:ADANIGREEN,SHORT,90,2025-08-05T09:45:00+05:30,977.3,2025-08-07T15:00:00+05:30,938.4,breakout_down,breakout_up,3501.0,254.46,17.24,51.72,3177.58,2.22
NSE:HDFCBANK,LONG,85,2025-08-06T15:15:00+05:30,496.75,2025-08-08T11:00:00+05:30,494.75,breakout_up,breakout_down,-170.0,156.79,8.43,25.28,-360.51,1.82
NSE:TATASTEEL,LONG,520,2025-08-07T14:15:00+05:30,158.83,2025-08-08T12:30:00+05:30,157.15,breakout_up,breakout_down,-873.6,245.78,16.43,49.29,-1185.1,0.93
NSE:SBIN,LONG,70,2025-08-07T15:15:00+05:30,805.6,2025-08-08T13:15:00+05:30,795.0,breakout_up,breakout_down,-742.0,187.69,11.2,33.61,-974.51,0.92
NSE:ADANIGREEN,LONG,100,2025-08-08T09:15:00+05:30,941.0,2025-08-08T13:45:00+05:30,918.0,breakout_up,breakout_down,-2300.0,79.71,18.59,55.77,-2454.07,0.19
NSE:LT,LONG,20,2025-08-07T15:00:00+05:30,3640.9,2025-08-08T14:00:00+05:30,3615.0,breakout_up,breakout_down,-518.0,224.43,14.51,43.54,-800.47,0.96
NSE:NIFTY,LONG,4.488265258873022,2025-08-07T15:00:00+05:30,24592.0,2025-08-08T15:00:00+05:30,24349.2,breakout_up,breakout_down,-1089.75,76.01,4.39,21.97,-1192.12,1.0
NSE:BANKNIFTY,LONG,1.5816174256281914,2025-08-07T14:45:00+05:30,55357.45,2025-08-08T15:00:00+05:30,54985.55,breakout_up,breakout_down,-588.2,70.11,3.49,17.45,-679.26,1.01
NSE:SENSEX,LONG,1.2655451049812665,2025-08-07T15:00:00+05:30,80603.45,2025-08-08T15:00:00+05:30,79811.73,breakout_up,breakout_down,-1001.96,73.83,4.06,20.3,-1100.14,1.0
NSE:WIPRO,LONG,290,2025-08-07T15:00:00+05:30,242.28,2025-08-08T15:00:00+05:30,239.0,breakout_up,breakout_down,-951.2,218.3,13.96,41.87,-1225.32,1.0
NSE:TCS,LONG,15,2025-08-07T14:30:00+05:30,3045.6,2025-08-08T15:15:00+05:30,3031.9,breakout_up,breakout_down,-205.5,164.45,9.12,27.35,-406.41,1.03
NSE:HDFCBANK,SHORT,85,2025-08-08T11:15:00+05:30,494.02,2025-08-11T09:15:00+05:30,496.6,breakout_down,breakout_up,-218.88,156.72,8.42,25.26,-409.27,2.92
NSE:BANKNIFTY,SHORT,1.5817272388155104,2025-08-08T15:15:00+05:30,54925.45,2025-08-11T10:15:00+05:30,55279.0,breakout_down,breakout_up,-559.22,70.09,3.49,17.43,-650.23,2.79
NSE:LT,SHORT,20,2025-08-08T15:00:00+05:30,3604.3,2025-08-11T10:30:00+05:30,3643.0,breakout_down,breakout_up,-774.0,224.26,14.49,43.48,-1056.23,2.81
NSE:ADANIGREEN,SHORT,100,2025-08-08T14:00:00+05:30,915.85,2025-08-11T10:45:00+05:30,928.3,breakout_down,breakout_up,-1245.0,268.15,18.44,55.32,-1586.92,2.86
NSE:ICICIBANK,SHORT,30,2025-08-08T15:15:00+05:30,1432.0,2025-08-11T14:00:00+05:30,1432.1,breakout_down,breakout_up,-3.0,158.61,8.59,25.78,-195.98,2.95
NSE:HINDUNILVR,SHORT,20,2025-08-07T09:15:00+05:30,2526.4,2025-08-11T15:00:00+05:30,2520.8,breakout_down,breakout_up,112.0,175.29,10.09,30.28,-103.67,4.24
NSE:BHARTIARTL,SHORT,20,2025-08-06T14:30:00+05:30,1925.5,2025-08-12T09:30:00+05:30,1862.4,breakout_down,breakout_up,1262.0,147.22,7.58,22.73,1084.48,5.79
NSE:HDFCBANK,LONG,85,2025-08-11T15:00:00+05:30,498.93,2025-08-12T11:00:00+05:30,494.73,breakout_up,breakout_down,-357.0,157.01,8.45,25.34,-547.8,0.83
NSE:HINDUNILVR,LONG,20,2025-08-12T09:30:00+05:30,2530.2,2025-08-12T12:00:00+05:30,2494.2,breakout_up,breakout_down,-720.0,64.83,10.05,30.15,-825.02,0.1
NSE:TATACONSUM,LONG,20,2025-08-07T15:00:00+05:30,1052.6,2025-08-12T12:00:00+05:30,1054.4,breakout_up,breakout_down,36.0,109.95,4.21,12.64,-90.81,4.88
NSE:BANKNIFTY,LONG,1.5580570845359174,2025-08-11T13:45:00+05:30,55343.8,2025-08-12T13:30:00+05:30,55174.95,breakout_up,breakout_down,-263.08,69.84,3.44,17.22,-353.58,0.99
NSE:BHARTIARTL,LONG,20,2025-08-12T09:45:00+05:30,1864.7,2025-08-12T14:00:00+05:30,1849.6,breakout_up,breakout_down,-302.0,60.26,7.43,22.29,-391.97,0.18
NSE:NIFTY,LONG,4.460931178782386,2025-08-11T12:45:00+05:30,24476.25,2025-08-12T14:30:00+05:30,24507.45,breakout_up,breakout_down,139.18,75.97,4.37,21.85,36.99,1.07
NSE:SENSEX,LONG,1.2565774920380248,2025-08-11T13:30:00+05:30,80305.79,2025-08-12T14:30:00+05:30,80303.59,breakout_up,breakout_down,-2.76,73.76,4.04,20.18,-100.74,1.04
NSE:ICICIBANK,LONG,30,2025-08-11T14:15:00+05:30,1433.9,2025-08-12T14:30:00+05:30,1422.1,breakout_up,breakout_down,-354.0,158.37,8.57,25.7,-546.64,1.01
NSE:TCS,LONG,15,2025-08-12T09:15:00+05:30,3063.1,2025-08-12T14:30:00+05:30,3036.5,breakout_up,breakout_down,-399.0,63.28,9.15,27.45,-498.88,0.22
NSE:INFY,LONG,25,2025-08-07T15:15:00+05:30,1441.0,2025-08-12T14:30:00+05:30,1425.7,breakout_up,breakout_down,-382.5,142.8,7.17,21.5,-553.96,4.97
NSE:SBIN,LONG,70,2025-08-11T09:15:00+05:30,818.0,2025-08-12T15:00:00+05:30,820.4,breakout_up,breakout_down,168.0,190.56,11.47,34.41,-68.44,1.24
NSE:WIPRO,LONG,280,2025-08-12T09:30:00+05:30,245.32,2025-08-12T15:15:00+05:30,241.3,breakout_up,breakout_down,-1125.6,71.09,13.63,40.88,-1251.19,0.24
NSE:HCLTECH,LONG,25,2025-08-07T14:15:00+05:30,1468.0,2025-08-12T15:15:00+05:30,1498.0,breakout_up,breakout_down,750.0,145.47,7.42,22.24,574.87,5.04
NSE:LT,LONG,20,2025-08-11T12:45:00+05:30,3660.2,2025-08-12T15:15:00+05:30,3679.8,breakout_up,breakout_down,392.0,226.23,14.68,44.04,107.05,1.1
NSE:ITC,LONG,90,2025-08-08T09:15:00+05:30,414.05,2025-08-13T10:45:00+05:30,414.95,breakout_up,breakout_down,81.0,146.03,7.46,22.38,-94.88,5.06
NSE:ADANIGREEN,LONG,95,2025-08-11T14:45:00+05:30,931.95,2025-08-13T11:15:00+05:30,922.15,breakout_up,breakout_down,-931.0,258.93,17.61,52.84,-1260.39,1.85
NSE:NIFTY,SHORT,4.458157659114547,2025-08-12T14:45:00+05:30,24499.75,2025-08-13T12:30:00+05:30,24620.3,breakout_down,breakout_up,-537.43,75.97,4.38,21.9,-639.68,0.91
NSE:SENSEX,SHORT,1.2558439412415128,2025-08-12T14:45:00+05:30,80272.72,2025-08-13T12:45:00+05:30,80565.11,breakout_down,breakout_up,-367.2,73.75,4.04,20.2,-465.18,0.92
NSE:TATACONSUM,SHORT,20,2025-08-12T14:30:00+05:30,1049.2,2025-08-13T13:30:00+05:30,1056.0,breakout_down,breakout_up,-136.0,109.93,4.21,12.63,-262.77,0.96
NSE:HCLTECH,SHORT,25,2025-08-13T09:15:00+05:30,1492.9,2025-08-13T14:15:00+05:30,1504.5,breakout_down,breakout_up,-290.0,60.37,7.49,22.48,-380.35,0.21
NSE:TATASTEEL,LONG,510,2025-08-12T09:15:00+05:30,160.85,2025-08-13T15:00:00+05:30,160.12,breakout_up,breakout_down,-372.3,245.06,16.37,49.11,-682.84,1.24
NSE:HDFCBANK,SHORT,85,2025-08-12T13:30:00+05:30,494.15,2025-08-14T09:15:00+05:30,496.82,breakout_down,breakout_up,-227.38,156.75,8.42,25.27,-417.82,1.82
NSE:INFY,SHORT,20,2025-08-12T14:45:00+05:30,1424.7,2025-08-14T09:15:00+05:30,1450.5,breakout_down,breakout_up,-516.0,127.07,5.75,17.25,-666.07,1.77
NSE:WIPRO,SHORT,280,2025-08-13T09:15:00+05:30,240.36,2025-08-14T09:15:00+05:30,243.34,breakout_down,breakout_up,-834.4,213.69,13.54,40.63,-1102.27,1.0
NSE:BANKNIFTY,SHORT,1.5575948711127194,2025-08-12T14:00:00+05:30,55133.9,2025-08-14T09:30:00+05:30,55389.5,breakout_down,breakout_up,-398.12,69.82,3.44,17.22,-488.6,1.81
NSE:ICICIBANK,SHORT,30,2025-08-13T09:15:00+05:30,1420.0,2025-08-14T09:45:00+05:30,1427.0,breakout_down,breakout_up,-210.0,158.06,8.54,25.62,-402.22,1.02
NSE:HINDUNILVR,SHORT,20,2025-08-12T12:45:00+05:30,2490.1,2025-08-14T10:15:00+05:30,2503.2,breakout_down,breakout_up,-262.0,174.12,9.99,29.96,-476.07,1.9
NSE:HINDUNILVR,LONG,20,2025-08-14T11:00:00+05:30,2508.2,2025-08-14T13:30:00+05:30,2486.9,breakout_up,breakout_down,-426.0,64.76,9.99,29.97,-530.72,0.1
NSE:TATACONSUM,LONG,20,2025-08-13T13:45:00+05:30,1056.3,2025-08-14T13:45:00+05:30,1049.2,breakout_up,breakout_down,-142.0,109.93,4.21,12.63,-268.78,1.0
NSE:HCLTECH,LONG,25,2025-08-13T14:30:00+05:30,1505.1,2025-08-14T14:00:00+05:30,1494.7,breakout_up,breakout_down,-260.0,146.49,7.5,22.5,-436.48,0.98
NSE:INFY,LONG,20,2025-08-14T10:15:00+05:30,1454.0,2025-08-18T09:15:00+05:30,1445.4,breakout_up,breakout_down,-172.0,127.58,5.8,17.4,-322.78,3.96
NSE:HINDUNILVR,SHORT,20,2025-08-14T13:45:00+05:30,2479.7,2025-08-18T09:15:00+05:30,2552.0,breakout_down,breakout_up,-1446.0,175.07,10.06,30.19,-1661.32,3.81
NSE:TATACONSUM,SHORT,20,2025-08-14T15:15:00+05:30,1045.4,2025-08-18T09:15:00+05:30,1075.2,breakout_down,breakout_up,-596.0,110.3,4.24,12.72,-723.27,3.75
NSE:ADANIGREEN,SHORT,95,2025-08-13T11:45:00+05:30,920.3,2025-08-18T09:15:00+05:30,930.15,breakout_down,breakout_up,-935.75,258.55,17.58,52.74,-1264.61,4.9
NSE:WIPRO,LONG,270,2025-08-14T10:00:00+05:30,245.22,2025-08-18T11:45:00+05:30,245.88,breakout_up,breakout_down,178.2,210.46,13.26,39.78,-85.3,4.07
NSE:TATASTEEL,SHORT,515,2025-08-14T09:15:00+05:30,157.57,2025-08-18T14:45:00+05:30,158.22,breakout_down,breakout_up,-334.75,243.88,16.26,48.79,-643.68,4.23
NSE:HCLTECH,SHORT,25,2025-08-14T14:15:00+05:30,1492.4,2025-08-18T14:45:00+05:30,1489.0,breakout_down,breakout_up,85.0,145.95,7.45,22.36,-90.76,4.02
NSE:INFY,SHORT,20,2025-08-18T10:15:00+05:30,1441.7,2025-08-19T09:15:00+05:30,1442.0,breakout_down,breakout_up,-6.0,127.22,5.77,17.3,-156.29,0.96
NSE:HINDUNILVR,LONG,20,2025-08-18T12:30:00+05:30,2589.0,2025-08-19T09:15:00+05:30,2559.9,breakout_up,breakout_down,-582.0,177.61,10.3,30.89,-800.8,0.86
NSE:ICICIBANK,LONG,30,2025-08-18T09:15:00+05:30,1450.5,2025-08-19T10:00:00+05:30,1430.6,breakout_up,breakout_down,-597.0,159.22,8.64,25.93,-790.79,1.03
NSE:WIPRO,SHORT,270,2025-08-18T12:00:00+05:30,244.98,2025-08-19T13:00:00+05:30,247.24,breakout_down,breakout_up,-610.2,210.86,13.29,39.87,-874.22,1.04
NSE:HDFCBANK,LONG,85,2025-08-14T09:30:00+05:30,498.23,2025-08-19T13:30:00+05:30,498.45,breakout_up,breakout_down,19.12,157.27,8.47,25.42,-172.03,5.17
NSE:ITC,SHORT,90,2025-08-13T11:15:00+05:30,414.3,2025-08-19T13:30:00+05:30,408.75,breakout_down,breakout_up,499.5,145.41,7.41,22.22,324.46,6.09
NSE:BANKNIFTY,LONG,1.522415131523483,2025-08-18T09:15:00+05:30,56087.95,2025-08-20T09:15:00+05:30,55620.7,breakout_up,breakout_down,-711.35,69.52,3.4,17.01,-801.27,2.0
NSE:TCS,SHORT,15,2025-08-12T14:45:00+05:30,3032.7,2025-08-20T09:15:00+05:30,3028.0,breakout_down,breakout_up,70.5,164.15,9.09,27.27,-130.01,7.77
NSE:HCLTECH,SHORT,25,2025-08-19T09:30:00+05:30,1472.8,2025-08-20T13:00:00+05:30,1488.8,breakout_down,breakout_up,-400.0,145.44,7.4,22.21,-575.05,1.15
NSE:HDFCBANK,SHORT,85,2025-08-19T13:45:00+05:30,497.62,2025-08-20T14:00:00+05:30,497.55,breakout_down,breakout_up,6.37,157.13,8.46,25.38,-184.59,1.01
NSE:ITC,LONG,95,2025-08-19T14:15:00+05:30,408.95,2025-08-20T14:30:00+05:30,406.9,breakout_up,breakout_down,-194.75,149.27,7.75,23.25,-375.02,1.01
NSE:ICICIBANK,SHORT,30,2025-08-20T09:15:00+05:30,1426.5,2025-08-21T09:15:00+05:30,1438.7,breakout_down,breakout_up,-366.0,158.67,8.6,25.79,-559.06,1.0
NSE:HINDUNILVR,LONG,20,2025-08-19T13:30:00+05:30,2594.6,2025-08-21T09:15:00+05:30,2641.0,breakout_up,breakout_down,928.0,179.42,10.47,31.41,706.7,1.82
NSE:LT,SHORT,20,2025-08-14T09:15:00+05:30,3680.0,2025-08-21T09:30:00+05:30,3611.4,breakout_down,breakout_up,1372.0,225.07,14.58,43.75,1088.59,7.01
NSE:ADANIGREEN,LONG,90,2025-08-18T09:45:00+05:30,937.5,2025-08-21T13:15:00+05:30,973.8,breakout_up,breakout_down,3267.0,254.03,17.2,51.61,2944.16,3.15
NSE:TATASTEEL,LONG,505,2025-08-19T15:00:00+05:30,159.29,2025-08-21T13:30:00+05:30,161.43,breakout_up,breakout_down,1080.7,243.03,16.2,48.59,772.89,1.94
NSE:SENSEX,LONG,1.2444562376659891,2025-08-13T13:45:00+05:30,80634.59,2025-08-21T15:00:00+05:30,81974.16,breakout_up,breakout_down,1667.04,73.98,4.05,20.24,1568.77,8.05
NSE:SBIN,LONG,70,2025-08-14T10:15:00+05:30,827.3,2025-08-21T15:00:00+05:30,825.75,breakout_up,breakout_down,-108.5,191.72,11.57,34.71,-346.51,7.2
NSE:WIPRO,LONG,265,2025-08-19T13:15:00+05:30,247.39,2025-08-21T15:00:00+05:30,249.81,breakout_up,breakout_down,641.3,209.49,13.18,39.53,379.1,2.07
NSE:LT,LONG,20,2025-08-21T09:45:00+05:30,3632.9,2025-08-21T15:00:00+05:30,3611.0,breakout_up,breakout_down,-438.0,72.68,14.49,43.46,-568.63,0.22
NSE:TCS,LONG,15,2025-08-20T09:30:00+05:30,3037.4,2025-08-21T15:15:00+05:30,3100.0,breakout_up,breakout_down,939.0,165.36,9.21,27.62,736.82,1.24
NSE:NIFTY,LONG,4.409502509465762,2025-08-13T12:45:00+05:30,24625.45,2025-08-22T09:15:00+05:30,24986.8,breakout_up,breakout_down,1593.37,76.13,4.38,21.88,1490.99,8.85
NSE:ICICIBANK,LONG,30,2025-08-21T10:00:00+05:30,1443.6,2025-08-22T09:15:00+05:30,1434.9,breakout_up,breakout_down,-261.0,159.11,8.64,25.91,-454.65,0.97
NSE:HCLTECH,LONG,25,2025-08-20T14:30:00+05:30,1494.8,2025-08-22T09:15:00+05:30,1481.1,breakout_up,breakout_down,-342.5,145.83,7.44,22.32,-518.09,1.78
NSE:TATACONSUM,LONG,20,2025-08-19T12:00:00+05:30,1077.9,2025-08-22T09:15:00+05:30,1085.3,breakout_up,breakout_down,148.0,111.19,4.33,12.98,19.5,2.89
NSE:BHARTIARTL,LONG,20,2025-08-13T09:45:00+05:30,1861.4,2025-08-22T09:30:00+05:30,1927.6,breakout_up,breakout_down,1324.0,147.24,7.58,22.73,1146.45,8.99
NSE:BHARTIARTL,SHORT,20,2025-08-22T10:45:00+05:30,1920.7,2025-08-22T13:30:00+05:30,1941.1,breakout_down,breakout_up,-408.0,60.77,7.72,23.17,-499.66,0.11
NSE:TATACONSUM,SHORT,20,2025-08-22T09:30:00+05:30,1082.6,2025-08-22T14:15:00+05:30,1091.0,breakout_down,breakout_up,-168.0,54.84,4.35,13.04,-240.23,0.2
NSE:INFY,LONG,20,2025-08-19T09:45:00+05:30,1443.4,2025-08-22T15:00:00+05:30,1487.3,breakout_up,breakout_down,878.0,128.2,5.86,17.58,726.36,3.22
NSE:HDFCBANK,SHORT,85,2025-08-22T09:15:00+05:30,494.3,2025-08-25T09:15:00+05:30,494.27,breakout_down,breakout_up,2.13,156.5,8.4,25.21,-187.99,3.0
NSE:TCS,SHORT,15,2025-08-22T09:15:00+05:30,3083.6,2025-08-25T09:15:00+05:30,3110.1,breakout_down,breakout_up,-397.5,166.4,9.29,27.87,-601.06,3.0
NSE:WIPRO,SHORT,265,2025-08-22T09:30:00+05:30,248.37,2025-08-25T09:15:00+05:30,254.1,breakout_down,breakout_up,-1518.45,211.21,13.32,39.95,-1782.92,2.99
NSE:HCLTECH,SHORT,25,2025-08-22T09:30:00+05:30,1473.3,2025-08-25T09:15:00+05:30,1487.5,breakout_down,breakout_up,-355.0,145.41,7.4,22.21,-530.02,2.99
NSE:NIFTY,SHORT,4.40620522434403,2025-08-22T09:30:00+05:30,24981.25,2025-08-25T09:30:00+05:30,24968.1,breakout_down,breakout_up,57.94,76.17,4.4,22.01,-44.64,3.0
NSE:SENSEX,SHORT,1.247378353211481,2025-08-22T09:15:00+05:30,81699.59,2025-08-25T09:30:00+05:30,81618.24,breakout_down,breakout_up,101.47,74.02,4.07,20.37,3.01,3.01
NSE:ITC,SHORT,95,2025-08-20T15:00:00+05:30,406.0,2025-08-25T11:30:00+05:30,400.1,breakout_down,breakout_up,560.5,148.19,7.66,22.97,381.68,4.85
NSE:WIPRO,LONG,250,2025-08-25T09:30:00+05:30,255.99,2025-08-25T14:15:00+05:30,253.8,breakout_up,breakout_down,-547.5,69.6,12.74,38.23,-668.08,0.2
NSE:ICICIBANK,SHORT,30,2025-08-22T09:45:00+05:30,1431.6,2025-08-25T14:45:00+05:30,1434.9,breakout_down,breakout_up,-99.0,158.7,8.6,25.8,-292.1,3.21
NSE:NIFTY,LONG,4.405411333124417,2025-08-25T12:15:00+05:30,24975.65,2025-08-26T09:15:00+05:30,24799.45,breakout_up,breakout_down,-776.23,75.99,4.39,21.93,-878.53,0.88
NSE:SENSEX,LONG,1.2472667020944772,2025-08-25T12:45:00+05:30,81709.31,2025-08-26T09:15:00+05:30,81090.94,breakout_up,breakout_down,-771.27,73.85,4.06,20.31,-869.49,0.85
NSE:HDFCBANK,SHORT,85,2025-08-25T15:00:00+05:30,490.43,2025-08-26T09:15:00+05:30,970.3,breakout_down,breakout_up,-40789.37,204.16,12.42,37.25,-41043.2,0.76
NSE:HINDUNILVR,SHORT,20,2025-08-22T09:15:00+05:30,2635.3,2025-08-26T09:15:00+05:30,2645.3,breakout_down,breakout_up,-200.0,180.5,10.56,31.68,-422.75,4.0
NSE:TATACONSUM,SHORT,20,2025-08-25T15:00:00+05:30,1080.3,2025-08-26T12:00:00+05:30,1088.9,breakout_down,breakout_up,-172.0,111.35,4.34,13.02,-300.71,0.88
NSE:HCLTECH,LONG,25,2025-08-25T09:30:00+05:30,1499.1,2025-08-26T14:30:00+05:30,1490.1,breakout_up,breakout_down,-225.0,146.19,7.47,22.42,-401.08,1.21
NSE:TCS,LONG,15,2025-08-25T09:30:00+05:30,3129.9,2025-08-28T09:15:00+05:30,3118.9,breakout_up,breakout_down,-165.0,167.3,9.37,28.12,-369.79,2.99
NSE:INFY,LONG,20,2025-08-25T09:15:00+05:30,1518.0,2025-08-28T09:15:00+05:30,1513.2,breakout_up,breakout_down,-96.0,130.5,6.06,18.19,-250.75,3.0
NSE:TATACONSUM,LONG,20,2025-08-26T12:15:00+05:30,1091.1,2025-08-28T09:15:00+05:30,1074.1,breakout_up,breakout_down,-340.0,111.28,4.33,12.99,-468.6,1.88
NSE:HINDUNILVR,LONG,20,2025-08-26T09:45:00+05:30,2651.2,2025-08-28T13:15:00+05:30,2659.8,breakout_up,breakout_down,172.0,181.15,10.62,31.87,-51.64,2.15
NSE:WIPRO,SHORT,250,2025-08-25T14:30:00+05:30,253.49,2025-08-29T09:15:00+05:30,252.55,breakout_down,breakout_up,235.0,203.69,12.65,37.95,-19.3,3.78
NSE:TATACONSUM,SHORT,20,2025-08-28T09:45:00+05:30,1071.4,2025-08-29T09:15:00+05:30,1075.5,breakout_down,breakout_up,-82.0,110.85,4.29,12.88,-210.03,0.98
NSE:LT,SHORT,20,2025-08-22T12:00:00+05:30,3601.0,2025-08-29T09:45:00+05:30,3577.2,breakout_down,breakout_up,476.0,222.63,14.36,43.07,195.95,6.91
NSE:HINDUNILVR,LONG,20,2025-08-29T09:15:00+05:30,2707.1,2025-08-29T10:00:00+05:30,2644.4,breakout_up,breakout_down,-1254.0,65.92,10.7,32.11,-1362.74,0.03
NSE:HCLTECH,SHORT,25,2025-08-28T09:15:00+05:30,1462.0,2025-08-29T11:00:00+05:30,1461.1,breakout_down,breakout_up,22.5,144.33,7.31,21.92,-151.06,1.07
NSE:ICICIBANK,SHORT,30,2025-08-26T09:15:00+05:30,1417.0,2025-09-01T09:15:00+05:30,1406.2,breakout_down,breakout_up,324.0,157.22,8.47,25.41,132.9,6.0
NSE:TCS,SHORT,15,2025-08-28T09:45:00+05:30,3110.6,2025-09-01T09:15:00+05:30,3117.1,breakout_down,breakout_up,-97.5,166.94,9.34,28.02,-301.81,3.98
NSE:INFY,SHORT,20,2025-08-28T10:00:00+05:30,1506.5,2025-09-01T09:15:00+05:30,1498.5,breakout_down,breakout_up,160.0,129.9,6.01,18.03,6.06,3.97
NSE:SBIN,SHORT,70,2025-08-21T15:15:00+05:30,824.05,2025-09-01T09:15:00+05:30,806.8,breakout_down,breakout_up,1207.5,189.9,11.42,34.25,971.94,10.75
NSE:TATASTEEL,SHORT,505,2025-08-22T09:15:00+05:30,160.9,2025-09-01T09:15:00+05:30,155.49,breakout_down,breakout_up,2732.05,240.47,15.98,47.93,2427.67,10.0
NSE:WIPRO,SHORT,255,2025-08-29T13:45:00+05:30,249.07,2025-09-01T09:15:00+05:30,251.87,breakout_down,breakout_up,-714.0,205.13,12.77,38.32,-970.23,2.81
NSE:ADANIGREEN,SHORT,90,2025-08-21T14:45:00+05:30,969.2,2025-09-01T09:15:00+05:30,924.95,breakout_down,breakout_up,3982.5,252.27,17.05,51.14,3662.04,10.77
NSE:LT,LONG,25,2025-08-29T10:15:00+05:30,3581.2,2025-09-01T10:00:00+05:30,3589.8,breakout_up,breakout_down,215.0,262.33,17.93,53.78,-119.04,2.99
NSE:BHARTIARTL,SHORT,20,2025-08-25T09:15:00+05:30,1916.6,2025-09-01T10:15:00+05:30,1904.0,breakout_down,breakout_up,252.0,148.02,7.64,22.92,73.41,7.04
NSE:ITC,LONG,95,2025-08-25T11:45:00+05:30,400.5,2025-09-01T11:15:00+05:30,406.45,breakout_up,breakout_down,565.25,148.27,7.67,23.0,386.31,6.98
NSE:NIFTY,SHORT,4.408324815704323,2025-08-26T09:30:00+05:30,24760.45,2025-09-01T12:15:00+05:30,24571.6,breakout_down,breakout_up,832.51,75.89,4.35,21.75,730.52,6.11
NSE:SENSEX,SHORT,1.2479589420428967,2025-08-26T09:30:00+05:30,80969.34,2025-09-01T13:00:00+05:30,80299.27,breakout_down,breakout_up,836.22,73.76,4.03,20.13,738.31,6.15
NSE:TATACONSUM,SHORT,20,2025-08-29T10:00:00+05:30,1056.6,2025-09-01T13:15:00+05:30,1073.8,breakout_down,breakout_up,-344.0,110.5,4.26,12.78,-471.55,3.14
NSE:BANKNIFTY,SHORT,1.5241283790354048,2025-08-22T09:15:00+05:30,55500.75,2025-09-01T14:45:00+05:30,53968.8,breakout_down,breakout_up,2334.89,69.37,3.34,16.68,2245.5,10.23
NSE:HINDUNILVR,SHORT,20,2025-09-01T09:15:00+05:30,2645.8,2025-09-02T09:30:00+05:30,2679.9,breakout_down,breakout_up,-682.0,181.54,10.65,31.95,-906.15,1.01
NSE:TCS,SHORT,15,2025-09-01T14:15:00+05:30,3109.3,2025-09-02T10:00:00+05:30,3131.6,breakout_down,breakout_up,-334.5,167.18,9.36,28.08,-539.13,0.82
NSE:WIPRO,SHORT,250,2025-09-01T14:15:00+05:30,249.91,2025-09-02T11:00:00+05:30,251.64,breakout_down,breakout_up,-432.5,202.5,12.54,37.62,-685.15,0.86
NSE:ICICIBANK,LONG,30,2025-09-01T13:00:00+05:30,1409.9,2025-09-02T12:00:00+05:30,1404.5,breakout_up,breakout_down,-162.0,156.97,8.44,25.33,-352.74,0.96
NSE:INFY,SHORT,20,2025-09-02T09:15:00+05:30,1490.6,2025-09-02T12:00:00+05:30,1507.2,breakout_down,breakout_up,-332.0,57.73,6.0,17.99,-413.71,0.11
NSE:BANKNIFTY,LONG,1.6078575845449399,2025-09-01T15:00:00+05:30,54002.95,2025-09-02T13:15:00+05:30,53885.5,breakout_up,breakout_down,-188.84,70.01,3.47,17.35,-279.67,0.93
NSE:BHARTIARTL,LONG,20,2025-09-02T09:15:00+05:30,1916.6,2025-09-02T13:30:00+05:30,1889.0,breakout_up,breakout_down,-552.0,60.55,7.61,22.83,-643.0,0.18
NSE:NIFTY,LONG,4.4684103133539494,2025-09-01T13:00:00+05:30,24590.5,2025-09-02T13:45:00+05:30,24589.9,breakout_up,breakout_down,-2.68,76.12,4.4,21.98,-105.17,1.03
NSE:SENSEX,LONG,1.2665379820710738,2025-09-01T14:00:00+05:30,80362.78,2025-09-02T13:45:00+05:30,80221.99,breakout_up,breakout_down,-178.32,73.95,4.07,20.34,-276.67,0.99
NSE:SBIN,LONG,70,2025-09-02T09:45:00+05:30,809.2,2025-09-02T13:45:00+05:30,804.55,breakout_up,breakout_down,-325.5,67.07,11.3,33.89,-437.76,0.17
NSE:LT,LONG,20,2025-09-02T10:15:00+05:30,3612.3,2025-09-02T13:45:00+05:30,3576.1,breakout_up,breakout_down,-724.0,72.46,14.38,43.13,-853.96,0.15
NSE:TCS,LONG,15,2025-09-02T10:30:00+05:30,3134.2,2025-09-02T14:15:00+05:30,3108.2,breakout_up,breakout_down,-390.0,63.66,9.36,28.09,-491.11,0.16
NSE:INFY,LONG,20,2025-09-02T12:15:00+05:30,1511.2,2025-09-03T09:15:00+05:30,1489.3,breakout_up,breakout_down,-438.0,129.85,6.0,18.0,-591.85,0.88
NSE:ITC,SHORT,95,2025-09-01T11:30:00+05:30,405.9,2025-09-03T09:15:00+05:30,409.2,breakout_down,breakout_up,-313.5,149.2,7.74,23.23,-493.67,1.91
NSE:HINDUNILVR,LONG,20,2025-09-02T09:45:00+05:30,2684.7,2025-09-03T09:15:00+05:30,2664.7,breakout_up,breakout_down,-400.0,182.05,10.7,32.1,-624.84,0.98
NSE:SBIN,SHORT,70,2025-09-02T14:00:00+05:30,803.6,2025-09-03T09:45:00+05:30,809.0,breakout_down,breakout_up,-378.0,188.6,11.29,33.86,-611.75,0.82
NSE:WIPRO,LONG,245,2025-09-02T11:30:00+05:30,252.15,2025-09-03T10:15:00+05:30,250.5,breakout_up,breakout_down,-404.25,200.01,12.31,36.94,-653.52,0.95
NSE:HCLTECH,LONG,25,2025-09-01T09:15:00+05:30,1467.1,2025-09-03T10:30:00+05:30,1457.2,breakout_up,breakout_down,-247.5,144.39,7.31,21.93,-421.13,2.05
NSE:NIFTY,SHORT,4.469453478751533,2025-09-02T14:00:00+05:30,24561.3,2025-09-03T13:45:00+05:30,24652.95,breakout_down,breakout_up,-409.63,76.11,4.4,22.0,-512.13,0.99
NSE:SENSEX,SHORT,1.2667563700148599,2025-09-02T14:00:00+05:30,80131.17,2025-09-03T13:45:00+05:30,80365.85,breakout_down,breakout_up,-297.28,73.93,4.07,20.33,-395.61,0.99
NSE:BHARTIARTL,SHORT,20,2025-09-02T13:45:00+05:30,1882.6,2025-09-03T14:15:00+05:30,1890.5,breakout_down,breakout_up,-158.0,147.0,7.55,22.64,-335.18,1.02
NSE:BANKNIFTY,SHORT,1.6081856449459617,2025-09-02T13:30:00+05:30,53818.55,2025-09-03T14:30:00+05:30,53930.9,breakout_down,breakout_up,-180.68,69.99,3.47,17.33,-271.46,1.04
NSE:ICICIBANK,SHORT,30,2025-09-02T13:15:00+05:30,1402.1,2025-09-03T15:00:00+05:30,1398.0,breakout_down,breakout_up,123.0,156.47,8.4,25.2,-67.07,1.07
NSE:HCLTECH,SHORT,25,2025-09-03T10:45:00+05:30,1456.6,2025-09-03T15:00:00+05:30,1468.1,breakout_down,breakout_up,-287.5,60.05,7.31,21.94,-376.8,0.18
NSE:LT,SHORT,20,2025-09-02T14:00:00+05:30,3566.0,2025-09-03T15:00:00+05:30,3601.9,breakout_down,breakout_up,-718.0,222.49,14.34,43.01,-997.83,1.04
NSE:TCS,SHORT,15,2025-09-03T10:30:00+05:30,3097.4,2025-09-04T09:15:00+05:30,3106.0,breakout_down,breakout_up,-129.0,166.54,9.31,27.92,-332.76,0.95
NSE:HINDUNILVR,SHORT,20,2025-09-03T14:30:00+05:30,2661.4,2025-09-04T09:15:00+05:30,2727.2,breakout_down,breakout_up,-1316.0,182.99,10.78,32.33,-1542.1,0.78
NSE:TATACONSUM,LONG,15,2025-09-02T09:15:00+05:30,1079.0,2025-09-04T10:00:00+05:30,1090.8,breakout_up,breakout_down,177.0,99.28,3.25,9.76,64.7,2.03
NSE:ADANIGREEN,LONG,100,2025-09-01T14:45:00+05:30,932.15,2025-09-04T13:30:00+05:30,932.9,breakout_up,breakout_down,75.0,270.37,18.65,55.95,-269.98,2.95
NSE:NIFTY,LONG,4.431038977963276,2025-09-03T14:00:00+05:30,24659.0,2025-09-04T14:15:00+05:30,24723.2,breakout_up,breakout_down,284.47,76.02,4.38,21.88,182.19,1.01
NSE:BANKNIFTY,LONG,1.5983751550319238,2025-09-03T14:45:00+05:30,53979.55,2025-09-04T14:15:00+05:30,54009.95,breakout_up,breakout_down,48.59,69.92,3.45,17.26,-42.04,0.98
NSE:SENSEX,LONG,1.2578596874350627,2025-09-03T14:00:00+05:30,80384.36,2025-09-04T14:15:00+05:30,80683.48,breakout_up,breakout_down,376.25,73.89,4.05,20.26,278.04,1.01
NSE:SBIN,LONG,70,2025-09-03T10:00:00+05:30,810.25,2025-09-04T14:15:00+05:30,808.8,breakout_up,breakout_down,-101.5,189.08,11.33,34.0,-335.91,1.18
NSE:TATASTEEL,LONG,540,2025-09-01T13:00:00+05:30,155.67,2025-09-04T15:15:00+05:30,166.7,breakout_up,breakout_down,5956.2,256.13,17.41,52.22,5630.44,3.09
NSE:ITC,LONG,95,2025-09-03T10:00:00+05:30,410.45,2025-09-05T09:15:00+05:30,407.7,breakout_up,breakout_down,-261.25,149.52,7.77,23.32,-441.86,1.97
NSE:ICICIBANK,LONG,30,2025-09-04T09:15:00+05:30,1410.9,2025-09-05T09:30:00+05:30,1401.5,breakout_up,breakout_down,-282.0,156.91,8.44,25.31,-472.66,1.01
NSE:BHARTIARTL,LONG,20,2025-09-04T09:15:00+05:30,1895.5,2025-09-05T10:00:00+05:30,1877.1,breakout_up,breakout_down,-368.0,147.0,7.55,22.64,-545.18,1.03
NSE:LT,LONG,20,2025-09-04T09:15:00+05:30,3611.0,2025-09-05T11:45:00+05:30,3565.7,breakout_up,breakout_down,-906.0,222.7,14.35,43.06,-1186.11,1.1
NSE:TATASTEEL,SHORT,540,2025-09-05T10:00:00+05:30,166.05,2025-09-05T13:45:00+05:30,167.64,breakout_down,breakout_up,-858.6,78.86,18.02,54.06,-1009.54,0.16
NSE:BANKNIFTY,SHORT,1.6004642754280722,2025-09-05T10:00:00+05:30,53882.9,2025-09-05T14:45:00+05:30,54165.75,breakout_down,breakout_up,-452.69,69.92,3.46,17.29,-543.36,0.2
NSE:ICICIBANK,SHORT,30,2025-09-05T09:45:00+05:30,1400.5,2025-09-05T14:45:00+05:30,1404.1,breakout_down,breakout_up,-108.0,62.02,8.41,25.24,-203.67,0.21
NSE:SENSEX,SHORT,1.2595514524735012,2025-09-05T10:00:00+05:30,80496.48,2025-09-08T09:15:00+05:30,80896.3,breakout_down,breakout_up,-503.59,73.91,4.07,20.33,-601.89,2.97
NSE:ITC,SHORT,95,2025-09-05T09:30:00+05:30,407.0,2025-09-08T09:15:00+05:30,408.4,breakout_down,breakout_up,-133.0,149.22,7.75,23.24,-313.2,2.99
NSE:SBIN,SHORT,70,2025-09-05T10:00:00+05:30,807.5,2025-09-08T09:15:00+05:30,810.8,breakout_down,breakout_up,-231.0,189.03,11.33,33.98,-465.34,2.97
NSE:TATACONSUM,SHORT,15,2025-09-04T10:15:00+05:30,1089.0,2025-09-08T11:30:00+05:30,1080.1,breakout_down,breakout_up,133.5,99.28,3.25,9.76,21.21,4.05
NSE:BHARTIARTL,LONG,20,2025-09-05T13:30:00+05:30,1898.8,2025-09-08T11:45:00+05:30,1884.6,breakout_up,breakout_down,-284.0,147.24,7.57,22.7,-461.5,2.93
NSE:NIFTY,SHORT,4.434745643815766,2025-09-05T10:00:00+05:30,24679.35,2025-09-08T12:30:00+05:30,24853.55,breakout_down,breakout_up,-772.53,76.04,4.39,21.97,-874.93,3.1
NSE:TATASTEEL,LONG,515,2025-09-08T09:15:00+05:30,171.51,2025-09-08T14:45:00+05:30,169.27,breakout_up,breakout_down,-1153.6,78.0,17.55,52.65,-1301.8,0.23
NSE:SBIN,LONG,70,2025-09-08T09:30:00+05:30,811.3,2025-09-08T15:15:00+05:30,808.0,breakout_up,breakout_down,-231.0,67.15,11.34,34.01,-343.49,0.24
NSE:TCS,SHORT,15,2025-09-04T14:15:00+05:30,3095.3,2025-09-09T09:15:00+05:30,3040.7,breakout_down,breakout_up,819.0,165.35,9.2,27.61,616.84,4.79
NSE:INFY,SHORT,20,2025-09-03T09:45:00+05:30,1480.5,2025-09-09T09:15:00+05:30,1480.8,breakout_down,breakout_up,-6.0,128.94,5.92,17.77,-158.63,5.98
NSE:WIPRO,SHORT,245,2025-09-03T10:30:00+05:30,249.75,2025-09-09T09:15:00+05:30,248.4,breakout_down,breakout_up,330.75,198.73,12.2,36.61,83.2,5.95
NSE:ADANIGREEN,SHORT,100,2025-09-04T14:15:00+05:30,930.2,2025-09-09T11:45:00+05:30,947.0,breakout_down,breakout_up,-1680.0,271.86,18.77,56.32,-2026.94,4.9
NSE:BANKNIFTY,LONG,1.5817417979766224,2025-09-08T09:15:00+05:30,54178.2,2025-09-09T12:00:00+05:30,54127.25,breakout_up,breakout_down,-80.59,69.74,3.43,17.13,-170.88,1.11
NSE:HCLTECH,SHORT,25,2025-09-04T11:15:00+05:30,1452.5,2025-09-09T12:00:00+05:30,1428.3,breakout_down,breakout_up,605.0,143.12,7.2,21.61,433.08,5.03
NSE:TATACONSUM,SHORT,15,2025-09-08T15:00:00+05:30,1073.2,2025-09-09T14:00:00+05:30,1080.1,breakout_down,breakout_up,-103.5,99.03,3.23,9.69,-215.45,0.96
NSE:SBIN,SHORT,70,2025-09-09T09:15:00+05:30,807.45,2025-09-09T14:15:00+05:30,809.8,breakout_down,breakout_up,-164.5,67.13,11.32,33.96,-276.92,0.21
NSE:HINDUNILVR,SHORT,15,2025-09-05T09:15:00+05:30,2648.0,2025-09-09T15:00:00+05:30,2644.4,breakout_down,breakout_up,54.0,151.34,7.94,23.82,-129.1,4.24
NSE:TATASTEEL,SHORT,515,2025-09-08T15:00:00+05:30,168.84,2025-09-09T15:15:00+05:30,169.45,breakout_down,breakout_up,-314.15,256.75,17.42,52.27,-640.59,1.01
NSE:LT,SHORT,20,2025-09-05T12:30:00+05:30,3556.3,2025-09-10T09:15:00+05:30,3571.7,breakout_down,breakout_up,-308.0,221.57,14.26,42.77,-586.59,4.86
NSE:BHARTIARTL,LONG,20,2025-09-09T12:00:00+05:30,1897.7,2025-09-10T11:45:00+05:30,1889.9,breakout_up,breakout_down,-156.0,147.32,7.58,22.73,-333.62,0.99
NSE:NIFTY,LONG,4.366060812759446,2025-09-08T13:00:00+05:30,24867.8,2025-09-10T14:15:00+05:30,24945.1,breakout_up,breakout_down,337.5,75.85,4.35,21.75,235.55,2.05
NSE:BANKNIFTY,LONG,1.570130377718104,2025-09-10T09:15:00+05:30,54470.35,2025-09-10T14:30:00+05:30,54441.5,breakout_up,breakout_down,-45.3,69.7,3.42,17.1,-135.52,0.22
NSE:SENSEX,LONG,1.2433683464422218,2025-09-08T12:30:00+05:30,81061.55,2025-09-10T14:30:00+05:30,81240.99,breakout_up,breakout_down,223.11,73.78,4.04,20.18,125.12,2.08
NSE:INFY,LONG,20,2025-09-09T09:30:00+05:30,1486.6,2025-09-11T09:15:00+05:30,1516.8,breakout_up,breakout_down,604.0,129.83,6.01,18.02,450.14,1.99
NSE:WIPRO,LONG,245,2025-09-09T09:30:00+05:30,249.1,2025-09-11T09:15:00+05:30,253.1,breakout_up,breakout_down,980.0,199.78,12.3,36.91,731.0,1.99
NSE:BHARTIARTL,SHORT,20,2025-09-10T12:00:00+05:30,1887.9,2025-09-11T12:15:00+05:30,1897.9,breakout_down,breakout_up,-200.0,147.28,7.57,22.71,-377.57,1.01
NSE:TATASTEEL,LONG,505,2025-09-10T10:00:00+05:30,170.44,2025-09-11T13:00:00+05:30,168.65,breakout_up,breakout_down,-903.95,253.48,17.12,51.37,-1225.93,1.12
NSE:ICICIBANK,LONG,25,2025-09-08T09:30:00+05:30,1406.6,2025-09-11T14:30:00+05:30,1401.4,breakout_up,breakout_down,-130.0,141.15,7.02,21.06,-299.23,3.21
NSE:HINDUNILVR,LONG,15,2025-09-10T09:15:00+05:30,2651.0,2025-09-11T14:45:00+05:30,2625.9,breakout_up,breakout_down,-376.5,151.12,7.92,23.75,-559.28,1.23
NSE:WIPRO,SHORT,245,2025-09-11T11:30:00+05:30,252.35,2025-09-11T15:00:00+05:30,254.0,breakout_down,breakout_up,-404.25,69.02,12.41,37.22,-522.89,0.15
NSE:NIFTY,SHORT,4.366619464529635,2025-09-10T14:30:00+05:30,24918.4,2025-09-12T09:15:00+05:30,25059.1,breakout_down,breakout_up,-614.38,75.86,4.36,21.82,-716.43,1.78
NSE:INFY,SHORT,20,2025-09-11T09:45:00+05:30,1511.6,2025-09-12T09:15:00+05:30,1538.5,breakout_down,breakout_up,-538.0,130.96,6.1,18.3,-693.36,0.98
NSE:ITC,LONG,90,2025-09-08T09:30:00+05:30,410.3,2025-09-12T09:15:00+05:30,413.9,breakout_up,breakout_down,324.0,145.53,7.42,22.25,148.79,3.99
NSE:LT,SHORT,20,2025-09-11T12:30:00+05:30,3535.6,2025-09-12T09:15:00+05:30,3567.7,breakout_down,breakout_up,-642.0,221.05,14.21,42.62,-919.87,0.86
NSE:TATACONSUM,LONG,15,2025-09-09T14:15:00+05:30,1081.1,2025-09-12T12:15:00+05:30,1097.9,breakout_up,breakout_down,252.0,99.43,3.27,9.81,139.49,2.92
NSE:BHARTIARTL,LONG,20,2025-09-11T12:45:00+05:30,1902.0,2025-09-12T14:30:00+05:30,1906.0,breakout_up,breakout_down,80.0,147.75,7.62,22.85,-98.22,1.07
NSE:TCS,LONG,15,2025-09-09T09:30:00+05:30,3056.6,2025-09-15T09:15:00+05:30,3115.6,breakout_up,breakout_down,885.0,165.94,9.26,27.77,682.02,5.99
NSE:HCLTECH,LONG,25,2025-09-10T09:15:00+05:30,1454.0,2025-09-15T09:15:00+05:30,1458.6,breakout_up,breakout_down,115.0,144.04,7.28,21.84,-58.16,5.0
NSE:SENSEX,LONG,1.2349177714414374,2025-09-12T09:15:00+05:30,81717.27,2025-09-15T10:30:00+05:30,81816.89,breakout_up,breakout_down,123.02,73.79,4.04,20.2,25.0,3.05
NSE:SBIN,LONG,65,2025-09-10T09:15:00+05:30,812.75,2025-09-15T13:30:00+05:30,822.3,breakout_up,breakout_down,620.75,181.18,10.63,31.88,397.06,5.18
NSE:HINDUNILVR,SHORT,20,2025-09-12T09:15:00+05:30,2592.8,2025-09-15T14:30:00+05:30,2589.4,breakout_down,breakout_up,68.0,178.3,10.36,31.09,-151.75,3.22
NSE:ICICIBANK,LONG,25,2025-09-12T11:00:00+05:30,1408.4,2025-09-15T14:45:00+05:30,1419.0,breakout_up,breakout_down,265.0,141.66,7.07,21.21,95.07,3.16
NSE:HCLTECH,SHORT,25,2025-09-15T10:00:00+05:30,1455.7,2025-09-15T15:00:00+05:30,1467.7,breakout_down,breakout_up,-300.0,60.05,7.31,21.93,-389.28,0.21
NSE:LT,LONG,20,2025-09-12T09:30:00+05:30,3573.0,2025-09-15T15:00:00+05:30,3584.4,breakout_up,breakout_down,228.0,222.18,14.31,42.94,-51.44,3.23
NSE:TCS,SHORT,15,2025-09-15T10:00:00+05:30,3106.0,2025-09-16T09:15:00+05:30,3114.5,breakout_down,breakout_up,-127.5,166.83,9.33,27.99,-331.65,0.97
NSE:BHARTIARTL,SHORT,20,2025-09-12T14:45:00+05:30,1903.6,2025-09-16T09:15:00+05:30,1911.6,breakout_down,breakout_up,-160.0,147.93,7.63,22.89,-338.45,3.77
NSE:WIPRO,SHORT,245,2025-09-12T09:30:00+05:30,251.18,2025-09-16T12:30:00+05:30,252.7,breakout_down,breakout_up,-372.4,200.34,12.35,37.04,-622.12,4.12
NSE:ADANIGREEN,LONG,95,2025-09-10T09:15:00+05:30,966.35,2025-09-16T13:30:00+05:30,985.1,breakout_up,breakout_down,1781.25,269.0,18.54,55.62,1438.09,6.18
NSE:INFY,SHORT,20,2025-09-15T09:15:00+05:30,1506.5,2025-09-16T15:00:00+05:30,1513.0,breakout_down,breakout_up,-130.0,130.25,6.04,18.12,-284.4,1.24
NSE:TATACONSUM,SHORT,15,2025-09-15T10:30:00+05:30,1094.8,2025-09-17T09:15:00+05:30,1123.5,breakout_down,breakout_up,-430.5,100.14,3.33,9.98,-543.95,1.95
NSE:TATASTEEL,LONG,500,2025-09-16T09:15:00+05:30,170.2,2025-09-17T13:45:00+05:30,170.16,breakout_up,breakout_down,-20.0,252.24,17.02,51.05,-340.31,1.19
NSE:HCLTECH,LONG,25,2025-09-16T09:45:00+05:30,1468.9,2025-09-17T14:00:00+05:30,1479.0,breakout_up,breakout_down,252.5,145.01,7.37,22.11,78.02,1.18
NSE:HCLTECH,SHORT,25,2025-09-17T14:15:00+05:30,1478.1,2025-09-18T09:15:00+05:30,1500.2,breakout_down,breakout_up,-552.5,145.91,7.45,22.34,-728.19,0.79
NSE:HINDUNILVR,SHORT,20,2025-09-16T14:45:00+05:30,2573.7,2025-09-18T09:30:00+05:30,2593.8,breakout_down,breakout_up,-402.0,178.01,10.34,31.0,-621.35,1.78
NSE:BHARTIARTL,LONG,15,2025-09-16T10:00:00+05:30,1914.3,2025-09-18T09:30:00+05:30,1935.0,breakout_up,breakout_down,310.5,127.27,5.77,17.32,160.14,1.98
NSE:ADANIGREEN,SHORT,95,2025-09-17T13:15:00+05:30,984.7,2025-09-18T10:45:00+05:30,988.7,breakout_down,breakout_up,-380.0,271.48,18.75,56.24,-726.47,0.9
NSE:ITC,SHORT,90,2025-09-12T10:00:00+05:30,413.2,2025-09-18T11:00:00+05:30,412.85,breakout_down,breakout_up,31.5,145.74,7.43,22.3,-143.98,6.04
NSE:TATACONSUM,LONG,15,2025-09-17T13:45:00+05:30,1133.8,2025-09-18T12:30:00+05:30,1130.0,breakout_up,breakout_down,-57.0,100.87,3.4,10.19,-171.45,0.95
NSE:TATASTEEL,SHORT,500,2025-09-17T14:00:00+05:30,169.98,2025-09-18T13:30:00+05:30,172.04,breakout_down,breakout_up,-1030.0,253.24,17.1,51.3,-1351.64,0.98
NSE:LT,LONG,20,2025-09-16T09:15:00+05:30,3611.2,2025-09-18T13:45:00+05:30,3679.4,breakout_up,breakout_down,1364.0,225.06,14.58,43.74,1080.62,2.19
NSE:TCS,LONG,15,2025-09-16T12:00:00+05:30,3132.5,2025-09-19T09:15:00+05:30,3151.4,breakout_up,breakout_down,283.5,167.85,9.43,28.28,77.95,2.89
NSE:INFY,LONG,20,2025-09-17T09:15:00+05:30,1522.4,2025-09-19T09:15:00+05:30,1532.0,breakout_up,breakout_down,192.0,131.0,6.11,18.33,36.57,2.0
NSE:NIFTY,LONG,4.306611788183031,2025-09-12T11:00:00+05:30,25099.75,2025-09-19T09:45:00+05:30,25316.05,breakout_up,breakout_down,931.52,75.86,4.34,21.71,829.61,6.95
NSE:SENSEX,LONG,1.2306792952733765,2025-09-16T09:30:00+05:30,82018.96,2025-09-19T09:45:00+05:30,82631.34,breakout_up,breakout_down,753.64,73.93,4.05,20.26,655.39,3.01
NSE:HINDUNILVR,LONG,15,2025-09-18T10:00:00+05:30,2600.0,2025-09-19T09:45:00+05:30,2572.7,breakout_up,breakout_down,-409.5,149.38,7.76,23.28,-589.92,0.99
NSE:BANKNIFTY,LONG,1.560751626995762,2025-09-11T12:15:00+05:30,54711.1,2025-09-19T11:00:00+05:30,55434.5,breakout_up,breakout_down,1129.05,69.92,3.44,17.19,1038.49,7.95
NSE:WIPRO,LONG,240,2025-09-16T12:45:00+05:30,252.84,2025-09-19T12:00:00+05:30,255.52,breakout_up,breakout_down,643.2,198.66,12.2,36.6,395.74,2.97
NSE:BHARTIARTL,SHORT,15,2025-09-18T09:45:00+05:30,1927.0,2025-09-19T14:15:00+05:30,1956.2,breakout_down,breakout_up,-438.0,127.89,5.82,17.47,-589.19,1.19
NSE:TATACONSUM,SHORT,15,2025-09-18T13:00:00+05:30,1127.6,2025-09-19T14:30:00+05:30,1127.5,breakout_down,breakout_up,1.5,100.72,3.38,10.15,-112.75,1.06
NSE:INFY,SHORT,20,2025-09-19T09:30:00+05:30,1529.0,2025-09-19T15:00:00+05:30,1540.5,breakout_down,breakout_up,-230.0,57.99,6.14,18.42,-312.55,0.23
NSE:INFY,LONG,20,2025-09-19T15:15:00+05:30,1543.9,2025-09-22T09:15:00+05:30,1504.0,breakout_up,breakout_down,-798.0,130.93,6.1,18.29,-953.31,2.75
NSE:HINDUNILVR,SHORT,15,2025-09-19T11:45:00+05:30,2569.5,2025-09-22T12:15:00+05:30,2582.6,breakout_down,breakout_up,-196.5,149.02,7.73,23.18,-376.43,3.02
NSE:ICICIBANK,SHORT,25,2025-09-15T15:15:00+05:30,1418.0,2025-09-22T12:30:00+05:30,1406.7,breakout_down,breakout_up,282.5,141.58,7.06,21.19,112.67,6.89
NSE:BANKNIFTY,LONG,1.5560501600876195,2025-09-22T09:15:00+05:30,55541.8,2025-09-22T14:30:00+05:30,55252.0,breakout_up,breakout_down,-450.94,69.85,3.45,17.24,-541.48,0.22
NSE:SBIN,LONG,65,2025-09-16T11:30:00+05:30,829.95,2025-09-22T14:30:00+05:30,856.1,breakout_up,breakout_down,1699.75,184.79,10.96,32.88,1471.13,6.12
NSE:ICICIBANK,LONG,25,2025-09-22T12:45:00+05:30,1408.1,2025-09-23T09:15:00+05:30,1399.3,breakout_up,breakout_down,-220.0,141.14,7.02,21.06,-389.21,0.85
NSE:TATASTEEL,SHORT,490,2025-09-19T11:00:00+05:30,170.77,2025-09-23T09:15:00+05:30,172.85,breakout_down,breakout_up,-1019.2,250.31,16.84,50.51,-1336.86,3.93
NSE:HINDUNILVR,LONG,15,2025-09-22T12:30:00+05:30,2584.5,2025-09-23T09:15:00+05:30,2563.5,breakout_up,breakout_down,-315.0,148.96,7.72,23.17,-494.85,0.86
NSE:TATACONSUM,LONG,15,2025-09-22T10:30:00+05:30,1134.5,2025-09-23T09:15:00+05:30,1122.5,breakout_up,breakout_down,-180.0,100.76,3.39,10.16,-294.31,0.95
NSE:BHARTIARTL,LONG,15,2025-09-19T14:30:00+05:30,1963.5,2025-09-23T09:15:00+05:30,1943.2,breakout_up,breakout_down,-304.5,128.27,5.86,17.58,-456.21,3.78
NSE:SBIN,SHORT,65,2025-09-22T14:45:00+05:30,855.4,2025-09-23T12:30:00+05:30,863.0,breakout_down,breakout_up,-494.0,187.29,11.17,33.51,-725.96,0.91
NSE:BANKNIFTY,SHORT,1.5557079468229853,2025-09-23T09:30:00+05:30,55207.0,2025-09-23T13:30:00+05:30,55588.85,breakout_down,breakout_up,-594.05,69.83,3.45,17.24,-684.56,0.17
NSE:LT,SHORT,20,2025-09-18T14:15:00+05:30,3675.2,2025-09-23T13:30:00+05:30,3662.9,breakout_down,breakout_up,246.0,226.2,14.68,44.03,-38.9,4.97
NSE:ADANIGREEN,LONG,90,2025-09-19T09:15:00+05:30,1014.7,2025-09-24T09:15:00+05:30,1116.1,breakout_up,breakout_down,9126.0,275.55,19.18,57.53,8773.74,5.0
NSE:TATACONSUM,SHORT,15,2025-09-24T09:30:00+05:30,1119.5,2025-09-24T11:15:00+05:30,1133.0,breakout_down,breakout_up,-202.5,53.13,3.38,10.14,-269.15,0.07
NSE:HINDUNILVR,SHORT,15,2025-09-23T09:30:00+05:30,2556.5,2025-09-24T11:45:00+05:30,2553.2,breakout_down,breakout_up,49.5,148.3,7.66,22.99,-129.45,1.09
NSE:BHARTIARTL,SHORT,15,2025-09-23T09:30:00+05:30,1933.9,2025-09-24T14:00:00+05:30,1935.6,breakout_down,breakout_up,-25.5,127.63,5.8,17.41,-176.35,1.19
NSE:SBIN,LONG,65,2025-09-23T13:00:00+05:30,867.1,2025-09-24T14:30:00+05:30,866.6,breakout_up,breakout_down,-32.5,188.36,11.27,33.81,-265.93,1.06
NSE:TATASTEEL,LONG,475,2025-09-23T13:00:00+05:30,173.28,2025-09-24T14:45:00+05:30,172.54,breakout_up,breakout_down,-351.5,245.69,16.43,49.28,-662.9,1.07
NSE:INFY,SHORT,20,2025-09-24T09:15:00+05:30,1493.6,2025-09-24T15:00:00+05:30,1494.9,breakout_down,breakout_up,-26.0,57.73,5.98,17.93,-107.64,0.24
NSE:ICICIBANK,SHORT,30,2025-09-24T09:15:00+05:30,1381.9,2025-09-25T09:15:00+05:30,1389.4,breakout_down,breakout_up,-225.0,155.53,8.31,24.94,-413.79,1.0
NSE:TATACONSUM,LONG,15,2025-09-24T12:45:00+05:30,1139.1,2025-09-25T11:45:00+05:30,1129.9,breakout_up,breakout_down,-138.0,100.96,3.4,10.21,-252.57,0.96
NSE:INFY,LONG,20,2025-09-25T09:15:00+05:30,1496.9,2025-09-25T12:30:00+05:30,1484.4,breakout_up,breakout_down,-250.0,57.68,5.96,17.89,-331.53,0.14
NSE:HINDUNILVR,LONG,15,2025-09-24T12:00:00+05:30,2566.0,2025-09-25T13:15:00+05:30,2541.6,breakout_up,breakout_down,-366.0,148.29,7.66,22.98,-544.94,1.05
NSE:LT,LONG,20,2025-09-24T10:00:00+05:30,3679.8,2025-09-25T13:15:00+05:30,3653.7,breakout_up,breakout_down,-522.0,226.15,14.67,44.0,-806.82,1.14
NSE:ITC,SHORT,90,2025-09-19T09:45:00+05:30,410.05,2025-09-26T09:15:00+05:30,401.65,breakout_down,breakout_up,756.0,144.25,7.31,21.92,582.53,6.98
NSE:LT,SHORT,20,2025-09-25T14:45:00+05:30,3640.6,2025-09-26T09:15:00+05:30,3692.7,breakout_down,breakout_up,-1042.0,226.19,14.67,44.0,-1326.85,0.77
NSE:BHARTIARTL,LONG,15,2025-09-25T09:15:00+05:30,1939.2,2025-09-26T10:30:00+05:30,1923.5,breakout_up,breakout_down,-235.5,127.53,5.79,17.38,-386.21,1.05
NSE:LT,LONG,20,2025-09-26T09:45:00+05:30,3708.3,2025-09-29T09:15:00+05:30,3705.4,breakout_up,breakout_down,-58.0,227.9,14.83,44.48,-345.21,2.98
NSE:SBIN,SHORT,65,2025-09-24T14:45:00+05:30,865.4,2025-09-29T09:30:00+05:30,863.95,breakout_down,breakout_up,94.25,188.03,11.24,33.72,-138.75,4.78
NSE:TATASTEEL,SHORT,475,2025-09-25T09:15:00+05:30,172.28,2025-09-29T09:30:00+05:30,169.75,breakout_down,breakout_up,1201.75,243.57,16.25,48.74,893.19,4.01
NSE:WIPRO,SHORT,240,2025-09-19T12:30:00+05:30,254.98,2025-09-29T09:30:00+05:30,238.47,breakout_down,breakout_up,3962.4,194.43,11.84,35.53,3720.6,9.88
NSE:BANKNIFTY,SHORT,1.5431047800715298,2025-09-24T10:30:00+05:30,55215.6,2025-09-29T10:15:00+05:30,54644.9,breakout_down,breakout_up,880.65,69.59,3.39,16.95,790.72,4.99
NSE:TATACONSUM,SHORT,15,2025-09-26T12:15:00+05:30,1123.6,2025-09-29T14:15:00+05:30,1128.4,breakout_down,breakout_up,-72.0,100.67,3.38,10.13,-186.18,3.08
NSE:BANKNIFTY,SHORT,1.5842410133128577,2025-09-29T12:00:00+05:30,54279.5,2025-09-30T09:15:00+05:30,54689.35,breakout_down,breakout_up,-649.3,69.86,3.45,17.26,-739.88,0.89
NSE:ITC,LONG,95,2025-09-26T10:15:00+05:30,402.0,2025-09-30T09:30:00+05:30,403.85,breakout_up,breakout_down,175.75,148.19,7.66,22.97,-3.06,3.97
NSE:HCLTECH,SHORT,25,2025-09-19T09:15:00+05:30,1482.9,2025-09-30T10:45:00+05:30,1400.0,breakout_down,breakout_up,2072.5,143.06,7.21,21.62,1900.61,11.06
NSE:HINDUNILVR,SHORT,15,2025-09-25T14:30:00+05:30,2539.9,2025-09-30T12:00:00+05:30,2523.4,breakout_down,breakout_up,247.5,147.51,7.59,22.78,69.61,4.9
NSE:HCLTECH,LONG,25,2025-09-30T11:00:00+05:30,1402.4,2025-09-30T14:15:00+05:30,1389.6,breakout_up,breakout_down,-320.0,59.47,6.98,20.94,-407.39,0.14
NSE:WIPRO,LONG,270,2025-09-29T09:45:00+05:30,238.9,2025-09-30T15:00:00+05:30,239.4,breakout_up,breakout_down,135.0,206.62,12.91,38.74,-123.28,1.22
NSE:ADANIGREEN,SHORT,90,2025-09-24T09:30:00+05:30,1102.9,2025-09-30T15:15:00+05:30,1032.0,breakout_down,breakout_up,6381.0,276.16,19.21,57.64,6027.98,6.24
NSE:SBIN,LONG,65,2025-09-29T13:00:00+05:30,867.6,2025-10-01T09:15:00+05:30,871.1,breakout_up,breakout_down,227.5,188.7,11.3,33.9,-6.4,1.84
NSE:ICICIBANK,SHORT,30,2025-09-26T09:15:00+05:30,1365.3,2025-10-01T09:45:00+05:30,1359.2,breakout_down,breakout_up,183.0,153.94,8.17,24.52,-3.64,5.02
NSE:NIFTY,SHORT,4.316067574097892,2025-09-22T14:15:00+05:30,25236.4,2025-10-01T11:00:00+05:30,24702.2,breakout_down,breakout_up,2305.64,75.77,4.31,21.55,2204.01,8.86
NSE:SENSEX,SHORT,1.230836809643482,2025-09-19T11:45:00+05:30,82539.35,2025-10-01T11:00:00+05:30,80614.03,breakout_down,breakout_up,2369.75,73.84,4.02,20.08,2271.82,11.97
NSE:ITC,SHORT,95,2025-09-30T10:00:00+05:30,402.65,2025-10-01T11:30:00+05:30,402.8,breakout_down,breakout_up,-14.25,148.16,7.65,22.96,-193.02,1.06
NSE:WIPRO,SHORT,270,2025-10-01T10:30:00+05:30,238.17,2025-10-01T14:00:00+05:30,240.45,breakout_down,breakout_up,-615.6,69.91,12.92,38.77,-737.2,0.15
NSE:TCS,SHORT,15,2025-09-22T09:15:00+05:30,3100.6,2025-10-01T14:15:00+05:30,2912.7,breakout_down,breakout_up,2818.5,163.15,9.02,27.06,2619.27,9.21
NSE:LT,SHORT,20,2025-09-29T09:30:00+05:30,3695.4,2025-10-01T14:15:00+05:30,3670.0,breakout_down,breakout_up,508.0,226.78,14.73,44.19,222.29,2.2
NSE:INFY,SHORT,20,2025-09-25T12:45:00+05:30,1483.3,2025-10-01T14:30:00+05:30,1446.5,breakout_down,breakout_up,736.0,128.19,5.86,17.58,584.37,6.07
NSE:HCLTECH,SHORT,25,2025-09-30T14:30:00+05:30,1388.2,2025-10-01T14:30:00+05:30,1395.0,breakout_down,breakout_up,-170.0,140.46,6.96,20.87,-338.29,1.0
NSE:ICICIBANK,LONG,30,2025-10-01T10:00:00+05:30,1365.0,2025-10-03T09:15:00+05:30,1365.5,breakout_up,breakout_down,15.0,154.15,8.19,24.57,-171.92,1.97
NSE:TATASTEEL,SHORT,490,2025-09-30T10:00:00+05:30,168.43,2025-10-03T09:15:00+05:30,172.7,breakout_down,breakout_up,-2092.3,249.03,16.72,50.15,-2408.19,2.97
NSE:SBIN,SHORT,65,2025-10-01T10:15:00+05:30,867.3,2025-10-03T09:45:00+05:30,872.0,breakout_down,breakout_up,-305.5,188.78,11.31,33.92,-539.5,1.98
NSE:BHARTIARTL,SHORT,15,2025-09-26T13:00:00+05:30,1919.7,2025-10-03T10:15:00+05:30,1875.4,breakout_down,breakout_up,664.5,126.34,5.69,17.08,515.39,6.89
NSE:HCLTECH,SHORT,25,2025-10-03T13:15:00+05:30,1382.0,2025-10-03T15:00:00+05:30,1394.3,breakout_down,breakout_up,-307.5,59.4,6.94,20.82,-394.66,0.07
NSE:ITC,LONG,95,2025-10-01T12:00:00+05:30,403.65,2025-10-06T09:15:00+05:30,402.4,breakout_up,breakout_down,-118.75,148.23,7.66,22.97,-297.61,4.89
NSE:TATASTEEL,LONG,460,2025-10-03T10:30:00+05:30,173.95,2025-10-06T09:15:00+05:30,171.64,breakout_up,breakout_down,-1062.6,239.86,15.9,47.69,-1366.05,2.95
NSE:HINDUNILVR,LONG,15,2025-10-01T09:45:00+05:30,2529.8,2025-10-06T09:15:00+05:30,2521.3,breakout_up,breakout_down,-127.5,147.33,7.58,22.73,-305.14,4.98
NSE:ADANIGREEN,LONG,100,2025-10-01T09:15:00+05:30,1048.6,2025-10-06T10:15:00+05:30,1059.5,breakout_up,breakout_down,1090.0,297.31,21.08,63.24,708.37,5.04
NSE:ICICIBANK,SHORT,30,2025-10-06T11:30:00+05:30,1361.4,2025-10-07T09:15:00+05:30,1374.0,breakout_down,breakout_up,-378.0,154.35,8.21,24.62,-565.17,0.91
NSE:TATASTEEL,SHORT,460,2025-10-06T09:30:00+05:30,170.88,2025-10-07T09:15:00+05:30,171.08,breakout_down,breakout_up,-92.0,237.93,15.73,47.19,-392.86,0.99
NSE:ADANIGREEN,SHORT,100,2025-10-06T10:30:00+05:30,1057.9,2025-10-07T09:15:00+05:30,1086.9,breakout_down,breakout_up,-2900.0,301.68,21.45,64.34,-3287.48,0.95
NSE:HINDUNILVR,LONG,15,2025-10-06T13:45:00+05:30,2549.2,2025-10-07T11:00:00+05:30,2523.6,breakout_up,breakout_down,-384.0,147.71,7.61,22.83,-562.15,0.89
NSE:TATACONSUM,LONG,15,2025-09-29T14:30:00+05:30,1128.8,2025-10-07T11:00:00+05:30,1132.4,breakout_up,breakout_down,54.0,100.82,3.39,10.18,-60.38,7.85
NSE:INFY,LONG,20,2025-10-03T14:30:00+05:30,1446.7,2025-10-07T12:15:00+05:30,1458.8,breakout_up,breakout_down,242.0,127.69,5.81,17.43,91.07,3.91
NSE:NIFTY,LONG,4.494440491826589,2025-10-01T11:15:00+05:30,24723.75,2025-10-07T15:00:00+05:30,25091.0,breakout_up,breakout_down,1650.58,76.81,4.48,22.39,1546.91,6.16
NSE:SENSEX,LONG,1.2873663216935676,2025-10-01T11:15:00+05:30,80674.39,2025-10-07T15:00:00+05:30,81855.14,breakout_up,breakout_down,1520.06,74.87,4.18,20.92,1420.08,6.16
NSE:SBIN,LONG,60,2025-10-06T14:45:00+05:30,875.15,2025-10-07T15:00:00+05:30,863.8,breakout_up,breakout_down,-681.0,179.12,10.43,31.3,-901.86,1.01
NSE:INFY,SHORT,20,2025-10-07T15:00:00+05:30,1454.7,2025-10-08T09:15:00+05:30,1487.5,breakout_down,breakout_up,-656.0,128.57,5.88,17.65,-808.11,0.76
NSE:BANKNIFTY,LONG,1.554735364491251,2025-10-01T09:30:00+05:30,54835.15,2025-10-08T10:45:00+05:30,56010.95,breakout_up,breakout_down,1828.06,70.04,3.45,17.23,1737.33,7.05
NSE:ICICIBANK,LONG,25,2025-10-07T09:30:00+05:30,1377.6,2025-10-08T11:15:00+05:30,1370.5,breakout_up,breakout_down,-177.5,139.49,6.87,20.61,-344.47,1.07
NSE:TATASTEEL,SHORT,460,2025-10-08T11:00:00+05:30,170.62,2025-10-08T12:00:00+05:30,173.06,breakout_down,breakout_up,-1122.4,74.94,15.81,47.43,-1260.57,0.04
NSE:ITC,SHORT,95,2025-10-06T09:45:00+05:30,401.2,2025-10-09T10:00:00+05:30,400.45,breakout_down,breakout_up,71.25,147.75,7.62,22.85,-106.96,3.01
NSE:BHARTIARTL,LONG,15,2025-10-03T11:00:00+05:30,1879.4,2025-10-09T10:00:00+05:30,1933.2,breakout_up,breakout_down,807.0,126.62,5.72,17.16,657.51,5.96
NSE:NIFTY,SHORT,4.498793129116456,2025-10-08T11:00:00+05:30,25042.65,2025-10-09T11:00:00+05:30,25152.55,breakout_down,breakout_up,-494.42,76.87,4.52,22.58,-598.39,1.0
NSE:SENSEX,SHORT,1.2877278640397007,2025-10-08T11:00:00+05:30,81751.22,2025-10-09T11:00:00+05:30,82070.71,breakout_down,breakout_up,-411.42,74.92,4.22,21.1,-511.65,1.0
NSE:ICICIBANK,SHORT,25,2025-10-08T11:30:00+05:30,1368.2,2025-10-09T11:00:00+05:30,1377.3,breakout_down,breakout_up,-227.5,139.42,6.86,20.59,-394.37,0.98
NSE:HINDUNILVR,SHORT,15,2025-10-07T11:15:00+05:30,2521.7,2025-10-09T11:15:00+05:30,2517.8,breakout_down,breakout_up,58.5,147.13,7.56,22.68,-118.86,2.0
NSE:SBIN,SHORT,60,2025-10-08T11:00:00+05:30,859.0,2025-10-09T11:30:00+05:30,863.95,breakout_down,breakout_up,-297.0,178.03,10.34,31.01,-516.38,1.02
NSE:TATACONSUM,SHORT,15,2025-10-07T11:15:00+05:30,1127.0,2025-10-09T13:45:00+05:30,1122.9,breakout_down,breakout_up,61.5,100.63,3.37,10.12,-52.63,2.1
NSE:BANKNIFTY,SHORT,1.5572878694491525,2025-10-08T11:00:00+05:30,55857.55,2025-10-10T09:15:00+05:30,56422.15,breakout_down,breakout_up,-879.24,70.13,3.5,17.49,-970.36,1.93
NSE:TATASTEEL,LONG,435,2025-10-09T09:15:00+05:30,177.16,2025-10-10T09:15:00+05:30,174.11,breakout_up,breakout_down,-1326.75,233.03,15.28,45.84,-1620.9,1.0
NSE:ADANIGREEN,SHORT,100,2025-10-08T09:15:00+05:30,1052.8,2025-10-10T09:45:00+05:30,1060.3,breakout_down,breakout_up,-750.0,298.0,21.13,63.39,-1132.52,2.02
NSE:TATACONSUM,SHORT,15,2025-10-09T15:15:00+05:30,1115.0,2025-10-10T11:15:00+05:30,1125.0,breakout_down,breakout_up,-150.0,100.48,3.36,10.08,-263.92,0.83
NSE:NIFTY,LONG,4.441440896616841,2025-10-10T09:15:00+05:30,25231.7,2025-10-13T09:15:00+05:30,25196.45,breakout_up,breakout_down,-156.56,76.66,4.48,22.4,-260.1,3.0
NSE:BANKNIFTY,LONG,1.5230825778071395,2025-10-10T09:30:00+05:30,56476.8,2025-10-13T09:15:00+05:30,56413.4,breakout_up,breakout_down,-96.56,69.82,3.44,17.19,-187.01,2.99
NSE:SENSEX,LONG,1.2723751851656329,2025-10-10T09:15:00+05:30,82336.72,2025-10-13T09:15:00+05:30,82187.05,breakout_up,breakout_down,-190.44,74.73,4.19,20.93,-290.29,3.0
NSE:INFY,LONG,20,2025-10-08T09:30:00+05:30,1489.8,2025-10-13T09:15:00+05:30,1501.4,breakout_up,breakout_down,232.0,129.59,5.98,17.95,78.48,4.99
NSE:ITC,LONG,95,2025-10-10T09:15:00+05:30,401.65,2025-10-13T09:15:00+05:30,400.45,breakout_up,breakout_down,-114.0,147.81,7.62,22.86,-292.29,3.0
NSE:SBIN,LONG,60,2025-10-10T09:15:00+05:30,870.0,2025-10-13T09:15:00+05:30,877.65,breakout_up,breakout_down,459.0,179.62,10.49,31.46,237.44,3.0
NSE:WIPRO,LONG,265,2025-10-01T14:15:00+05:30,241.18,2025-10-13T09:15:00+05:30,246.19,breakout_up,breakout_down,1327.65,206.55,12.92,38.75,1069.44,11.79
NSE:ADANIGREEN,LONG,95,2025-10-10T13:30:00+05:30,1066.2,2025-10-13T09:15:00+05:30,1051.2,breakout_up,breakout_down,-1425.0,286.76,20.12,60.35,-1792.22,2.82
NSE:LT,LONG,20,2025-10-01T15:15:00+05:30,3685.0,2025-10-13T09:15:00+05:30,3758.3,breakout_up,breakout_down,1466.0,228.44,14.89,44.66,1178.01,11.75
NSE:TCS,LONG,15,2025-10-01T14:30:00+05:30,2921.3,2025-10-13T10:45:00+05:30,3001.0,breakout_up,breakout_down,1195.5,161.76,8.88,26.65,998.21,11.84
NSE:HINDUNILVR,LONG,15,2025-10-09T15:15:00+05:30,2522.4,2025-10-13T10:45:00+05:30,2498.1,breakout_up,breakout_down,-364.5,146.84,7.53,22.59,-541.46,3.81
NSE:TATACONSUM,LONG,15,2025-10-10T12:30:00+05:30,1130.2,2025-10-13T12:15:00+05:30,1118.7,breakout_up,breakout_down,-172.5,100.63,3.37,10.12,-286.62,2.99
NSE:TATASTEEL,SHORT,440,2025-10-13T09:15:00+05:30,171.9,2025-10-13T14:15:00+05:30,172.97,breakout_down,breakout_up,-470.8,73.89,15.17,45.52,-605.39,0.21
NSE:INFY,SHORT,20,2025-10-13T10:00:00+05:30,1494.3,2025-10-14T09:15:00+05:30,1509.6,breakout_down,breakout_up,-306.0,129.91,6.01,18.02,-459.94,0.97
NSE:SBIN,LONG,60,2025-10-13T09:45:00+05:30,885.3,2025-10-14T09:15:00+05:30,881.65,breakout_up,breakout_down,-219.0,180.96,10.6,31.81,-442.36,0.98
NSE:WIPRO,SHORT,265,2025-10-13T09:45:00+05:30,245.13,2025-10-14T09:15:00+05:30,246.6,breakout_down,breakout_up,-389.55,207.96,13.03,39.09,-649.63,0.98
NSE:BHARTIARTL,LONG,15,2025-10-13T09:15:00+05:30,1954.0,2025-10-14T09:45:00+05:30,1944.2,breakout_up,breakout_down,-147.0,128.12,5.85,17.54,-298.51,1.02
NSE:BANKNIFTY,LONG,1.5129126402432156,2025-10-13T14:15:00+05:30,56733.2,2025-10-14T11:00:00+05:30,56428.6,breakout_up,breakout_down,-460.83,69.69,3.42,17.12,-551.07,0.86
NSE:TATASTEEL,LONG,430,2025-10-13T15:15:00+05:30,173.4,2025-10-14T11:00:00+05:30,172.28,breakout_up,breakout_down,-481.6,228.34,14.86,44.59,-769.4,0.82
NSE:NIFTY,LONG,4.427706388620399,2025-10-13T14:15:00+05:30,25251.4,2025-10-14T11:15:00+05:30,25141.55,breakout_up,breakout_down,-486.38,76.52,4.46,22.31,-589.68,0.88
NSE:SENSEX,LONG,1.2676384676574786,2025-10-13T14:15:00+05:30,82416.07,2025-10-14T11:15:00+05:30,82040.32,breakout_up,breakout_down,-476.32,74.59,4.17,20.85,-575.92,0.88
NSE:LT,LONG,20,2025-10-13T14:15:00+05:30,3776.4,2025-10-14T12:15:00+05:30,3746.3,breakout_up,breakout_down,-602.0,230.36,15.05,45.14,-892.55,0.92
NSE:TATACONSUM,SHORT,15,2025-10-13T12:45:00+05:30,1115.5,2025-10-14T14:30:00+05:30,1123.3,breakout_down,breakout_up,-117.0,100.46,3.36,10.07,-230.89,1.07
NSE:HCLTECH,LONG,25,2025-10-06T09:15:00+05:30,1400.4,2025-10-14T14:45:00+05:30,1496.4,breakout_up,breakout_down,2400.0,143.42,7.24,21.73,2227.61,8.23
NSE:NIFTY,SHORT,4.432695124225102,2025-10-14T12:15:00+05:30,25090.35,2025-10-15T09:15:00+05:30,25252.65,breakout_down,breakout_up,-719.43,76.5,4.46,22.32,-822.71,0.88
NSE:BANKNIFTY,SHORT,1.5133125909485208,2025-10-14T11:15:00+05:30,56355.15,2025-10-15T09:15:00+05:30,56633.8,breakout_down,breakout_up,-421.68,69.66,3.42,17.1,-511.87,0.92
NSE:ITC,SHORT,95,2025-10-13T11:15:00+05:30,399.0,2025-10-15T09:15:00+05:30,399.7,breakout_down,breakout_up,-66.5,147.45,7.59,22.76,-244.3,1.92
NSE:ADANIGREEN,SHORT,95,2025-10-14T09:45:00+05:30,1041.3,2025-10-15T09:15:00+05:30,1042.4,breakout_down,breakout_up,-104.5,283.11,19.8,59.39,-466.79,0.98
NSE:BHARTIARTL,SHORT,15,2025-10-14T10:00:00+05:30,1943.3,2025-10-15T09:15:00+05:30,1960.9,breakout_down,breakout_up,-264.0,128.23,5.86,17.57,-415.65,0.97
NSE:LT,SHORT,20,2025-10-14T12:30:00+05:30,3736.6,2025-10-15T09:30:00+05:30,3782.9,breakout_down,breakout_up,-926.0,230.32,15.04,45.12,-1216.47,0.88
NSE:SBIN,SHORT,60,2025-10-14T09:45:00+05:30,878.9,2025-10-15T10:00:00+05:30,882.45,breakout_down,breakout_up,-213.0,180.58,10.57,31.7,-435.85,1.01
NSE:TATASTEEL,SHORT,430,2025-10-14T11:45:00+05:30,171.61,2025-10-15T10:15:00+05:30,172.3,breakout_down,breakout_up,-296.7,227.48,14.79,44.36,-583.33,0.94
NSE:SENSEX,SHORT,1.2690671498502717,2025-10-14T12:15:00+05:30,81870.83,2025-10-15T10:30:00+05:30,82458.14,breakout_down,breakout_up,-745.34,74.58,4.17,20.85,-844.94,0.93
NSE:HCLTECH,SHORT,25,2025-10-14T15:15:00+05:30,1492.0,2025-10-16T09:15:00+05:30,1505.1,breakout_down,breakout_up,-327.5,146.42,7.49,22.48,-503.89,1.75
NSE:HINDUNILVR,LONG,15,2025-10-14T11:45:00+05:30,2502.5,2025-10-16T11:30:00+05:30,2508.5,breakout_up,breakout_down,90.0,146.65,7.52,22.55,-86.71,1.99
NSE:TATACONSUM,SHORT,15,2025-10-15T15:15:00+05:30,1112.2,2025-10-16T12:00:00+05:30,1122.7,breakout_down,breakout_up,-157.5,100.39,3.35,10.06,-271.3,0.86
NSE:INFY,SHORT,20,2025-10-15T09:15:00+05:30,1486.4,2025-10-16T14:15:00+05:30,1473.3,breakout_down,breakout_up,262.0,128.89,5.92,17.76,109.43,1.21
NSE:WIPRO,LONG,260,2025-10-14T10:45:00+05:30,248.98,2025-10-17T09:15:00+05:30,242.91,breakout_up,breakout_down,-1578.2,205.36,12.79,38.37,-1834.72,2.94
NSE:HCLTECH,LONG,25,2025-10-16T10:45:00+05:30,1512.4,2025-10-17T09:15:00+05:30,1488.4,breakout_up,breakout_down,-600.0,146.54,7.5,22.51,-776.55,0.94
NSE:ADANIGREEN,LONG,95,2025-10-15T12:15:00+05:30,1046.2,2025-10-17T09:15:00+05:30,1054.5,breakout_up,breakout_down,788.5,284.83,19.96,59.87,423.84,1.88
NSE:TCS,SHORT,15,2025-10-14T10:00:00+05:30,2998.7,2025-10-17T10:15:00+05:30,2977.9,breakout_down,breakout_up,312.0,162.73,8.96,26.89,113.41,3.01
NSE:TATASTEEL,LONG,425,2025-10-15T10:45:00+05:30,173.35,2025-10-17T12:30:00+05:30,172.85,breakout_up,breakout_down,-212.5,226.65,14.71,44.14,-498.0,2.07
NSE:LT,LONG,20,2025-10-15T10:30:00+05:30,3808.0,2025-10-17T13:00:00+05:30,3843.0,breakout_up,breakout_down,700.0,233.12,15.3,45.91,405.67,2.1
NSE:ICICIBANK,LONG,25,2025-10-10T09:30:00+05:30,1379.2,2025-10-20T09:15:00+05:30,1408.4,breakout_up,breakout_down,730.0,140.52,6.97,20.91,561.61,9.99
NSE:INFY,SHORT,20,2025-10-17T09:15:00+05:30,1453.3,2025-10-20T09:15:00+05:30,1458.5,breakout_down,breakout_up,-104.0,127.85,5.82,17.47,-255.15,3.0
NSE:HINDUNILVR,LONG,15,2025-10-16T12:15:00+05:30,2538.9,2025-10-20T09:45:00+05:30,2595.2,breakout_up,breakout_down,844.5,148.64,7.7,23.1,665.05,3.9
NSE:HCLTECH,SHORT,25,2025-10-17T15:00:00+05:30,1484.4,2025-10-20T12:15:00+05:30,1506.7,breakout_down,breakout_up,-557.5,146.27,7.48,22.43,-733.68,2.89
NSE:WIPRO,SHORT,260,2025-10-17T11:30:00+05:30,241.65,2025-10-21T13:45:00+05:30,242.04,breakout_down,breakout_up,-101.4,202.88,12.58,37.73,-354.59,4.09
NSE:ADANIGREEN,SHORT,95,2025-10-17T10:15:00+05:30,1047.7,2025-10-21T13:45:00+05:30,1038.6,breakout_down,breakout_up,864.5,283.31,19.82,59.46,501.91,4.15
NSE:BANKNIFTY,LONG,1.494425350830646,2025-10-15T10:15:00+05:30,56725.9,2025-10-21T14:30:00+05:30,57908.5,breakout_up,breakout_down,1767.31,69.9,3.43,17.13,1676.85,6.18
NSE:HCLTECH,LONG,25,2025-10-20T12:30:00+05:30,1507.6,2025-10-21T14:30:00+05:30,1486.5,breakout_up,breakout_down,-527.5,146.35,7.49,22.46,-703.79,1.08
NSE:TATASTEEL,SHORT,425,2025-10-17T12:45:00+05:30,172.24,2025-10-23T09:15:00+05:30,175.27,breakout_down,breakout_up,-1287.75,227.35,14.77,44.31,-1574.17,5.85
NSE:HINDUNILVR,SHORT,15,2025-10-20T14:45:00+05:30,2592.4,2025-10-23T09:15:00+05:30,2627.3,breakout_down,breakout_up,-523.5,150.17,7.83,23.49,-704.99,2.77
NSE:BHARTIARTL,LONG,15,2025-10-15T12:45:00+05:30,1964.9,2025-10-23T10:30:00+05:30,2035.9,breakout_up,breakout_down,1065.0,129.74,6.0,18.0,911.26,7.91
NSE:TATACONSUM,LONG,15,2025-10-16T12:15:00+05:30,1129.7,2025-10-23T13:45:00+05:30,1167.3,breakout_up,breakout_down,564.0,101.37,3.45,10.34,448.84,7.06
NSE:NIFTY,LONG,4.368091932669932,2025-10-15T10:15:00+05:30,25273.65,2025-10-23T14:00:00+05:30,25958.55,breakout_up,breakout_down,2991.71,76.92,4.48,22.38,2887.93,8.16
NSE:SENSEX,LONG,1.248613303588548,2025-10-15T10:45:00+05:30,82537.3,2025-10-23T14:00:00+05:30,84767.56,breakout_up,breakout_down,2784.73,74.94,4.18,20.89,2684.72,8.14
NSE:BANKNIFTY,LONG,1.481722896878997,2025-10-23T09:15:00+05:30,58340.5,2025-10-23T14:15:00+05:30,58104.6,breakout_up,breakout_down,-349.54,69.87,3.45,17.25,-440.12,0.21
NSE:INFY,LONG,20,2025-10-20T10:00:00+05:30,1465.5,2025-10-23T15:00:00+05:30,1526.8,breakout_up,breakout_down,1226.0,129.54,5.98,17.95,1072.52,3.21
NSE:WIPRO,LONG,255,2025-10-23T09:15:00+05:30,244.72,2025-10-23T15:00:00+05:30,244.06,breakout_up,breakout_down,-168.3,69.15,12.46,37.39,-287.3,0.24
NSE:HCLTECH,LONG,20,2025-10-23T09:15:00+05:30,1524.0,2025-10-23T15:00:00+05:30,1522.2,breakout_up,breakout_down,-36.0,57.93,6.09,18.28,-118.3,0.24
NSE:ADANIGREEN,LONG,95,2025-10-23T10:15:00+05:30,1057.4,2025-10-23T15:00:00+05:30,1042.2,breakout_up,breakout_down,-1444.0,82.19,19.95,59.84,-1605.98,0.2
NSE:LT,LONG,20,2025-10-20T10:30:00+05:30,3882.8,2025-10-23T15:00:00+05:30,3912.6,breakout_up,breakout_down,596.0,236.33,15.59,46.77,297.3,3.19
NSE:SBIN,LONG,60,2025-10-15T10:15:00+05:30,882.75,2025-10-23T15:15:00+05:30,909.1,breakout_up,breakout_down,1581.0,182.48,10.75,32.25,1355.52,8.21
NSE:ITC,LONG,95,2025-10-15T10:30:00+05:30,400.2,2025-10-24T09:15:00+05:30,414.5,breakout_up,breakout_down,1358.5,149.03,7.74,23.22,1178.51,8.95
NSE:TATASTEEL,SHORT,410,2025-10-23T15:00:00+05:30,173.93,2025-10-24T09:15:00+05:30,175.35,breakout_down,breakout_up,-582.2,222.31,14.32,42.96,-861.79,0.76
NSE:HINDUNILVR,LONG,15,2025-10-23T10:30:00+05:30,2640.4,2025-10-24T09:15:00+05:30,2507.9,breakout_up,breakout_down,-1987.5,149.09,7.72,23.17,-2167.48,0.95
NSE:BHARTIARTL,SHORT,15,2025-10-23T10:45:00+05:30,2031.8,2025-10-24T11:30:00+05:30,2025.8,breakout_down,breakout_up,90.0,130.76,6.09,18.26,-65.1,1.03
NSE:TATACONSUM,SHORT,15,2025-10-23T14:45:00+05:30,1162.9,2025-10-24T15:00:00+05:30,1155.0,breakout_down,breakout_up,118.5,101.76,3.48,10.43,2.84,1.01
NSE:NIFTY,SHORT,4.366368728513345,2025-10-23T14:15:00+05:30,25943.05,2025-10-27T09:15:00+05:30,25889.05,breakout_down,breakout_up,235.78,77.0,4.53,22.63,131.62,3.79
NSE:BANKNIFTY,SHORT,1.4820690775122578,2025-10-23T15:00:00+05:30,58030.8,2025-10-27T09:15:00+05:30,57980.8,breakout_down,breakout_up,74.1,69.83,3.44,17.19,-16.36,3.76
NSE:SENSEX,SHORT,1.2483235339367957,2025-10-23T14:15:00+05:30,84700.69,2025-10-27T09:15:00+05:30,84510.55,breakout_down,breakout_up,237.36,75.02,4.22,21.12,136.99,3.79
NSE:ICICIBANK,SHORT,25,2025-10-20T14:15:00+05:30,1396.7,2025-10-27T09:15:00+05:30,1383.1,breakout_down,breakout_up,340.0,140.33,6.95,20.85,171.87,6.79
NSE:SBIN,SHORT,60,2025-10-24T10:00:00+05:30,907.7,2025-10-27T09:15:00+05:30,913.3,breakout_down,breakout_up,-336.0,184.57,10.93,32.78,-564.27,2.97
NSE:LT,SHORT,20,2025-10-24T14:45:00+05:30,3901.2,2025-10-27T09:30:00+05:30,3936.5,breakout_down,breakout_up,-706.0,237.37,15.68,47.03,-1006.07,2.78
NSE:HCLTECH,LONG,20,2025-10-27T09:15:00+05:30,1531.1,2025-10-27T14:45:00+05:30,1532.7,breakout_up,breakout_down,32.0,58.0,6.13,18.38,-50.51,0.23
NSE:HINDUNILVR,SHORT,15,2025-10-27T14:00:00+05:30,2507.0,2025-10-28T09:15:00+05:30,2521.7,breakout_down,breakout_up,-220.5,146.97,7.54,22.63,-397.64,0.8
NSE:NIFTY,LONG,4.372413019936565,2025-10-27T09:30:00+05:30,25937.2,2025-10-28T10:00:00+05:30,25905.25,breakout_up,breakout_down,-139.7,77.02,4.53,22.67,-243.92,1.02
NSE:BANKNIFTY,LONG,1.4811766750636273,2025-10-27T10:00:00+05:30,58054.75,2025-10-28T10:00:00+05:30,57928.95,breakout_up,breakout_down,-186.33,69.79,3.44,17.18,-276.74,1.0
NSE:SENSEX,LONG,1.2501438598777779,2025-10-27T09:30:00+05:30,84686.61,2025-10-28T10:00:00+05:30,84562.95,breakout_up,breakout_down,-154.59,75.03,4.23,21.16,-255.01,1.02
NSE:ITC,LONG,90,2025-10-24T15:15:00+05:30,417.8,2025-10-28T10:30:00+05:30,418.4,breakout_up,breakout_down,54.0,146.75,7.53,22.58,-122.86,3.8
NSE:TCS,LONG,15,2025-10-17T11:15:00+05:30,2987.0,2025-10-28T10:45:00+05:30,3061.1,breakout_up,breakout_down,1111.5,163.86,9.07,27.22,911.35,10.98
NSE:TATACONSUM,LONG,15,2025-10-27T09:15:00+05:30,1162.7,2025-10-28T12:00:00+05:30,1161.4,breakout_up,breakout_down,-19.5,101.87,3.49,10.46,-135.32,1.11
NSE:BANKNIFTY,SHORT,1.4822863775429316,2025-10-28T10:45:00+05:30,57825.15,2025-10-28T15:00:00+05:30,58244.35,breakout_down,breakout_up,-621.37,69.78,3.44,17.2,-711.8,0.18
NSE:INFY,SHORT,20,2025-10-23T15:15:00+05:30,1525.0,2025-10-28T15:00:00+05:30,1501.8,breakout_down,breakout_up,464.0,130.36,6.05,18.16,309.42,4.99
NSE:NIFTY,SHORT,4.375639015758151,2025-10-28T10:45:00+05:30,25862.5,2025-10-28T15:15:00+05:30,25965.4,breakout_down,breakout_up,-450.25,77.0,4.54,22.68,-554.47,0.19
NSE:SENSEX,SHORT,1.2520720397191747,2025-10-28T11:00:00+05:30,84353.13,2025-10-28T15:15:00+05:30,84711.98,breakout_down,breakout_up,-449.31,75.02,4.23,21.17,-549.72,0.18
NSE:ICICIBANK,SHORT,25,2025-10-28T09:15:00+05:30,1363.3,2025-10-28T15:15:00+05:30,1366.2,breakout_down,breakout_up,-72.5,59.22,6.82,20.47,-159.01,0.25
NSE:WIPRO,SHORT,255,2025-10-24T13:15:00+05:30,243.3,2025-10-29T09:15:00+05:30,243.07,breakout_down,breakout_up,58.65,200.94,12.4,37.21,-191.9,4.83
NSE:HCLTECH,SHORT,20,2025-10-28T10:00:00+05:30,1530.3,2025-10-29T09:15:00+05:30,1532.1,breakout_down,breakout_up,-36.0,131.19,6.12,18.37,-191.69,0.97
NSE:ADANIGREEN,SHORT,95,2025-10-24T09:15:00+05:30,1041.3,2025-10-29T09:15:00+05:30,1025.3,breakout_down,breakout_up,1520.0,281.18,19.63,58.9,1160.29,5.0
NSE:TCS,SHORT,15,2025-10-28T11:00:00+05:30,3053.0,2025-10-29T10:30:00+05:30,3068.0,breakout_down,breakout_up,-225.0,165.17,9.18,27.54,-426.9,0.98
NSE:ITC,SHORT,90,2025-10-28T10:45:00+05:30,417.9,2025-10-29T10:30:00+05:30,419.35,breakout_down,breakout_up,-130.5,146.87,7.54,22.61,-307.51,0.99
NSE:LT,LONG,20,2025-10-28T09:15:00+05:30,3951.9,2025-10-29T13:00:00+05:30,3932.0,breakout_up,breakout_down,-398.0,238.38,15.77,47.3,-699.45,1.16
NSE:NIFTY,LONG,4.3295714422402325,2025-10-29T09:15:00+05:30,26010.0,2025-10-30T09:15:00+05:30,25978.7,breakout_up,breakout_down,-135.52,76.81,4.5,22.51,-239.33,1.0
NSE:SENSEX,LONG,1.2385831438702013,2025-10-29T09:15:00+05:30,84829.28,2025-10-30T09:15:00+05:30,84735.04,breakout_up,breakout_down,-116.72,74.83,4.2,21.0,-216.75,1.0
NSE:TCS,LONG,15,2025-10-29T12:30:00+05:30,3075.3,2025-10-30T09:15:00+05:30,3053.1,breakout_up,breakout_down,-333.0,165.31,9.19,27.58,-535.08,0.86
NSE:INFY,LONG,20,2025-10-29T09:15:00+05:30,1506.3,2025-10-30T09:15:00+05:30,1502.0,breakout_up,breakout_down,-86.0,129.99,6.02,18.05,-240.06,1.0
NSE:TATASTEEL,LONG,400,2025-10-24T09:30:00+05:30,175.62,2025-10-30T09:15:00+05:30,183.75,breakout_up,breakout_down,3252.0,222.62,14.37,43.12,2971.88,5.99
NSE:TATACONSUM,LONG,15,2025-10-28T15:00:00+05:30,1169.9,2025-10-30T09:15:00+05:30,1171.3,breakout_up,breakout_down,21.0,102.15,3.51,10.54,-95.2,1.76
NSE:BHARTIARTL,LONG,15,2025-10-24T12:30:00+05:30,2032.3,2025-10-30T09:15:00+05:30,2068.2,breakout_up,breakout_down,538.5,131.44,6.15,18.45,382.46,5.86
NSE:HCLTECH,LONG,20,2025-10-29T10:15:00+05:30,1540.2,2025-10-30T09:30:00+05:30,1544.3,breakout_up,breakout_down,82.0,131.68,6.17,18.51,-74.35,0.97
NSE:BANKNIFTY,LONG,1.4587522782807878,2025-10-28T15:15:00+05:30,58271.55,2025-10-30T09:45:00+05:30,58088.7,breakout_up,breakout_down,-266.73,69.51,3.39,16.97,-356.61,1.77
NSE:ADANIGREEN,LONG,95,2025-10-29T09:30:00+05:30,1040.0,2025-10-30T10:45:00+05:30,1092.9,breakout_up,breakout_down,5025.5,287.92,20.26,60.79,4656.53,1.05
NSE:TATASTEEL,SHORT,400,2025-10-30T09:30:00+05:30,183.29,2025-10-30T14:30:00+05:30,184.33,breakout_down,breakout_up,-416.0,73.07,14.7,44.11,-547.89,0.21
NSE:SBIN,LONG,60,2025-10-27T10:00:00+05:30,916.0,2025-10-30T15:00:00+05:30,933.9,breakout_up,breakout_down,1074.0,186.39,11.1,33.3,843.21,3.21
NSE:WIPRO,SHORT,255,2025-10-30T09:30:00+05:30,241.66,2025-10-30T15:15:00+05:30,242.0,breakout_down,breakout_up,-86.7,68.92,12.33,37.0,-204.96,0.24
NSE:ICICIBANK,LONG,25,2025-10-29T13:30:00+05:30,1369.9,2025-10-31T09:15:00+05:30,1357.5,breakout_up,breakout_down,-310.0,138.92,6.82,20.46,-476.2,1.82
NSE:TCS,SHORT,15,2025-10-30T09:30:00+05:30,3046.9,2025-10-31T09:15:00+05:30,3063.6,breakout_down,breakout_up,-250.5,165.0,9.17,27.5,-452.16,0.99
NSE:HCLTECH,SHORT,20,2025-10-30T09:45:00+05:30,1541.7,2025-10-31T09:15:00+05:30,1554.3,breakout_down,breakout_up,-252.0,131.96,6.19,18.58,-408.72,0.98
NSE:TATACONSUM,LONG,15,2025-10-30T14:30:00+05:30,1176.0,2025-10-31T12:30:00+05:30,1161.4,breakout_up,breakout_down,-219.0,102.11,3.51,10.52,-335.13,0.92
NSE:BHARTIARTL,SHORT,15,2025-10-30T12:00:00+05:30,2059.3,2025-10-31T12:45:00+05:30,2072.3,breakout_down,breakout_up,-195.0,132.01,6.2,18.59,-351.8,1.03
NSE:WIPRO,LONG,255,2025-10-31T09:15:00+05:30,242.75,2025-10-31T15:00:00+05:30,240.52,breakout_up,breakout_down,-568.65,68.85,12.32,36.97,-686.8,0.24
NSE:ITC,LONG,90,2025-10-29T10:45:00+05:30,419.6,2025-11-03T09:15:00+05:30,418.7,breakout_up,breakout_down,-81.0,146.97,7.54,22.63,-258.15,4.94
NSE:HINDUNILVR,SHORT,15,2025-10-28T10:15:00+05:30,2504.0,2025-11-03T09:45:00+05:30,2473.0,breakout_down,breakout_up,465.0,146.05,7.47,22.4,289.08,5.98
NSE:ADANIGREEN,LONG,90,2025-10-30T15:00:00+05:30,1141.6,2025-11-03T10:15:00+05:30,1133.3,breakout_up,breakout_down,-747.0,290.7,20.47,61.42,-1119.6,3.8
NSE:BANKNIFTY,SHORT,1.4588318646553458,2025-10-30T14:45:00+05:30,58024.65,2025-11-03T10:30:00+05:30,58115.75,breakout_down,breakout_up,-132.9,69.48,3.39,16.94,-222.72,3.82
NSE:LT,LONG,20,2025-10-30T09:15:00+05:30,4048.5,2025-11-03T12:00:00+05:30,3997.3,breakout_up,breakout_down,-1024.0,242.02,16.09,48.27,-1330.39,4.11
NSE:NIFTY,SHORT,4.335139476198643,2025-10-30T09:30:00+05:30,25921.55,2025-11-03T14:15:00+05:30,25783.65,breakout_down,breakout_up,597.82,76.75,4.48,22.41,494.17,4.2
NSE:SENSEX,SHORT,1.239704489096195,2025-10-30T09:30:00+05:30,84578.23,2025-11-03T14:15:00+05:30,84070.07,breakout_down,breakout_up,629.97,74.77,4.18,20.91,530.11,4.2
NSE:BHARTIARTL,SHORT,15,2025-10-31T15:00:00+05:30,2053.1,2025-11-03T14:15:00+05:30,2075.4,breakout_down,breakout_up,-334.5,131.97,6.19,18.58,-491.24,2.97
NSE:BANKNIFTY,LONG,1.4520458986529154,2025-11-03T13:00:00+05:30,58142.9,2025-11-04T09:30:00+05:30,57939.15,breakout_up,breakout_down,-295.85,69.35,3.37,16.86,-385.44,0.85
NSE:SBIN,LONG,55,2025-10-31T11:15:00+05:30,943.5,2025-11-04T11:30:00+05:30,942.65,breakout_up,breakout_down,-46.75,178.41,10.37,31.12,-266.66,4.01
NSE:TCS,SHORT,15,2025-11-03T10:15:00+05:30,3033.4,2025-11-06T09:15:00+05:30,3008.0,breakout_down,breakout_up,381.0,163.8,9.06,27.19,180.95,2.96
NSE:BHARTIARTL,LONG,15,2025-11-04T09:15:00+05:30,2132.2,2025-11-06T09:45:00+05:30,2096.5,breakout_up,breakout_down,-535.5,133.66,6.34,19.03,-694.53,2.02
NSE:WIPRO,SHORT,255,2025-11-03T09:15:00+05:30,240.3,2025-11-06T12:45:00+05:30,240.3,breakout_down,breakout_up,-0.0,199.31,12.26,36.77,-248.34,3.15
NSE:TCS,LONG,15,2025-11-06T12:30:00+05:30,3017.9,2025-11-07T09:15:00+05:30,2972.9,breakout_up,breakout_down,-675.0,163.04,8.99,26.96,-873.98,0.86
NSE:SBIN,LONG,55,2025-11-04T13:15:00+05:30,954.65,2025-11-07T09:15:00+05:30,953.0,breakout_up,breakout_down,-90.75,179.73,10.49,31.48,-312.45,2.83
NSE:ICICIBANK,SHORT,25,2025-10-31T10:15:00+05:30,1354.2,2025-11-07T09:30:00+05:30,1328.6,breakout_down,breakout_up,640.0,137.61,6.71,20.12,475.56,6.97
NSE:TATASTEEL,SHORT,400,2025-10-31T10:30:00+05:30,182.52,2025-11-07T11:15:00+05:30,178.0,breakout_down,breakout_up,1808.0,223.24,14.42,43.26,1527.07,7.03
NSE:BANKNIFTY,SHORT,1.4528366210493593,2025-11-04T11:30:00+05:30,57846.75,2025-11-07T11:30:00+05:30,57762.65,breakout_down,breakout_up,122.18,69.31,3.36,16.8,32.71,3.0
NSE:SBIN,SHORT,55,2025-11-07T09:30:00+05:30,949.0,2025-11-07T13:30:00+05:30,963.75,breakout_down,breakout_up,-811.25,65.65,10.52,31.56,-918.98,0.17
NSE:TATACONSUM,LONG,15,2025-11-03T12:45:00+05:30,1183.9,2025-11-07T13:30:00+05:30,1170.2,breakout_up,breakout_down,-205.5,102.38,3.53,10.59,-322.01,4.03
NSE:INFY,SHORT,20,2025-10-30T09:30:00+05:30,1494.8,2025-11-07T14:15:00+05:30,1479.6,breakout_down,breakout_up,304.0,129.21,5.95,17.85,150.99,8.2
NSE:HCLTECH,SHORT,20,2025-11-03T09:15:00+05:30,1536.8,2025-11-07T14:15:00+05:30,1515.8,breakout_down,breakout_up,420.0,130.94,6.11,18.32,264.64,4.21
NSE:ADANIGREEN,SHORT,90,2025-11-03T14:00:00+05:30,1122.6,2025-11-07T14:15:00+05:30,1069.9,breakout_down,breakout_up,4743.0,282.05,19.73,59.2,4382.02,4.01
NSE:WIPRO,SHORT,255,2025-11-07T09:15:00+05:30,237.0,2025-11-10T09:15:00+05:30,237.59,breakout_down,breakout_up,-150.45,197.62,12.1,36.31,-396.48,3.0
NSE:LT,SHORT,20,2025-11-03T12:30:00+05:30,3991.0,2025-11-10T09:15:00+05:30,3905.0,breakout_down,breakout_up,1720.0,238.49,15.79,47.38,1418.35,6.86
NSE:NIFTY,SHORT,4.40590247294366,2025-11-04T14:00:00+05:30,25617.05,2025-11-10T10:15:00+05:30,25615.6,breakout_down,breakout_up,6.39,76.9,4.51,22.57,-97.6,5.84
NSE:SENSEX,SHORT,1.2615970818035969,2025-11-04T14:00:00+05:30,83529.47,2025-11-10T10:15:00+05:30,83632.01,breakout_down,breakout_up,-129.36,74.94,4.22,21.09,-229.61,5.84
NSE:ITC,SHORT,90,2025-11-03T11:15:00+05:30,416.0,2025-11-10T10:15:00+05:30,406.75,breakout_down,breakout_up,832.5,145.35,7.4,22.21,657.53,6.96
NSE:BHARTIARTL,SHORT,15,2025-11-06T10:00:00+05:30,2083.3,2025-11-10T10:15:00+05:30,2014.9,breakout_down,breakout_up,1026.0,131.36,6.15,18.44,870.05,4.01
NSE:TATASTEEL,LONG,415,2025-11-07T11:30:00+05:30,178.52,2025-11-10T11:45:00+05:30,180.21,breakout_up,breakout_down,701.35,228.51,14.89,44.66,413.29,3.01
NSE:ADANIGREEN,LONG,100,2025-11-10T09:15:00+05:30,1079.7,2025-11-10T14:30:00+05:30,1058.2,breakout_up,breakout_down,-2150.0,84.64,21.38,64.14,-2320.15,0.22
NSE:NIFTY,LONG,4.399896704246943,2025-11-10T11:00:00+05:30,25629.9,2025-11-10T15:00:00+05:30,25565.45,breakout_up,breakout_down,-283.57,76.82,4.51,22.53,-387.42,0.17
NSE:SENSEX,LONG,1.25578183528317,2025-11-10T11:15:00+05:30,83733.98,2025-11-10T15:00:00+05:30,83484.8,breakout_up,breakout_down,-312.92,74.81,4.2,21.0,-412.92,0.16
NSE:BANKNIFTY,LONG,1.4523698153837072,2025-11-07T12:45:00+05:30,57887.8,2025-11-10T15:15:00+05:30,57893.0,breakout_up,breakout_down,7.55,69.33,3.36,16.82,-81.96,3.1
NSE:TATASTEEL,LONG,410,2025-11-10T14:30:00+05:30,182.19,2025-11-11T09:15:00+05:30,180.18,breakout_up,breakout_down,-824.1,228.29,14.86,44.57,-1111.82,0.78
NSE:LT,LONG,20,2025-11-10T11:30:00+05:30,3938.0,2025-11-11T10:15:00+05:30,3910.3,breakout_up,breakout_down,-554.0,237.6,15.7,47.09,-854.38,0.95
NSE:TCS,LONG,15,2025-11-07T14:15:00+05:30,2983.9,2025-11-11T10:30:00+05:30,3020.6,breakout_up,breakout_down,550.5,163.17,9.01,27.02,351.3,3.84
NSE:LT,SHORT,20,2025-11-11T10:30:00+05:30,3901.7,2025-11-11T13:00:00+05:30,3940.4,breakout_down,breakout_up,-774.0,74.75,15.68,47.05,-911.49,0.1
NSE:TATACONSUM,SHORT,15,2025-11-07T13:45:00+05:30,1166.2,2025-11-11T13:15:00+05:30,1153.7,breakout_down,breakout_up,187.5,101.78,3.48,10.44,71.8,3.98
NSE:HINDUNILVR,SHORT,15,2025-11-03T11:15:00+05:30,2450.6,2025-11-11T13:45:00+05:30,2427.0,breakout_down,breakout_up,354.0,144.41,7.32,21.95,180.33,8.1
NSE:NIFTY,SHORT,4.402570294749078,2025-11-11T09:15:00+05:30,25526.6,2025-11-11T14:15:00+05:30,25690.05,breakout_down,breakout_up,-719.6,76.81,4.51,22.55,-823.47,0.21
NSE:SENSEX,SHORT,1.2564768919522697,2025-11-11T09:15:00+05:30,83360.01,2025-11-11T14:15:00+05:30,83834.98,breakout_down,breakout_up,-596.79,74.79,4.2,21.01,-696.79,0.21
NSE:BANKNIFTY,SHORT,1.4518160148582213,2025-11-11T09:15:00+05:30,57853.6,2025-11-12T09:15:00+05:30,58325.7,breakout_down,breakout_up,-685.4,69.33,3.37,16.87,-774.98,1.0
NSE:SBIN,SHORT,55,2025-11-11T09:15:00+05:30,948.75,2025-11-12T09:15:00+05:30,958.2,breakout_down,breakout_up,-519.75,179.72,10.49,31.46,-741.42,1.0
NSE:ADANIGREEN,SHORT,100,2025-11-10T14:45:00+05:30,1047.9,2025-11-12T09:15:00+05:30,1055.7,breakout_down,breakout_up,-780.0,296.95,21.04,63.11,-1161.09,1.77
NSE:INFY,LONG,20,2025-11-10T09:15:00+05:30,1494.1,2025-11-13T09:15:00+05:30,1536.0,breakout_up,breakout_down,838.0,130.41,6.06,18.18,683.35,3.0
NSE:TATASTEEL,SHORT,410,2025-11-11T09:30:00+05:30,179.68,2025-11-13T09:15:00+05:30,182.7,breakout_down,breakout_up,-1238.2,228.32,14.86,44.57,-1525.95,1.99
NSE:TATACONSUM,LONG,15,2025-11-11T13:30:00+05:30,1156.2,2025-11-13T09:15:00+05:30,1154.5,breakout_up,breakout_down,-25.5,101.65,3.47,10.4,-141.01,1.82
NSE:SBIN,SHORT,55,2025-11-12T15:15:00+05:30,953.7,2025-11-13T10:00:00+05:30,962.45,breakout_down,breakout_up,-481.25,180.28,10.54,31.62,-703.68,0.78
NSE:BANKNIFTY,SHORT,1.4296177765204428,2025-11-12T15:15:00+05:30,58211.45,2025-11-13T10:30:00+05:30,58532.35,breakout_down,breakout_up,-458.76,69.12,3.34,16.69,-547.91,0.8
NSE:NIFTY,LONG,4.339982917923969,2025-11-11T15:15:00+05:30,25705.55,2025-11-14T09:15:00+05:30,25823.2,breakout_up,breakout_down,510.6,76.67,4.47,22.36,407.09,2.75
NSE:SENSEX,LONG,1.2401131594397383,2025-11-11T15:15:00+05:30,83899.78,2025-11-14T09:15:00+05:30,84265.59,breakout_up,breakout_down,453.65,74.68,4.17,20.85,353.94,2.75
NSE:ICICIBANK,LONG,30,2025-11-07T09:45:00+05:30,1331.3,2025-11-14T09:15:00+05:30,1379.8,breakout_up,breakout_down,1455.0,153.4,8.13,24.4,1269.07,6.98
NSE:TCS,LONG,15,2025-11-12T09:15:00+05:30,3090.0,2025-11-14T09:15:00+05:30,3087.5,breakout_up,breakout_down,-37.5,166.1,9.27,27.8,-240.67,2.0
NSE:WIPRO,LONG,255,2025-11-10T10:00:00+05:30,238.37,2025-11-14T09:15:00+05:30,242.86,breakout_up,breakout_down,1144.95,199.41,12.27,36.81,896.46,3.97
NSE:HCLTECH,LONG,20,2025-11-10T09:15:00+05:30,1518.8,2025-11-14T09:15:00+05:30,1589.3,breakout_up,breakout_down,1410.0,132.1,6.22,18.65,1253.03,4.0
NSE:ADANIGREEN,LONG,100,2025-11-12T09:30:00+05:30,1071.5,2025-11-14T13:00:00+05:30,1072.6,breakout_up,breakout_down,110.0,301.38,21.44,64.32,-277.14,2.15
NSE:ITC,SHORT,95,2025-11-13T09:15:00+05:30,405.65,2025-11-14T15:00:00+05:30,408.65,breakout_down,breakout_up,-285.0,149.11,7.74,23.21,-465.06,1.24
NSE:HINDUNILVR,SHORT,15,2025-11-13T13:00:00+05:30,2416.3,2025-11-14T15:00:00+05:30,2428.8,breakout_down,breakout_up,-187.5,143.9,7.27,21.8,-360.47,1.08
NSE:WIPRO,SHORT,250,2025-11-14T10:30:00+05:30,242.4,2025-11-14T15:00:00+05:30,244.54,breakout_down,breakout_up,-535.0,68.59,12.17,36.52,-652.29,0.19
NSE:ICICIBANK,SHORT,30,2025-11-14T10:00:00+05:30,1372.2,2025-11-17T09:15:00+05:30,1377.0,breakout_down,breakout_up,-144.0,154.79,8.25,24.74,-331.78,2.97
NSE:TATACONSUM,SHORT,15,2025-11-13T09:30:00+05:30,1152.7,2025-11-17T09:15:00+05:30,1164.5,breakout_down,breakout_up,-177.0,101.77,3.48,10.43,-292.67,3.99
NSE:HCLTECH,SHORT,20,2025-11-14T12:45:00+05:30,1579.5,2025-11-17T12:00:00+05:30,1600.1,breakout_down,breakout_up,-412.0,133.83,6.36,19.08,-571.26,2.97
NSE:ADANIGREEN,SHORT,100,2025-11-14T13:30:00+05:30,1068.2,2025-11-17T12:00:00+05:30,1081.5,breakout_down,breakout_up,-1330.0,302.11,21.5,64.49,-1718.1,2.94
NSE:INFY,SHORT,20,2025-11-14T09:15:00+05:30,1516.2,2025-11-17T14:00:00+05:30,1506.7,breakout_down,breakout_up,190.0,130.3,6.05,18.14,35.52,3.2
NSE:ITC,LONG,90,2025-11-17T09:15:00+05:30,409.75,2025-11-17T14:30:00+05:30,406.1,breakout_up,breakout_down,-328.5,60.1,7.34,22.03,-417.97,0.22
NSE:HINDUNILVR,LONG,15,2025-11-17T09:15:00+05:30,2432.3,2025-11-18T09:15:00+05:30,2415.7,breakout_up,breakout_down,-249.0,143.96,7.27,21.82,-422.05,1.0
NSE:WIPRO,LONG,245,2025-11-14T15:15:00+05:30,245.15,2025-11-18T09:30:00+05:30,242.0,breakout_up,breakout_down,-771.75,195.81,11.94,35.81,-1015.31,3.76
NSE:NIFTY,LONG,4.318035278349757,2025-11-14T15:00:00+05:30,25930.2,2025-11-18T09:45:00+05:30,25896.2,breakout_up,breakout_down,-146.81,76.64,4.48,22.38,-250.3,3.78
NSE:SENSEX,LONG,1.2327951581892207,2025-11-14T15:00:00+05:30,84684.06,2025-11-18T09:45:00+05:30,84625.87,breakout_up,breakout_down,-71.74,74.66,4.17,20.87,-171.44,3.78
NSE:LT,LONG,20,2025-11-11T14:15:00+05:30,3961.2,2025-11-18T10:15:00+05:30,3984.3,breakout_up,breakout_down,462.0,239.68,15.89,47.67,158.76,6.83
NSE:TATACONSUM,LONG,10,2025-11-17T11:30:00+05:30,1173.0,2025-11-18T10:30:00+05:30,1159.2,breakout_up,breakout_down,-138.0,89.06,2.33,7.0,-236.39,0.96
NSE:ADANIGREEN,LONG,95,2025-11-17T12:15:00+05:30,1082.5,2025-11-18T15:00:00+05:30,1078.2,breakout_up,breakout_down,-408.5,291.26,20.53,61.58,-781.86,1.11
NSE:BANKNIFTY,LONG,1.4119815358991403,2025-11-13T10:45:00+05:30,58551.65,2025-11-18T15:15:00+05:30,58835.85,breakout_up,breakout_down,401.29,69.05,3.31,16.57,312.35,5.19
NSE:TCS,SHORT,15,2025-11-14T13:00:00+05:30,3080.1,2025-11-19T09:15:00+05:30,3113.7,breakout_down,breakout_up,-504.0,166.41,9.29,27.87,-707.57,4.84
NSE:INFY,SHORT,20,2025-11-18T09:30:00+05:30,1492.9,2025-11-19T09:15:00+05:30,1507.9,breakout_down,breakout_up,-300.0,129.84,6.0,18.0,-453.85,0.99
NSE:HINDUNILVR,SHORT,15,2025-11-18T10:00:00+05:30,2408.6,2025-11-19T09:15:00+05:30,2424.4,breakout_down,breakout_up,-237.0,143.71,7.25,21.75,-409.7,0.97
NSE:WIPRO,SHORT,245,2025-11-18T09:45:00+05:30,241.66,2025-11-19T10:00:00+05:30,243.12,breakout_down,breakout_up,-357.7,195.14,11.88,35.63,-600.35,1.01
NSE:TATASTEEL,SHORT,410,2025-11-13T12:30:00+05:30,176.02,2025-11-19T10:15:00+05:30,173.31,breakout_down,breakout_up,1111.1,222.2,14.32,42.97,831.61,5.91
NSE:ICICIBANK,SHORT,25,2025-11-18T09:15:00+05:30,1376.0,2025-11-19T11:15:00+05:30,1379.0,breakout_down,breakout_up,-75.0,139.67,6.89,20.66,-242.22,1.08
NSE:SENSEX,SHORT,1.2317988382309282,2025-11-18T10:00:00+05:30,84613.79,2025-11-19T12:00:00+05:30,84966.38,breakout_down,breakout_up,-434.32,74.65,4.18,20.89,-534.04,1.08
NSE:TATACONSUM,SHORT,10,2025-11-18T14:30:00+05:30,1156.2,2025-11-19T14:15:00+05:30,1164.6,breakout_down,breakout_up,-84.0,88.93,2.32,6.96,-182.21,0.99
NSE:ITC,SHORT,90,2025-11-18T09:15:00+05:30,405.95,2025-11-20T09:15:00+05:30,405.0,breakout_down,breakout_up,85.5,144.23,7.3,21.9,-87.92,2.0
NSE:ADANIGREEN,SHORT,95,2025-11-19T09:15:00+05:30,1074.0,2025-11-20T09:15:00+05:30,1082.7,breakout_down,breakout_up,-826.5,290.87,20.49,61.47,-1199.32,1.0
NSE:HINDUNILVR,LONG,15,2025-11-19T10:45:00+05:30,2444.2,2025-11-20T13:00:00+05:30,2436.9,breakout_up,breakout_down,-109.5,144.5,7.32,21.96,-283.28,1.09
NSE:HCLTECH,LONG,20,2025-11-17T14:00:00+05:30,1602.2,2025-11-20T14:15:00+05:30,1646.7,breakout_up,breakout_down,890.0,135.27,6.5,19.49,728.74,3.01
NSE:ICICIBANK,LONG,25,2025-11-19T11:30:00+05:30,1379.3,2025-11-21T09:15:00+05:30,1373.2,breakout_up,breakout_down,-152.5,139.61,6.88,20.64,-319.63,1.91
NSE:SBIN,LONG,55,2025-11-14T11:00:00+05:30,962.0,2025-11-21T09:15:00+05:30,978.8,breakout_up,breakout_down,924.0,181.68,10.67,32.02,699.62,6.93
NSE:TATACONSUM,LONG,10,2025-11-20T09:15:00+05:30,1167.9,2025-11-21T09:15:00+05:30,1165.0,breakout_up,breakout_down,-29.0,89.06,2.33,7.0,-127.39,1.0
NSE:BANKNIFTY,LONG,1.4050997593756074,2025-11-19T13:00:00+05:30,59060.05,2025-11-21T09:30:00+05:30,59065.7,breakout_up,breakout_down,7.94,69.04,3.32,16.6,-81.02,1.85
NSE:WIPRO,LONG,240,2025-11-19T10:30:00+05:30,244.6,2025-11-21T09:30:00+05:30,244.74,breakout_up,breakout_down,33.6,193.63,11.74,35.23,-207.01,1.96
NSE:NIFTY,LONG,4.294647863952633,2025-11-19T12:15:00+05:30,26013.3,2025-11-21T10:00:00+05:30,26087.4,breakout_up,breakout_down,318.23,76.67,4.48,22.38,214.71,1.91
NSE:SENSEX,LONG,1.2195903396027639,2025-11-19T12:15:00+05:30,85024.23,2025-11-21T10:00:00+05:30,85297.51,breakout_up,breakout_down,333.29,74.57,4.15,20.77,233.8,1.91
NSE:WIPRO,SHORT,240,2025-11-21T09:45:00+05:30,244.0,2025-11-21T12:15:00+05:30,247.19,breakout_down,breakout_up,-765.6,67.89,11.79,35.37,-880.64,0.1
NSE:HINDUNILVR,SHORT,15,2025-11-20T14:15:00+05:30,2430.4,2025-11-21T14:00:00+05:30,2441.6,breakout_down,breakout_up,-168.0,144.35,7.31,21.92,-341.58,0.99
NSE:HCLTECH,SHORT,20,2025-11-20T14:30:00+05:30,1645.2,2025-11-24T09:15:00+05:30,1640.0,breakout_down,breakout_up,104.0,136.13,6.57,19.71,-58.42,3.78
NSE:BHARTIARTL,LONG,15,2025-11-10T10:30:00+05:30,2019.1,2025-11-24T09:15:00+05:30,2153.5,breakout_up,breakout_down,2016.0,132.53,6.26,18.78,1858.44,13.95
NSE:BANKNIFTY,SHORT,1.40536201021525,2025-11-21T10:00:00+05:30,58991.55,2025-11-24T10:15:00+05:30,59193.25,breakout_down,breakout_up,-283.46,69.03,3.32,16.61,-372.42,3.01
NSE:ITC,LONG,90,2025-11-20T09:45:00+05:30,405.3,2025-11-24T11:30:00+05:30,405.65,breakout_up,breakout_down,31.5,144.23,7.3,21.9,-141.93,4.07
NSE:WIPRO,LONG,235,2025-11-24T09:15:00+05:30,248.28,2025-11-24T14:15:00+05:30,247.01,breakout_up,breakout_down,-298.45,67.68,11.64,34.92,-412.69,0.21
NSE:BANKNIFTY,LONG,1.3930225529871938,2025-11-24T11:15:00+05:30,59247.55,2025-11-24T15:00:00+05:30,58836.65,breakout_up,breakout_down,-572.39,68.79,3.29,16.45,-660.93,0.16
NSE:TCS,LONG,15,2025-11-19T09:30:00+05:30,3120.6,2025-11-24T15:00:00+05:30,3139.6,breakout_up,breakout_down,285.0,167.46,9.39,28.17,79.98,5.23
NSE:INFY,LONG,20,2025-11-19T09:30:00+05:30,1512.5,2025-11-24T15:00:00+05:30,1547.2,breakout_up,breakout_down,694.0,131.08,6.12,18.36,538.44,5.23
NSE:SBIN,SHORT,55,2025-11-21T10:00:00+05:30,976.35,2025-11-25T09:30:00+05:30,976.8,breakout_down,breakout_up,-24.75,182.5,10.74,32.23,-250.22,3.98
NSE:TATACONSUM,LONG,10,2025-11-21T14:00:00+05:30,1181.1,2025-11-25T09:30:00+05:30,1169.7,breakout_up,breakout_down,-114.0,89.26,2.35,7.05,-212.66,3.81
NSE:ICICIBANK,SHORT,25,2025-11-21T09:30:00+05:30,1369.4,2025-11-25T10:15:00+05:30,1375.9,breakout_down,breakout_up,-162.5,139.41,6.86,20.59,-329.36,4.03
NSE:BHARTIARTL,SHORT,15,2025-11-24T15:15:00+05:30,2145.0,2025-11-25T12:30:00+05:30,2165.1,breakout_down,breakout_up,-301.5,135.0,6.47,19.4,-462.36,0.89
NSE:BANKNIFTY,SHORT,1.3940534532697542,2025-11-24T15:15:00+05:30,58731.05,2025-11-25T14:00:00+05:30,59127.85,breakout_down,breakout_up,-553.16,68.77,3.29,16.43,-641.65,0.95
NSE:LT,LONG,15,2025-11-19T14:30:00+05:30,4022.8,2025-11-25T15:00:00+05:30,3999.0,breakout_up,breakout_down,-357.0,196.87,12.03,36.1,-602.0,6.02
NSE:TATASTEEL,SHORT,425,2025-11-20T14:45:00+05:30,172.4,2025-11-26T09:15:00+05:30,169.21,breakout_down,breakout_up,1355.75,224.36,14.52,43.56,1073.32,5.77
NSE:HCLTECH,SHORT,20,2025-11-24T14:15:00+05:30,1616.2,2025-11-26T09:15:00+05:30,1613.8,breakout_down,breakout_up,48.0,134.91,6.46,19.38,-112.75,1.79
NSE:ADANIGREEN,SHORT,95,2025-11-20T14:15:00+05:30,1066.8,2025-11-26T09:15:00+05:30,1019.0,breakout_down,breakout_up,4541.0,282.98,19.82,59.45,4178.76,5.79
NSE:WIPRO,SHORT,235,2025-11-25T09:15:00+05:30,245.03,2025-11-26T09:30:00+05:30,248.3,breakout_down,breakout_up,-768.45,192.01,11.59,34.78,-1006.84,1.01
NSE:NIFTY,SHORT,4.29382332995899,2025-11-21T10:15:00+05:30,26068.15,2025-11-26T09:45:00+05:30,26077.45,breakout_down,breakout_up,-39.93,76.66,4.48,22.39,-143.46,4.98
NSE:SENSEX,SHORT,1.2192377768557159,2025-11-21T10:15:00+05:30,85240.0,2025-11-26T09:45:00+05:30,85175.58,breakout_down,breakout_up,78.54,74.55,4.16,20.78,-20.94,4.98
NSE:TCS,SHORT,15,2025-11-24T15:15:00+05:30,3134.0,2025-11-26T10:00:00+05:30,3140.3,breakout_down,breakout_up,-94.5,167.72,9.41,28.23,-299.87,1.78
NSE:INFY,SHORT,20,2025-11-25T09:15:00+05:30,1539.0,2025-11-26T10:00:00+05:30,1544.3,breakout_down,breakout_up,-106.0,131.66,6.17,18.5,-262.33,1.03
NSE:TATACONSUM,SHORT,10,2025-11-25T11:00:00+05:30,1168.8,2025-11-26T12:00:00+05:30,1186.0,breakout_down,breakout_up,-172.0,89.31,2.35,7.06,-270.73,1.04
NSE:ICICIBANK,SHORT,25,2025-11-25T14:15:00+05:30,1360.2,2025-11-26T13:00:00+05:30,1371.8,breakout_down,breakout_up,-290.0,139.05,6.83,20.49,-456.37,0.95
NSE:SBIN,LONG,50,2025-11-25T09:45:00+05:30,978.3,2025-11-26T14:15:00+05:30,986.6,breakout_up,breakout_down,415.0,172.27,9.82,29.47,203.43,1.19
NSE:HINDUNILVR,SHORT,15,2025-11-24T12:45:00+05:30,2425.6,2025-11-27T09:15:00+05:30,2434.7,breakout_down,breakout_up,-136.5,144.15,7.29,21.87,-309.82,2.85
NSE:LT,SHORT,15,2025-11-25T15:15:00+05:30,3982.2,2025-11-27T09:15:00+05:30,4100.0,breakout_down,breakout_up,-1767.0,197.98,12.12,36.37,-2013.47,1.75
NSE:TATASTEEL,LONG,435,2025-11-27T09:15:00+05:30,170.37,2025-11-27T11:30:00+05:30,168.5,breakout_up,breakout_down,-813.45,73.09,14.74,44.22,-945.5,0.09
NSE:TCS,LONG,15,2025-11-26T10:15:00+05:30,3141.1,2025-11-27T11:45:00+05:30,3147.0,breakout_up,breakout_down,88.5,167.94,9.43,28.3,-117.16,1.06
NSE:WIPRO,LONG,225,2025-11-26T12:45:00+05:30,249.79,2025-11-27T12:00:00+05:30,248.92,breakout_up,breakout_down,-195.75,187.84,11.22,33.66,-428.47,0.97
NSE:TATACONSUM,LONG,10,2025-11-27T09:15:00+05:30,1189.7,2025-11-27T12:15:00+05:30,1177.6,breakout_up,breakout_down,-121.0,51.36,2.37,7.1,-181.83,0.12
NSE:NIFTY,LONG,4.281708940487029,2025-11-26T10:45:00+05:30,26108.5,2025-11-27T13:15:00+05:30,26151.85,breakout_up,breakout_down,185.61,76.66,4.48,22.38,82.1,1.1
NSE:ITC,SHORT,90,2025-11-24T11:45:00+05:30,404.45,2025-11-27T15:00:00+05:30,403.55,breakout_down,breakout_up,81.0,143.93,7.27,21.82,-92.02,3.14
NSE:LT,LONG,15,2025-11-27T10:15:00+05:30,4127.0,2025-11-27T15:00:00+05:30,4079.9,breakout_up,breakout_down,-706.5,68.82,12.31,36.93,-824.56,0.2
NSE:SBIN,SHORT,50,2025-11-26T14:30:00+05:30,985.2,2025-11-28T11:00:00+05:30,982.0,breakout_down,breakout_up,160.0,172.42,9.84,29.51,-51.76,1.85
NSE:TATASTEEL,SHORT,435,2025-11-27T11:45:00+05:30,168.37,2025-11-28T11:00:00+05:30,168.79,breakout_down,breakout_up,-182.7,226.12,14.67,44.0,-467.49,0.97
NSE:HCLTECH,LONG,20,2025-11-26T09:30:00+05:30,1618.5,2025-11-28T15:00:00+05:30,1622.8,breakout_up,breakout_down,86.0,135.16,6.48,19.45,-75.09,2.23
NSE:ITC,LONG,90,2025-11-27T15:15:00+05:30,405.0,2025-12-01T09:15:00+05:30,400.65,breakout_up,breakout_down,-391.5,143.73,7.25,21.75,-564.24,3.75
NSE:BHARTIARTL,SHORT,15,2025-11-26T09:15:00+05:30,2117.5,2025-12-01T10:00:00+05:30,2118.6,breakout_down,breakout_up,-16.5,133.74,6.35,19.06,-175.66,5.03
NSE:NIFTY,LONG,4.2577808522089535,2025-11-28T10:30:00+05:30,26274.45,2025-12-01T12:00:00+05:30,26175.65,breakout_up,breakout_down,-420.67,76.55,4.47,22.33,-524.02,3.06
NSE:BANKNIFTY,LONG,1.3704472530768046,2025-11-26T09:30:00+05:30,59275.9,2025-12-01T12:00:00+05:30,59702.45,breakout_up,breakout_down,584.56,68.71,3.26,16.31,496.29,5.1
NSE:SENSEX,LONG,1.219003872779887,2025-11-26T10:00:00+05:30,85239.23,2025-12-01T12:00:00+05:30,85637.63,breakout_up,breakout_down,485.65,74.65,4.17,20.83,386.0,5.08
NSE:ADANIGREEN,LONG,105,2025-11-26T09:45:00+05:30,1024.3,2025-12-01T12:30:00+05:30,1030.8,breakout_up,breakout_down,682.5,302.87,21.58,64.74,293.32,5.11
NSE:WIPRO,SHORT,225,2025-11-27T12:15:00+05:30,248.71,2025-12-01T13:30:00+05:30,250.74,breakout_down,breakout_up,-456.75,188.04,11.24,33.71,-689.74,4.05
NSE:SBIN,LONG,50,2025-12-01T09:15:00+05:30,987.55,2025-12-01T13:45:00+05:30,973.65,breakout_up,breakout_down,-695.0,64.4,9.81,29.42,-798.63,0.19
NSE:ICICIBANK,LONG,25,2025-11-26T14:45:00+05:30,1375.9,2025-12-01T14:30:00+05:30,1388.3,breakout_up,breakout_down,310.0,139.9,6.91,20.73,142.46,4.99
NSE:HINDUNILVR,LONG,15,2025-11-27T09:30:00+05:30,2443.0,2025-12-01T15:00:00+05:30,2462.0,breakout_up,breakout_down,285.0,144.87,7.36,22.07,110.7,4.23
NSE:TATACONSUM,SHORT,10,2025-11-27T14:00:00+05:30,1176.0,2025-12-02T09:15:00+05:30,1170.9,breakout_down,breakout_up,51.0,89.21,2.35,7.04,-47.59,4.8
NSE:TATASTEEL,LONG,430,2025-12-01T09:15:00+05:30,169.28,2025-12-02T10:00:00+05:30,167.61,breakout_up,breakout_down,-718.1,224.16,14.49,43.46,-1000.2,1.03
NSE:INFY,LONG,20,2025-11-26T12:30:00+05:30,1549.6,2025-12-02T14:15:00+05:30,1559.9,breakout_up,breakout_down,206.0,132.22,6.22,18.66,48.9,6.07
NSE:TCS,SHORT,15,2025-11-27T12:00:00+05:30,3145.7,2025-12-03T09:15:00+05:30,3168.8,breakout_down,breakout_up,-346.5,168.41,9.47,28.42,-552.8,5.89
NSE:HINDUNILVR,LONG,15,2025-12-02T15:00:00+05:30,2482.9,2025-12-03T09:15:00+05:30,2409.4,breakout_up,breakout_down,-1102.5,144.76,7.34,22.02,-1276.61,0.76
NSE:ICICIBANK,SHORT,25,2025-12-01T14:45:00+05:30,1387.4,2025-12-03T10:30:00+05:30,1378.7,breakout_down,breakout_up,217.5,139.96,6.92,20.75,49.88,1.82
NSE:NIFTY,SHORT,4.2593762264111215,2025-12-01T14:45:00+05:30,26141.95,2025-12-03T14:45:00+05:30,25976.1,breakout_down,breakout_up,706.42,76.48,4.44,22.2,603.3,2.0
NSE:BANKNIFTY,SHORT,1.370715087155975,2025-12-01T14:30:00+05:30,59625.3,2025-12-03T14:45:00+05:30,59276.15,breakout_down,breakout_up,478.59,68.69,3.26,16.3,390.34,2.01
NSE:SENSEX,SHORT,1.2193802168836145,2025-12-01T14:45:00+05:30,85528.53,2025-12-03T14:45:00+05:30,85065.14,breakout_down,breakout_up,565.05,74.62,4.16,20.8,465.46,2.0
NSE:WIPRO,LONG,220,2025-12-02T15:15:00+05:30,250.74,2025-12-03T15:15:00+05:30,254.2,breakout_up,breakout_down,761.2,186.52,11.11,33.33,530.25,1.0
NSE:HCLTECH,SHORT,20,2025-12-02T10:00:00+05:30,1632.0,2025-12-04T09:15:00+05:30,1654.1,breakout_down,breakout_up,-442.0,136.2,6.57,19.72,-604.48,1.97
NSE:LT,SHORT,15,2025-11-28T12:15:00+05:30,4059.4,2025-12-04T09:30:00+05:30,4000.0,breakout_down,breakout_up,891.0,197.4,12.09,36.27,645.24,5.89
NSE:ADANIGREEN,SHORT,105,2025-12-03T10:00:00+05:30,1015.1,2025-12-04T10:00:00+05:30,1020.7,breakout_down,breakout_up,-588.0,300.71,21.38,64.13,-974.21,1.0
NSE:ITC,SHORT,90,2025-12-02T10:15:00+05:30,402.3,2025-12-04T10:30:00+05:30,402.7,breakout_down,breakout_up,-36.0,143.64,7.25,21.73,-208.62,2.01
NSE:HINDUNILVR,SHORT,15,2025-12-03T15:00:00+05:30,2449.8,2025-12-04T12:45:00+05:30,2472.0,breakout_down,breakout_up,-333.0,145.19,7.38,22.15,-507.72,0.91
NSE:BANKNIFTY,LONG,1.3829675258251963,2025-12-03T15:00:00+05:30,59378.45,2025-12-04T13:30:00+05:30,59110.2,breakout_up,breakout_down,-370.98,68.73,3.28,16.39,-459.38,0.94
NSE:BHARTIARTL,SHORT,15,2025-12-01T11:30:00+05:30,2095.2,2025-12-04T14:15:00+05:30,2094.0,breakout_down,breakout_up,18.0,132.96,6.28,18.85,-140.09,3.11
NSE:ADANIGREEN,LONG,100,2025-12-04T10:15:00+05:30,1025.2,2025-12-05T09:15:00+05:30,1008.4,breakout_up,breakout_down,-1680.0,289.23,20.34,61.01,-2050.58,0.96
NSE:SBIN,SHORT,50,2025-12-01T14:30:00+05:30,971.8,2025-12-05T10:00:00+05:30,954.95,breakout_down,breakout_up,842.5,170.12,9.63,28.9,633.85,3.81
NSE:TATACONSUM,SHORT,10,2025-12-02T11:45:00+05:30,1158.7,2025-12-05T12:00:00+05:30,1156.4,breakout_down,breakout_up,23.0,88.85,2.32,6.95,-75.11,3.01
NSE:TATASTEEL,SHORT,425,2025-12-02T10:30:00+05:30,167.54,2025-12-05T13:30:00+05:30,167.55,breakout_down,breakout_up,-4.25,221.38,14.24,42.72,-282.6,3.12
NSE:ADANIGREEN,SHORT,100,2025-12-05T09:45:00+05:30,1005.3,2025-12-05T13:30:00+05:30,1017.6,breakout_down,breakout_up,-1230.0,82.71,20.23,60.69,-1393.63,0.16
NSE:ICICIBANK,LONG,25,2025-12-03T11:15:00+05:30,1379.8,2025-12-08T09:15:00+05:30,1386.5,breakout_up,breakout_down,167.5,139.97,6.92,20.75,-0.13,4.92
NSE:NIFTY,LONG,4.30701601307546,2025-12-03T15:00:00+05:30,25992.45,2025-12-08T09:45:00+05:30,26085.8,breakout_up,breakout_down,402.06,76.75,4.49,22.43,298.39,4.78
NSE:SENSEX,LONG,1.2305471872778078,2025-12-03T15:00:00+05:30,85129.5,2025-12-08T09:45:00+05:30,85412.11,breakout_up,breakout_down,347.76,74.85,4.2,20.99,247.73,4.78
NSE:BANKNIFTY,LONG,1.3711278452079079,2025-12-05T10:00:00+05:30,59557.15,2025-12-08T11:00:00+05:30,59436.85,breakout_up,breakout_down,-164.95,68.66,3.26,16.32,-253.18,3.04
NSE:TATACONSUM,LONG,10,2025-12-05T12:15:00+05:30,1157.3,2025-12-08T11:15:00+05:30,1156.3,breakout_up,breakout_down,-10.0,88.84,2.31,6.94,-108.09,2.96
NSE:SBIN,LONG,55,2025-12-05T11:00:00+05:30,960.45,2025-12-08T11:30:00+05:30,960.0,breakout_up,breakout_down,-24.75,180.5,10.56,31.69,-247.5,3.02
NSE:BHARTIARTL,LONG,15,2025-12-04T14:45:00+05:30,2105.7,2025-12-08T11:45:00+05:30,2091.0,breakout_up,breakout_down,-220.5,133.1,6.3,18.89,-378.78,3.88
NSE:LT,LONG,15,2025-12-04T10:30:00+05:30,4004.2,2025-12-08T12:00:00+05:30,4003.0,breakout_up,breakout_down,-18.0,196.6,12.01,36.03,-262.64,4.06
NSE:ITC,LONG,90,2025-12-04T11:00:00+05:30,403.0,2025-12-08T13:00:00+05:30,402.5,breakout_up,breakout_down,-45.0,143.69,7.25,21.75,-217.69,4.08
NSE:TCS,LONG,15,2025-12-03T10:15:00+05:30,3184.1,2025-12-08T13:30:00+05:30,3217.1,breakout_up,breakout_down,495.0,169.79,9.6,28.81,286.8,5.14
NSE:INFY,LONG,20,2025-12-03T09:15:00+05:30,1572.3,2025-12-08T13:30:00+05:30,1607.6,breakout_up,breakout_down,706.0,133.75,6.36,19.08,546.81,5.18
NSE:WIPRO,LONG,215,2025-12-04T09:45:00+05:30,257.88,2025-12-09T09:15:00+05:30,258.74,breakout_up,breakout_down,184.9,186.54,11.11,33.32,-46.07,4.98
NSE:HCLTECH,LONG,20,2025-12-04T10:00:00+05:30,1666.3,2025-12-09T09:15:00+05:30,1671.6,breakout_up,breakout_down,106.0,137.31,6.68,20.03,-58.01,4.97
NSE:SBIN,SHORT,55,2025-12-08T12:00:00+05:30,958.05,2025-12-09T10:45:00+05:30,961.0,breakout_down,breakout_up,-162.25,180.43,10.55,31.66,-384.9,0.95
NSE:ADANIGREEN,SHORT,100,2025-12-08T11:00:00+05:30,1007.4,2025-12-09T12:00:00+05:30,1008.9,breakout_down,breakout_up,-150.0,287.2,20.16,60.49,-517.85,1.04
NSE:LT,SHORT,15,2025-12-08T12:15:00+05:30,3997.6,2025-12-09T12:00:00+05:30,4012.4,breakout_down,breakout_up,-222.0,196.66,12.02,36.04,-466.72,0.99
NSE:WIPRO,SHORT,215,2025-12-09T09:30:00+05:30,258.19,2025-12-10T09:15:00+05:30,259.8,breakout_down,breakout_up,-346.15,186.91,11.14,33.41,-577.61,0.99
NSE:BANKNIFTY,SHORT,1.3706857653899631,2025-12-08T11:15:00+05:30,59392.2,2025-12-10T09:30:00+05:30,59396.5,breakout_down,breakout_up,-5.89,68.63,3.26,16.28,-94.06,1.93
NSE:ITC,SHORT,90,2025-12-08T13:15:00+05:30,401.95,2025-12-10T10:00:00+05:30,404.3,breakout_down,breakout_up,-211.5,143.78,7.26,21.77,-384.3,1.86
NSE:TATACONSUM,SHORT,10,2025-12-08T12:00:00+05:30,1154.8,2025-12-10T10:00:00+05:30,1155.0,breakout_down,breakout_up,-2.0,88.8,2.31,6.93,-100.04,1.92
NSE:BHARTIARTL,SHORT,15,2025-12-08T12:00:00+05:30,2088.9,2025-12-10T10:00:00+05:30,2093.7,breakout_down,breakout_up,-72.0,132.85,6.27,18.82,-229.95,1.92
NSE:SBIN,LONG,50,2025-12-09T11:00:00+05:30,962.05,2025-12-10T12:30:00+05:30,955.7,breakout_up,breakout_down,-317.5,169.71,9.59,28.77,-525.56,1.06
NSE:TATASTEEL,SHORT,430,2025-12-08T10:00:00+05:30,165.96,2025-12-10T13:00:00+05:30,162.98,breakout_down,breakout_up,1281.4,220.21,14.14,42.43,1004.61,2.12
NSE:ADANIGREEN,LONG,100,2025-12-09T15:15:00+05:30,1010.5,2025-12-10T14:00:00+05:30,993.3,breakout_up,breakout_down,-1720.0,285.93,20.04,60.11,-2086.08,0.95
NSE:LT,LONG,15,2025-12-10T10:30:00+05:30,4023.3,2025-12-10T14:15:00+05:30,3989.9,breakout_up,breakout_down,-501.0,68.33,12.02,36.06,-617.41,0.16
NSE:TCS,SHORT,15,2025-12-08T14:00:00+05:30,3211.5,2025-12-11T09:15:00+05:30,3200.0,breakout_down,breakout_up,172.5,169.99,9.62,28.85,-35.96,2.8
NSE:INFY,SHORT,20,2025-12-09T09:15:00+05:30,1596.9,2025-12-11T09:15:00+05:30,1599.5,breakout_down,breakout_up,-52.0,134.17,6.39,19.18,-211.74,2.0
NSE:HCLTECH,SHORT,20,2025-12-09T09:45:00+05:30,1664.9,2025-12-11T09:15:00+05:30,1674.7,breakout_down,breakout_up,-196.0,137.37,6.68,20.04,-360.08,1.98
NSE:BANKNIFTY,SHORT,1.3760388877690684,2025-12-10T11:15:00+05:30,59093.0,2025-12-11T10:15:00+05:30,59145.4,breakout_down,breakout_up,-72.1,68.6,3.25,16.27,-160.23,0.96
NSE:TATACONSUM,SHORT,10,2025-12-10T12:30:00+05:30,1139.6,2025-12-11T11:00:00+05:30,1149.5,breakout_down,breakout_up,-99.0,88.57,2.29,6.87,-196.73,0.94
NSE:NIFTY,SHORT,4.311354070526115,2025-12-08T12:00:00+05:30,26035.3,2025-12-11T12:00:00+05:30,25876.6,breakout_down,breakout_up,684.21,76.71,4.48,22.38,580.64,3.0
NSE:SENSEX,SHORT,1.2306786955470428,2025-12-08T12:00:00+05:30,85321.1,2025-12-11T12:00:00+05:30,84765.93,breakout_down,breakout_up,683.24,74.81,4.19,20.93,583.31,3.0
NSE:ADANIGREEN,SHORT,100,2025-12-10T14:15:00+05:30,992.8,2025-12-11T13:30:00+05:30,1016.9,breakout_down,breakout_up,-2410.0,286.63,20.1,60.29,-2777.02,0.97
NSE:ITC,SHORT,90,2025-12-11T09:15:00+05:30,402.4,2025-12-11T14:15:00+05:30,403.75,breakout_down,breakout_up,-121.5,59.97,7.26,21.77,-210.49,0.21
NSE:LT,SHORT,15,2025-12-10T14:45:00+05:30,3983.6,2025-12-11T14:15:00+05:30,4014.0,breakout_down,breakout_up,-456.0,196.47,12.0,35.99,-700.46,0.98
NSE:INFY,SHORT,20,2025-12-11T11:00:00+05:30,1582.4,2025-12-11T15:00:00+05:30,1597.8,breakout_down,breakout_up,-308.0,58.37,6.36,19.08,-391.82,0.17
NSE:TATACONSUM,LONG,10,2025-12-11T11:15:00+05:30,1151.6,2025-12-11T15:00:00+05:30,1141.1,breakout_up,breakout_down,-105.0,51.23,2.29,6.88,-165.4,0.16
NSE:ICICIBANK,SHORT,25,2025-12-09T09:15:00+05:30,1382.6,2025-12-12T09:15:00+05:30,1367.5,breakout_down,breakout_up,377.5,139.5,6.88,20.63,210.5,3.0
NSE:TCS,SHORT,15,2025-12-11T09:30:00+05:30,3168.7,2025-12-12T09:15:00+05:30,3196.6,breakout_down,breakout_up,-418.5,169.26,9.55,28.64,-625.95,0.99
NSE:BHARTIARTL,SHORT,15,2025-12-10T14:15:00+05:30,2070.8,2025-12-12T09:15:00+05:30,2063.9,breakout_down,breakout_up,103.5,132.04,6.2,18.61,-53.35,1.79
NSE:SBIN,LONG,50,2025-12-11T09:15:00+05:30,965.0,2025-12-12T10:15:00+05:30,959.4,breakout_up,breakout_down,-280.0,170.07,9.62,28.87,-488.56,1.04
NSE:WIPRO,SHORT,215,2025-12-10T15:15:00+05:30,257.72,2025-12-12T13:00:00+05:30,260.04,breakout_down,breakout_up,-498.8,186.87,11.13,33.4,-730.19,1.91
NSE:NIFTY,LONG,4.355000360218201,2025-12-11T12:15:00+05:30,25907.3,2025-12-15T09:15:00+05:30,25918.6,breakout_up,breakout_down,49.21,76.91,4.51,22.57,-54.78,3.88
NSE:BANKNIFTY,LONG,1.3696455625660224,2025-12-11T11:45:00+05:30,59252.2,2025-12-15T09:15:00+05:30,59178.3,breakout_up,breakout_down,-101.22,68.54,3.24,16.22,-189.22,3.9
NSE:SENSEX,LONG,1.2440614166064834,2025-12-11T12:15:00+05:30,84870.75,2025-12-15T09:15:00+05:30,84875.48,breakout_up,breakout_down,5.88,74.99,4.22,21.12,-94.45,3.88
NSE:ICICIBANK,LONG,25,2025-12-12T11:15:00+05:30,1369.9,2025-12-15T09:15:00+05:30,1361.0,breakout_up,breakout_down,-222.5,139.01,6.83,20.48,-388.82,2.92
NSE:HINDUNILVR,SHORT,15,2025-12-05T10:00:00+05:30,2361.6,2025-12-15T09:15:00+05:30,2267.8,breakout_down,breakout_up,1407.0,140.19,6.94,20.83,1239.03,9.97
NSE:HCLTECH,SHORT,20,2025-12-11T09:45:00+05:30,1652.0,2025-12-15T10:15:00+05:30,1677.9,breakout_down,breakout_up,-518.0,137.17,6.66,19.98,-681.81,4.02
NSE:ITC,SHORT,90,2025-12-12T10:45:00+05:30,400.6,2025-12-15T10:45:00+05:30,402.05,breakout_down,breakout_up,-130.5,143.41,7.22,21.67,-302.81,3.0
NSE:ADANIGREEN,LONG,95,2025-12-11T13:45:00+05:30,1019.9,2025-12-15T15:15:00+05:30,1043.9,breakout_up,breakout_down,2280.0,280.83,19.61,58.82,1920.75,4.06
NSE:BANKNIFTY,LONG,1.3618808701214207,2025-12-15T11:45:00+05:30,59451.5,2025-12-16T09:15:00+05:30,59169.2,breakout_up,breakout_down,-384.46,68.42,3.23,16.15,-472.27,0.9
NSE:TCS,LONG,15,2025-12-12T11:45:00+05:30,3206.7,2025-12-16T09:15:00+05:30,3210.9,breakout_up,breakout_down,63.0,170.1,9.63,28.88,-145.6,3.9
NSE:INFY,LONG,20,2025-12-12T15:00:00+05:30,1598.4,2025-12-16T09:15:00+05:30,1588.6,breakout_up,breakout_down,-196.0,133.97,6.37,19.12,-355.47,3.76
NSE:TATASTEEL,LONG,445,2025-12-10T13:15:00+05:30,163.47,2025-12-16T09:15:00+05:30,171.05,breakout_up,breakout_down,3373.1,228.3,14.89,44.66,3085.26,5.83
NSE:HCLTECH,LONG,20,2025-12-15T10:45:00+05:30,1683.2,2025-12-16T09:15:00+05:30,1664.7,breakout_up,breakout_down,-370.0,137.56,6.7,20.09,-534.35,0.94
NSE:LT,LONG,15,2025-12-12T09:15:00+05:30,4096.0,2025-12-16T09:15:00+05:30,4064.3,breakout_up,breakout_down,-475.5,199.18,12.24,36.72,-723.65,4.0
NSE:WIPRO,LONG,210,2025-12-15T10:15:00+05:30,261.08,2025-12-16T10:30:00+05:30,259.95,breakout_up,breakout_down,-237.3,184.73,10.94,32.82,-465.8,1.01
NSE:SBIN,LONG,50,2025-12-12T15:00:00+05:30,963.7,2025-12-16T13:00:00+05:30,961.55,breakout_up,breakout_down,-107.5,170.11,9.63,28.88,-316.11,3.92
NSE:HINDUNILVR,LONG,15,2025-12-15T09:30:00+05:30,2277.1,2025-12-16T14:15:00+05:30,2282.6,breakout_up,breakout_down,82.5,139.13,6.84,20.52,-83.98,1.2
NSE:ITC,LONG,85,2025-12-16T09:45:00+05:30,403.45,2025-12-16T14:30:00+05:30,401.85,breakout_up,breakout_down,-136.0,59.25,6.85,20.54,-222.63,0.2
NSE:TCS,SHORT,15,2025-12-16T10:30:00+05:30,3200.5,2025-12-17T09:15:00+05:30,3228.1,breakout_down,breakout_up,-414.0,170.32,9.64,28.93,-622.89,0.95
NSE:SBIN,SHORT,50,2025-12-16T15:15:00+05:30,960.0,2025-12-17T09:15:00+05:30,975.4,breakout_down,breakout_up,-770.0,170.72,9.68,29.03,-979.43,0.75
NSE:TATASTEEL,SHORT,440,2025-12-16T09:30:00+05:30,170.9,2025-12-17T09:15:00+05:30,171.04,breakout_down,breakout_up,-61.6,230.32,15.05,45.14,-352.1,0.99
NSE:WIPRO,SHORT,210,2025-12-16T14:00:00+05:30,259.42,2025-12-17T09:30:00+05:30,261.14,breakout_down,breakout_up,-361.2,184.63,10.93,32.8,-589.56,0.81
NSE:TCS,SHORT,15,2025-12-17T14:15:00+05:30,3205.6,2025-12-18T09:15:00+05:30,3240.0,breakout_down,breakout_up,-516.0,170.61,9.67,29.01,-725.28,0.79
NSE:HCLTECH,SHORT,20,2025-12-16T10:30:00+05:30,1660.1,2025-12-18T09:15:00+05:30,1668.0,breakout_down,breakout_up,-158.0,137.11,6.66,19.97,-321.73,1.95
NSE:TATACONSUM,LONG,10,2025-12-12T15:00:00+05:30,1150.8,2025-12-18T09:45:00+05:30,1173.2,breakout_up,breakout_down,224.0,88.94,2.32,6.97,125.77,5.78
NSE:ICICIBANK,SHORT,25,2025-12-16T09:15:00+05:30,1358.4,2025-12-18T10:00:00+05:30,1359.1,breakout_down,breakout_up,-17.5,138.63,6.79,20.38,-183.3,2.03
NSE:BANKNIFTY,SHORT,1.3641209589127143,2025-12-16T11:30:00+05:30,59008.7,2025-12-18T10:15:00+05:30,59078.7,breakout_down,breakout_up,-95.49,68.39,3.22,16.11,-183.21,1.95
NSE:NIFTY,SHORT,4.350239227879608,2025-12-16T09:15:00+05:30,25923.1,2025-12-18T10:30:00+05:30,25852.4,breakout_down,breakout_up,307.56,76.87,4.5,22.52,203.67,2.05
NSE:SENSEX,SHORT,1.2432129515122445,2025-12-16T09:15:00+05:30,84852.93,2025-12-18T10:30:00+05:30,84637.54,breakout_down,breakout_up,267.78,74.95,4.21,21.07,167.54,2.05
NSE:BHARTIARTL,LONG,15,2025-12-12T11:00:00+05:30,2068.0,2025-12-18T13:45:00+05:30,2094.9,breakout_up,breakout_down,403.5,132.49,6.24,18.73,246.03,6.11
NSE:WIPRO,LONG,205,2025-12-17T09:45:00+05:30,261.77,2025-12-18T14:15:00+05:30,261.8,breakout_up,breakout_down,6.15,182.4,10.73,32.2,-219.18,1.19
NSE:ITC,SHORT,85,2025-12-16T15:00:00+05:30,401.55,2025-12-19T09:45:00+05:30,401.75,breakout_down,breakout_up,-17.0,139.01,6.83,20.48,-183.32,2.78
NSE:LT,SHORT,15,2025-12-16T09:30:00+05:30,4060.6,2025-12-19T09:45:00+05:30,4071.4,breakout_down,breakout_up,-162.0,198.69,12.2,36.59,-409.48,3.01
NSE:TATACONSUM,SHORT,10,2025-12-18T14:30:00+05:30,1170.2,2025-12-19T12:00:00+05:30,1181.8,breakout_down,breakout_up,-116.0,89.27,2.35,7.06,-214.68,0.9
NSE:HINDUNILVR,SHORT,15,2025-12-16T15:15:00+05:30,2279.9,2025-12-19T12:30:00+05:30,2276.7,breakout_down,breakout_up,48.0,139.08,6.83,20.5,-118.42,2.89
NSE:ADANIGREEN,SHORT,95,2025-12-16T09:15:00+05:30,1034.6,2025-12-19T14:30:00+05:30,1021.5,breakout_down,breakout_up,1244.5,280.09,19.53,58.6,886.28,3.22
NSE:TCS,LONG,15,2025-12-18T11:15:00+05:30,3256.5,2025-12-19T15:00:00+05:30,3280.7,breakout_up,breakout_down,363.0,172.07,9.81,29.42,151.71,1.16
NSE:BHARTIARTL,SHORT,15,2025-12-18T14:00:00+05:30,2093.7,2025-12-19T15:00:00+05:30,2098.0,breakout_down,breakout_up,-64.5,133.0,6.29,18.86,-222.65,1.04
NSE:TATASTEEL,SHORT,445,2025-12-18T09:15:00+05:30,169.45,2025-12-22T09:15:00+05:30,171.44,breakout_down,breakout_up,-885.55,231.77,15.17,45.51,-1177.99,4.0
NSE:HCLTECH,SHORT,20,2025-12-19T10:00:00+05:30,1641.2,2025-12-22T09:15:00+05:30,1656.6,breakout_down,breakout_up,-308.0,136.45,6.6,19.79,-470.83,2.97
NSE:SBIN,LONG,50,2025-12-17T11:00:00+05:30,977.9,2025-12-22T10:30:00+05:30,976.95,breakout_up,breakout_down,-47.5,171.75,9.77,29.32,-258.34,4.98
NSE:TATACONSUM,LONG,10,2025-12-19T13:45:00+05:30,1184.2,2025-12-22T11:00:00+05:30,1178.0,breakout_up,breakout_down,-62.0,89.38,2.36,7.09,-160.83,2.89
NSE:TCS,LONG,15,2025-12-22T13:00:00+05:30,3321.8,2025-12-23T09:15:00+05:30,3297.8,breakout_up,breakout_down,-360.0,173.5,9.93,29.79,-573.21,0.84
NSE:INFY,LONG,20,2025-12-17T09:15:00+05:30,1599.9,2025-12-23T09:15:00+05:30,1660.1,breakout_up,breakout_down,1204.0,135.49,6.52,19.56,1042.43,6.0
NSE:WIPRO,LONG,200,2025-12-19T09:15:00+05:30,265.29,2025-12-23T09:15:00+05:30,270.41,breakout_up,breakout_down,1024.0,182.11,10.71,32.14,799.03,4.0
NSE:HCLTECH,LONG,20,2025-12-22T09:30:00+05:30,1658.8,2025-12-23T09:15:00+05:30,1658.2,breakout_up,breakout_down,-12.0,136.85,6.63,19.9,-175.39,0.99
NSE:ICICIBANK,LONG,25,2025-12-18T10:30:00+05:30,1361.8,2025-12-23T09:30:00+05:30,1360.4,breakout_up,breakout_down,-35.0,138.76,6.81,20.42,-200.98,4.96
NSE:BHARTIARTL,LONG,15,2025-12-22T09:15:00+05:30,2115.1,2025-12-23T09:30:00+05:30,2131.4,breakout_up,breakout_down,244.5,133.89,6.37,19.11,85.13,1.01
NSE:TATACONSUM,SHORT,10,2025-12-22T11:15:00+05:30,1174.7,2025-12-23T10:00:00+05:30,1182.4,breakout_down,breakout_up,-77.0,89.33,2.36,7.07,-175.76,0.95
NSE:ADANIGREEN,LONG,95,2025-12-19T14:45:00+05:30,1023.7,2025-12-23T14:30:00+05:30,1015.7,breakout_up,breakout_down,-760.0,278.48,19.37,58.12,-1115.98,3.99
NSE:LT,LONG,15,2025-12-19T10:15:00+05:30,4078.9,2025-12-23T14:30:00+05:30,4060.5,breakout_up,breakout_down,-276.0,198.82,12.21,36.63,-523.66,4.18
NSE:ICICIBANK,SHORT,25,2025-12-23T12:30:00+05:30,1358.0,2025-12-24T09:30:00+05:30,1367.0,breakout_down,breakout_up,-225.0,138.85,6.81,20.44,-391.1,0.88
NSE:TATACONSUM,LONG,10,2025-12-23T10:45:00+05:30,1183.6,2025-12-24T10:45:00+05:30,1177.1,breakout_up,breakout_down,-65.0,89.37,2.36,7.08,-163.81,1.0
NSE:BANKNIFTY,LONG,1.357915394255366,2025-12-18T10:30:00+05:30,59143.85,2025-12-24T13:00:00+05:30,59251.45,breakout_up,breakout_down,146.11,68.37,3.22,16.08,58.45,6.1
NSE:HINDUNILVR,LONG,15,2025-12-19T12:45:00+05:30,2278.6,2025-12-24T14:00:00+05:30,2285.2,breakout_up,breakout_down,99.0,139.19,6.85,20.54,-67.58,5.05
NSE:NIFTY,LONG,4.367532454006646,2025-12-18T11:45:00+05:30,25866.95,2025-12-24T14:15:00+05:30,26138.35,breakout_up,breakout_down,1185.35,77.2,4.54,22.71,1080.9,6.1
NSE:ITC,LONG,85,2025-12-22T09:15:00+05:30,402.95,2025-12-24T14:15:00+05:30,406.25,breakout_up,breakout_down,280.5,139.54,6.88,20.63,113.45,2.21
NSE:INFY,SHORT,20,2025-12-24T09:15:00+05:30,1658.3,2025-12-24T15:15:00+05:30,1667.0,breakout_down,breakout_up,-174.0,58.9,6.65,19.95,-259.5,0.25
NSE:SENSEX,LONG,1.247235353114964,2025-12-18T12:00:00+05:30,84713.2,2025-12-26T09:15:00+05:30,85341.93,breakout_up,breakout_down,784.17,75.18,4.24,21.21,683.54,7.89
NSE:TATASTEEL,LONG,435,2025-12-23T10:45:00+05:30,170.43,2025-12-26T09:15:00+05:30,169.51,breakout_up,breakout_down,-400.2,227.48,14.79,44.36,-686.83,2.94
NSE:ADANIGREEN,SHORT,95,2025-12-24T14:30:00+05:30,1012.6,2025-12-26T09:15:00+05:30,1024.6,breakout_down,breakout_up,-1140.0,278.28,19.35,58.06,-1495.69,1.78
NSE:BHARTIARTL,LONG,15,2025-12-24T10:15:00+05:30,2132.3,2025-12-26T09:15:00+05:30,2118.5,breakout_up,breakout_down,-207.0,134.0,6.38,19.13,-366.5,1.96
NSE:HCLTECH,LONG,20,2025-12-23T11:30:00+05:30,1676.1,2025-12-26T09:30:00+05:30,1667.1,breakout_up,breakout_down,-180.0,137.44,6.69,20.06,-344.19,2.92
NSE:TCS,LONG,15,2025-12-24T14:45:00+05:30,3318.5,2025-12-26T09:45:00+05:30,3300.3,breakout_up,breakout_down,-273.0,173.48,9.93,29.78,-486.19,1.79
NSE:WIPRO,SHORT,200,2025-12-24T09:15:00+05:30,269.19,2025-12-26T10:00:00+05:30,268.66,breakout_down,breakout_up,106.0,182.66,10.76,32.27,-119.68,2.03
NSE:SBIN,SHORT,50,2025-12-22T11:00:00+05:30,974.0,2025-12-26T13:30:00+05:30,970.9,breakout_down,breakout_up,155.0,171.18,9.72,29.17,-55.08,4.1
NSE:ADANIGREEN,LONG,95,2025-12-26T10:30:00+05:30,1025.6,2025-12-26T14:30:00+05:30,1017.9,breakout_up,breakout_down,-731.5,81.33,19.41,58.24,-890.48,0.17
NSE:LT,SHORT,15,2025-12-26T09:30:00+05:30,4039.8,2025-12-26T15:00:00+05:30,4045.8,breakout_down,breakout_up,-90.0,68.56,12.13,36.39,-207.08,0.23
NSE:TATASTEEL,SHORT,435,2025-12-26T09:30:00+05:30,168.8,2025-12-29T09:15:00+05:30,171.57,breakout_down,breakout_up,-1204.95,227.75,14.81,44.42,-1491.92,2.99
NSE:TATACONSUM,SHORT,10,2025-12-24T11:00:00+05:30,1176.7,2025-12-29T10:00:00+05:30,1179.2,breakout_down,breakout_up,-25.0,89.31,2.36,7.07,-123.73,4.96
NSE:LT,LONG,15,2025-12-26T15:15:00+05:30,4051.0,2025-12-29T13:30:00+05:30,4037.0,breakout_up,breakout_down,-210.0,197.96,12.13,36.4,-456.49,2.93
NSE:SBIN,SHORT,50,2025-12-29T09:45:00+05:30,962.85,2025-12-29T14:15:00+05:30,967.7,breakout_down,breakout_up,-242.5,64.18,9.65,28.96,-345.29,0.19
NSE:HINDUNILVR,SHORT,15,2025-12-24T14:15:00+05:30,2284.3,2025-12-29T15:15:00+05:30,2295.9,breakout_down,breakout_up,-174.0,139.49,6.87,20.61,-340.97,5.04
NSE:TATASTEEL,LONG,415,2025-12-29T09:30:00+05:30,173.65,2025-12-30T09:15:00+05:30,171.3,breakout_up,breakout_down,-975.25,222.28,14.32,42.95,-1254.79,0.99
NSE:BANKNIFTY,SHORT,1.357077689758323,2025-12-24T13:15:00+05:30,59223.3,2025-12-30T10:15:00+05:30,59020.05,breakout_down,breakout_up,275.83,68.34,3.21,16.05,188.23,5.88
NSE:SBIN,SHORT,50,2025-12-30T09:15:00+05:30,960.5,2025-12-30T10:15:00+05:30,968.6,breakout_down,breakout_up,-405.0,64.15,9.65,28.94,-507.74,0.04
NSE:TATACONSUM,LONG,10,2025-12-29T11:15:00+05:30,1180.1,2025-12-30T10:15:00+05:30,1181.1,breakout_up,breakout_down,10.0,89.37,2.36,7.08,-88.81,0.96
NSE:BHARTIARTL,SHORT,15,2025-12-26T09:30:00+05:30,2115.1,2025-12-30T10:30:00+05:30,2099.3,breakout_down,breakout_up,237.0,133.36,6.32,18.96,78.35,4.04
NSE:LT,SHORT,15,2025-12-30T09:15:00+05:30,4015.7,2025-12-30T11:45:00+05:30,4051.5,breakout_down,breakout_up,-537.0,68.47,12.1,36.3,-653.87,0.1
NSE:TCS,SHORT,15,2025-12-26T10:00:00+05:30,3299.9,2025-12-30T12:30:00+05:30,3260.2,breakout_down,breakout_up,595.5,172.43,9.84,29.52,383.71,4.1
NSE:SENSEX,SHORT,1.2480326228686092,2025-12-26T09:30:00+05:30,85205.14,2025-12-30T15:15:00+05:30,84803.17,breakout_down,breakout_up,501.67,75.17,4.24,21.22,401.04,4.24
NSE:ICICIBANK,SHORT,25,2025-12-26T09:15:00+05:30,1357.2,2025-12-30T15:15:00+05:30,1347.0,breakout_down,breakout_up,255.0,138.24,6.76,20.28,89.72,4.25
NSE:ADANIGREEN,SHORT,95,2025-12-29T10:00:00+05:30,1011.9,2025-12-30T15:15:00+05:30,1010.0,breakout_down,breakout_up,180.5,276.56,19.21,57.62,-172.89,1.22
NSE:NIFTY,SHORT,4.372219510590008,2025-12-26T09:30:00+05:30,26085.7,2025-12-31T09:15:00+05:30,26016.3,breakout_down,breakout_up,303.43,77.2,4.56,22.78,198.89,4.99
NSE:TCS,LONG,15,2025-12-30T13:15:00+05:30,3265.2,2025-12-31T09:15:00+05:30,3232.5,breakout_up,breakout_down,-490.5,171.47,9.75,29.24,-700.96,0.83
NSE:ITC,SHORT,85,2025-12-26T09:30:00+05:30,404.8,2025-12-31T12:00:00+05:30,403.3,breakout_down,breakout_up,127.5,139.45,6.87,20.61,-39.42,5.1
NSE:TATACONSUM,SHORT,10,2025-12-30T10:30:00+05:30,1180.6,2025-12-31T12:30:00+05:30,1192.4,breakout_down,breakout_up,-118.0,89.51,2.37,7.12,-217.0,1.08
NSE:HCLTECH,SHORT,20,2025-12-26T10:15:00+05:30,1663.6,2025-12-31T12:45:00+05:30,1628.8,breakout_down,breakout_up,696.0,136.25,6.58,19.75,533.41,5.1
NSE:WIPRO,SHORT,200,2025-12-26T14:30:00+05:30,265.8,2025-12-31T15:15:00+05:30,264.0,breakout_down,breakout_up,360.0,180.85,10.6,31.79,136.77,5.03
NSE:ITC,LONG,85,2025-12-31T12:15:00+05:30,403.5,2026-01-01T09:15:00+05:30,387.75,breakout_up,breakout_down,-1338.75,137.97,6.73,20.18,-1503.62,0.88
NSE:HINDUNILVR,LONG,15,2025-12-31T09:15:00+05:30,2306.5,2026-01-01T09:30:00+05:30,2307.8,breakout_up,breakout_down,19.5,140.04,6.92,20.76,-148.23,1.01
NSE:INFY,SHORT,20,2025-12-26T11:30:00+05:30,1655.5,2026-01-01T10:15:00+05:30,1625.9,breakout_down,breakout_up,592.0,136.01,6.56,19.69,429.74,5.95
NSE:ICICIBANK,LONG,25,2025-12-31T14:30:00+05:30,1349.6,2026-01-01T11:45:00+05:30,1340.7,breakout_up,breakout_down,-222.5,137.88,6.73,20.18,-387.29,0.89
NSE:TCS,SHORT,15,2025-12-31T10:00:00+05:30,3218.4,2026-01-01T12:15:00+05:30,3227.8,breakout_down,breakout_up,-141.0,170.59,9.67,29.01,-350.27,1.09
NSE:HINDUNILVR,SHORT,15,2026-01-01T09:45:00+05:30,2304.3,2026-01-01T14:45:00+05:30,2319.9,breakout_down,breakout_up,-234.0,59.4,6.94,20.81,-321.14,0.21
NSE:BHARTIARTL,LONG,15,2025-12-31T10:30:00+05:30,2106.8,2026-01-01T15:00:00+05:30,2109.5,breakout_up,breakout_down,40.5,133.41,6.32,18.97,-118.2,1.19
NSE:ICICIBANK,SHORT,25,2026-01-01T12:00:00+05:30,1338.8,2026-01-02T09:30:00+05:30,1347.7,breakout_down,breakout_up,-222.5,137.78,6.72,20.15,-387.14,0.9
NSE:TCS,LONG,15,2026-01-02T11:30:00+05:30,3242.1,2026-01-05T09:15:00+05:30,3219.0,breakout_up,breakout_down,-346.5,170.85,9.69,29.07,-556.12,2.91
NSE:INFY,LONG,20,2026-01-01T11:15:00+05:30,1633.0,2026-01-05T09:15:00+05:30,1603.9,breakout_up,breakout_down,-582.0,135.11,6.47,19.42,-743.01,3.92
NSE:WIPRO,LONG,200,2026-01-01T09:15:00+05:30,266.45,2026-01-05T09:15:00+05:30,263.35,breakout_up,breakout_down,-620.0,180.92,10.6,31.79,-843.31,4.0
NSE:HCLTECH,LONG,20,2026-01-01T10:45:00+05:30,1633.8,2026-01-05T09:15:00+05:30,1596.4,breakout_up,breakout_down,-748.0,134.98,6.46,19.38,-908.82,3.94
NSE:TATACONSUM,SHORT,10,2026-01-01T10:15:00+05:30,1181.5,2026-01-05T10:30:00+05:30,1184.6,breakout_down,breakout_up,-31.0,89.43,2.37,7.1,-129.89,4.01
NSE:LT,LONG,15,2025-12-30T12:30:00+05:30,4056.0,2026-01-05T13:30:00+05:30,4152.3,breakout_up,breakout_down,1444.5,199.84,12.31,36.94,1195.41,6.04
NSE:NIFTY,LONG,4.387347729740546,2025-12-31T10:30:00+05:30,26040.95,2026-01-05T13:45:00+05:30,26252.6,breakout_up,breakout_down,928.58,77.48,4.59,22.94,823.58,5.14
NSE:BANKNIFTY,LONG,1.3622303653426424,2025-12-30T14:45:00+05:30,59137.05,2026-01-05T13:45:00+05:30,59943.8,breakout_up,breakout_down,1098.98,68.65,3.24,16.22,1010.87,5.96
NSE:SENSEX,LONG,1.2574862460773952,2025-12-31T09:15:00+05:30,84882.55,2026-01-05T13:45:00+05:30,85462.55,breakout_up,breakout_down,729.34,75.45,4.28,21.42,628.18,5.19
NSE:INFY,SHORT,20,2026-01-05T09:30:00+05:30,1591.2,2026-01-06T09:15:00+05:30,1612.4,breakout_down,breakout_up,-424.0,134.36,6.41,19.22,-583.99,0.99
NSE:HINDUNILVR,LONG,15,2026-01-01T15:00:00+05:30,2323.4,2026-01-06T09:15:00+05:30,2370.7,breakout_up,breakout_down,709.5,141.32,7.04,21.12,540.02,4.76
NSE:ADANIGREEN,LONG,95,2025-12-31T09:15:00+05:30,1014.2,2026-01-06T09:15:00+05:30,1024.8,breakout_up,breakout_down,1007.0,278.3,19.37,58.11,651.21,6.0
NSE:TCS,SHORT,15,2026-01-05T09:30:00+05:30,3208.2,2026-01-06T09:45:00+05:30,3246.0,breakout_down,breakout_up,-567.0,170.75,9.68,29.04,-776.48,1.01
NSE:WIPRO,SHORT,200,2026-01-05T09:30:00+05:30,263.1,2026-01-06T09:45:00+05:30,266.0,breakout_down,breakout_up,-580.0,180.76,10.58,31.75,-803.09,1.01
NSE:HCLTECH,SHORT,20,2026-01-05T09:45:00+05:30,1582.7,2026-01-06T09:45:00+05:30,1621.9,breakout_down,breakout_up,-784.0,134.41,6.41,19.23,-944.05,1.0
NSE:LT,SHORT,15,2026-01-05T13:45:00+05:30,4142.5,2026-01-06T10:00:00+05:30,4182.0,breakout_down,breakout_up,-592.5,201.93,12.49,37.46,-844.38,0.84
NSE:BHARTIARTL,SHORT,15,2026-01-02T10:45:00+05:30,2106.6,2026-01-06T10:15:00+05:30,2115.6,breakout_down,breakout_up,-135.0,133.52,6.33,19.0,-293.85,3.98
NSE:TATASTEEL,LONG,405,2025-12-30T12:30:00+05:30,173.8,2026-01-06T14:15:00+05:30,185.14,breakout_up,breakout_down,4592.7,224.33,14.54,43.61,4310.23,7.07
NSE:INFY,LONG,15,2026-01-06T11:00:00+05:30,1618.0,2026-01-06T15:15:00+05:30,1605.0,breakout_up,breakout_down,-195.0,55.7,4.83,14.5,-270.04,0.18
NSE:SBIN,LONG,50,2025-12-30T11:15:00+05:30,971.5,2026-01-07T09:30:00+05:30,1010.65,breakout_up,breakout_down,1957.5,173.11,9.91,29.73,1744.74,7.93
NSE:HINDUNILVR,LONG,15,2026-01-06T12:30:00+05:30,2413.4,2026-01-07T11:45:00+05:30,2395.7,breakout_up,breakout_down,-265.5,143.31,7.21,21.64,-437.66,0.97
NSE:LT,SHORT,15,2026-01-07T09:15:00+05:30,4115.5,2026-01-07T14:15:00+05:30,4151.1,breakout_down,breakout_up,-534.0,68.99,12.4,37.2,-652.59,0.21
NSE:TCS,LONG,15,2026-01-06T14:15:00+05:30,3249.1,2026-01-08T09:15:00+05:30,3233.9,breakout_up,breakout_down,-228.0,171.21,9.72,29.17,-438.11,1.79
NSE:HINDUNILVR,SHORT,15,2026-01-07T15:15:00+05:30,2390.0,2026-01-08T09:15:00+05:30,2410.9,breakout_down,breakout_up,-313.5,143.18,7.2,21.6,-485.48,0.75
NSE:WIPRO,LONG,195,2026-01-06T15:00:00+05:30,265.7,2026-01-08T09:15:00+05:30,266.6,breakout_up,breakout_down,175.5,178.46,10.38,31.14,-44.48,1.76
NSE:TATACONSUM,LONG,10,2026-01-05T13:30:00+05:30,1189.0,2026-01-08T09:15:00+05:30,1202.0,breakout_up,breakout_down,130.0,89.69,2.39,7.17,30.75,2.82
NSE:INFY,LONG,15,2026-01-07T09:15:00+05:30,1630.3,2026-01-08T09:30:00+05:30,1626.5,breakout_up,breakout_down,-57.0,117.42,4.89,14.66,-193.96,1.01
NSE:ITC,SHORT,85,2026-01-01T09:30:00+05:30,385.3,2026-01-08T11:00:00+05:30,343.5,breakout_down,breakout_up,3553.0,131.7,6.19,18.58,3396.52,7.06
NSE:ICICIBANK,LONG,25,2026-01-02T12:00:00+05:30,1350.0,2026-01-09T09:15:00+05:30,1417.3,breakout_up,breakout_down,1682.5,139.88,6.92,20.75,1514.95,6.89
NSE:SBIN,SHORT,50,2026-01-07T10:00:00+05:30,1008.75,2026-01-09T10:00:00+05:30,1005.0,breakout_down,breakout_up,187.5,175.0,10.07,30.21,-27.78,2.0
NSE:SBIN,LONG,50,2026-01-09T10:30:00+05:30,1006.9,2026-01-09T14:15:00+05:30,996.65,breakout_up,breakout_down,-512.5,64.8,10.02,30.05,-617.37,0.16
NSE:HCLTECH,LONG,20,2026-01-07T09:15:00+05:30,1637.2,2026-01-09T14:15:00+05:30,1655.6,breakout_up,breakout_down,368.0,136.28,6.59,19.76,205.37,2.21
NSE:HINDUNILVR,SHORT,15,2026-01-08T15:00:00+05:30,2386.2,2026-01-12T09:15:00+05:30,2386.2,breakout_down,breakout_up,-0.0,142.68,7.16,21.48,-171.31,3.76
NSE:ICICIBANK,SHORT,25,2026-01-09T09:45:00+05:30,1414.9,2026-01-12T12:15:00+05:30,1414.0,breakout_down,breakout_up,22.5,141.72,7.07,21.22,-147.51,3.1
NSE:NIFTY,SHORT,4.3875743236555875,2026-01-05T14:00:00+05:30,26226.75,2026-01-12T12:30:00+05:30,25723.05,breakout_down,breakout_up,2210.02,77.39,4.56,22.79,2105.28,6.94
NSE:BANKNIFTY,SHORT,1.3615413451723382,2026-01-05T14:00:00+05:30,59907.2,2026-01-12T12:30:00+05:30,59498.45,breakout_down,breakout_up,556.53,68.64,3.25,16.26,468.38,6.94
NSE:SENSEX,SHORT,1.257627659850545,2026-01-05T14:00:00+05:30,85371.01,2026-01-12T12:30:00+05:30,83664.28,breakout_down,breakout_up,2146.43,75.37,4.25,21.26,2045.55,6.94
NSE:TATASTEEL,SHORT,405,2026-01-07T11:15:00+05:30,184.25,2026-01-12T12:30:00+05:30,181.04,breakout_down,breakout_up,1300.05,227.43,14.79,44.38,1013.44,5.05
NSE:WIPRO,SHORT,195,2026-01-08T11:00:00+05:30,265.7,2026-01-12T12:30:00+05:30,264.1,breakout_down,breakout_up,312.0,177.91,10.33,30.99,92.77,4.06
NSE:TATACONSUM,SHORT,10,2026-01-08T12:30:00+05:30,1194.5,2026-01-12T12:30:00+05:30,1189.7,breakout_down,breakout_up,48.0,89.62,2.38,7.15,-51.16,4.0
NSE:LT,SHORT,15,2026-01-08T12:00:00+05:30,4124.7,2026-01-12T14:15:00+05:30,4013.8,breakout_down,breakout_up,1663.5,198.66,12.21,36.62,1416.01,4.09
NSE:TCS,SHORT,15,2026-01-08T10:00:00+05:30,3215.4,2026-01-12T14:45:00+05:30,3232.8,breakout_down,breakout_up,-261.0,170.63,9.67,29.02,-470.32,4.2
NSE:ADANIGREEN,SHORT,95,2026-01-06T09:30:00+05:30,1024.0,2026-01-12T14:45:00+05:30,946.6,breakout_down,breakout_up,7353.0,270.61,18.72,56.16,7007.51,6.22
NSE:BHARTIARTL,SHORT,15,2026-01-06T12:00:00+05:30,2094.4,2026-01-12T14:45:00+05:30,2046.2,breakout_down,breakout_up,723.0,132.09,6.21,18.63,566.06,6.11
NSE:LT,LONG,15,2026-01-12T14:45:00+05:30,4019.3,2026-01-13T09:15:00+05:30,3924.4,breakout_up,breakout_down,-1423.5,195.65,11.92,35.75,-1666.81,0.77
NSE:HINDUNILVR,LONG,15,2026-01-12T09:30:00+05:30,2388.0,2026-01-13T11:45:00+05:30,2385.1,breakout_up,breakout_down,-43.5,142.69,7.16,21.48,-214.83,1.09
NSE:NIFTY,LONG,4.539664884326643,2026-01-12T14:45:00+05:30,25810.45,2026-01-13T12:45:00+05:30,25653.0,breakout_up,breakout_down,-714.77,77.88,4.67,23.36,-820.69,0.92
NSE:SENSEX,LONG,1.3059839506064883,2026-01-12T14:15:00+05:30,83771.61,2026-01-13T12:45:00+05:30,83415.82,breakout_up,breakout_down,-464.66,75.89,4.37,21.83,-566.75,0.94
NSE:TATASTEEL,LONG,420,2026-01-12T12:45:00+05:30,181.23,2026-01-13T12:45:00+05:30,181.66,breakout_up,breakout_down,180.6,232.48,15.24,45.72,-112.85,1.0
NSE:TATACONSUM,LONG,10,2026-01-12T13:30:00+05:30,1191.5,2026-01-13T13:45:00+05:30,1185.5,breakout_up,breakout_down,-60.0,89.55,2.38,7.13,-159.06,1.01
NSE:INFY,SHORT,15,2026-01-08T10:15:00+05:30,1622.4,2026-01-13T15:00:00+05:30,1600.3,breakout_down,breakout_up,331.5,116.82,4.83,14.5,195.34,5.2
NSE:TCS,LONG,10,2026-01-12T15:15:00+05:30,3243.0,2026-01-14T09:15:00+05:30,3239.8,breakout_up,breakout_down,-32.0,135.17,6.48,19.45,-193.1,1.75
NSE:TATASTEEL,SHORT,415,2026-01-13T14:00:00+05:30,181.43,2026-01-14T09:30:00+05:30,185.4,breakout_down,breakout_up,-1647.55,232.42,15.22,45.67,-1940.86,0.81
NSE:ICICIBANK,LONG,25,2026-01-12T12:30:00+05:30,1423.2,2026-01-14T10:00:00+05:30,1421.4,breakout_up,breakout_down,-45.0,142.16,7.11,21.33,-215.6,1.9
NSE:ADANIGREEN,SHORT,110,2026-01-13T12:45:00+05:30,933.0,2026-01-14T10:45:00+05:30,942.8,breakout_down,breakout_up,-1078.0,292.5,20.63,61.9,-1453.03,0.92
NSE:NIFTY,SHORT,4.542786097177644,2026-01-13T14:15:00+05:30,25612.6,2026-01-14T11:15:00+05:30,25770.4,breakout_down,breakout_up,-716.85,77.85,4.67,23.34,-822.71,0.88
NSE:SENSEX,LONG,1.299442767446973,2026-01-14T11:45:00+05:30,83758.46,2026-01-14T13:45:00+05:30,83272.16,breakout_up,breakout_down,-631.92,75.71,4.34,21.7,-733.67,0.08
NSE:INFY,LONG,15,2026-01-14T09:15:00+05:30,1602.9,2026-01-14T13:45:00+05:30,1584.4,breakout_up,breakout_down,-277.5,55.59,4.78,14.34,-352.22,0.19
NSE:WIPRO,SHORT,200,2026-01-14T09:15:00+05:30,261.55,2026-01-16T09:15:00+05:30,268.7,breakout_down,breakout_up,-1430.0,181.08,10.61,31.81,-1653.5,2.0
NSE:HCLTECH,SHORT,20,2026-01-12T10:00:00+05:30,1650.1,2026-01-16T09:15:00+05:30,1680.0,breakout_down,breakout_up,-598.0,137.18,6.66,19.98,-761.83,3.97
NSE:TATACONSUM,SHORT,10,2026-01-13T14:00:00+05:30,1184.7,2026-01-16T09:45:00+05:30,1185.5,breakout_down,breakout_up,-8.0,89.47,2.37,7.11,-106.95,2.82
NSE:SENSEX,SHORT,1.2987074496698123,2026-01-14T14:15:00+05:30,83242.65,2026-01-16T10:00:00+05:30,83863.5,breakout_down,breakout_up,-806.3,75.69,4.34,21.7,-908.03,1.82
NSE:NIFTY,SHORT,4.506652152768096,2026-01-14T13:45:00+05:30,25635.95,2026-01-16T10:15:00+05:30,25857.5,breakout_down,breakout_up,-998.45,77.65,4.64,23.21,-1103.94,1.85
NSE:LT,SHORT,15,2026-01-13T12:15:00+05:30,3897.0,2026-01-16T10:15:00+05:30,3905.0,breakout_down,breakout_up,-120.0,193.19,11.7,35.11,-360.0,2.92
NSE:TATASTEEL,LONG,395,2026-01-14T10:00:00+05:30,186.49,2026-01-16T13:30:00+05:30,187.81,breakout_up,breakout_down,521.4,227.38,14.78,44.35,234.88,2.15
NSE:BANKNIFTY,LONG,1.3758738196338172,2026-01-13T09:15:00+05:30,59622.55,2026-01-19T09:15:00+05:30,59864.4,breakout_up,breakout_down,332.76,68.86,3.29,16.44,244.16,6.0
NSE:SENSEX,LONG,1.2751069006170777,2026-01-16T10:15:00+05:30,84073.37,2026-01-19T09:15:00+05:30,83159.41,breakout_up,breakout_down,-1165.4,75.16,4.26,21.32,-1266.14,2.96
NSE:INFY,LONG,15,2026-01-14T15:15:00+05:30,1608.9,2026-01-19T09:15:00+05:30,1671.5,breakout_up,breakout_down,939.0,117.74,4.92,14.76,801.58,4.75
NSE:HINDUNILVR,SHORT,15,2026-01-13T12:15:00+05:30,2380.6,2026-01-19T09:15:00+05:30,2398.9,breakout_down,breakout_up,-274.5,142.82,7.17,21.51,-445.99,5.88
NSE:TATACONSUM,LONG,10,2026-01-16T10:00:00+05:30,1192.4,2026-01-19T09:15:00+05:30,1180.2,breakout_up,breakout_down,-122.0,89.5,2.37,7.12,-220.99,2.97
NSE:ITC,SHORT,110,2026-01-08T12:30:00+05:30,339.6,2026-01-19T13:15:00+05:30,332.65,breakout_down,breakout_up,764.5,145.25,7.39,22.18,589.68,11.03
NSE:LT,SHORT,15,2026-01-19T09:15:00+05:30,3827.8,2026-01-19T14:00:00+05:30,3867.7,breakout_down,breakout_up,-598.5,67.48,11.54,34.63,-712.15,0.2
NSE:ICICIBANK,SHORT,25,2026-01-14T10:30:00+05:30,1418.5,2026-01-19T14:30:00+05:30,1385.1,breakout_down,breakout_up,835.0,140.95,7.01,21.03,666.01,5.17
NSE:HCLTECH,LONG,15,2026-01-16T09:30:00+05:30,1690.9,2026-01-20T09:30:00+05:30,1698.0,breakout_up,breakout_down,106.5,119.61,5.08,15.25,-33.44,4.0
NSE:ITC,LONG,110,2026-01-19T13:30:00+05:30,333.7,2026-01-20T12:00:00+05:30,330.5,breakout_up,breakout_down,-352.0,144.34,7.31,21.92,-525.57,0.94
NSE:TATACONSUM,SHORT,10,2026-01-19T15:15:00+05:30,1176.0,2026-01-20T12:45:00+05:30,1201.4,breakout_down,breakout_up,-254.0,89.57,2.38,7.13,-353.08,0.9
NSE:HINDUNILVR,LONG,15,2026-01-19T12:45:00+05:30,2403.8,2026-01-20T14:30:00+05:30,2401.0,breakout_up,breakout_down,-42.0,143.22,7.21,21.62,-214.05,1.07
NSE:SBIN,LONG,45,2026-01-12T13:45:00+05:30,1011.8,2026-01-20T15:00:00+05:30,1035.65,breakout_up,breakout_down,1073.25,165.43,9.21,27.64,870.96,8.05
NSE:TCS,SHORT,10,2026-01-14T09:30:00+05:30,3229.9,2026-01-21T12:00:00+05:30,3128.5,breakout_down,breakout_up,1014.0,133.71,6.36,19.08,854.86,7.1
NSE:NIFTY,SHORT,4.477902017603813,2026-01-19T09:15:00+05:30,25554.75,2026-01-22T09:15:00+05:30,25386.65,breakout_down,breakout_up,752.74,77.29,4.56,22.81,648.08,3.0
NSE:BANKNIFTY,SHORT,1.377146880324378,2026-01-19T09:30:00+05:30,59744.2,2026-01-22T09:15:00+05:30,59462.4,breakout_down,breakout_up,388.08,68.84,3.28,16.42,299.54,2.99
NSE:SENSEX,SHORT,1.2762062703096515,2026-01-19T10:00:00+05:30,83011.8,2026-01-22T09:15:00+05:30,82615.23,breakout_down,breakout_up,506.11,75.06,4.23,21.14,405.68,2.97
NSE:INFY,SHORT,15,2026-01-19T09:30:00+05:30,1669.4,2026-01-22T09:15:00+05:30,1667.0,breakout_down,breakout_up,36.0,118.74,5.0,15.01,-102.76,2.99
NSE:ITC,SHORT,110,2026-01-20T12:30:00+05:30,330.1,2026-01-22T09:15:00+05:30,327.6,breakout_down,breakout_up,275.0,143.5,7.23,21.7,102.56,1.86
NSE:SBIN,SHORT,45,2026-01-20T15:15:00+05:30,1034.25,2026-01-22T09:15:00+05:30,1052.1,breakout_down,breakout_up,-803.25,167.52,9.39,28.17,-1008.32,1.75
NSE:TATASTEEL,SHORT,395,2026-01-19T09:15:00+05:30,187.15,2026-01-22T09:15:00+05:30,187.5,breakout_down,breakout_up,-138.25,227.59,14.8,44.4,-425.03,3.0
NSE:WIPRO,SHORT,190,2026-01-16T15:15:00+05:30,266.8,2026-01-22T09:15:00+05:30,242.25,breakout_down,breakout_up,4664.5,170.26,9.67,29.02,4455.55,5.75
NSE:HCLTECH,SHORT,15,2026-01-20T09:45:00+05:30,1695.0,2026-01-22T09:15:00+05:30,1692.3,breakout_down,breakout_up,40.5,119.59,5.08,15.24,-99.41,1.98
NSE:ADANIGREEN,SHORT,110,2026-01-16T09:30:00+05:30,931.0,2026-01-22T09:15:00+05:30,913.1,breakout_down,breakout_up,1969.0,288.4,20.29,60.86,1599.46,5.99
NSE:TATACONSUM,SHORT,10,2026-01-21T11:30:00+05:30,1174.5,2026-01-22T10:00:00+05:30,1183.9,breakout_down,breakout_up,-94.0,89.34,2.36,7.08,-192.78,0.94
NSE:ITC,LONG,115,2026-01-22T09:30:00+05:30,328.1,2026-01-22T13:15:00+05:30,322.0,breakout_up,breakout_down,-701.5,60.3,7.48,22.43,-791.7,0.16
NSE:HINDUNILVR,SHORT,15,2026-01-20T14:45:00+05:30,2393.7,2026-01-22T14:45:00+05:30,2390.6,breakout_down,breakout_up,46.5,142.87,7.18,21.53,-125.08,2.0
NSE:LT,SHORT,15,2026-01-20T12:30:00+05:30,3825.5,2026-01-22T14:45:00+05:30,3797.6,breakout_down,breakout_up,418.5,190.16,11.43,34.3,182.6,2.09
NSE:ICICIBANK,SHORT,25,2026-01-20T14:30:00+05:30,1377.3,2026-01-22T15:15:00+05:30,1347.0,breakout_down,breakout_up,757.5,138.76,6.81,20.43,591.5,2.03
NSE:ADANIGREEN,LONG,115,2026-01-22T15:15:00+05:30,909.0,2026-01-23T09:15:00+05:30,892.5,breakout_up,breakout_down,-1897.5,293.49,20.72,62.15,-2273.86,0.75
NSE:ICICIBANK,SHORT,30,2026-01-23T09:30:00+05:30,1337.5,2026-01-23T12:30:00+05:30,1352.2,breakout_down,breakout_up,-441.0,61.37,8.07,24.21,-534.65,0.12
NSE:SBIN,LONG,45,2026-01-22T15:15:00+05:30,1050.2,2026-01-23T13:00:00+05:30,1042.05,breakout_up,breakout_down,-366.75,167.78,9.42,28.25,-572.19,0.91
NSE:NIFTY,LONG,4.531344741813292,2026-01-22T09:30:00+05:30,25395.95,2026-01-23T13:15:00+05:30,25124.6,breakout_up,breakout_down,-1229.58,77.21,4.58,22.89,-1334.27,1.16
NSE:BANKNIFTY,LONG,1.3934964379092611,2026-01-22T15:15:00+05:30,59257.55,2026-01-23T13:15:00+05:30,58787.6,breakout_up,breakout_down,-654.87,68.79,3.29,16.45,-743.4,0.92
NSE:SENSEX,LONG,1.286564066430585,2026-01-22T09:30:00+05:30,82657.87,2026-01-23T13:15:00+05:30,81770.36,breakout_up,breakout_down,-1141.84,74.94,4.23,21.15,-1242.16,1.16
NSE:WIPRO,LONG,225,2026-01-23T09:15:00+05:30,243.45,2026-01-23T13:15:00+05:30,239.3,breakout_up,breakout_down,-933.75,66.24,10.86,32.59,-1043.44,0.17
NSE:TATASTEEL,LONG,390,2026-01-22T09:30:00+05:30,189.45,2026-01-23T13:30:00+05:30,188.0,breakout_up,breakout_down,-565.5,226.75,14.72,44.16,-851.13,1.17
NSE:INFY,LONG,15,2026-01-23T09:15:00+05:30,1670.6,2026-01-23T14:00:00+05:30,1663.2,breakout_up,breakout_down,-111.0,56.0,5.0,15.0,-187.0,0.2
NSE:HCLTECH,LONG,15,2026-01-22T12:15:00+05:30,1704.0,2026-01-23T14:00:00+05:30,1701.2,breakout_up,breakout_down,-42.0,119.89,5.11,15.32,-182.32,1.07
NSE:TCS,LONG,15,2026-01-22T09:15:00+05:30,3143.2,2026-01-23T14:15:00+05:30,3159.5,breakout_up,breakout_down,244.5,168.17,9.45,28.36,38.52,1.21
NSE:ICICIBANK,LONG,25,2026-01-23T13:00:00+05:30,1354.5,2026-01-27T09:15:00+05:30,1332.2,breakout_up,breakout_down,-557.5,137.81,6.72,20.15,-722.18,3.84
NSE:LT,SHORT,15,2026-01-23T11:15:00+05:30,3756.2,2026-01-27T09:30:00+05:30,3783.1,breakout_down,breakout_up,-403.5,188.83,11.31,33.93,-637.56,3.93
NSE:TATASTEEL,SHORT,385,2026-01-23T13:45:00+05:30,187.88,2026-01-27T11:30:00+05:30,191.5,breakout_down,breakout_up,-1393.7,225.54,14.61,43.82,-1677.67,3.91
NSE:HINDUNILVR,LONG,15,2026-01-22T15:15:00+05:30,2396.1,2026-01-27T12:30:00+05:30,2388.3,breakout_up,breakout_down,-117.0,142.89,7.18,21.53,-288.59,4.89
NSE:TATACONSUM,SHORT,10,2026-01-23T11:00:00+05:30,1171.3,2026-01-27T13:00:00+05:30,1175.2,breakout_down,breakout_up,-39.0,89.21,2.35,7.04,-137.59,4.08
NSE:SBIN,SHORT,45,2026-01-23T13:15:00+05:30,1038.8,2026-01-27T13:15:00+05:30,1046.3,breakout_down,breakout_up,-337.5,167.42,9.38,28.15,-542.45,4.0
NSE:BANKNIFTY,SHORT,1.3968423245508963,2026-01-23T13:30:00+05:30,58585.0,2026-01-27T14:30:00+05:30,58892.05,breakout_down,breakout_up,-428.9,68.76,3.28,16.41,-517.35,4.04
NSE:WIPRO,SHORT,225,2026-01-23T15:00:00+05:30,238.55,2026-01-27T14:45:00+05:30,234.85,breakout_down,breakout_up,832.5,181.43,10.65,31.95,608.46,3.99
NSE:NIFTY,SHORT,4.540901100943028,2026-01-23T13:30:00+05:30,25049.55,2026-01-27T15:15:00+05:30,25234.1,breakout_down,breakout_up,-838.02,77.17,4.57,22.83,-942.6,4.07
NSE:SENSEX,SHORT,1.2891622914703338,2026-01-23T13:30:00+05:30,81530.62,2026-01-27T15:15:00+05:30,82052.32,breakout_down,breakout_up,-672.56,74.89,4.22,21.09,-772.75,4.07
NSE:TCS,SHORT,15,2026-01-27T09:15:00+05:30,3137.7,2026-01-27T15:15:00+05:30,3167.0,breakout_down,breakout_up,-439.5,63.82,9.46,28.37,-541.15,0.25
NSE:TATACONSUM,LONG,10,2026-01-27T13:15:00+05:30,1187.2,2026-01-28T09:15:00+05:30,1140.3,breakout_up,breakout_down,-469.0,89.03,2.33,6.98,-567.34,0.83
NSE:INFY,LONG,15,2026-01-27T15:15:00+05:30,1687.4,2026-01-28T09:45:00+05:30,1668.3,breakout_up,breakout_down,-286.5,119.09,5.03,15.1,-425.72,0.77
NSE:ADANIGREEN,SHORT,115,2026-01-23T09:45:00+05:30,883.5,2026-01-28T10:45:00+05:30,809.6,breakout_down,breakout_up,8498.5,278.86,19.47,58.41,8141.76,5.04
NSE:LT,LONG,15,2026-01-27T14:45:00+05:30,3786.7,2026-01-28T14:00:00+05:30,3787.1,breakout_up,breakout_down,6.0,189.37,11.36,34.08,-228.82,0.97
NSE:HINDUNILVR,SHORT,15,2026-01-27T12:45:00+05:30,2385.5,2026-01-28T15:00:00+05:30,2378.6,breakout_down,breakout_up,103.5,142.53,7.15,21.44,-67.62,1.09
NSE:TATACONSUM,SHORT,10,2026-01-28T11:30:00+05:30,1119.4,2026-01-28T15:15:00+05:30,1133.4,breakout_down,breakout_up,-140.0,51.15,2.25,6.76,-200.17,0.16
NSE:ICICIBANK,LONG,25,2026-01-27T12:45:00+05:30,1352.4,2026-01-29T09:15:00+05:30,1355.5,breakout_up,breakout_down,77.5,138.35,6.77,20.31,-87.93,1.85
NSE:TCS,LONG,15,2026-01-28T09:15:00+05:30,3187.5,2026-01-29T09:15:00+05:30,3153.0,breakout_up,breakout_down,-517.5,168.85,9.51,28.53,-724.4,1.0
NSE:HCLTECH,LONG,15,2026-01-27T14:45:00+05:30,1723.8,2026-01-29T09:15:00+05:30,1706.5,breakout_up,breakout_down,-259.5,120.33,5.15,15.44,-400.41,1.77
NSE:LT,SHORT,15,2026-01-28T14:15:00+05:30,3773.7,2026-01-29T09:15:00+05:30,3923.9,breakout_down,breakout_up,-2253.0,191.61,11.55,34.64,-2490.79,0.79
NSE:HINDUNILVR,LONG,15,2026-01-28T15:15:00+05:30,2386.0,2026-01-29T09:30:00+05:30,2334.0,breakout_up,breakout_down,-780.0,141.86,7.08,21.24,-950.18,0.76
NSE:NIFTY,LONG,4.449527305363254,2026-01-28T09:15:00+05:30,25352.75,2026-01-29T09:45:00+05:30,25184.85,breakout_up,breakout_down,-747.08,76.72,4.5,22.49,-850.78,1.02
NSE:SENSEX,LONG,1.265769496374762,2026-01-28T09:15:00+05:30,82428.72,2026-01-29T09:45:00+05:30,81775.08,breakout_up,breakout_down,-827.36,74.48,4.16,20.78,-926.78,1.02
NSE:BHARTIARTL,SHORT,15,2026-01-14T10:15:00+05:30,2010.3,2026-01-29T11:45:00+05:30,1968.5,breakout_down,breakout_up,627.0,129.4,5.97,17.9,473.72,15.06
NSE:SBIN,LONG,45,2026-01-27T14:30:00+05:30,1048.6,2026-01-29T15:00:00+05:30,1062.55,breakout_up,breakout_down,627.75,168.65,9.5,28.5,421.1,2.02
NSE:ITC,SHORT,110,2026-01-23T13:45:00+05:30,323.0,2026-01-30T09:15:00+05:30,321.15,breakout_down,breakout_up,203.5,141.85,7.09,21.26,33.31,6.81
NSE:TATASTEEL,LONG,370,2026-01-27T15:00:00+05:30,192.09,2026-01-30T09:15:00+05:30,194.84,breakout_up,breakout_down,1017.5,222.14,14.32,42.95,738.09,2.76
NSE:HINDUNILVR,SHORT,15,2026-01-29T09:45:00+05:30,2328.0,2026-01-30T09:15:00+05:30,2364.6,breakout_down,breakout_up,-549.0,141.39,7.04,21.12,-718.54,0.98
NSE:TATACONSUM,SHORT,10,2026-01-29T10:00:00+05:30,1112.1,2026-01-30T09:30:00+05:30,1121.0,breakout_down,breakout_up,-89.0,87.95,2.23,6.7,-185.88,0.98
NSE:ICICIBANK,LONG,25,2026-01-29T12:15:00+05:30,1370.4,2026-01-30T11:00:00+05:30,1364.9,breakout_up,breakout_down,-137.5,139.13,6.84,20.51,-303.98,0.95
NSE:BANKNIFTY,LONG,1.3767066553081235,2026-01-27T14:45:00+05:30,59067.2,2026-01-30T13:15:00+05:30,59521.6,breakout_up,breakout_down,625.58,68.74,3.27,16.33,537.24,2.94
NSE:INFY,SHORT,15,2026-01-28T10:00:00+05:30,1663.0,2026-01-30T14:30:00+05:30,1638.0,breakout_down,breakout_up,375.0,118.12,4.95,14.85,237.07,2.19
NSE:INFY,LONG,15,2026-01-30T14:45:00+05:30,1640.5,2026-02-01T09:15:00+05:30,1611.6,breakout_up,breakout_down,-433.5,117.37,4.88,14.63,-570.38,1.77
NSE:SBIN,LONG,45,2026-01-30T12:00:00+05:30,1076.8,2026-02-01T11:30:00+05:30,1061.4,breakout_up,breakout_down,-693.0,170.1,9.62,28.87,-901.59,1.98
NSE:NIFTY,LONG,4.407421087015181,2026-01-29T13:30:00+05:30,25402.5,2026-02-01T12:00:00+05:30,25223.55,breakout_up,breakout_down,-788.71,76.49,4.46,22.31,-891.98,2.94
NSE:TCS,SHORT,15,2026-01-29T09:30:00+05:30,3150.9,2026-02-01T12:00:00+05:30,3153.3,breakout_down,breakout_up,-36.0,168.21,9.46,28.37,-242.04,3.1
NSE:HINDUNILVR,LONG,15,2026-01-30T09:30:00+05:30,2373.6,2026-02-01T12:00:00+05:30,2347.3,breakout_up,breakout_down,-394.5,141.85,7.08,21.24,-564.67,2.1
NSE:SENSEX,LONG,1.2528175311060463,2026-01-29T13:30:00+05:30,82543.35,2026-02-01T12:15:00+05:30,81006.16,breakout_up,breakout_down,-1925.82,73.99,4.1,20.49,-2024.4,2.95
NSE:ITC,LONG,110,2026-01-30T10:00:00+05:30,323.85,2026-02-01T12:15:00+05:30,318.4,breakout_up,breakout_down,-599.5,141.68,7.06,21.19,-769.44,2.09
NSE:TATACONSUM,LONG,10,2026-01-30T10:00:00+05:30,1124.6,2026-02-01T12:15:00+05:30,1102.8,breakout_up,breakout_down,-218.0,87.9,2.23,6.68,-314.81,2.09
NSE:ADANIGREEN,LONG,135,2026-01-28T14:15:00+05:30,820.2,2026-02-01T12:15:00+05:30,817.6,breakout_up,breakout_down,-351.0,308.85,22.11,66.33,-748.29,3.92
NSE:BHARTIARTL,LONG,15,2026-01-30T14:15:00+05:30,1968.7,2026-02-01T12:15:00+05:30,1931.1,breakout_up,breakout_down,-564.0,128.18,5.85,17.55,-715.57,1.92
NSE:LT,LONG,15,2026-01-29T11:15:00+05:30,3933.2,2026-02-01T12:15:00+05:30,3846.2,breakout_up,breakout_down,-1305.0,192.9,11.67,35.01,-1544.57,3.04
NSE:NIFTY,SHORT,4.459495705543489,2026-02-01T12:15:00+05:30,24906.45,2026-02-02T13:30:00+05:30,24964.2,breakout_down,breakout_up,-257.54,76.44,4.45,22.24,-360.67,1.05
NSE:ICICIBANK,SHORT,25,2026-01-30T11:15:00+05:30,1359.7,2026-02-02T13:30:00+05:30,1349.7,breakout_down,breakout_up,250.0,138.38,6.77,20.32,84.53,3.09
NSE:ITC,SHORT,115,2026-02-01T12:30:00+05:30,315.0,2026-02-02T13:30:00+05:30,314.25,breakout_down,breakout_up,86.25,143.54,7.24,21.71,-86.23,1.04
NSE:TATASTEEL,SHORT,375,2026-01-30T10:15:00+05:30,192.19,2026-02-02T13:45:00+05:30,186.89,breakout_down,breakout_up,1987.5,220.95,14.22,42.65,1709.69,3.15
NSE:BANKNIFTY,SHORT,1.3785144388768684,2026-02-01T11:45:00+05:30,59378.3,2026-02-02T14:45:00+05:30,58465.65,breakout_down,breakout_up,1258.1,68.69,3.25,16.24,1169.92,1.12
NSE:SBIN,SHORT,45,2026-02-01T11:45:00+05:30,1052.0,2026-02-02T15:00:00+05:30,1029.3,breakout_down,breakout_up,1021.5,167.13,9.37,28.1,816.91,1.14
NSE:HINDUNILVR,SHORT,15,2026-02-01T12:15:00+05:30,2344.5,2026-02-02T15:00:00+05:30,2357.3,breakout_down,breakout_up,-192.0,141.52,7.05,21.16,-361.73,1.11
NSE:INFY,SHORT,15,2026-02-01T09:45:00+05:30,1605.7,2026-02-03T09:15:00+05:30,1679.9,breakout_down,breakout_up,-1113.0,117.98,4.93,14.79,-1250.69,1.98
NSE:HCLTECH,SHORT,15,2026-01-29T09:30:00+05:30,1705.7,2026-02-03T09:15:00+05:30,1715.1,breakout_down,breakout_up,-141.0,120.16,5.13,15.39,-281.68,4.99
NSE:LT,LONG,15,2026-02-02T15:00:00+05:30,3925.5,2026-02-03T14:15:00+05:30,4039.7,breakout_up,breakout_down,1713.0,195.77,11.95,35.84,1469.44,0.97
NSE:WIPRO,LONG,235,2026-01-27T15:15:00+05:30,235.4,2026-02-03T15:00:00+05:30,242.57,breakout_up,breakout_down,1684.95,187.82,11.23,33.7,1452.2,6.99
NSE:TCS,LONG,10,2026-02-03T09:15:00+05:30,3221.6,2026-02-04T09:15:00+05:30,3052.0,breakout_up,breakout_down,-1696.0,132.97,6.27,18.82,-1854.07,1.0
NSE:LT,SHORT,15,2026-02-03T14:30:00+05:30,4035.1,2026-02-04T09:30:00+05:30,4102.7,breakout_down,breakout_up,-1014.0,198.85,12.21,36.62,-1261.68,0.79
NSE:HINDUNILVR,LONG,15,2026-02-03T09:15:00+05:30,2362.1,2026-02-04T11:45:00+05:30,2358.7,breakout_up,breakout_down,-51.0,141.82,7.08,21.24,-221.15,1.1
NSE:TATACONSUM,LONG,10,2026-02-02T13:15:00+05:30,1125.4,2026-02-04T15:15:00+05:30,1148.6,breakout_up,breakout_down,232.0,88.38,2.27,6.82,134.52,2.08
NSE:INFY,SHORT,15,2026-02-03T14:30:00+05:30,1657.1,2026-02-05T09:15:00+05:30,1542.4,breakout_down,breakout_up,1720.5,116.33,4.8,14.4,1584.97,1.78
NSE:TATASTEEL,LONG,390,2026-02-02T14:45:00+05:30,187.91,2026-02-05T09:15:00+05:30,193.3,breakout_up,breakout_down,2102.1,228.18,14.87,44.6,1814.45,2.77
NSE:WIPRO,SHORT,240,2026-02-04T09:15:00+05:30,233.15,2026-02-05T09:15:00+05:30,234.21,breakout_down,breakout_up,-254.4,187.79,11.22,33.65,-487.06,1.0
NSE:BHARTIARTL,LONG,15,2026-02-03T09:15:00+05:30,1993.7,2026-02-05T09:15:00+05:30,2006.7,breakout_up,breakout_down,195.0,129.8,6.0,18.0,41.2,2.0
NSE:NIFTY,LONG,4.422533940416689,2026-02-02T14:45:00+05:30,25033.3,2026-02-05T09:30:00+05:30,25635.15,breakout_up,breakout_down,2661.7,76.93,4.48,22.41,2557.88,2.78
NSE:SENSEX,LONG,1.2442434930709645,2026-02-02T14:45:00+05:30,81490.01,2026-02-05T09:30:00+05:30,83389.74,breakout_up,breakout_down,2363.73,74.41,4.1,20.52,2264.7,2.78
NSE:ITC,LONG,115,2026-02-02T14:45:00+05:30,314.75,2026-02-05T09:30:00+05:30,312.1,breakout_up,breakout_down,-304.75,143.26,7.21,21.63,-476.84,2.78
NSE:BANKNIFTY,LONG,1.4166168062927043,2026-02-02T15:00:00+05:30,58604.6,2026-02-05T10:30:00+05:30,60021.15,breakout_up,breakout_down,2006.71,69.49,3.36,16.8,1917.05,2.81
NSE:ICICIBANK,LONG,25,2026-02-02T14:45:00+05:30,1350.7,2026-02-05T13:45:00+05:30,1401.7,breakout_up,breakout_down,1275.0,139.5,6.88,20.64,1107.98,2.96
NSE:HINDUNILVR,LONG,15,2026-02-05T09:15:00+05:30,2412.5,2026-02-05T14:00:00+05:30,2353.9,breakout_up,breakout_down,-879.0,59.7,7.15,21.45,-967.3,0.2
NSE:SBIN,LONG,45,2026-02-03T09:15:00+05:30,1052.0,2026-02-06T10:00:00+05:30,1065.6,breakout_up,breakout_down,612.0,168.98,9.53,28.59,404.91,3.03
NSE:TATASTEEL,LONG,385,2026-02-05T11:15:00+05:30,195.96,2026-02-06T10:15:00+05:30,194.96,breakout_up,breakout_down,-385.0,230.4,15.05,45.15,-675.6,0.96
NSE:ITC,SHORT,110,2026-02-05T10:15:00+05:30,311.6,2026-02-06T10:30:00+05:30,314.65,breakout_down,breakout_up,-335.5,139.7,6.89,20.67,-502.76,1.01
NSE:BHARTIARTL,SHORT,15,2026-02-05T13:15:00+05:30,1994.3,2026-02-06T11:00:00+05:30,2021.7,breakout_down,breakout_up,-411.0,130.1,6.02,18.07,-565.2,0.91
NSE:HINDUNILVR,SHORT,15,2026-02-06T09:15:00+05:30,2348.0,2026-02-06T11:45:00+05:30,2383.3,breakout_down,breakout_up,-529.5,59.65,7.1,21.29,-617.54,0.1
NSE:TATACONSUM,SHORT,10,2026-02-05T10:45:00+05:30,1147.0,2026-02-06T13:45:00+05:30,1157.9,breakout_down,breakout_up,-109.0,88.75,2.3,6.91,-206.97,1.12
NSE:ICICIBANK,SHORT,25,2026-02-05T14:00:00+05:30,1399.9,2026-02-06T14:30:00+05:30,1406.4,breakout_down,breakout_up,-162.5,141.1,7.02,21.05,-331.67,1.02
NSE:NIFTY,SHORT,4.4247792320843535,2026-02-05T14:00:00+05:30,25596.95,2026-02-06T14:45:00+05:30,25670.3,breakout_down,breakout_up,-324.56,77.02,4.54,22.68,-428.8,1.03
NSE:BANKNIFTY,SHORT,1.4166903072230657,2026-02-05T14:00:00+05:30,59950.7,2026-02-06T14:45:00+05:30,60064.05,breakout_down,breakout_up,-160.58,69.56,3.4,17.0,-250.54,1.03
NSE:SENSEX,SHORT,1.2449409116871055,2026-02-05T13:15:00+05:30,83258.04,2026-02-06T14:45:00+05:30,83504.79,breakout_down,breakout_up,-307.19,74.49,4.15,20.76,-406.59,1.06
NSE:TCS,SHORT,10,2026-02-04T11:15:00+05:30,3022.1,2026-02-09T09:15:00+05:30,2948.7,breakout_down,breakout_up,734.0,129.42,5.97,17.91,580.69,4.92
NSE:SBIN,SHORT,45,2026-02-06T10:15:00+05:30,1062.0,2026-02-09T09:15:00+05:30,1131.8,breakout_down,breakout_up,-3141.0,173.07,9.87,29.62,-3353.56,2.96
NSE:WIPRO,SHORT,240,2026-02-06T09:15:00+05:30,231.52,2026-02-09T09:15:00+05:30,231.24,breakout_down,breakout_up,67.2,186.54,11.11,33.32,-163.77,3.0
NSE:HCLTECH,SHORT,15,2026-02-03T14:30:00+05:30,1694.2,2026-02-09T09:15:00+05:30,1604.4,breakout_down,breakout_up,1347.0,118.01,4.95,14.84,1209.2,5.78
NSE:LT,SHORT,15,2026-02-05T09:15:00+05:30,4045.6,2026-02-09T09:15:00+05:30,4096.6,breakout_down,breakout_up,-765.0,198.9,12.21,36.64,-1012.76,4.0
NSE:ICICIBANK,LONG,25,2026-02-06T15:15:00+05:30,1408.0,2026-02-09T12:15:00+05:30,1393.7,breakout_up,breakout_down,-357.5,140.99,7.0,21.01,-526.51,2.88
NSE:ICICIBANK,SHORT,25,2026-02-09T13:00:00+05:30,1392.1,2026-02-10T09:15:00+05:30,1401.3,breakout_down,breakout_up,-230.0,140.75,6.98,20.95,-398.68,0.84
NSE:ITC,LONG,110,2026-02-06T10:45:00+05:30,316.0,2026-02-10T10:00:00+05:30,321.5,breakout_up,breakout_down,605.0,141.01,7.01,21.04,435.94,3.97
NSE:ADANIGREEN,LONG,130,2026-02-02T14:45:00+05:30,837.9,2026-02-10T10:00:00+05:30,974.0,breakout_up,breakout_down,17693.0,323.55,23.55,70.66,17275.23,7.8
NSE:INFY,SHORT,20,2026-02-05T12:15:00+05:30,1519.1,2026-02-10T10:15:00+05:30,1510.0,breakout_down,breakout_up,182.0,130.44,6.06,18.17,27.33,4.92
NSE:WIPRO,SHORT,240,2026-02-09T12:15:00+05:30,229.76,2026-02-10T10:15:00+05:30,232.23,breakout_down,breakout_up,-592.8,186.38,11.09,33.26,-823.54,0.92
NSE:TATACONSUM,LONG,10,2026-02-06T15:00:00+05:30,1159.9,2026-02-10T11:00:00+05:30,1156.3,breakout_up,breakout_down,-36.0,88.87,2.32,6.95,-134.14,3.83
NSE:BHARTIARTL,LONG,15,2026-02-06T11:15:00+05:30,2024.1,2026-02-10T11:30:00+05:30,2026.2,breakout_up,breakout_down,31.5,130.64,6.08,18.23,-123.44,4.01
NSE:BANKNIFTY,LONG,1.4082554603020685,2026-02-06T15:00:00+05:30,60132.4,2026-02-10T13:45:00+05:30,60574.4,breakout_up,breakout_down,622.45,69.63,3.4,17.0,532.43,3.95
NSE:TCS,LONG,15,2026-02-10T09:15:00+05:30,2965.0,2026-02-11T09:15:00+05:30,2975.8,breakout_up,breakout_down,162.0,162.14,8.91,26.73,-35.79,1.0
NSE:TATACONSUM,SHORT,10,2026-02-10T11:15:00+05:30,1153.9,2026-02-11T09:15:00+05:30,1165.2,breakout_down,breakout_up,-113.0,88.91,2.32,6.96,-211.19,0.92
NSE:ADANIGREEN,SHORT,130,2026-02-10T10:30:00+05:30,969.05,2026-02-11T09:45:00+05:30,988.5,breakout_down,breakout_up,-2528.5,346.11,25.45,76.34,-2976.4,0.97
NSE:TATASTEEL,LONG,375,2026-02-09T09:15:00+05:30,199.73,2026-02-11T11:00:00+05:30,206.26,breakout_up,breakout_down,2448.75,232.13,15.22,45.67,2155.73,2.07
NSE:SENSEX,LONG,1.2350744409830148,2026-02-06T15:00:00+05:30,83594.93,2026-02-11T12:30:00+05:30,84118.7,breakout_up,breakout_down,646.89,74.52,4.14,20.71,547.52,4.9
NSE:BANKNIFTY,SHORT,1.4092567779445635,2026-02-11T09:30:00+05:30,60466.35,2026-02-11T15:00:00+05:30,60773.65,breakout_down,breakout_up,-433.06,69.64,3.42,17.09,-523.21,0.23
NSE:NIFTY,LONG,4.390658358127459,2026-02-06T15:00:00+05:30,25698.5,2026-02-12T09:15:00+05:30,25833.75,breakout_up,breakout_down,593.84,77.03,4.53,22.63,489.66,5.76
NSE:ADANIGREEN,LONG,125,2026-02-11T12:30:00+05:30,990.6,2026-02-12T09:15:00+05:30,983.8,breakout_up,breakout_down,-850.0,337.44,24.68,74.04,-1286.16,0.86
NSE:BHARTIARTL,SHORT,15,2026-02-10T12:00:00+05:30,2023.9,2026-02-12T10:00:00+05:30,2021.8,breakout_down,breakout_up,31.5,130.56,6.07,18.21,-123.34,1.92
NSE:HINDUNILVR,LONG,10,2026-02-06T13:45:00+05:30,2396.4,2026-02-12T10:15:00+05:30,2425.5,breakout_up,breakout_down,291.0,116.69,4.82,14.47,155.02,5.85
NSE:ITC,SHORT,110,2026-02-11T09:15:00+05:30,320.55,2026-02-12T13:15:00+05:30,319.9,breakout_down,breakout_up,71.5,141.41,7.04,21.13,-98.09,1.17
NSE:ADANIGREEN,SHORT,125,2026-02-12T09:30:00+05:30,981.0,2026-02-12T14:00:00+05:30,994.8,breakout_down,breakout_up,-1725.0,90.53,24.7,74.09,-1914.32,0.19
NSE:BANKNIFTY,LONG,1.391957930524437,2026-02-12T10:00:00+05:30,60843.05,2026-02-13T09:15:00+05:30,60532.95,breakout_up,breakout_down,-431.65,69.39,3.38,16.9,-521.31,0.97
NSE:TATASTEEL,LONG,365,2026-02-12T09:45:00+05:30,209.49,2026-02-13T09:15:00+05:30,205.42,breakout_up,breakout_down,-1485.55,231.53,15.14,45.43,-1777.65,0.98
NSE:LT,LONG,15,2026-02-09T09:30:00+05:30,4100.9,2026-02-13T09:15:00+05:30,4147.6,breakout_up,breakout_down,700.5,200.57,12.37,37.12,450.44,3.99
NSE:ICICIBANK,LONG,25,2026-02-10T15:00:00+05:30,1407.1,2026-02-13T10:30:00+05:30,1421.3,breakout_up,breakout_down,355.0,141.68,7.07,21.21,185.04,2.81
NSE:BHARTIARTL,LONG,15,2026-02-12T10:15:00+05:30,2023.4,2026-02-13T11:30:00+05:30,2004.2,breakout_up,breakout_down,-288.0,130.29,6.04,18.12,-442.45,1.05
NSE:LT,SHORT,15,2026-02-13T09:30:00+05:30,4140.0,2026-02-13T13:00:00+05:30,4198.1,breakout_down,breakout_up,-871.5,69.14,12.51,37.52,-990.67,0.15
NSE:INFY,SHORT,20,2026-02-10T15:00:00+05:30,1496.7,2026-02-13T14:15:00+05:30,1373.5,breakout_down,breakout_up,2464.0,126.73,5.74,17.22,2314.3,2.97
NSE:BANKNIFTY,SHORT,1.3930787482043059,2026-02-13T10:00:00+05:30,60421.0,2026-02-16T10:00:00+05:30,60440.15,breakout_down,breakout_up,-26.68,69.35,3.37,16.84,-116.24,3.0
NSE:ITC,SHORT,110,2026-02-13T09:15:00+05:30,316.7,2026-02-16T10:30:00+05:30,316.2,breakout_down,breakout_up,55.0,140.49,6.96,20.89,-113.34,3.05
NSE:ADANIGREEN,SHORT,120,2026-02-13T09:15:00+05:30,972.0,2026-02-16T10:30:00+05:30,961.05,breakout_down,breakout_up,1314.0,320.8,23.2,69.59,900.42,3.05
NSE:BHARTIARTL,SHORT,15,2026-02-13T15:15:00+05:30,1993.0,2026-02-16T12:00:00+05:30,2014.8,breakout_down,breakout_up,-327.0,129.96,6.01,18.04,-481.0,2.86
NSE:NIFTY,SHORT,4.392766938807409,2026-02-12T14:30:00+05:30,25797.3,2026-02-16T12:15:00+05:30,25576.05,breakout_down,breakout_up,971.9,76.98,4.51,22.57,867.83,3.91
NSE:SENSEX,SHORT,1.238026645451099,2026-02-12T09:15:00+05:30,83836.52,2026-02-16T12:15:00+05:30,82930.78,breakout_down,breakout_up,1121.33,74.47,4.13,20.65,1022.08,4.12
NSE:TATASTEEL,SHORT,370,2026-02-13T15:00:00+05:30,203.23,2026-02-16T12:45:00+05:30,204.87,breakout_down,breakout_up,-606.8,230.97,15.1,45.3,-898.17,2.91
NSE:INFY,SHORT,25,2026-02-16T11:15:00+05:30,1340.2,2026-02-16T14:30:00+05:30,1359.6,breakout_down,breakout_up,-485.0,59.04,6.75,20.25,-571.04,0.14
NSE:TCS,SHORT,15,2026-02-11T09:30:00+05:30,2965.4,2026-02-16T15:00:00+05:30,2707.0,breakout_down,breakout_up,3876.0,157.39,8.51,25.53,3684.58,5.23
NSE:HCLTECH,SHORT,20,2026-02-10T09:15:00+05:30,1592.4,2026-02-16T15:15:00+05:30,1465.6,breakout_down,breakout_up,2536.0,130.9,6.12,18.35,2380.63,6.25
NSE:WIPRO,SHORT,240,2026-02-11T12:15:00+05:30,230.22,2026-02-17T09:45:00+05:30,216.36,breakout_down,breakout_up,3326.4,181.98,10.72,32.15,3101.55,5.9
NSE:TATASTEEL,LONG,360,2026-02-16T14:45:00+05:30,205.93,2026-02-17T10:00:00+05:30,202.87,breakout_up,breakout_down,-1101.6,226.75,14.72,44.15,-1387.22,0.8
NSE:TATACONSUM,SHORT,10,2026-02-11T15:15:00+05:30,1150.2,2026-02-17T12:00:00+05:30,1144.4,breakout_down,breakout_up,58.0,88.62,2.29,6.88,-39.8,5.86
NSE:BHARTIARTL,LONG,15,2026-02-16T12:15:00+05:30,2018.7,2026-02-17T14:00:00+05:30,2021.1,breakout_up,breakout_down,36.0,130.46,6.06,18.18,-118.7,1.07
NSE:TCS,LONG,15,2026-02-16T15:15:00+05:30,2713.0,2026-02-17T14:15:00+05:30,2716.0,breakout_up,breakout_down,45.0,153.62,8.14,24.43,-141.19,0.96
NSE:SBIN,LONG,40,2026-02-09T10:45:00+05:30,1138.5,2026-02-17T14:45:00+05:30,1212.1,breakout_up,breakout_down,2944.0,167.39,9.4,28.21,2739.0,8.17
NSE:INFY,LONG,20,2026-02-16T15:00:00+05:30,1366.7,2026-02-18T09:15:00+05:30,1371.1,breakout_up,breakout_down,88.0,123.97,5.48,16.43,-57.87,1.76
NSE:TATASTEEL,SHORT,360,2026-02-17T10:45:00+05:30,202.3,2026-02-18T09:15:00+05:30,206.77,breakout_down,breakout_up,-1609.2,226.9,14.73,44.18,-1895.0,0.94
NSE:HINDUNILVR,SHORT,10,2026-02-12T11:00:00+05:30,2376.7,2026-02-18T09:15:00+05:30,2317.0,breakout_down,breakout_up,597.0,115.24,4.69,14.08,462.98,5.93
NSE:WIPRO,LONG,265,2026-02-17T10:00:00+05:30,217.4,2026-02-18T09:15:00+05:30,214.05,breakout_up,breakout_down,-887.75,190.25,11.43,34.3,-1123.73,0.97
NSE:HCLTECH,LONG,20,2026-02-17T09:15:00+05:30,1475.0,2026-02-18T09:15:00+05:30,1474.0,breakout_up,breakout_down,-20.0,128.67,5.9,17.69,-172.26,1.0
NSE:SENSEX,LONG,1.2634754505195809,2026-02-16T12:30:00+05:30,82954.42,2026-02-18T09:45:00+05:30,83246.52,breakout_up,breakout_down,369.06,74.87,4.2,21.0,269.0,1.89
NSE:ICICIBANK,SHORT,25,2026-02-13T10:45:00+05:30,1418.5,2026-02-18T14:15:00+05:30,1407.9,breakout_down,breakout_up,265.0,141.63,7.07,21.2,95.11,5.15
NSE:TCS,SHORT,15,2026-02-18T09:30:00+05:30,2690.6,2026-02-19T09:15:00+05:30,2721.0,breakout_down,breakout_up,-456.0,153.37,8.12,24.35,-641.84,0.99
NSE:INFY,SHORT,20,2026-02-18T09:30:00+05:30,1358.8,2026-02-19T09:15:00+05:30,1387.3,breakout_down,breakout_up,-570.0,124.2,5.49,16.48,-716.17,0.99
NSE:WIPRO,SHORT,265,2026-02-18T09:30:00+05:30,212.19,2026-02-19T09:15:00+05:30,213.55,breakout_down,breakout_up,-360.4,188.53,11.28,33.85,-594.06,0.99
NSE:HCLTECH,SHORT,20,2026-02-18T09:45:00+05:30,1458.2,2026-02-19T09:15:00+05:30,1488.3,breakout_down,breakout_up,-602.0,128.66,5.89,17.68,-754.23,0.98
NSE:BHARTIARTL,SHORT,15,2026-02-17T14:15:00+05:30,2016.4,2026-02-19T09:15:00+05:30,2026.6,breakout_down,breakout_up,-153.0,130.53,6.06,18.19,-307.79,1.79
NSE:TATASTEEL,LONG,340,2026-02-18T09:30:00+05:30,206.97,2026-02-19T09:45:00+05:30,208.46,breakout_up,breakout_down,506.6,220.05,14.12,42.37,230.05,1.01
NSE:ADANIGREEN,LONG,125,2026-02-16T10:45:00+05:30,962.35,2026-02-19T10:15:00+05:30,991.95,breakout_up,breakout_down,3700.0,334.31,24.43,73.29,3267.97,2.98
NSE:NIFTY,LONG,4.464291907028597,2026-02-16T12:30:00+05:30,25577.8,2026-02-19T11:15:00+05:30,25688.65,breakout_up,breakout_down,494.87,77.36,4.58,22.89,390.04,2.95
NSE:BANKNIFTY,LONG,1.3865344442024605,2026-02-16T12:15:00+05:30,60622.6,2026-02-19T11:15:00+05:30,61244.0,breakout_up,breakout_down,861.59,69.51,3.38,16.9,771.8,2.96
NSE:SENSEX,LONG,1.2564838293294938,2026-02-18T14:15:00+05:30,83629.46,2026-02-19T11:15:00+05:30,83285.7,breakout_up,breakout_down,-431.93,74.76,4.19,20.97,-531.86,0.88
NSE:ICICIBANK,LONG,25,2026-02-18T14:30:00+05:30,1409.0,2026-02-19T11:15:00+05:30,1397.6,breakout_up,breakout_down,-285.0,141.12,7.02,21.05,-454.19,0.86
NSE:HINDUNILVR,LONG,15,2026-02-18T12:45:00+05:30,2320.8,2026-02-19T11:15:00+05:30,2314.1,breakout_up,breakout_down,-100.5,140.39,6.95,20.86,-268.7,0.94
NSE:ITC,LONG,110,2026-02-16T10:45:00+05:30,316.6,2026-02-19T11:45:00+05:30,328.85,breakout_up,breakout_down,1347.5,141.93,7.1,21.3,1177.17,3.04
NSE:TATACONSUM,LONG,10,2026-02-17T13:00:00+05:30,1147.0,2026-02-19T13:45:00+05:30,1156.0,breakout_up,breakout_down,90.0,88.71,2.3,6.91,-7.93,2.03
NSE:LT,LONG,15,2026-02-16T14:45:00+05:30,4200.0,2026-02-19T13:45:00+05:30,4288.3,breakout_up,breakout_down,1324.5,204.52,12.73,38.2,1069.05,2.96
NSE:TCS,LONG,15,2026-02-19T10:00:00+05:30,2740.3,2026-02-19T14:45:00+05:30,2688.1,breakout_up,breakout_down,-783.0,61.46,8.14,24.43,-877.03,0.2
NSE:LT,SHORT,15,2026-02-19T14:30:00+05:30,4280.0,2026-02-20T09:45:00+05:30,4333.4,breakout_down,breakout_up,-801.0,206.76,12.92,38.76,-1059.44,0.8
NSE:ICICIBANK,SHORT,25,2026-02-19T11:30:00+05:30,1396.0,2026-02-20T10:00:00+05:30,1398.1,breakout_down,breakout_up,-52.5,140.76,6.99,20.96,-221.2,0.94
NSE:HINDUNILVR,SHORT,15,2026-02-19T11:30:00+05:30,2312.6,2026-02-20T10:30:00+05:30,2314.0,breakout_down,breakout_up,-21.0,140.25,6.94,20.82,-189.01,0.96
NSE:TATASTEEL,SHORT,340,2026-02-19T10:00:00+05:30,207.75,2026-02-20T12:00:00+05:30,208.5,breakout_down,breakout_up,-255.0,220.42,14.15,42.46,-532.03,1.08
NSE:NIFTY,SHORT,4.4618593172895675,2026-02-19T11:30:00+05:30,25678.9,2026-02-20T12:15:00+05:30,25653.45,breakout_down,breakout_up,113.55,77.35,4.58,22.9,8.72,1.03
NSE:BANKNIFTY,SHORT,1.3889814126427047,2026-02-19T12:00:00+05:30,61069.8,2026-02-20T12:15:00+05:30,61328.25,breakout_down,breakout_up,-358.98,69.54,3.4,17.0,-448.92,1.01
NSE:SENSEX,SHORT,1.2569466375211567,2026-02-19T11:45:00+05:30,83176.8,2026-02-20T12:15:00+05:30,83088.04,breakout_down,breakout_up,111.57,74.71,4.18,20.9,11.78,1.02
NSE:SBIN,SHORT,40,2026-02-19T10:30:00+05:30,1211.8,2026-02-23T09:15:00+05:30,1228.7,breakout_down,breakout_up,-676.0,171.66,9.76,29.29,-886.71,3.95
NSE:ADANIGREEN,SHORT,125,2026-02-19T14:00:00+05:30,984.5,2026-02-23T09:30:00+05:30,986.45,breakout_down,breakout_up,-243.75,336.92,24.64,73.91,-679.22,3.81
NSE:TATASTEEL,LONG,335,2026-02-20T12:15:00+05:30,209.09,2026-02-23T10:30:00+05:30,207.73,breakout_up,breakout_down,-455.6,218.33,13.96,41.89,-729.78,2.93
NSE:BHARTIARTL,SHORT,15,2026-02-19T10:00:00+05:30,2015.3,2026-02-23T13:15:00+05:30,1999.8,breakout_down,breakout_up,232.5,130.04,6.02,18.07,78.37,4.14
NSE:NIFTY,LONG,4.448313611131367,2026-02-23T09:15:00+05:30,25759.05,2026-02-24T09:15:00+05:30,25548.65,breakout_up,breakout_down,-935.93,77.15,4.56,22.82,-1040.46,1.0
NSE:SENSEX,LONG,1.2530890026026111,2026-02-23T09:15:00+05:30,83442.23,2026-02-24T09:15:00+05:30,82709.92,breakout_up,breakout_down,-917.65,74.52,4.16,20.82,-1017.15,1.0
NSE:TATASTEEL,SHORT,335,2026-02-23T11:15:00+05:30,206.9,2026-02-24T09:15:00+05:30,208.7,breakout_down,breakout_up,-603.0,217.89,13.92,41.77,-876.58,0.92
NSE:LT,LONG,10,2026-02-20T11:30:00+05:30,4349.1,2026-02-24T10:00:00+05:30,4385.1,breakout_up,breakout_down,360.0,160.16,8.73,26.2,164.9,3.94
NSE:ICICIBANK,LONG,25,2026-02-20T10:15:00+05:30,1400.8,2026-02-24T10:30:00+05:30,1390.3,breakout_up,breakout_down,-262.5,140.69,6.98,20.93,-431.1,4.01
NSE:SBIN,LONG,35,2026-02-23T09:45:00+05:30,1229.2,2026-02-24T11:45:00+05:30,1221.0,breakout_up,breakout_down,-287.0,158.45,8.58,25.73,-479.75,1.08
NSE:BANKNIFTY,LONG,1.372410470044227,2026-02-23T09:15:00+05:30,61481.05,2026-02-24T12:30:00+05:30,61015.4,breakout_up,breakout_down,-639.06,69.27,3.36,16.81,-728.5,1.14
NSE:ADANIGREEN,SHORT,125,2026-02-23T14:00:00+05:30,963.3,2026-02-24T15:00:00+05:30,976.65,breakout_down,breakout_up,-1668.75,332.72,24.25,72.75,-2098.47,1.04
NSE:NIFTY,SHORT,4.452918860559786,2026-02-24T09:30:00+05:30,25499.45,2026-02-25T09:15:00+05:30,25582.9,breakout_down,breakout_up,-371.6,77.1,4.55,22.75,-475.99,0.99
NSE:SENSEX,SHORT,1.2546491572919918,2026-02-24T09:30:00+05:30,82530.19,2026-02-25T09:15:00+05:30,82759.81,breakout_down,breakout_up,-288.09,74.46,4.15,20.74,-387.44,0.99
NSE:TCS,SHORT,15,2026-02-19T15:00:00+05:30,2676.0,2026-02-25T09:15:00+05:30,2637.6,breakout_down,breakout_up,576.0,151.66,7.97,23.91,392.46,5.76
NSE:INFY,SHORT,20,2026-02-19T14:45:00+05:30,1376.9,2026-02-25T09:15:00+05:30,1300.6,breakout_down,breakout_up,1526.0,122.52,5.36,16.06,1382.06,5.77
NSE:WIPRO,SHORT,265,2026-02-19T15:00:00+05:30,211.42,2026-02-25T09:15:00+05:30,204.1,breakout_down,breakout_up,1939.8,185.34,11.01,33.03,1710.41,5.76
NSE:BHARTIARTL,SHORT,15,2026-02-24T09:15:00+05:30,1946.6,2026-02-25T09:15:00+05:30,1955.0,breakout_down,breakout_up,-126.0,128.17,5.85,17.56,-277.58,1.0
NSE:ICICIBANK,SHORT,25,2026-02-24T10:45:00+05:30,1389.0,2026-02-25T09:30:00+05:30,1400.0,breakout_down,breakout_up,-275.0,140.63,6.97,20.92,-443.52,0.95
NSE:HCLTECH,SHORT,20,2026-02-19T13:45:00+05:30,1458.8,2026-02-25T10:45:00+05:30,1388.9,breakout_down,breakout_up,1398.0,126.31,5.7,17.09,1248.9,5.88
NSE:HINDUNILVR,LONG,15,2026-02-20T10:45:00+05:30,2316.2,2026-02-25T11:45:00+05:30,2353.5,breakout_up,breakout_down,559.5,140.92,7.0,21.01,390.56,5.04
NSE:TATACONSUM,LONG,5,2026-02-23T09:30:00+05:30,1170.7,2026-02-25T12:15:00+05:30,1167.2,breakout_up,breakout_down,-17.5,76.12,1.17,3.51,-98.3,2.11
NSE:HINDUNILVR,SHORT,15,2026-02-25T12:00:00+05:30,2352.2,2026-02-25T14:15:00+05:30,2377.8,breakout_down,breakout_up,-384.0,59.66,7.1,21.28,-472.04,0.09
NSE:SENSEX,LONG,1.2444397745478484,2026-02-25T10:00:00+05:30,82896.86,2026-02-26T12:15:00+05:30,82089.72,breakout_up,breakout_down,-1004.44,74.13,4.11,20.53,-1103.2,1.09
NSE:HCLTECH,LONG,25,2026-02-26T09:30:00+05:30,1401.9,2026-02-26T13:00:00+05:30,1372.3,breakout_up,breakout_down,-740.0,59.34,6.94,20.81,-827.08,0.15
NSE:BHARTIARTL,SHORT,15,2026-02-25T12:15:00+05:30,1930.8,2026-02-26T13:45:00+05:30,1929.4,breakout_down,breakout_up,21.0,127.47,5.79,17.37,-129.63,1.06
NSE:SBIN,SHORT,35,2026-02-25T09:15:00+05:30,1217.7,2026-02-26T14:30:00+05:30,1211.5,breakout_down,breakout_up,217.0,157.59,8.5,25.51,25.4,1.22
NSE:NIFTY,LONG,4.416787650965133,2026-02-25T09:45:00+05:30,25600.6,2026-02-27T09:15:00+05:30,25364.55,breakout_up,breakout_down,-1042.58,76.73,4.5,22.51,-1146.32,1.98
NSE:HINDUNILVR,LONG,10,2026-02-26T14:30:00+05:30,2379.2,2026-02-27T09:15:00+05:30,2356.1,breakout_up,breakout_down,-231.0,115.77,4.74,14.21,-365.71,0.78
NSE:WIPRO,SHORT,290,2026-02-26T10:45:00+05:30,201.27,2026-02-27T09:15:00+05:30,202.16,breakout_down,breakout_up,-258.1,193.16,11.7,35.1,-498.05,0.94
NSE:ADANIGREEN,LONG,120,2026-02-24T15:15:00+05:30,984.0,2026-02-27T12:30:00+05:30,954.75,breakout_up,breakout_down,-3510.0,321.92,23.27,69.79,-3924.98,2.89
NSE:TCS,LONG,15,2026-02-26T09:30:00+05:30,2668.8,2026-02-27T14:15:00+05:30,2634.8,breakout_up,breakout_down,-510.0,151.57,7.96,23.87,-693.39,1.2
NSE:INFY,LONG,25,2026-02-25T09:45:00+05:30,1318.0,2026-02-27T15:00:00+05:30,1300.6,breakout_up,breakout_down,-435.0,135.91,6.55,19.64,-597.1,2.22
NSE:TATASTEEL,LONG,330,2026-02-24T14:45:00+05:30,209.42,2026-02-27T15:00:00+05:30,212.21,breakout_up,breakout_down,920.7,217.67,13.91,41.74,647.37,3.01
NSE:ITC,SHORT,110,2026-02-19T12:00:00+05:30,328.2,2026-03-02T14:00:00+05:30,314.9,breakout_down,breakout_up,1463.0,141.63,7.07,21.22,1293.07,11.08
NSE:ICICIBANK,SHORT,25,2026-02-26T09:15:00+05:30,1393.0,2026-03-02T14:30:00+05:30,1373.5,breakout_down,breakout_up,487.5,139.95,6.92,20.75,319.89,4.22
NSE:NIFTY,SHORT,4.418851928709672,2026-02-27T09:45:00+05:30,25330.0,2026-03-02T15:00:00+05:30,24904.8,breakout_down,breakout_up,1878.9,76.58,4.44,22.2,1775.68,3.22
NSE:SENSEX,SHORT,1.2466083140670516,2026-02-27T09:15:00+05:30,81870.34,2026-03-02T15:00:00+05:30,80344.53,breakout_down,breakout_up,1902.09,73.98,4.04,20.22,1803.84,3.24
NSE:LT,SHORT,10,2026-02-24T11:15:00+05:30,4377.8,2026-03-02T15:00:00+05:30,4072.9,breakout_down,breakout_up,3049.0,156.81,8.45,25.35,2858.39,6.16
NSE:ICICIBANK,LONG,25,2026-03-02T15:00:00+05:30,1376.9,2026-03-04T09:15:00+05:30,1345.8,breakout_up,breakout_down,-777.5,138.83,6.81,20.42,-943.55,1.76
NSE:INFY,SHORT,25,2026-03-02T09:15:00+05:30,1292.5,2026-03-04T09:15:00+05:30,1309.6,breakout_down,breakout_up,-427.5,135.45,6.51,19.52,-588.97,2.0
NSE:BHARTIARTL,SHORT,15,2026-02-27T10:45:00+05:30,1888.5,2026-03-04T11:00:00+05:30,1891.0,breakout_down,breakout_up,-37.5,126.13,5.67,17.01,-186.31,5.01
NSE:NIFTY,SHORT,4.670771340303689,2026-03-04T09:15:00+05:30,24342.85,2026-03-04T14:00:00+05:30,24554.95,breakout_down,breakout_up,-990.67,77.17,4.57,22.84,-1095.24,0.2
NSE:SENSEX,SHORT,1.3218459302560381,2026-03-04T09:15:00+05:30,78570.95,2026-03-04T14:00:00+05:30,79352.63,breakout_down,breakout_up,-1033.26,74.58,4.18,20.88,-1132.89,0.2
NSE:ITC,LONG,120,2026-03-02T14:30:00+05:30,315.45,2026-03-05T09:15:00+05:30,310.25,breakout_up,breakout_down,-624.0,146.61,7.51,22.53,-800.65,2.78
NSE:TATASTEEL,SHORT,330,2026-03-02T09:15:00+05:30,211.38,2026-03-05T09:15:00+05:30,199.15,breakout_down,breakout_up,4035.9,213.37,13.55,40.64,3768.34,3.0
NSE:ADANIGREEN,SHORT,120,2026-02-27T15:00:00+05:30,950.0,2026-03-05T09:15:00+05:30,886.25,breakout_down,breakout_up,7650.0,307.41,22.04,66.1,7254.45,5.76
NSE:LT,SHORT,15,2026-03-04T09:15:00+05:30,3796.5,2026-03-05T09:15:00+05:30,3929.0,breakout_down,breakout_up,-1987.5,192.05,11.59,34.76,-2225.9,1.0
NSE:BANKNIFTY,SHORT,1.3722893021799059,2026-02-24T12:45:00+05:30,60957.2,2026-03-05T11:00:00+05:30,59093.05,breakout_down,breakout_up,2558.15,69.11,3.29,16.47,2469.27,8.93
NSE:ICICIBANK,LONG,25,2026-03-04T14:00:00+05:30,1370.0,2026-03-05T13:30:00+05:30,1350.6,breakout_up,breakout_down,-485.0,138.75,6.8,20.4,-650.95,0.98
NSE:BHARTIARTL,LONG,15,2026-03-04T13:15:00+05:30,1900.4,2026-03-05T14:00:00+05:30,1901.5,breakout_up,breakout_down,16.5,126.5,5.7,17.11,-132.81,1.03
NSE:TCS,SHORT,15,2026-03-02T09:15:00+05:30,2603.0,2026-03-05T14:30:00+05:30,2574.7,breakout_down,breakout_up,424.5,149.4,7.77,23.3,244.03,3.22
NSE:INFY,SHORT,25,2026-03-05T10:15:00+05:30,1293.3,2026-03-05T14:30:00+05:30,1306.9,breakout_down,breakout_up,-340.0,58.62,6.5,19.5,-424.62,0.18
NSE:HINDUNILVR,SHORT,10,2026-02-27T09:30:00+05:30,2351.7,2026-03-05T14:30:00+05:30,2251.8,breakout_down,breakout_up,999.0,114.21,4.6,13.81,866.38,6.21
NSE:WIPRO,SHORT,285,2026-02-27T15:00:00+05:30,200.95,2026-03-05T14:30:00+05:30,195.39,breakout_down,breakout_up,1584.6,188.53,11.3,33.89,1350.89,5.98
NSE:TATACONSUM,SHORT,5,2026-02-25T12:30:00+05:30,1164.4,2026-03-05T14:30:00+05:30,1115.5,breakout_down,breakout_up,244.5,75.78,1.14,3.42,164.16,8.08
NSE:BANKNIFTY,SHORT,1.4699783570407758,2026-03-05T13:45:00+05:30,58581.0,2026-03-05T14:45:00+05:30,59257.7,breakout_down,breakout_up,-994.73,69.91,3.46,17.32,-1085.43,0.04
NSE:ITC,SHORT,120,2026-03-05T10:00:00+05:30,309.15,2026-03-05T14:45:00+05:30,312.8,breakout_down,breakout_up,-438.0,60.3,7.46,22.39,-528.16,0.2
NSE:HCLTECH,SHORT,25,2026-02-27T15:15:00+05:30,1382.0,2026-03-05T14:45:00+05:30,1356.9,breakout_down,breakout_up,627.5,139.17,6.85,20.54,460.94,5.98
NSE:ADANIGREEN,SHORT,145,2026-03-05T11:15:00+05:30,867.8,2026-03-05T14:45:00+05:30,886.7,breakout_down,breakout_up,-2740.5,91.73,25.44,76.32,-2933.99,0.15
NSE:HINDUNILVR,LONG,15,2026-03-05T14:45:00+05:30,2259.5,2026-03-06T10:30:00+05:30,2229.5,breakout_up,breakout_down,-450.0,137.99,6.73,20.2,-614.92,0.82
NSE:TCS,LONG,15,2026-03-05T14:45:00+05:30,2587.5,2026-03-06T13:15:00+05:30,2566.0,breakout_up,breakout_down,-322.5,149.05,7.73,23.19,-502.48,0.94
NSE:NIFTY,LONG,4.581515289301678,2026-03-04T14:30:00+05:30,24578.75,2026-03-06T13:45:00+05:30,24554.9,breakout_up,breakout_down,-109.27,76.81,4.5,22.51,-213.09,1.97
NSE:SENSEX,LONG,1.292917881133004,2026-03-04T14:30:00+05:30,79455.31,2026-03-06T13:45:00+05:30,79248.9,breakout_up,breakout_down,-266.87,74.18,4.1,20.52,-365.67,1.97
NSE:TATASTEEL,LONG,365,2026-03-05T10:15:00+05:30,201.5,2026-03-06T14:45:00+05:30,199.06,breakout_up,breakout_down,-890.6,225.66,14.62,43.86,-1174.74,1.19
NSE:WIPRO,LONG,300,2026-03-05T14:45:00+05:30,195.66,2026-03-06T14:45:00+05:30,195.43,breakout_up,breakout_down,-69.0,193.51,11.73,35.2,-309.44,1.0
NSE:HCLTECH,LONG,25,2026-03-06T09:15:00+05:30,1378.2,2026-03-06T14:45:00+05:30,1359.6,breakout_up,breakout_down,-465.0,59.21,6.84,20.53,-551.59,0.23
NSE:ADANIGREEN,LONG,135,2026-03-06T09:15:00+05:30,893.9,2026-03-06T14:45:00+05:30,860.7,breakout_up,breakout_down,-4482.0,88.45,23.69,71.06,-4665.2,0.23
NSE:INFY,LONG,20,2026-03-05T14:45:00+05:30,1309.6,2026-03-09T09:15:00+05:30,1295.0,breakout_up,breakout_down,-292.0,121.04,5.21,15.63,-433.87,3.77
NSE:TATACONSUM,LONG,10,2026-03-05T14:45:00+05:30,1121.5,2026-03-09T09:15:00+05:30,1093.6,breakout_up,breakout_down,-279.0,87.77,2.22,6.65,-375.63,3.77
NSE:LT,LONG,15,2026-03-05T09:30:00+05:30,3961.9,2026-03-09T09:15:00+05:30,3763.1,breakout_up,breakout_down,-2982.0,192.12,11.59,34.76,-3220.47,3.99
NSE:HCLTECH,SHORT,25,2026-03-09T09:15:00+05:30,1341.1,2026-03-09T11:00:00+05:30,1368.5,breakout_down,breakout_up,-685.0,59.06,6.77,20.32,-771.16,0.07
NSE:WIPRO,SHORT,300,2026-03-09T09:15:00+05:30,194.16,2026-03-09T11:15:00+05:30,196.77,breakout_down,breakout_up,-783.0,67.78,11.73,35.18,-897.69,0.08
NSE:NIFTY,SHORT,4.590839660151339,2026-03-06T14:45:00+05:30,24482.55,2026-03-09T14:30:00+05:30,23946.95,breakout_down,breakout_up,2458.85,76.68,4.45,22.23,2355.5,2.99
NSE:SENSEX,SHORT,1.2950578824134735,2026-03-06T14:45:00+05:30,79042.5,2026-03-09T14:30:00+05:30,77296.55,breakout_down,breakout_up,2261.11,74.05,4.05,20.25,2162.76,2.99
NSE:SBIN,SHORT,40,2026-03-02T09:15:00+05:30,1192.1,2026-03-09T14:45:00+05:30,1095.0,breakout_down,breakout_up,3884.0,164.5,9.15,27.45,3682.91,7.23
NSE:BANKNIFTY,SHORT,1.4548665751219374,2026-03-06T10:00:00+05:30,58445.65,2026-03-09T15:00:00+05:30,56082.5,breakout_down,breakout_up,3438.07,69.44,3.33,16.66,3348.64,3.21
NSE:ADANIGREEN,SHORT,135,2026-03-06T15:00:00+05:30,859.6,2026-03-09T15:00:00+05:30,855.75,breakout_down,breakout_up,519.75,320.42,23.16,69.47,106.7,3.0
NSE:ICICIBANK,SHORT,25,2026-03-05T13:45:00+05:30,1348.7,2026-03-10T09:15:00+05:30,1296.6,breakout_down,breakout_up,1302.5,136.52,6.61,19.84,1139.53,4.81
NSE:TATASTEEL,SHORT,365,2026-03-06T15:00:00+05:30,198.36,2026-03-10T09:15:00+05:30,193.75,breakout_down,breakout_up,1682.65,222.04,14.31,42.94,1403.36,3.76
NSE:HINDUNILVR,SHORT,15,2026-03-06T10:45:00+05:30,2226.5,2026-03-10T09:15:00+05:30,2203.3,breakout_down,breakout_up,348.0,136.94,6.64,19.93,184.48,3.94
NSE:INFY,LONG,20,2026-03-09T14:30:00+05:30,1308.2,2026-03-10T11:45:00+05:30,1291.8,breakout_up,breakout_down,-328.0,120.94,5.2,15.6,-469.74,0.89
NSE:ITC,SHORT,120,2026-03-09T09:15:00+05:30,304.15,2026-03-10T13:15:00+05:30,309.05,breakout_down,breakout_up,-588.0,144.94,7.36,22.08,-762.38,1.17
NSE:ICICIBANK,LONG,25,2026-03-10T10:30:00+05:30,1305.4,2026-03-11T09:15:00+05:30,1299.4,breakout_up,breakout_down,-150.0,135.5,6.51,19.54,-311.55,0.95
NSE:TATACONSUM,LONG,10,2026-03-09T14:30:00+05:30,1101.5,2026-03-11T09:15:00+05:30,1091.3,breakout_up,breakout_down,-102.0,87.5,2.19,6.58,-198.28,1.78
NSE:SENSEX,LONG,1.3483595273567142,2026-03-09T14:45:00+05:30,77517.09,2026-03-11T09:45:00+05:30,77814.78,breakout_up,breakout_down,401.39,74.8,4.19,20.94,301.46,1.79
NSE:NIFTY,LONG,4.778806013208399,2026-03-09T14:45:00+05:30,24011.0,2026-03-11T10:00:00+05:30,24116.5,breakout_up,breakout_down,504.16,77.51,4.6,23.0,399.05,1.8
NSE:BANKNIFTY,LONG,1.5621758910141381,2026-03-10T09:15:00+05:30,56568.05,2026-03-11T10:00:00+05:30,56541.7,breakout_up,breakout_down,-41.16,70.45,3.53,17.67,-132.82,1.03
NSE:SBIN,LONG,45,2026-03-09T15:00:00+05:30,1100.8,2026-03-11T11:30:00+05:30,1100.8,breakout_up,breakout_down,0.0,173.22,9.91,29.72,-212.85,1.85
NSE:LT,LONG,15,2026-03-09T14:15:00+05:30,3821.2,2026-03-11T13:00:00+05:30,3839.6,breakout_up,breakout_down,276.0,190.8,11.49,34.47,39.23,1.95
NSE:ADANIGREEN,LONG,135,2026-03-11T09:15:00+05:30,873.95,2026-03-11T14:45:00+05:30,850.7,breakout_up,breakout_down,-3138.75,87.89,23.28,69.85,-3319.77,0.23
NSE:HCLTECH,LONG,25,2026-03-09T11:15:00+05:30,1370.6,2026-03-11T15:00:00+05:30,1348.9,breakout_up,breakout_down,-542.5,138.72,6.8,20.4,-708.42,2.16
NSE:TATASTEEL,LONG,370,2026-03-11T09:15:00+05:30,198.12,2026-03-12T09:15:00+05:30,191.03,breakout_up,breakout_down,-2623.3,223.33,14.4,43.2,-2904.22,1.0
NSE:WIPRO,LONG,290,2026-03-09T14:45:00+05:30,197.77,2026-03-12T09:15:00+05:30,201.1,breakout_up,breakout_down,965.7,191.6,11.57,34.7,727.84,2.77
NSE:ADANIGREEN,SHORT,135,2026-03-11T15:00:00+05:30,848.0,2026-03-12T12:00:00+05:30,869.35,breakout_down,breakout_up,-2882.25,320.98,23.18,69.55,-3295.96,0.88
NSE:HINDUNILVR,SHORT,15,2026-03-11T10:00:00+05:30,2172.5,2026-03-13T09:15:00+05:30,2154.0,breakout_down,breakout_up,277.5,135.22,6.49,19.47,116.32,1.97
NSE:WIPRO,LONG,285,2026-03-12T13:15:00+05:30,203.56,2026-03-13T09:15:00+05:30,201.18,breakout_up,breakout_down,-678.3,191.36,11.54,34.61,-915.8,0.83
NSE:HCLTECH,LONG,20,2026-03-12T11:45:00+05:30,1362.5,2026-03-13T09:15:00+05:30,1344.0,breakout_up,breakout_down,-370.0,123.31,5.41,16.24,-514.96,0.9
NSE:TATACONSUM,SHORT,10,2026-03-11T09:30:00+05:30,1087.7,2026-03-13T09:30:00+05:30,1069.2,breakout_down,breakout_up,185.0,87.08,2.16,6.47,89.29,2.0
NSE:ADANIGREEN,LONG,125,2026-03-12T12:30:00+05:30,873.35,2026-03-13T09:45:00+05:30,850.3,breakout_up,breakout_down,-2881.25,302.77,21.55,64.64,-3270.2,0.89
NSE:ADANIGREEN,SHORT,125,2026-03-13T10:00:00+05:30,845.8,2026-03-13T14:30:00+05:30,866.45,breakout_down,breakout_up,-2581.25,84.63,21.4,64.21,-2751.5,0.19
NSE:HINDUNILVR,LONG,15,2026-03-13T09:30:00+05:30,2165.7,2026-03-16T13:45:00+05:30,2155.2,breakout_up,breakout_down,-157.5,135.16,6.48,19.44,-318.59,3.18
NSE:NIFTY,SHORT,4.782806902751407,2026-03-11T10:30:00+05:30,24074.1,2026-03-16T14:15:00+05:30,23347.85,breakout_down,breakout_up,3473.51,77.36,4.54,22.68,3368.94,5.16
NSE:BANKNIFTY,SHORT,1.5648461885665221,2026-03-11T10:30:00+05:30,56386.9,2026-03-16T14:15:00+05:30,54193.9,breakout_down,breakout_up,3431.71,70.28,3.46,17.3,3340.66,5.16
NSE:SENSEX,SHORT,1.348686696059133,2026-03-11T10:00:00+05:30,77721.14,2026-03-16T14:15:00+05:30,75264.92,breakout_down,breakout_up,3312.67,74.65,4.13,20.63,3213.26,5.18
NSE:ICICIBANK,SHORT,25,2026-03-11T10:30:00+05:30,1294.5,2026-03-16T14:15:00+05:30,1268.2,breakout_down,breakout_up,657.5,134.27,6.41,19.22,497.6,5.16
NSE:INFY,SHORT,20,2026-03-10T12:15:00+05:30,1289.9,2026-03-16T14:15:00+05:30,1244.9,breakout_down,breakout_up,900.0,119.4,5.07,15.21,760.32,6.08
NSE:ITC,SHORT,115,2026-03-11T13:00:00+05:30,307.95,2026-03-16T14:15:00+05:30,307.0,breakout_down,breakout_up,109.25,141.71,7.07,21.22,-60.74,5.05
NSE:TCS,SHORT,15,2026-03-06T14:45:00+05:30,2558.7,2026-03-16T14:30:00+05:30,2408.7,breakout_down,breakout_up,2250.0,145.76,7.45,22.35,2074.44,9.99
NSE:SBIN,SHORT,45,2026-03-11T13:30:00+05:30,1095.1,2026-03-16T14:30:00+05:30,1068.5,breakout_down,breakout_up,1197.0,171.23,9.74,29.21,986.82,5.04
NSE:TATASTEEL,SHORT,375,2026-03-13T09:15:00+05:30,189.18,2026-03-16T14:30:00+05:30,187.03,breakout_down,breakout_up,806.25,219.84,14.11,42.32,529.98,3.22
NSE:HCLTECH,SHORT,20,2026-03-13T13:00:00+05:30,1332.8,2026-03-16T14:30:00+05:30,1331.5,breakout_down,breakout_up,26.0,122.34,5.33,15.99,-117.66,3.06
NSE:LT,SHORT,15,2026-03-12T09:15:00+05:30,3774.4,2026-03-16T14:45:00+05:30,3486.1,breakout_down,breakout_up,4324.5,183.83,10.89,32.67,4097.11,4.23
NSE:INFY,LONG,25,2026-03-16T14:30:00+05:30,1248.9,2026-03-17T09:15:00+05:30,1223.8,breakout_up,breakout_down,-627.5,131.87,6.18,18.55,-784.1,0.78
NSE:BHARTIARTL,SHORT,15,2026-03-06T09:15:00+05:30,1889.9,2026-03-17T09:15:00+05:30,1811.9,breakout_down,breakout_up,1170.0,124.75,5.55,16.66,1023.04,11.0
NSE:HINDUNILVR,LONG,15,2026-03-16T14:30:00+05:30,2181.7,2026-03-17T11:30:00+05:30,2149.5,breakout_up,breakout_down,-483.0,135.36,6.5,19.49,-644.35,0.88
NSE:TATACONSUM,LONG,10,2026-03-13T10:45:00+05:30,1076.8,2026-03-17T12:30:00+05:30,1080.3,breakout_up,breakout_down,35.0,87.1,2.16,6.47,-60.73,4.07
NSE:ADANIGREEN,SHORT,120,2026-03-17T09:45:00+05:30,856.55,2026-03-17T14:30:00+05:30,865.85,breakout_down,breakout_up,-1116.0,83.5,20.67,62.01,-1282.18,0.2
NSE:WIPRO,SHORT,285,2026-03-13T11:00:00+05:30,199.97,2026-03-17T14:45:00+05:30,192.29,breakout_down,breakout_up,2188.8,187.19,11.18,33.54,1956.89,4.16
NSE:ITC,LONG,115,2026-03-16T14:30:00+05:30,308.8,2026-03-17T15:15:00+05:30,304.45,breakout_up,breakout_down,-500.25,141.54,7.05,21.16,-669.99,1.03
NSE:ICICIBANK,LONG,25,2026-03-16T14:45:00+05:30,1274.0,2026-03-18T10:00:00+05:30,1272.2,breakout_up,breakout_down,-45.0,133.87,6.37,19.1,-204.33,1.8
NSE:TCS,LONG,20,2026-03-16T14:45:00+05:30,2416.0,2026-03-18T14:30:00+05:30,2448.2,breakout_up,breakout_down,644.0,171.19,9.73,29.19,433.9,1.99
NSE:INFY,LONG,25,2026-03-18T09:15:00+05:30,1257.1,2026-03-18T15:00:00+05:30,1267.3,breakout_up,breakout_down,255.0,58.35,6.31,18.93,171.41,0.24
NSE:WIPRO,LONG,305,2026-03-18T09:15:00+05:30,196.0,2026-03-18T15:00:00+05:30,194.39,breakout_up,breakout_down,-491.05,68.13,11.91,35.72,-606.81,0.24
NSE:NIFTY,LONG,5.058109554695643,2026-03-16T14:30:00+05:30,23427.85,2026-03-19T09:15:00+05:30,23316.05,breakout_up,breakout_down,-565.5,78.26,4.73,23.64,-672.13,2.78
NSE:BANKNIFTY,LONG,1.682711009620604,2026-03-16T14:30:00+05:30,54416.65,2026-03-19T09:15:00+05:30,53996.9,breakout_up,breakout_down,-706.32,71.14,3.65,18.24,-799.35,2.78
NSE:SENSEX,LONG,1.4299625332127888,2026-03-16T14:30:00+05:30,75544.02,2026-03-19T09:15:00+05:30,75166.57,breakout_up,breakout_down,-539.74,75.51,4.31,21.55,-641.11,2.78
NSE:ICICIBANK,LONG,25,2026-03-18T11:45:00+05:30,1296.1,2026-03-19T09:15:00+05:30,1265.0,breakout_up,breakout_down,-777.5,134.34,6.4,19.21,-937.45,0.9
NSE:SBIN,LONG,45,2026-03-17T14:45:00+05:30,1070.0,2026-03-19T09:15:00+05:30,1052.3,breakout_up,breakout_down,-796.5,169.32,9.55,28.65,-1004.02,1.77
NSE:TATASTEEL,LONG,380,2026-03-16T14:45:00+05:30,187.47,2026-03-19T09:15:00+05:30,193.27,breakout_up,breakout_down,2204.0,223.74,14.47,43.4,1922.39,2.77
NSE:HCLTECH,LONG,20,2026-03-18T09:15:00+05:30,1350.0,2026-03-19T09:15:00+05:30,1340.2,breakout_up,breakout_down,-196.0,122.93,5.38,16.14,-340.45,1.0
NSE:BHARTIARTL,LONG,15,2026-03-17T10:30:00+05:30,1821.6,2026-03-19T09:15:00+05:30,1834.0,breakout_up,breakout_down,186.0,124.05,5.48,16.45,40.02,1.95
NSE:LT,LONG,15,2026-03-17T10:00:00+05:30,3496.9,2026-03-19T09:15:00+05:30,3485.9,breakout_up,breakout_down,-165.0,179.53,10.47,31.42,-386.43,1.97
NSE:ADANIGREEN,LONG,115,2026-03-17T14:45:00+05:30,871.95,2026-03-19T12:30:00+05:30,865.8,breakout_up,breakout_down,-707.25,285.25,19.98,59.95,-1072.44,1.91
NSE:BANKNIFTY,SHORT,1.7034961083404863,2026-03-19T14:45:00+05:30,53284.85,2026-03-20T09:15:00+05:30,54207.35,breakout_down,breakout_up,-1571.48,71.16,3.66,18.31,-1664.6,0.77
NSE:INFY,SHORT,25,2026-03-19T09:15:00+05:30,1240.8,2026-03-20T09:15:00+05:30,1248.0,breakout_down,breakout_up,-180.0,132.28,6.22,18.67,-337.17,1.0
NSE:SBIN,SHORT,45,2026-03-19T14:45:00+05:30,1042.2,2026-03-20T09:15:00+05:30,1079.0,breakout_down,breakout_up,-1656.0,169.33,9.55,28.64,-1863.51,0.77
NSE:TATASTEEL,SHORT,385,2026-03-19T14:45:00+05:30,190.31,2026-03-20T09:15:00+05:30,197.67,breakout_down,breakout_up,-2833.6,229.33,14.94,44.81,-3122.68,0.77
NSE:WIPRO,SHORT,310,2026-03-19T09:15:00+05:30,190.9,2026-03-20T09:15:00+05:30,191.08,breakout_down,breakout_up,-55.8,194.72,11.84,35.52,-297.88,1.0
NSE:HCLTECH,SHORT,20,2026-03-19T10:15:00+05:30,1334.9,2026-03-20T09:15:00+05:30,1338.0,breakout_down,breakout_up,-62.0,122.54,5.35,16.04,-205.92,0.96
NSE:ADANIGREEN,SHORT,120,2026-03-19T13:00:00+05:30,862.0,2026-03-20T09:15:00+05:30,881.9,breakout_down,breakout_up,-2388.0,295.85,20.93,62.78,-2767.56,0.84
NSE:LT,SHORT,15,2026-03-19T11:00:00+05:30,3458.9,2026-03-20T09:15:00+05:30,3514.8,breakout_down,breakout_up,-838.5,179.43,10.46,31.38,-1059.78,0.93
NSE:ITC,SHORT,115,2026-03-19T09:15:00+05:30,301.25,2026-03-20T09:30:00+05:30,302.75,breakout_down,breakout_up,-172.5,140.33,6.95,20.84,-340.61,1.01
NSE:TATACONSUM,SHORT,10,2026-03-17T15:00:00+05:30,1077.3,2026-03-20T11:15:00+05:30,1055.5,breakout_down,breakout_up,218.0,86.81,2.13,6.4,122.65,2.84
NSE:BHARTIARTL,SHORT,15,2026-03-19T14:45:00+05:30,1821.6,2026-03-20T13:15:00+05:30,1859.4,breakout_down,breakout_up,-567.0,124.53,5.52,16.56,-713.61,0.94
NSE:INFY,LONG,25,2026-03-20T10:15:00+05:30,1253.5,2026-03-20T14:30:00+05:30,1232.0,breakout_up,breakout_down,-537.5,58.09,6.21,18.64,-620.45,0.18
NSE:SBIN,LONG,45,2026-03-20T09:30:00+05:30,1083.4,2026-03-20T14:30:00+05:30,1058.2,breakout_up,breakout_down,-1134.0,64.06,9.64,28.91,-1236.61,0.21
NSE:TATASTEEL,LONG,355,2026-03-20T09:30:00+05:30,197.8,2026-03-20T14:30:00+05:30,195.77,breakout_up,breakout_down,-720.65,71.74,13.97,41.92,-848.28,0.21
NSE:INFY,SHORT,25,2026-03-20T14:45:00+05:30,1231.8,2026-03-20T15:00:00+05:30,1255.0,breakout_down,breakout_up,-580.0,58.09,6.22,18.65,-662.96,0.01
NSE:ITC,LONG,110,2026-03-20T09:45:00+05:30,303.85,2026-03-20T15:00:00+05:30,300.05,breakout_up,breakout_down,-418.0,58.86,6.64,19.93,-503.43,0.22
NSE:HCLTECH,LONG,20,2026-03-20T09:45:00+05:30,1344.3,2026-03-20T15:00:00+05:30,1330.8,breakout_up,breakout_down,-270.0,56.6,5.35,16.05,-348.0,0.22
NSE:ADANIGREEN,LONG,110,2026-03-20T09:30:00+05:30,885.3,2026-03-23T09:15:00+05:30,842.95,breakout_up,breakout_down,-4658.5,274.73,19.01,57.03,-5009.27,2.99
NSE:SBIN,SHORT,45,2026-03-20T14:45:00+05:30,1056.3,2026-03-23T14:00:00+05:30,1042.2,breakout_down,breakout_up,634.5,168.02,9.44,28.33,428.71,2.97
NSE:NIFTY,SHORT,5.084018213187592,2026-03-19T13:15:00+05:30,23176.65,2026-03-24T09:15:00+05:30,22839.9,breakout_down,breakout_up,1712.04,78.14,4.68,23.39,1605.83,4.83
NSE:BANKNIFTY,SHORT,1.6680626586608285,2026-03-20T14:30:00+05:30,53421.8,2026-03-24T09:15:00+05:30,52425.45,breakout_down,breakout_up,1661.97,70.58,3.53,17.66,1570.2,3.78
NSE:SENSEX,SHORT,1.4396013291340102,2026-03-19T14:00:00+05:30,74594.21,2026-03-24T09:15:00+05:30,73735.55,breakout_down,breakout_up,1236.13,75.41,4.27,21.35,1135.09,4.8
NSE:ICICIBANK,SHORT,25,2026-03-19T14:30:00+05:30,1256.0,2026-03-24T09:15:00+05:30,1241.1,breakout_down,breakout_up,372.5,132.47,6.24,18.73,215.06,4.78
NSE:TATASTEEL,SHORT,355,2026-03-20T14:45:00+05:30,195.64,2026-03-24T09:15:00+05:30,191.25,breakout_down,breakout_up,1558.45,215.64,13.73,41.2,1287.88,3.77
NSE:ADANIGREEN,SHORT,110,2026-03-23T09:45:00+05:30,840.9,2026-03-24T09:15:00+05:30,828.45,breakout_down,breakout_up,1369.5,267.08,18.36,55.09,1028.97,0.98
NSE:BHARTIARTL,SHORT,15,2026-03-23T09:15:00+05:30,1812.0,2026-03-24T09:15:00+05:30,1812.3,breakout_down,breakout_up,-4.5,123.54,5.44,16.31,-149.79,1.0
NSE:LT,SHORT,15,2026-03-23T09:15:00+05:30,3364.1,2026-03-24T09:15:00+05:30,3419.0,breakout_down,breakout_up,-823.5,176.26,10.17,30.52,-1040.45,1.0
NSE:TCS,SHORT,20,2026-03-18T15:00:00+05:30,2440.8,2026-03-24T11:15:00+05:30,2421.1,breakout_down,breakout_up,394.0,171.15,9.72,29.17,183.95,5.84
NSE:HINDUNILVR,SHORT,15,2026-03-18T11:15:00+05:30,2149.8,2026-03-24T12:15:00+05:30,2097.7,breakout_down,breakout_up,781.5,133.87,6.37,19.11,622.14,6.04
NSE:ADANIGREEN,SHORT,120,2026-03-24T10:30:00+05:30,805.0,2026-03-24T12:30:00+05:30,836.4,breakout_down,breakout_up,-3768.0,81.5,19.7,59.09,-3928.28,0.08
NSE:TATACONSUM,SHORT,10,2026-03-20T14:30:00+05:30,1044.7,2026-03-24T12:45:00+05:30,1048.1,breakout_down,breakout_up,-34.0,86.39,2.09,6.28,-128.76,3.93
NSE:INFY,LONG,20,2026-03-23T14:45:00+05:30,1260.9,2026-03-25T09:15:00+05:30,1268.7,breakout_up,breakout_down,156.0,119.34,5.06,15.18,16.43,1.77
NSE:ITC,SHORT,110,2026-03-20T15:15:00+05:30,299.8,2026-03-25T09:15:00+05:30,294.5,breakout_down,breakout_up,583.0,135.73,6.54,19.61,421.12,4.75
NSE:HCLTECH,LONG,20,2026-03-23T10:45:00+05:30,1351.7,2026-03-25T09:15:00+05:30,1364.6,breakout_up,breakout_down,258.0,123.48,5.43,16.3,112.79,1.94
NSE:BHARTIARTL,SHORT,15,2026-03-24T10:30:00+05:30,1784.9,2026-03-25T11:15:00+05:30,1825.7,breakout_down,breakout_up,-612.0,123.36,5.42,16.25,-757.02,1.03
NSE:TCS,LONG,20,2026-03-24T11:30:00+05:30,2424.0,2026-03-25T14:15:00+05:30,2388.7,breakout_up,breakout_down,-706.0,170.14,9.63,28.88,-914.64,1.11
NSE:ADANIGREEN,LONG,105,2026-03-25T09:15:00+05:30,863.0,2026-03-25T14:15:00+05:30,853.6,breakout_up,breakout_down,-987.0,78.85,18.02,54.07,-1137.95,0.21
NSE:TATACONSUM,LONG,10,2026-03-24T13:30:00+05:30,1052.9,2026-03-25T15:00:00+05:30,1055.1,breakout_up,breakout_down,22.0,86.55,2.11,6.32,-72.98,1.06
NSE:NIFTY,LONG,5.2028096698524315,2026-03-24T12:30:00+05:30,22955.2,2026-03-27T09:15:00+05:30,23056.8,breakout_up,breakout_down,528.61,78.75,4.79,23.94,421.13,2.86
NSE:BANKNIFTY,LONG,1.7232130122702043,2026-03-24T12:30:00+05:30,52620.55,2026-03-27T09:15:00+05:30,52810.7,breakout_up,breakout_down,327.67,71.14,3.63,18.17,234.73,2.86
NSE:SENSEX,LONG,1.4590074886601392,2026-03-24T13:15:00+05:30,74377.7,2026-03-27T09:15:00+05:30,74433.48,breakout_up,breakout_down,81.38,75.78,4.34,21.71,-20.45,2.83
NSE:ICICIBANK,LONG,25,2026-03-24T13:30:00+05:30,1248.6,2026-03-27T09:15:00+05:30,1251.1,breakout_up,breakout_down,62.5,132.57,6.25,18.75,-95.07,2.82
NSE:ITC,LONG,115,2026-03-25T09:30:00+05:30,296.25,2026-03-27T09:15:00+05:30,294.6,breakout_up,breakout_down,-189.75,138.65,6.79,20.38,-355.58,1.99
NSE:SBIN,LONG,45,2026-03-24T09:15:00+05:30,1048.2,2026-03-27T09:15:00+05:30,1042.2,breakout_up,breakout_down,-270.0,167.68,9.41,28.22,-475.31,3.0
NSE:HINDUNILVR,LONG,15,2026-03-24T13:15:00+05:30,2109.3,2026-03-27T09:15:00+05:30,2109.1,breakout_up,breakout_down,-3.0,133.44,6.33,18.98,-161.75,2.83
NSE:LT,LONG,15,2026-03-24T12:30:00+05:30,3481.1,2026-03-27T09:15:00+05:30,3569.6,breakout_up,breakout_down,1327.5,180.55,10.58,31.73,1104.64,2.86
NSE:WIPRO,SHORT,310,2026-03-20T14:30:00+05:30,188.72,2026-03-27T12:15:00+05:30,191.52,breakout_down,breakout_up,-868.0,194.18,11.79,35.36,-1109.33,6.91
NSE:TCS,SHORT,20,2026-03-25T14:45:00+05:30,2382.7,2026-03-27T12:30:00+05:30,2421.0,breakout_down,breakout_up,-766.0,169.95,9.61,28.82,-974.38,1.91
NSE:HCLTECH,LONG,20,2026-03-25T11:00:00+05:30,1396.1,2026-03-27T14:00:00+05:30,1370.1,breakout_up,breakout_down,-520.0,124.65,5.53,16.6,-666.78,2.12
NSE:TATASTEEL,LONG,360,2026-03-25T09:15:00+05:30,194.97,2026-03-30T09:15:00+05:30,191.3,breakout_up,breakout_down,-1321.2,217.75,13.91,41.72,-1594.58,5.0
NSE:BHARTIARTL,LONG,15,2026-03-25T11:30:00+05:30,1827.9,2026-03-30T09:15:00+05:30,1810.4,breakout_up,breakout_down,-262.5,123.79,5.46,16.37,-408.12,4.91
NSE:WIPRO,LONG,300,2026-03-27T12:30:00+05:30,192.25,2026-03-30T13:45:00+05:30,188.4,breakout_up,breakout_down,-1155.0,190.11,11.42,34.26,-1390.79,3.05
NSE:NIFTY,SHORT,5.212687114357185,2026-03-27T09:45:00+05:30,22992.25,2026-04-01T09:15:00+05:30,22929.75,breakout_down,breakout_up,325.79,78.73,4.79,23.94,218.34,4.98
NSE:BANKNIFTY,SHORT,1.7256600105677686,2026-03-27T09:45:00+05:30,52681.55,2026-04-01T09:15:00+05:30,51771.45,breakout_down,breakout_up,1570.52,71.06,3.61,18.03,1477.83,4.98
NSE:SENSEX,SHORT,1.4612077604367475,2026-03-27T09:45:00+05:30,74251.75,2026-04-01T09:15:00+05:30,73889.13,breakout_down,breakout_up,529.86,75.73,4.33,21.65,428.15,4.98
NSE:ICICIBANK,SHORT,25,2026-03-27T11:15:00+05:30,1245.6,2026-04-01T09:15:00+05:30,1223.2,breakout_down,breakout_up,560.0,131.67,6.17,18.52,403.64,4.92
NSE:TCS,SHORT,20,2026-03-27T14:15:00+05:30,2396.7,2026-04-01T09:15:00+05:30,2442.0,breakout_down,breakout_up,-906.0,170.74,9.68,29.03,-1115.45,4.79
NSE:INFY,SHORT,20,2026-03-27T11:15:00+05:30,1272.2,2026-04-01T09:15:00+05:30,1282.9,breakout_down,breakout_up,-214.0,119.93,5.11,15.33,-354.37,4.92
NSE:ITC,SHORT,115,2026-03-27T09:45:00+05:30,293.0,2026-04-01T09:15:00+05:30,294.0,breakout_down,breakout_up,-115.0,138.15,6.75,20.25,-280.15,4.98
NSE:SBIN,SHORT,45,2026-03-27T14:00:00+05:30,1036.8,2026-04-01T09:15:00+05:30,1010.85,breakout_down,breakout_up,1167.75,165.44,9.21,27.64,965.46,4.8
NSE:HINDUNILVR,SHORT,15,2026-03-27T10:00:00+05:30,2098.8,2026-04-01T09:15:00+05:30,2091.6,breakout_down,breakout_up,108.0,132.97,6.29,18.86,-50.11,4.97
NSE:WIPRO,SHORT,300,2026-03-30T14:00:00+05:30,187.81,2026-04-01T09:15:00+05:30,192.98,breakout_down,breakout_up,-1551.0,190.19,11.42,34.27,-1786.88,1.8
NSE:HCLTECH,SHORT,20,2026-03-27T14:30:00+05:30,1367.7,2026-04-01T09:15:00+05:30,1381.0,breakout_down,breakout_up,-266.0,124.24,5.5,16.49,-412.23,4.78
NSE:ADANIGREEN,SHORT,105,2026-03-27T09:15:00+05:30,846.4,2026-04-01T09:15:00+05:30,839.0,breakout_down,breakout_up,777.0,259.72,17.7,53.09,446.49,5.0
NSE:BHARTIARTL,SHORT,15,2026-03-30T14:15:00+05:30,1785.3,2026-04-01T09:15:00+05:30,1811.9,breakout_down,breakout_up,-399.0,123.12,5.4,16.19,-543.7,1.79
NSE:LT,SHORT,15,2026-03-30T09:15:00+05:30,3517.3,2026-04-01T09:15:00+05:30,3640.7,breakout_down,breakout_up,-1851.0,182.58,10.74,32.21,-2076.53,2.0
NSE:TCS,LONG,15,2026-04-01T09:30:00+05:30,2448.5,2026-04-01T14:30:00+05:30,2403.6,breakout_up,breakout_down,-673.5,59.95,7.28,21.83,-762.56,0.21
NSE:WIPRO,LONG,280,2026-04-01T09:45:00+05:30,193.6,2026-04-01T14:30:00+05:30,190.8,breakout_up,breakout_down,-784.0,66.08,10.76,32.29,-893.13,0.2
NSE:INFY,LONG,20,2026-04-01T10:00:00+05:30,1298.0,2026-04-01T14:45:00+05:30,1269.9,breakout_up,breakout_down,-562.0,56.19,5.14,15.41,-638.73,0.2
NSE:BANKNIFTY,LONG,1.782126923747829,2026-04-01T12:45:00+05:30,51839.1,2026-04-02T09:15:00+05:30,50104.3,breakout_up,breakout_down,-3091.63,97.62,3.63,18.17,-3211.05,0.85
NSE:SBIN,LONG,45,2026-04-01T12:00:00+05:30,1017.45,2026-04-02T09:15:00+05:30,986.5,breakout_up,breakout_down,-1392.75,163.44,9.02,27.05,-1592.26,0.89
NSE:TATASTEEL,LONG,350,2026-04-01T09:15:00+05:30,197.72,2026-04-02T09:15:00+05:30,190.22,breakout_up,breakout_down,-2625.0,214.21,13.58,40.73,-2893.52,1.0
NSE:ADANIGREEN,LONG,105,2026-04-01T09:45:00+05:30,842.45,2026-04-02T09:15:00+05:30,817.1,breakout_up,breakout_down,-2661.75,256.96,17.43,52.28,-2988.41,0.98
NSE:LT,LONG,15,2026-04-01T12:00:00+05:30,3659.2,2026-04-02T09:15:00+05:30,3495.8,breakout_up,breakout_down,-2451.0,182.58,10.73,32.2,-2676.51,0.89
NSE:WIPRO,SHORT,280,2026-04-02T09:15:00+05:30,190.1,2026-04-02T12:30:00+05:30,191.87,breakout_down,breakout_up,-495.6,65.99,10.7,32.09,-604.37,0.14
NSE:TATACONSUM,SHORT,10,2026-03-27T09:15:00+05:30,1047.1,2026-04-02T12:45:00+05:30,1030.3,breakout_down,breakout_up,168.0,86.2,2.08,6.23,73.49,6.15
NSE:NIFTY,SHORT,5.3977099929526595,2026-04-02T09:15:00+05:30,22244.45,2026-04-02T14:00:00+05:30,22627.25,breakout_down,breakout_up,-2066.24,114.91,4.84,24.22,-2210.22,0.2
NSE:SENSEX,SHORT,1.5186493478572918,2026-04-02T09:15:00+05:30,71724.33,2026-04-02T14:00:00+05:30,72964.58,breakout_down,breakout_up,-1883.5,108.62,4.39,21.97,-2018.5,0.2
NSE:SBIN,SHORT,45,2026-04-02T10:00:00+05:30,983.75,2026-04-02T14:00:00+05:30,1010.85,breakout_down,breakout_up,-1219.5,62.88,8.98,26.93,-1318.29,0.17
NSE:TATASTEEL,SHORT,350,2026-04-02T09:45:00+05:30,188.28,2026-04-02T14:00:00+05:30,193.99,breakout_down,breakout_up,-1998.5,70.56,13.38,40.14,-2122.58,0.18
NSE:HINDUNILVR,SHORT,15,2026-04-02T09:15:00+05:30,2038.1,2026-04-02T14:00:00+05:30,2055.5,breakout_down,breakout_up,-261.0,57.99,6.14,18.42,-343.55,0.2
NSE:ICICIBANK,SHORT,30,2026-04-02T09:15:00+05:30,1191.2,2026-04-02T14:15:00+05:30,1208.1,breakout_down,breakout_up,-507.0,59.83,7.2,21.59,-595.62,0.21
NSE:BHARTIARTL,SHORT,15,2026-04-01T14:45:00+05:30,1777.3,2026-04-02T14:15:00+05:30,1776.1,breakout_down,breakout_up,18.0,122.36,5.33,15.99,-125.68,0.98
NSE:ITC,SHORT,115,2026-04-02T09:15:00+05:30,289.55,2026-04-06T14:45:00+05:30,294.35,breakout_down,breakout_up,-552.0,137.79,6.71,20.14,-716.65,4.23
NSE:HCLTECH,LONG,20,2026-04-02T11:45:00+05:30,1369.6,2026-04-06T15:15:00+05:30,1400.0,breakout_up,breakout_down,608.0,124.64,5.54,16.62,461.21,4.15
NSE:HCLTECH,LONG,20,2026-04-07T09:45:00+05:30,1425.1,2026-04-08T10:15:00+05:30,1432.3,breakout_up,breakout_down,144.0,126.62,5.71,17.14,-5.48,1.02
NSE:SBIN,LONG,45,2026-04-02T14:15:00+05:30,1012.2,2026-04-08T14:00:00+05:30,1062.4,breakout_up,breakout_down,2259.0,166.7,9.34,28.01,2054.96,5.99
NSE:WIPRO,LONG,275,2026-04-02T12:45:00+05:30,192.2,2026-04-08T14:00:00+05:30,202.98,breakout_up,breakout_down,2964.5,183.67,10.87,32.6,2737.36,6.05
NSE:ICICIBANK,LONG,30,2026-04-02T15:00:00+05:30,1218.9,2026-04-09T09:15:00+05:30,1300.0,breakout_up,breakout_down,2433.0,146.92,7.56,22.67,2255.85,6.76
NSE:INFY,LONG,20,2026-04-02T13:15:00+05:30,1281.8,2026-04-09T09:15:00+05:30,1327.5,breakout_up,breakout_down,914.0,121.05,5.22,15.66,772.07,6.83
NSE:LT,LONG,15,2026-04-02T14:00:00+05:30,3599.0,2026-04-09T09:30:00+05:30,3934.1,breakout_up,breakout_down,5026.5,188.32,11.3,33.9,4792.98,6.81
NSE:NIFTY,LONG,5.200181134719207,2026-04-02T14:15:00+05:30,22665.65,2026-04-09T09:45:00+05:30,23786.3,breakout_up,breakout_down,5827.58,116.62,4.83,24.16,5681.98,6.81
NSE:BANKNIFTY,LONG,1.742699946111628,2026-04-02T14:00:00+05:30,51174.85,2026-04-09T09:45:00+05:30,55152.15,breakout_up,breakout_down,6931.24,101.04,3.71,18.53,6807.96,6.82
NSE:SENSEX,LONG,1.4616636541456154,2026-04-02T14:15:00+05:30,73143.81,2026-04-09T09:45:00+05:30,76725.24,breakout_up,breakout_down,5234.85,110.14,4.38,21.91,5098.42,6.81
NSE:HINDUNILVR,LONG,15,2026-04-02T14:15:00+05:30,2058.8,2026-04-09T09:45:00+05:30,2134.0,breakout_up,breakout_down,1128.0,132.93,6.29,18.87,969.91,6.81
NSE:TATACONSUM,LONG,10,2026-04-02T14:15:00+05:30,1031.7,2026-04-09T09:45:00+05:30,1060.9,breakout_up,breakout_down,292.0,86.36,2.09,6.28,197.27,6.81
NSE:BHARTIARTL,LONG,15,2026-04-02T15:00:00+05:30,1798.0,2026-04-09T09:45:00+05:30,1849.5,breakout_up,breakout_down,772.5,123.87,5.47,16.41,626.74,6.78
NSE:BHARTIARTL,SHORT,15,2026-04-09T10:30:00+05:30,1846.8,2026-04-09T15:00:00+05:30,1862.7,breakout_down,breakout_up,-238.5,56.98,5.56,16.69,-317.74,0.19
NSE:NIFTY,SHORT,5.207795284883204,2026-04-09T14:15:00+05:30,23720.3,2026-04-10T09:15:00+05:30,23937.35,breakout_down,breakout_up,-1130.35,116.82,4.96,24.82,-1276.95,0.79
NSE:BANKNIFTY,SHORT,1.7446285233958254,2026-04-09T12:45:00+05:30,55008.85,2026-04-10T09:15:00+05:30,55625.75,breakout_down,breakout_up,-1076.26,101.29,3.86,19.3,-1200.72,0.85
NSE:SENSEX,SHORT,1.4643313731472367,2026-04-09T14:15:00+05:30,76481.88,2026-04-10T09:15:00+05:30,77138.53,breakout_down,breakout_up,-961.55,110.31,4.5,22.5,-1098.86,0.79
NSE:ICICIBANK,SHORT,30,2026-04-09T09:30:00+05:30,1293.0,2026-04-10T09:15:00+05:30,1302.6,breakout_down,breakout_up,-288.0,149.68,7.79,23.36,-468.83,0.99
NSE:TCS,LONG,15,2026-04-02T13:15:00+05:30,2446.0,2026-04-10T09:15:00+05:30,2541.1,breakout_up,breakout_down,1426.5,146.15,7.48,22.44,1250.43,7.83
NSE:INFY,LONG,20,2026-04-09T15:00:00+05:30,1334.6,2026-04-10T09:15:00+05:30,1300.5,breakout_up,breakout_down,-682.0,121.74,5.27,15.81,-824.83,0.76
NSE:SBIN,SHORT,45,2026-04-08T15:00:00+05:30,1061.0,2026-04-10T09:15:00+05:30,1056.8,breakout_down,breakout_up,189.0,169.02,9.53,28.59,-18.14,1.76
NSE:HINDUNILVR,SHORT,15,2026-04-09T12:30:00+05:30,2129.8,2026-04-10T09:15:00+05:30,2151.4,breakout_down,breakout_up,-324.0,134.52,6.42,19.27,-484.2,0.86
NSE:WIPRO,SHORT,275,2026-04-09T14:15:00+05:30,201.94,2026-04-10T09:15:00+05:30,205.74,breakout_down,breakout_up,-1045.0,187.79,11.21,33.63,-1277.63,0.79
NSE:HCLTECH,LONG,20,2026-04-08T14:45:00+05:30,1460.5,2026-04-10T09:30:00+05:30,1430.0,breakout_up,breakout_down,-610.0,127.42,5.78,17.34,-760.54,1.78
NSE:LT,SHORT,15,2026-04-09T09:45:00+05:30,3930.1,2026-04-10T09:45:00+05:30,3946.2,breakout_down,breakout_up,-241.5,194.43,11.81,35.44,-483.19,1.0
NSE:HCLTECH,SHORT,20,2026-04-10T11:30:00+05:30,1422.3,2026-04-10T14:45:00+05:30,1445.7,breakout_down,breakout_up,-468.0,57.26,5.74,17.21,-548.2,0.14
NSE:WIPRO,SHORT,270,2026-04-10T10:45:00+05:30,201.44,2026-04-10T15:00:00+05:30,205.02,breakout_down,breakout_up,-966.6,66.43,10.97,32.92,-1076.93,0.18
NSE:NIFTY,LONG,5.096508239725774,2026-04-10T09:45:00+05:30,23988.45,2026-04-13T09:15:00+05:30,23604.7,breakout_up,breakout_down,-1955.79,115.03,4.85,24.26,-2099.93,2.98
NSE:BANKNIFTY,LONG,1.7015262086467646,2026-04-10T09:30:00+05:30,55698.75,2026-04-13T09:15:00+05:30,54614.45,breakout_up,breakout_down,-1844.96,99.61,3.75,18.77,-1967.1,2.99
NSE:SENSEX,LONG,1.433954087754601,2026-04-10T09:45:00+05:30,77338.07,2026-04-13T09:15:00+05:30,76065.26,breakout_up,breakout_down,-1825.15,108.71,4.4,22.0,-1960.25,2.98
NSE:ICICIBANK,LONG,25,2026-04-10T09:30:00+05:30,1313.5,2026-04-13T09:15:00+05:30,1301.3,breakout_up,breakout_down,-305.0,135.79,6.54,19.61,-466.94,2.99
NSE:ITC,LONG,110,2026-04-06T15:00:00+05:30,295.15,2026-04-13T09:15:00+05:30,299.55,breakout_up,breakout_down,484.0,135.79,6.54,19.63,322.05,6.76
NSE:SBIN,LONG,45,2026-04-10T10:00:00+05:30,1060.9,2026-04-13T09:15:00+05:30,1037.0,breakout_up,breakout_down,-1075.5,168.12,9.44,28.32,-1281.38,2.97
NSE:TATASTEEL,LONG,330,2026-04-02T15:00:00+05:30,194.59,2026-04-13T09:15:00+05:30,202.53,breakout_up,breakout_down,2620.2,208.56,13.1,39.31,2359.22,10.76
NSE:HINDUNILVR,LONG,15,2026-04-10T09:45:00+05:30,2158.9,2026-04-13T09:15:00+05:30,2128.9,breakout_up,breakout_down,-450.0,134.63,6.43,19.3,-610.36,2.98
NSE:TATACONSUM,LONG,10,2026-04-09T11:15:00+05:30,1074.3,2026-04-13T09:15:00+05:30,1081.7,breakout_up,breakout_down,74.0,87.08,2.16,6.47,-21.71,3.92
NSE:BHARTIARTL,LONG,15,2026-04-10T09:15:00+05:30,1871.5,2026-04-13T09:15:00+05:30,1844.8,breakout_up,breakout_down,-400.5,125.1,5.57,16.72,-547.9,3.0
NSE:LT,LONG,15,2026-04-10T10:15:00+05:30,3956.0,2026-04-13T09:15:00+05:30,3902.5,breakout_up,breakout_down,-802.5,194.18,11.79,35.36,-1043.83,2.96
NSE:TCS,SHORT,15,2026-04-10T09:30:00+05:30,2510.0,2026-04-15T09:15:00+05:30,2548.2,breakout_down,breakout_up,-573.0,147.49,7.59,22.76,-750.83,4.99
NSE:INFY,SHORT,20,2026-04-10T09:30:00+05:30,1288.9,2026-04-15T09:15:00+05:30,1317.7,breakout_down,breakout_up,-576.0,121.1,5.21,15.64,-717.96,4.99
NSE:TATACONSUM,SHORT,10,2026-04-13T10:00:00+05:30,1075.2,2026-04-15T09:15:00+05:30,1097.9,breakout_down,breakout_up,-227.0,87.3,2.17,6.52,-322.99,1.97
NSE:BHARTIARTL,LONG,15,2026-04-13T12:00:00+05:30,1886.3,2026-04-15T13:15:00+05:30,1857.0,breakout_up,breakout_down,-439.5,125.56,5.61,16.84,-587.52,2.05
NSE:HINDUNILVR,LONG,15,2026-04-15T09:15:00+05:30,2146.3,2026-04-15T15:15:00+05:30,2152.0,breakout_up,breakout_down,85.5,58.57,6.45,19.34,1.14,0.25
NSE:BANKNIFTY,LONG,1.6429664026523199,2026-04-15T09:15:00+05:30,56490.3,2026-04-16T11:45:00+05:30,56135.0,breakout_up,breakout_down,-583.75,99.17,3.7,18.5,-705.12,1.1
NSE:SBIN,LONG,40,2026-04-15T09:15:00+05:30,1083.05,2026-04-16T11:45:00+05:30,1066.75,breakout_up,breakout_down,-652.0,158.74,8.6,25.8,-845.13,1.1
NSE:NIFTY,LONG,4.966991279431024,2026-04-15T09:15:00+05:30,24192.45,2026-04-16T12:00:00+05:30,24184.8,breakout_up,breakout_down,-38.0,114.85,4.81,24.03,-181.69,1.11
NSE:SENSEX,LONG,1.3964916440301998,2026-04-15T09:15:00+05:30,78013.25,2026-04-16T12:00:00+05:30,77942.11,breakout_up,breakout_down,-99.35,108.5,4.36,21.78,-233.99,1.11
NSE:ICICIBANK,LONG,25,2026-04-13T11:30:00+05:30,1324.1,2026-04-16T13:15:00+05:30,1341.3,breakout_up,breakout_down,430.0,137.14,6.66,19.99,266.2,3.07
NSE:TATACONSUM,SHORT,5,2026-04-15T14:30:00+05:30,1097.3,2026-04-16T14:30:00+05:30,1102.7,breakout_down,breakout_up,-27.0,75.36,1.1,3.3,-106.76,1.0
NSE:HINDUNILVR,SHORT,15,2026-04-16T09:30:00+05:30,2145.0,2026-04-17T09:15:00+05:30,2156.1,breakout_down,breakout_up,-166.5,134.83,6.45,19.35,-327.14,0.99
NSE:WIPRO,LONG,255,2026-04-15T09:15:00+05:30,207.95,2026-04-17T09:15:00+05:30,204.27,breakout_up,breakout_down,-938.4,180.01,10.51,31.53,-1160.45,2.0
NSE:NIFTY,SHORT,4.97047499684027,2026-04-16T12:30:00+05:30,24139.05,2026-04-17T10:15:00+05:30,24285.85,breakout_down,breakout_up,-729.67,114.8,4.81,24.07,-873.35,0.91
NSE:SENSEX,SHORT,1.3973564588611078,2026-04-16T12:30:00+05:30,77798.02,2026-04-17T10:15:00+05:30,78307.8,breakout_down,breakout_up,-712.34,108.45,4.36,21.81,-846.98,0.91
NSE:SBIN,SHORT,40,2026-04-16T12:15:00+05:30,1064.5,2026-04-17T12:00:00+05:30,1073.45,breakout_down,breakout_up,-358.0,158.19,8.55,25.66,-550.39,0.99
NSE:LT,LONG,15,2026-04-15T09:15:00+05:30,4055.0,2026-04-17T12:15:00+05:30,4085.0,breakout_up,breakout_down,450.0,198.78,12.21,36.63,202.38,2.12
NSE:BANKNIFTY,SHORT,1.6448459168548655,2026-04-16T12:30:00+05:30,55998.35,2026-04-17T13:30:00+05:30,56437.7,breakout_down,breakout_up,-722.66,99.1,3.7,18.49,-843.96,1.04
NSE:BHARTIARTL,SHORT,15,2026-04-16T09:30:00+05:30,1848.7,2026-04-17T14:30:00+05:30,1845.2,breakout_down,breakout_up,52.5,124.7,5.54,16.62,-94.36,1.21
NSE:ICICIBANK,SHORT,25,2026-04-17T09:45:00+05:30,1336.2,2026-04-17T15:00:00+05:30,1346.1,breakout_down,breakout_up,-247.5,58.99,6.71,20.12,-333.31,0.22
NSE:TCS,LONG,15,2026-04-16T09:15:00+05:30,2586.7,2026-04-20T09:15:00+05:30,2570.0,breakout_up,breakout_down,-250.5,149.1,7.74,23.21,-430.54,4.0
NSE:LT,SHORT,15,2026-04-17T12:30:00+05:30,4075.5,2026-04-20T09:15:00+05:30,4118.2,breakout_down,breakout_up,-640.5,199.75,12.29,36.87,-889.42,2.86
NSE:ITC,LONG,110,2026-04-15T09:15:00+05:30,301.25,2026-04-20T15:00:00+05:30,305.2,breakout_up,breakout_down,434.5,137.23,6.67,20.01,270.59,5.24
NSE:NIFTY,LONG,4.893574461987551,2026-04-17T14:30:00+05:30,24340.45,2026-04-20T15:15:00+05:30,24330.9,breakout_up,breakout_down,-46.73,114.26,4.76,23.82,-189.57,3.03
NSE:SENSEX,LONG,1.375261159308725,2026-04-17T14:30:00+05:30,78433.92,2026-04-20T15:15:00+05:30,78435.12,breakout_up,breakout_down,1.65,107.95,4.31,21.57,-132.19,3.03
NSE:INFY,LONG,20,2026-04-16T09:15:00+05:30,1327.0,2026-04-20T15:15:00+05:30,1310.0,breakout_up,breakout_down,-340.0,121.76,5.27,15.82,-482.86,4.25
NSE:SBIN,LONG,40,2026-04-17T14:30:00+05:30,1079.8,2026-04-20T15:15:00+05:30,1104.0,breakout_up,breakout_down,968.0,160.13,8.74,26.21,772.93,3.03
NSE:HINDUNILVR,LONG,15,2026-04-17T09:45:00+05:30,2181.5,2026-04-20T15:15:00+05:30,2227.2,breakout_up,breakout_down,685.5,136.56,6.61,19.84,522.48,3.23
NSE:HCLTECH,LONG,20,2026-04-10T15:00:00+05:30,1451.0,2026-04-20T15:15:00+05:30,1424.4,breakout_up,breakout_down,-532.0,127.07,5.75,17.25,-682.08,10.01
NSE:WIPRO,SHORT,255,2026-04-20T09:45:00+05:30,202.73,2026-04-21T10:15:00+05:30,204.38,breakout_down,breakout_up,-420.75,178.52,10.38,31.14,-640.8,1.02
NSE:BHARTIARTL,SHORT,15,2026-04-20T15:15:00+05:30,1842.0,2026-04-21T10:30:00+05:30,1862.9,breakout_down,breakout_up,-313.5,124.91,5.56,16.67,-460.64,0.8
NSE:INFY,SHORT,20,2026-04-21T09:15:00+05:30,1304.0,2026-04-21T11:45:00+05:30,1322.2,breakout_down,breakout_up,-364.0,56.42,5.25,15.76,-441.43,0.1
NSE:ITC,SHORT,110,2026-04-20T15:15:00+05:30,304.9,2026-04-21T14:00:00+05:30,307.1,breakout_down,breakout_up,-242.0,137.96,6.73,20.2,-406.88,0.95
NSE:BHARTIARTL,LONG,15,2026-04-21T10:45:00+05:30,1864.1,2026-04-21T14:30:00+05:30,1855.0,breakout_up,breakout_down,-136.5,57.02,5.58,16.74,-215.83,0.16
NSE:NIFTY,LONG,4.854001690067538,2026-04-21T09:45:00+05:30,24499.95,2026-04-22T09:15:00+05:30,24440.4,breakout_up,breakout_down,-289.06,114.03,4.75,23.76,-431.59,0.98
NSE:SENSEX,LONG,1.3635074313026045,2026-04-21T09:45:00+05:30,79013.38,2026-04-22T09:15:00+05:30,78734.75,breakout_up,breakout_down,-379.91,107.68,4.3,21.51,-513.4,0.98
NSE:ICICIBANK,LONG,25,2026-04-17T15:15:00+05:30,1352.8,2026-04-22T09:15:00+05:30,1370.9,breakout_up,breakout_down,452.5,138.76,6.81,20.43,286.5,4.75
NSE:TCS,LONG,15,2026-04-20T11:15:00+05:30,2590.0,2026-04-22T09:15:00+05:30,2560.6,breakout_up,breakout_down,-441.0,149.02,7.73,23.18,-620.92,1.92
NSE:HCLTECH,LONG,20,2026-04-21T11:15:00+05:30,1447.3,2026-04-22T09:15:00+05:30,1308.3,breakout_up,breakout_down,-2780.0,124.58,5.51,16.53,-2926.63,0.92
NSE:ITC,LONG,105,2026-04-21T14:15:00+05:30,308.2,2026-04-22T14:15:00+05:30,305.55,breakout_up,breakout_down,-278.25,134.76,6.44,19.33,-438.79,1.0
NSE:BANKNIFTY,LONG,1.6131976427281962,2026-04-17T14:30:00+05:30,56575.35,2026-04-23T09:15:00+05:30,56736.85,breakout_up,breakout_down,260.53,98.74,3.66,18.28,139.86,5.78
NSE:TATACONSUM,LONG,5,2026-04-16T14:45:00+05:30,1103.9,2026-04-23T09:15:00+05:30,1173.0,breakout_up,breakout_down,345.5,75.75,1.14,3.42,265.19,6.77
NSE:TATASTEEL,LONG,320,2026-04-13T14:45:00+05:30,206.61,2026-04-23T11:00:00+05:30,210.59,breakout_up,breakout_down,1273.6,211.39,13.35,40.05,1008.81,9.84
NSE:LT,SHORT,15,2026-04-20T11:00:00+05:30,4071.0,2026-04-23T13:15:00+05:30,4061.4,breakout_down,breakout_up,144.0,198.67,12.2,36.6,-103.47,3.09
NSE:WIPRO,LONG,250,2026-04-21T10:45:00+05:30,205.33,2026-04-23T14:15:00+05:30,202.92,breakout_up,breakout_down,-602.5,176.59,10.21,30.62,-819.91,2.15
NSE:BHARTIARTL,SHORT,15,2026-04-21T14:45:00+05:30,1854.3,2026-04-23T14:45:00+05:30,1842.8,breakout_down,breakout_up,172.5,124.74,5.55,16.64,25.58,2.0
NSE:HINDUNILVR,LONG,15,2026-04-21T09:30:00+05:30,2251.0,2026-04-23T15:15:00+05:30,2353.0,breakout_up,breakout_down,1530.0,139.76,6.91,20.72,1362.62,2.24
NSE:ADANIGREEN,LONG,105,2026-04-02T14:15:00+05:30,842.8,2026-04-24T09:15:00+05:30,1189.7,breakout_up,breakout_down,36424.5,297.55,21.34,64.02,36041.59,21.79
NSE:TATACONSUM,LONG,5,2026-04-23T13:45:00+05:30,1186.8,2026-04-24T10:45:00+05:30,1172.6,breakout_up,breakout_down,-71.0,76.24,1.18,3.54,-151.96,0.88
NSE:SBIN,SHORT,40,2026-04-22T09:30:00+05:30,1104.1,2026-04-24T14:15:00+05:30,1099.55,breakout_down,breakout_up,182.0,161.07,8.81,26.44,-14.32,2.2
NSE:ADANIGREEN,SHORT,105,2026-04-24T09:30:00+05:30,1180.6,2026-04-24T14:15:00+05:30,1232.95,breakout_down,breakout_up,-5496.75,91.26,25.34,76.03,-5689.37,0.2
NSE:BANKNIFTY,SHORT,1.6196502494400487,2026-04-23T12:15:00+05:30,56436.05,2026-04-24T14:30:00+05:30,56160.45,breakout_down,breakout_up,446.38,98.66,3.65,18.24,325.83,1.09
NSE:NIFTY,SHORT,4.85139867869844,2026-04-22T09:30:00+05:30,24424.4,2026-04-27T09:15:00+05:30,24042.0,breakout_down,breakout_up,1855.17,113.86,4.7,23.51,1713.1,4.99
NSE:SENSEX,SHORT,1.362864902555756,2026-04-22T09:30:00+05:30,78675.05,2026-04-27T09:15:00+05:30,77109.71,breakout_down,breakout_up,2133.35,107.5,4.25,21.23,2000.37,4.99
NSE:TATASTEEL,SHORT,320,2026-04-24T09:30:00+05:30,209.63,2026-04-27T09:15:00+05:30,213.96,breakout_down,breakout_up,-1385.6,213.86,13.55,40.66,-1653.68,2.99
NSE:HINDUNILVR,SHORT,15,2026-04-24T09:45:00+05:30,2346.0,2026-04-27T09:15:00+05:30,2343.7,breakout_down,breakout_up,34.5,141.3,7.03,21.1,-134.94,2.98
NSE:WIPRO,SHORT,250,2026-04-23T15:15:00+05:30,202.87,2026-04-27T09:15:00+05:30,202.95,breakout_down,breakout_up,-20.0,175.87,10.15,30.44,-236.45,3.75
NSE:TATACONSUM,SHORT,5,2026-04-24T12:30:00+05:30,1167.2,2026-04-27T09:15:00+05:30,1179.8,breakout_down,breakout_up,-63.0,76.17,1.17,3.52,-143.87,2.86
NSE:LT,SHORT,15,2026-04-24T09:45:00+05:30,4018.7,2026-04-27T09:15:00+05:30,4068.4,breakout_down,breakout_up,-745.5,197.98,12.13,36.39,-992.01,2.98
NSE:ITC,SHORT,105,2026-04-23T09:15:00+05:30,304.45,2026-04-27T09:45:00+05:30,305.2,breakout_down,breakout_up,-78.75,134.27,6.4,19.2,-238.62,4.02
NSE:TCS,SHORT,15,2026-04-22T11:00:00+05:30,2554.6,2026-04-27T12:00:00+05:30,2449.9,breakout_down,breakout_up,1570.5,146.43,7.51,22.52,1394.04,5.04
NSE:HCLTECH,SHORT,20,2026-04-22T11:15:00+05:30,1293.0,2026-04-27T12:00:00+05:30,1220.3,breakout_down,breakout_up,1454.0,118.88,5.03,15.08,1315.02,5.03
NSE:SBIN,LONG,40,2026-04-24T14:30:00+05:30,1105.5,2026-04-28T09:15:00+05:30,1100.45,breakout_up,breakout_down,-202.0,161.2,8.82,26.47,-398.49,3.78
NSE:HINDUNILVR,LONG,15,2026-04-27T09:30:00+05:30,2353.7,2026-04-28T09:15:00+05:30,2323.2,breakout_up,breakout_down,-457.5,141.12,7.02,21.05,-626.68,0.99
NSE:BHARTIARTL,SHORT,15,2026-04-24T09:15:00+05:30,1824.7,2026-04-28T09:45:00+05:30,1831.4,breakout_down,breakout_up,-100.5,124.08,5.48,16.45,-246.52,4.02
NSE:HCLTECH,LONG,20,2026-04-27T14:00:00+05:30,1223.9,2026-04-28T10:30:00+05:30,1212.3,breakout_up,breakout_down,-232.0,117.29,4.87,14.62,-368.78,0.85
NSE:BANKNIFTY,LONG,1.6289812668757229,2026-04-27T09:15:00+05:30,56312.2,2026-04-28T11:15:00+05:30,55742.05,breakout_up,breakout_down,-928.76,98.38,3.65,18.25,-1049.05,1.08
NSE:SENSEX,LONG,1.412494762477255,2026-04-27T09:45:00+05:30,77322.66,2026-04-28T12:15:00+05:30,76947.47,breakout_up,breakout_down,-529.95,108.43,4.36,21.79,-664.54,1.1
NSE:WIPRO,LONG,245,2026-04-27T10:15:00+05:30,203.91,2026-04-28T12:45:00+05:30,203.24,breakout_up,breakout_down,-164.15,173.99,9.98,29.93,-378.04,1.1
NSE:INFY,SHORT,20,2026-04-22T09:15:00+05:30,1278.4,2026-04-29T09:15:00+05:30,1161.9,breakout_down,breakout_up,2330.0,117.19,4.88,14.64,2193.29,7.0
NSE:TATASTEEL,LONG,305,2026-04-27T10:15:00+05:30,214.4,2026-04-29T09:15:00+05:30,212.59,breakout_up,breakout_down,-552.05,207.89,13.02,39.07,-812.03,1.96
NSE:BANKNIFTY,SHORT,1.6285845082920958,2026-04-28T11:45:00+05:30,55683.7,2026-04-29T10:00:00+05:30,55812.6,breakout_down,breakout_up,-209.92,98.28,3.63,18.16,-330.0,0.93
NSE:TATACONSUM,SHORT,5,2026-04-28T09:15:00+05:30,1153.3,2026-04-29T10:15:00+05:30,1160.5,breakout_down,breakout_up,-36.0,75.99,1.16,3.47,-116.62,1.04
NSE:HINDUNILVR,SHORT,15,2026-04-28T13:00:00+05:30,2291.8,2026-04-29T11:15:00+05:30,2320.0,breakout_down,breakout_up,-423.0,140.03,6.92,20.75,-590.7,0.93
NSE:NIFTY,LONG,4.987768432175264,2026-04-27T09:45:00+05:30,24099.05,2026-04-29T15:00:00+05:30,24170.15,breakout_up,breakout_down,354.63,115.08,4.82,24.08,210.66,2.22
NSE:BANKNIFTY,LONG,1.6162771842724173,2026-04-29T10:15:00+05:30,55904.15,2026-04-29T15:00:00+05:30,55395.95,breakout_up,breakout_down,-821.39,97.66,3.6,17.99,-940.64,0.2
NSE:SENSEX,LONG,1.40150150935107,2026-04-29T09:45:00+05:30,77456.43,2026-04-29T15:00:00+05:30,77470.39,breakout_up,breakout_down,19.56,108.35,4.34,21.71,-114.84,0.22
NSE:TCS,LONG,15,2026-04-27T14:30:00+05:30,2454.6,2026-04-29T15:15:00+05:30,2465.0,breakout_up,breakout_down,156.0,145.12,7.38,22.14,-18.64,2.03
NSE:ADANIGREEN,LONG,95,2026-04-24T14:30:00+05:30,1243.5,2026-04-29T15:15:00+05:30,1240.0,breakout_up,breakout_down,-332.5,325.33,23.59,70.78,-752.2,5.03
NSE:INFY,LONG,25,2026-04-29T09:30:00+05:30,1168.2,2026-04-30T09:15:00+05:30,1161.8,breakout_up,breakout_down,-160.0,127.87,5.83,17.48,-311.17,0.99
NSE:HINDUNILVR,LONG,10,2026-04-29T11:30:00+05:30,2325.1,2026-04-30T09:15:00+05:30,2290.3,breakout_up,breakout_down,-348.0,114.44,4.62,13.85,-480.91,0.91
NSE:TATACONSUM,LONG,5,2026-04-29T11:45:00+05:30,1167.0,2026-04-30T09:15:00+05:30,1155.3,breakout_up,breakout_down,-58.5,76.04,1.16,3.48,-139.18,0.9
NSE:BHARTIARTL,LONG,15,2026-04-28T10:15:00+05:30,1834.2,2026-04-30T09:15:00+05:30,1866.8,breakout_up,breakout_down,489.0,124.78,5.55,16.65,342.01,1.96
NSE:LT,LONG,15,2026-04-27T13:15:00+05:30,4086.6,2026-04-30T09:15:00+05:30,4035.5,breakout_up,breakout_down,-766.5,198.57,12.18,36.55,-1013.8,2.83
NSE:HCLTECH,SHORT,20,2026-04-28T11:00:00+05:30,1209.6,2026-04-30T12:30:00+05:30,1207.4,breakout_down,breakout_up,44.0,116.84,4.83,14.5,-92.18,2.06
NSE:TCS,SHORT,15,2026-04-30T09:15:00+05:30,2455.8,2026-04-30T13:30:00+05:30,2480.8,breakout_down,breakout_up,-375.0,60.21,7.4,22.21,-464.83,0.18
NSE:NIFTY,SHORT,4.98313620367153,2026-04-29T15:15:00+05:30,24163.6,2026-04-30T14:30:00+05:30,24075.1,breakout_down,breakout_up,441.01,115.0,4.81,24.04,297.17,0.97
NSE:ADANIGREEN,SHORT,95,2026-04-30T09:15:00+05:30,1234.4,2026-04-30T14:45:00+05:30,1226.1,breakout_down,breakout_up,788.5,88.48,23.37,70.12,606.52,0.23
NSE:ITC,LONG,105,2026-04-29T09:15:00+05:30,311.6,2026-04-30T15:00:00+05:30,314.65,breakout_up,breakout_down,320.25,136.18,6.58,19.73,157.77,1.24
NSE:BANKNIFTY,SHORT,1.616103734648358,2026-04-29T15:15:00+05:30,55329.85,2026-05-04T09:15:00+05:30,55339.35,breakout_down,breakout_up,-15.35,97.56,3.58,17.89,-134.38,4.75
NSE:SENSEX,SHORT,1.4166776508668169,2026-04-30T09:15:00+05:30,76545.86,2026-05-04T09:15:00+05:30,77646.35,breakout_down,breakout_up,-1559.04,108.34,4.37,21.84,-1693.59,4.0
NSE:ICICIBANK,SHORT,25,2026-04-22T09:30:00+05:30,1368.3,2026-05-04T09:15:00+05:30,1277.4,breakout_down,breakout_up,2272.5,136.46,6.61,19.84,2109.58,11.99
NSE:SBIN,SHORT,40,2026-04-28T12:00:00+05:30,1095.6,2026-05-04T09:15:00+05:30,1078.8,breakout_down,breakout_up,672.0,159.73,8.7,26.09,477.48,5.89
NSE:TATASTEEL,SHORT,305,2026-04-30T09:15:00+05:30,212.51,2026-05-04T09:15:00+05:30,212.92,breakout_down,breakout_up,-125.05,207.33,12.98,38.93,-384.28,4.0
NSE:HINDUNILVR,SHORT,15,2026-04-30T10:30:00+05:30,2267.9,2026-05-04T09:15:00+05:30,2333.3,breakout_down,breakout_up,-981.0,139.9,6.9,20.71,-1148.51,3.95
NSE:TATACONSUM,SHORT,5,2026-04-30T10:00:00+05:30,1148.8,2026-05-04T09:15:00+05:30,1167.2,breakout_down,breakout_up,-92.0,76.0,1.16,3.47,-172.64,3.97
NSE:LT,SHORT,15,2026-04-30T10:00:00+05:30,4021.7,2026-05-04T09:15:00+05:30,4111.4,breakout_down,breakout_up,-1345.5,198.8,12.2,36.6,-1593.1,3.97
NSE:BHARTIARTL,LONG,15,2026-04-30T13:30:00+05:30,1894.7,2026-05-04T10:00:00+05:30,1866.0,breakout_up,breakout_down,-430.5,125.85,5.64,16.92,-578.91,3.85
NSE:TCS,LONG,15,2026-04-30T13:45:00+05:30,2482.8,2026-05-04T11:30:00+05:30,2436.9,breakout_up,breakout_down,-688.5,145.19,7.38,22.14,-863.2,3.91
NSE:INFY,LONG,20,2026-04-30T12:15:00+05:30,1178.2,2026-05-04T12:00:00+05:30,1173.7,breakout_up,breakout_down,-90.0,115.41,4.7,14.11,-224.22,3.99
NSE:HCLTECH,LONG,20,2026-04-30T13:45:00+05:30,1209.8,2026-05-04T13:15:00+05:30,1193.7,breakout_up,breakout_down,-322.0,116.57,4.81,14.42,-457.8,3.98
NSE:NIFTY,LONG,4.984886676788509,2026-05-04T09:15:00+05:30,24214.55,2026-05-05T09:15:00+05:30,23992.05,breakout_up,breakout_down,-1109.14,114.6,4.81,24.03,-1252.58,1.0
NSE:BANKNIFTY,LONG,1.608160029037673,2026-05-04T09:30:00+05:30,55519.85,2026-05-05T09:15:00+05:30,54529.85,breakout_up,breakout_down,-1592.08,96.65,3.54,17.7,-1709.97,0.99
NSE:SENSEX,LONG,1.3709913786104215,2026-05-04T09:30:00+05:30,77865.03,2026-05-05T09:15:00+05:30,76891.16,breakout_up,breakout_down,-1335.17,106.63,4.24,21.22,-1467.25,0.99
NSE:ICICIBANK,LONG,30,2026-05-04T09:30:00+05:30,1278.4,2026-05-05T09:15:00+05:30,1256.0,breakout_up,breakout_down,-672.0,147.67,7.6,22.81,-850.08,0.99
NSE:TATASTEEL,LONG,300,2026-05-04T09:30:00+05:30,214.25,2026-05-05T09:15:00+05:30,210.14,breakout_up,breakout_down,-1233.0,204.7,12.73,38.2,-1488.63,0.99
NSE:LT,LONG,10,2026-05-04T09:30:00+05:30,4128.6,2026-05-05T09:15:00+05:30,4037.8,breakout_up,breakout_down,-908.0,153.95,8.17,24.5,-1094.61,0.99
NSE:SBIN,LONG,40,2026-05-04T09:30:00+05:30,1085.9,2026-05-05T10:30:00+05:30,1057.7,breakout_up,breakout_down,-1128.0,158.5,8.57,25.72,-1320.79,1.04
NSE:LT,SHORT,10,2026-05-05T10:30:00+05:30,4025.5,2026-05-05T15:15:00+05:30,4075.0,breakout_down,breakout_up,-495.0,61.42,8.1,24.3,-588.82,0.2
NSE:NIFTY,SHORT,4.990316975955054,2026-05-05T10:30:00+05:30,23937.95,2026-05-06T09:15:00+05:30,24171.6,breakout_down,breakout_up,-1165.99,114.53,4.8,24.01,-1309.32,0.95
NSE:BANKNIFTY,SHORT,1.61069830762921,2026-05-05T10:45:00+05:30,54373.9,2026-05-06T09:15:00+05:30,55219.6,breakout_down,breakout_up,-1362.17,96.58,3.53,17.65,-1479.93,0.94
NSE:SENSEX,SHORT,1.3727400222279194,2026-05-05T10:30:00+05:30,76700.19,2026-05-06T09:15:00+05:30,77424.55,breakout_down,breakout_up,-994.36,106.54,4.23,21.16,-1126.29,0.95
NSE:ICICIBANK,SHORT,30,2026-05-05T10:00:00+05:30,1250.8,2026-05-06T09:15:00+05:30,1259.1,breakout_down,breakout_up,-249.0,146.82,7.53,22.59,-425.94,0.97
NSE:TCS,SHORT,15,2026-05-04T12:15:00+05:30,2433.8,2026-05-06T09:15:00+05:30,2464.5,breakout_down,breakout_up,-460.5,144.81,7.35,22.04,-634.7,1.88
NSE:INFY,SHORT,20,2026-05-04T12:30:00+05:30,1170.2,2026-05-06T09:15:00+05:30,1188.9,breakout_down,breakout_up,-374.0,115.59,4.72,14.15,-508.46,1.86
NSE:SBIN,SHORT,40,2026-05-05T11:15:00+05:30,1053.7,2026-05-06T09:15:00+05:30,1075.6,breakout_down,breakout_up,-876.0,157.84,8.52,25.55,-1067.91,0.92
NSE:TATASTEEL,SHORT,300,2026-05-05T11:45:00+05:30,209.75,2026-05-06T09:15:00+05:30,213.6,breakout_down,breakout_up,-1155.0,204.35,12.7,38.1,-1410.15,0.9
NSE:HCLTECH,LONG,20,2026-05-05T14:15:00+05:30,1205.1,2026-05-06T10:30:00+05:30,1196.9,breakout_up,breakout_down,-164.0,116.53,4.8,14.41,-299.74,0.84
NSE:TATACONSUM,LONG,5,2026-05-06T09:15:00+05:30,1161.2,2026-05-06T10:45:00+05:30,1149.1,breakout_up,breakout_down,-60.5,49.23,1.16,3.47,-114.35,0.06
NSE:BHARTIARTL,SHORT,15,2026-05-04T10:15:00+05:30,1855.0,2026-05-06T11:15:00+05:30,1835.9,breakout_down,breakout_up,286.5,124.63,5.54,16.61,139.72,2.04
NSE:SENSEX,SHORT,1.354929646300227,2026-05-06T12:30:00+05:30,76879.64,2026-05-06T14:15:00+05:30,77851.64,breakout_down,breakout_up,-1316.99,105.92,4.19,20.96,-1448.07,0.07
NSE:LT,SHORT,10,2026-05-06T09:15:00+05:30,3925.0,2026-05-06T14:15:00+05:30,3992.2,breakout_down,breakout_up,-672.0,61.08,7.92,23.75,-764.75,0.21
NSE:HINDUNILVR,LONG,10,2026-05-05T15:00:00+05:30,2325.4,2026-05-07T09:45:00+05:30,2290.0,breakout_up,breakout_down,-354.0,114.44,4.62,13.85,-486.91,1.78
NSE:TATACONSUM,SHORT,5,2026-05-06T12:15:00+05:30,1144.3,2026-05-07T11:45:00+05:30,1160.7,breakout_down,breakout_up,-82.0,75.94,1.15,3.46,-162.55,0.98
NSE:ICICIBANK,LONG,30,2026-05-06T14:15:00+05:30,1273.8,2026-05-07T15:00:00+05:30,1274.2,breakout_up,breakout_down,12.0,148.07,7.64,22.93,-166.65,1.03
NSE:NIFTY,LONG,4.859914950191781,2026-05-06T14:15:00+05:30,24311.65,2026-05-08T09:15:00+05:30,24244.15,breakout_up,breakout_down,-328.04,113.57,4.72,23.6,-469.93,1.79
NSE:BANKNIFTY,LONG,1.5444923462152067,2026-05-06T14:15:00+05:30,55749.35,2026-05-08T09:15:00+05:30,55720.15,breakout_up,breakout_down,-45.1,95.67,3.44,17.22,-161.43,1.79
NSE:SENSEX,LONG,1.318146039113636,2026-05-06T14:30:00+05:30,77929.73,2026-05-08T09:15:00+05:30,77564.48,breakout_up,breakout_down,-481.45,104.8,4.1,20.5,-610.85,1.78
NSE:TATASTEEL,LONG,285,2026-05-06T13:30:00+05:30,214.7,2026-05-08T09:15:00+05:30,215.8,breakout_up,breakout_down,313.5,199.45,12.27,36.81,64.98,1.82
NSE:LT,LONG,10,2026-05-06T15:00:00+05:30,4011.0,2026-05-08T09:30:00+05:30,3985.2,breakout_up,breakout_down,-258.0,152.01,8.0,23.99,-441.99,1.77
NSE:HCLTECH,SHORT,20,2026-05-06T12:00:00+05:30,1194.4,2026-05-08T10:15:00+05:30,1197.2,breakout_down,breakout_up,-56.0,116.29,4.78,14.35,-191.42,1.93
NSE:INFY,SHORT,20,2026-05-06T12:30:00+05:30,1169.8,2026-05-08T10:30:00+05:30,1174.7,breakout_down,breakout_up,-98.0,115.24,4.69,14.07,-232.0,1.92
NSE:HINDUNILVR,SHORT,10,2026-05-07T10:30:00+05:30,2286.4,2026-05-08T11:45:00+05:30,2295.9,breakout_down,breakout_up,-95.0,114.06,4.58,13.75,-227.39,1.05
NSE:SBIN,LONG,40,2026-05-06T14:15:00+05:30,1085.7,2026-05-08T12:00:00+05:30,1081.2,breakout_up,breakout_down,-180.0,159.46,8.67,26.0,-374.13,1.91
NSE:BHARTIARTL,SHORT,15,2026-05-07T09:45:00+05:30,1824.3,2026-05-08T12:00:00+05:30,1834.7,breakout_down,breakout_up,-156.0,124.13,5.49,16.47,-302.09,1.09
NSE:ADANIGREEN,LONG,95,2026-04-30T15:15:00+05:30,1231.0,2026-05-08T12:30:00+05:30,1356.5,breakout_up,breakout_down,11922.5,335.39,24.58,73.74,11488.79,7.89
NSE:BHARTIARTL,LONG,15,2026-05-08T12:15:00+05:30,1836.4,2026-05-11T09:15:00+05:30,1799.2,breakout_up,breakout_down,-558.0,123.77,5.45,16.36,-703.59,2.88
NSE:TCS,SHORT,15,2026-05-06T12:45:00+05:30,2414.6,2026-05-11T10:45:00+05:30,2404.6,breakout_down,breakout_up,150.0,143.45,7.23,21.69,-22.36,4.92
NSE:ICICIBANK,SHORT,30,2026-05-08T09:15:00+05:30,1272.8,2026-05-11T11:30:00+05:30,1271.0,breakout_down,breakout_up,54.0,147.93,7.63,22.89,-124.45,3.09
NSE:ADANIGREEN,SHORT,95,2026-05-08T15:15:00+05:30,1350.0,2026-05-11T11:30:00+05:30,1382.3,breakout_down,breakout_up,-3068.5,351.8,25.96,77.87,-3524.13,2.84
NSE:HINDUNILVR,SHORT,10,2026-05-11T09:15:00+05:30,2267.9,2026-05-11T13:30:00+05:30,2315.2,breakout_down,breakout_up,-473.0,55.22,4.58,13.75,-546.56,0.18
NSE:HCLTECH,LONG,20,2026-05-08T13:15:00+05:30,1199.7,2026-05-11T15:00:00+05:30,1194.0,breakout_up,breakout_down,-114.0,116.34,4.79,14.36,-249.49,3.07
NSE:ICICIBANK,LONG,30,2026-05-11T12:45:00+05:30,1274.5,2026-05-12T09:15:00+05:30,1250.6,breakout_up,breakout_down,-717.0,147.36,7.58,22.73,-894.66,0.85
NSE:TCS,LONG,15,2026-05-11T11:00:00+05:30,2407.0,2026-05-12T09:15:00+05:30,2315.3,breakout_up,breakout_down,-1375.5,141.95,7.08,21.25,-1545.78,0.93
NSE:INFY,LONG,20,2026-05-08T13:00:00+05:30,1175.5,2026-05-12T09:15:00+05:30,1138.9,breakout_up,breakout_down,-732.0,114.62,4.63,13.89,-865.14,3.84
NSE:TATASTEEL,SHORT,285,2026-05-08T13:45:00+05:30,214.52,2026-05-12T10:30:00+05:30,216.02,breakout_down,breakout_up,-427.5,199.51,12.27,36.81,-676.1,3.86
NSE:ADANIGREEN,LONG,90,2026-05-11T14:30:00+05:30,1394.5,2026-05-12T11:00:00+05:30,1348.6,breakout_up,breakout_down,-4131.0,337.78,24.69,74.06,-4567.53,0.85
NSE:TATACONSUM,LONG,5,2026-05-08T10:45:00+05:30,1174.0,2026-05-12T15:00:00+05:30,1251.6,breakout_up,breakout_down,388.0,76.58,1.21,3.64,306.57,4.18
NSE:BHARTIARTL,SHORT,15,2026-05-11T09:30:00+05:30,1785.4,2026-05-13T09:45:00+05:30,1779.8,breakout_down,breakout_up,84.0,122.55,5.35,16.04,-59.94,2.01
NSE:ADANIGREEN,SHORT,90,2026-05-12T11:15:00+05:30,1341.7,2026-05-13T10:15:00+05:30,1347.0,breakout_down,breakout_up,-477.0,332.06,24.2,72.59,-905.86,0.96
NSE:BANKNIFTY,SHORT,1.548424098873036,2026-05-08T12:00:00+05:30,55503.85,2026-05-13T11:30:00+05:30,53935.3,breakout_down,breakout_up,2428.78,95.5,3.39,16.95,2312.94,4.98
NSE:ITC,SHORT,105,2026-05-04T09:15:00+05:30,314.15,2026-05-13T11:30:00+05:30,305.1,breakout_down,breakout_up,950.25,135.31,6.5,19.51,788.93,9.09
NSE:HINDUNILVR,SHORT,10,2026-05-12T14:00:00+05:30,2281.0,2026-05-13T11:30:00+05:30,2295.0,breakout_down,breakout_up,-140.0,113.99,4.58,13.73,-272.29,0.9
NSE:LT,SHORT,10,2026-05-08T10:45:00+05:30,3976.5,2026-05-13T12:00:00+05:30,3908.8,breakout_down,breakout_up,677.0,150.7,7.89,23.66,494.76,5.05
NSE:NIFTY,SHORT,4.875628671938065,2026-05-08T13:45:00+05:30,24137.2,2026-05-13T12:45:00+05:30,23577.95,breakout_down,breakout_up,2726.7,113.36,4.65,23.26,2585.41,4.96
NSE:SENSEX,SHORT,1.3228342457944655,2026-05-08T13:45:00+05:30,77193.15,2026-05-13T12:45:00+05:30,75177.54,breakout_down,breakout_up,2666.32,104.6,4.03,20.16,2537.53,4.96
NSE:ICICIBANK,SHORT,30,2026-05-12T09:30:00+05:30,1248.4,2026-05-13T12:45:00+05:30,1248.8,breakout_down,breakout_up,-12.0,146.38,7.49,22.47,-188.35,1.14
NSE:BANKNIFTY,LONG,1.6334110739609438,2026-05-13T12:00:00+05:30,54027.75,2026-05-14T10:45:00+05:30,53193.6,breakout_up,breakout_down,-1362.51,96.19,3.5,17.51,-1479.72,0.95
NSE:SBIN,SHORT,40,2026-05-08T13:45:00+05:30,1052.0,2026-05-14T12:15:00+05:30,981.6,breakout_down,breakout_up,2816.0,153.31,8.13,24.4,2630.15,5.94
NSE:WIPRO,SHORT,245,2026-04-28T13:15:00+05:30,202.6,2026-05-14T14:00:00+05:30,189.79,breakout_down,breakout_up,3138.45,169.72,9.61,28.84,2930.27,16.03
NSE:TCS,SHORT,15,2026-05-12T09:30:00+05:30,2311.5,2026-05-15T09:15:00+05:30,2299.4,breakout_down,breakout_up,181.5,139.97,6.92,20.75,13.86,2.99
NSE:INFY,SHORT,20,2026-05-12T09:45:00+05:30,1132.8,2026-05-15T09:15:00+05:30,1130.0,breakout_down,breakout_up,56.0,113.42,4.53,13.58,-75.52,2.98
NSE:HCLTECH,SHORT,20,2026-05-12T09:15:00+05:30,1169.4,2026-05-15T09:15:00+05:30,1148.5,breakout_down,breakout_up,418.0,114.61,4.64,13.91,284.84,3.0
NSE:HINDUNILVR,SHORT,10,2026-05-14T09:45:00+05:30,2254.7,2026-05-15T09:45:00+05:30,2279.6,breakout_down,breakout_up,-249.0,113.53,4.53,13.6,-380.67,1.0
NSE:TATACONSUM,SHORT,5,2026-05-13T12:00:00+05:30,1245.5,2026-05-15T10:00:00+05:30,1240.2,breakout_down,breakout_up,26.5,76.94,1.24,3.73,-55.41,1.92
NSE:TATASTEEL,LONG,280,2026-05-12T10:45:00+05:30,216.13,2026-05-15T12:30:00+05:30,219.08,breakout_up,breakout_down,826.0,198.48,12.19,36.56,578.78,3.07
NSE:WIPRO,LONG,275,2026-05-15T09:15:00+05:30,191.37,2026-05-15T14:15:00+05:30,189.61,breakout_up,breakout_down,-484.0,65.61,10.48,31.43,-591.52,0.21
NSE:NIFTY,LONG,5.081065415570537,2026-05-14T11:30:00+05:30,23668.6,2026-05-15T14:45:00+05:30,23646.1,breakout_up,breakout_down,-114.32,114.87,4.81,24.04,-258.04,1.14
NSE:BANKNIFTY,LONG,1.603057694784624,2026-05-14T11:30:00+05:30,54130.45,2026-05-15T14:45:00+05:30,53796.0,breakout_up,breakout_down,-536.14,95.79,3.46,17.3,-652.69,1.14
NSE:SENSEX,LONG,1.388063956350876,2026-05-14T11:30:00+05:30,75388.23,2026-05-15T14:45:00+05:30,75262.8,breakout_up,breakout_down,-174.1,106.04,4.18,20.91,-305.24,1.14
NSE:ADANIGREEN,LONG,85,2026-05-13T11:30:00+05:30,1355.3,2026-05-15T15:00:00+05:30,1380.5,breakout_up,breakout_down,2142.0,321.38,23.25,69.76,1727.61,2.15
NSE:ICICIBANK,LONG,25,2026-05-14T11:30:00+05:30,1254.4,2026-05-18T09:15:00+05:30,1238.0,breakout_up,breakout_down,-410.0,132.4,6.23,18.69,-567.33,3.91
NSE:ITC,LONG,110,2026-05-13T13:00:00+05:30,305.5,2026-05-18T09:15:00+05:30,306.85,breakout_up,breakout_down,148.5,137.97,6.74,20.21,-16.41,4.84
NSE:HINDUNILVR,LONG,10,2026-05-15T10:15:00+05:30,2283.7,2026-05-18T09:15:00+05:30,2234.5,breakout_up,breakout_down,-492.0,113.37,4.52,13.55,-623.45,2.96
NSE:TATACONSUM,LONG,5,2026-05-15T10:15:00+05:30,1243.7,2026-05-18T09:15:00+05:30,1222.7,breakout_up,breakout_down,-105.0,76.84,1.23,3.7,-186.77,2.96
NSE:LT,LONG,10,2026-05-13T12:45:00+05:30,3923.6,2026-05-18T09:15:00+05:30,3871.5,breakout_up,breakout_down,-521.0,149.79,7.8,23.39,-701.97,4.85
NSE:TCS,SHORT,15,2026-05-15T14:30:00+05:30,2267.7,2026-05-18T13:00:00+05:30,2286.9,breakout_down,breakout_up,-288.0,139.07,6.83,20.5,-454.4,2.94
NSE:ADANIGREEN,SHORT,85,2026-05-15T15:15:00+05:30,1373.0,2026-05-18T14:30:00+05:30,1368.8,breakout_down,breakout_up,357.0,322.08,23.31,69.92,-58.3,2.97
NSE:HINDUNILVR,SHORT,10,2026-05-18T10:00:00+05:30,2225.4,2026-05-18T15:15:00+05:30,2262.0,breakout_down,breakout_up,-366.0,55.07,4.49,13.46,-439.02,0.22
NSE:NIFTY,SHORT,5.1342968339314465,2026-05-18T09:15:00+05:30,23373.1,2026-05-19T09:15:00+05:30,23756.9,breakout_down,breakout_up,-1970.54,114.87,4.84,24.2,-2114.45,1.0
NSE:SENSEX,SHORT,1.4029405739660412,2026-05-18T09:15:00+05:30,74371.9,2026-05-19T09:15:00+05:30,75695.64,breakout_down,breakout_up,-1857.13,106.04,4.21,21.05,-1988.43,1.0
NSE:SBIN,SHORT,45,2026-05-15T15:15:00+05:30,961.6,2026-05-19T09:15:00+05:30,944.3,breakout_down,breakout_up,778.5,158.38,8.58,25.73,585.82,3.75
NSE:BHARTIARTL,LONG,15,2026-05-13T10:00:00+05:30,1785.4,2026-05-19T09:45:00+05:30,1921.1,breakout_up,breakout_down,2035.5,124.76,5.56,16.68,1888.5,5.99
NSE:TATASTEEL,SHORT,280,2026-05-15T13:30:00+05:30,217.82,2026-05-19T10:45:00+05:30,212.22,breakout_down,breakout_up,1568.0,196.82,12.04,36.12,1323.02,3.89
NSE:HINDUNILVR,LONG,10,2026-05-19T09:15:00+05:30,2266.1,2026-05-19T14:15:00+05:30,2243.2,breakout_up,breakout_down,-229.0,55.12,4.51,13.53,-302.16,0.21
NSE:NIFTY,LONG,4.959471563143485,2026-05-19T10:45:00+05:30,23771.95,2026-05-19T14:30:00+05:30,23657.2,breakout_up,breakout_down,-569.1,113.3,4.7,23.52,-710.63,0.16
NSE:ADANIGREEN,LONG,85,2026-05-19T09:15:00+05:30,1410.0,2026-05-19T14:30:00+05:30,1384.3,breakout_up,breakout_down,-2184.5,88.82,23.75,71.25,-2368.32,0.22
NSE:LT,LONG,10,2026-05-19T09:15:00+05:30,3934.9,2026-05-19T15:15:00+05:30,3910.0,breakout_up,breakout_down,-249.0,61.0,7.84,23.53,-341.38,0.25
NSE:ICICIBANK,LONG,25,2026-05-18T14:00:00+05:30,1249.6,2026-05-20T09:15:00+05:30,1229.8,breakout_up,breakout_down,-495.0,132.05,6.2,18.6,-651.84,1.8
NSE:ITC,LONG,105,2026-05-19T09:15:00+05:30,311.3,2026-05-20T09:15:00+05:30,307.9,breakout_up,breakout_down,-357.0,135.4,6.5,19.5,-518.41,1.0
NSE:SBIN,LONG,45,2026-05-19T09:30:00+05:30,946.0,2026-05-20T09:15:00+05:30,938.3,breakout_up,breakout_down,-346.5,157.38,8.48,25.44,-537.8,0.99
NSE:NIFTY,SHORT,4.960456494038385,2026-05-19T15:00:00+05:30,23624.4,2026-05-20T14:00:00+05:30,23651.95,breakout_down,breakout_up,-136.66,113.2,4.69,23.45,-278.01,0.96
NSE:SENSEX,SHORT,1.3589100713365008,2026-05-19T14:30:00+05:30,75322.77,2026-05-20T14:00:00+05:30,75293.88,breakout_down,breakout_up,39.26,104.84,4.09,20.47,-90.15,0.98
NSE:BANKNIFTY,SHORT,1.626616577106905,2026-05-18T09:15:00+05:30,52946.4,2026-05-20T14:15:00+05:30,53490.45,breakout_down,breakout_up,-884.96,95.74,3.46,17.31,-1001.48,2.21
NSE:TATASTEEL,SHORT,300,2026-05-19T14:30:00+05:30,209.53,2026-05-20T14:15:00+05:30,206.0,breakout_down,breakout_up,1059.0,201.57,12.47,37.4,807.56,0.99
NSE:ITC,SHORT,105,2026-05-20T12:15:00+05:30,306.5,2026-05-21T09:15:00+05:30,309.35,breakout_down,breakout_up,-299.25,135.01,6.47,19.4,-460.12,0.88
NSE:ADANIGREEN,SHORT,85,2026-05-19T15:15:00+05:30,1374.0,2026-05-21T09:15:00+05:30,1384.0,breakout_down,breakout_up,-850.0,323.7,23.44,70.33,-1267.47,1.75
NSE:TCS,LONG,15,2026-05-19T09:15:00+05:30,2351.7,2026-05-21T09:45:00+05:30,2316.2,breakout_up,breakout_down,-532.5,140.98,7.0,21.01,-701.48,2.02
NSE:HCLTECH,LONG,20,2026-05-18T12:00:00+05:30,1144.4,2026-05-21T11:30:00+05:30,1164.8,breakout_up,breakout_down,408.0,114.42,4.62,13.86,275.11,2.98
NSE:SENSEX,LONG,1.357722435385036,2026-05-20T14:15:00+05:30,75322.46,2026-05-21T12:30:00+05:30,75140.69,breakout_up,breakout_down,-246.79,104.67,4.09,20.43,-375.97,0.93
NSE:BANKNIFTY,LONG,1.5905256118923305,2026-05-20T14:30:00+05:30,53520.05,2026-05-21T12:45:00+05:30,53274.0,breakout_up,breakout_down,-391.35,94.94,3.4,16.99,-506.67,0.93
NSE:INFY,LONG,20,2026-05-18T09:15:00+05:30,1127.5,2026-05-21T13:15:00+05:30,1181.8,breakout_up,breakout_down,1086.0,114.37,4.62,13.86,953.15,3.17
NSE:ADANIGREEN,LONG,85,2026-05-21T09:30:00+05:30,1394.5,2026-05-21T14:15:00+05:30,1362.2,breakout_up,breakout_down,-2745.5,88.19,23.43,70.3,-2927.42,0.2
NSE:TATACONSUM,SHORT,5,2026-05-19T11:15:00+05:30,1220.3,2026-05-22T09:45:00+05:30,1202.9,breakout_down,breakout_up,87.0,76.59,1.21,3.63,5.57,2.94
NSE:TCS,SHORT,15,2026-05-22T09:15:00+05:30,2312.0,2026-05-22T10:30:00+05:30,2336.0,breakout_down,breakout_up,-360.0,59.45,6.97,20.92,-447.33,0.05
NSE:HINDUNILVR,SHORT,10,2026-05-19T14:30:00+05:30,2241.8,2026-05-22T11:15:00+05:30,2197.3,breakout_down,breakout_up,445.0,112.43,4.44,13.32,314.82,2.86
NSE:SENSEX,LONG,1.348347199733111,2026-05-22T09:30:00+05:30,75568.18,2026-05-22T14:15:00+05:30,75493.2,breakout_up,breakout_down,-101.1,104.53,4.07,20.37,-230.07,0.2
NSE:NIFTY,LONG,4.940160759139354,2026-05-20T14:15:00+05:30,23665.35,2026-05-22T14:30:00+05:30,23709.05,breakout_up,breakout_down,215.89,113.16,4.68,23.4,74.65,2.01
NSE:BANKNIFTY,LONG,1.5711411701002742,2026-05-22T09:15:00+05:30,53858.85,2026-05-22T14:30:00+05:30,53885.45,breakout_up,breakout_down,41.79,94.88,3.39,16.93,-73.4,0.22
NSE:SBIN,LONG,45,2026-05-20T14:00:00+05:30,951.2,2026-05-22T14:30:00+05:30,948.6,breakout_up,breakout_down,-117.0,158.14,8.55,25.65,-309.33,2.02
NSE:LT,LONG,10,2026-05-21T09:15:00+05:30,3944.0,2026-05-22T14:30:00+05:30,3922.7,breakout_up,breakout_down,-213.0,150.56,7.87,23.6,-395.03,1.22
NSE:SENSEX,SHORT,1.3484247665453821,2026-05-22T14:30:00+05:30,75393.72,2026-05-25T09:15:00+05:30,76286.44,breakout_down,breakout_up,-1203.77,104.51,4.09,20.45,-1332.81,2.78
NSE:ITC,SHORT,105,2026-05-22T10:15:00+05:30,302.55,2026-05-25T09:15:00+05:30,305.2,breakout_down,breakout_up,-278.25,134.06,6.38,19.14,-437.84,2.96
NSE:ADANIGREEN,SHORT,85,2026-05-21T15:00:00+05:30,1360.4,2026-05-25T09:15:00+05:30,1382.5,breakout_down,breakout_up,-1878.5,322.35,23.31,69.94,-2294.11,3.76
NSE:HCLTECH,SHORT,20,2026-05-22T14:00:00+05:30,1161.4,2026-05-25T11:00:00+05:30,1176.6,breakout_down,breakout_up,-304.0,115.11,4.68,14.03,-437.82,2.88
NSE:HINDUNILVR,LONG,10,2026-05-22T11:30:00+05:30,2211.9,2026-05-25T14:00:00+05:30,2202.0,breakout_up,breakout_down,-99.0,112.19,4.41,13.24,-228.84,3.1
NSE:TATACONSUM,SHORT,5,2026-05-22T14:15:00+05:30,1191.8,2026-05-26T11:00:00+05:30,1194.1,breakout_down,breakout_up,-11.5,76.39,1.19,3.58,-92.66,3.86
NSE:NIFTY,LONG,4.878117200353919,2026-05-25T09:15:00+05:30,23981.6,2026-05-26T13:30:00+05:30,23958.5,breakout_up,breakout_down,-112.68,113.03,4.68,23.39,-253.77,1.18
NSE:SENSEX,LONG,1.313952232407786,2026-05-25T10:30:00+05:30,76360.41,2026-05-26T13:30:00+05:30,76161.19,breakout_up,breakout_down,-261.77,103.57,4.01,20.04,-389.38,1.12
NSE:SBIN,LONG,45,2026-05-25T09:15:00+05:30,961.4,2026-05-26T13:30:00+05:30,965.3,breakout_up,breakout_down,175.5,159.46,8.67,26.01,-18.64,1.18
NSE:ICICIBANK,LONG,25,2026-05-20T14:30:00+05:30,1236.1,2026-05-26T13:45:00+05:30,1282.6,breakout_up,breakout_down,1162.5,133.01,6.3,18.89,1004.3,5.97
NSE:WIPRO,LONG,270,2026-05-18T12:00:00+05:30,191.94,2026-05-26T14:00:00+05:30,205.21,breakout_up,breakout_down,3582.9,182.02,10.72,32.17,3357.99,8.08
NSE:BHARTIARTL,SHORT,15,2026-05-20T09:15:00+05:30,1904.7,2026-05-27T11:15:00+05:30,1865.3,breakout_down,breakout_up,591.0,125.93,5.66,16.96,442.45,7.08
NSE:BANKNIFTY,LONG,1.538933098628031,2026-05-25T09:15:00+05:30,54938.5,2026-05-27T13:30:00+05:30,54847.9,breakout_up,breakout_down,-139.43,94.74,3.38,16.9,-254.44,2.18
NSE:LT,LONG,10,2026-05-25T09:15:00+05:30,3998.7,2026-05-27T14:00:00+05:30,4023.6,breakout_up,breakout_down,249.0,152.26,8.02,24.07,64.65,2.2
NSE:TCS,SHORT,15,2026-05-25T09:15:00+05:30,2303.0,2026-05-27T15:15:00+05:30,2289.9,breakout_down,breakout_up,196.5,139.67,6.89,20.67,29.27,2.25
NSE:INFY,SHORT,20,2026-05-21T14:30:00+05:30,1178.9,2026-05-29T09:15:00+05:30,1195.4,breakout_down,breakout_up,-330.0,115.92,4.75,14.25,-464.92,7.78
NSE:HINDUNILVR,SHORT,10,2026-05-25T14:15:00+05:30,2201.3,2026-05-29T09:15:00+05:30,2205.5,breakout_down,breakout_up,-42.0,112.1,4.41,13.22,-171.73,3.79
NSE:HCLTECH,SHORT,20,2026-05-26T14:00:00+05:30,1162.6,2026-05-29T09:15:00+05:30,1183.1,breakout_down,breakout_up,-410.0,115.29,4.69,14.07,-544.06,2.8
NSE:BHARTIARTL,LONG,15,2026-05-27T12:30:00+05:30,1867.2,2026-05-29T09:15:00+05:30,1823.0,breakout_up,breakout_down,-663.0,124.69,5.54,16.61,-809.83,1.86
NSE:TATASTEEL,LONG,310,2026-05-20T14:30:00+05:30,206.25,2026-05-29T09:45:00+05:30,212.86,breakout_up,breakout_down,2049.1,207.35,12.99,38.98,1789.78,8.8
NSE:TATACONSUM,LONG,5,2026-05-27T11:00:00+05:30,1201.0,2026-05-29T13:00:00+05:30,1193.7,breakout_up,breakout_down,-36.5,76.44,1.2,3.59,-117.73,2.08
NSE:TCS,LONG,15,2026-05-29T09:15:00+05:30,2310.7,2026-05-29T15:00:00+05:30,2253.3,breakout_up,breakout_down,-861.0,59.17,6.85,20.54,-947.55,0.24
NSE:INFY,LONG,20,2026-05-29T09:45:00+05:30,1205.5,2026-05-29T15:00:00+05:30,1160.6,breakout_up,breakout_down,-898.0,55.44,4.73,14.2,-972.37,0.22
NSE:ADANIGREEN,LONG,80,2026-05-25T13:00:00+05:30,1399.4,2026-05-29T15:00:00+05:30,1475.2,breakout_up,breakout_down,6064.0,318.22,23.0,68.99,5653.79,4.08
NSE:LT,LONG,10,2026-05-29T09:45:00+05:30,4097.7,2026-05-29T15:00:00+05:30,4071.1,breakout_up,breakout_down,-266.0,61.57,8.17,24.51,-360.24,0.22
NSE:WIPRO,SHORT,270,2026-05-26T14:15:00+05:30,204.8,2026-06-01T09:15:00+05:30,206.56,breakout_down,breakout_up,-475.2,186.59,11.11,33.32,-706.21,5.79
NSE:INFY,LONG,20,2026-06-01T09:45:00+05:30,1207.5,2026-06-01T15:00:00+05:30,1202.5,breakout_up,breakout_down,-100.0,55.68,4.82,14.46,-174.96,0.22
NSE:TATASTEEL,SHORT,305,2026-05-29T10:00:00+05:30,212.42,2026-06-02T09:30:00+05:30,212.73,breakout_down,breakout_up,-94.55,207.23,12.97,38.9,-353.65,3.98
NSE:NIFTY,SHORT,4.876595478675215,2026-05-26T13:45:00+05:30,23937.2,2026-06-02T12:45:00+05:30,23456.9,breakout_down,breakout_up,2342.23,112.84,4.62,23.11,2201.65,6.96
NSE:BANKNIFTY,SHORT,1.538617252773528,2026-05-27T14:30:00+05:30,54784.9,2026-06-02T12:45:00+05:30,53787.25,breakout_down,breakout_up,1535.0,94.61,3.34,16.71,1420.35,5.93
NSE:SENSEX,SHORT,1.3137707116187638,2026-05-26T13:45:00+05:30,76075.46,2026-06-02T12:45:00+05:30,74580.81,breakout_down,breakout_up,1963.63,103.41,3.96,19.79,1836.47,6.96
NSE:TATACONSUM,SHORT,5,2026-05-29T15:00:00+05:30,1173.1,2026-06-02T12:45:00+05:30,1150.7,breakout_down,breakout_up,112.0,76.03,1.16,3.49,31.32,3.91
NSE:SBIN,SHORT,45,2026-05-26T13:45:00+05:30,964.0,2026-06-02T13:00:00+05:30,956.05,breakout_down,breakout_up,357.75,159.12,8.64,25.92,164.07,6.97
NSE:BHARTIARTL,SHORT,15,2026-06-01T11:15:00+05:30,1817.0,2026-06-02T13:45:00+05:30,1818.1,breakout_down,breakout_up,-16.5,123.72,5.45,16.36,-162.03,1.1
NSE:ITC,SHORT,105,2026-05-26T12:00:00+05:30,301.5,2026-06-02T14:00:00+05:30,282.1,breakout_down,breakout_up,2037.0,131.07,6.13,18.38,1881.42,7.08
NSE:ADANIGREEN,SHORT,80,2026-06-01T10:00:00+05:30,1447.8,2026-06-02T15:00:00+05:30,1453.6,breakout_down,breakout_up,-464.0,321.09,23.21,69.63,-877.94,1.21
NSE:LT,SHORT,10,2026-06-01T09:45:00+05:30,4041.0,2026-06-02T15:15:00+05:30,4010.0,breakout_down,breakout_up,310.0,152.57,8.05,24.15,125.22,1.23
NSE:SENSEX,LONG,1.363965086286668,2026-06-02T13:00:00+05:30,74618.25,2026-06-03T09:15:00+05:30,73909.83,breakout_up,breakout_down,-966.26,104.02,4.05,20.26,-1094.59,0.84
NSE:TCS,LONG,15,2026-06-01T10:15:00+05:30,2322.2,2026-06-03T09:15:00+05:30,2305.0,breakout_up,breakout_down,-258.0,140.28,6.94,20.82,-426.04,1.96
NSE:INFY,LONG,20,2026-06-02T09:15:00+05:30,1244.7,2026-06-03T09:15:00+05:30,1235.2,breakout_up,breakout_down,-190.0,118.26,4.96,14.88,-328.1,1.0
NSE:ITC,LONG,120,2026-06-02T14:15:00+05:30,282.5,2026-06-03T09:15:00+05:30,277.5,breakout_up,breakout_down,-600.0,137.85,6.72,20.16,-764.73,0.79
NSE:HCLTECH,LONG,20,2026-06-01T09:15:00+05:30,1198.7,2026-06-03T09:15:00+05:30,1210.5,breakout_up,breakout_down,236.0,116.66,4.82,14.46,100.07,2.0
NSE:SBIN,LONG,45,2026-06-02T13:30:00+05:30,957.95,2026-06-03T10:15:00+05:30,939.85,breakout_up,breakout_down,-814.5,158.09,8.54,25.62,-1006.75,0.86
NSE:WIPRO,LONG,260,2026-06-02T10:30:00+05:30,208.95,2026-06-03T10:30:00+05:30,205.81,breakout_up,breakout_down,-816.4,183.02,10.78,32.35,-1042.56,1.0
NSE:NIFTY,LONG,5.066279247383857,2026-06-02T13:00:00+05:30,23474.25,2026-06-03T11:00:00+05:30,23202.85,breakout_up,breakout_down,-1374.99,113.46,4.73,23.65,-1516.83,0.92
NSE:TATACONSUM,LONG,5,2026-06-02T13:00:00+05:30,1154.1,2026-06-03T11:45:00+05:30,1147.5,breakout_up,breakout_down,-33.0,75.92,1.15,3.45,-113.52,0.95
NSE:ICICIBANK,SHORT,25,2026-05-26T14:00:00+05:30,1282.3,2026-06-03T13:15:00+05:30,1242.5,breakout_down,breakout_up,995.0,133.2,6.31,18.94,836.56,7.97
NSE:BANKNIFTY,SHORT,1.6143959930007288,2026-06-03T11:00:00+05:30,53090.5,2026-06-03T13:45:00+05:30,53882.65,breakout_down,breakout_up,-1278.84,95.52,3.45,17.27,-1395.09,0.11
NSE:TATASTEEL,SHORT,310,2026-06-03T10:00:00+05:30,208.89,2026-06-03T14:15:00+05:30,211.97,breakout_down,breakout_up,-954.8,70.09,13.05,39.14,-1077.07,0.18
NSE:NIFTY,SHORT,5.0626746290288445,2026-06-03T11:45:00+05:30,23192.25,2026-06-03T14:30:00+05:30,23439.8,breakout_down,breakout_up,-1253.27,113.38,4.72,23.61,-1394.97,0.11
NSE:ADANIGREEN,SHORT,80,2026-06-03T09:45:00+05:30,1405.0,2026-06-03T14:30:00+05:30,1432.0,breakout_down,breakout_up,-2160.0,86.96,22.7,68.09,-2337.74,0.2
NSE:HINDUNILVR,SHORT,10,2026-05-29T15:00:00+05:30,2157.6,2026-06-03T14:45:00+05:30,2097.6,breakout_down,breakout_up,600.0,110.37,4.26,12.77,472.61,4.99
NSE:ITC,SHORT,120,2026-06-03T09:30:00+05:30,276.0,2026-06-04T10:00:00+05:30,278.8,breakout_down,breakout_up,-336.0,137.14,6.66,19.97,-499.77,1.02
NSE:TATACONSUM,SHORT,5,2026-06-03T12:15:00+05:30,1144.8,2026-06-04T10:30:00+05:30,1163.0,breakout_down,breakout_up,-91.0,75.96,1.15,3.46,-171.57,0.93
NSE:BHARTIARTL,LONG,15,2026-06-02T14:00:00+05:30,1823.0,2026-06-04T11:45:00+05:30,1813.7,breakout_up,breakout_down,-139.5,123.76,5.46,16.37,-285.08,1.91
NSE:TATASTEEL,LONG,300,2026-06-03T14:30:00+05:30,212.35,2026-06-04T13:00:00+05:30,209.57,breakout_up,breakout_down,-834.0,203.85,12.66,37.97,-1088.48,0.94
NSE:SENSEX,SHORT,1.3666606588479453,2026-06-03T11:00:00+05:30,73672.55,2026-06-05T09:15:00+05:30,74552.07,breakout_down,breakout_up,-1202.01,103.95,4.05,20.26,-1330.27,1.93
NSE:TCS,SHORT,15,2026-06-03T09:30:00+05:30,2284.3,2026-06-05T09:15:00+05:30,2252.9,breakout_down,breakout_up,471.0,138.72,6.81,20.42,305.05,1.99
NSE:INFY,SHORT,20,2026-06-03T09:30:00+05:30,1224.2,2026-06-05T09:15:00+05:30,1207.9,breakout_down,breakout_up,326.0,117.16,4.86,14.59,189.39,1.99
NSE:ITC,LONG,115,2026-06-04T10:15:00+05:30,278.9,2026-06-05T10:45:00+05:30,278.75,breakout_up,breakout_down,-17.25,134.39,6.41,19.24,-177.3,1.02
NSE:WIPRO,SHORT,265,2026-06-03T11:45:00+05:30,202.89,2026-06-05T14:15:00+05:30,197.19,breakout_down,breakout_up,1510.5,180.83,10.6,31.81,1287.26,2.1
NSE:ICICIBANK,LONG,30,2026-06-03T13:45:00+05:30,1243.7,2026-06-08T09:15:00+05:30,1249.8,breakout_up,breakout_down,183.0,146.24,7.48,22.44,6.84,4.81
NSE:WIPRO,LONG,280,2026-06-05T14:30:00+05:30,197.95,2026-06-08T09:15:00+05:30,188.78,breakout_up,breakout_down,-2567.6,183.65,10.83,32.49,-2794.56,2.78
NSE:BHARTIARTL,SHORT,15,2026-06-04T12:45:00+05:30,1809.6,2026-06-08T11:00:00+05:30,1808.1,breakout_down,breakout_up,22.5,123.43,5.43,16.28,-122.64,3.93
NSE:HCLTECH,SHORT,20,2026-06-03T10:00:00+05:30,1196.5,2026-06-08T12:00:00+05:30,1158.0,breakout_down,breakout_up,770.0,115.4,4.71,14.13,635.76,5.08
NSE:ITC,LONG,115,2026-06-05T12:15:00+05:30,281.2,2026-06-08T15:00:00+05:30,279.4,breakout_up,breakout_down,-207.0,134.79,6.45,19.34,-367.57,3.11
NSE:ADANIGREEN,LONG,80,2026-06-04T09:15:00+05:30,1443.6,2026-06-08T15:00:00+05:30,1492.5,breakout_up,breakout_down,3912.0,323.85,23.49,70.47,3494.19,4.24
NSE:BANKNIFTY,LONG,1.5586809758735003,2026-06-03T14:30:00+05:30,54095.85,2026-06-08T15:15:00+05:30,54007.35,breakout_up,breakout_down,-137.94,94.62,3.37,16.85,-252.78,5.03
NSE:BHARTIARTL,LONG,15,2026-06-08T12:15:00+05:30,1811.7,2026-06-09T10:30:00+05:30,1800.0,breakout_up,breakout_down,-175.5,123.34,5.42,16.25,-320.51,0.93
NSE:ADANIGREEN,SHORT,80,2026-06-08T15:15:00+05:30,1488.9,2026-06-09T14:00:00+05:30,1530.0,breakout_down,breakout_up,-3288.0,331.75,24.15,72.45,-3716.36,0.95
NSE:NIFTY,SHORT,4.977307073767575,2026-06-05T13:15:00+05:30,23310.6,2026-06-09T14:30:00+05:30,23251.15,breakout_down,breakout_up,295.9,112.53,4.64,23.18,155.56,4.05
NSE:SENSEX,SHORT,1.3410980650140247,2026-06-05T13:15:00+05:30,74087.86,2026-06-09T14:30:00+05:30,73950.91,breakout_down,breakout_up,183.66,103.15,3.97,19.85,56.69,4.05
NSE:TATASTEEL,SHORT,305,2026-06-05T09:15:00+05:30,207.14,2026-06-09T14:30:00+05:30,203.3,breakout_down,breakout_up,1171.2,202.15,12.52,37.56,918.98,4.22
NSE:INFY,SHORT,20,2026-06-05T13:45:00+05:30,1198.0,2026-06-09T14:45:00+05:30,1178.1,breakout_down,breakout_up,398.0,115.91,4.75,14.26,263.08,4.04
NSE:HCLTECH,SHORT,20,2026-06-09T09:15:00+05:30,1145.6,2026-06-09T14:45:00+05:30,1145.7,breakout_down,breakout_up,-2.0,55.28,4.58,13.75,-75.61,0.23
NSE:TATACONSUM,SHORT,5,2026-06-05T10:45:00+05:30,1141.0,2026-06-09T14:45:00+05:30,1106.4,breakout_down,breakout_up,173.0,75.6,1.12,3.37,92.9,4.17
NSE:TCS,SHORT,15,2026-06-05T10:45:00+05:30,2223.5,2026-06-10T09:15:00+05:30,2164.6,breakout_down,breakout_up,883.5,136.21,6.58,19.75,720.97,4.94
NSE:INFY,LONG,20,2026-06-09T15:00:00+05:30,1180.0,2026-06-10T09:15:00+05:30,1161.5,breakout_up,breakout_down,-370.0,115.2,4.68,14.05,-503.93,0.76
NSE:ITC,SHORT,115,2026-06-09T10:00:00+05:30,278.65,2026-06-10T09:15:00+05:30,282.45,breakout_down,breakout_up,-437.0,134.87,6.45,19.36,-597.68,0.97
NSE:LT,SHORT,10,2026-06-03T10:30:00+05:30,3919.0,2026-06-10T10:30:00+05:30,3938.3,breakout_down,breakout_up,-193.0,150.46,7.86,23.57,-374.89,7.0
NSE:HINDUNILVR,LONG,10,2026-06-04T09:15:00+05:30,2100.6,2026-06-10T14:15:00+05:30,2171.5,breakout_up,breakout_down,709.0,110.55,4.27,12.82,581.36,6.21
NSE:HCLTECH,LONG,20,2026-06-09T15:15:00+05:30,1148.3,2026-06-10T14:15:00+05:30,1139.0,breakout_up,breakout_down,-186.0,113.98,4.57,13.72,-318.28,0.96
NSE:NIFTY,LONG,4.991658676547629,2026-06-09T14:45:00+05:30,23274.65,2026-06-10T14:30:00+05:30,23261.6,breakout_up,breakout_down,-65.14,112.6,4.65,23.23,-205.61,0.99
NSE:SENSEX,LONG,1.3430807836550513,2026-06-09T14:45:00+05:30,74020.57,2026-06-10T14:30:00+05:30,74123.39,breakout_up,breakout_down,138.1,103.26,3.98,19.9,10.96,0.99
NSE:TCS,LONG,15,2026-06-10T09:30:00+05:30,2171.0,2026-06-10T14:30:00+05:30,2155.4,breakout_up,breakout_down,-234.0,58.61,6.49,19.47,-318.57,0.21
NSE:SBIN,LONG,45,2026-06-03T14:00:00+05:30,961.75,2026-06-10T14:30:00+05:30,1000.8,breakout_up,breakout_down,1757.25,161.14,8.83,26.49,1560.79,7.02
NSE:ADANIGREEN,LONG,75,2026-06-09T14:15:00+05:30,1536.1,2026-06-10T14:30:00+05:30,1494.8,breakout_up,breakout_down,-3097.5,315.96,22.73,68.2,-3504.39,1.01
NSE:BANKNIFTY,LONG,1.5381785687695018,2026-06-09T09:15:00+05:30,54653.05,2026-06-10T15:00:00+05:30,55053.75,breakout_up,breakout_down,616.35,94.87,3.37,16.87,501.23,1.24
NSE:TATACONSUM,LONG,5,2026-06-10T09:15:00+05:30,1123.8,2026-06-10T15:00:00+05:30,1105.3,breakout_up,breakout_down,-92.5,49.15,1.11,3.34,-146.11,0.24
NSE:ITC,LONG,110,2026-06-10T10:00:00+05:30,283.25,2026-06-11T09:15:00+05:30,282.35,breakout_up,breakout_down,-99.0,132.27,6.22,18.66,-256.16,0.97
NSE:LT,LONG,10,2026-06-10T10:45:00+05:30,3944.8,2026-06-11T09:15:00+05:30,3892.5,breakout_up,breakout_down,-523.0,150.26,7.84,23.51,-704.61,0.94
NSE:BANKNIFTY,SHORT,1.537666346601613,2026-06-11T09:15:00+05:30,54996.25,2026-06-11T12:15:00+05:30,55487.65,breakout_down,breakout_up,-755.61,94.86,3.4,16.99,-870.85,0.12
NSE:ICICIBANK,LONG,30,2026-06-09T09:15:00+05:30,1269.0,2026-06-11T15:15:00+05:30,1313.9,breakout_up,breakout_down,1347.0,149.13,7.75,23.25,1166.87,2.25
NSE:NIFTY,SHORT,4.986686041374119,2026-06-10T14:45:00+05:30,23256.75,2026-06-12T09:15:00+05:30,23401.2,breakout_down,breakout_up,-720.33,112.55,4.65,23.27,-860.79,1.77
NSE:SENSEX,SHORT,1.3415783293831398,2026-06-10T14:45:00+05:30,74111.61,2026-06-12T09:15:00+05:30,74704.62,breakout_down,breakout_up,-795.57,103.23,3.99,19.96,-922.76,1.77
NSE:HINDUNILVR,SHORT,10,2026-06-10T14:30:00+05:30,2168.8,2026-06-12T09:15:00+05:30,2162.6,breakout_down,breakout_up,62.0,111.26,4.33,12.99,-66.58,1.78
NSE:BHARTIARTL,SHORT,15,2026-06-10T14:30:00+05:30,1781.2,2026-06-12T09:15:00+05:30,1801.6,breakout_down,breakout_up,-306.0,122.87,5.37,16.12,-450.37,1.78
NSE:LT,SHORT,10,2026-06-11T09:30:00+05:30,3883.5,2026-06-12T09:15:00+05:30,3972.0,breakout_down,breakout_up,-885.0,150.49,7.86,23.57,-1066.91,0.99
NSE:TCS,SHORT,15,2026-06-10T14:45:00+05:30,2152.6,2026-06-12T11:00:00+05:30,2163.5,breakout_down,breakout_up,-163.5,135.08,6.47,19.42,-324.48,1.84
NSE:WIPRO,SHORT,280,2026-06-08T09:30:00+05:30,187.63,2026-06-12T11:00:00+05:30,179.25,breakout_down,breakout_up,2346.4,177.11,10.27,30.82,2128.2,4.06
NSE:INFY,SHORT,20,2026-06-10T10:30:00+05:30,1158.5,2026-06-15T09:15:00+05:30,1128.0,breakout_down,breakout_up,610.0,113.9,4.57,13.72,477.81,4.95
NSE:TATASTEEL,SHORT,315,2026-06-10T12:30:00+05:30,200.65,2026-06-15T09:15:00+05:30,200.22,breakout_down,breakout_up,135.45,203.44,12.63,37.88,-118.5,4.86
NSE:HCLTECH,SHORT,20,2026-06-10T14:30:00+05:30,1136.2,2026-06-15T09:15:00+05:30,1121.6,breakout_down,breakout_up,292.0,113.29,4.52,13.55,160.65,4.78
NSE:ADANIGREEN,SHORT,75,2026-06-10T14:45:00+05:30,1491.0,2026-06-15T09:15:00+05:30,1498.0,breakout_down,breakout_up,-525.0,312.28,22.42,67.25,-926.95,4.77
NSE:ICICIBANK,LONG,25,2026-06-12T14:30:00+05:30,1340.7,2026-06-15T13:30:00+05:30,1335.1,breakout_up,breakout_down,-140.0,137.48,6.69,20.07,-304.23,2.96
NSE:SBIN,LONG,45,2026-06-12T09:15:00+05:30,1011.65,2026-06-15T14:00:00+05:30,1022.85,breakout_up,breakout_down,504.0,164.83,9.16,27.47,302.55,3.2
NSE:TCS,LONG,15,2026-06-15T09:15:00+05:30,2173.3,2026-06-15T14:45:00+05:30,2161.4,breakout_up,breakout_down,-178.5,58.64,6.5,19.51,-263.15,0.23
NSE:HINDUNILVR,LONG,10,2026-06-15T09:15:00+05:30,2187.4,2026-06-15T14:45:00+05:30,2162.8,breakout_up,breakout_down,-246.0,54.84,4.35,13.05,-318.24,0.23
NSE:NIFTY,LONG,4.903848970048686,2026-06-12T13:30:00+05:30,23474.6,2026-06-15T15:00:00+05:30,23843.6,breakout_up,breakout_down,1809.52,112.98,4.64,23.2,1668.7,3.06
NSE:SENSEX,LONG,1.3136202961013612,2026-06-12T13:30:00+05:30,74988.59,2026-06-15T15:00:00+05:30,76233.36,breakout_up,breakout_down,1635.16,103.53,3.97,19.86,1507.79,3.06
NSE:HINDUNILVR,SHORT,10,2026-06-15T15:00:00+05:30,2152.2,2026-06-16T09:15:00+05:30,2184.7,breakout_down,breakout_up,-325.0,111.35,4.34,13.01,-453.69,0.76
NSE:TATACONSUM,SHORT,5,2026-06-12T11:30:00+05:30,1103.2,2026-06-16T09:15:00+05:30,1113.9,breakout_down,breakout_up,-53.5,75.45,1.11,3.33,-133.39,3.91
NSE:LT,LONG,10,2026-06-12T14:00:00+05:30,4012.6,2026-06-16T14:30:00+05:30,4180.1,breakout_up,breakout_down,1675.0,154.04,8.19,24.58,1488.19,4.02
NSE:ICICIBANK,SHORT,25,2026-06-15T13:45:00+05:30,1332.3,2026-06-16T15:00:00+05:30,1336.6,breakout_down,breakout_up,-107.5,137.28,6.67,20.02,-271.47,1.05
NSE:TATASTEEL,SHORT,320,2026-06-15T15:00:00+05:30,197.3,2026-06-17T09:30:00+05:30,197.27,breakout_down,breakout_up,9.6,203.44,12.63,37.88,-244.34,1.77
NSE:SBIN,SHORT,45,2026-06-15T15:00:00+05:30,1020.0,2026-06-17T11:00:00+05:30,1020.1,breakout_down,breakout_up,-4.5,165.15,9.18,27.54,-206.37,1.83
NSE:LT,SHORT,10,2026-06-17T09:15:00+05:30,4176.6,2026-06-17T11:15:00+05:30,4205.0,breakout_down,breakout_up,-284.0,61.94,8.38,25.14,-379.47,0.08
NSE:ITC,LONG,110,2026-06-12T09:15:00+05:30,283.5,2026-06-17T12:00:00+05:30,290.3,breakout_up,breakout_down,748.0,133.21,6.31,18.94,589.54,5.11
NSE:HINDUNILVR,LONG,10,2026-06-16T14:30:00+05:30,2198.2,2026-06-17T12:30:00+05:30,2191.3,breakout_up,breakout_down,-69.0,111.91,4.39,13.17,-198.47,0.92
NSE:TATACONSUM,LONG,5,2026-06-16T09:45:00+05:30,1124.0,2026-06-17T12:30:00+05:30,1122.5,breakout_up,breakout_down,-7.5,75.61,1.12,3.37,-87.61,1.11
NSE:TCS,LONG,15,2026-06-16T09:30:00+05:30,2191.3,2026-06-18T09:15:00+05:30,2195.0,breakout_up,breakout_down,55.5,136.24,6.58,19.74,-107.06,1.99
NSE:INFY,LONG,20,2026-06-15T10:45:00+05:30,1146.3,2026-06-18T09:15:00+05:30,1130.3,breakout_up,breakout_down,-320.0,113.75,4.55,13.66,-451.96,2.94
NSE:WIPRO,LONG,300,2026-06-12T15:00:00+05:30,180.31,2026-06-18T09:15:00+05:30,183.3,breakout_up,breakout_down,897.0,184.28,10.91,32.72,669.09,5.76
NSE:HCLTECH,LONG,20,2026-06-16T09:15:00+05:30,1148.9,2026-06-18T09:15:00+05:30,1151.0,breakout_up,breakout_down,42.0,114.24,4.6,13.8,-90.64,2.0
NSE:ADANIGREEN,SHORT,75,2026-06-17T09:15:00+05:30,1469.7,2026-06-18T09:15:00+05:30,1471.2,breakout_down,breakout_up,-112.5,308.24,22.06,66.17,-508.97,1.0
NSE:ICICIBANK,LONG,25,2026-06-17T09:15:00+05:30,1338.0,2026-06-18T10:30:00+05:30,1333.0,breakout_up,breakout_down,-125.0,137.34,6.68,20.03,-289.05,1.05
NSE:LT,LONG,10,2026-06-18T09:15:00+05:30,4233.9,2026-06-18T10:30:00+05:30,4185.6,breakout_up,breakout_down,-483.0,61.98,8.42,25.26,-578.66,0.05
NSE:HINDUNILVR,SHORT,10,2026-06-17T12:45:00+05:30,2189.1,2026-06-18T14:45:00+05:30,2215.6,breakout_down,breakout_up,-265.0,112.1,4.4,13.21,-394.71,1.08
NSE:ITC,SHORT,110,2026-06-17T13:00:00+05:30,290.05,2026-06-18T15:00:00+05:30,291.2,breakout_down,breakout_up,-126.5,134.19,6.39,19.18,-286.26,1.08
NSE:NIFTY,LONG,4.86696249307116,2026-06-16T14:00:00+05:30,23994.35,2026-06-19T09:15:00+05:30,23955.55,breakout_up,breakout_down,-188.84,112.87,4.67,23.34,-329.71,2.8
NSE:BANKNIFTY,LONG,1.5063189601617546,2026-06-11T12:30:00+05:30,55564.35,2026-06-19T09:15:00+05:30,57629.85,breakout_up,breakout_down,3111.3,95.96,3.41,17.05,2994.88,7.86
NSE:SENSEX,LONG,1.30327558868861,2026-06-16T13:15:00+05:30,76737.27,2026-06-19T09:15:00+05:30,76638.7,breakout_up,breakout_down,-128.46,103.46,4.0,19.99,-255.91,2.83
NSE:HINDUNILVR,LONG,10,2026-06-18T15:00:00+05:30,2218.7,2026-06-19T09:15:00+05:30,2197.0,breakout_up,breakout_down,-217.0,112.21,4.42,13.25,-346.88,0.76
NSE:SBIN,LONG,45,2026-06-17T13:45:00+05:30,1024.0,2026-06-19T10:30:00+05:30,1033.6,breakout_up,breakout_down,432.0,165.99,9.26,27.78,228.97,1.86
NSE:TATASTEEL,LONG,320,2026-06-17T10:30:00+05:30,198.01,2026-06-19T11:45:00+05:30,196.82,breakout_up,breakout_down,-380.8,203.56,12.63,37.9,-634.9,2.05
NSE:LT,SHORT,10,2026-06-18T10:45:00+05:30,4175.3,2026-06-19T11:45:00+05:30,4203.2,breakout_down,breakout_up,-279.0,156.25,8.38,25.14,-468.77,1.04
NSE:TCS,SHORT,15,2026-06-18T11:15:00+05:30,2185.7,2026-06-19T14:15:00+05:30,2092.8,breakout_down,breakout_up,1393.5,134.34,6.42,19.25,1233.49,1.12
NSE:ADANIGREEN,LONG,75,2026-06-18T12:15:00+05:30,1489.1,2026-06-19T14:15:00+05:30,1500.9,breakout_up,breakout_down,885.0,312.26,22.43,67.27,483.04,1.08
NSE:NIFTY,SHORT,4.87005782607981,2026-06-19T14:45:00+05:30,23911.6,2026-06-19T15:00:00+05:30,24026.95,breakout_down,breakout_up,-561.76,112.81,4.67,23.35,-702.58,0.01
NSE:SENSEX,SHORT,1.3030641413102317,2026-06-19T13:00:00+05:30,76553.92,2026-06-19T15:00:00+05:30,76837.29,breakout_down,breakout_up,-369.25,103.4,4.0,19.99,-496.63,0.08
NSE:INFY,SHORT,20,2026-06-18T14:30:00+05:30,1128.0,2026-06-19T15:00:00+05:30,1054.8,breakout_down,breakout_up,1464.0,111.53,4.37,13.1,1335.01,1.02
NSE:WIPRO,SHORT,305,2026-06-18T14:00:00+05:30,181.8,2026-06-19T15:00:00+05:30,180.99,breakout_down,breakout_up,247.05,186.07,11.07,33.2,16.72,1.04
NSE:HCLTECH,SHORT,20,2026-06-19T09:15:00+05:30,1101.8,2026-06-19T15:00:00+05:30,1132.8,breakout_down,breakout_up,-620.0,55.01,4.47,13.41,-692.88,0.24
NSE:BANKNIFTY,SHORT,1.5045140830619408,2026-06-19T09:30:00+05:30,57615.65,2026-06-22T09:15:00+05:30,57820.9,breakout_down,breakout_up,-308.8,96.03,3.47,17.37,-425.67,2.99
NSE:ADANIGREEN,SHORT,75,2026-06-19T14:45:00+05:30,1497.1,2026-06-22T11:00:00+05:30,1522.1,breakout_down,breakout_up,-1875.0,314.9,22.64,67.93,-2280.47,2.84
NSE:TATACONSUM,SHORT,5,2026-06-17T13:15:00+05:30,1119.5,2026-06-22T14:30:00+05:30,1114.2,breakout_down,breakout_up,26.5,75.54,1.12,3.35,-53.51,5.05
NSE:HCLTECH,LONG,20,2026-06-19T15:15:00+05:30,1135.9,2026-06-22T14:45:00+05:30,1134.8,breakout_up,breakout_down,-22.0,113.6,4.54,13.62,-153.76,2.98
NSE:SENSEX,LONG,1.2856038968523589,2026-06-22T09:15:00+05:30,77208.48,2026-06-22T15:00:00+05:30,77102.83,breakout_up,breakout_down,-135.82,103.03,3.97,19.84,-262.66,0.24
NSE:ICICIBANK,LONG,25,2026-06-18T12:00:00+05:30,1342.1,2026-06-22T15:00:00+05:30,1352.2,breakout_up,breakout_down,252.5,137.96,6.74,20.21,87.6,4.12
NSE:TCS,LONG,15,2026-06-19T14:30:00+05:30,2101.1,2026-06-22T15:00:00+05:30,2124.6,breakout_up,breakout_down,352.5,133.54,6.34,19.02,193.61,3.02
NSE:NIFTY,LONG,4.814367449113167,2026-06-19T15:15:00+05:30,24042.7,2026-06-22T15:15:00+05:30,24086.85,breakout_up,breakout_down,212.55,112.5,4.63,23.17,72.25,3.0
NSE:INFY,LONG,25,2026-06-22T09:15:00+05:30,1063.7,2026-06-23T09:15:00+05:30,1040.0,breakout_up,breakout_down,-592.5,121.62,5.26,15.78,-735.15,1.0
NSE:SBIN,SHORT,45,2026-06-19T10:45:00+05:30,1030.55,2026-06-23T09:15:00+05:30,1045.1,breakout_down,breakout_up,-654.75,166.97,9.34,28.02,-859.08,3.94
NSE:TATASTEEL,LONG,315,2026-06-19T15:00:00+05:30,199.1,2026-06-23T09:15:00+05:30,196.82,breakout_up,breakout_down,-718.2,201.77,12.47,37.41,-969.86,3.76
NSE:WIPRO,LONG,305,2026-06-22T09:15:00+05:30,181.56,2026-06-23T09:15:00+05:30,178.65,breakout_up,breakout_down,-887.55,185.28,10.99,32.96,-1116.78,1.0
NSE:ICICIBANK,SHORT,25,2026-06-22T15:15:00+05:30,1351.0,2026-06-23T09:30:00+05:30,1362.2,breakout_down,breakout_up,-280.0,138.53,6.78,20.35,-445.66,0.76
NSE:ADANIGREEN,LONG,70,2026-06-22T11:30:00+05:30,1527.3,2026-06-23T11:00:00+05:30,1521.5,breakout_up,breakout_down,-406.0,300.31,21.34,64.02,-791.68,0.98
NSE:BANKNIFTY,LONG,1.4876654224834822,2026-06-22T14:45:00+05:30,57982.9,2026-06-23T11:30:00+05:30,57762.6,breakout_up,breakout_down,-327.73,95.61,3.44,17.22,-444.0,0.86
NSE:TATACONSUM,LONG,5,2026-06-22T14:45:00+05:30,1114.7,2026-06-23T12:45:00+05:30,1108.7,breakout_up,breakout_down,-30.0,75.49,1.11,3.34,-109.93,0.92
NSE:LT,LONG,10,2026-06-19T12:00:00+05:30,4207.0,2026-06-23T13:15:00+05:30,4182.2,breakout_up,breakout_down,-248.0,156.37,8.39,25.17,-437.93,4.05
NSE:ICICIBANK,LONG,25,2026-06-23T10:45:00+05:30,1367.0,2026-06-23T13:45:00+05:30,1348.8,breakout_up,breakout_down,-455.0,59.11,6.79,20.37,-541.27,0.12
NSE:BHARTIARTL,LONG,15,2026-06-12T10:00:00+05:30,1807.2,2026-06-23T14:45:00+05:30,1904.8,breakout_up,breakout_down,1464.0,124.89,5.57,16.7,1316.83,11.2
NSE:INFY,SHORT,25,2026-06-23T10:45:00+05:30,1032.5,2026-06-24T09:15:00+05:30,1040.9,breakout_down,breakout_up,-210.0,120.75,5.18,15.55,-351.48,0.94
NSE:TCS,SHORT,20,2026-06-23T09:15:00+05:30,2089.9,2026-06-24T09:30:00+05:30,2076.6,breakout_down,breakout_up,266.0,155.71,8.33,25.0,76.96,1.01
NSE:NIFTY,SHORT,4.829425638720103,2026-06-23T11:45:00+05:30,23982.65,2026-06-24T11:00:00+05:30,23985.85,breakout_down,breakout_up,-15.45,112.43,4.63,23.17,-155.68,0.97
NSE:BANKNIFTY,SHORT,1.4913011748375562,2026-06-23T11:45:00+05:30,57544.7,2026-06-24T11:00:00+05:30,57862.95,breakout_down,breakout_up,-474.61,95.55,3.44,17.21,-590.81,0.97
NSE:SENSEX,SHORT,1.2849683224248354,2026-06-22T15:15:00+05:30,77042.87,2026-06-24T11:00:00+05:30,76872.42,breakout_down,breakout_up,219.02,102.95,3.96,19.78,92.34,1.82
NSE:ICICIBANK,SHORT,25,2026-06-23T14:45:00+05:30,1346.6,2026-06-24T11:00:00+05:30,1373.0,breakout_down,breakout_up,-660.0,138.73,6.8,20.4,-825.93,0.84
NSE:SBIN,SHORT,40,2026-06-23T11:45:00+05:30,1033.0,2026-06-24T11:15:00+05:30,1031.95,breakout_down,breakout_up,42.0,154.91,8.26,24.78,-145.95,0.98
NSE:HCLTECH,SHORT,20,2026-06-22T15:00:00+05:30,1129.8,2026-06-24T13:30:00+05:30,1118.9,breakout_down,breakout_up,218.0,113.09,4.5,13.49,86.92,1.94
NSE:ADANIGREEN,SHORT,70,2026-06-23T11:15:00+05:30,1517.5,2026-06-24T14:30:00+05:30,1522.3,breakout_down,breakout_up,-336.0,299.61,21.28,63.84,-720.72,1.14
NSE:HINDUNILVR,SHORT,10,2026-06-19T09:30:00+05:30,2196.2,2026-06-25T09:15:00+05:30,2174.8,breakout_down,breakout_up,214.0,111.69,4.37,13.11,84.83,5.99
NSE:TATACONSUM,SHORT,5,2026-06-23T13:00:00+05:30,1106.8,2026-06-25T09:30:00+05:30,1106.2,breakout_down,breakout_up,3.0,75.43,1.11,3.32,-76.85,1.85
NSE:LT,SHORT,10,2026-06-23T15:15:00+05:30,4169.8,2026-06-25T09:30:00+05:30,4209.3,breakout_down,breakout_up,-395.0,156.27,8.38,25.14,-584.79,1.76
NSE:BANKNIFTY,LONG,1.4716688876087383,2026-06-24T11:15:00+05:30,57912.1,2026-06-25T14:00:00+05:30,58276.55,breakout_up,breakout_down,536.35,95.48,3.42,17.1,420.35,1.11
NSE:NIFTY,LONG,4.818081743496271,2026-06-24T11:30:00+05:30,24006.9,2026-06-25T14:15:00+05:30,24108.2,breakout_up,breakout_down,488.07,112.6,4.64,23.18,347.66,1.11
NSE:SENSEX,LONG,1.2877643031679002,2026-06-24T11:30:00+05:30,76947.09,2026-06-25T14:15:00+05:30,77285.07,breakout_up,breakout_down,435.24,103.23,3.97,19.86,308.17,1.11
NSE:TCS,LONG,20,2026-06-24T10:15:00+05:30,2084.0,2026-06-25T14:15:00+05:30,2110.3,breakout_up,breakout_down,526.0,156.31,8.39,25.17,336.14,1.17
NSE:INFY,LONG,25,2026-06-24T10:15:00+05:30,1050.6,2026-06-25T14:15:00+05:30,1043.3,breakout_up,breakout_down,-182.5,121.31,5.23,15.7,-324.75,1.17
NSE:ICICIBANK,LONG,25,2026-06-24T11:30:00+05:30,1375.0,2026-06-25T14:30:00+05:30,1384.6,breakout_up,breakout_down,240.0,139.78,6.9,20.7,72.63,1.12
NSE:SBIN,LONG,40,2026-06-24T11:30:00+05:30,1036.5,2026-06-25T14:30:00+05:30,1045.3,breakout_up,breakout_down,352.0,155.64,8.33,24.98,163.05,1.12
NSE:HINDUNILVR,LONG,10,2026-06-25T09:30:00+05:30,2183.5,2026-06-25T14:30:00+05:30,2171.0,breakout_up,breakout_down,-125.0,54.86,4.35,13.06,-197.28,0.21
NSE:ITC,LONG,105,2026-06-19T15:00:00+05:30,293.3,2026-06-25T15:00:00+05:30,289.7,breakout_up,breakout_down,-378.0,131.18,6.12,18.36,-533.67,6.0
NSE:LT,LONG,10,2026-06-25T10:30:00+05:30,4231.3,2026-06-25T15:15:00+05:30,4202.1,breakout_up,breakout_down,-292.0,62.03,8.43,25.3,-387.76,0.2
NSE:TATASTEEL,SHORT,315,2026-06-23T11:30:00+05:30,194.99,2026-06-29T09:15:00+05:30,189.9,breakout_down,breakout_up,1603.35,197.74,12.12,36.37,1357.12,5.91
NSE:ADANIGREEN,LONG,70,2026-06-25T11:15:00+05:30,1545.3,2026-06-29T09:15:00+05:30,1491.2,breakout_up,breakout_down,-3787.0,299.61,21.26,63.77,-4171.63,3.92
NSE:TATACONSUM,LONG,5,2026-06-25T09:45:00+05:30,1107.7,2026-06-29T11:15:00+05:30,1112.6,breakout_up,breakout_down,24.5,75.46,1.11,3.33,-55.41,4.06
NSE:TCS,SHORT,20,2026-06-25T14:30:00+05:30,2102.9,2026-06-29T15:00:00+05:30,2102.9,breakout_down,breakout_up,-0.0,156.6,8.41,25.23,-190.25,4.02
NSE:BHARTIARTL,SHORT,15,2026-06-23T15:00:00+05:30,1902.2,2026-06-30T09:15:00+05:30,1850.0,breakout_down,breakout_up,783.0,125.61,5.63,16.88,634.87,6.76
NSE:SBIN,SHORT,40,2026-06-29T09:15:00+05:30,1042.5,2026-06-30T11:15:00+05:30,1042.6,breakout_down,breakout_up,-4.0,155.81,8.34,25.02,-193.17,1.08
NSE:BHARTIARTL,LONG,15,2026-06-30T09:30:00+05:30,1858.8,2026-06-30T15:00:00+05:30,1850.3,breakout_up,breakout_down,-127.5,56.99,5.56,16.69,-206.75,0.23
NSE:HINDUNILVR,SHORT,10,2026-06-29T11:45:00+05:30,2167.9,2026-07-01T09:15:00+05:30,2153.6,breakout_down,breakout_up,143.0,111.14,4.32,12.96,14.57,1.9
NSE:TATACONSUM,SHORT,5,2026-06-29T11:30:00+05:30,1108.4,2026-07-01T09:30:00+05:30,1092.0,breakout_down,breakout_up,82.0,75.35,1.1,3.3,2.25,1.92
NSE:NIFTY,SHORT,4.819641136710957,2026-06-25T14:30:00+05:30,24071.05,2026-07-01T10:00:00+05:30,23987.05,breakout_down,breakout_up,404.85,112.52,4.63,23.16,264.53,5.81
NSE:SENSEX,SHORT,1.2885795264783664,2026-06-25T14:30:00+05:30,77136.85,2026-07-01T10:00:00+05:30,76871.07,breakout_down,breakout_up,342.48,103.16,3.97,19.85,215.5,5.81
NSE:ITC,SHORT,105,2026-06-30T09:30:00+05:30,289.2,2026-07-01T10:00:00+05:30,289.7,breakout_down,breakout_up,-52.5,130.68,6.08,18.24,-207.49,1.02
NSE:BANKNIFTY,SHORT,1.4699935886752846,2026-06-25T14:15:00+05:30,58263.2,2026-07-01T10:15:00+05:30,57826.75,breakout_down,breakout_up,641.58,95.41,3.41,17.07,525.69,5.83
NSE:ADANIGREEN,SHORT,70,2026-06-29T09:30:00+05:30,1475.8,2026-07-01T10:15:00+05:30,1507.8,breakout_down,breakout_up,-2240.0,295.38,20.89,62.66,-2618.92,2.03
NSE:SBIN,SHORT,40,2026-06-30T14:00:00+05:30,1030.5,2026-07-01T12:45:00+05:30,1041.3,breakout_down,breakout_up,-432.0,155.25,8.29,24.86,-620.4,0.95
NSE:WIPRO,SHORT,305,2026-06-23T10:00:00+05:30,177.53,2026-07-01T14:30:00+05:30,171.66,breakout_down,breakout_up,1790.35,181.34,10.65,31.95,1566.4,8.19
NSE:ICICIBANK,SHORT,25,2026-06-30T10:15:00+05:30,1381.6,2026-07-02T09:15:00+05:30,1387.7,breakout_down,breakout_up,-152.5,140.07,6.92,20.77,-320.27,1.96
NSE:INFY,SHORT,25,2026-06-25T15:00:00+05:30,1040.2,2026-07-02T09:15:00+05:30,1027.2,breakout_down,breakout_up,325.0,120.54,5.17,15.51,183.79,6.76
NSE:HCLTECH,SHORT,20,2026-06-25T14:15:00+05:30,1106.9,2026-07-02T09:15:00+05:30,1073.3,breakout_down,breakout_up,672.0,111.53,4.36,13.08,543.02,6.79
NSE:ADANIGREEN,LONG,65,2026-07-01T10:30:00+05:30,1517.9,2026-07-02T09:15:00+05:30,1511.7,breakout_up,breakout_down,-403.0,281.99,19.69,59.08,-763.76,0.95
NSE:BHARTIARTL,LONG,15,2026-07-01T11:30:00+05:30,1875.8,2026-07-02T09:30:00+05:30,1854.7,breakout_up,breakout_down,-316.5,125.34,5.6,16.79,-464.22,0.92
NSE:ITC,LONG,105,2026-07-01T11:00:00+05:30,289.95,2026-07-02T09:45:00+05:30,289.4,breakout_up,breakout_down,-57.75,130.73,6.08,18.25,-212.81,0.95
NSE:TCS,SHORT,20,2026-06-30T09:15:00+05:30,2063.9,2026-07-02T10:45:00+05:30,2049.3,breakout_down,breakout_up,292.0,154.52,8.23,24.68,104.57,2.06
NSE:BANKNIFTY,LONG,1.4887039408460407,2026-07-01T11:00:00+05:30,57883.0,2026-07-02T14:00:00+05:30,57910.3,breakout_up,breakout_down,40.64,95.75,3.45,17.24,-75.8,1.12
NSE:BHARTIARTL,SHORT,15,2026-07-02T10:00:00+05:30,1850.8,2026-07-02T14:15:00+05:30,1873.4,breakout_down,breakout_up,-339.0,57.01,5.59,16.76,-418.35,0.18
NSE:LT,SHORT,10,2026-06-29T12:15:00+05:30,4184.4,2026-07-02T14:45:00+05:30,4059.4,breakout_down,breakout_up,1250.0,154.64,8.24,24.73,1062.38,3.1
NSE:TATASTEEL,SHORT,335,2026-06-30T09:15:00+05:30,188.06,2026-07-02T15:15:00+05:30,188.5,breakout_down,breakout_up,-147.4,203.32,12.61,37.84,-401.18,2.25
NSE:ADANIGREEN,LONG,60,2026-07-02T15:00:00+05:30,1559.7,2026-07-03T09:15:00+05:30,1538.1,breakout_up,breakout_down,-1296.0,269.77,18.59,55.76,-1640.12,0.76
NSE:SBIN,LONG,40,2026-07-01T13:00:00+05:30,1041.8,2026-07-03T09:30:00+05:30,1042.7,breakout_up,breakout_down,36.0,155.78,8.34,25.01,-153.13,1.85
NSE:TATACONSUM,LONG,5,2026-07-02T11:15:00+05:30,1102.9,2026-07-03T11:15:00+05:30,1098.0,breakout_up,breakout_down,-24.5,75.36,1.1,3.3,-104.26,1.0
NSE:LT,LONG,10,2026-07-03T09:15:00+05:30,4084.5,2026-07-03T13:15:00+05:30,4029.5,breakout_up,breakout_down,-550.0,61.44,8.11,24.34,-643.89,0.17
NSE:HINDUNILVR,LONG,10,2026-07-01T09:30:00+05:30,2167.1,2026-07-03T13:45:00+05:30,2199.7,breakout_up,breakout_down,326.0,111.63,4.37,13.1,196.9,2.18
NSE:NIFTY,LONG,4.845463884157827,2026-07-01T10:15:00+05:30,23997.2,2026-07-03T14:15:00+05:30,24267.85,breakout_up,breakout_down,1311.42,113.37,4.68,23.39,1169.99,2.17
NSE:TATASTEEL,LONG,325,2026-07-03T09:15:00+05:30,191.8,2026-07-03T14:15:00+05:30,189.94,breakout_up,breakout_down,-604.5,69.0,12.41,37.22,-723.12,0.21
NSE:WIPRO,LONG,320,2026-07-02T09:30:00+05:30,173.21,2026-07-03T14:15:00+05:30,174.6,breakout_up,breakout_down,444.8,186.78,11.13,33.39,213.51,1.2
NSE:SENSEX,LONG,1.2952806230685467,2026-07-01T10:15:00+05:30,76903.66,2026-07-03T14:30:00+05:30,77779.76,breakout_up,breakout_down,1134.8,103.89,4.01,20.04,1006.86,2.18
NSE:ADANIGREEN,SHORT,65,2026-07-03T10:00:00+05:30,1529.2,2026-07-03T15:15:00+05:30,1560.0,breakout_down,breakout_up,-2002.0,82.37,20.08,60.24,-2164.68,0.22
NSE:BANKNIFTY,SHORT,1.48701432822593,2026-07-03T13:00:00+05:30,57897.95,2026-07-06T09:15:00+05:30,58137.4,breakout_down,breakout_up,-356.07,95.7,3.45,17.25,-472.47,2.84
NSE:TCS,LONG,20,2026-07-02T12:00:00+05:30,2058.0,2026-07-06T09:15:00+05:30,2080.7,breakout_up,breakout_down,454.0,155.08,8.28,24.83,265.81,3.89
NSE:NIFTY,SHORT,4.841825974019904,2026-07-03T14:45:00+05:30,24256.15,2026-07-06T09:45:00+05:30,24384.65,breakout_down,breakout_up,-622.17,113.37,4.71,23.55,-763.8,2.79
NSE:INFY,LONG,25,2026-07-02T09:30:00+05:30,1033.9,2026-07-06T09:45:00+05:30,1038.4,breakout_up,breakout_down,112.5,120.69,5.18,15.54,-28.91,4.01
NSE:HCLTECH,LONG,20,2026-07-03T09:15:00+05:30,1123.0,2026-07-06T10:00:00+05:30,1129.0,breakout_up,breakout_down,120.0,113.17,4.5,13.51,-11.19,3.03
NSE:SENSEX,SHORT,1.2946776877093507,2026-07-03T14:45:00+05:30,77714.84,2026-07-06T10:15:00+05:30,78205.22,breakout_down,breakout_up,-634.88,103.89,4.04,20.19,-763.0,2.81
NSE:LT,SHORT,10,2026-07-03T13:30:00+05:30,4025.6,2026-07-06T11:30:00+05:30,4062.7,breakout_down,breakout_up,-371.0,153.04,8.09,24.26,-556.39,2.92
NSE:ADANIGREEN,LONG,60,2026-07-06T11:15:00+05:30,1580.6,2026-07-06T14:45:00+05:30,1546.8,breakout_up,breakout_down,-2028.0,80.04,18.76,56.29,-2183.1,0.15
NSE:INFY,SHORT,25,2026-07-06T10:00:00+05:30,1035.2,2026-07-06T15:00:00+05:30,1042.6,breakout_down,breakout_up,-185.0,56.33,5.19,15.58,-262.11,0.21
NSE:TCS,SHORT,20,2026-07-06T09:45:00+05:30,2064.0,2026-07-07T09:15:00+05:30,2073.9,breakout_down,breakout_up,-198.0,155.11,8.28,24.83,-386.21,0.98
NSE:WIPRO,SHORT,320,2026-07-06T09:45:00+05:30,174.05,2026-07-07T09:15:00+05:30,175.01,breakout_down,breakout_up,-307.2,187.28,11.17,33.51,-539.16,0.98
NSE:BHARTIARTL,LONG,15,2026-07-02T14:30:00+05:30,1878.4,2026-07-07T09:15:00+05:30,1920.1,breakout_up,breakout_down,625.5,126.4,5.7,17.09,476.31,4.78
NSE:ICICIBANK,LONG,25,2026-07-02T09:30:00+05:30,1392.9,2026-07-07T12:30:00+05:30,1419.5,breakout_up,breakout_down,665.0,141.21,7.03,21.09,495.67,5.12
NSE:ITC,SHORT,105,2026-07-02T10:00:00+05:30,289.05,2026-07-07T13:45:00+05:30,290.3,breakout_down,breakout_up,-131.25,130.74,6.08,18.25,-286.32,5.16
NSE:NIFTY,LONG,4.780905345862821,2026-07-06T10:15:00+05:30,24405.95,2026-07-07T15:00:00+05:30,24397.85,breakout_up,breakout_down,-38.73,112.89,4.67,23.33,-179.62,1.2
NSE:BANKNIFTY,LONG,1.4648215677452494,2026-07-06T12:00:00+05:30,58453.55,2026-07-07T15:00:00+05:30,58202.8,breakout_up,breakout_down,-367.3,95.23,3.42,17.09,-483.04,1.12
NSE:SENSEX,LONG,1.2756572160173218,2026-07-06T10:45:00+05:30,78277.26,2026-07-07T15:00:00+05:30,78196.24,breakout_up,breakout_down,-103.35,103.38,3.99,19.96,-230.69,1.18
NSE:BHARTIARTL,LONG,15,2026-07-07T10:15:00+05:30,1937.8,2026-07-07T15:15:00+05:30,1922.7,breakout_up,breakout_down,-226.5,57.38,5.79,17.37,-307.04,0.21
NSE:TCS,LONG,20,2026-07-07T09:45:00+05:30,2093.6,2026-07-08T09:30:00+05:30,2082.9,breakout_up,breakout_down,-214.0,155.97,8.35,25.06,-403.38,0.99
NSE:TATACONSUM,LONG,5,2026-07-03T14:30:00+05:30,1118.3,2026-07-08T09:30:00+05:30,1108.2,breakout_up,breakout_down,-50.5,75.5,1.11,3.34,-130.46,4.79
NSE:ADANIGREEN,SHORT,60,2026-07-07T09:45:00+05:30,1528.3,2026-07-08T10:15:00+05:30,1553.0,breakout_down,breakout_up,-1482.0,268.68,18.49,55.46,-1824.63,1.02
NSE:HCLTECH,LONG,20,2026-07-07T09:15:00+05:30,1146.0,2026-07-08T13:45:00+05:30,1151.2,breakout_up,breakout_down,104.0,114.18,4.59,13.78,-28.55,1.19
NSE:INFY,LONG,25,2026-07-06T15:15:00+05:30,1043.8,2026-07-09T09:15:00+05:30,1045.5,breakout_up,breakout_down,42.5,121.17,5.22,15.67,-99.56,2.75
NSE:BHARTIARTL,SHORT,15,2026-07-08T09:15:00+05:30,1917.2,2026-07-09T09:15:00+05:30,1924.8,breakout_down,breakout_up,-114.0,127.18,5.76,17.29,-264.23,1.0
NSE:HCLTECH,SHORT,20,2026-07-08T14:00:00+05:30,1146.5,2026-07-09T12:30:00+05:30,1155.2,breakout_down,breakout_up,-174.0,114.3,4.6,13.81,-306.71,0.94
NSE:NIFTY,SHORT,4.783534272857986,2026-07-07T15:15:00+05:30,24355.1,2026-07-10T09:15:00+05:30,24168.4,breakout_down,breakout_up,893.09,112.78,4.64,23.21,752.46,2.75
NSE:BANKNIFTY,SHORT,1.4645765424054946,2026-07-07T15:15:00+05:30,58134.5,2026-07-10T09:15:00+05:30,57847.65,breakout_down,breakout_up,420.11,95.13,3.4,16.99,304.6,2.75
NSE:SENSEX,SHORT,1.2759493558701542,2026-07-07T15:15:00+05:30,78079.08,2026-07-10T09:15:00+05:30,77436.11,breakout_down,breakout_up,820.4,103.27,3.97,19.84,693.31,2.75
NSE:ICICIBANK,SHORT,25,2026-07-07T12:45:00+05:30,1417.5,2026-07-10T09:15:00+05:30,1402.7,breakout_down,breakout_up,370.0,141.45,7.05,21.15,200.35,2.85
NSE:TCS,SHORT,20,2026-07-08T13:45:00+05:30,2070.0,2026-07-10T09:15:00+05:30,2088.0,breakout_down,breakout_up,-360.0,155.57,8.32,24.95,-548.83,1.81
NSE:TATASTEEL,SHORT,325,2026-07-03T14:30:00+05:30,189.75,2026-07-10T09:15:00+05:30,190.4,breakout_down,breakout_up,-211.25,200.44,12.35,37.06,-461.11,6.78
NSE:WIPRO,SHORT,320,2026-07-07T14:00:00+05:30,173.72,2026-07-10T09:15:00+05:30,175.95,breakout_down,breakout_up,-713.6,187.52,11.19,33.57,-945.88,2.8
NSE:BHARTIARTL,LONG,15,2026-07-09T09:30:00+05:30,1934.9,2026-07-10T09:15:00+05:30,1908.9,breakout_up,breakout_down,-390.0,127.23,5.77,17.3,-540.29,0.99
NSE:HINDUNILVR,SHORT,10,2026-07-03T14:00:00+05:30,2196.0,2026-07-10T09:30:00+05:30,2173.1,breakout_down,breakout_up,229.0,111.66,4.37,13.11,99.86,6.81
NSE:TATACONSUM,SHORT,5,2026-07-08T10:00:00+05:30,1103.9,2026-07-10T09:30:00+05:30,1115.6,breakout_down,breakout_up,-58.5,75.47,1.11,3.33,-138.41,1.98
NSE:ADANIGREEN,SHORT,60,2026-07-08T14:00:00+05:30,1502.1,2026-07-10T09:45:00+05:30,1537.5,breakout_down,breakout_up,-2124.0,265.95,18.24,54.71,-2462.9,1.82
NSE:SBIN,SHORT,40,2026-07-03T13:00:00+05:30,1038.3,2026-07-10T12:30:00+05:30,1034.4,breakout_down,breakout_up,156.0,155.25,8.29,24.87,-32.41,6.98
NSE:NIFTY,LONG,4.846173850959571,2026-07-10T09:30:00+05:30,24195.1,2026-07-13T09:15:00+05:30,24027.45,breakout_up,breakout_down,-812.46,112.81,4.67,23.37,-953.32,2.99
NSE:BANKNIFTY,LONG,1.475978802351573,2026-07-10T09:30:00+05:30,57891.15,2026-07-13T09:15:00+05:30,57596.3,breakout_up,breakout_down,-435.19,95.1,3.41,17.05,-550.74,2.99
NSE:ICICIBANK,LONG,25,2026-07-10T09:30:00+05:30,1405.9,2026-07-13T09:15:00+05:30,1390.7,breakout_up,breakout_down,-380.0,140.85,6.99,20.97,-548.82,2.99
NSE:INFY,LONG,20,2026-07-10T09:15:00+05:30,1071.2,2026-07-13T09:15:00+05:30,1061.5,breakout_up,breakout_down,-194.0,110.54,4.27,12.8,-321.6,3.0
NSE:TATASTEEL,LONG,320,2026-07-10T09:30:00+05:30,190.95,2026-07-13T09:15:00+05:30,186.93,breakout_up,breakout_down,-1286.4,197.6,12.09,36.28,-1532.37,2.99
NSE:BHARTIARTL,LONG,15,2026-07-10T14:45:00+05:30,1923.1,2026-07-13T09:15:00+05:30,1905.9,breakout_up,breakout_down,-258.0,126.97,5.74,17.23,-407.95,2.77
NSE:WIPRO,SHORT,310,2026-07-13T09:15:00+05:30,174.79,2026-07-13T10:45:00+05:30,177.04,breakout_down,breakout_up,-697.5,66.34,10.91,32.72,-807.47,0.06
NSE:SENSEX,SHORT,1.3034954714465723,2026-07-13T09:15:00+05:30,76959.37,2026-07-13T12:45:00+05:30,77679.26,breakout_down,breakout_up,-938.37,103.74,4.03,20.16,-1066.3,0.15
NSE:BANKNIFTY,LONG,1.4592042692369869,2026-07-13T14:15:00+05:30,58180.35,2026-07-14T09:15:00+05:30,57727.9,breakout_up,breakout_down,-660.22,94.67,3.38,16.91,-775.18,0.79
NSE:SBIN,LONG,40,2026-07-10T12:45:00+05:30,1038.1,2026-07-14T09:15:00+05:30,1028.0,breakout_up,breakout_down,-404.0,155.0,8.26,24.79,-592.05,3.85
NSE:TATASTEEL,SHORT,320,2026-07-13T11:15:00+05:30,186.21,2026-07-14T09:15:00+05:30,188.42,breakout_down,breakout_up,-707.2,196.4,11.99,35.96,-951.55,0.92
NSE:TATACONSUM,SHORT,5,2026-07-13T09:15:00+05:30,1103.7,2026-07-14T09:15:00+05:30,1105.5,breakout_down,breakout_up,-9.0,75.41,1.1,3.31,-88.82,1.0
NSE:ADANIGREEN,LONG,55,2026-07-13T09:15:00+05:30,1557.8,2026-07-14T09:15:00+05:30,1539.3,breakout_up,breakout_down,-1017.5,252.49,17.03,51.1,-1338.13,1.0
NSE:BHARTIARTL,SHORT,15,2026-07-13T10:45:00+05:30,1901.8,2026-07-14T09:15:00+05:30,1931.6,breakout_down,breakout_up,-447.0,127.06,5.75,17.25,-597.06,0.94
NSE:HCLTECH,LONG,20,2026-07-09T12:45:00+05:30,1157.5,2026-07-14T13:00:00+05:30,1176.8,breakout_up,breakout_down,386.0,114.98,4.67,14.01,252.35,5.01
NSE:WIPRO,LONG,300,2026-07-13T11:00:00+05:30,177.5,2026-07-14T13:30:00+05:30,177.08,breakout_up,breakout_down,-126.0,181.35,10.64,31.91,-349.89,1.1
NSE:BANKNIFTY,SHORT,1.461408474095759,2026-07-14T09:30:00+05:30,57563.75,2026-07-15T09:15:00+05:30,58015.15,breakout_down,breakout_up,-659.68,94.61,3.38,16.89,-774.55,0.99
NSE:TCS,LONG,15,2026-07-13T09:15:00+05:30,2097.0,2026-07-15T09:15:00+05:30,2180.9,breakout_up,breakout_down,1258.5,134.34,6.42,19.25,1098.49,2.0
NSE:INFY,LONG,20,2026-07-13T10:30:00+05:30,1075.0,2026-07-15T09:15:00+05:30,1085.3,breakout_up,breakout_down,206.0,111.13,4.32,12.96,77.59,1.95
NSE:SBIN,SHORT,40,2026-07-14T09:30:00+05:30,1025.0,2026-07-15T09:30:00+05:30,1030.2,breakout_down,breakout_up,-208.0,154.5,8.22,24.66,-395.38,1.0
NSE:ADANIGREEN,LONG,55,2026-07-14T10:00:00+05:30,1575.5,2026-07-15T10:00:00+05:30,1578.3,breakout_up,breakout_down,154.0,255.87,17.35,52.04,-171.25,1.0
NSE:BHARTIARTL,LONG,15,2026-07-14T13:00:00+05:30,1939.2,2026-07-15T12:30:00+05:30,1930.0,breakout_up,breakout_down,-138.0,127.63,5.8,17.41,-288.85,0.98
NSE:TATASTEEL,LONG,315,2026-07-14T09:30:00+05:30,188.71,2026-07-15T14:30:00+05:30,185.6,breakout_up,breakout_down,-979.65,194.23,11.79,35.37,-1221.04,1.21
NSE:HINDUNILVR,SHORT,10,2026-07-13T09:15:00+05:30,2136.9,2026-07-16T09:15:00+05:30,2117.0,breakout_down,breakout_up,199.0,110.39,4.25,12.76,71.6,3.0
NSE:WIPRO,SHORT,300,2026-07-15T09:15:00+05:30,176.03,2026-07-16T09:15:00+05:30,177.02,breakout_down,breakout_up,-297.0,180.85,10.59,31.77,-520.21,1.0
NSE:HCLTECH,SHORT,20,2026-07-14T13:30:00+05:30,1171.3,2026-07-16T09:15:00+05:30,1194.4,breakout_down,breakout_up,-462.0,115.74,4.73,14.19,-596.67,1.82
NSE:ADANIGREEN,SHORT,55,2026-07-15T11:30:00+05:30,1575.9,2026-07-16T10:45:00+05:30,1580.2,breakout_down,breakout_up,-236.5,256.04,17.36,52.08,-561.97,0.97
NSE:TATACONSUM,SHORT,5,2026-07-15T11:15:00+05:30,1088.8,2026-07-16T11:00:00+05:30,1099.3,breakout_down,breakout_up,-52.5,75.29,1.09,3.28,-132.17,0.99
NSE:BHARTIARTL,SHORT,15,2026-07-15T12:45:00+05:30,1922.0,2026-07-16T11:30:00+05:30,1930.4,breakout_down,breakout_up,-126.0,127.35,5.78,17.34,-276.47,0.95
NSE:ITC,SHORT,105,2026-07-08T09:15:00+05:30,285.6,2026-07-16T12:15:00+05:30,279.0,breakout_down,breakout_up,693.0,128.95,5.93,17.78,540.33,8.12
NSE:NIFTY,LONG,4.8067712786688945,2026-07-15T09:15:00+05:30,24195.7,2026-07-16T13:30:00+05:30,24053.5,breakout_up,breakout_down,-683.52,112.34,4.64,23.19,-823.7,1.18
NSE:ICICIBANK,LONG,25,2026-07-13T14:00:00+05:30,1409.2,2026-07-16T13:30:00+05:30,1407.0,breakout_up,breakout_down,-55.0,141.37,7.04,21.12,-224.53,2.98
NSE:TCS,LONG,15,2026-07-16T09:15:00+05:30,2203.7,2026-07-16T15:00:00+05:30,2198.0,breakout_up,breakout_down,-85.5,58.83,6.6,19.81,-170.74,0.24
NSE:INFY,LONG,20,2026-07-16T09:15:00+05:30,1090.5,2026-07-16T15:00:00+05:30,1081.2,breakout_up,breakout_down,-186.0,54.83,4.34,13.03,-258.21,0.24
NSE:HINDUNILVR,SHORT,10,2026-07-16T14:15:00+05:30,2100.3,2026-07-17T09:15:00+05:30,2125.2,breakout_down,breakout_up,-249.0,110.1,4.23,12.68,-376.01,0.79
NSE:WIPRO,LONG,295,2026-07-16T10:00:00+05:30,177.69,2026-07-17T09:15:00+05:30,174.2,breakout_up,breakout_down,-1029.55,178.56,10.38,31.14,-1249.63,0.97
NSE:HCLTECH,SHORT,20,2026-07-16T15:00:00+05:30,1186.2,2026-07-17T09:15:00+05:30,1205.5,breakout_down,breakout_up,-386.0,116.31,4.78,14.35,-521.45,0.76
NSE:BHARTIARTL,LONG,15,2026-07-16T12:15:00+05:30,1933.8,2026-07-17T09:15:00+05:30,1916.3,breakout_up,breakout_down,-262.5,127.32,5.78,17.33,-412.93,0.88
NSE:BANKNIFTY,SHORT,1.4484724895140741,2026-07-16T13:15:00+05:30,57544.7,2026-07-17T09:30:00+05:30,57912.0,breakout_down,breakout_up,-532.02,94.16,3.34,16.72,-646.26,0.84
NSE:LT,SHORT,10,2026-07-07T09:15:00+05:30,3997.9,2026-07-17T11:30:00+05:30,3808.2,breakout_down,breakout_up,1897.0,149.73,7.81,23.42,1716.04,10.09
NSE:TATASTEEL,SHORT,310,2026-07-17T11:15:00+05:30,184.96,2026-07-17T15:00:00+05:30,186.01,breakout_down,breakout_up,-325.5,67.43,11.5,34.5,-438.93,0.16
NSE:NIFTY,LONG,4.7700108164506885,2026-07-17T09:15:00+05:30,24210.0,2026-07-20T09:15:00+05:30,24191.7,breakout_up,breakout_down,-87.29,112.19,4.62,23.09,-227.19,3.0
NSE:BANKNIFTY,LONG,1.427600223439036,2026-07-17T09:45:00+05:30,57934.7,2026-07-20T09:15:00+05:30,57675.35,breakout_up,breakout_down,-370.25,93.59,3.3,16.5,-483.64,2.98
NSE:SENSEX,LONG,1.279361654512892,2026-07-15T09:15:00+05:30,77580.16,2026-07-20T09:15:00+05:30,77586.95,breakout_up,breakout_down,8.69,103.1,3.97,19.85,-118.24,5.0
NSE:BHARTIARTL,SHORT,15,2026-07-17T12:00:00+05:30,1908.0,2026-07-20T09:15:00+05:30,1934.9,breakout_down,breakout_up,-403.5,127.22,5.76,17.29,-553.77,2.89
NSE:INFY,LONG,20,2026-07-17T09:15:00+05:30,1104.7,2026-07-20T10:00:00+05:30,1090.5,breakout_up,breakout_down,-284.0,111.94,4.39,13.17,-413.5,3.03
NSE:ADANIGREEN,SHORT,55,2026-07-16T15:00:00+05:30,1543.6,2026-07-20T13:15:00+05:30,1525.9,breakout_down,breakout_up,973.5,250.66,16.88,50.65,655.31,3.93
NSE:BANKNIFTY,SHORT,1.4277522960743902,2026-07-20T09:30:00+05:30,57590.8,2026-07-20T14:00:00+05:30,58072.6,breakout_down,breakout_up,-687.89,93.54,3.3,16.51,-801.24,0.19
NSE:TCS,LONG,15,2026-07-17T09:15:00+05:30,2232.6,2026-07-21T09:45:00+05:30,2235.3,breakout_up,breakout_down,40.5,137.6,6.7,20.11,-123.91,4.02
NSE:TATASTEEL,LONG,305,2026-07-20T09:15:00+05:30,186.85,2026-07-21T09:45:00+05:30,185.8,breakout_up,breakout_down,-320.25,189.45,11.37,34.1,-555.17,1.02
NSE:WIPRO,LONG,290,2026-07-17T14:45:00+05:30,176.02,2026-07-21T09:45:00+05:30,175.72,breakout_up,breakout_down,-87.0,176.49,10.2,30.6,-304.29,3.79
NSE:ITC,LONG,110,2026-07-16T12:30:00+05:30,279.3,2026-07-21T11:15:00+05:30,281.15,breakout_up,breakout_down,203.5,131.62,6.16,18.49,47.22,4.95
NSE:HINDUNILVR,LONG,10,2026-07-17T09:30:00+05:30,2128.7,2026-07-21T11:30:00+05:30,2129.3,breakout_up,breakout_down,6.0,110.45,4.26,12.77,-121.48,4.08
NSE:LT,LONG,10,2026-07-17T11:45:00+05:30,3821.7,2026-07-21T12:45:00+05:30,3820.5,breakout_up,breakout_down,-12.0,148.05,7.64,22.93,-190.62,4.04
NSE:SBIN,LONG,40,2026-07-17T09:15:00+05:30,1039.2,2026-07-21T14:30:00+05:30,1047.0,breakout_up,breakout_down,312.0,155.84,8.34,25.03,122.78,4.22
NSE:TATASTEEL,SHORT,305,2026-07-21T10:00:00+05:30,185.42,2026-07-21T15:00:00+05:30,187.37,breakout_down,breakout_up,-594.75,67.17,11.37,34.11,-707.4,0.21
NSE:ICICIBANK,LONG,25,2026-07-16T14:45:00+05:30,1419.8,2026-07-22T09:15:00+05:30,1449.4,breakout_up,breakout_down,740.0,142.78,7.17,21.52,568.53,5.77
NSE:ADANIGREEN,LONG,55,2026-07-20T13:30:00+05:30,1530.9,2026-07-22T09:15:00+05:30,1523.7,breakout_up,breakout_down,-396.0,249.85,16.8,50.4,-713.05,1.82
NSE:TATACONSUM,SHORT,5,2026-07-17T12:00:00+05:30,1077.7,2026-07-22T11:30:00+05:30,1088.4,breakout_down,breakout_up,-53.5,75.17,1.08,3.25,-133.0,4.98
NSE:LT,LONG,10,2026-07-21T15:15:00+05:30,3852.0,2026-07-22T14:15:00+05:30,3809.7,breakout_up,breakout_down,-423.0,148.3,7.66,22.99,-601.95,0.96
NSE:BHARTIARTL,LONG,10,2026-07-21T09:15:00+05:30,1947.8,2026-07-23T09:30:00+05:30,1938.5,breakout_up,breakout_down,-93.0,106.32,3.89,11.66,-214.87,2.01
NSE:HINDUNILVR,LONG,10,2026-07-22T11:15:00+05:30,2152.2,2026-07-23T09:45:00+05:30,2143.4,breakout_up,breakout_down,-88.0,110.87,4.3,12.89,-216.05,0.94
NSE:ITC,SHORT,110,2026-07-21T12:15:00+05:30,280.35,2026-07-23T10:45:00+05:30,282.4,breakout_down,breakout_up,-225.5,131.93,6.19,18.57,-382.2,1.94
NSE:TCS,SHORT,15,2026-07-21T10:15:00+05:30,2229.9,2026-07-23T11:45:00+05:30,2226.0,breakout_down,breakout_up,58.5,137.4,6.68,20.05,-105.63,2.06
NSE:WIPRO,SHORT,290,2026-07-21T10:45:00+05:30,175.11,2026-07-23T12:00:00+05:30,175.33,breakout_down,breakout_up,-63.8,176.07,10.16,30.49,-280.52,2.05
NSE:ADANIGREEN,SHORT,55,2026-07-22T09:30:00+05:30,1522.4,2026-07-24T11:45:00+05:30,1395.0,breakout_down,breakout_up,7007.0,240.91,16.05,48.14,6701.91,2.09
NSE:BANKNIFTY,SHORT,1.420206557151697,2026-07-22T09:15:00+05:30,57334.3,2026-07-24T12:15:00+05:30,56694.35,breakout_down,breakout_up,908.86,93.02,3.24,16.19,796.41,2.12
NSE:SBIN,SHORT,40,2026-07-21T14:45:00+05:30,1045.7,2026-07-24T12:15:00+05:30,1016.0,breakout_down,breakout_up,1188.0,154.68,8.25,24.74,1000.33,2.9
NSE:WIPRO,SHORT,295,2026-07-24T10:00:00+05:30,173.49,2026-07-24T12:15:00+05:30,176.55,breakout_down,breakout_up,-902.7,65.3,10.33,30.98,-1009.3,0.09
NSE:TATACONSUM,LONG,5,2026-07-22T12:15:00+05:30,1092.5,2026-07-24T12:15:00+05:30,1097.9,breakout_up,breakout_down,27.0,75.3,1.1,3.29,-52.68,2.0
NSE:LT,SHORT,10,2026-07-23T13:00:00+05:30,3784.0,2026-07-24T13:45:00+05:30,3799.8,breakout_down,breakout_up,-158.0,147.42,7.58,22.75,-335.75,1.03
NSE:INFY,SHORT,20,2026-07-20T11:45:00+05:30,1088.8,2026-07-24T14:45:00+05:30,1038.6,breakout_down,breakout_up,1004.0,110.34,4.25,12.76,876.65,4.12
NSE:BHARTIARTL,SHORT,10,2026-07-23T10:15:00+05:30,1933.8,2026-07-24T15:00:00+05:30,1898.0,breakout_down,breakout_up,358.0,105.68,3.83,11.5,236.99,1.2
NSE:NIFTY,SHORT,4.770181360793749,2026-07-21T11:30:00+05:30,24161.65,2026-07-27T09:15:00+05:30,23939.95,breakout_down,breakout_up,1057.55,112.07,4.59,22.95,917.95,5.91
NSE:SENSEX,SHORT,1.278912682111721,2026-07-20T09:30:00+05:30,77515.22,2026-07-27T09:15:00+05:30,76658.17,breakout_down,breakout_up,1096.09,102.99,3.94,19.72,969.45,6.99
NSE:TATASTEEL,SHORT,305,2026-07-23T09:15:00+05:30,185.44,2026-07-27T09:15:00+05:30,184.57,breakout_down,breakout_up,265.35,188.52,11.29,33.86,31.69,4.0
NSE:HINDUNILVR,SHORT,10,2026-07-24T10:30:00+05:30,2145.0,2026-07-27T09:15:00+05:30,2172.0,breakout_down,breakout_up,-270.0,111.12,4.32,12.95,-398.39,2.95
NSE:TATACONSUM,SHORT,5,2026-07-24T13:30:00+05:30,1093.5,2026-07-27T09:15:00+05:30,1108.7,breakout_down,breakout_up,-76.0,75.37,1.1,3.3,-155.78,2.82
NSE:ICICIBANK,SHORT,25,2026-07-22T09:30:00+05:30,1447.9,2026-07-27T13:45:00+05:30,1441.1,breakout_down,breakout_up,170.0,143.38,7.22,21.67,-2.27,5.18
NSE:LT,LONG,10,2026-07-24T14:00:00+05:30,3802.0,2026-07-27T15:00:00+05:30,3800.7,breakout_up,breakout_down,-13.0,147.61,7.6,22.81,-191.02,3.04
NSE:SBIN,LONG,40,2026-07-27T09:15:00+05:30,1021.8,2026-07-28T09:15:00+05:30,1015.0,breakout_up,breakout_down,-272.0,153.68,8.15,24.44,-458.27,1.0
NSE:ADANIGREEN,LONG,65,2026-07-27T09:15:00+05:30,1409.6,2026-07-28T09:15:00+05:30,1386.6,breakout_up,breakout_down,-1495.0,265.21,18.18,54.53,-1832.91,1.0
NSE:BANKNIFTY,LONG,1.4479684900891754,2026-07-24T14:00:00+05:30,56783.4,2026-07-28T09:30:00+05:30,56881.55,breakout_up,breakout_down,142.12,93.58,3.29,16.46,28.79,3.81
NSE:HINDUNILVR,LONG,10,2026-07-28T09:15:00+05:30,2189.1,2026-07-28T10:00:00+05:30,2107.0,breakout_up,breakout_down,-821.0,54.68,4.3,12.89,-892.86,0.03
NSE:ICICIBANK,LONG,25,2026-07-27T14:00:00+05:30,1444.3,2026-07-28T10:45:00+05:30,1434.0,breakout_up,breakout_down,-257.5,143.11,7.2,21.59,-429.39,0.86
NSE:TATACONSUM,LONG,5,2026-07-28T09:45:00+05:30,1114.4,2026-07-28T11:00:00+05:30,1095.8,breakout_up,breakout_down,-93.0,49.14,1.11,3.32,-146.56,0.05
NSE:ITC,LONG,105,2026-07-23T11:30:00+05:30,283.3,2026-07-28T11:15:00+05:30,283.45,breakout_up,breakout_down,15.75,129.26,5.95,17.85,-137.31,4.99
NSE:LT,SHORT,10,2026-07-28T10:00:00+05:30,3797.1,2026-07-28T12:15:00+05:30,3830.9,breakout_down,breakout_up,-338.0,60.61,7.63,22.88,-429.12,0.09
NSE:ITC,SHORT,105,2026-07-28T11:30:00+05:30,283.05,2026-07-29T09:15:00+05:30,287.4,breakout_down,breakout_up,-456.75,129.72,5.99,17.97,-610.43,0.91
NSE:TATACONSUM,SHORT,5,2026-07-28T11:15:00+05:30,1090.5,2026-07-29T09:30:00+05:30,1104.1,breakout_down,breakout_up,-68.0,75.33,1.1,3.29,-147.72,0.93
NSE:TATASTEEL,SHORT,305,2026-07-28T09:30:00+05:30,183.19,2026-07-29T09:45:00+05:30,186.84,breakout_down,breakout_up,-1113.25,188.63,11.29,33.86,-1347.02,1.01
NSE:BANKNIFTY,SHORT,1.4468432364581107,2026-07-28T09:45:00+05:30,56847.4,2026-07-29T10:00:00+05:30,57172.35,breakout_down,breakout_up,-470.15,93.54,3.3,16.5,-583.49,1.01
NSE:HINDUNILVR,SHORT,10,2026-07-28T12:00:00+05:30,2056.1,2026-07-29T10:00:00+05:30,2097.1,breakout_down,breakout_up,-410.0,109.31,4.15,12.46,-535.92,0.92
NSE:WIPRO,LONG,280,2026-07-24T12:30:00+05:30,177.1,2026-07-29T14:30:00+05:30,183.6,breakout_up,breakout_down,1820.0,175.22,10.1,30.3,1604.38,5.08
NSE:TCS,LONG,15,2026-07-23T12:00:00+05:30,2235.6,2026-07-29T15:15:00+05:30,2440.0,breakout_up,breakout_down,3066.0,140.83,7.01,21.04,2897.11,6.14
NSE:BANKNIFTY,LONG,1.4263775537844952,2026-07-29T12:00:00+05:30,57255.2,2026-07-30T09:15:00+05:30,56946.85,breakout_up,breakout_down,-439.82,92.96,3.26,16.29,-552.34,0.89
NSE:WIPRO,SHORT,280,2026-07-29T15:15:00+05:30,183.3,2026-07-30T09:15:00+05:30,188.13,breakout_down,breakout_up,-1352.4,178.8,10.4,31.2,-1572.8,0.75
NSE:TATACONSUM,SHORT,5,2026-07-29T15:15:00+05:30,1092.0,2026-07-30T09:30:00+05:30,1105.5,breakout_down,breakout_up,-67.5,75.34,1.1,3.3,-147.24,0.76
NSE:LT,LONG,10,2026-07-28T13:45:00+05:30,3834.8,2026-07-30T10:00:00+05:30,3888.5,breakout_up,breakout_down,537.0,148.91,7.72,23.17,357.19,1.84
NSE:HINDUNILVR,LONG,10,2026-07-29T11:30:00+05:30,2108.1,2026-07-30T10:45:00+05:30,2097.0,breakout_up,breakout_down,-111.0,109.87,4.21,12.62,-237.69,0.97
NSE:SBIN,SHORT,40,2026-07-28T09:30:00+05:30,1012.7,2026-07-30T12:00:00+05:30,1017.1,breakout_down,breakout_up,-176.0,153.37,8.12,24.36,-361.84,2.1
NSE:TATASTEEL,LONG,290,2026-07-29T11:15:00+05:30,188.2,2026-07-30T13:00:00+05:30,186.28,breakout_up,breakout_down,-556.8,183.85,10.86,32.58,-784.09,1.07
NSE:ITC,LONG,100,2026-07-29T09:30:00+05:30,288.4,2026-07-30T13:45:00+05:30,285.0,breakout_up,breakout_down,-340.0,126.87,5.73,17.2,-489.81,1.18
NSE:INFY,LONG,25,2026-07-24T15:00:00+05:30,1042.4,2026-07-30T14:00:00+05:30,1162.8,breakout_up,breakout_down,3010.0,124.17,5.51,16.54,2863.78,5.96
NSE:TCS,LONG,15,2026-07-30T09:15:00+05:30,2472.2,2026-07-30T14:15:00+05:30,2432.8,breakout_up,breakout_down,-591.0,60.1,7.36,22.07,-680.53,0.21
NSE:WIPRO,LONG,260,2026-07-30T10:15:00+05:30,189.8,2026-07-30T14:15:00+05:30,186.96,breakout_up,breakout_down,-738.4,64.38,9.8,29.39,-841.96,0.17
NSE:HCLTECH,LONG,20,2026-07-20T13:30:00+05:30,1218.8,2026-07-30T14:15:00+05:30,1353.6,breakout_up,breakout_down,2696.0,120.1,5.14,15.43,2555.32,10.03
NSE:BANKNIFTY,SHORT,1.427225282435334,2026-07-30T09:30:00+05:30,56835.35,2026-07-30T15:00:00+05:30,57151.9,breakout_down,breakout_up,-451.79,92.9,3.25,16.27,-564.21,0.23
NSE:ICICIBANK,SHORT,25,2026-07-28T12:30:00+05:30,1427.9,2026-07-30T15:00:00+05:30,1434.0,breakout_down,breakout_up,-152.5,142.65,7.15,21.46,-323.77,2.1
NSE:ADANIGREEN,SHORT,65,2026-07-28T09:30:00+05:30,1385.0,2026-07-31T12:15:00+05:30,1377.6,breakout_down,breakout_up,481.0,262.64,17.96,53.87,146.54,3.11
NSE:TCS,SHORT,15,2026-07-30T14:30:00+05:30,2426.0,2026-08-03T09:15:00+05:30,2394.0,breakout_down,breakout_up,480.0,143.44,7.23,21.69,307.64,3.78
NSE:INFY,SHORT,20,2026-07-30T14:15:00+05:30,1160.3,2026-08-03T09:15:00+05:30,1141.8,breakout_down,breakout_up,370.0,114.27,4.6,13.81,237.32,3.79
NSE:ITC,SHORT,100,2026-07-30T14:00:00+05:30,284.0,2026-08-03T09:15:00+05:30,290.75,breakout_down,breakout_up,-675.0,127.05,5.75,17.24,-825.04,3.8
NSE:HINDUNILVR,SHORT,10,2026-07-30T11:15:00+05:30,2093.0,2026-08-03T09:15:00+05:30,2111.8,breakout_down,breakout_up,-188.0,109.87,4.2,12.61,-314.69,3.92
NSE:WIPRO,SHORT,260,2026-07-30T14:45:00+05:30,186.75,2026-08-03T10:00:00+05:30,186.19,breakout_down,breakout_up,145.6,170.87,9.7,29.09,-64.05,3.8
NSE:TATACONSUM,SHORT,5,2026-07-31T09:15:00+05:30,1090.0,2026-08-03T10:00:00+05:30,1093.0,breakout_down,breakout_up,-15.0,75.26,1.09,3.27,-94.63,3.03
NSE:BHARTIARTL,LONG,10,2026-07-24T15:15:00+05:30,1901.0,2026-08-03T10:30:00+05:30,1960.0,breakout_up,breakout_down,590.0,105.99,3.86,11.58,468.57,9.8
NSE:SBIN,LONG,40,2026-07-30T12:15:00+05:30,1018.0,2026-08-03T14:45:00+05:30,1037.2,breakout_up,breakout_down,768.0,154.42,8.22,24.66,580.69,4.1
NSE:TATASTEEL,LONG,285,2026-07-31T13:15:00+05:30,190.84,2026-08-03T15:00:00+05:30,189.0,breakout_up,breakout_down,-524.4,183.46,10.83,32.48,-751.17,3.07
NSE:HCLTECH,SHORT,20,2026-07-30T14:30:00+05:30,1350.4,2026-08-03T15:00:00+05:30,1366.3,breakout_down,breakout_up,-318.0,123.53,5.43,16.3,-463.26,4.02
NSE:BHARTIARTL,SHORT,10,2026-08-03T10:45:00+05:30,1957.3,2026-08-03T15:15:00+05:30,1970.5,breakout_down,breakout_up,-132.0,54.11,3.93,11.78,-201.82,0.19
NSE:HINDUNILVR,LONG,10,2026-08-03T15:15:00+05:30,2138.0,2026-08-04T09:15:00+05:30,2106.5,breakout_up,breakout_down,-315.0,110.32,4.24,12.73,-442.3,0.75
NSE:BANKNIFTY,LONG,1.4054495153053526,2026-07-31T09:15:00+05:30,57315.7,2026-08-04T11:30:00+05:30,57588.95,breakout_up,breakout_down,384.04,92.77,3.23,16.15,271.89,4.09
NSE:SENSEX,LONG,1.304290550133328,2026-07-27T11:15:00+05:30,76748.04,2026-08-04T11:30:00+05:30,78582.84,breakout_up,breakout_down,2393.11,104.82,4.05,20.26,2263.98,8.01
NSE:NIFTY,LONG,4.841271016001196,2026-07-27T14:00:00+05:30,23995.9,2026-08-04T11:45:00+05:30,24524.15,breakout_up,breakout_down,2557.4,113.96,4.7,23.49,2415.25,7.91
NSE:ICICIBANK,LONG,25,2026-08-03T09:15:00+05:30,1445.3,2026-08-04T12:00:00+05:30,1441.0,breakout_up,breakout_down,-107.5,143.32,7.22,21.65,-279.68,1.11
NSE:INFY,LONG,25,2026-08-03T10:00:00+05:30,1158.1,2026-08-04T12:00:00+05:30,1155.3,breakout_up,breakout_down,-70.0,127.4,5.78,17.35,-220.54,1.08
NSE:HCLTECH,LONG,15,2026-08-03T15:15:00+05:30,1377.0,2026-08-04T12:00:00+05:30,1350.3,breakout_up,breakout_down,-400.5,108.62,4.09,12.27,-525.48,0.86
NSE:TATACONSUM,LONG,5,2026-08-03T12:15:00+05:30,1096.8,2026-08-04T12:00:00+05:30,1090.2,breakout_up,breakout_down,-33.0,75.28,1.09,3.28,-112.66,0.99
NSE:ADANIGREEN,LONG,65,2026-07-31T12:45:00+05:30,1395.2,2026-08-04T13:45:00+05:30,1391.2,breakout_up,breakout_down,-260.0,264.41,18.11,54.33,-596.86,4.04
NSE:NIFTY,SHORT,4.837715046063191,2026-08-04T12:00:00+05:30,24511.3,2026-08-04T15:15:00+05:30,24614.9,breakout_down,breakout_up,-501.19,114.0,4.75,23.77,-643.71,0.14
NSE:BANKNIFTY,SHORT,1.404741807121198,2026-08-04T11:45:00+05:30,57537.55,2026-08-04T15:15:00+05:30,57907.2,breakout_down,breakout_up,-519.26,92.74,3.24,16.22,-631.46,0.15
NSE:ICICIBANK,SHORT,25,2026-08-04T12:15:00+05:30,1440.0,2026-08-04T15:15:00+05:30,1454.6,breakout_down,breakout_up,-365.0,59.91,7.24,21.71,-453.86,0.12
NSE:SBIN,SHORT,40,2026-08-03T15:00:00+05:30,1034.7,2026-08-04T15:15:00+05:30,1042.7,breakout_down,breakout_up,-320.0,155.49,8.31,24.93,-508.73,1.01
NSE:WIPRO,LONG,260,2026-08-03T11:00:00+05:30,186.43,2026-08-04T15:15:00+05:30,186.3,breakout_up,breakout_down,-33.8,170.82,9.69,29.07,-243.39,1.18
NSE:LT,LONG,10,2026-07-30T11:15:00+05:30,3946.5,2026-08-04T15:15:00+05:30,3990.0,breakout_up,breakout_down,435.0,151.29,7.94,23.81,251.96,5.17
NSE:SENSEX,SHORT,1.304154775494791,2026-08-04T11:45:00+05:30,78486.81,2026-08-05T09:15:00+05:30,78817.74,breakout_down,breakout_up,-431.58,104.87,4.1,20.51,-561.07,0.9
NSE:TCS,LONG,15,2026-08-03T10:00:00+05:30,2420.5,2026-08-05T09:15:00+05:30,2439.6,breakout_up,breakout_down,286.5,144.12,7.29,21.87,113.22,1.97
NSE:ITC,LONG,95,2026-08-03T09:30:00+05:30,291.65,2026-08-05T10:30:00+05:30,285.6,breakout_up,breakout_down,-574.75,124.11,5.48,16.45,-720.8,2.04
NSE:HCLTECH,LONG,15,2026-08-04T15:15:00+05:30,1369.9,2026-08-05T12:45:00+05:30,1345.5,breakout_up,breakout_down,-366.0,108.42,4.07,12.22,-490.71,0.9
NSE:BHARTIARTL,LONG,10,2026-08-04T15:15:00+05:30,1970.1,2026-08-05T14:15:00+05:30,1954.6,breakout_up,breakout_down,-155.0,106.75,3.92,11.77,-277.45,0.96
NSE:LT,LONG,10,2026-08-05T09:15:00+05:30,4062.8,2026-08-05T14:15:00+05:30,4038.2,breakout_up,breakout_down,-246.0,61.45,8.1,24.3,-339.85,0.21
NSE:TATACONSUM,SHORT,5,2026-08-04T13:45:00+05:30,1084.5,2026-08-05T15:15:00+05:30,1096.3,breakout_down,breakout_up,-59.0,75.25,1.09,3.27,-138.61,1.06
NSE:ICICIBANK,SHORT,20,2026-08-05T13:00:00+05:30,1433.8,2026-08-06T09:15:00+05:30,1452.0,breakout_down,breakout_up,-364.0,127.29,5.77,17.31,-514.38,0.84
NSE:SENSEX,SHORT,1.2999500842776792,2026-08-05T14:15:00+05:30,78310.36,2026-08-06T11:15:00+05:30,78865.0,breakout_down,breakout_up,-721.0,104.56,4.09,20.43,-850.09,0.88
NSE:HINDUNILVR,SHORT,10,2026-08-04T11:15:00+05:30,2098.8,2026-08-06T11:15:00+05:30,2092.9,breakout_down,breakout_up,59.0,109.7,4.19,12.58,-67.47,2.0
NSE:TATASTEEL,LONG,275,2026-08-04T09:15:00+05:30,192.28,2026-08-06T14:15:00+05:30,189.97,breakout_up,breakout_down,-635.25,179.99,10.51,31.54,-857.29,2.21
NSE:HCLTECH,SHORT,15,2026-08-05T13:30:00+05:30,1344.6,2026-08-06T14:15:00+05:30,1349.1,breakout_down,breakout_up,-67.5,108.03,4.04,12.12,-191.7,1.03
NSE:ITC,SHORT,95,2026-08-06T10:00:00+05:30,284.8,2026-08-06T15:15:00+05:30,285.9,breakout_down,breakout_up,-104.5,56.74,5.42,16.26,-182.93,0.22
NSE:NIFTY,LONG,4.790016039539721,2026-08-05T09:15:00+05:30,24621.4,2026-08-07T09:15:00+05:30,24601.6,breakout_up,breakout_down,-94.84,113.57,4.72,23.58,-236.71,2.0
NSE:TCS,SHORT,15,2026-08-05T09:45:00+05:30,2433.6,2026-08-07T09:15:00+05:30,2425.3,breakout_down,breakout_up,124.5,144.11,7.29,21.87,-48.76,1.98
NSE:WIPRO,SHORT,260,2026-08-05T12:45:00+05:30,186.2,2026-08-07T09:15:00+05:30,187.68,breakout_down,breakout_up,-384.8,171.18,9.72,29.16,-594.86,1.85
NSE:HINDUNILVR,SHORT,10,2026-08-06T14:45:00+05:30,2079.9,2026-08-07T09:30:00+05:30,2095.0,breakout_down,breakout_up,-151.0,109.53,4.17,12.52,-277.23,0.78
NSE:BANKNIFTY,LONG,1.3850830873859852,2026-08-06T10:45:00+05:30,57899.65,2026-08-07T12:00:00+05:30,57726.95,breakout_up,breakout_down,-239.2,92.24,3.2,16.02,-350.66,1.05
NSE:BHARTIARTL,SHORT,10,2026-08-06T14:30:00+05:30,1950.5,2026-08-07T13:15:00+05:30,1959.8,breakout_down,breakout_up,-93.0,106.59,3.91,11.73,-215.23,0.95
NSE:SENSEX,LONG,1.2786058332643413,2026-08-06T15:15:00+05:30,78954.76,2026-08-07T14:00:00+05:30,78420.33,breakout_up,breakout_down,-683.33,103.7,4.02,20.12,-811.17,0.95
NSE:LT,SHORT,10,2026-08-07T10:15:00+05:30,4037.5,2026-08-07T15:15:00+05:30,4056.0,breakout_down,breakout_up,-185.0,61.44,8.09,24.28,-278.82,0.21
NSE:TATASTEEL,SHORT,275,2026-08-06T15:00:00+05:30,189.6,2026-08-10T09:15:00+05:30,189.19,breakout_down,breakout_up,112.75,178.87,10.42,31.25,-107.79,3.76
NSE:ITC,LONG,95,2026-08-07T15:15:00+05:30,286.1,2026-08-10T09:30:00+05:30,284.2,breakout_up,breakout_down,-180.5,123.35,5.42,16.25,-325.52,2.76
NSE:HINDUNILVR,LONG,10,2026-08-07T09:45:00+05:30,2097.5,2026-08-10T09:30:00+05:30,2080.6,breakout_up,breakout_down,-169.0,109.57,4.18,12.53,-295.28,2.99
NSE:TATACONSUM,SHORT,5,2026-08-06T15:00:00+05:30,1088.0,2026-08-10T10:15:00+05:30,1089.5,breakout_down,breakout_up,-7.5,75.23,1.09,3.27,-87.08,3.8
NSE:SBIN,LONG,40,2026-08-05T09:15:00+05:30,1043.2,2026-08-10T11:45:00+05:30,1077.8,breakout_up,breakout_down,1384.0,157.3,8.48,25.45,1192.76,5.1
NSE:TCS,LONG,15,2026-08-07T09:30:00+05:30,2438.2,2026-08-10T12:15:00+05:30,2440.3,breakout_up,breakout_down,31.5,144.44,7.32,21.95,-142.22,3.11
NSE:WIPRO,LONG,255,2026-08-07T09:30:00+05:30,188.09,2026-08-10T12:30:00+05:30,185.87,breakout_up,breakout_down,-566.1,169.14,9.54,28.61,-773.38,3.12
NSE:ICICIBANK,SHORT,20,2026-08-07T10:45:00+05:30,1446.3,2026-08-10T15:15:00+05:30,1431.8,breakout_down,breakout_up,290.0,127.07,5.76,17.27,139.9,3.19
NSE:TATASTEEL,LONG,275,2026-08-10T09:30:00+05:30,189.96,2026-08-11T10:00:00+05:30,189.35,breakout_up,breakout_down,-167.75,179.05,10.43,31.29,-388.53,1.02
NSE:TATACONSUM,LONG,5,2026-08-10T10:30:00+05:30,1091.4,2026-08-11T10:15:00+05:30,1085.9,breakout_up,breakout_down,-27.5,75.23,1.09,3.27,-107.08,0.99
NSE:LT,LONG,10,2026-08-10T10:15:00+05:30,4061.5,2026-08-11T10:30:00+05:30,4039.6,breakout_up,breakout_down,-219.0,153.17,8.1,24.3,-404.57,1.01
NSE:ICICIBANK,SHORT,20,2026-08-11T11:15:00+05:30,1420.0,2026-08-11T15:15:00+05:30,1429.6,breakout_down,breakout_up,-192.0,57.22,5.7,17.1,-272.02,0.17
NSE:BANKNIFTY,SHORT,1.385452872320356,2026-08-10T09:30:00+05:30,57631.85,2026-08-12T09:15:00+05:30,57707.85,breakout_down,breakout_up,-105.29,92.17,3.2,15.98,-216.64,1.99
NSE:SBIN,SHORT,40,2026-08-10T13:00:00+05:30,1075.3,2026-08-12T09:15:00+05:30,1080.9,breakout_down,breakout_up,-224.0,158.99,8.62,25.87,-417.49,1.84
NSE:INFY,LONG,20,2026-08-04T15:15:00+05:30,1167.5,2026-08-12T10:00:00+05:30,1178.9,breakout_up,breakout_down,228.0,115.26,4.69,14.08,93.97,7.78
NSE:HCLTECH,LONG,15,2026-08-07T09:15:00+05:30,1361.6,2026-08-12T10:00:00+05:30,1357.6,breakout_up,breakout_down,-60.0,108.46,4.08,12.24,-184.77,5.03
NSE:BHARTIARTL,SHORT,10,2026-08-10T09:45:00+05:30,1940.0,2026-08-12T15:00:00+05:30,1917.5,breakout_down,breakout_up,225.0,105.98,3.86,11.57,103.59,2.22
NSE:LT,SHORT,10,2026-08-11T10:45:00+05:30,4036.9,2026-08-12T15:00:00+05:30,4023.0,breakout_down,breakout_up,139.0,152.68,8.06,24.18,-45.92,1.18
NSE:NIFTY,SHORT,4.798859288573599,2026-08-07T14:00:00+05:30,24526.85,2026-08-12T15:15:00+05:30,24435.95,breakout_down,breakout_up,436.22,113.47,4.7,23.5,294.55,5.05
NSE:SENSEX,SHORT,1.278188046867535,2026-08-10T09:30:00+05:30,78347.84,2026-08-12T15:15:00+05:30,77966.35,breakout_down,breakout_up,487.62,103.58,4.0,19.98,360.06,2.24
NSE:HINDUNILVR,SHORT,10,2026-08-10T14:45:00+05:30,2078.9,2026-08-12T15:15:00+05:30,2063.0,breakout_down,breakout_up,159.0,109.14,4.14,12.43,33.29,2.02
NSE:HCLTECH,SHORT,15,2026-08-12T10:15:00+05:30,1355.6,2026-08-12T15:15:00+05:30,1365.4,breakout_down,breakout_up,-147.0,54.38,4.08,12.24,-217.7,0.21
NSE:ICICIBANK,LONG,20,2026-08-12T09:15:00+05:30,1430.2,2026-08-13T09:15:00+05:30,1417.5,breakout_up,breakout_down,-254.0,126.44,5.7,17.09,-403.22,1.0
NSE:TATACONSUM,SHORT,5,2026-08-11T11:15:00+05:30,1079.7,2026-08-13T10:00:00+05:30,1071.9,breakout_down,breakout_up,39.0,75.08,1.08,3.23,-40.38,1.95
NSE:LT,SHORT,10,2026-08-13T11:00:00+05:30,3990.0,2026-08-13T11:30:00+05:30,4044.6,breakout_down,breakout_up,-546.0,61.3,8.03,24.1,-639.44,0.02
NSE:TCS,SHORT,15,2026-08-10T12:30:00+05:30,2437.0,2026-08-13T11:45:00+05:30,2365.4,breakout_down,breakout_up,1074.0,143.1,7.2,21.61,902.09,2.97
NSE:BHARTIARTL,LONG,10,2026-08-12T15:15:00+05:30,1945.0,2026-08-13T14:45:00+05:30,1941.0,breakout_up,breakout_down,-40.0,106.32,3.89,11.66,-161.86,0.98
NSE:INFY,SHORT,20,2026-08-12T10:15:00+05:30,1177.4,2026-08-13T15:15:00+05:30,1175.0,breakout_down,breakout_up,48.0,115.41,4.7,14.11,-86.23,1.21
NSE:ITC,SHORT,95,2026-08-10T12:00:00+05:30,283.5,2026-08-13T15:15:00+05:30,278.5,breakout_down,breakout_up,475.0,122.42,5.34,16.02,331.22,3.14
NSE:BANKNIFTY,LONG,1.3769231074816135,2026-08-12T14:45:00+05:30,57832.0,2026-08-14T09:15:00+05:30,57489.9,breakout_up,breakout_down,-471.05,91.8,3.18,15.88,-581.9,1.77
NSE:WIPRO,SHORT,255,2026-08-10T12:45:00+05:30,185.53,2026-08-14T09:15:00+05:30,184.46,breakout_down,breakout_up,272.85,167.95,9.43,28.3,67.16,3.85
NSE:ADANIGREEN,SHORT,65,2026-08-04T14:45:00+05:30,1386.3,2026-08-14T10:00:00+05:30,1339.7,breakout_down,breakout_up,3029.0,259.8,17.72,53.16,2698.32,9.8
NSE:HCLTECH,LONG,15,2026-08-13T11:45:00+05:30,1368.9,2026-08-14T10:30:00+05:30,1357.9,breakout_up,breakout_down,-165.0,108.59,4.09,12.27,-289.95,0.95
NSE:TCS,LONG,15,2026-08-13T13:30:00+05:30,2371.5,2026-08-14T10:45:00+05:30,2336.0,breakout_up,breakout_down,-532.5,141.64,7.06,21.18,-702.38,0.89
NSE:BHARTIARTL,SHORT,10,2026-08-13T15:00:00+05:30,1938.0,2026-08-14T10:45:00+05:30,1982.8,breakout_down,breakout_up,-448.0,106.73,3.92,11.76,-570.42,0.82
NSE:HINDUNILVR,LONG,10,2026-08-13T10:45:00+05:30,2063.8,2026-08-14T11:15:00+05:30,2075.2,breakout_up,breakout_down,114.0,109.12,4.14,12.42,-11.67,1.02
NSE:TATASTEEL,SHORT,275,2026-08-11T10:30:00+05:30,189.0,2026-08-14T14:30:00+05:30,183.48,breakout_down,breakout_up,1518.0,176.84,10.24,30.73,1300.19,3.17
NSE:TATACONSUM,LONG,5,2026-08-13T10:15:00+05:30,1074.6,2026-08-14T15:15:00+05:30,1079.5,breakout_up,breakout_down,24.5,75.1,1.08,3.23,-54.9,1.21
NSE:LT,LONG,10,2026-08-13T15:15:00+05:30,4070.7,2026-08-17T09:15:00+05:30,4032.1,breakout_up,breakout_down,-386.0,153.2,8.1,24.31,-571.61,3.75
NSE:SENSEX,LONG,1.287170952868052,2026-08-13T15:15:00+05:30,78079.96,2026-08-17T10:15:00+05:30,77583.9,breakout_up,breakout_down,-638.51,103.47,4.01,20.04,-766.03,3.79
NSE:ADANIGREEN,LONG,70,2026-08-14T14:00:00+05:30,1343.3,2026-08-17T10:15:00+05:30,1332.3,breakout_up,breakout_down,-770.0,271.31,18.73,56.19,-1116.23,2.84
NSE:BANKNIFTY,SHORT,1.3769627832576101,2026-08-14T11:15:00+05:30,57409.0,2026-08-17T13:00:00+05:30,57656.35,breakout_down,breakout_up,-340.59,91.73,3.17,15.84,-451.34,3.07
NSE:ICICIBANK,SHORT,20,2026-08-13T12:45:00+05:30,1410.1,2026-08-17T13:30:00+05:30,1421.5,breakout_down,breakout_up,-228.0,126.08,5.66,16.99,-376.73,4.03
NSE:HINDUNILVR,SHORT,10,2026-08-14T13:15:00+05:30,2070.2,2026-08-17T14:30:00+05:30,2067.9,breakout_down,breakout_up,23.0,109.11,4.14,12.41,-102.66,3.05
NSE:BHARTIARTL,LONG,10,2026-08-14T11:00:00+05:30,1990.4,2026-08-17T15:00:00+05:30,1975.0,breakout_up,breakout_down,-154.0,107.21,3.97,11.9,-277.07,3.17
NSE:BANKNIFTY,LONG,1.3619374765869514,2026-08-17T15:00:00+05:30,57711.95,2026-08-19T09:15:00+05:30,57106.4,breakout_up,breakout_down,-824.72,91.04,3.13,15.64,-934.52,1.76
NSE:INFY,SHORT,25,2026-08-14T10:45:00+05:30,1159.6,2026-08-19T09:15:00+05:30,1128.9,breakout_down,breakout_up,767.5,126.65,5.72,17.16,617.97,4.94
NSE:TATASTEEL,LONG,290,2026-08-17T12:45:00+05:30,184.5,2026-08-19T09:15:00+05:30,183.1,breakout_up,breakout_down,-406.0,181.62,10.66,31.98,-630.26,1.85
NSE:HCLTECH,SHORT,15,2026-08-14T10:45:00+05:30,1347.3,2026-08-19T09:15:00+05:30,1320.7,breakout_down,breakout_up,399.0,107.57,4.0,12.01,275.42,4.94
NSE:LT,LONG,10,2026-08-17T12:30:00+05:30,4068.0,2026-08-19T09:15:00+05:30,4045.0,breakout_up,breakout_down,-230.0,153.3,8.11,24.34,-415.75,1.86
NSE:NIFTY,SHORT,4.853925969274011,2026-08-14T09:15:00+05:30,24309.1,2026-08-20T09:15:00+05:30,24190.8,breakout_down,breakout_up,574.22,113.63,4.71,23.54,432.34,6.0
NSE:SENSEX,SHORT,1.2868131711119286,2026-08-17T10:30:00+05:30,77508.16,2026-08-20T09:15:00+05:30,77399.89,breakout_down,breakout_up,139.32,103.37,3.99,19.93,12.04,2.95
NSE:ICICIBANK,SHORT,20,2026-08-19T09:30:00+05:30,1404.9,2026-08-20T09:15:00+05:30,1409.5,breakout_down,breakout_up,-92.0,125.69,5.63,16.89,-240.2,0.99
NSE:TCS,SHORT,15,2026-08-17T09:15:00+05:30,2329.4,2026-08-20T09:15:00+05:30,2302.5,breakout_down,breakout_up,403.5,140.31,6.95,20.84,235.4,3.0
NSE:HINDUNILVR,SHORT,10,2026-08-17T15:15:00+05:30,2055.0,2026-08-20T09:15:00+05:30,2035.3,breakout_down,breakout_up,197.0,108.57,4.09,12.27,72.07,2.75
NSE:WIPRO,SHORT,260,2026-08-17T09:15:00+05:30,181.8,2026-08-20T09:15:00+05:30,181.25,breakout_down,breakout_up,143.0,168.01,9.44,28.32,-62.77,3.0
NSE:TATACONSUM,SHORT,5,2026-08-17T09:15:00+05:30,1076.9,2026-08-20T09:15:00+05:30,1072.4,breakout_down,breakout_up,22.5,75.07,1.07,3.22,-56.87,3.0
NSE:ADANIGREEN,SHORT,70,2026-08-17T10:30:00+05:30,1330.8,2026-08-20T09:15:00+05:30,1298.6,breakout_down,breakout_up,2254.0,267.49,18.41,55.22,1912.89,2.95
NSE:LT,SHORT,10,2026-08-19T09:30:00+05:30,4041.0,2026-08-20T09:15:00+05:30,4064.8,breakout_down,breakout_up,-238.0,153.22,8.11,24.32,-423.64,0.99
NSE:ITC,SHORT,100,2026-08-17T10:45:00+05:30,275.0,2026-08-20T12:45:00+05:30,268.6,breakout_down,breakout_up,640.0,123.49,5.44,16.31,494.77,3.08
NSE:BANKNIFTY,LONG,1.3487528935467945,2026-08-20T09:15:00+05:30,57585.3,2026-08-20T15:00:00+05:30,57448.6,breakout_up,breakout_down,-184.37,90.85,3.1,15.52,-293.84,0.24
NSE:INFY,LONG,25,2026-08-20T09:15:00+05:30,1136.2,2026-08-21T09:15:00+05:30,1122.3,breakout_up,breakout_down,-347.5,125.9,5.65,16.94,-495.98,1.0
NSE:HCLTECH,LONG,15,2026-08-20T09:15:00+05:30,1329.0,2026-08-21T09:15:00+05:30,1309.9,breakout_up,breakout_down,-286.5,107.14,3.96,11.88,-409.47,1.0
NSE:HINDUNILVR,SHORT,10,2026-08-21T10:00:00+05:30,2014.8,2026-08-21T14:30:00+05:30,2023.6,breakout_down,breakout_up,-88.0,54.31,4.04,12.12,-158.46,0.19
NSE:TCS,SHORT,15,2026-08-21T09:15:00+05:30,2267.0,2026-08-24T09:15:00+05:30,2312.6,breakout_down,breakout_up,-684.0,139.52,6.87,20.61,-850.99,3.0
NSE:INFY,SHORT,25,2026-08-21T14:30:00+05:30,1120.8,2026-08-24T09:15:00+05:30,1139.9,breakout_down,breakout_up,-477.5,125.97,5.65,16.96,-626.08,2.78
NSE:WIPRO,SHORT,260,2026-08-21T09:15:00+05:30,180.46,2026-08-24T09:15:00+05:30,181.78,breakout_down,breakout_up,-343.2,167.81,9.42,28.25,-548.69,3.0
NSE:HCLTECH,SHORT,15,2026-08-21T09:30:00+05:30,1308.3,2026-08-24T09:15:00+05:30,1318.3,breakout_down,breakout_up,-150.0,106.92,3.94,11.82,-272.68,2.99
NSE:ADANIGREEN,LONG,70,2026-08-20T10:00:00+05:30,1307.8,2026-08-24T09:30:00+05:30,1308.7,breakout_up,breakout_down,63.0,266.65,18.32,54.95,-276.91,3.98
NSE:TATASTEEL,SHORT,290,2026-08-19T09:30:00+05:30,182.78,2026-08-24T10:30:00+05:30,185.55,breakout_down,breakout_up,-803.3,181.89,10.68,32.04,-1027.91,5.04
NSE:BANKNIFTY,LONG,1.3407237598302981,2026-08-21T09:30:00+05:30,57711.65,2026-08-24T10:45:00+05:30,57545.3,breakout_up,breakout_down,-223.03,90.66,3.09,15.45,-332.23,3.05
NSE:ITC,LONG,105,2026-08-20T13:00:00+05:30,270.2,2026-08-24T10:45:00+05:30,268.2,breakout_up,breakout_down,-210.0,125.97,5.65,16.96,-358.58,3.91
NSE:NIFTY,LONG,4.884688907528257,2026-08-20T12:45:00+05:30,24244.25,2026-08-24T11:00:00+05:30,24210.75,breakout_up,breakout_down,-163.64,113.81,4.73,23.67,-305.85,3.93
NSE:SENSEX,LONG,1.2858697402877814,2026-08-20T12:45:00+05:30,77574.36,2026-08-24T11:00:00+05:30,77410.01,breakout_up,breakout_down,-211.33,103.27,3.99,19.93,-338.52,3.93
NSE:ICICIBANK,LONG,20,2026-08-20T10:00:00+05:30,1412.3,2026-08-24T11:00:00+05:30,1414.0,breakout_up,breakout_down,34.0,125.94,5.65,16.96,-114.55,4.04
NSE:TATACONSUM,SHORT,5,2026-08-20T14:30:00+05:30,1061.6,2026-08-24T11:45:00+05:30,1051.4,breakout_down,breakout_up,51.0,74.87,1.06,3.17,-28.09,3.89
NSE:LT,LONG,10,2026-08-21T14:15:00+05:30,4096.8,2026-08-24T14:00:00+05:30,4080.4,breakout_up,breakout_down,-164.0,154.01,8.18,24.53,-350.72,2.99
NSE:HINDUNILVR,SHORT,10,2026-08-24T11:00:00+05:30,2013.1,2026-08-24T14:15:00+05:30,2022.0,breakout_down,breakout_up,-89.0,54.3,4.04,12.11,-159.44,0.14
NSE:WIPRO,LONG,255,2026-08-24T09:30:00+05:30,182.67,2026-08-25T09:15:00+05:30,180.26,breakout_up,breakout_down,-614.55,166.02,9.25,27.76,-817.59,0.99
NSE:ADANIGREEN,SHORT,70,2026-08-24T11:00:00+05:30,1303.3,2026-08-25T11:00:00+05:30,1319.0,breakout_down,breakout_up,-1099.0,267.19,18.36,55.07,-1439.61,1.0
NSE:ICICIBANK,SHORT,20,2026-08-24T12:15:00+05:30,1413.0,2026-08-25T11:45:00+05:30,1420.7,breakout_down,breakout_up,-154.0,126.12,5.67,17.0,-302.79,0.98
NSE:ITC,SHORT,105,2026-08-24T11:00:00+05:30,267.85,2026-08-25T12:15:00+05:30,270.1,breakout_down,breakout_up,-236.25,125.92,5.65,16.95,-384.76,1.05
NSE:NIFTY,SHORT,4.88060654888147,2026-08-24T11:15:00+05:30,24202.05,2026-08-25T14:30:00+05:30,24209.15,breakout_down,breakout_up,-34.65,113.73,4.73,23.63,-176.73,1.14
NSE:SENSEX,SHORT,1.2844075913641513,2026-08-24T11:15:00+05:30,77399.9,2026-08-25T14:30:00+05:30,77399.46,breakout_down,breakout_up,0.57,103.19,3.98,19.88,-126.48,1.14
NSE:BHARTIARTL,SHORT,10,2026-08-17T15:15:00+05:30,1969.3,2026-08-25T15:00:00+05:30,1943.8,breakout_down,breakout_up,255.0,106.59,3.91,11.74,132.75,7.99
NSE:BANKNIFTY,SHORT,1.3419857641593433,2026-08-24T11:00:00+05:30,57410.55,2026-08-26T09:15:00+05:30,57966.35,breakout_down,breakout_up,-745.88,90.62,3.1,15.48,-855.08,1.93
NSE:TCS,SHORT,15,2026-08-24T13:30:00+05:30,2288.6,2026-08-26T09:15:00+05:30,2297.2,breakout_down,breakout_up,-129.0,139.58,6.88,20.64,-296.09,1.82
NSE:INFY,SHORT,25,2026-08-24T14:15:00+05:30,1126.0,2026-08-26T09:15:00+05:30,1132.1,breakout_down,breakout_up,-152.5,125.87,5.65,16.94,-300.95,1.79
NSE:SBIN,SHORT,40,2026-08-13T14:30:00+05:30,1077.7,2026-08-26T09:15:00+05:30,1060.1,breakout_down,breakout_up,704.0,158.1,8.55,25.65,511.69,12.78
NSE:TATASTEEL,SHORT,280,2026-08-25T10:15:00+05:30,184.22,2026-08-26T09:15:00+05:30,185.16,breakout_down,breakout_up,-263.2,178.08,10.34,31.03,-482.65,0.96
NSE:HCLTECH,SHORT,15,2026-08-25T09:15:00+05:30,1308.8,2026-08-26T09:15:00+05:30,1313.2,breakout_down,breakout_up,-66.0,106.84,3.93,11.8,-188.57,1.0
NSE:TATACONSUM,LONG,5,2026-08-24T12:15:00+05:30,1056.3,2026-08-26T10:15:00+05:30,1049.0,breakout_up,breakout_down,-36.5,74.83,1.05,3.16,-115.54,1.92
NSE:LT,LONG,10,2026-08-25T14:30:00+05:30,4107.6,2026-08-26T11:45:00+05:30,4070.0,breakout_up,breakout_down,-376.0,154.03,8.18,24.53,-562.74,0.89
NSE:ADANIGREEN,LONG,70,2026-08-25T12:45:00+05:30,1326.6,2026-08-26T13:45:00+05:30,1312.6,breakout_up,breakout_down,-980.0,268.5,18.47,55.42,-1322.39,1.04
NSE:ITC,LONG,100,2026-08-26T09:15:00+05:30,271.95,2026-08-26T14:30:00+05:30,270.85,breakout_up,breakout_down,-110.0,56.75,5.43,16.28,-188.47,0.22
NSE:HINDUNILVR,LONG,10,2026-08-24T15:00:00+05:30,2025.4,2026-08-26T14:30:00+05:30,2022.6,breakout_up,breakout_down,-28.0,108.11,4.05,12.14,-152.31,1.98
NSE:NIFTY,LONG,4.863068280416847,2026-08-25T14:45:00+05:30,24253.1,2026-08-26T15:15:00+05:30,24207.75,breakout_up,breakout_down,-220.54,113.51,4.71,23.57,-362.33,1.02
NSE:SENSEX,LONG,1.2804648987588254,2026-08-25T14:45:00+05:30,77539.74,2026-08-26T15:15:00+05:30,77472.94,breakout_up,breakout_down,-85.54,103.07,3.97,19.85,-212.43,1.02
NSE:ADANIGREEN,SHORT,70,2026-08-26T14:00:00+05:30,1309.0,2026-08-27T12:00:00+05:30,1323.7,breakout_down,breakout_up,-1029.0,267.99,18.43,55.29,-1370.71,0.92
NSE:TATASTEEL,LONG,270,2026-08-26T14:30:00+05:30,187.4,2026-08-27T14:00:00+05:30,187.14,breakout_up,breakout_down,-70.2,175.51,10.11,30.34,-286.16,0.98
NSE:ICICIBANK,LONG,20,2026-08-26T09:15:00+05:30,1445.5,2026-08-28T09:15:00+05:30,1437.8,breakout_up,breakout_down,-154.0,127.22,5.77,17.3,-304.29,2.0
NSE:TCS,SHORT,15,2026-08-26T12:15:00+05:30,2269.6,2026-08-28T09:15:00+05:30,2320.0,breakout_down,breakout_up,-756.0,139.69,6.88,20.65,-923.23,1.88
NSE:INFY,SHORT,25,2026-08-27T09:15:00+05:30,1116.9,2026-08-28T09:15:00+05:30,1138.9,breakout_down,breakout_up,-550.0,125.84,5.64,16.92,-698.4,1.0
NSE:WIPRO,SHORT,255,2026-08-25T12:30:00+05:30,178.91,2026-08-28T09:15:00+05:30,180.0,breakout_down,breakout_up,-277.95,164.85,9.15,27.46,-479.41,2.86
NSE:HCLTECH,SHORT,15,2026-08-27T09:15:00+05:30,1286.6,2026-08-28T09:15:00+05:30,1313.0,breakout_down,breakout_up,-396.0,106.49,3.9,11.7,-518.09,1.0
NSE:SBIN,SHORT,40,2026-08-27T09:15:00+05:30,1047.8,2026-08-28T10:15:00+05:30,1049.2,breakout_down,breakout_up,-56.0,156.34,8.39,25.16,-245.9,1.04
NSE:NIFTY,SHORT,4.85859051075965,2026-08-27T09:15:00+05:30,24201.1,2026-08-28T15:15:00+05:30,24175.65,breakout_down,breakout_up,123.65,113.42,4.7,23.5,-17.97,1.25
NSE:TCS,LONG,15,2026-08-28T09:30:00+05:30,2330.5,2026-08-31T09:15:00+05:30,2317.0,breakout_up,breakout_down,-202.5,140.61,6.97,20.91,-371.0,2.99
NSE:WIPRO,LONG,250,2026-08-28T12:45:00+05:30,181.04,2026-08-31T09:15:00+05:30,177.73,breakout_up,breakout_down,-827.5,162.86,8.97,26.91,-1026.24,2.85
NSE:BHARTIARTL,SHORT,10,2026-08-26T09:15:00+05:30,1925.6,2026-08-31T10:30:00+05:30,1890.9,breakout_down,breakout_up,347.0,105.51,3.82,11.45,226.22,5.05
NSE:ICICIBANK,SHORT,20,2026-08-28T11:15:00+05:30,1428.4,2026-08-31T11:45:00+05:30,1431.2,breakout_down,breakout_up,-56.0,126.69,5.72,17.16,-205.56,3.02
NSE:TATACONSUM,SHORT,5,2026-08-26T11:15:00+05:30,1048.0,2026-08-31T13:15:00+05:30,1041.2,breakout_down,breakout_up,34.0,74.74,1.04,3.13,-44.91,5.08
NSE:INFY,SHORT,20,2026-08-31T09:15:00+05:30,1118.3,2026-08-31T14:15:00+05:30,1124.1,breakout_down,breakout_up,-116.0,55.09,4.48,13.45,-189.03,0.21
NSE:LT,SHORT,10,2026-08-26T12:15:00+05:30,4060.0,2026-08-31T14:15:00+05:30,4014.8,breakout_down,breakout_up,452.0,152.83,8.07,24.22,266.88,5.08
NSE:SBIN,SHORT,40,2026-08-31T09:15:00+05:30,1038.8,2026-08-31T14:30:00+05:30,1045.6,breakout_down,breakout_up,-272.0,61.86,8.34,25.01,-367.21,0.22
NSE:TCS,SHORT,15,2026-08-31T09:30:00+05:30,2309.9,2026-08-31T14:45:00+05:30,2331.5,breakout_down,breakout_up,-324.0,59.43,6.96,20.89,-411.28,0.22
NSE:WIPRO,SHORT,250,2026-08-31T09:30:00+05:30,177.39,2026-08-31T14:45:00+05:30,178.82,breakout_down,breakout_up,-357.5,62.85,8.91,26.72,-455.98,0.22
NSE:HINDUNILVR,SHORT,10,2026-08-27T09:15:00+05:30,2019.2,2026-08-31T15:00:00+05:30,2007.2,breakout_down,breakout_up,120.0,107.86,4.03,12.08,-3.97,4.24
NSE:BANKNIFTY,SHORT,1.3185648426277923,2026-08-26T15:15:00+05:30,57783.75,2026-08-31T15:15:00+05:30,58024.95,breakout_down,breakout_up,-318.04,90.12,3.05,15.27,-426.49,5.0
NSE:TATASTEEL,SHORT,270,2026-08-28T10:30:00+05:30,186.36,2026-09-01T09:15:00+05:30,183.15,breakout_down,breakout_up,866.7,173.93,9.98,29.93,652.86,3.95
NSE:NIFTY,SHORT,4.889783876266743,2026-08-31T09:15:00+05:30,24043.05,2026-09-01T11:15:00+05:30,24126.3,breakout_down,breakout_up,-407.07,113.43,4.71,23.55,-548.77,1.08
NSE:SENSEX,SHORT,1.2801670613146736,2026-08-27T09:15:00+05:30,77392.34,2026-09-01T11:15:00+05:30,77198.66,breakout_down,breakout_up,247.94,102.99,3.96,19.79,121.21,5.08
NSE:ICICIBANK,LONG,20,2026-08-31T12:15:00+05:30,1432.1,2026-09-01T13:00:00+05:30,1433.6,breakout_up,breakout_down,30.0,126.82,5.73,17.19,-119.74,1.03
NSE:LT,LONG,10,2026-08-31T14:45:00+05:30,4022.0,2026-09-01T13:45:00+05:30,3995.1,breakout_up,breakout_down,-269.0,152.24,8.02,24.05,-453.31,0.96
NSE:TCS,LONG,15,2026-09-01T09:15:00+05:30,2354.3,2026-09-02T09:15:00+05:30,2319.9,breakout_up,breakout_down,-516.0,141.08,7.01,21.03,-685.13,1.0
NSE:INFY,LONG,20,2026-08-31T14:30:00+05:30,1125.0,2026-09-02T09:15:00+05:30,1129.9,breakout_up,breakout_down,98.0,113.24,4.51,13.53,-33.28,1.78
NSE:TATASTEEL,LONG,280,2026-09-01T09:30:00+05:30,183.75,2026-09-02T09:15:00+05:30,182.38,breakout_up,breakout_down,-383.6,177.08,10.25,30.75,-601.68,0.99
NSE:WIPRO,LONG,245,2026-08-31T15:00:00+05:30,180.12,2026-09-02T09:15:00+05:30,178.4,breakout_up,breakout_down,-421.4,160.77,8.78,26.35,-617.3,1.76
NSE:HCLTECH,LONG,15,2026-08-28T09:30:00+05:30,1322.5,2026-09-02T09:15:00+05:30,1326.0,breakout_up,breakout_down,52.5,107.27,3.97,11.92,-70.66,4.99
NSE:ADANIGREEN,SHORT,70,2026-08-28T12:30:00+05:30,1303.8,2026-09-02T09:45:00+05:30,1277.0,breakout_down,breakout_up,1876.0,263.74,18.07,54.2,1540.0,4.89
NSE:ITC,SHORT,100,2026-08-27T09:15:00+05:30,270.35,2026-09-02T10:45:00+05:30,268.6,breakout_down,breakout_up,175.0,123.01,5.39,16.17,30.44,6.06
NSE:LT,SHORT,10,2026-09-01T14:00:00+05:30,3988.6,2026-09-02T14:30:00+05:30,3995.5,breakout_down,breakout_up,-69.0,151.86,7.98,23.95,-252.79,1.02
NSE:NIFTY,SHORT,4.875727537655083,2026-09-01T13:45:00+05:30,24000.15,2026-09-02T15:15:00+05:30,23914.45,breakout_down,breakout_up,417.85,113.09,4.67,23.36,276.73,1.06
NSE:SENSEX,SHORT,1.2933158642260212,2026-09-01T14:00:00+05:30,76698.95,2026-09-02T15:15:00+05:30,76570.35,breakout_down,breakout_up,166.32,103.06,3.96,19.82,39.47,1.05
NSE:BANKNIFTY,SHORT,1.323225060657384,2026-09-01T13:45:00+05:30,57258.9,2026-09-03T09:15:00+05:30,57571.25,breakout_down,breakout_up,-413.31,89.89,3.04,15.19,-521.43,1.81
NSE:ICICIBANK,SHORT,20,2026-09-01T13:15:00+05:30,1431.5,2026-09-03T09:15:00+05:30,1445.1,breakout_down,breakout_up,-272.0,127.08,5.75,17.26,-422.09,1.83
NSE:TATACONSUM,SHORT,5,2026-09-01T15:00:00+05:30,1026.6,2026-09-03T10:30:00+05:30,1020.3,breakout_down,breakout_up,31.5,74.5,1.02,3.07,-47.09,1.81
NSE:ITC,LONG,100,2026-09-02T12:15:00+05:30,268.9,2026-09-03T12:00:00+05:30,264.8,breakout_up,breakout_down,-410.0,122.47,5.34,16.01,-553.81,0.99
NSE:TATASTEEL,LONG,270,2026-09-03T09:15:00+05:30,187.2,2026-09-03T12:00:00+05:30,182.48,breakout_up,breakout_down,-1274.4,64.65,9.98,29.94,-1378.98,0.11
NSE:ICICIBANK,LONG,20,2026-09-03T09:30:00+05:30,1450.8,2026-09-03T14:15:00+05:30,1435.2,breakout_up,breakout_down,-312.0,57.34,5.77,17.32,-392.43,0.2
NSE:BANKNIFTY,LONG,1.3037978254735259,2026-09-03T09:30:00+05:30,57713.35,2026-09-03T14:45:00+05:30,57472.35,breakout_up,breakout_down,-314.22,89.41,3.0,15.02,-421.65,0.22
NSE:TATACONSUM,LONG,5,2026-09-03T11:15:00+05:30,1021.4,2026-09-03T15:00:00+05:30,1015.0,breakout_up,breakout_down,-32.0,48.99,1.02,3.05,-85.06,0.16
NSE:NIFTY,LONG,4.8908813336923656,2026-09-03T09:15:00+05:30,23982.2,2026-09-03T15:15:00+05:30,23873.45,breakout_up,breakout_down,-531.88,112.98,4.68,23.41,-672.95,0.25
NSE:SENSEX,LONG,1.2925126987222413,2026-09-03T09:15:00+05:30,76777.06,2026-09-03T15:15:00+05:30,76152.86,breakout_up,breakout_down,-806.79,102.67,3.95,19.77,-933.17,0.25
NSE:INFY,SHORT,20,2026-09-03T09:15:00+05:30,1128.3,2026-09-04T09:15:00+05:30,1142.3,breakout_down,breakout_up,-280.0,113.61,4.54,13.62,-411.78,1.0
NSE:WIPRO,SHORT,245,2026-09-03T14:45:00+05:30,176.67,2026-09-04T09:15:00+05:30,178.42,breakout_down,breakout_up,-428.75,159.84,8.7,26.1,-623.38,0.77
NSE:HINDUNILVR,SHORT,10,2026-09-01T09:30:00+05:30,1982.8,2026-09-04T10:45:00+05:30,1976.0,breakout_down,breakout_up,68.0,107.12,3.96,11.88,-54.95,3.05
NSE:ITC,SHORT,100,2026-09-03T12:15:00+05:30,263.75,2026-09-04T11:15:00+05:30,266.1,breakout_down,breakout_up,-235.0,122.03,5.3,15.9,-378.22,0.96
NSE:NIFTY,LONG,4.862914952805642,2026-09-04T11:15:00+05:30,23982.15,2026-09-04T15:15:00+05:30,23897.7,breakout_up,breakout_down,-410.67,112.67,4.66,23.28,-551.28,0.17
NSE:SENSEX,LONG,1.279708677810197,2026-09-04T11:15:00+05:30,76818.22,2026-09-04T15:15:00+05:30,76515.43,breakout_up,breakout_down,-387.48,102.36,3.92,19.62,-513.39,0.17
NSE:HINDUNILVR,LONG,10,2026-09-04T11:00:00+05:30,1980.0,2026-09-07T09:15:00+05:30,1964.1,breakout_up,breakout_down,-159.0,106.97,3.94,11.83,-281.75,2.93
NSE:TATACONSUM,SHORT,5,2026-09-04T12:15:00+05:30,1012.9,2026-09-07T11:15:00+05:30,1016.0,breakout_down,breakout_up,-15.5,74.4,1.01,3.04,-93.96,2.96
NSE:TATASTEEL,LONG,265,2026-09-04T13:30:00+05:30,187.6,2026-09-07T12:45:00+05:30,184.5,breakout_up,breakout_down,-821.5,172.77,9.86,29.58,-1033.71,2.97
NSE:ADANIGREEN,LONG,70,2026-09-02T10:00:00+05:30,1290.0,2026-09-07T14:30:00+05:30,1292.1,breakout_up,breakout_down,147.0,263.97,18.07,54.22,-189.27,5.19
NSE:HCLTECH,SHORT,15,2026-09-03T09:15:00+05:30,1314.8,2026-09-07T15:00:00+05:30,1281.5,breakout_down,breakout_up,499.5,106.37,3.89,11.68,377.55,4.24
NSE:BHARTIARTL,SHORT,10,2026-08-31T15:00:00+05:30,1870.0,2026-09-07T15:15:00+05:30,1854.0,breakout_down,breakout_up,160.0,104.5,3.72,11.17,40.6,7.01
NSE:SBIN,SHORT,40,2026-09-01T13:00:00+05:30,1037.8,2026-09-08T10:00:00+05:30,1008.8,breakout_down,breakout_up,1160.0,154.01,8.19,24.56,973.24,6.88
NSE:HINDUNILVR,SHORT,10,2026-09-07T15:15:00+05:30,1960.0,2026-09-08T10:00:00+05:30,1981.0,breakout_down,breakout_up,-210.0,106.94,3.94,11.82,-332.7,0.78
NSE:LT,LONG,10,2026-09-03T09:45:00+05:30,4014.7,2026-09-08T10:45:00+05:30,3961.6,breakout_up,breakout_down,-531.0,151.8,7.98,23.93,-714.71,5.04
NSE:ADANIGREEN,SHORT,70,2026-09-07T14:45:00+05:30,1291.2,2026-09-08T12:30:00+05:30,1298.9,breakout_down,breakout_up,-539.0,264.64,18.13,54.39,-876.17,0.91
NSE:TATASTEEL,LONG,260,2026-09-08T10:00:00+05:30,186.34,2026-09-08T12:45:00+05:30,184.69,breakout_up,breakout_down,-429.0,64.15,9.65,28.94,-531.74,0.11
NSE:ITC,LONG,100,2026-09-08T10:15:00+05:30,264.45,2026-09-09T09:15:00+05:30,262.45,breakout_up,breakout_down,-200.0,121.7,5.27,15.81,-342.77,0.96
NSE:SBIN,LONG,45,2026-09-08T11:15:00+05:30,1010.0,2026-09-09T09:15:00+05:30,1000.4,breakout_up,breakout_down,-432.0,163.69,9.05,27.14,-631.88,0.92
NSE:HINDUNILVR,LONG,10,2026-09-08T11:00:00+05:30,1986.9,2026-09-09T09:15:00+05:30,1961.5,breakout_up,breakout_down,-254.0,107.02,3.95,11.85,-376.82,0.93
NSE:HCLTECH,LONG,15,2026-09-08T10:00:00+05:30,1287.1,2026-09-09T09:15:00+05:30,1237.6,breakout_up,breakout_down,-742.5,105.27,3.79,11.36,-862.92,0.97
NSE:TATACONSUM,LONG,5,2026-09-07T14:30:00+05:30,1019.1,2026-09-09T09:15:00+05:30,1010.1,breakout_up,breakout_down,-45.0,74.41,1.01,3.04,-123.47,1.78
NSE:BHARTIARTL,LONG,15,2026-09-08T15:15:00+05:30,1844.0,2026-09-09T09:15:00+05:30,1822.1,breakout_up,breakout_down,-328.5,124.26,5.5,16.5,-474.76,0.75
NSE:LT,SHORT,10,2026-09-08T15:15:00+05:30,3946.1,2026-09-09T09:15:00+05:30,4018.1,breakout_down,breakout_up,-720.0,151.68,7.96,23.89,-903.54,0.75
NSE:TATASTEEL,SHORT,260,2026-09-08T13:15:00+05:30,184.03,2026-09-09T10:15:00+05:30,187.01,breakout_down,breakout_up,-774.8,170.39,9.65,28.94,-983.78,0.88
NSE:ADANIGREEN,LONG,70,2026-09-09T09:15:00+05:30,1304.0,2026-09-09T15:00:00+05:30,1312.0,breakout_up,breakout_down,560.0,79.53,18.31,54.94,407.22,0.24
NSE:ITC,SHORT,100,2026-09-09T10:00:00+05:30,261.9,2026-09-10T09:15:00+05:30,263.2,breakout_down,breakout_up,-130.0,121.49,5.25,15.75,-272.49,0.97
NSE:TCS,SHORT,15,2026-09-03T09:15:00+05:30,2326.9,2026-09-10T09:30:00+05:30,2228.3,breakout_down,breakout_up,1479.0,138.95,6.83,20.5,1312.72,7.01
NSE:INFY,SHORT,20,2026-09-07T09:15:00+05:30,1105.5,2026-09-10T09:30:00+05:30,1043.4,breakout_down,breakout_up,1242.0,110.8,4.3,12.89,1114.01,3.01
NSE:WIPRO,SHORT,240,2026-09-04T14:15:00+05:30,177.19,2026-09-10T09:30:00+05:30,168.23,breakout_down,breakout_up,2150.4,155.09,8.29,24.87,1962.15,5.8
NSE:TATASTEEL,LONG,250,2026-09-09T10:30:00+05:30,188.34,2026-09-10T11:15:00+05:30,186.69,breakout_up,breakout_down,-412.5,167.35,9.38,28.13,-617.35,1.03
NSE:BHARTIARTL,SHORT,15,2026-09-09T15:15:00+05:30,1814.7,2026-09-10T13:00:00+05:30,1837.3,breakout_down,breakout_up,-339.0,124.03,5.48,16.43,-484.94,0.91
NSE:NIFTY,SHORT,4.871175023643366,2026-09-07T09:15:00+05:30,23828.65,2026-09-10T15:15:00+05:30,23477.8,breakout_down,breakout_up,1709.05,112.5,4.61,23.04,1568.9,3.25
NSE:SENSEX,SHORT,1.281517993067541,2026-09-07T09:15:00+05:30,76310.35,2026-09-10T15:15:00+05:30,74902.59,breakout_down,breakout_up,1804.07,102.2,3.88,19.38,1678.62,3.25
NSE:HINDUNILVR,SHORT,10,2026-09-09T09:30:00+05:30,1955.7,2026-09-11T11:15:00+05:30,1946.6,breakout_down,breakout_up,91.0,106.49,3.9,11.71,-31.1,2.07
NSE:ITC,SHORT,100,2026-09-10T11:15:00+05:30,259.6,2026-09-11T11:30:00+05:30,261.05,breakout_down,breakout_up,-145.0,121.0,5.21,15.62,-286.82,1.01
NSE:WIPRO,SHORT,270,2026-09-10T13:15:00+05:30,166.24,2026-09-11T11:30:00+05:30,167.69,breakout_down,breakout_up,-391.5,163.35,9.02,27.05,-590.91,0.93
NSE:BANKNIFTY,SHORT,1.3029694989537046,2026-09-03T15:00:00+05:30,57427.4,2026-09-11T13:45:00+05:30,56478.8,breakout_down,breakout_up,1236.0,89.29,2.97,14.84,1128.9,7.95
NSE:NIFTY,SHORT,5.057892626279785,2026-09-11T09:15:00+05:30,23258.25,2026-09-11T14:00:00+05:30,23417.15,breakout_down,breakout_up,-803.7,113.49,4.72,23.61,-945.51,0.2
NSE:SENSEX,SHORT,1.3391686007541714,2026-09-11T09:15:00+05:30,74274.95,2026-09-11T14:00:00+05:30,74794.65,breakout_down,breakout_up,-695.97,103.25,3.99,19.96,-823.17,0.2
NSE:ICICIBANK,SHORT,20,2026-09-03T14:45:00+05:30,1432.5,2026-09-11T14:00:00+05:30,1386.8,breakout_down,breakout_up,914.0,125.72,5.64,16.92,765.73,7.97
NSE:LT,SHORT,10,2026-09-09T14:30:00+05:30,3945.7,2026-09-11T14:30:00+05:30,3936.1,breakout_down,breakout_up,96.0,150.71,7.88,23.65,-86.23,2.0
NSE:BHARTIARTL,LONG,10,2026-09-10T13:15:00+05:30,1837.9,2026-09-11T15:15:00+05:30,1831.1,breakout_up,breakout_down,-68.0,103.91,3.67,11.01,-186.58,1.08
NSE:TATASTEEL,SHORT,250,2026-09-10T13:00:00+05:30,185.6,2026-09-15T09:15:00+05:30,183.77,breakout_down,breakout_up,457.5,165.71,9.23,27.7,254.85,4.84
NSE:HINDUNILVR,SHORT,10,2026-09-11T15:15:00+05:30,1927.0,2026-09-15T09:15:00+05:30,1960.9,breakout_down,breakout_up,-339.0,106.36,3.89,11.66,-460.91,3.75
NSE:HCLTECH,SHORT,15,2026-09-09T15:00:00+05:30,1226.0,2026-09-15T09:15:00+05:30,1287.0,breakout_down,breakout_up,-915.0,105.09,3.77,11.31,-1035.16,5.76
NSE:TATACONSUM,SHORT,5,2026-09-09T09:45:00+05:30,1006.7,2026-09-15T09:15:00+05:30,1001.4,breakout_down,breakout_up,26.5,74.29,1.0,3.01,-51.8,5.98
NSE:LT,LONG,10,2026-09-11T15:00:00+05:30,3938.2,2026-09-15T09:15:00+05:30,3877.0,breakout_up,breakout_down,-612.0,150.02,7.82,23.45,-793.28,3.76
NSE:NIFTY,LONG,4.973386564397677,2026-09-15T09:15:00+05:30,23463.9,2026-09-15T12:45:00+05:30,23308.6,breakout_up,breakout_down,-772.37,112.52,4.65,23.26,-912.8,0.15
NSE:SENSEX,LONG,1.3167885194383868,2026-09-11T15:00:00+05:30,74914.06,2026-09-15T12:45:00+05:30,74581.31,breakout_up,breakout_down,-438.16,102.53,3.94,19.69,-564.31,3.91
NSE:BANKNIFTY,LONG,1.3431493581521776,2026-09-11T14:00:00+05:30,56547.45,2026-09-15T14:00:00+05:30,56000.3,breakout_up,breakout_down,-734.9,89.59,3.02,15.12,-842.64,4.0
NSE:WIPRO,LONG,255,2026-09-15T09:15:00+05:30,172.91,2026-09-15T14:00:00+05:30,169.86,breakout_up,breakout_down,-777.75,62.52,8.74,26.22,-875.23,0.2
NSE:TCS,LONG,15,2026-09-11T09:15:00+05:30,2212.4,2026-09-15T14:15:00+05:30,2269.3,breakout_up,breakout_down,853.5,137.77,6.72,20.17,688.84,4.21
NSE:ITC,LONG,95,2026-09-15T09:15:00+05:30,263.2,2026-09-15T14:15:00+05:30,259.8,breakout_up,breakout_down,-323.0,55.92,4.97,14.91,-398.79,0.21
NSE:ITC,SHORT,95,2026-09-15T14:45:00+05:30,259.25,2026-09-16T09:15:00+05:30,261.9,breakout_down,breakout_up,-251.75,118.16,4.95,14.85,-389.72,0.77
NSE:INFY,LONG,25,2026-09-11T09:15:00+05:30,1040.9,2026-09-16T09:30:00+05:30,1071.0,breakout_up,breakout_down,752.5,121.74,5.28,15.84,609.64,5.01
NSE:TATACONSUM,SHORT,5,2026-09-15T14:15:00+05:30,989.0,2026-09-16T09:45:00+05:30,1003.4,breakout_down,breakout_up,-72.0,74.21,1.0,2.99,-150.19,0.81
NSE:SBIN,SHORT,45,2026-09-09T14:45:00+05:30,1003.7,2026-09-16T10:15:00+05:30,983.2,breakout_down,breakout_up,922.5,162.42,8.94,26.82,724.32,6.81
NSE:HINDUNILVR,SHORT,10,2026-09-15T15:15:00+05:30,1938.1,2026-09-16T11:00:00+05:30,1971.5,breakout_down,breakout_up,-334.0,106.6,3.91,11.73,-456.24,0.82
NSE:ADANIGREEN,SHORT,70,2026-09-10T09:15:00+05:30,1307.9,2026-09-16T12:30:00+05:30,1276.0,breakout_down,breakout_up,2233.0,263.95,18.09,54.26,1896.7,6.14
NSE:BHARTIARTL,SHORT,10,2026-09-15T09:15:00+05:30,1828.5,2026-09-16T14:30:00+05:30,1837.4,breakout_down,breakout_up,-89.0,103.87,3.67,11.0,-207.54,1.22
NSE:BANKNIFTY,SHORT,1.344221860698917,2026-09-15T14:45:00+05:30,55877.35,2026-09-17T09:30:00+05:30,56431.9,breakout_down,breakout_up,-745.44,89.53,3.02,15.1,-853.09,1.78
NSE:NIFTY,SHORT,4.970389538025128,2026-09-15T13:00:00+05:30,23294.95,2026-09-17T10:00:00+05:30,23311.1,breakout_down,breakout_up,-80.27,112.41,4.63,23.17,-220.48,1.88
NSE:SENSEX,SHORT,1.3157556966418746,2026-09-15T13:00:00+05:30,74545.26,2026-09-17T10:00:00+05:30,74554.13,breakout_down,breakout_up,-11.67,102.44,3.92,19.62,-137.65,1.88
NSE:LT,SHORT,10,2026-09-15T09:30:00+05:30,3870.2,2026-09-17T10:00:00+05:30,3851.0,breakout_down,breakout_up,192.0,148.92,7.72,23.16,12.2,2.02
NSE:HINDUNILVR,LONG,10,2026-09-16T11:30:00+05:30,1975.2,2026-09-17T11:00:00+05:30,1951.7,breakout_up,breakout_down,-235.0,106.78,3.93,11.78,-357.49,0.98
NSE:TATASTEEL,SHORT,255,2026-09-16T09:15:00+05:30,182.32,2026-09-17T12:45:00+05:30,185.25,breakout_down,breakout_up,-747.15,167.34,9.37,28.12,-951.98,1.15
NSE:TCS,SHORT,15,2026-09-15T14:45:00+05:30,2266.6,2026-09-17T14:30:00+05:30,2219.3,breakout_down,breakout_up,709.5,137.85,6.73,20.19,544.74,1.99
NSE:HCLTECH,SHORT,15,2026-09-15T14:15:00+05:30,1260.5,2026-09-17T15:15:00+05:30,1258.3,breakout_down,breakout_up,33.0,105.11,3.78,11.33,-87.22,2.04
NSE:TATACONSUM,LONG,5,2026-09-16T11:00:00+05:30,1009.0,2026-09-18T10:00:00+05:30,1006.9,breakout_up,breakout_down,-10.5,74.33,1.01,3.02,-88.86,1.96
NSE:BHARTIARTL,LONG,10,2026-09-18T09:15:00+05:30,1846.9,2026-09-18T15:00:00+05:30,1835.9,breakout_up,breakout_down,-110.0,53.68,3.68,11.05,-178.41,0.24
NSE:SENSEX,LONG,1.3127791386813288,2026-09-17T12:00:00+05:30,74609.74,2026-09-18T15:15:00+05:30,74294.96,breakout_up,breakout_down,-413.24,102.15,3.91,19.55,-538.84,1.14
NSE:ITC,LONG,90,2026-09-16T14:30:00+05:30,264.55,2026-09-18T15:15:00+05:30,262.3,breakout_up,breakout_down,-202.5,115.84,4.74,14.22,-337.3,2.03
NSE:TATASTEEL,LONG,245,2026-09-17T14:30:00+05:30,187.5,2026-09-18T15:15:00+05:30,185.54,breakout_up,breakout_down,-480.2,164.73,9.14,27.42,-681.48,1.03
NSE:WIPRO,SHORT,255,2026-09-15T14:15:00+05:30,169.6,2026-09-18T15:15:00+05:30,166.83,breakout_down,breakout_up,706.35,158.41,8.58,25.74,513.63,3.04
NSE:ICICIBANK,SHORT,20,2026-09-15T09:15:00+05:30,1368.9,2026-09-21T09:15:00+05:30,1347.8,breakout_down,breakout_up,422.0,123.48,5.43,16.3,276.79,6.0
NSE:TATACONSUM,SHORT,5,2026-09-18T11:15:00+05:30,1003.2,2026-09-21T11:00:00+05:30,1015.0,breakout_down,breakout_up,-59.0,74.35,1.01,3.03,-137.38,2.99
NSE:BHARTIARTL,LONG,10,2026-09-18T15:15:00+05:30,1893.3,2026-09-21T12:00:00+05:30,1832.4,breakout_up,breakout_down,-609.0,104.58,3.73,11.18,-728.48,2.86
NSE:TCS,SHORT,20,2026-09-18T09:15:00+05:30,2126.2,2026-09-21T12:45:00+05:30,2132.1,breakout_down,breakout_up,-118.0,157.78,8.52,25.55,-309.84,3.15
NSE:ADANIGREEN,LONG,70,2026-09-18T09:15:00+05:30,1295.9,2026-09-21T15:00:00+05:30,1303.0,breakout_up,breakout_down,497.0,265.25,18.19,54.58,158.98,3.24
NSE:TCS,LONG,20,2026-09-21T14:15:00+05:30,2137.0,2026-09-22T09:15:00+05:30,2113.9,breakout_up,breakout_down,-462.0,157.64,8.5,25.51,-653.65,0.79
NSE:HCLTECH,LONG,15,2026-09-18T15:15:00+05:30,1249.3,2026-09-22T09:15:00+05:30,1251.5,breakout_up,breakout_down,33.0,104.81,3.75,11.25,-86.82,3.75
NSE:WIPRO,LONG,265,2026-09-21T14:30:00+05:30,165.2,2026-09-22T10:15:00+05:30,164.02,breakout_up,breakout_down,-312.7,160.1,8.72,26.17,-507.7,0.82
NSE:NIFTY,LONG,4.9518231447738215,2026-09-17T12:00:00+05:30,23337.9,2026-09-22T10:30:00+05:30,23382.7,breakout_up,breakout_down,221.84,112.4,4.63,23.14,81.68,4.94
NSE:BANKNIFTY,LONG,1.31829755559338,2026-09-18T12:30:00+05:30,56331.0,2026-09-22T10:30:00+05:30,56373.55,breakout_up,breakout_down,56.09,89.05,2.97,14.86,-50.79,3.92
NSE:SENSEX,LONG,1.3028536349813087,2026-09-21T09:15:00+05:30,74765.79,2026-09-22T10:30:00+05:30,74733.55,breakout_up,breakout_down,-42.0,102.04,3.9,19.48,-167.41,1.05
NSE:ITC,LONG,90,2026-09-21T11:00:00+05:30,267.0,2026-09-22T10:30:00+05:30,266.2,breakout_up,breakout_down,-72.0,116.46,4.8,14.4,-207.66,0.98
NSE:SBIN,LONG,45,2026-09-16T10:30:00+05:30,984.7,2026-09-22T10:30:00+05:30,988.3,breakout_up,breakout_down,162.0,161.78,8.88,26.64,-35.29,6.0
NSE:LT,LONG,10,2026-09-17T12:00:00+05:30,3862.3,2026-09-22T12:15:00+05:30,3886.0,breakout_up,breakout_down,237.0,149.21,7.75,23.24,56.79,5.01
NSE:WIPRO,SHORT,265,2026-09-22T10:30:00+05:30,163.28,2026-09-22T14:00:00+05:30,165.22,breakout_down,breakout_up,-514.1,62.48,8.71,26.12,-611.41,0.15
NSE:HCLTECH,SHORT,15,2026-09-22T10:45:00+05:30,1245.6,2026-09-22T14:15:00+05:30,1282.0,breakout_down,breakout_up,-546.0,53.82,3.79,11.37,-614.99,0.15
NSE:SBIN,SHORT,45,2026-09-22T11:30:00+05:30,986.3,2026-09-23T09:15:00+05:30,989.8,breakout_down,breakout_up,-157.5,161.96,8.89,26.68,-355.03,0.91
NSE:TATASTEEL,SHORT,245,2026-09-21T13:00:00+05:30,183.92,2026-09-23T09:15:00+05:30,186.9,breakout_down,breakout_up,-730.1,164.14,9.09,27.26,-930.58,1.84
NSE:BANKNIFTY,SHORT,1.319075274963026,2026-09-22T11:30:00+05:30,56259.4,2026-09-23T09:45:00+05:30,56455.65,breakout_down,breakout_up,-258.87,89.01,2.97,14.87,-365.72,0.93
NSE:ITC,SHORT,90,2026-09-22T12:30:00+05:30,265.6,2026-09-23T10:15:00+05:30,267.15,breakout_down,breakout_up,-139.5,116.42,4.79,14.38,-275.1,0.91
NSE:NIFTY,SHORT,4.950401966825918,2026-09-22T11:45:00+05:30,23361.05,2026-09-23T10:45:00+05:30,23415.5,breakout_down,breakout_up,-269.55,112.34,4.63,23.16,-409.68,0.96
NSE:SENSEX,SHORT,1.3026210944180663,2026-09-22T11:45:00+05:30,74651.0,2026-09-23T11:00:00+05:30,74890.27,breakout_down,breakout_up,-311.68,101.98,3.9,19.48,-437.03,0.97
NSE:LT,SHORT,10,2026-09-22T12:45:00+05:30,3881.0,2026-09-23T11:00:00+05:30,3923.0,breakout_down,breakout_up,-420.0,149.88,7.8,23.41,-601.1,0.93
NSE:HINDUNILVR,SHORT,10,2026-09-17T11:15:00+05:30,1951.4,2026-09-23T11:45:00+05:30,1951.0,breakout_down,breakout_up,4.0,106.49,3.9,11.71,-118.1,6.02
NSE:TATACONSUM,SHORT,5,2026-09-21T15:15:00+05:30,1000.6,2026-09-23T11:45:00+05:30,991.9,breakout_down,breakout_up,43.5,74.2,1.0,2.99,-34.68,1.85
NSE:BHARTIARTL,SHORT,10,2026-09-22T12:30:00+05:30,1821.9,2026-09-23T13:15:00+05:30,1830.5,breakout_down,breakout_up,-86.0,103.72,3.65,10.96,-204.33,1.03
NSE:WIPRO,LONG,260,2026-09-22T14:15:00+05:30,165.41,2026-09-23T14:45:00+05:30,164.14,breakout_up,breakout_down,-330.2,158.37,8.57,25.7,-522.84,1.02
NSE:NIFTY,LONG,4.917152252477602,2026-09-23T11:00:00+05:30,23435.95,2026-09-24T09:15:00+05:30,23260.2,breakout_up,breakout_down,-864.19,111.65,4.59,22.96,-1003.39,0.93
NSE:BANKNIFTY,LONG,1.3075762704148595,2026-09-23T10:00:00+05:30,56475.3,2026-09-24T09:15:00+05:30,55712.0,breakout_up,breakout_down,-998.07,88.27,2.93,14.67,-1103.94,0.97
NSE:SENSEX,LONG,1.291673014292063,2026-09-23T12:00:00+05:30,74946.4,2026-09-24T09:15:00+05:30,74282.89,breakout_up,breakout_down,-857.04,101.27,3.86,19.28,-981.44,0.89
NSE:SBIN,LONG,45,2026-09-23T12:15:00+05:30,994.0,2026-09-24T09:15:00+05:30,988.0,breakout_up,breakout_down,-270.0,162.26,8.92,26.76,-467.94,0.88
NSE:BHARTIARTL,LONG,10,2026-09-23T14:00:00+05:30,1831.4,2026-09-24T09:15:00+05:30,1821.6,breakout_up,breakout_down,-98.0,103.73,3.65,10.96,-216.34,0.8
NSE:LT,LONG,10,2026-09-23T12:00:00+05:30,3944.0,2026-09-24T09:15:00+05:30,3894.3,breakout_up,breakout_down,-497.0,150.27,7.84,23.51,-678.62,0.89
NSE:TATACONSUM,LONG,5,2026-09-23T14:00:00+05:30,995.7,2026-09-24T10:00:00+05:30,985.0,breakout_up,breakout_down,-53.5,74.14,0.99,2.97,-131.6,0.83
NSE:ADANIGREEN,SHORT,70,2026-09-23T12:45:00+05:30,1295.9,2026-09-24T11:15:00+05:30,1309.4,breakout_down,breakout_up,-945.0,265.86,18.24,54.71,-1283.8,0.94
NSE:ITC,LONG,85,2026-09-23T10:30:00+05:30,269.65,2026-09-24T11:45:00+05:30,267.55,breakout_up,breakout_down,-178.5,113.88,4.57,13.7,-310.65,1.05
NSE:TATASTEEL,LONG,235,2026-09-23T11:15:00+05:30,187.8,2026-09-24T13:45:00+05:30,188.09,breakout_up,breakout_down,68.15,161.28,8.83,26.5,-128.47,1.1
NSE:HCLTECH,SHORT,15,2026-09-23T12:00:00+05:30,1265.0,2026-09-25T10:30:00+05:30,1258.6,breakout_down,breakout_up,96.0,105.19,3.79,11.36,-24.33,1.94
NSE:TCS,SHORT,20,2026-09-22T10:30:00+05:30,2106.3,2026-09-25T12:15:00+05:30,2089.2,breakout_down,breakout_up,342.0,156.35,8.39,25.17,152.09,3.07
NSE:SENSEX,SHORT,1.2932188443477957,2026-09-24T10:15:00+05:30,74100.17,2026-09-25T14:00:00+05:30,73852.34,breakout_down,breakout_up,320.5,101.16,3.83,19.13,196.38,1.16
NSE:HINDUNILVR,SHORT,10,2026-09-24T09:30:00+05:30,1936.0,2026-09-25T14:30:00+05:30,1940.0,breakout_down,breakout_up,-40.0,106.2,3.88,11.63,-161.71,1.21
NSE:LT,SHORT,10,2026-09-24T11:00:00+05:30,3872.2,2026-09-25T15:00:00+05:30,3878.0,breakout_down,breakout_up,-58.0,149.26,7.75,23.25,-238.26,1.17
NSE:HINDUNILVR,LONG,10,2026-09-25T15:15:00+05:30,1942.9,2026-09-28T09:15:00+05:30,1914.5,breakout_up,breakout_down,-284.0,106.02,3.86,11.57,-405.45,2.75
NSE:INFY,SHORT,25,2026-09-16T11:15:00+05:30,1067.1,2026-09-28T13:15:00+05:30,1004.5,breakout_down,breakout_up,1565.0,120.56,5.18,15.54,1423.72,12.08
NSE:BHARTIARTL,SHORT,10,2026-09-24T09:30:00+05:30,1819.4,2026-09-28T14:45:00+05:30,1783.2,breakout_down,breakout_up,362.0,103.14,3.6,10.81,244.45,4.22
NSE:TATASTEEL,SHORT,235,2026-09-25T13:00:00+05:30,187.53,2026-09-29T12:00:00+05:30,187.15,breakout_down,breakout_up,89.3,160.97,8.8,26.41,-106.89,3.96
NSE:ADANIGREEN,SHORT,70,2026-09-24T14:45:00+05:30,1284.1,2026-09-29T13:00:00+05:30,1251.3,breakout_down,breakout_up,2296.0,260.18,17.75,53.24,1964.83,4.93
NSE:SBIN,SHORT,45,2026-09-24T14:15:00+05:30,976.5,2026-09-29T15:00:00+05:30,965.0,breakout_down,breakout_up,517.5,160.18,8.74,26.21,322.38,5.03
NSE:NIFTY,SHORT,4.926620733294735,2026-09-24T12:15:00+05:30,23187.85,2026-09-29T15:15:00+05:30,22716.2,breakout_down,backtest_end,2323.64,111.44,4.52,22.62,2185.06,5.12
NSE:BANKNIFTY,SHORT,1.3100324501611125,2026-09-24T09:30:00+05:30,55529.25,2026-09-29T15:15:00+05:30,54259.95,breakout_down,backtest_end,1662.82,88.1,2.88,14.38,1557.46,5.24
NSE:SENSEX,SHORT,1.3123149898931146,2026-09-28T09:15:00+05:30,73171.1,2026-09-29T15:15:00+05:30,72529.07,breakout_down,backtest_end,842.55,101.24,3.82,19.12,718.36,1.25
NSE:ICICIBANK,SHORT,20,2026-09-22T10:30:00+05:30,1339.3,2026-09-29T15:15:00+05:30,1292.2,breakout_down,backtest_end,942.0,121.54,5.26,15.79,799.4,7.2
NSE:TCS,SHORT,20,2026-09-28T09:30:00+05:30,2063.2,2026-09-29T15:15:00+05:30,2032.4,breakout_down,backtest_end,616.0,154.11,8.19,24.57,429.13,1.24
NSE:INFY,SHORT,30,2026-09-29T13:30:00+05:30,982.9,2026-09-29T15:15:00+05:30,1015.4,breakout_down,breakout_up,-975.0,57.66,5.99,17.98,-1056.64,0.07
NSE:ITC,SHORT,85,2026-09-24T13:45:00+05:30,267.25,2026-09-29T15:15:00+05:30,265.1,breakout_down,backtest_end,182.75,113.4,4.52,13.57,51.25,5.06
NSE:TATASTEEL,LONG,235,2026-09-29T12:45:00+05:30,188.01,2026-09-29T15:15:00+05:30,188.0,breakout_up,backtest_end,-2.35,62.77,8.84,26.51,-100.47,0.1
NSE:HINDUNILVR,SHORT,10,2026-09-28T09:30:00+05:30,1909.7,2026-09-29T15:15:00+05:30,1863.8,breakout_down,backtest_end,459.0,105.03,3.77,11.32,338.88,1.24
NSE:WIPRO,SHORT,260,2026-09-24T14:15:00+05:30,163.5,2026-09-29T15:15:00+05:30,156.79,breakout_down,backtest_end,1744.6,155.54,8.33,24.98,1555.75,5.04
NSE:HCLTECH,SHORT,15,2026-09-28T11:00:00+05:30,1242.8,2026-09-29T15:15:00+05:30,1222.0,breakout_down,backtest_end,312.0,104.19,3.7,11.09,193.02,1.18
NSE:TATACONSUM,SHORT,5,2026-09-24T11:00:00+05:30,983.3,2026-09-29T15:15:00+05:30,967.7,breakout_down,breakout_up,78.0,73.96,0.98,2.93,0.13,5.18
NSE:ADANIGREEN,LONG,75,2026-09-29T14:45:00+05:30,1255.8,2026-09-29T15:15:00+05:30,1260.0,breakout_up,backtest_end,315.0,80.49,18.87,56.61,159.04,0.02
NSE:BHARTIARTL,LONG,10,2026-09-29T13:00:00+05:30,1786.5,2026-09-29T15:15:00+05:30,1771.2,breakout_up,backtest_end,-153.0,53.45,3.56,10.67,-220.68,0.09
NSE:LT,SHORT,10,2026-09-28T09:15:00+05:30,3831.7,2026-09-29T15:15:00+05:30,3749.1,breakout_down,backtest_end,826.0,147.31,7.58,22.74,648.37,1.25
