instrument,side,qty,entry_time,entry_price,exit_time,exit_price,entry_reason,exit_reason,gross_pnl,commission,spread,slippage,net_pnl,holding_days
NSE:TCS,SHORT,25,2023-10-03T09:15:00+05:30,3524.95,2023-10-05T13:15:00+05:30,3592.0,death_cross,golden_cross,-1676.25,260.97,17.79,53.38,-2008.39,2.17
NSE:SBIN,SHORT,165,2023-10-05T09:15:00+05:30,590.95,2023-10-06T13:15:00+05:30,594.2,death_cross,golden_cross,-536.25,280.47,19.55,58.66,-894.94,1.17
NSE:TATACONSUM,SHORT,115,2023-10-04T13:15:00+05:30,865.0,2023-10-10T09:15:00+05:30,886.7,death_cross,golden_cross,-2495.5,287.17,20.14,60.43,-2863.25,5.83
NSE:INFY,LONG,65,2023-10-09T13:15:00+05:30,1475.05,2023-10-13T09:15:00+05:30,1425.55,golden_cross,death_cross,-3217.5,272.88,18.85,56.56,-3565.8,3.83
NSE:TCS,LONG,25,2023-10-06T09:15:00+05:30,3601.3,2023-10-16T09:15:00+05:30,3535.2,golden_cross,death_cross,-1652.5,261.51,17.84,53.52,-1985.38,10.0
NSE:HCLTECH,SHORT,80,2023-10-11T13:15:00+05:30,1243.95,2023-10-16T09:15:00+05:30,1270.5,death_cross,golden_cross,-2124.0,286.82,20.12,60.35,-2491.28,4.83
NSE:WIPRO,LONG,950,2023-10-12T09:15:00+05:30,104.83,2023-10-16T13:15:00+05:30,102.53,golden_cross,death_cross,-2185.0,282.19,19.7,59.09,-2545.98,4.17
NSE:RELIANCE,LONG,165,2023-10-16T09:15:00+05:30,587.15,2023-10-18T13:15:00+05:30,581.0,golden_cross,death_cross,-1014.75,277.39,19.27,57.82,-1369.24,2.17
NSE:ICICIBANK,LONG,100,2023-10-13T09:15:00+05:30,949.75,2023-10-18T13:15:00+05:30,944.0,golden_cross,death_cross,-575.0,273.61,18.94,56.81,-924.36,5.17
NSE:SENSEX,LONG,1.50014117010975,2023-10-11T13:15:00+05:30,66461.01,2023-10-19T09:15:00+05:30,65744.82,golden_cross,death_cross,-1074.39,65.81,3.97,19.83,-1163.99,7.83
NSE:NIFTY,LONG,5.033238120406684,2023-10-11T13:15:00+05:30,19808.5,2023-10-19T13:15:00+05:30,19611.9,golden_cross,death_cross,-989.53,65.82,3.97,19.84,-1079.16,8.0
NSE:TATASTEEL,LONG,780,2023-10-17T13:15:00+05:30,127.8,2023-10-20T09:15:00+05:30,123.55,golden_cross,death_cross,-3315.0,281.24,19.61,58.82,-3674.66,2.83
NSE:HINDUNILVR,LONG,35,2023-10-05T09:15:00+05:30,2520.5,2023-10-20T13:15:00+05:30,2501.0,golden_cross,death_cross,-682.5,258.48,17.58,52.73,-1011.28,15.17
NSE:ITC,LONG,220,2023-10-11T13:15:00+05:30,448.0,2023-10-20T13:15:00+05:30,438.0,golden_cross,death_cross,-2200.0,279.9,19.49,58.48,-2557.86,9.0
NSE:HCLTECH,LONG,75,2023-10-16T13:15:00+05:30,1272.0,2023-10-23T13:15:00+05:30,1234.95,golden_cross,death_cross,-2778.75,272.27,18.8,56.41,-3126.23,7.0
NSE:TATACONSUM,LONG,105,2023-10-10T13:15:00+05:30,888.1,2023-10-25T09:15:00+05:30,884.65,golden_cross,death_cross,-362.25,270.0,18.61,55.84,-706.7,14.83
NSE:HCLTECH,SHORT,75,2023-10-25T09:15:00+05:30,1230.0,2023-10-30T09:15:00+05:30,1263.0,death_cross,golden_cross,-2475.0,271.09,18.7,56.09,-2820.88,5.0
NSE:TATACONSUM,SHORT,105,2023-10-25T13:15:00+05:30,889.35,2023-10-31T09:15:00+05:30,898.65,death_cross,golden_cross,-976.5,271.82,18.77,56.32,-1323.42,5.83
NSE:RELIANCE,SHORT,170,2023-10-19T09:15:00+05:30,578.0,2023-11-02T13:15:00+05:30,580.05,death_cross,golden_cross,-348.5,281.92,19.69,59.06,-709.17,14.17
NSE:SBIN,SHORT,165,2023-10-09T09:15:00+05:30,582.95,2023-11-02T13:15:00+05:30,572.0,death_cross,golden_cross,1806.75,274.76,19.06,57.17,1455.77,24.17
NSE:ICICIBANK,SHORT,105,2023-10-19T09:15:00+05:30,939.05,2023-11-06T09:15:00+05:30,943.15,death_cross,golden_cross,-430.5,282.77,19.76,59.29,-792.33,18.0
NSE:ADANIGREEN,SHORT,100,2023-10-03T09:15:00+05:30,974.1,2023-11-06T13:15:00+05:30,926.0,death_cross,golden_cross,4810.0,273.91,19.0,57.0,4460.08,34.17
NSE:BHARTIARTL,SHORT,105,2023-10-25T13:15:00+05:30,924.5,2023-11-06T13:15:00+05:30,938.25,death_cross,golden_cross,-1443.75,280.58,19.56,58.68,-1802.57,12.0
NSE:NIFTY,SHORT,5.0489906402808264,2023-10-20T09:15:00+05:30,19533.6,2023-11-07T09:15:00+05:30,19366.8,death_cross,golden_cross,842.17,65.73,3.93,19.64,752.88,18.0
NSE:SENSEX,SHORT,1.5021185432277377,2023-10-19T13:15:00+05:30,65600.94,2023-11-07T13:15:00+05:30,64965.67,death_cross,golden_cross,954.25,65.7,3.92,19.61,865.01,19.0
NSE:INFY,SHORT,65,2023-10-13T13:15:00+05:30,1433.0,2023-11-08T09:15:00+05:30,1400.15,death_cross,golden_cross,2135.25,267.61,18.42,55.25,1793.98,25.83
NSE:HINDUNILVR,SHORT,35,2023-10-23T09:15:00+05:30,2494.0,2023-11-08T09:15:00+05:30,2510.4,death_cross,golden_cross,-574.0,257.81,17.52,52.55,-901.87,16.0
NSE:LT,SHORT,30,2023-10-20T13:15:00+05:30,3017.0,2023-11-08T09:15:00+05:30,2975.75,death_cross,golden_cross,1237.5,262.82,17.98,53.93,902.77,18.83
NSE:INFY,LONG,70,2023-11-08T13:15:00+05:30,1390.5,2023-11-09T09:15:00+05:30,1384.05,golden_cross,death_cross,-451.5,278.98,19.42,58.27,-808.17,0.83
NSE:HINDUNILVR,LONG,35,2023-11-08T13:15:00+05:30,2516.05,2023-11-09T13:15:00+05:30,2479.8,golden_cross,death_cross,-1268.75,257.53,17.49,52.46,-1596.22,1.0
NSE:ITC,SHORT,220,2023-10-23T09:15:00+05:30,436.95,2023-11-10T09:15:00+05:30,435.9,death_cross,golden_cross,231.0,276.5,19.2,57.61,-122.31,18.0
NSE:HCLTECH,LONG,70,2023-10-30T13:15:00+05:30,1262.1,2023-11-10T13:15:00+05:30,1256.0,golden_cross,death_cross,-427.0,259.03,17.63,52.88,-756.54,11.0
NSE:TATASTEEL,SHORT,780,2023-10-20T13:15:00+05:30,123.1,2023-11-13T13:15:00+05:30,120.9,death_cross,golden_cross,1716.0,274.49,19.03,57.1,1365.38,24.0
NSE:HDFCBANK,SHORT,260,2023-10-18T09:15:00+05:30,380.57,2023-11-15T09:15:00+05:30,376.25,death_cross,golden_cross,1124.5,281.71,19.68,59.03,764.08,28.0
NSE:HCLTECH,SHORT,70,2023-11-13T09:15:00+05:30,1254.15,2023-11-15T09:15:00+05:30,1275.5,death_cross,golden_cross,-1494.5,260.01,17.71,53.12,-1825.34,2.0
NSE:INFY,SHORT,70,2023-11-09T13:15:00+05:30,1377.0,2023-11-15T13:15:00+05:30,1412.0,death_cross,golden_cross,-2450.0,280.26,19.52,58.57,-2808.35,6.0
NSE:WIPRO,SHORT,940,2023-10-17T09:15:00+05:30,103.29,2023-11-15T13:15:00+05:30,97.88,death_cross,golden_cross,5090.1,272.88,18.91,56.73,4741.59,29.17
NSE:TCS,SHORT,25,2023-10-16T13:15:00+05:30,3520.65,2023-11-16T09:15:00+05:30,3511.2,death_cross,golden_cross,236.25,258.46,17.58,52.74,-92.53,30.83
NSE:HINDUNILVR,SHORT,35,2023-11-10T09:15:00+05:30,2481.8,2023-11-17T09:15:00+05:30,2525.4,death_cross,golden_cross,-1526.0,257.99,17.53,52.58,-1854.09,7.0
NSE:ICICIBANK,LONG,100,2023-11-06T13:15:00+05:30,947.5,2023-11-17T13:15:00+05:30,920.6,golden_cross,death_cross,-2690.0,270.92,18.68,56.04,-3035.64,11.0
NSE:SBIN,LONG,170,2023-11-03T09:15:00+05:30,578.15,2023-11-17T13:15:00+05:30,562.9,golden_cross,death_cross,-2592.5,278.88,19.4,58.19,-2948.97,14.17
NSE:BANKNIFTY,LONG,2.2979678565840285,2023-11-07T09:15:00+05:30,43386.55,2023-11-22T09:15:00+05:30,43320.35,golden_cross,death_cross,-152.13,65.94,3.98,19.92,-241.98,15.0
NSE:ADANIGREEN,LONG,110,2023-11-07T09:15:00+05:30,920.95,2023-11-22T09:15:00+05:30,915.7,golden_cross,death_cross,-577.5,287.68,20.2,60.61,-945.99,15.0
NSE:ADANIGREEN,SHORT,110,2023-11-22T13:15:00+05:30,912.5,2023-11-24T13:15:00+05:30,942.0,death_cross,golden_cross,-3245.0,290.06,20.4,61.2,-3616.66,2.0
NSE:BANKNIFTY,SHORT,2.2888174190892805,2023-11-22T13:15:00+05:30,43454.6,2023-11-28T09:15:00+05:30,43857.25,death_cross,golden_cross,-921.59,65.96,4.0,19.98,-1011.53,5.83
NSE:ITC,LONG,220,2023-11-10T13:15:00+05:30,437.95,2023-11-29T09:15:00+05:30,436.95,golden_cross,death_cross,-220.0,277.03,19.25,57.74,-574.02,18.83
NSE:ICICIBANK,SHORT,100,2023-11-20T09:15:00+05:30,925.05,2023-11-29T13:15:00+05:30,940.25,death_cross,golden_cross,-1520.0,270.52,18.65,55.96,-1865.13,9.17
NSE:ITC,SHORT,220,2023-11-29T13:15:00+05:30,436.8,2023-12-01T09:15:00+05:30,447.45,death_cross,golden_cross,-2343.0,279.48,19.45,58.36,-2700.29,1.83
NSE:SBIN,SHORT,170,2023-11-20T09:15:00+05:30,565.55,2023-12-01T13:15:00+05:30,571.4,death_cross,golden_cross,-994.5,277.98,19.33,57.98,-1349.8,11.17
NSE:HINDUNILVR,LONG,35,2023-11-17T13:15:00+05:30,2527.0,2023-12-11T09:15:00+05:30,2503.9,golden_cross,death_cross,-808.5,258.86,17.61,52.82,-1137.79,23.83
NSE:BHARTIARTL,LONG,100,2023-11-07T09:15:00+05:30,934.15,2023-12-18T09:15:00+05:30,984.9,golden_cross,death_cross,5075.0,276.0,19.19,57.57,4722.24,41.0
NSE:HINDUNILVR,SHORT,35,2023-12-11T13:15:00+05:30,2503.7,2023-12-19T09:15:00+05:30,2563.05,death_cross,golden_cross,-2077.25,260.35,17.73,53.2,-2408.53,7.83
NSE:ICICIBANK,LONG,95,2023-11-30T09:15:00+05:30,934.0,2023-12-22T13:15:00+05:30,994.75,golden_cross,death_cross,5771.25,266.31,18.32,54.97,5431.65,22.17
NSE:BHARTIARTL,SHORT,100,2023-12-18T13:15:00+05:30,991.65,2023-12-27T09:15:00+05:30,1018.45,death_cross,golden_cross,-2680.0,286.7,20.1,60.3,-3047.1,8.83
NSE:INFY,LONG,65,2023-11-16T09:15:00+05:30,1448.75,2024-01-03T09:15:00+05:30,1501.0,golden_cross,death_cross,3396.25,275.93,19.17,57.52,3043.62,48.0
NSE:TCS,LONG,25,2023-11-16T13:15:00+05:30,3498.0,2024-01-03T13:15:00+05:30,3692.6,golden_cross,death_cross,4865.0,262.52,17.98,53.93,4530.57,48.0
NSE:HCLTECH,LONG,65,2023-11-15T13:15:00+05:30,1278.2,2024-01-04T13:15:00+05:30,1420.5,golden_cross,death_cross,9249.5,257.36,17.54,52.62,8921.97,50.0
NSE:TATASTEEL,LONG,785,2023-11-15T09:15:00+05:30,123.55,2024-01-05T13:15:00+05:30,133.75,golden_cross,death_cross,8007.0,286.98,20.2,60.59,7639.23,51.17
NSE:HDFCBANK,LONG,265,2023-11-15T13:15:00+05:30,376.2,2024-01-08T13:15:00+05:30,415.73,golden_cross,death_cross,10474.13,295.55,20.99,62.96,10094.63,54.0
NSE:SBIN,LONG,160,2023-12-04T09:15:00+05:30,591.4,2024-01-08T13:15:00+05:30,627.9,golden_cross,death_cross,5840.0,279.48,19.51,58.53,5482.49,35.17
NSE:WIPRO,LONG,1025,2023-11-16T09:15:00+05:30,99.33,2024-01-08T13:15:00+05:30,112.65,golden_cross,death_cross,13658.13,303.55,21.73,65.18,13267.67,53.17
NSE:HINDUNILVR,LONG,35,2023-12-19T13:15:00+05:30,2560.0,2024-01-09T09:15:00+05:30,2586.05,golden_cross,death_cross,911.75,263.21,18.01,54.03,576.5,20.83
NSE:BANKNIFTY,LONG,2.2403798985944685,2023-11-28T13:15:00+05:30,43943.95,2024-01-09T13:15:00+05:30,47230.95,golden_cross,death_cross,7364.13,66.81,4.09,20.43,7272.81,42.0
NSE:HCLTECH,SHORT,65,2024-01-05T09:15:00+05:30,1432.1,2024-01-09T13:15:00+05:30,1468.75,death_cross,golden_cross,-2382.25,272.84,18.86,56.57,-2730.51,4.17
NSE:ITC,LONG,205,2023-12-01T13:15:00+05:30,449.15,2024-01-11T13:15:00+05:30,463.2,golden_cross,death_cross,2880.25,270.75,18.7,56.11,2534.69,41.0
NSE:INFY,SHORT,65,2024-01-03T13:15:00+05:30,1491.95,2024-01-12T09:15:00+05:30,1607.0,death_cross,golden_cross,-7478.25,287.53,20.14,60.43,-7846.35,8.83
NSE:TCS,SHORT,25,2024-01-04T09:15:00+05:30,3665.45,2024-01-12T09:15:00+05:30,3896.9,death_cross,golden_cross,-5786.25,273.65,18.91,56.72,-6135.52,8.0
NSE:ICICIBANK,SHORT,95,2023-12-26T09:15:00+05:30,994.05,2024-01-12T13:15:00+05:30,1001.95,death_cross,golden_cross,-750.5,273.9,18.96,56.89,-1100.24,17.17
NSE:WIPRO,SHORT,1010,2024-01-09T09:15:00+05:30,113.79,2024-01-12T13:15:00+05:30,116.58,death_cross,golden_cross,-2812.85,321.89,23.27,69.8,-3227.81,3.17
NSE:ITC,SHORT,205,2024-01-12T09:15:00+05:30,463.15,2024-01-15T09:15:00+05:30,466.9,death_cross,golden_cross,-768.75,275.05,19.07,57.2,-1120.07,3.0
NSE:BANKNIFTY,SHORT,2.2366409815435953,2024-01-10T09:15:00+05:30,47259.35,2024-01-15T13:15:00+05:30,48223.6,death_cross,golden_cross,-2156.68,67.18,4.27,21.36,-2249.49,5.17
NSE:SBIN,SHORT,160,2024-01-09T09:15:00+05:30,632.6,2024-01-16T09:15:00+05:30,638.9,death_cross,golden_cross,-1008.0,289.27,20.34,61.03,-1378.65,7.0
NSE:TATASTEEL,SHORT,790,2024-01-08T09:15:00+05:30,132.5,2024-01-16T13:15:00+05:30,137.15,death_cross,golden_cross,-3673.5,300.12,21.3,63.91,-4058.83,8.17
NSE:BANKNIFTY,LONG,2.1499025363183875,2024-01-16T09:15:00+05:30,48122.85,2024-01-17T09:15:00+05:30,46264.25,golden_cross,death_cross,-3995.81,66.08,4.06,20.29,-4086.24,1.0
NSE:SBIN,LONG,155,2024-01-16T13:15:00+05:30,637.5,2024-01-17T09:15:00+05:30,626.7,golden_cross,death_cross,-1674.0,281.0,19.6,58.79,-2033.38,0.83
NSE:ICICIBANK,LONG,95,2024-01-15T09:15:00+05:30,1010.7,2024-01-17T13:15:00+05:30,979.5,golden_cross,death_cross,-2964.0,273.45,18.91,56.72,-3313.08,2.17
NSE:ADANIGREEN,LONG,90,2023-11-28T09:15:00+05:30,1061.25,2024-01-17T13:15:00+05:30,1613.9,golden_cross,death_cross,49738.5,326.94,24.08,72.23,49315.25,50.17
NSE:SENSEX,LONG,1.5292952116506957,2023-11-08T09:15:00+05:30,64999.1,2024-01-18T13:15:00+05:30,71235.86,golden_cross,death_cross,9537.85,67.3,4.17,20.83,9445.54,71.17
NSE:NIFTY,LONG,5.117915528309681,2023-11-07T13:15:00+05:30,19417.2,2024-01-18T13:15:00+05:30,21477.25,golden_cross,death_cross,10543.16,67.45,4.19,20.93,10450.6,72.0
NSE:ICICIBANK,SHORT,95,2024-01-18T09:15:00+05:30,982.05,2024-01-19T09:15:00+05:30,1009.25,death_cross,golden_cross,-2584.0,273.54,18.92,56.75,-2933.21,1.0
NSE:ITC,LONG,200,2024-01-15T13:15:00+05:30,467.55,2024-01-23T13:15:00+05:30,459.85,golden_cross,death_cross,-1540.0,269.36,18.55,55.64,-1883.55,8.0
NSE:ADANIGREEN,SHORT,90,2024-01-18T09:15:00+05:30,1587.2,2024-01-25T13:15:00+05:30,1661.05,death_cross,golden_cross,-6646.5,388.49,29.23,87.7,-7151.92,7.17
NSE:TATASTEEL,SHORT,755,2024-01-17T09:15:00+05:30,133.05,2024-01-29T09:15:00+05:30,135.25,death_cross,golden_cross,-1661.0,288.35,20.26,60.77,-2030.38,12.0
NSE:TCS,LONG,20,2024-01-12T13:15:00+05:30,3881.9,2024-01-29T09:15:00+05:30,3796.3,golden_cross,death_cross,-1712.0,233.9,15.36,46.07,-2007.33,16.83
NSE:NIFTY,SHORT,5.076541461573981,2024-01-19T09:15:00+05:30,21627.9,2024-01-31T09:15:00+05:30,21692.75,death_cross,golden_cross,-329.21,67.88,4.4,21.99,-423.48,12.0
NSE:TATACONSUM,LONG,105,2023-10-31T13:15:00+05:30,900.05,2024-01-31T09:15:00+05:30,1118.95,golden_cross,death_cross,22984.5,296.98,21.2,63.6,22602.72,91.83
NSE:SBIN,SHORT,155,2024-01-17T13:15:00+05:30,626.45,2024-01-31T13:15:00+05:30,641.55,death_cross,golden_cross,-2340.5,281.71,19.65,58.96,-2700.82,14.0
NSE:LT,LONG,30,2023-11-08T13:15:00+05:30,2998.0,2024-01-31T13:15:00+05:30,3478.0,golden_cross,death_cross,14400.0,277.94,19.43,58.28,14044.35,84.0
NSE:SENSEX,SHORT,1.5169632479406665,2024-01-19T09:15:00+05:30,71735.49,2024-02-01T09:15:00+05:30,71758.91,death_cross,golden_cross,-35.53,67.68,4.35,21.77,-129.33,13.0
NSE:WIPRO,LONG,895,2024-01-15T09:15:00+05:30,124.6,2024-02-01T13:15:00+05:30,117.85,golden_cross,death_cross,-6041.25,304.71,21.7,65.1,-6432.76,17.17
NSE:TCS,SHORT,20,2024-01-29T13:15:00+05:30,3807.7,2024-02-02T09:15:00+05:30,3945.0,death_cross,golden_cross,-2746.0,235.64,15.51,46.52,-3043.66,3.83
NSE:TATACONSUM,SHORT,100,2024-01-31T13:15:00+05:30,1119.0,2024-02-02T13:15:00+05:30,1161.0,death_cross,golden_cross,-4200.0,316.8,22.8,68.4,-4608.0,2.0
NSE:BHARTIARTL,LONG,95,2023-12-27T13:15:00+05:30,1020.05,2024-02-08T09:15:00+05:30,1134.6,golden_cross,death_cross,10882.25,289.77,20.47,61.41,10510.6,42.83
NSE:ICICIBANK,LONG,90,2024-01-19T13:15:00+05:30,1000.0,2024-02-08T13:15:00+05:30,991.9,golden_cross,death_cross,-729.0,262.4,17.93,53.78,-1063.1,20.0
NSE:TATACONSUM,LONG,95,2024-02-05T09:15:00+05:30,1156.75,2024-02-09T13:15:00+05:30,1127.0,golden_cross,death_cross,-2826.25,304.43,21.7,65.09,-3217.46,4.17
NSE:SENSEX,LONG,1.517254417857804,2024-02-01T13:15:00+05:30,71636.74,2024-02-12T09:15:00+05:30,71041.07,golden_cross,death_cross,-903.78,67.52,4.33,21.65,-997.28,10.83
NSE:NIFTY,LONG,5.038290328193356,2024-01-31T13:15:00+05:30,21708.3,2024-02-12T13:15:00+05:30,21612.6,golden_cross,death_cross,-482.16,67.71,4.37,21.83,-576.07,12.0
NSE:ICICIBANK,SHORT,85,2024-02-09T09:15:00+05:30,1010.2,2024-02-14T09:15:00+05:30,1029.1,death_cross,golden_cross,-1606.5,255.87,17.33,52.0,-1931.71,5.0
NSE:INFY,LONG,55,2024-01-12T13:15:00+05:30,1615.0,2024-02-14T09:15:00+05:30,1648.0,golden_cross,death_cross,1815.0,262.42,17.95,53.84,1480.79,32.83
NSE:NIFTY,SHORT,5.0169751078954805,2024-02-13T09:15:00+05:30,21686.05,2024-02-14T13:15:00+05:30,21848.7,death_cross,golden_cross,-816.01,67.71,4.37,21.84,-909.93,1.17
NSE:SENSEX,SHORT,1.515302410097194,2024-02-12T13:15:00+05:30,71072.85,2024-02-15T13:15:00+05:30,72091.53,death_cross,golden_cross,-1543.61,67.53,4.34,21.69,-1637.17,3.0
NSE:BANKNIFTY,SHORT,2.1566377477810468,2024-01-17T13:15:00+05:30,46083.5,2024-02-15T13:15:00+05:30,46266.0,death_cross,golden_cross,-393.59,65.92,3.98,19.92,-483.41,29.0
NSE:INFY,SHORT,50,2024-02-14T13:15:00+05:30,1667.0,2024-02-16T09:15:00+05:30,1699.15,death_cross,golden_cross,-1607.5,250.28,16.83,50.49,-1925.1,1.83
NSE:TATACONSUM,SHORT,95,2024-02-12T09:15:00+05:30,1128.55,2024-02-19T09:15:00+05:30,1162.95,death_cross,golden_cross,-3268.0,305.28,21.77,65.31,-3660.36,7.0
NSE:BHARTIARTL,SHORT,95,2024-02-08T13:15:00+05:30,1139.0,2024-02-20T09:15:00+05:30,1147.65,death_cross,golden_cross,-821.75,304.59,21.72,65.17,-1213.23,11.83
NSE:HDFCBANK,SHORT,260,2024-01-09T09:15:00+05:30,417.9,2024-02-20T13:15:00+05:30,363.25,death_cross,golden_cross,14209.0,287.75,20.31,60.93,13840.01,42.17
NSE:INFY,LONG,50,2024-02-16T13:15:00+05:30,1698.65,2024-02-21T13:15:00+05:30,1652.0,golden_cross,death_cross,-2332.5,249.47,16.75,50.26,-2648.98,5.0
NSE:TCS,LONG,20,2024-02-02T13:15:00+05:30,3959.2,2024-02-21T13:15:00+05:30,3986.0,golden_cross,death_cross,536.0,239.67,15.89,47.67,232.77,19.0
NSE:BHARTIARTL,LONG,90,2024-02-20T13:15:00+05:30,1146.15,2024-02-26T09:15:00+05:30,1107.5,golden_cross,death_cross,-3478.5,288.78,20.28,60.85,-3848.41,5.83
NSE:LT,SHORT,30,2024-02-01T09:15:00+05:30,3399.9,2024-02-26T09:15:00+05:30,3484.35,death_cross,golden_cross,-2533.5,292.82,20.65,61.96,-2908.93,25.0
NSE:HDFCBANK,LONG,340,2024-02-21T09:15:00+05:30,362.06,2024-02-27T13:15:00+05:30,355.43,golden_cross,death_cross,-2257.6,334.38,24.39,73.18,-2689.56,6.17
NSE:TCS,SHORT,20,2024-02-22T09:15:00+05:30,4028.0,2024-02-27T13:15:00+05:30,4100.5,death_cross,golden_cross,-1450.0,243.89,16.26,48.77,-1758.92,5.17
NSE:HINDUNILVR,SHORT,35,2024-01-09T13:15:00+05:30,2580.2,2024-02-28T09:15:00+05:30,2411.55,death_cross,golden_cross,5902.75,256.83,17.47,52.41,5576.03,49.83
NSE:TATASTEEL,LONG,730,2024-01-29T13:15:00+05:30,135.05,2024-02-29T09:15:00+05:30,141.15,golden_cross,death_cross,4453.0,286.85,20.16,60.49,4085.5,30.83
NSE:BANKNIFTY,LONG,2.129596282199381,2024-02-16T09:15:00+05:30,46442.35,2024-02-29T09:15:00+05:30,46075.75,golden_cross,death_cross,-780.71,65.7,3.94,19.7,-870.05,13.0
NSE:TATASTEEL,SHORT,725,2024-02-29T13:15:00+05:30,141.6,2024-03-01T09:15:00+05:30,148.3,death_cross,golden_cross,-4857.5,297.05,21.02,63.05,-5238.62,0.83
NSE:BANKNIFTY,SHORT,2.118460727911247,2024-02-29T13:15:00+05:30,46277.0,2024-03-01T09:15:00+05:30,46993.55,death_cross,golden_cross,-1517.98,65.71,3.95,19.76,-1607.41,0.83
NSE:HCLTECH,LONG,60,2024-01-10T09:15:00+05:30,1489.95,2024-03-02T09:15:00+05:30,1646.3,golden_cross,death_cross,9381.0,271.53,18.82,56.45,9034.2,52.0
NSE:BHARTIARTL,SHORT,90,2024-02-26T13:15:00+05:30,1110.75,2024-03-02T09:15:00+05:30,1131.1,death_cross,golden_cross,-1831.5,287.48,20.18,60.53,-2199.68,4.83
NSE:HDFCBANK,SHORT,345,2024-02-28T09:15:00+05:30,351.95,2024-03-04T09:15:00+05:30,356.8,death_cross,golden_cross,-1673.25,334.97,24.45,73.36,-2106.03,5.0
NSE:WIPRO,LONG,875,2024-02-02T09:15:00+05:30,119.88,2024-03-04T09:15:00+05:30,130.19,golden_cross,death_cross,9025.62,305.6,21.88,65.64,8632.51,31.0
NSE:TCS,LONG,20,2024-02-28T09:15:00+05:30,4111.45,2024-03-05T13:15:00+05:30,4010.9,golden_cross,death_cross,-2011.0,243.8,16.24,48.73,-2319.77,6.17
NSE:HINDUNILVR,LONG,35,2024-02-28T13:15:00+05:30,2423.85,2024-03-06T09:15:00+05:30,2383.55,golden_cross,death_cross,-1410.5,250.21,16.83,50.48,-1728.01,6.83
NSE:HINDUNILVR,SHORT,35,2024-03-06T13:15:00+05:30,2400.0,2024-03-07T09:15:00+05:30,2423.25,death_cross,golden_cross,-813.75,250.78,16.88,50.64,-1132.06,0.83
NSE:TCS,SHORT,20,2024-03-06T09:15:00+05:30,4009.1,2024-03-07T13:15:00+05:30,4105.0,death_cross,golden_cross,-1918.0,243.61,16.23,48.68,-2226.52,1.17
NSE:ITC,SHORT,200,2024-01-24T09:15:00+05:30,461.25,2024-03-11T09:15:00+05:30,415.65,death_cross,golden_cross,9120.0,257.33,17.54,52.61,8792.52,47.0
NSE:RELIANCE,LONG,165,2023-11-03T09:15:00+05:30,581.79,2024-03-11T13:15:00+05:30,732.49,golden_cross,death_cross,24865.5,302.24,21.69,65.06,24476.52,129.17
NSE:HINDUNILVR,LONG,35,2024-03-07T13:15:00+05:30,2415.0,2024-03-11T13:15:00+05:30,2388.0,golden_cross,death_cross,-945.0,250.0,16.81,50.43,-1262.25,4.0
NSE:ITC,LONG,245,2024-03-11T13:15:00+05:30,409.2,2024-03-12T09:15:00+05:30,400.95,golden_cross,death_cross,-2021.25,283.85,19.85,59.55,-2384.49,0.83
NSE:ADANIGREEN,LONG,80,2024-01-29T09:15:00+05:30,1712.1,2024-03-12T09:15:00+05:30,1907.05,golden_cross,death_cross,15596.0,383.7,28.95,86.86,15096.49,43.0
NSE:ITC,SHORT,245,2024-03-12T13:15:00+05:30,402.0,2024-03-13T09:15:00+05:30,423.8,death_cross,golden_cross,-5341.0,288.35,20.23,60.7,-5710.28,0.83
NSE:NIFTY,LONG,4.93526974163139,2024-02-15T09:15:00+05:30,21861.25,2024-03-13T13:15:00+05:30,21981.05,golden_cross,death_cross,591.25,67.59,4.33,21.64,497.69,27.17
NSE:SBIN,LONG,145,2024-02-01T09:15:00+05:30,650.5,2024-03-13T13:15:00+05:30,747.4,golden_cross,death_cross,14050.5,287.32,20.27,60.81,13682.11,41.17
NSE:TATASTEEL,LONG,650,2024-03-01T13:15:00+05:30,150.35,2024-03-14T09:15:00+05:30,142.9,golden_cross,death_cross,-4842.5,275.31,19.06,57.18,-5194.05,12.83
NSE:SENSEX,LONG,1.4639744860841408,2024-02-16T09:15:00+05:30,72449.75,2024-03-14T13:15:00+05:30,73085.37,golden_cross,death_cross,930.53,67.3,4.26,21.31,837.67,27.17
NSE:BANKNIFTY,LONG,2.040661731006098,2024-03-01T13:15:00+05:30,47255.95,2024-03-14T13:15:00+05:30,46834.7,golden_cross,death_cross,-859.63,65.22,3.84,19.2,-947.89,13.0
NSE:HCLTECH,SHORT,60,2024-03-04T09:15:00+05:30,1645.15,2024-03-14T13:15:00+05:30,1677.0,death_cross,golden_cross,-1911.0,284.77,19.93,59.8,-2275.5,10.17
NSE:TATACONSUM,LONG,90,2024-02-19T13:15:00+05:30,1154.5,2024-03-18T09:15:00+05:30,1189.1,golden_cross,death_cross,3114.0,297.28,21.09,63.28,2732.35,27.83
NSE:HCLTECH,LONG,60,2024-03-15T09:15:00+05:30,1657.45,2024-03-19T09:15:00+05:30,1611.35,golden_cross,death_cross,-2766.0,281.28,19.61,58.84,-3125.73,4.0
NSE:LT,LONG,30,2024-02-26T13:15:00+05:30,3470.95,2024-03-19T09:15:00+05:30,3502.55,golden_cross,death_cross,948.0,295.53,20.92,62.76,568.79,21.83
NSE:TCS,LONG,20,2024-03-11T09:15:00+05:30,4130.25,2024-03-19T13:15:00+05:30,3971.0,golden_cross,death_cross,-3185.0,243.42,16.2,48.61,-3493.23,8.17
NSE:TATASTEEL,SHORT,645,2024-03-14T13:15:00+05:30,142.7,2024-03-21T13:15:00+05:30,150.2,death_cross,golden_cross,-4837.5,273.43,18.89,56.68,-5186.49,7.0
NSE:LT,SHORT,30,2024-03-19T13:15:00+05:30,3504.0,2024-03-22T13:15:00+05:30,3610.0,death_cross,golden_cross,-3180.0,300.53,21.34,64.03,-3565.89,3.0
NSE:HDFCBANK,LONG,330,2024-03-04T13:15:00+05:30,358.25,2024-03-26T09:15:00+05:30,357.79,golden_cross,death_cross,-151.8,325.72,23.63,70.89,-572.03,21.83
NSE:RELIANCE,SHORT,160,2024-03-12T09:15:00+05:30,740.57,2024-03-27T09:15:00+05:30,746.5,death_cross,golden_cross,-949.6,327.6,23.79,71.38,-1372.37,15.0
NSE:SENSEX,SHORT,1.471281627533254,2024-03-15T09:15:00+05:30,72657.57,2024-03-28T09:15:00+05:30,73894.17,death_cross,golden_cross,-1819.39,67.39,4.31,21.56,-1912.65,13.0
NSE:NIFTY,SHORT,4.891700606805959,2024-03-14T09:15:00+05:30,22157.4,2024-03-28T09:15:00+05:30,22408.65,death_cross,golden_cross,-1229.04,67.65,4.36,21.8,-1322.85,14.0
NSE:BANKNIFTY,SHORT,2.0562014996970466,2024-03-15T09:15:00+05:30,46439.2,2024-03-28T09:15:00+05:30,47337.8,death_cross,golden_cross,-1847.7,65.25,3.86,19.28,-1936.09,13.0
NSE:HDFCBANK,SHORT,330,2024-03-26T13:15:00+05:30,356.23,2024-03-28T13:15:00+05:30,361.98,death_cross,golden_cross,-1897.5,326.64,23.7,71.1,-2318.94,2.0
NSE:SBIN,SHORT,145,2024-03-14T09:15:00+05:30,745.8,2024-04-01T09:15:00+05:30,752.95,death_cross,golden_cross,-1036.75,304.7,21.73,65.2,-1428.38,18.0
NSE:ADANIGREEN,SHORT,80,2024-03-12T13:15:00+05:30,1893.75,2024-04-02T09:15:00+05:30,1886.3,death_cross,golden_cross,596.0,399.12,30.24,90.72,75.91,20.83
NSE:ICICIBANK,LONG,85,2024-02-14T13:15:00+05:30,1020.5,2024-04-03T13:15:00+05:30,1077.35,golden_cross,death_cross,4832.25,260.92,17.83,53.5,4500.0,49.0
NSE:BHARTIARTL,LONG,90,2024-03-04T09:15:00+05:30,1138.25,2024-04-05T09:15:00+05:30,1195.5,golden_cross,death_cross,5152.5,296.14,21.0,63.01,4772.34,32.0
NSE:TCS,SHORT,15,2024-03-20T09:15:00+05:30,4004.4,2024-04-08T09:15:00+05:30,4014.9,death_cross,golden_cross,-157.5,196.81,12.03,36.09,-402.43,19.0
NSE:ICICIBANK,SHORT,85,2024-04-04T09:15:00+05:30,1075.1,2024-04-09T09:15:00+05:30,1113.35,death_cross,golden_cross,-3251.25,270.08,18.6,55.81,-3595.74,5.0
NSE:TCS,LONG,15,2024-04-08T13:15:00+05:30,3964.9,2024-04-09T09:15:00+05:30,3948.85,golden_cross,death_cross,-240.75,195.06,11.87,35.61,-483.29,0.83
NSE:TATACONSUM,SHORT,90,2024-03-18T13:15:00+05:30,1188.9,2024-04-10T09:15:00+05:30,1136.0,death_cross,golden_cross,4761.0,295.29,20.92,62.77,4382.02,22.83
NSE:TCS,SHORT,15,2024-04-09T13:15:00+05:30,3948.75,2024-04-10T13:15:00+05:30,3980.75,death_cross,golden_cross,-480.0,195.34,11.89,35.68,-722.91,1.0
NSE:BHARTIARTL,SHORT,90,2024-04-05T13:15:00+05:30,1190.0,2024-04-10T13:15:00+05:30,1229.3,death_cross,golden_cross,-3537.0,305.35,21.77,65.32,-3929.45,5.0
NSE:ADANIGREEN,LONG,80,2024-04-02T13:15:00+05:30,1892.95,2024-04-15T09:15:00+05:30,1828.8,golden_cross,death_cross,-5132.0,394.37,29.77,89.32,-5645.47,12.83
NSE:LT,LONG,25,2024-03-26T09:15:00+05:30,3665.05,2024-04-15T09:15:00+05:30,3609.7,golden_cross,death_cross,-1383.75,265.33,18.19,54.56,-1721.83,20.0
NSE:TCS,LONG,15,2024-04-12T09:15:00+05:30,3979.15,2024-04-15T13:15:00+05:30,3940.8,golden_cross,death_cross,-575.25,195.19,11.88,35.64,-817.96,3.17
NSE:SENSEX,LONG,1.4258901876712708,2024-03-28T13:15:00+05:30,73633.17,2024-04-16T09:15:00+05:30,72752.86,golden_cross,death_cross,-1255.23,66.77,4.17,20.87,-1347.05,18.83
NSE:NIFTY,LONG,4.792015214900724,2024-03-28T13:15:00+05:30,22343.1,2024-04-16T09:15:00+05:30,22100.25,golden_cross,death_cross,-1163.74,67.18,4.26,21.3,-1256.48,18.83
NSE:RELIANCE,LONG,160,2024-03-27T13:15:00+05:30,746.5,2024-04-16T09:15:00+05:30,727.64,golden_cross,death_cross,-3017.6,325.45,23.59,70.76,-3437.4,19.83
NSE:ICICIBANK,LONG,80,2024-04-09T13:15:00+05:30,1107.7,2024-04-16T09:15:00+05:30,1065.6,golden_cross,death_cross,-3368.0,256.58,17.39,52.16,-3694.13,6.83
NSE:SBIN,LONG,140,2024-04-01T13:15:00+05:30,758.0,2024-04-16T13:15:00+05:30,752.8,golden_cross,death_cross,-728.0,298.22,21.15,63.45,-1110.83,15.0
NSE:BANKNIFTY,LONG,1.9844009473535147,2024-03-28T13:15:00+05:30,47146.75,2024-04-18T09:15:00+05:30,47666.85,golden_cross,death_cross,1032.09,64.96,3.76,18.81,944.55,20.83
NSE:ITC,LONG,220,2024-03-13T13:15:00+05:30,421.65,2024-04-18T13:15:00+05:30,419.75,golden_cross,death_cross,-418.0,268.86,18.51,55.53,-760.9,36.0
NSE:RELIANCE,SHORT,155,2024-04-16T13:15:00+05:30,734.12,2024-04-22T09:15:00+05:30,737.19,death_cross,golden_cross,-475.08,316.58,22.81,68.42,-882.88,5.83
NSE:SBIN,SHORT,140,2024-04-18T09:15:00+05:30,755.95,2024-04-23T09:15:00+05:30,774.0,death_cross,golden_cross,-2527.0,301.34,21.42,64.26,-2914.01,5.0
NSE:RELIANCE,LONG,155,2024-04-22T13:15:00+05:30,740.73,2024-04-23T13:15:00+05:30,729.88,golden_cross,death_cross,-1681.75,316.55,22.79,68.38,-2089.48,1.0
NSE:ITC,SHORT,215,2024-04-19T09:15:00+05:30,425.15,2024-04-23T13:15:00+05:30,428.7,death_cross,golden_cross,-763.25,267.18,18.36,55.07,-1103.86,4.17
NSE:BANKNIFTY,SHORT,2.0050110866560455,2024-04-18T13:15:00+05:30,47131.8,2024-04-24T09:15:00+05:30,48203.25,death_cross,golden_cross,-2148.27,65.07,3.82,19.11,-2236.28,5.83
NSE:ICICIBANK,SHORT,75,2024-04-16T13:15:00+05:30,1068.75,2024-04-24T09:15:00+05:30,1096.35,death_cross,golden_cross,-2070.0,243.73,16.24,48.71,-2378.68,7.83
NSE:HINDUNILVR,SHORT,35,2024-03-12T09:15:00+05:30,2376.15,2024-04-24T09:15:00+05:30,2252.8,death_cross,golden_cross,4317.25,242.84,16.2,48.6,4009.61,43.0
NSE:SENSEX,SHORT,1.419665747519205,2024-04-16T13:15:00+05:30,73010.0,2024-04-25T09:15:00+05:30,74040.94,death_cross,golden_cross,-1463.59,66.77,4.18,20.88,-1555.41,8.83
NSE:NIFTY,SHORT,4.771322095958115,2024-04-16T13:15:00+05:30,22177.45,2024-04-25T09:15:00+05:30,22452.15,death_cross,golden_cross,-1310.68,67.17,4.26,21.29,-1403.4,8.83
NSE:HINDUNILVR,LONG,40,2024-04-24T13:15:00+05:30,2260.05,2024-04-25T09:15:00+05:30,2227.7,golden_cross,death_cross,-1294.0,262.7,17.95,53.85,-1628.51,0.83
NSE:TATACONSUM,LONG,95,2024-04-10T13:15:00+05:30,1138.3,2024-04-25T09:15:00+05:30,1096.65,golden_cross,death_cross,-3956.75,299.36,21.23,63.7,-4341.04,14.83
NSE:RELIANCE,SHORT,155,2024-04-24T09:15:00+05:30,730.58,2024-05-02T09:15:00+05:30,736.55,death_cross,golden_cross,-926.12,315.9,22.74,68.22,-1332.98,8.0
NSE:RELIANCE,LONG,150,2024-05-02T13:15:00+05:30,734.52,2024-05-03T09:15:00+05:30,713.32,golden_cross,death_cross,-3181.5,304.7,21.72,65.15,-3573.07,0.83
NSE:TCS,SHORT,15,2024-04-16T09:15:00+05:30,3876.35,2024-05-06T13:15:00+05:30,3922.2,death_cross,golden_cross,-687.75,193.17,11.7,35.09,-927.71,20.17
NSE:BHARTIARTL,LONG,80,2024-04-12T09:15:00+05:30,1221.7,2024-05-06T13:15:00+05:30,1282.75,golden_cross,death_cross,4884.0,285.4,20.04,60.11,4518.45,24.17
NSE:SENSEX,LONG,1.3735358479063038,2024-04-25T13:15:00+05:30,74333.0,2024-05-07T09:15:00+05:30,73324.85,golden_cross,death_cross,-1384.73,66.21,4.06,20.28,-1475.28,11.83
NSE:NIFTY,LONG,4.628547128899116,2024-04-25T13:15:00+05:30,22559.25,2024-05-07T09:15:00+05:30,22239.7,golden_cross,death_cross,-1479.05,66.63,4.15,20.74,-1570.57,11.83
NSE:HINDUNILVR,SHORT,40,2024-04-25T13:15:00+05:30,2234.6,2024-05-07T09:15:00+05:30,2367.45,death_cross,golden_cross,-5314.0,268.09,18.41,55.22,-5655.72,11.83
NSE:HDFCBANK,LONG,315,2024-04-01T09:15:00+05:30,366.0,2024-05-07T13:15:00+05:30,376.27,golden_cross,death_cross,3236.62,322.71,23.38,70.14,2820.39,36.17
NSE:BANKNIFTY,LONG,1.9145040000524134,2024-04-24T13:15:00+05:30,48195.35,2024-05-08T13:15:00+05:30,48101.6,golden_cross,death_cross,-179.48,64.54,3.69,18.44,-266.15,14.0
NSE:TATASTEEL,LONG,570,2024-03-22T09:15:00+05:30,152.25,2024-05-09T13:15:00+05:30,162.0,golden_cross,death_cross,5557.5,261.76,17.91,53.74,5224.09,48.17
NSE:ITC,LONG,210,2024-04-24T09:15:00+05:30,430.0,2024-05-10T09:15:00+05:30,431.7,golden_cross,death_cross,357.0,264.19,18.1,54.29,20.43,16.0
NSE:ICICIBANK,LONG,75,2024-04-24T13:15:00+05:30,1096.0,2024-05-13T09:15:00+05:30,1119.6,golden_cross,death_cross,1770.0,247.65,16.62,49.85,1455.88,18.83
NSE:ICICIBANK,LONG,75,2024-05-13T13:15:00+05:30,1126.65,2024-05-14T13:15:00+05:30,1120.6,golden_cross,death_cross,-453.75,250.45,16.85,50.56,-771.62,1.0
NSE:TATASTEEL,SHORT,565,2024-05-10T09:15:00+05:30,163.0,2024-05-15T13:15:00+05:30,165.85,death_cross,golden_cross,-1610.25,269.72,18.58,55.74,-1954.29,5.17
NSE:ADANIGREEN,SHORT,80,2024-04-15T13:15:00+05:30,1819.0,2024-05-15T13:15:00+05:30,1835.0,death_cross,golden_cross,-1280.0,388.06,29.23,87.7,-1784.99,30.0
NSE:BHARTIARTL,SHORT,80,2024-05-07T09:15:00+05:30,1288.35,2024-05-15T13:15:00+05:30,1316.0,death_cross,golden_cross,-2212.0,294.82,20.83,62.5,-2590.16,8.17
NSE:TCS,LONG,15,2024-05-07T09:15:00+05:30,3930.0,2024-05-16T09:15:00+05:30,3852.5,golden_cross,death_cross,-1162.5,192.94,11.67,35.02,-1402.13,9.0
NSE:TATASTEEL,SHORT,550,2024-05-16T09:15:00+05:30,163.7,2024-05-16T13:15:00+05:30,165.85,death_cross,golden_cross,-1182.5,79.01,18.13,54.38,-1334.01,0.17
NSE:ICICIBANK,SHORT,70,2024-05-15T09:15:00+05:30,1118.15,2024-05-16T13:15:00+05:30,1129.0,death_cross,golden_cross,-759.5,237.98,15.73,47.19,-1060.4,1.17
NSE:INFY,SHORT,50,2024-02-22T09:15:00+05:30,1653.95,2024-05-16T13:15:00+05:30,1450.9,death_cross,golden_cross,10152.5,234.88,15.52,46.57,9855.52,84.17
NSE:WIPRO,SHORT,875,2024-03-04T13:15:00+05:30,130.18,2024-05-16T13:15:00+05:30,116.0,death_cross,golden_cross,12403.13,301.56,21.54,64.62,12015.4,73.0
NSE:SENSEX,SHORT,1.3686224943744967,2024-05-07T13:15:00+05:30,73525.15,2024-05-17T13:15:00+05:30,73910.51,death_cross,golden_cross,-527.41,66.16,4.04,20.18,-617.79,10.0
NSE:NIFTY,SHORT,4.611207674919262,2024-05-07T13:15:00+05:30,22304.5,2024-05-17T13:15:00+05:30,22465.55,death_cross,golden_cross,-742.63,66.59,4.13,20.64,-833.99,10.0
NSE:RELIANCE,SHORT,150,2024-05-03T13:15:00+05:30,717.75,2024-05-18T09:15:00+05:30,717.38,death_cross,golden_cross,56.25,302.34,21.53,64.58,-332.2,14.83
NSE:ITC,SHORT,210,2024-05-10T13:15:00+05:30,433.85,2024-05-18T09:15:00+05:30,436.7,death_cross,golden_cross,-598.5,266.32,18.28,54.84,-937.95,7.83
NSE:LT,SHORT,25,2024-04-15T13:15:00+05:30,3605.45,2024-05-21T13:15:00+05:30,3435.05,death_cross,golden_cross,4260.0,258.4,17.6,52.8,3931.19,36.0
NSE:ICICIBANK,LONG,70,2024-05-17T09:15:00+05:30,1129.4,2024-05-22T09:15:00+05:30,1108.9,golden_cross,death_cross,-1435.0,237.35,15.67,47.0,-1735.02,5.0
NSE:TATACONSUM,SHORT,95,2024-04-25T13:15:00+05:30,1104.85,2024-05-22T09:15:00+05:30,1115.0,death_cross,golden_cross,-964.25,297.54,21.09,63.27,-1346.15,26.83
NSE:BANKNIFTY,SHORT,1.9293383560538044,2024-05-09T09:15:00+05:30,47687.25,2024-05-23T09:15:00+05:30,48539.1,death_cross,golden_cross,-1643.51,64.58,3.71,18.57,-1730.37,14.0
NSE:ICICIBANK,SHORT,70,2024-05-22T13:15:00+05:30,1114.65,2024-05-23T13:15:00+05:30,1136.5,death_cross,golden_cross,-1529.5,238.35,15.76,47.27,-1830.88,1.0
NSE:HDFCBANK,SHORT,320,2024-05-08T09:15:00+05:30,371.7,2024-05-24T09:15:00+05:30,376.87,death_cross,golden_cross,-1652.8,329.44,23.95,71.86,-2078.05,16.0
NSE:HCLTECH,SHORT,60,2024-03-19T13:15:00+05:30,1595.0,2024-05-27T09:15:00+05:30,1353.85,death_cross,golden_cross,14469.0,258.66,17.69,53.08,14139.57,68.83
NSE:WIPRO,LONG,1090,2024-05-17T09:15:00+05:30,115.2,2024-05-27T13:15:00+05:30,113.4,golden_cross,death_cross,-1962.0,340.17,24.92,74.75,-2401.84,10.17
NSE:ITC,LONG,205,2024-05-21T09:15:00+05:30,434.55,2024-05-28T09:15:00+05:30,429.1,golden_cross,death_cross,-1117.25,259.95,17.7,53.11,-1448.02,7.0
NSE:TATACONSUM,LONG,95,2024-05-22T13:15:00+05:30,1121.4,2024-05-28T09:15:00+05:30,1093.95,golden_cross,death_cross,-2607.75,297.19,21.05,63.14,-2989.13,5.83
NSE:ICICIBANK,LONG,70,2024-05-24T09:15:00+05:30,1127.35,2024-05-29T09:15:00+05:30,1102.8,golden_cross,death_cross,-1718.5,236.73,15.61,46.83,-2017.68,5.0
NSE:RELIANCE,LONG,150,2024-05-21T09:15:00+05:30,718.88,2024-05-30T13:15:00+05:30,714.77,golden_cross,death_cross,-615.0,302.14,21.5,64.51,-1003.16,9.17
NSE:HCLTECH,LONG,80,2024-05-27T13:15:00+05:30,1352.1,2024-05-30T13:15:00+05:30,1338.55,golden_cross,death_cross,-1084.0,302.4,21.53,64.58,-1472.51,3.0
NSE:TATASTEEL,LONG,530,2024-05-17T09:15:00+05:30,167.6,2024-05-31T09:15:00+05:30,166.8,golden_cross,death_cross,-424.0,260.11,17.72,53.17,-755.0,14.0
NSE:INFY,LONG,65,2024-05-17T09:15:00+05:30,1446.65,2024-05-31T09:15:00+05:30,1427.55,golden_cross,death_cross,-1241.5,270.83,18.68,56.05,-1587.05,14.0
NSE:RELIANCE,SHORT,150,2024-05-31T09:15:00+05:30,714.7,2024-06-03T09:15:00+05:30,743.59,death_cross,golden_cross,-4333.5,306.53,21.87,65.62,-4727.53,3.0
NSE:ICICIBANK,SHORT,65,2024-05-29T13:15:00+05:30,1104.0,2024-06-03T09:15:00+05:30,1155.9,death_cross,golden_cross,-3373.5,226.61,14.69,44.07,-3658.87,4.83
NSE:TATASTEEL,SHORT,525,2024-05-31T13:15:00+05:30,167.45,2024-06-03T13:15:00+05:30,174.35,death_cross,golden_cross,-3622.5,262.81,17.94,53.83,-3957.08,3.0
NSE:ICICIBANK,LONG,60,2024-06-03T13:15:00+05:30,1164.9,2024-06-04T09:15:00+05:30,1084.05,golden_cross,death_cross,-4851.0,213.44,13.49,40.48,-5118.41,0.83
NSE:BHARTIARTL,LONG,75,2024-05-16T09:15:00+05:30,1335.2,2024-06-04T09:15:00+05:30,1271.65,golden_cross,death_cross,-4766.25,280.75,19.55,58.65,-5125.2,19.0
NSE:SENSEX,LONG,1.350746238357384,2024-05-18T09:15:00+05:30,74042.21,2024-06-04T13:15:00+05:30,72573.79,golden_cross,death_cross,-1983.46,65.73,3.96,19.8,-2072.96,17.17
NSE:NIFTY,LONG,4.532815933672159,2024-05-18T09:15:00+05:30,22506.8,2024-06-04T13:15:00+05:30,21996.45,golden_cross,death_cross,-2313.32,66.06,4.03,20.17,-2403.59,17.17
NSE:RELIANCE,LONG,135,2024-06-03T13:15:00+05:30,756.94,2024-06-04T13:15:00+05:30,704.12,golden_cross,death_cross,-7131.38,282.85,19.72,59.17,-7493.12,1.0
NSE:ADANIGREEN,LONG,80,2024-05-16T09:15:00+05:30,1849.0,2024-06-04T13:15:00+05:30,1641.95,golden_cross,death_cross,-16564.0,374.71,27.93,83.78,-17050.42,19.17
NSE:BANKNIFTY,LONG,1.852382289621005,2024-05-23T13:15:00+05:30,48737.05,2024-06-05T09:15:00+05:30,48139.0,golden_cross,death_cross,-1107.82,64.03,3.59,17.95,-1193.38,12.83
NSE:SBIN,LONG,130,2024-04-23T13:15:00+05:30,773.0,2024-06-05T09:15:00+05:30,768.65,golden_cross,death_cross,-565.5,285.88,20.04,60.12,-931.54,42.83
NSE:TATACONSUM,SHORT,95,2024-05-28T13:15:00+05:30,1090.35,2024-06-05T09:15:00+05:30,1144.05,death_cross,golden_cross,-5101.5,299.39,21.23,63.68,-5485.8,7.83
NSE:LT,LONG,30,2024-05-22T09:15:00+05:30,3466.75,2024-06-05T09:15:00+05:30,3329.15,golden_cross,death_cross,-4128.0,289.99,20.39,61.16,-4499.54,14.0
NSE:BANKNIFTY,SHORT,1.8238511425004882,2024-06-05T13:15:00+05:30,48847.1,2024-06-06T09:15:00+05:30,49040.95,death_cross,golden_cross,-353.55,63.98,3.57,17.85,-438.96,0.83
NSE:HCLTECH,SHORT,80,2024-05-31T09:15:00+05:30,1331.9,2024-06-06T09:15:00+05:30,1390.0,death_cross,golden_cross,-4648.0,305.45,21.78,65.33,-5040.55,6.0
NSE:SENSEX,SHORT,1.3306059591465662,2024-06-05T09:15:00+05:30,73609.68,2024-06-06T13:15:00+05:30,75167.25,death_cross,golden_cross,-2072.51,65.72,3.96,19.8,-2161.99,1.17
NSE:INFY,SHORT,65,2024-05-31T13:15:00+05:30,1407.0,2024-06-06T13:15:00+05:30,1473.0,death_cross,golden_cross,-4290.0,271.47,18.72,56.16,-4636.35,6.0
NSE:WIPRO,SHORT,1085,2024-05-28T09:15:00+05:30,113.65,2024-06-06T13:15:00+05:30,115.4,death_cross,golden_cross,-1898.75,339.43,24.85,74.56,-2337.59,9.17
NSE:TATASTEEL,SHORT,535,2024-06-04T09:15:00+05:30,157.45,2024-06-07T09:15:00+05:30,178.65,death_cross,golden_cross,-11342.0,263.79,17.98,53.94,-11677.72,3.0
NSE:NIFTY,SHORT,4.451887556246755,2024-06-05T09:15:00+05:30,22377.65,2024-06-07T09:15:00+05:30,23208.25,death_cross,golden_cross,-3697.74,66.1,4.06,20.29,-3788.19,2.0
NSE:ITC,SHORT,205,2024-05-28T13:15:00+05:30,428.8,2024-06-07T09:15:00+05:30,437.8,death_cross,golden_cross,-1845.0,260.68,17.77,53.3,-2176.74,9.83
NSE:TCS,SHORT,15,2024-05-16T13:15:00+05:30,3892.0,2024-06-07T09:15:00+05:30,3898.5,death_cross,golden_cross,-97.5,192.99,11.69,35.06,-337.24,21.83
NSE:BHARTIARTL,SHORT,75,2024-06-04T13:15:00+05:30,1291.95,2024-06-07T09:15:00+05:30,1399.7,death_cross,golden_cross,-8081.25,288.06,20.19,60.56,-8450.06,2.83
NSE:RELIANCE,SHORT,135,2024-06-05T09:15:00+05:30,706.5,2024-06-07T13:15:00+05:30,732.77,death_cross,golden_cross,-3547.12,279.31,19.43,58.29,-3904.16,2.17
NSE:ICICIBANK,SHORT,60,2024-06-04T13:15:00+05:30,1076.0,2024-06-11T09:15:00+05:30,1122.65,death_cross,golden_cross,-2799.0,209.93,13.19,39.58,-3061.7,6.83
NSE:SBIN,SHORT,130,2024-06-05T13:15:00+05:30,787.55,2024-06-11T09:15:00+05:30,837.15,death_cross,golden_cross,-6448.0,298.32,21.12,63.36,-6830.8,5.83
NSE:ADANIGREEN,SHORT,70,2024-06-05T09:15:00+05:30,1791.3,2024-06-11T09:15:00+05:30,1880.0,death_cross,golden_cross,-6209.0,349.17,25.7,77.1,-6660.97,6.0
NSE:ICICIBANK,SHORT,55,2024-06-11T13:15:00+05:30,1117.0,2024-06-12T09:15:00+05:30,1123.8,death_cross,golden_cross,-374.0,200.11,12.32,36.97,-623.41,0.83
NSE:ADANIGREEN,LONG,65,2024-06-11T13:15:00+05:30,1854.8,2024-06-12T09:15:00+05:30,1849.7,golden_cross,death_cross,-331.5,330.73,24.08,72.24,-758.55,0.83
NSE:LT,SHORT,30,2024-06-05T13:15:00+05:30,3399.95,2024-06-12T09:15:00+05:30,3633.65,death_cross,golden_cross,-7011.0,298.13,21.1,63.3,-7393.54,6.83
NSE:ICICIBANK,LONG,55,2024-06-12T13:15:00+05:30,1116.8,2024-06-13T13:15:00+05:30,1110.3,golden_cross,death_cross,-357.5,199.27,12.25,36.75,-605.77,1.0
NSE:ITC,LONG,195,2024-06-07T13:15:00+05:30,438.5,2024-06-18T09:15:00+05:30,429.55,golden_cross,death_cross,-1745.25,251.36,16.93,50.78,-2064.32,10.83
NSE:ICICIBANK,SHORT,55,2024-06-14T09:15:00+05:30,1106.7,2024-06-19T09:15:00+05:30,1142.55,death_cross,golden_cross,-1971.75,200.75,12.37,37.11,-2221.98,5.0
NSE:HINDUNILVR,LONG,35,2024-05-07T13:15:00+05:30,2373.55,2024-06-19T13:15:00+05:30,2456.0,golden_cross,death_cross,2885.75,250.75,16.9,50.71,2567.39,43.0
NSE:TCS,LONG,15,2024-06-07T13:15:00+05:30,3888.55,2024-06-19T13:15:00+05:30,3801.0,golden_cross,death_cross,-1313.25,191.4,11.53,34.6,-1550.79,12.0
NSE:TATACONSUM,LONG,85,2024-06-05T13:15:00+05:30,1139.05,2024-06-20T09:15:00+05:30,1098.65,golden_cross,death_cross,-3434.0,274.75,19.02,57.06,-3784.83,14.83
NSE:LT,LONG,25,2024-06-12T13:15:00+05:30,3630.0,2024-06-21T09:15:00+05:30,3530.0,golden_cross,death_cross,-2500.0,262.23,17.9,53.7,-2833.83,8.83
NSE:RELIANCE,LONG,120,2024-06-10T09:15:00+05:30,740.35,2024-06-24T09:15:00+05:30,722.65,golden_cross,death_cross,-2124.0,258.38,17.56,52.67,-2452.6,14.0
NSE:TATASTEEL,LONG,405,2024-06-07T13:15:00+05:30,178.85,2024-06-25T13:15:00+05:30,175.86,golden_cross,death_cross,-1210.95,222.86,14.37,43.1,-1491.27,18.0
NSE:TCS,SHORT,15,2024-06-20T09:15:00+05:30,3791.35,2024-06-25T13:15:00+05:30,3840.0,death_cross,golden_cross,-729.75,190.39,11.45,34.34,-965.93,5.17
NSE:RELIANCE,SHORT,120,2024-06-24T13:15:00+05:30,721.25,2024-06-26T09:15:00+05:30,745.17,death_cross,golden_cross,-2871.0,258.89,17.6,52.79,-3200.28,1.83
NSE:HINDUNILVR,SHORT,35,2024-06-20T09:15:00+05:30,2482.85,2024-07-01T09:15:00+05:30,2505.0,death_cross,golden_cross,-775.25,257.18,17.46,52.37,-1102.26,11.0
NSE:SBIN,LONG,110,2024-06-11T13:15:00+05:30,835.5,2024-07-02T13:15:00+05:30,827.6,golden_cross,death_cross,-869.0,266.48,18.29,54.88,-1208.66,21.0
NSE:ITC,SHORT,195,2024-06-18T13:15:00+05:30,429.0,2024-07-03T09:15:00+05:30,428.0,death_cross,golden_cross,195.0,248.82,16.71,50.13,-120.66,14.83
NSE:TATACONSUM,SHORT,85,2024-06-20T13:15:00+05:30,1103.05,2024-07-03T09:15:00+05:30,1144.1,death_cross,golden_cross,-3489.25,275.64,19.1,57.3,-3841.3,12.83
NSE:LT,SHORT,25,2024-06-21T13:15:00+05:30,3524.0,2024-07-03T09:15:00+05:30,3622.05,death_cross,golden_cross,-2451.25,261.84,17.87,53.6,-2784.55,11.83
NSE:SBIN,SHORT,110,2024-07-03T09:15:00+05:30,836.1,2024-07-05T09:15:00+05:30,850.45,death_cross,golden_cross,-1578.5,269.4,18.55,55.66,-1922.11,2.0
NSE:BHARTIARTL,LONG,60,2024-06-07T13:15:00+05:30,1419.55,2024-07-05T09:15:00+05:30,1421.3,golden_cross,death_cross,105.0,252.53,17.05,51.14,-215.71,27.83
NSE:BHARTIARTL,SHORT,60,2024-07-05T13:15:00+05:30,1429.25,2024-07-08T09:15:00+05:30,1435.4,death_cross,golden_cross,-369.0,254.15,17.19,51.56,-691.91,2.83
NSE:HDFCBANK,LONG,305,2024-05-24T13:15:00+05:30,379.12,2024-07-08T13:15:00+05:30,409.09,golden_cross,death_cross,9139.32,329.59,24.04,72.12,8713.57,45.0
NSE:TCS,LONG,15,2024-06-26T09:15:00+05:30,3863.0,2024-07-11T13:15:00+05:30,3902.0,golden_cross,death_cross,585.0,192.52,11.65,34.94,345.89,15.17
NSE:BANKNIFTY,LONG,1.79709257689423,2024-06-06T13:15:00+05:30,49330.9,2024-07-22T09:15:00+05:30,52241.9,golden_cross,death_cross,5231.34,64.65,3.65,18.25,5144.78,45.83
NSE:RELIANCE,LONG,110,2024-06-26T13:15:00+05:30,755.27,2024-07-22T09:15:00+05:30,751.58,golden_cross,death_cross,-407.0,247.35,16.58,49.73,-720.65,25.83
NSE:WIPRO,LONG,1005,2024-06-07T09:15:00+05:30,120.7,2024-07-22T13:15:00+05:30,126.34,golden_cross,death_cross,5668.2,338.59,24.83,74.48,5230.3,45.17
NSE:LT,LONG,25,2024-07-03T13:15:00+05:30,3615.0,2024-07-23T09:15:00+05:30,3521.7,golden_cross,death_cross,-2332.5,261.57,17.84,53.53,-2665.43,19.83
NSE:ICICIBANK,LONG,50,2024-06-19T13:15:00+05:30,1144.4,2024-07-24T09:15:00+05:30,1215.6,golden_cross,death_cross,3560.0,193.99,11.8,35.4,3318.81,34.83
NSE:SBIN,LONG,105,2024-07-05T13:15:00+05:30,859.6,2024-07-24T13:15:00+05:30,853.95,golden_cross,death_cross,-593.25,263.11,17.99,53.98,-928.33,19.0
NSE:SENSEX,LONG,1.2525761511301337,2024-06-07T09:15:00+05:30,76474.36,2024-07-25T13:15:00+05:30,80083.9,golden_cross,death_cross,4521.22,65.89,3.92,19.61,4431.8,48.17
NSE:ADANIGREEN,SHORT,65,2024-06-12T13:15:00+05:30,1826.5,2024-07-25T13:15:00+05:30,1849.0,death_cross,golden_cross,-1462.5,328.72,23.89,71.67,-1886.78,43.0
NSE:LT,SHORT,25,2024-07-23T13:15:00+05:30,3542.0,2024-07-26T13:15:00+05:30,3699.0,death_cross,golden_cross,-3925.0,264.58,18.1,54.31,-4261.99,3.0
NSE:SBIN,SHORT,105,2024-07-25T09:15:00+05:30,845.1,2024-07-30T09:15:00+05:30,875.6,death_cross,golden_cross,-3202.5,264.14,18.07,54.2,-3538.91,5.0
NSE:HDFCBANK,SHORT,305,2024-07-09T09:15:00+05:30,410.01,2024-08-01T13:15:00+05:30,411.92,death_cross,golden_cross,-579.5,341.75,25.07,75.21,-1021.52,23.17
NSE:SBIN,LONG,100,2024-07-30T13:15:00+05:30,871.65,2024-08-02T09:15:00+05:30,849.2,golden_cross,death_cross,-2245.0,254.52,17.21,51.63,-2568.36,2.83
NSE:SENSEX,LONG,1.234346332951031,2024-07-26T09:15:00+05:30,81183.46,2024-08-05T09:15:00+05:30,78656.34,golden_cross,death_cross,-3119.34,65.6,3.95,19.73,-3208.62,10.0
NSE:NIFTY,LONG,4.1188531843755225,2024-06-07T13:15:00+05:30,23270.05,2024-08-05T13:15:00+05:30,24051.8,golden_cross,death_cross,3219.91,65.71,3.9,19.49,3130.81,59.0
NSE:INFY,LONG,55,2024-06-07T09:15:00+05:30,1534.7,2024-08-05T13:15:00+05:30,1751.45,golden_cross,death_cross,11921.25,263.08,18.07,54.22,11585.88,59.17
NSE:TCS,LONG,15,2024-07-12T09:15:00+05:30,4165.0,2024-08-05T13:15:00+05:30,4160.0,golden_cross,death_cross,-75.0,201.9,12.49,37.46,-326.85,24.17
NSE:HCLTECH,LONG,75,2024-06-06T13:15:00+05:30,1396.0,2024-08-05T13:15:00+05:30,1557.95,golden_cross,death_cross,12146.25,308.41,22.15,66.46,11749.22,60.0
NSE:LT,LONG,20,2024-07-29T09:15:00+05:30,3766.25,2024-08-05T13:15:00+05:30,3530.0,golden_cross,death_cross,-4725.0,225.64,14.59,43.78,-5009.01,7.17
NSE:BHARTIARTL,LONG,60,2024-07-08T13:15:00+05:30,1434.55,2024-08-06T09:15:00+05:30,1436.4,golden_cross,death_cross,111.0,254.54,17.23,51.68,-212.44,28.83
NSE:HDFCBANK,LONG,300,2024-08-02T09:15:00+05:30,415.74,2024-08-06T13:15:00+05:30,400.68,golden_cross,death_cross,-4519.5,335.64,24.49,73.48,-4953.11,4.17
NSE:ADANIGREEN,LONG,65,2024-07-26T09:15:00+05:30,1836.15,2024-08-06T13:15:00+05:30,1750.0,golden_cross,death_cross,-5599.75,322.58,23.31,69.93,-6015.57,11.17
NSE:TATACONSUM,LONG,75,2024-07-03T13:15:00+05:30,1144.25,2024-08-07T09:15:00+05:30,1194.0,golden_cross,death_cross,3731.25,257.72,17.54,52.61,3403.38,34.83
NSE:HDFCBANK,SHORT,295,2024-08-07T09:15:00+05:30,405.84,2024-08-08T09:15:00+05:30,411.3,death_cross,golden_cross,-1610.7,331.12,24.11,72.32,-2038.24,1.0
NSE:TATACONSUM,LONG,75,2024-08-07T13:15:00+05:30,1200.0,2024-08-08T09:15:00+05:30,1180.3,golden_cross,death_cross,-1477.5,261.62,17.85,53.56,-1810.53,0.83
NSE:HDFCBANK,LONG,285,2024-08-08T13:15:00+05:30,410.05,2024-08-14T09:15:00+05:30,402.42,golden_cross,death_cross,-2175.97,320.6,23.16,69.47,-2589.2,5.83
NSE:INFY,SHORT,55,2024-08-06T09:15:00+05:30,1752.05,2024-08-14T09:15:00+05:30,1821.1,death_cross,golden_cross,-3797.75,281.8,19.65,58.96,-4158.16,8.0
NSE:HCLTECH,SHORT,70,2024-08-06T09:15:00+05:30,1587.45,2024-08-14T09:15:00+05:30,1623.05,death_cross,golden_cross,-2492.0,313.05,22.47,67.42,-2894.94,8.0
NSE:ADANIGREEN,SHORT,65,2024-08-07T09:15:00+05:30,1780.0,2024-08-14T13:15:00+05:30,1800.0,death_cross,golden_cross,-1300.0,321.81,23.27,69.81,-1714.89,7.17
NSE:BHARTIARTL,SHORT,60,2024-08-06T13:15:00+05:30,1445.55,2024-08-14T13:15:00+05:30,1473.25,death_cross,golden_cross,-1662.0,257.86,17.51,52.54,-1989.91,8.0
NSE:TCS,SHORT,15,2024-08-06T09:15:00+05:30,4181.2,2024-08-16T09:15:00+05:30,4400.45,death_cross,golden_cross,-3288.75,206.42,12.87,38.62,-3546.66,10.0
NSE:WIPRO,SHORT,1020,2024-07-23T09:15:00+05:30,123.99,2024-08-16T13:15:00+05:30,129.03,death_cross,golden_cross,-5135.7,350.3,25.81,77.42,-5589.23,24.17
NSE:SENSEX,SHORT,1.2314645940609843,2024-08-05T13:15:00+05:30,78775.7,2024-08-19T09:15:00+05:30,80510.4,death_cross,golden_cross,-2136.22,65.54,3.92,19.62,-2225.31,13.83
NSE:NIFTY,SHORT,4.095755158041674,2024-08-06T09:15:00+05:30,24163.4,2024-08-19T09:15:00+05:30,24590.45,death_cross,golden_cross,-1749.09,65.9,3.99,19.97,-1838.95,13.0
NSE:HDFCBANK,SHORT,285,2024-08-14T13:15:00+05:30,401.95,2024-08-20T09:15:00+05:30,411.37,death_cross,golden_cross,-2683.28,320.91,23.18,69.54,-3096.9,5.83
NSE:RELIANCE,SHORT,110,2024-07-22T13:15:00+05:30,751.0,2024-08-20T09:15:00+05:30,751.29,death_cross,golden_cross,-31.9,246.76,16.53,49.58,-344.77,28.83
NSE:BHARTIARTL,LONG,55,2024-08-16T09:15:00+05:30,1487.3,2024-08-20T13:15:00+05:30,1449.0,golden_cross,death_cross,-2106.5,242.75,16.15,48.45,-2413.85,4.17
NSE:BANKNIFTY,SHORT,1.792166961520393,2024-07-22T13:15:00+05:30,52328.6,2024-08-21T13:15:00+05:30,50737.7,death_cross,golden_cross,2851.16,64.73,3.69,18.47,2764.26,30.0
NSE:HDFCBANK,LONG,275,2024-08-20T13:15:00+05:30,408.5,2024-08-21T13:15:00+05:30,407.0,golden_cross,death_cross,-412.5,312.37,22.43,67.28,-814.57,1.0
NSE:BHARTIARTL,SHORT,55,2024-08-21T09:15:00+05:30,1455.75,2024-08-22T09:15:00+05:30,1486.8,death_cross,golden_cross,-1707.75,243.1,16.18,48.55,-2015.59,1.0
NSE:ICICIBANK,SHORT,50,2024-07-24T13:15:00+05:30,1226.6,2024-08-22T13:15:00+05:30,1190.85,death_cross,golden_cross,1787.5,197.31,12.09,36.26,1541.84,29.0
NSE:TATACONSUM,SHORT,75,2024-08-08T13:15:00+05:30,1176.05,2024-08-22T13:15:00+05:30,1206.0,death_cross,golden_cross,-2246.25,261.82,17.87,53.6,-2579.53,14.0
NSE:TATASTEEL,SHORT,410,2024-06-26T09:15:00+05:30,172.71,2024-08-23T09:15:00+05:30,154.1,death_cross,golden_cross,7630.1,211.45,13.4,40.2,7365.05,58.0
NSE:HDFCBANK,LONG,270,2024-08-22T09:15:00+05:30,408.7,2024-08-23T09:15:00+05:30,406.96,golden_cross,death_cross,-468.45,307.89,22.02,66.07,-864.43,1.0
NSE:HDFCBANK,SHORT,270,2024-08-23T13:15:00+05:30,406.3,2024-08-26T09:15:00+05:30,411.88,death_cross,golden_cross,-1505.25,308.72,22.09,66.27,-1902.33,2.83
NSE:LT,SHORT,20,2024-08-06T09:15:00+05:30,3603.05,2024-08-26T09:15:00+05:30,3636.3,death_cross,golden_cross,-665.0,224.07,14.48,43.44,-946.99,20.0
NSE:ADANIGREEN,LONG,60,2024-08-16T09:15:00+05:30,1798.05,2024-08-29T13:15:00+05:30,1833.0,golden_cross,death_cross,2097.0,305.07,21.79,65.36,1704.79,13.17
NSE:TATASTEEL,LONG,510,2024-08-23T13:15:00+05:30,154.3,2024-09-02T09:15:00+05:30,152.3,golden_cross,death_cross,-1020.0,236.96,15.64,46.91,-1319.51,9.83
NSE:HDFCBANK,LONG,265,2024-08-26T13:15:00+05:30,410.0,2024-09-02T13:15:00+05:30,406.5,golden_cross,death_cross,-927.5,303.64,21.64,64.91,-1317.69,7.0
NSE:ADANIGREEN,SHORT,60,2024-08-30T09:15:00+05:30,1825.9,2024-09-02T13:15:00+05:30,1935.0,death_cross,golden_cross,-6546.0,314.37,22.57,67.7,-6950.64,3.17
NSE:SBIN,SHORT,100,2024-08-02T13:15:00+05:30,847.75,2024-09-03T09:15:00+05:30,821.85,death_cross,golden_cross,2590.0,248.47,16.7,50.09,2274.75,31.83
NSE:HDFCBANK,SHORT,260,2024-09-03T09:15:00+05:30,407.62,2024-09-03T13:15:00+05:30,409.5,death_cross,golden_cross,-490.1,84.59,21.24,63.73,-659.67,0.17
NSE:TATACONSUM,LONG,70,2024-08-23T09:15:00+05:30,1204.2,2024-09-04T13:15:00+05:30,1193.45,golden_cross,death_cross,-752.5,249.69,16.78,50.35,-1069.32,12.17
NSE:RELIANCE,LONG,110,2024-08-20T13:15:00+05:30,746.62,2024-09-06T09:15:00+05:30,733.02,golden_cross,death_cross,-1496.0,244.11,16.28,48.83,-1805.21,16.83
NSE:SBIN,LONG,105,2024-09-03T13:15:00+05:30,823.4,2024-09-06T09:15:00+05:30,787.85,golden_cross,death_cross,-3732.75,251.41,16.92,50.75,-4051.83,2.83
NSE:LT,LONG,20,2024-08-26T13:15:00+05:30,3638.0,2024-09-06T09:15:00+05:30,3551.9,golden_cross,death_cross,-1722.0,223.05,14.38,43.14,-2002.57,10.83
NSE:TCS,LONG,15,2024-08-16T13:15:00+05:30,4414.2,2024-09-06T13:15:00+05:30,4460.5,golden_cross,death_cross,694.5,211.0,13.31,39.94,430.25,21.0
NSE:WIPRO,LONG,925,2024-08-19T09:15:00+05:30,130.15,2024-09-06T13:15:00+05:30,130.38,golden_cross,death_cross,208.12,330.9,24.1,72.3,-219.17,18.17
NSE:BANKNIFTY,LONG,1.892161037169381,2024-08-22T09:15:00+05:30,51019.75,2024-09-09T09:15:00+05:30,50679.4,golden_cross,death_cross,-644.0,65.27,3.85,19.24,-732.36,18.0
NSE:SENSEX,LONG,1.1783418262590235,2024-08-19T13:15:00+05:30,80444.26,2024-09-09T13:15:00+05:30,81542.21,golden_cross,death_cross,1293.76,65.23,3.82,19.09,1205.63,21.0
NSE:NIFTY,LONG,3.9519068723697237,2024-08-19T13:15:00+05:30,24579.0,2024-09-09T13:15:00+05:30,24942.25,golden_cross,death_cross,1435.53,65.69,3.91,19.57,1346.36,21.0
NSE:TCS,SHORT,15,2024-09-09T09:15:00+05:30,4473.75,2024-09-10T09:15:00+05:30,4531.2,death_cross,golden_cross,-861.75,213.29,13.51,40.52,-1129.07,1.0
NSE:BANKNIFTY,SHORT,1.8739267959870676,2024-09-09T13:15:00+05:30,51126.55,2024-09-10T13:15:00+05:30,51277.65,death_cross,golden_cross,-283.15,65.24,3.84,19.19,-371.42,1.0
NSE:ADANIGREEN,LONG,55,2024-09-03T09:15:00+05:30,1911.9,2024-09-10T13:15:00+05:30,1847.95,golden_cross,death_cross,-3517.25,293.19,20.68,62.04,-3893.15,7.17
NSE:TATACONSUM,SHORT,70,2024-09-05T09:15:00+05:30,1190.55,2024-09-11T09:15:00+05:30,1207.4,death_cross,golden_cross,-1179.5,249.74,16.79,50.36,-1496.39,6.0
NSE:NIFTY,LONG,3.92358315195142,2024-09-10T09:15:00+05:30,25098.55,2024-09-11T13:15:00+05:30,24951.8,golden_cross,death_cross,-575.79,65.65,3.93,19.64,-665.0,1.17
NSE:BANKNIFTY,LONG,1.8667075450841295,2024-09-11T09:15:00+05:30,51125.9,2024-09-11T13:15:00+05:30,51094.5,golden_cross,death_cross,-58.61,65.15,3.82,19.08,-146.66,0.17
NSE:NIFTY,SHORT,3.9131008436511854,2024-09-12T09:15:00+05:30,24996.35,2024-09-12T13:15:00+05:30,25314.95,death_cross,golden_cross,-1246.71,65.66,3.94,19.69,-1336.0,0.17
NSE:WIPRO,SHORT,930,2024-09-09T09:15:00+05:30,129.56,2024-09-13T09:15:00+05:30,136.99,death_cross,golden_cross,-6905.25,339.12,24.79,74.37,-7343.53,4.0
NSE:TATASTEEL,SHORT,505,2024-09-02T13:15:00+05:30,152.7,2024-09-16T09:15:00+05:30,154.39,death_cross,golden_cross,-853.45,235.52,15.51,46.52,-1151.01,13.83
NSE:LT,SHORT,20,2024-09-06T13:15:00+05:30,3572.9,2024-09-16T13:15:00+05:30,3657.85,death_cross,golden_cross,-1699.0,223.96,14.46,43.38,-1980.8,10.0
NSE:ADANIGREEN,SHORT,55,2024-09-11T09:15:00+05:30,1858.15,2024-09-17T09:15:00+05:30,1960.0,death_cross,golden_cross,-5601.75,296.91,21.0,63.0,-5982.65,6.0
NSE:TCS,LONG,15,2024-09-10T13:15:00+05:30,4510.0,2024-09-18T09:15:00+05:30,4343.05,golden_cross,death_cross,-2504.25,210.88,13.28,39.84,-2768.25,7.83
NSE:TATASTEEL,LONG,495,2024-09-16T13:15:00+05:30,154.15,2024-09-18T13:15:00+05:30,150.55,golden_cross,death_cross,-1782.0,230.87,15.08,45.25,-2073.2,2.0
NSE:INFY,LONG,50,2024-08-14T13:15:00+05:30,1820.0,2024-09-18T13:15:00+05:30,1892.35,golden_cross,death_cross,3617.5,269.12,18.56,55.69,3274.13,35.0
NSE:ITC,LONG,195,2024-07-03T13:15:00+05:30,428.5,2024-09-18T13:15:00+05:30,506.75,golden_cross,death_cross,15258.75,264.64,18.24,54.71,14921.16,77.0
NSE:ITC,LONG,195,2024-09-19T09:15:00+05:30,509.9,2024-09-19T13:15:00+05:30,508.6,golden_cross,death_cross,-253.5,82.17,19.86,59.58,-415.11,0.17
NSE:HCLTECH,LONG,70,2024-08-14T13:15:00+05:30,1623.9,2024-09-19T13:15:00+05:30,1741.85,golden_cross,death_cross,8256.5,324.32,23.56,70.68,7837.94,36.0
NSE:TATASTEEL,SHORT,500,2024-09-19T09:15:00+05:30,148.58,2024-09-23T09:15:00+05:30,153.01,death_cross,golden_cross,-2215.0,230.86,15.08,45.24,-2506.18,4.0
NSE:RELIANCE,SHORT,110,2024-09-06T13:15:00+05:30,732.74,2024-09-23T09:15:00+05:30,748.33,death_cross,golden_cross,-1714.35,244.3,16.29,48.88,-2023.81,16.83
NSE:SBIN,SHORT,105,2024-09-06T13:15:00+05:30,783.9,2024-09-23T13:15:00+05:30,800.6,death_cross,golden_cross,-1753.5,248.14,16.64,49.91,-2068.19,17.0
NSE:TATACONSUM,LONG,70,2024-09-11T13:15:00+05:30,1203.35,2024-09-25T09:15:00+05:30,1184.75,golden_cross,death_cross,-1302.0,248.99,16.72,50.15,-1617.85,13.83
NSE:HCLTECH,SHORT,65,2024-09-20T09:15:00+05:30,1761.5,2024-09-26T09:15:00+05:30,1795.6,death_cross,golden_cross,-2216.5,320.22,23.12,69.36,-2629.21,6.0
NSE:ADANIGREEN,LONG,50,2024-09-17T13:15:00+05:30,1945.0,2024-10-01T09:15:00+05:30,1893.15,golden_cross,death_cross,-2592.5,276.58,19.19,57.57,-2945.84,13.83
NSE:LT,LONG,20,2024-09-17T09:15:00+05:30,3682.1,2024-10-01T09:15:00+05:30,3664.9,golden_cross,death_cross,-344.0,226.44,14.69,44.08,-629.22,14.0
NSE:RELIANCE,LONG,105,2024-09-23T13:15:00+05:30,746.25,2024-10-01T13:15:00+05:30,731.75,golden_cross,death_cross,-1522.5,235.7,15.52,46.56,-1820.27,8.0
NSE:ICICIBANK,LONG,55,2024-08-23T09:15:00+05:30,1203.0,2024-10-01T13:15:00+05:30,1277.0,golden_cross,death_cross,4070.0,214.4,13.64,40.92,3801.04,39.17
NSE:BANKNIFTY,LONG,1.861589905861312,2024-09-12T09:15:00+05:30,51187.9,2024-10-03T09:15:00+05:30,51972.1,golden_cross,death_cross,1459.86,72.6,3.84,19.2,1364.21,21.0
NSE:SBIN,LONG,100,2024-09-24T09:15:00+05:30,802.75,2024-10-03T09:15:00+05:30,788.05,golden_cross,death_cross,-1470.0,240.01,15.91,47.72,-1773.65,9.0
NSE:SENSEX,LONG,1.1692796820325628,2024-09-10T09:15:00+05:30,82095.72,2024-10-03T13:15:00+05:30,82549.34,golden_cross,death_cross,530.41,72.58,3.85,19.25,434.73,23.17
NSE:NIFTY,LONG,3.800695935756597,2024-09-13T09:15:00+05:30,25385.15,2024-10-03T13:15:00+05:30,25266.0,golden_cross,death_cross,-452.85,72.49,3.85,19.25,-548.45,20.17
NSE:HDFCBANK,LONG,260,2024-09-04T09:15:00+05:30,410.1,2024-10-03T13:15:00+05:30,420.25,golden_cross,death_cross,2639.0,302.84,21.59,64.77,2249.81,29.17
NSE:HINDUNILVR,LONG,35,2024-07-01T13:15:00+05:30,2508.0,2024-10-03T13:15:00+05:30,2904.35,golden_cross,death_cross,13872.25,272.59,18.94,56.83,13523.89,94.0
NSE:ITC,LONG,190,2024-09-20T09:15:00+05:30,516.75,2024-10-04T09:15:00+05:30,504.15,golden_cross,death_cross,-2394.0,278.86,19.4,58.19,-2750.44,14.0
NSE:SBIN,SHORT,100,2024-10-03T13:15:00+05:30,793.0,2024-10-04T09:15:00+05:30,797.5,death_cross,golden_cross,-450.0,239.9,15.91,47.71,-753.52,0.83
NSE:WIPRO,LONG,820,2024-09-13T13:15:00+05:30,137.53,2024-10-04T09:15:00+05:30,134.18,golden_cross,death_cross,-2747.0,310.91,22.28,66.84,-3147.03,20.83
NSE:BHARTIARTL,LONG,55,2024-08-22T13:15:00+05:30,1486.9,2024-10-04T09:15:00+05:30,1646.35,golden_cross,death_cross,8769.75,253.97,17.23,51.7,8446.85,42.83
NSE:INFY,SHORT,50,2024-09-19T09:15:00+05:30,1880.75,2024-10-04T13:15:00+05:30,1922.0,death_cross,golden_cross,-2062.5,274.57,19.01,57.04,-2413.13,15.17
NSE:SBIN,LONG,95,2024-10-04T13:15:00+05:30,797.25,2024-10-07T09:15:00+05:30,781.6,golden_cross,death_cross,-1486.75,229.92,15.0,45.0,-1776.66,2.83
NSE:HCLTECH,LONG,65,2024-09-26T13:15:00+05:30,1782.0,2024-10-07T13:15:00+05:30,1773.65,golden_cross,death_cross,-542.75,319.99,23.11,69.34,-955.19,11.0
NSE:HCLTECH,SHORT,65,2024-10-08T09:15:00+05:30,1768.35,2024-10-09T09:15:00+05:30,1811.75,death_cross,golden_cross,-2821.0,321.93,23.27,69.81,-3236.01,1.0
NSE:TATASTEEL,LONG,465,2024-09-23T13:15:00+05:30,153.85,2024-10-09T13:15:00+05:30,158.3,golden_cross,death_cross,2069.25,224.27,14.51,43.54,1786.92,16.0
NSE:SBIN,SHORT,100,2024-10-07T13:15:00+05:30,774.0,2024-10-10T13:15:00+05:30,797.0,death_cross,golden_cross,-2300.0,237.88,15.71,47.13,-2600.72,3.0
NSE:WIPRO,SHORT,825,2024-10-04T13:15:00+05:30,133.4,2024-10-14T13:15:00+05:30,137.68,death_cross,golden_cross,-3526.88,311.91,22.36,67.09,-3928.24,10.0
NSE:BHARTIARTL,SHORT,55,2024-10-04T13:15:00+05:30,1644.0,2024-10-15T09:15:00+05:30,1723.15,death_cross,golden_cross,-4353.25,269.25,18.52,55.56,-4696.58,10.83
NSE:HDFCBANK,SHORT,260,2024-10-04T09:15:00+05:30,415.96,2024-10-16T13:15:00+05:30,425.12,death_cross,golden_cross,-2379.0,306.31,21.87,65.6,-2772.78,12.17
NSE:WIPRO,LONG,795,2024-10-15T09:15:00+05:30,133.38,2024-10-16T13:15:00+05:30,133.12,golden_cross,death_cross,-198.75,298.58,21.19,63.56,-582.07,1.17
NSE:HDFCBANK,LONG,255,2024-10-17T09:15:00+05:30,416.84,2024-10-17T13:15:00+05:30,418.18,golden_cross,death_cross,340.43,84.76,21.29,63.88,170.49,0.17
NSE:WIPRO,SHORT,795,2024-10-17T09:15:00+05:30,133.03,2024-10-18T09:15:00+05:30,137.55,death_cross,golden_cross,-3597.38,302.43,21.51,64.53,-3985.85,1.0
NSE:INFY,LONG,50,2024-10-07T09:15:00+05:30,1932.9,2024-10-18T13:15:00+05:30,1885.0,golden_cross,death_cross,-2395.0,275.44,19.09,57.27,-2746.8,11.17
NSE:LT,SHORT,20,2024-10-01T13:15:00+05:30,3647.0,2024-10-18T13:15:00+05:30,3579.25,death_cross,golden_cross,1355.0,223.63,14.45,43.36,1073.56,17.0
NSE:HDFCBANK,SHORT,250,2024-10-18T09:15:00+05:30,418.19,2024-10-21T09:15:00+05:30,433.73,death_cross,golden_cross,-3883.75,300.09,21.3,63.89,-4269.03,3.0
NSE:ICICIBANK,SHORT,55,2024-10-03T09:15:00+05:30,1251.7,2024-10-21T13:15:00+05:30,1257.55,death_cross,golden_cross,-321.75,216.51,13.8,41.4,-593.47,18.17
NSE:LT,LONG,20,2024-10-21T09:15:00+05:30,3590.0,2024-10-22T13:15:00+05:30,3504.0,golden_cross,death_cross,-1720.0,220.92,14.19,42.56,-1997.67,1.17
NSE:SBIN,LONG,90,2024-10-11T09:15:00+05:30,797.0,2024-10-23T09:15:00+05:30,783.85,golden_cross,death_cross,-1183.5,221.32,14.23,42.68,-1461.73,12.0
NSE:BHARTIARTL,LONG,50,2024-10-15T13:15:00+05:30,1718.0,2024-10-23T09:15:00+05:30,1688.95,golden_cross,death_cross,-1452.5,252.53,17.03,51.1,-1773.17,7.83
NSE:RELIANCE,SHORT,110,2024-10-03T09:15:00+05:30,710.47,2024-10-28T09:15:00+05:30,1339.95,death_cross,golden_cross,-69243.35,318.96,22.55,67.66,-69652.52,25.0
NSE:BANKNIFTY,SHORT,1.8636603227597361,2024-10-03T13:15:00+05:30,51860.85,2024-10-29T13:15:00+05:30,52284.85,death_cross,golden_cross,-790.19,72.67,3.88,19.41,-886.15,26.0
NSE:SBIN,SHORT,90,2024-10-23T13:15:00+05:30,785.2,2024-10-29T13:15:00+05:30,832.05,death_cross,golden_cross,-4216.5,225.19,14.56,43.67,-4499.91,6.0
NSE:HCLTECH,LONG,60,2024-10-09T13:15:00+05:30,1812.0,2024-10-31T09:15:00+05:30,1782.1,golden_cross,death_cross,-1794.0,302.9,21.56,64.69,-2183.15,21.83
NSE:LT,SHORT,20,2024-10-23T09:15:00+05:30,3476.1,2024-10-31T13:15:00+05:30,3620.75,death_cross,golden_cross,-2893.0,221.07,14.19,42.58,-3170.85,8.17
NSE:BANKNIFTY,LONG,1.8427618800467067,2024-10-30T09:15:00+05:30,51969.55,2024-11-04T09:15:00+05:30,51143.4,golden_cross,death_cross,-1522.4,72.07,3.8,19.0,-1617.27,5.0
NSE:WIPRO,LONG,740,2024-10-18T13:15:00+05:30,136.94,2024-11-05T13:15:00+05:30,136.0,golden_cross,death_cross,-695.6,287.62,20.2,60.59,-1064.01,18.0
NSE:BANKNIFTY,SHORT,1.8379899000265472,2024-11-04T13:15:00+05:30,51227.2,2024-11-06T09:15:00+05:30,52341.45,death_cross,golden_cross,-2047.98,72.07,3.81,19.04,-2142.89,1.83
NSE:TATASTEEL,SHORT,460,2024-10-10T09:15:00+05:30,159.59,2024-11-06T13:15:00+05:30,153.81,death_cross,golden_cross,2658.8,223.13,14.42,43.25,2378.01,27.17
NSE:TCS,SHORT,10,2024-09-18T13:15:00+05:30,4347.9,2024-11-07T09:15:00+05:30,4139.55,death_cross,golden_cross,2083.5,157.29,8.49,25.46,1892.26,49.83
NSE:TATASTEEL,LONG,500,2024-11-07T09:15:00+05:30,151.93,2024-11-08T13:15:00+05:30,147.3,golden_cross,death_cross,-2315.0,229.56,14.96,44.88,-2604.41,1.17
NSE:ICICIBANK,LONG,50,2024-10-22T09:15:00+05:30,1271.65,2024-11-08T13:15:00+05:30,1259.0,golden_cross,death_cross,-632.5,203.78,12.65,37.96,-886.9,17.17
NSE:HCLTECH,SHORT,60,2024-10-31T13:15:00+05:30,1772.5,2024-11-08T13:15:00+05:30,1838.0,death_cross,golden_cross,-3930.0,304.15,21.66,64.99,-4320.8,8.0
NSE:INFY,SHORT,50,2024-10-21T09:15:00+05:30,1845.0,2024-11-11T13:15:00+05:30,1859.05,death_cross,golden_cross,-702.5,268.98,18.52,55.56,-1045.57,21.17
NSE:BANKNIFTY,LONG,1.7565980189405053,2024-11-06T13:15:00+05:30,52384.55,2024-11-12T13:15:00+05:30,51120.6,golden_cross,death_cross,-2220.25,70.93,3.64,18.18,-2313.0,6.0
NSE:HDFCBANK,LONG,235,2024-10-21T13:15:00+05:30,431.25,2024-11-13T09:15:00+05:30,425.62,golden_cross,death_cross,-1321.88,286.99,20.14,60.41,-1689.41,22.83
NSE:SBIN,LONG,80,2024-10-30T09:15:00+05:30,828.6,2024-11-14T09:15:00+05:30,806.9,golden_cross,death_cross,-1736.0,208.65,13.08,39.25,-1996.99,15.0
NSE:LT,LONG,20,2024-11-04T09:15:00+05:30,3553.5,2024-11-18T09:15:00+05:30,3550.15,golden_cross,death_cross,-67.0,221.01,14.21,42.62,-344.84,14.0
NSE:TCS,LONG,15,2024-11-07T13:15:00+05:30,4146.0,2024-11-18T13:15:00+05:30,4017.15,golden_cross,death_cross,-1932.75,199.34,12.24,36.73,-2181.07,11.0
NSE:INFY,LONG,50,2024-11-12T09:15:00+05:30,1873.4,2024-11-21T09:15:00+05:30,1826.5,golden_cross,death_cross,-2345.0,268.88,18.5,55.5,-2687.88,9.0
NSE:HCLTECH,LONG,55,2024-11-11T09:15:00+05:30,1867.25,2024-11-21T09:15:00+05:30,1828.2,golden_cross,death_cross,-2147.75,289.15,20.32,60.97,-2518.2,10.0
NSE:HDFCBANK,SHORT,235,2024-11-13T13:15:00+05:30,422.04,2024-11-21T13:15:00+05:30,434.99,death_cross,golden_cross,-3043.25,287.16,20.14,60.42,-3410.97,8.0
NSE:WIPRO,LONG,715,2024-11-06T09:15:00+05:30,140.31,2024-11-21T13:15:00+05:30,139.25,golden_cross,death_cross,-761.47,285.31,19.99,59.97,-1126.74,15.17
NSE:INFY,SHORT,50,2024-11-21T13:15:00+05:30,1834.0,2024-11-22T09:15:00+05:30,1863.5,death_cross,golden_cross,-1475.0,268.68,18.49,55.46,-1817.63,0.83
NSE:HCLTECH,SHORT,55,2024-11-21T13:15:00+05:30,1833.3,2024-11-22T09:15:00+05:30,1873.6,death_cross,golden_cross,-2216.5,289.85,20.39,61.16,-2587.9,0.83
NSE:TCS,SHORT,15,2024-11-19T09:15:00+05:30,4097.1,2024-11-22T13:15:00+05:30,4221.95,death_cross,golden_cross,-1872.75,201.94,12.48,37.44,-2124.6,3.17
NSE:ICICIBANK,SHORT,50,2024-11-11T09:15:00+05:30,1271.0,2024-11-25T09:15:00+05:30,1301.0,death_cross,golden_cross,-1500.0,206.15,12.86,38.58,-1757.59,14.0
NSE:LT,SHORT,20,2024-11-18T13:15:00+05:30,3538.05,2024-11-25T09:15:00+05:30,3740.0,death_cross,golden_cross,-4039.0,225.18,14.56,43.67,-4322.41,6.83
NSE:SENSEX,SHORT,1.1757427243880736,2024-10-04T09:15:00+05:30,82013.08,2024-11-25T13:15:00+05:30,80171.54,death_cross,golden_cross,2165.18,72.49,3.81,19.07,2069.81,52.17
NSE:BANKNIFTY,SHORT,1.7701637556242893,2024-11-13T09:15:00+05:30,50680.35,2024-11-25T13:15:00+05:30,52199.4,death_cross,golden_cross,-2688.97,70.92,3.64,18.21,-2781.74,12.17
NSE:SBIN,SHORT,80,2024-11-14T13:15:00+05:30,805.95,2024-11-25T13:15:00+05:30,845.45,death_cross,golden_cross,-3160.0,210.17,13.21,39.63,-3423.02,11.0
NSE:NIFTY,SHORT,3.819897366542782,2024-10-04T09:15:00+05:30,25114.4,2024-11-26T09:15:00+05:30,24161.35,death_cross,golden_cross,3640.55,72.3,3.76,18.82,3545.67,53.0
NSE:ITC,SHORT,190,2024-10-04T13:15:00+05:30,504.75,2024-11-26T13:15:00+05:30,477.0,death_cross,golden_cross,5272.5,270.01,18.65,55.96,4927.87,53.0
NSE:HINDUNILVR,SHORT,35,2024-10-04T09:15:00+05:30,2852.0,2024-11-27T09:15:00+05:30,2482.4,death_cross,golden_cross,12936.0,269.63,18.67,56.01,12591.69,54.0
NSE:BHARTIARTL,SHORT,50,2024-10-23T13:15:00+05:30,1685.05,2024-11-27T09:15:00+05:30,1577.35,death_cross,golden_cross,5385.0,243.99,16.31,48.94,5075.76,34.83
NSE:TATASTEEL,SHORT,500,2024-11-11T09:15:00+05:30,145.52,2024-11-29T09:15:00+05:30,144.76,death_cross,golden_cross,380.0,224.38,14.51,43.54,97.56,18.0
NSE:ADANIGREEN,SHORT,50,2024-10-01T13:15:00+05:30,1888.85,2024-12-03T13:15:00+05:30,1312.0,death_cross,golden_cross,28842.5,238.81,16.0,48.01,28539.67,63.0
NSE:ITC,LONG,210,2024-11-27T09:15:00+05:30,476.5,2024-12-04T09:15:00+05:30,471.9,golden_cross,death_cross,-966.0,284.52,19.92,59.75,-1330.18,7.0
NSE:TATACONSUM,SHORT,70,2024-09-25T13:15:00+05:30,1189.0,2024-12-04T13:15:00+05:30,960.2,death_cross,golden_cross,16016.0,229.11,15.04,45.13,15726.72,70.0
NSE:ADANIGREEN,LONG,95,2024-12-04T09:15:00+05:30,1267.5,2024-12-06T09:15:00+05:30,1218.7,golden_cross,death_cross,-4636.0,325.94,23.62,70.86,-5056.41,2.0
NSE:HINDUNILVR,LONG,45,2024-11-27T13:15:00+05:30,2486.65,2024-12-09T09:15:00+05:30,2403.15,golden_cross,death_cross,-3757.5,307.93,22.0,66.01,-4153.44,11.83
NSE:TATACONSUM,LONG,105,2024-12-05T09:15:00+05:30,962.85,2024-12-09T13:15:00+05:30,934.2,golden_cross,death_cross,-3008.25,284.7,19.92,59.76,-3372.63,4.17
NSE:BHARTIARTL,LONG,55,2024-11-27T13:15:00+05:30,1577.0,2024-12-10T13:15:00+05:30,1580.05,golden_cross,death_cross,167.75,256.07,17.36,52.09,-157.77,13.0
NSE:RELIANCE,LONG,5,2024-10-28T13:15:00+05:30,1335.0,2024-12-11T13:15:00+05:30,1279.0,golden_cross,death_cross,-280.0,77.67,1.31,3.92,-362.9,44.0
NSE:BHARTIARTL,SHORT,55,2024-12-11T09:15:00+05:30,1580.95,2024-12-12T13:15:00+05:30,1610.0,death_cross,golden_cross,-1597.75,258.27,17.55,52.65,-1926.22,1.17
NSE:ITC,SHORT,215,2024-12-04T13:15:00+05:30,467.2,2024-12-17T13:15:00+05:30,470.7,death_cross,golden_cross,-752.5,287.26,20.16,60.49,-1120.42,13.0
NSE:TATASTEEL,LONG,505,2024-11-29T13:15:00+05:30,144.45,2024-12-18T09:15:00+05:30,143.79,golden_cross,death_cross,-333.3,224.91,14.56,43.67,-616.43,18.83
NSE:NIFTY,LONG,4.111507429030488,2024-11-26T13:15:00+05:30,24192.95,2024-12-18T09:15:00+05:30,24221.4,golden_cross,death_cross,116.97,73.41,3.98,19.91,19.68,21.83
NSE:BANKNIFTY,LONG,1.6688696127206826,2024-11-26T09:15:00+05:30,52094.6,2024-12-18T09:15:00+05:30,52288.05,golden_cross,death_cross,322.84,70.15,3.48,17.42,231.79,22.0
NSE:SBIN,LONG,75,2024-11-26T09:15:00+05:30,837.15,2024-12-18T09:15:00+05:30,840.75,golden_cross,death_cross,270.0,202.95,12.58,37.75,16.71,22.0
NSE:SENSEX,LONG,1.2326532918499293,2024-11-26T09:15:00+05:30,79900.73,2024-12-18T13:15:00+05:30,80231.83,golden_cross,death_cross,408.13,73.21,3.95,19.74,311.23,22.17
NSE:HDFCBANK,LONG,220,2024-11-22T09:15:00+05:30,435.29,2024-12-18T13:15:00+05:30,453.0,golden_cross,death_cross,3896.2,280.0,19.54,58.63,3538.03,26.17
NSE:TCS,LONG,10,2024-11-25T09:15:00+05:30,4275.0,2024-12-18T13:15:00+05:30,4355.65,golden_cross,death_cross,806.5,158.98,8.63,25.89,613.0,23.17
NSE:LT,LONG,15,2024-11-25T13:15:00+05:30,3757.0,2024-12-18T13:15:00+05:30,3760.4,golden_cross,death_cross,51.0,188.43,11.28,33.83,-182.53,23.0
NSE:ICICIBANK,LONG,50,2024-11-25T13:15:00+05:30,1303.0,2024-12-19T09:15:00+05:30,1289.5,golden_cross,death_cross,-675.0,207.22,12.96,38.89,-934.07,23.83
NSE:ITC,LONG,210,2024-12-18T09:15:00+05:30,471.7,2024-12-19T13:15:00+05:30,466.0,golden_cross,death_cross,-1197.0,282.04,19.69,59.08,-1557.81,1.17
NSE:BHARTIARTL,LONG,50,2024-12-13T09:15:00+05:30,1671.5,2024-12-20T09:15:00+05:30,1585.0,golden_cross,death_cross,-4325.0,244.39,16.28,48.85,-4634.52,7.0
NSE:INFY,LONG,45,2024-11-22T13:15:00+05:30,1889.2,2024-12-23T09:15:00+05:30,1912.85,golden_cross,death_cross,1064.25,253.17,17.11,51.33,742.64,30.83
NSE:HCLTECH,LONG,55,2024-11-22T13:15:00+05:30,1897.1,2024-12-23T09:15:00+05:30,1905.55,golden_cross,death_cross,464.75,295.5,20.91,62.74,85.59,30.83
NSE:ITC,SHORT,210,2024-12-20T09:15:00+05:30,462.3,2024-12-23T13:15:00+05:30,474.5,death_cross,golden_cross,-2562.0,281.93,19.67,59.02,-2922.62,3.17
NSE:HCLTECH,SHORT,50,2024-12-23T13:15:00+05:30,1900.8,2025-01-02T09:15:00+05:30,1954.05,death_cross,golden_cross,-2662.5,277.51,19.27,57.82,-3017.11,9.83
NSE:TATACONSUM,SHORT,105,2024-12-10T09:15:00+05:30,929.5,2025-01-02T09:15:00+05:30,929.3,death_cross,golden_cross,21.0,280.01,19.52,58.55,-337.08,23.0
NSE:BHARTIARTL,SHORT,50,2024-12-20T13:15:00+05:30,1587.0,2025-01-02T13:15:00+05:30,1613.0,death_cross,golden_cross,-1300.0,241.02,16.0,48.0,-1605.02,13.0
NSE:INFY,SHORT,45,2024-12-23T13:15:00+05:30,1921.0,2025-01-03T09:15:00+05:30,1938.0,death_cross,golden_cross,-765.0,256.16,17.37,52.1,-1090.62,10.83
NSE:HINDUNILVR,SHORT,45,2024-12-09T13:15:00+05:30,2402.0,2025-01-03T09:15:00+05:30,2385.9,death_cross,golden_cross,724.5,302.5,21.55,64.64,335.82,24.83
NSE:WIPRO,LONG,700,2024-11-22T09:15:00+05:30,141.99,2025-01-03T09:15:00+05:30,295.85,golden_cross,death_cross,107702.0,395.63,30.65,91.95,107183.78,42.0
NSE:NIFTY,SHORT,4.108624734717118,2024-12-18T13:15:00+05:30,24214.7,2025-01-03T13:15:00+05:30,23990.15,death_cross,golden_cross,922.59,73.35,3.96,19.81,825.48,16.0
NSE:RELIANCE,SHORT,5,2024-12-12T09:15:00+05:30,1265.7,2025-01-03T13:15:00+05:30,1249.85,death_cross,golden_cross,79.25,77.1,1.26,3.77,-2.88,22.17
NSE:BHARTIARTL,LONG,50,2025-01-03T09:15:00+05:30,1601.3,2025-01-03T13:15:00+05:30,1594.0,golden_cross,death_cross,-365.0,75.31,15.98,47.93,-504.22,0.17
NSE:ITC,LONG,195,2024-12-24T09:15:00+05:30,478.55,2025-01-06T09:15:00+05:30,445.2,golden_cross,death_cross,-6503.25,263.78,18.01,54.04,-6839.09,13.0
NSE:RELIANCE,LONG,5,2025-01-06T09:15:00+05:30,1230.65,2025-01-06T13:15:00+05:30,1216.25,golden_cross,death_cross,-72.0,49.35,1.22,3.67,-126.24,0.17
NSE:RELIANCE,SHORT,5,2025-01-07T09:15:00+05:30,1240.65,2025-01-07T13:15:00+05:30,1239.95,death_cross,golden_cross,3.5,49.39,1.24,3.72,-50.85,0.17
NSE:BHARTIARTL,SHORT,50,2025-01-06T09:15:00+05:30,1583.75,2025-01-09T09:15:00+05:30,1614.55,death_cross,golden_cross,-1540.0,240.95,15.99,47.97,-1844.91,3.0
NSE:TCS,SHORT,10,2024-12-19T09:15:00+05:30,4284.6,2025-01-10T13:15:00+05:30,4265.0,death_cross,golden_cross,196.0,158.12,8.55,25.65,3.68,22.17
NSE:HCLTECH,LONG,50,2025-01-02T13:15:00+05:30,1966.45,2025-01-14T09:15:00+05:30,1824.25,golden_cross,death_cross,-7110.0,274.28,18.95,56.86,-7460.09,11.83
NSE:HINDUNILVR,LONG,45,2025-01-03T13:15:00+05:30,2403.0,2025-01-16T09:15:00+05:30,2343.6,golden_cross,death_cross,-2673.0,300.69,21.36,64.08,-3059.12,12.83
NSE:ADANIGREEN,SHORT,95,2024-12-06T13:15:00+05:30,1209.5,2025-01-16T09:15:00+05:30,1078.95,death_cross,golden_cross,12402.25,303.78,21.74,65.22,12011.51,40.83
NSE:INFY,LONG,45,2025-01-03T13:15:00+05:30,1939.1,2025-01-17T09:15:00+05:30,1818.0,golden_cross,death_cross,-5449.5,251.41,16.91,50.72,-5768.54,13.83
NSE:TCS,LONG,10,2025-01-13T09:15:00+05:30,4310.55,2025-01-20T09:15:00+05:30,4077.45,golden_cross,death_cross,-2331.0,156.51,8.39,25.16,-2521.07,7.0
NSE:WIPRO,SHORT,695,2025-01-03T13:15:00+05:30,295.2,2025-01-21T13:15:00+05:30,298.15,death_cross,golden_cross,-2050.25,521.53,41.24,123.71,-2736.73,18.0
NSE:ADANIGREEN,LONG,120,2025-01-16T13:15:00+05:30,1072.0,2025-01-24T13:15:00+05:30,1009.0,golden_cross,death_cross,-7560.0,341.19,24.97,74.92,-8001.08,8.0
NSE:RELIANCE,LONG,5,2025-01-08T09:15:00+05:30,1266.95,2025-01-27T09:15:00+05:30,1231.75,golden_cross,death_cross,-176.0,77.03,1.25,3.75,-258.02,19.0
NSE:HINDUNILVR,SHORT,45,2025-01-16T13:15:00+05:30,2349.5,2025-01-27T13:15:00+05:30,2391.05,death_cross,golden_cross,-1869.75,300.32,21.33,64.0,-2255.4,11.0
NSE:BHARTIARTL,LONG,50,2025-01-09T13:15:00+05:30,1607.8,2025-01-28T13:15:00+05:30,1618.8,golden_cross,death_cross,550.0,242.36,16.13,48.4,243.11,19.0
NSE:ICICIBANK,SHORT,50,2024-12-19T13:15:00+05:30,1289.5,2025-01-29T09:15:00+05:30,1245.05,death_cross,golden_cross,2222.5,203.79,12.67,38.02,1968.02,40.83
NSE:HDFCBANK,SHORT,220,2024-12-19T09:15:00+05:30,448.73,2025-01-29T13:15:00+05:30,419.0,death_cross,golden_cross,6539.5,274.77,19.09,57.27,6188.37,41.17
NSE:TATASTEEL,SHORT,500,2024-12-18T13:15:00+05:30,144.54,2025-01-30T09:15:00+05:30,131.63,death_cross,golden_cross,6455.0,216.09,13.81,41.43,6183.68,42.83
NSE:BANKNIFTY,SHORT,1.669752630908724,2024-12-18T13:15:00+05:30,52205.45,2025-01-30T13:15:00+05:30,49400.5,death_cross,golden_cross,4683.57,69.95,3.39,16.97,4593.27,43.0
NSE:BHARTIARTL,SHORT,50,2025-01-29T09:15:00+05:30,1619.65,2025-01-30T13:15:00+05:30,1642.5,death_cross,golden_cross,-1142.5,244.46,16.31,48.93,-1452.21,1.17
NSE:SENSEX,SHORT,1.2459049482869011,2024-12-19T09:15:00+05:30,79299.95,2025-01-31T09:15:00+05:30,77460.53,death_cross,golden_cross,2291.74,73.11,3.91,19.53,2195.2,43.0
NSE:NIFTY,SHORT,4.229955486436807,2025-01-06T09:15:00+05:30,23714.7,2025-01-31T09:15:00+05:30,23500.1,death_cross,golden_cross,907.75,73.56,3.99,19.97,810.22,25.0
NSE:SBIN,SHORT,75,2024-12-18T13:15:00+05:30,840.8,2025-01-31T09:15:00+05:30,774.2,death_cross,golden_cross,4995.0,197.35,12.11,36.34,4749.2,43.83
NSE:ITC,SHORT,195,2025-01-06T13:15:00+05:30,445.35,2025-02-01T09:15:00+05:30,469.95,death_cross,golden_cross,-4797.0,261.83,17.85,53.55,-5130.22,25.83
NSE:RELIANCE,SHORT,5,2025-01-27T13:15:00+05:30,1229.0,2025-02-04T09:15:00+05:30,1276.2,death_cross,golden_cross,-236.0,77.07,1.25,3.76,-318.08,7.83
NSE:INFY,SHORT,45,2025-01-17T13:15:00+05:30,1817.5,2025-02-04T09:15:00+05:30,1884.05,death_cross,golden_cross,-2994.75,248.45,16.66,49.97,-3309.83,17.83
NSE:HINDUNILVR,LONG,45,2025-01-28T09:15:00+05:30,2391.9,2025-02-06T13:15:00+05:30,2375.5,golden_cross,death_cross,-738.0,301.58,21.45,64.36,-1125.39,9.17
NSE:ITC,LONG,180,2025-02-01T13:15:00+05:30,461.55,2025-02-07T09:15:00+05:30,431.8,golden_cross,death_cross,-5355.0,242.22,16.08,48.24,-5661.54,5.83
NSE:SBIN,LONG,85,2025-01-31T13:15:00+05:30,773.1,2025-02-07T09:15:00+05:30,739.55,golden_cross,death_cross,-2851.75,206.22,12.86,38.57,-3109.4,6.83
NSE:SENSEX,LONG,1.3019764505086917,2025-01-31T13:15:00+05:30,77565.79,2025-02-11T09:15:00+05:30,76189.54,golden_cross,death_cross,-1791.85,73.38,4.0,20.02,-1889.25,10.83
NSE:NIFTY,LONG,4.296786172380893,2025-01-31T13:15:00+05:30,23533.85,2025-02-11T09:15:00+05:30,23031.2,golden_cross,death_cross,-2159.78,73.33,4.0,20.01,-2257.12,10.83
NSE:RELIANCE,LONG,5,2025-02-04T13:15:00+05:30,1282.9,2025-02-11T09:15:00+05:30,1235.05,golden_cross,death_cross,-239.25,77.14,1.26,3.78,-321.42,6.83
NSE:INFY,LONG,40,2025-02-04T13:15:00+05:30,1894.85,2025-02-12T09:15:00+05:30,1856.2,golden_cross,death_cross,-1546.0,229.98,15.0,45.01,-1835.99,7.83
NSE:BANKNIFTY,LONG,1.8509849669004237,2025-01-31T09:15:00+05:30,49568.05,2025-02-13T13:15:00+05:30,49342.0,golden_cross,death_cross,-418.42,71.25,3.66,18.31,-511.64,13.17
NSE:ICICIBANK,LONG,50,2025-01-29T13:15:00+05:30,1251.4,2025-02-13T13:15:00+05:30,1248.5,golden_cross,death_cross,-145.0,202.04,12.5,37.5,-397.04,15.0
NSE:WIPRO,LONG,665,2025-01-22T09:15:00+05:30,306.4,2025-02-13T13:15:00+05:30,309.0,golden_cross,death_cross,1729.0,517.76,40.92,122.77,1047.54,22.17
NSE:HDFCBANK,LONG,250,2025-01-30T09:15:00+05:30,422.05,2025-02-14T09:15:00+05:30,421.09,golden_cross,death_cross,-240.0,297.38,21.08,63.24,-621.69,15.0
NSE:ICICIBANK,SHORT,50,2025-02-14T09:15:00+05:30,1252.15,2025-02-14T13:15:00+05:30,1259.0,death_cross,golden_cross,-342.5,69.29,12.56,37.67,-462.01,0.17
NSE:HDFCBANK,SHORT,250,2025-02-14T13:15:00+05:30,423.6,2025-02-17T13:15:00+05:30,429.75,death_cross,golden_cross,-1537.5,300.31,21.33,64.0,-1923.15,3.0
NSE:BHARTIARTL,LONG,45,2025-01-31T09:15:00+05:30,1620.0,2025-02-19T13:15:00+05:30,1640.0,golden_cross,death_cross,900.0,226.08,14.67,44.01,615.24,19.17
NSE:WIPRO,SHORT,670,2025-02-14T09:15:00+05:30,305.3,2025-02-20T09:15:00+05:30,312.9,death_cross,golden_cross,-5092.0,523.78,41.42,124.26,-5781.45,6.0
NSE:HDFCBANK,LONG,240,2025-02-18T09:15:00+05:30,431.55,2025-02-20T13:15:00+05:30,421.49,golden_cross,death_cross,-2414.4,290.81,20.47,61.42,-2787.1,2.17
NSE:TATACONSUM,LONG,105,2025-01-02T13:15:00+05:30,926.9,2025-02-20T13:15:00+05:30,1009.0,golden_cross,death_cross,8620.5,288.36,20.33,60.98,8250.83,49.0
NSE:WIPRO,LONG,635,2025-02-20T13:15:00+05:30,313.1,2025-02-21T09:15:00+05:30,305.8,golden_cross,death_cross,-4635.5,500.19,39.3,117.9,-5292.89,0.83
NSE:HDFCBANK,SHORT,240,2025-02-21T09:15:00+05:30,422.0,2025-02-28T13:15:00+05:30,432.54,death_cross,golden_cross,-2529.6,291.22,20.51,61.53,-2902.86,7.17
NSE:HDFCBANK,LONG,230,2025-03-03T09:15:00+05:30,426.34,2025-03-06T09:15:00+05:30,420.38,golden_cross,death_cross,-1371.95,279.64,19.47,58.42,-1729.49,3.0
NSE:SBIN,SHORT,85,2025-02-07T13:15:00+05:30,736.4,2025-03-06T09:15:00+05:30,731.65,death_cross,golden_cross,403.75,201.76,12.48,37.44,152.07,26.83
NSE:RELIANCE,SHORT,5,2025-02-11T13:15:00+05:30,1237.55,2025-03-07T13:15:00+05:30,1246.4,death_cross,golden_cross,-44.25,76.93,1.24,3.73,-126.15,24.0
NSE:ITC,SHORT,180,2025-02-07T13:15:00+05:30,430.1,2025-03-11T09:15:00+05:30,407.5,death_cross,golden_cross,4068.0,230.36,15.08,45.23,3777.33,31.83
NSE:BHARTIARTL,SHORT,45,2025-02-20T09:15:00+05:30,1629.7,2025-03-11T09:15:00+05:30,1661.55,death_cross,golden_cross,-1433.25,227.82,14.81,44.43,-1720.31,19.0
NSE:ICICIBANK,SHORT,50,2025-02-17T09:15:00+05:30,1241.15,2025-03-11T13:15:00+05:30,1244.15,death_cross,golden_cross,-150.0,201.23,12.43,37.28,-400.93,22.17
NSE:HDFCBANK,SHORT,225,2025-03-06T13:15:00+05:30,423.1,2025-03-12T13:15:00+05:30,427.95,death_cross,golden_cross,-1091.25,276.0,19.15,57.45,-1443.84,6.0
NSE:ADANIGREEN,SHORT,120,2025-01-27T09:15:00+05:30,1000.4,2025-03-13T09:15:00+05:30,879.0,death_cross,golden_cross,14568.0,312.65,22.55,67.66,14165.14,45.0
NSE:SENSEX,SHORT,1.298968198795735,2025-02-11T13:15:00+05:30,76295.35,2025-03-18T09:15:00+05:30,75002.29,death_cross,golden_cross,1679.64,73.21,3.93,19.65,1582.85,34.83
NSE:NIFTY,SHORT,4.285539899403211,2025-02-11T13:15:00+05:30,23070.5,2025-03-18T09:15:00+05:30,22761.2,death_cross,golden_cross,1325.52,73.17,3.93,19.64,1228.78,34.83
NSE:BANKNIFTY,SHORT,1.8690531708770228,2025-02-14T09:15:00+05:30,48815.95,2025-03-18T13:15:00+05:30,49375.55,death_cross,golden_cross,-1045.92,71.26,3.67,18.35,-1139.2,32.17
NSE:LT,SHORT,15,2024-12-19T09:15:00+05:30,3723.7,2025-03-19T09:15:00+05:30,3312.75,death_cross,golden_cross,6164.25,179.95,10.55,31.66,5942.08,90.0
NSE:ITC,LONG,200,2025-03-11T13:15:00+05:30,406.2,2025-03-20T09:15:00+05:30,402.5,golden_cross,death_cross,-740.0,242.92,16.17,48.52,-1047.61,8.83
NSE:HINDUNILVR,SHORT,45,2025-02-07T09:15:00+05:30,2360.55,2025-03-20T13:15:00+05:30,2239.45,death_cross,golden_cross,5449.5,292.75,20.7,62.1,5073.95,41.17
NSE:ITC,SHORT,195,2025-03-20T13:15:00+05:30,403.6,2025-03-24T09:15:00+05:30,410.9,death_cross,golden_cross,-1423.5,239.73,15.88,47.65,-1726.76,3.83
NSE:TCS,SHORT,10,2025-01-20T13:15:00+05:30,4080.0,2025-03-24T09:15:00+05:30,3639.0,death_cross,golden_cross,4410.0,148.57,7.72,23.16,4230.55,62.83
NSE:HCLTECH,SHORT,50,2025-01-14T13:15:00+05:30,1819.95,2025-03-24T09:15:00+05:30,1596.0,death_cross,golden_cross,11197.5,252.08,17.08,51.24,10877.1,68.83
NSE:TATACONSUM,SHORT,105,2025-02-21T09:15:00+05:30,996.2,2025-03-24T09:15:00+05:30,974.65,death_cross,golden_cross,2262.75,292.92,20.69,62.08,1887.06,31.0
NSE:HCLTECH,LONG,65,2025-03-24T13:15:00+05:30,1602.85,2025-04-01T13:15:00+05:30,1534.5,golden_cross,death_cross,-4442.75,290.07,20.39,61.18,-4814.39,8.0
NSE:TCS,LONG,15,2025-03-24T13:15:00+05:30,3633.0,2025-04-02T09:15:00+05:30,3553.65,golden_cross,death_cross,-1190.25,183.01,10.78,32.34,-1416.38,8.83
NSE:RELIANCE,LONG,5,2025-03-10T09:15:00+05:30,1243.0,2025-04-02T13:15:00+05:30,1252.0,golden_cross,death_cross,45.0,76.99,1.25,3.74,-36.98,23.17
NSE:TATASTEEL,LONG,595,2025-01-30T13:15:00+05:30,131.8,2025-04-04T09:15:00+05:30,142.1,golden_cross,death_cross,6128.5,243.77,16.3,48.89,5819.54,63.83
NSE:SENSEX,LONG,1.3361625077443415,2025-03-18T13:15:00+05:30,75352.62,2025-04-04T09:15:00+05:30,75481.97,golden_cross,death_cross,172.83,73.74,4.03,20.15,74.91,16.83
NSE:NIFTY,LONG,4.3807496973053155,2025-03-18T13:15:00+05:30,22848.75,2025-04-04T13:15:00+05:30,22912.05,golden_cross,death_cross,277.3,73.61,4.01,20.05,179.64,17.0
NSE:LT,LONG,20,2025-03-19T13:15:00+05:30,3318.0,2025-04-04T13:15:00+05:30,3259.0,golden_cross,death_cross,-1180.0,209.39,13.15,39.46,-1442.01,16.0
NSE:ICICIBANK,LONG,50,2025-03-12T09:15:00+05:30,1239.45,2025-04-07T09:15:00+05:30,1270.25,golden_cross,death_cross,1540.0,202.46,12.55,37.65,1287.35,26.0
NSE:ITC,LONG,190,2025-03-24T13:15:00+05:30,411.0,2025-04-07T09:15:00+05:30,400.05,golden_cross,death_cross,-2080.5,234.53,15.41,46.23,-2376.67,13.83
NSE:ADANIGREEN,LONG,155,2025-03-13T13:15:00+05:30,871.9,2025-04-07T09:15:00+05:30,861.85,golden_cross,death_cross,-1557.75,361.87,26.87,80.62,-2027.11,24.83
NSE:ITC,SHORT,185,2025-04-07T13:15:00+05:30,406.75,2025-04-08T09:15:00+05:30,414.9,death_cross,golden_cross,-1507.75,232.16,15.2,45.6,-1800.71,0.83
NSE:BANKNIFTY,LONG,1.8113794785248265,2025-03-19T09:15:00+05:30,49743.2,2025-04-08T13:15:00+05:30,50575.1,golden_cross,death_cross,1506.89,71.25,3.63,18.17,1413.83,20.17
NSE:HDFCBANK,LONG,220,2025-03-13T09:15:00+05:30,427.24,2025-04-08T13:15:00+05:30,442.54,golden_cross,death_cross,3366.0,275.51,19.14,57.41,3013.95,26.17
NSE:SBIN,LONG,85,2025-03-06T13:15:00+05:30,730.25,2025-04-09T13:15:00+05:30,742.45,golden_cross,death_cross,1037.0,202.15,12.52,37.55,784.77,34.0
NSE:HDFCBANK,SHORT,220,2025-04-09T09:15:00+05:30,439.38,2025-04-11T09:15:00+05:30,454.04,death_cross,golden_cross,-3226.3,281.78,19.66,58.97,-3586.71,2.0
NSE:BANKNIFTY,SHORT,1.8200451176244037,2025-04-09T09:15:00+05:30,50280.85,2025-04-11T13:15:00+05:30,51007.55,death_cross,golden_cross,-1322.63,71.34,3.69,18.43,-1416.09,2.17
NSE:ICICIBANK,SHORT,50,2025-04-07T13:15:00+05:30,1294.1,2025-04-15T09:15:00+05:30,1345.8,death_cross,golden_cross,-2585.0,210.0,13.2,39.6,-2847.8,7.83
NSE:SENSEX,SHORT,1.3362200357366174,2025-04-04T13:15:00+05:30,75405.27,2025-04-16T09:15:00+05:30,76790.1,death_cross,golden_cross,-1850.44,73.8,4.07,20.34,-1948.64,11.83
NSE:NIFTY,SHORT,4.587162083545198,2025-04-07T09:15:00+05:30,21859.65,2025-04-16T09:15:00+05:30,23357.3,death_cross,golden_cross,-6869.96,73.88,4.15,20.74,-6968.73,9.0
NSE:SBIN,SHORT,85,2025-04-11T09:15:00+05:30,755.3,2025-04-16T09:15:00+05:30,768.0,death_cross,golden_cross,-1079.5,207.09,12.95,38.84,-1338.39,5.0
NSE:ADANIGREEN,SHORT,155,2025-04-07T13:15:00+05:30,878.0,2025-04-16T09:15:00+05:30,944.15,death_cross,golden_cross,-10253.25,377.75,28.24,84.73,-10743.97,8.83
NSE:RELIANCE,SHORT,5,2025-04-03T09:15:00+05:30,1248.4,2025-04-17T09:15:00+05:30,1267.3,death_cross,golden_cross,-94.5,77.11,1.26,3.77,-176.65,14.0
NSE:HCLTECH,SHORT,65,2025-04-02T09:15:00+05:30,1518.25,2025-04-22T13:15:00+05:30,1485.9,death_cross,golden_cross,2102.75,279.96,19.53,58.58,1744.68,20.17
NSE:LT,SHORT,20,2025-04-07T09:15:00+05:30,3021.35,2025-04-23T09:15:00+05:30,3282.1,death_cross,golden_cross,-5215.0,203.61,12.61,37.82,-5469.04,16.0
NSE:TCS,SHORT,15,2025-04-02T13:15:00+05:30,3545.0,2025-04-24T09:15:00+05:30,3400.5,death_cross,golden_cross,2167.5,178.74,10.42,31.25,1947.09,21.83
NSE:TATASTEEL,SHORT,600,2025-04-04T13:15:00+05:30,140.67,2025-04-24T13:15:00+05:30,141.44,death_cross,golden_cross,-462.0,251.26,16.93,50.78,-780.96,20.0
NSE:INFY,SHORT,40,2025-02-12T13:15:00+05:30,1864.0,2025-04-24T13:15:00+05:30,1473.0,death_cross,golden_cross,15640.0,210.28,13.35,40.04,15376.32,71.0
NSE:HINDUNILVR,LONG,45,2025-03-21T09:15:00+05:30,2245.0,2025-04-28T13:15:00+05:30,2317.6,golden_cross,death_cross,3267.0,291.04,20.53,61.6,2893.83,38.17
NSE:ADANIGREEN,LONG,130,2025-04-16T13:15:00+05:30,945.4,2025-04-30T09:15:00+05:30,912.0,golden_cross,death_cross,-4342.0,331.77,24.15,72.44,-4770.36,13.83
NSE:SBIN,LONG,80,2025-04-16T13:15:00+05:30,772.15,2025-05-05T13:15:00+05:30,790.6,golden_cross,death_cross,1476.0,201.94,12.5,37.51,1224.05,19.0
NSE:ADANIGREEN,SHORT,135,2025-04-30T13:15:00+05:30,896.0,2025-05-05T13:15:00+05:30,970.0,death_cross,golden_cross,-9990.0,343.81,25.19,75.57,-10434.57,5.0
NSE:HINDUNILVR,SHORT,45,2025-04-29T09:15:00+05:30,2320.9,2025-05-06T09:15:00+05:30,2372.8,death_cross,golden_cross,-2335.5,298.01,21.12,63.36,-2718.0,7.0
NSE:ADANIGREEN,LONG,115,2025-05-06T09:15:00+05:30,933.35,2025-05-07T09:15:00+05:30,916.15,golden_cross,death_cross,-1978.0,299.63,21.27,63.81,-2362.7,1.0
NSE:TATACONSUM,LONG,110,2025-03-24T13:15:00+05:30,974.65,2025-05-08T13:15:00+05:30,1113.6,golden_cross,death_cross,15284.5,317.24,22.97,68.91,14875.38,45.0
NSE:BANKNIFTY,LONG,1.722416007766085,2025-04-15T09:15:00+05:30,52311.15,2025-05-09T09:15:00+05:30,53615.1,golden_cross,death_cross,2245.94,71.41,3.65,18.24,2152.64,24.0
NSE:WIPRO,SHORT,630,2025-02-21T13:15:00+05:30,305.8,2025-05-12T09:15:00+05:30,255.84,death_cross,golden_cross,31474.8,453.96,35.38,106.15,30879.31,79.83
NSE:BANKNIFTY,SHORT,1.7186659600017924,2025-05-09T13:15:00+05:30,53674.05,2025-05-12T13:15:00+05:30,55411.3,death_cross,golden_cross,-2985.75,71.6,3.75,18.75,-3079.85,3.0
NSE:SBIN,SHORT,85,2025-05-06T09:15:00+05:30,775.75,2025-05-13T09:15:00+05:30,801.7,death_cross,golden_cross,-2205.75,212.29,13.41,40.22,-2471.68,7.0
NSE:ADANIGREEN,SHORT,115,2025-05-07T13:15:00+05:30,918.0,2025-05-13T09:15:00+05:30,957.35,death_cross,golden_cross,-4525.25,303.12,21.57,64.7,-4914.64,5.83
NSE:BHARTIARTL,LONG,45,2025-03-11T13:15:00+05:30,1664.0,2025-05-13T13:15:00+05:30,1824.5,golden_cross,death_cross,7222.5,237.03,15.7,47.09,6922.68,63.0
NSE:TATACONSUM,SHORT,110,2025-05-09T09:15:00+05:30,1112.6,2025-05-16T09:15:00+05:30,1163.5,death_cross,golden_cross,-5599.0,341.77,25.04,75.11,-6040.92,7.0
NSE:SBIN,LONG,75,2025-05-13T13:15:00+05:30,801.95,2025-05-20T13:15:00+05:30,786.7,golden_cross,death_cross,-1143.75,195.62,11.91,35.74,-1387.03,7.0
NSE:HDFCBANK,LONG,210,2025-04-11T13:15:00+05:30,451.3,2025-05-22T09:15:00+05:30,478.12,golden_cross,death_cross,5633.25,279.6,19.52,58.55,5275.58,40.83
NSE:HINDUNILVR,LONG,45,2025-05-06T13:15:00+05:30,2381.6,2025-05-22T09:15:00+05:30,2325.2,golden_cross,death_cross,-2538.0,298.68,21.18,63.54,-2921.41,15.83
NSE:TATACONSUM,LONG,100,2025-05-16T13:15:00+05:30,1170.0,2025-05-22T09:15:00+05:30,1121.5,golden_cross,death_cross,-4850.0,318.13,22.91,68.74,-5259.79,5.83
NSE:ITC,LONG,175,2025-04-08T13:15:00+05:30,413.5,2025-05-22T13:15:00+05:30,425.5,golden_cross,death_cross,2100.0,226.13,14.68,44.05,1815.14,44.0
NSE:HDFCBANK,SHORT,205,2025-05-22T13:15:00+05:30,481.0,2025-05-23T09:15:00+05:30,483.12,death_cross,golden_cross,-435.62,282.79,19.76,59.29,-797.47,0.83
NSE:WIPRO,LONG,875,2025-05-12T13:15:00+05:30,256.5,2025-05-23T09:15:00+05:30,248.64,golden_cross,death_cross,-6877.5,554.8,44.2,132.6,-7609.1,10.83
NSE:HINDUNILVR,SHORT,45,2025-05-22T13:15:00+05:30,2330.7,2025-05-26T09:15:00+05:30,2387.6,death_cross,golden_cross,-2560.5,299.26,21.23,63.7,-2944.69,3.83
NSE:TATACONSUM,SHORT,95,2025-05-22T13:15:00+05:30,1128.5,2025-05-26T09:15:00+05:30,1143.9,death_cross,golden_cross,-1463.0,303.13,21.59,64.76,-1852.48,3.83
NSE:WIPRO,SHORT,875,2025-05-23T13:15:00+05:30,247.8,2025-05-26T13:15:00+05:30,250.25,death_cross,golden_cross,-2143.75,547.56,43.58,130.74,-2865.62,3.0
NSE:SBIN,SHORT,75,2025-05-21T09:15:00+05:30,785.2,2025-05-27T09:15:00+05:30,796.8,death_cross,golden_cross,-870.0,195.04,11.87,35.59,-1112.5,6.0
NSE:BHARTIARTL,SHORT,45,2025-05-14T09:15:00+05:30,1830.2,2025-05-27T09:15:00+05:30,1845.2,death_cross,golden_cross,-675.0,246.97,16.54,49.62,-988.13,13.0
NSE:WIPRO,LONG,855,2025-05-27T09:15:00+05:30,249.7,2025-05-27T13:15:00+05:30,248.35,golden_cross,death_cross,-1154.25,122.12,42.58,127.75,-1446.7,0.17
NSE:ITC,LONG,170,2025-05-23T09:15:00+05:30,437.3,2025-05-28T09:15:00+05:30,420.25,golden_cross,death_cross,-2898.5,225.35,14.58,43.74,-3182.16,5.0
NSE:TATACONSUM,LONG,95,2025-05-26T13:15:00+05:30,1147.0,2025-05-28T09:15:00+05:30,1125.1,golden_cross,death_cross,-2080.5,303.14,21.58,64.75,-2469.98,1.83
NSE:TCS,LONG,15,2025-04-24T13:15:00+05:30,3406.0,2025-05-28T13:15:00+05:30,3500.1,golden_cross,death_cross,1411.5,178.14,10.36,31.08,1191.93,34.0
NSE:HDFCBANK,LONG,205,2025-05-23T13:15:00+05:30,483.38,2025-05-29T09:15:00+05:30,478.35,golden_cross,death_cross,-1030.12,282.29,19.72,59.15,-1391.28,5.83
NSE:RELIANCE,LONG,5,2025-04-17T13:15:00+05:30,1273.0,2025-05-29T09:15:00+05:30,1414.0,golden_cross,death_cross,705.0,78.01,1.34,4.03,621.62,41.83
NSE:WIPRO,SHORT,855,2025-05-28T09:15:00+05:30,248.08,2025-05-29T13:15:00+05:30,250.52,death_cross,golden_cross,-2086.2,537.01,42.63,127.89,-2793.73,1.17
NSE:HINDUNILVR,LONG,40,2025-05-26T13:15:00+05:30,2391.2,2025-05-30T13:15:00+05:30,2346.0,golden_cross,death_cross,-1808.0,273.83,18.95,56.85,-2157.62,4.0
NSE:WIPRO,LONG,835,2025-05-30T09:15:00+05:30,250.08,2025-06-02T09:15:00+05:30,247.45,golden_cross,death_cross,-2196.05,524.94,41.54,124.63,-2887.16,3.0
NSE:SENSEX,LONG,1.282940547266297,2025-04-16T13:15:00+05:30,77022.45,2025-06-02T13:15:00+05:30,81272.11,golden_cross,death_cross,5452.06,74.42,4.06,20.31,5353.28,47.0
NSE:NIFTY,LONG,3.9826175275242965,2025-04-16T13:15:00+05:30,23433.3,2025-06-02T13:15:00+05:30,24690.35,golden_cross,death_cross,5006.35,72.87,3.83,19.17,4910.48,47.0
NSE:INFY,LONG,60,2025-04-25T09:15:00+05:30,1487.0,2025-06-02T13:15:00+05:30,1551.0,golden_cross,death_cross,3840.0,265.4,18.23,54.68,3501.69,38.17
NSE:HINDUNILVR,SHORT,40,2025-06-02T09:15:00+05:30,2369.0,2025-06-02T13:15:00+05:30,2367.9,death_cross,golden_cross,44.0,80.6,18.95,56.84,-112.39,0.17
NSE:HCLTECH,LONG,60,2025-04-23T09:15:00+05:30,1593.7,2025-06-02T13:15:00+05:30,1628.0,golden_cross,death_cross,2058.0,277.78,19.33,57.99,1702.9,40.17
NSE:ICICIBANK,LONG,45,2025-04-15T13:15:00+05:30,1350.4,2025-06-03T13:15:00+05:30,1437.0,golden_cross,death_cross,3897.0,202.22,12.54,37.63,3644.6,49.0
NSE:TATASTEEL,LONG,595,2025-04-25T09:15:00+05:30,140.39,2025-06-04T13:15:00+05:30,158.4,golden_cross,death_cross,10715.95,259.88,17.78,53.33,10384.96,40.17
NSE:RELIANCE,SHORT,5,2025-05-29T13:15:00+05:30,1419.5,2025-06-05T09:15:00+05:30,1446.8,death_cross,golden_cross,-136.5,79.07,1.43,4.3,-221.3,6.83
NSE:HINDUNILVR,SHORT,40,2025-06-03T09:15:00+05:30,2350.7,2025-06-05T09:15:00+05:30,2370.2,death_cross,golden_cross,-780.0,273.03,18.88,56.65,-1128.56,2.0
NSE:ICICIBANK,SHORT,45,2025-06-04T09:15:00+05:30,1429.6,2025-06-05T13:15:00+05:30,1456.3,death_cross,golden_cross,-1201.5,207.53,12.99,38.96,-1460.98,1.17
NSE:SENSEX,SHORT,1.2898374194949653,2025-06-03T09:15:00+05:30,80748.54,2025-06-06T09:15:00+05:30,82096.69,death_cross,golden_cross,-1738.89,74.68,4.2,21.0,-1838.78,3.0
NSE:NIFTY,SHORT,4.00227625910855,2025-06-03T09:15:00+05:30,24541.45,2025-06-06T09:15:00+05:30,24969.05,death_cross,golden_cross,-1711.37,73.12,3.96,19.82,-1808.27,3.0
NSE:INFY,SHORT,60,2025-06-03T09:15:00+05:30,1542.0,2025-06-09T09:15:00+05:30,1576.7,death_cross,golden_cross,-2082.0,271.22,18.71,56.14,-2428.07,6.0
NSE:ICICIBANK,LONG,45,2025-06-06T09:15:00+05:30,1452.7,2025-06-09T13:15:00+05:30,1434.5,golden_cross,death_cross,-819.0,207.57,12.99,38.98,-1078.54,3.17
NSE:WIPRO,SHORT,835,2025-06-02T13:15:00+05:30,247.58,2025-06-09T13:15:00+05:30,251.72,death_cross,golden_cross,-3456.9,526.68,41.69,125.07,-4150.34,7.0
NSE:HCLTECH,SHORT,60,2025-06-03T09:15:00+05:30,1631.8,2025-06-10T09:15:00+05:30,1674.7,death_cross,golden_cross,-2574.0,283.78,19.84,59.52,-2937.14,7.0
NSE:ITC,SHORT,170,2025-05-28T13:15:00+05:30,421.0,2025-06-10T13:15:00+05:30,427.65,death_cross,golden_cross,-1130.5,223.53,14.43,43.28,-1411.74,13.0
NSE:TCS,SHORT,15,2025-05-29T09:15:00+05:30,3496.4,2025-06-11T13:15:00+05:30,3470.8,death_cross,golden_cross,384.0,179.23,10.45,31.35,162.96,13.17
NSE:HINDUNILVR,LONG,40,2025-06-05T13:15:00+05:30,2376.0,2025-06-12T13:15:00+05:30,2337.1,golden_cross,death_cross,-1556.0,272.74,18.85,56.56,-1904.15,7.0
NSE:ITC,LONG,165,2025-06-11T09:15:00+05:30,426.0,2025-06-12T13:15:00+05:30,420.95,golden_cross,death_cross,-833.25,218.48,13.97,41.92,-1107.63,1.17
NSE:TCS,LONG,15,2025-06-12T09:15:00+05:30,3460.2,2025-06-12T13:15:00+05:30,3432.0,golden_cross,death_cross,-423.0,65.37,10.34,31.01,-529.73,0.17
NSE:BHARTIARTL,LONG,45,2025-05-27T13:15:00+05:30,1847.3,2025-06-12T13:15:00+05:30,1844.0,golden_cross,death_cross,-148.5,247.73,16.61,49.83,-462.67,16.0
NSE:HDFCBANK,LONG,200,2025-05-29T13:15:00+05:30,484.4,2025-06-13T09:15:00+05:30,480.18,golden_cross,death_cross,-845.0,277.57,19.29,57.87,-1199.73,14.83
NSE:SBIN,LONG,75,2025-05-27T13:15:00+05:30,794.25,2025-06-13T09:15:00+05:30,791.0,golden_cross,death_cross,-243.75,195.27,11.89,35.67,-486.57,16.83
NSE:LT,LONG,20,2025-04-23T13:15:00+05:30,3296.0,2025-06-13T09:15:00+05:30,3568.5,golden_cross,death_cross,5450.0,215.28,13.73,41.19,5179.8,50.83
NSE:SENSEX,LONG,1.2451192360427206,2025-06-06T13:15:00+05:30,82176.23,2025-06-13T13:15:00+05:30,81162.47,golden_cross,death_cross,-1262.25,73.85,4.07,20.34,-1360.51,7.0
NSE:TCS,SHORT,15,2025-06-13T09:15:00+05:30,3440.1,2025-06-16T09:15:00+05:30,3500.0,death_cross,golden_cross,-898.5,178.88,10.41,31.23,-1119.02,3.0
NSE:ADANIGREEN,LONG,105,2025-05-13T13:15:00+05:30,960.4,2025-06-16T09:15:00+05:30,992.2,golden_cross,death_cross,3339.0,290.71,20.5,61.51,2966.28,33.83
NSE:BANKNIFTY,LONG,1.6216734746071684,2025-05-13T09:15:00+05:30,54990.8,2025-06-17T09:15:00+05:30,55683.25,golden_cross,death_cross,1122.93,70.92,3.59,17.95,1030.47,35.0
NSE:NIFTY,LONG,3.8567056178029815,2025-06-06T13:15:00+05:30,25000.3,2025-06-18T09:15:00+05:30,24800.5,golden_cross,death_cross,-770.57,72.41,3.84,19.21,-866.02,11.83
NSE:RELIANCE,LONG,5,2025-06-05T13:15:00+05:30,1442.7,2025-06-18T09:15:00+05:30,1427.3,golden_cross,death_cross,-77.0,79.08,1.44,4.3,-161.82,12.83
NSE:BHARTIARTL,SHORT,45,2025-06-13T09:15:00+05:30,1837.3,2025-06-18T09:15:00+05:30,1868.5,death_cross,golden_cross,-1404.0,248.54,16.68,50.03,-1719.25,5.0
NSE:TCS,LONG,15,2025-06-16T13:15:00+05:30,3496.2,2025-06-19T13:15:00+05:30,3420.0,golden_cross,death_cross,-1143.0,178.5,10.37,31.12,-1362.99,3.0
NSE:RELIANCE,SHORT,5,2025-06-18T13:15:00+05:30,1429.7,2025-06-20T09:15:00+05:30,1451.7,death_cross,golden_cross,-110.0,79.15,1.44,4.32,-194.91,1.83
NSE:SENSEX,SHORT,1.2347087884818224,2025-06-16T09:15:00+05:30,81770.51,2025-06-20T13:15:00+05:30,82323.37,death_cross,golden_cross,-682.62,73.8,4.05,20.26,-780.73,4.17
NSE:NIFTY,SHORT,3.8532331030238165,2025-06-18T13:15:00+05:30,24798.75,2025-06-20T13:15:00+05:30,25079.75,death_cross,golden_cross,-1082.76,72.39,3.84,19.22,-1178.22,2.0
NSE:HDFCBANK,SHORT,200,2025-06-13T13:15:00+05:30,479.88,2025-06-20T13:15:00+05:30,490.77,death_cross,golden_cross,-2180.0,279.02,19.41,58.24,-2536.67,7.0
NSE:LT,SHORT,15,2025-06-13T13:15:00+05:30,3586.2,2025-06-20T13:15:00+05:30,3658.0,death_cross,golden_cross,-1077.0,183.96,10.87,32.6,-1304.43,7.0
NSE:BANKNIFTY,SHORT,1.6200901043746136,2025-06-17T13:15:00+05:30,55678.7,2025-06-23T13:15:00+05:30,56034.55,death_cross,golden_cross,-576.51,70.96,3.62,18.1,-669.19,6.0
NSE:TATACONSUM,SHORT,95,2025-05-28T13:15:00+05:30,1120.1,2025-06-24T09:15:00+05:30,1114.6,death_cross,golden_cross,522.5,299.0,21.23,63.69,138.58,26.83
NSE:INFY,LONG,60,2025-06-09T13:15:00+05:30,1572.0,2025-06-24T13:15:00+05:30,1579.6,golden_cross,death_cross,456.0,273.22,18.91,56.73,107.14,15.0
NSE:TATASTEEL,SHORT,595,2025-06-05T09:15:00+05:30,158.01,2025-06-25T13:15:00+05:30,156.33,death_cross,golden_cross,999.6,270.89,18.7,56.11,653.9,20.17
NSE:INFY,SHORT,55,2025-06-25T09:15:00+05:30,1617.7,2025-06-25T13:15:00+05:30,1612.5,death_cross,golden_cross,286.0,78.54,17.77,53.3,136.4,0.17
NSE:LT,SHORT,15,2025-06-23T09:15:00+05:30,3594.3,2025-06-26T09:15:00+05:30,3648.5,death_cross,golden_cross,-813.0,183.92,10.86,32.59,-1040.37,3.0
NSE:ICICIBANK,SHORT,45,2025-06-10T09:15:00+05:30,1424.8,2025-06-26T13:15:00+05:30,1440.0,death_cross,golden_cross,-684.0,206.44,12.89,38.67,-942.0,16.17
NSE:SBIN,SHORT,75,2025-06-13T13:15:00+05:30,793.3,2025-06-27T09:15:00+05:30,803.7,death_cross,golden_cross,-780.0,196.29,11.98,35.93,-1024.2,13.83
NSE:ADANIGREEN,SHORT,105,2025-06-16T13:15:00+05:30,993.5,2025-06-27T09:15:00+05:30,1017.1,death_cross,golden_cross,-2478.0,297.91,21.11,63.33,-2860.36,10.83
NSE:ITC,SHORT,165,2025-06-13T09:15:00+05:30,416.95,2025-06-27T13:15:00+05:30,420.0,death_cross,golden_cross,-503.25,216.62,13.81,41.43,-775.11,14.17
NSE:TCS,SHORT,15,2025-06-20T09:15:00+05:30,3440.5,2025-06-30T09:15:00+05:30,3454.9,death_cross,golden_cross,-216.0,178.08,10.34,31.03,-435.45,10.0
NSE:TCS,LONG,15,2025-06-30T13:15:00+05:30,3460.0,2025-07-02T09:15:00+05:30,3435.0,golden_cross,death_cross,-375.0,178.09,10.34,31.03,-594.46,1.83
NSE:TATACONSUM,LONG,95,2025-06-24T13:15:00+05:30,1110.5,2025-07-02T09:15:00+05:30,1094.7,golden_cross,death_cross,-1501.0,296.04,20.95,62.85,-1880.84,7.83
NSE:LT,LONG,15,2025-06-26T13:15:00+05:30,3660.3,2025-07-02T13:15:00+05:30,3593.8,golden_cross,death_cross,-997.5,184.12,10.88,32.64,-1225.14,6.0
NSE:HINDUNILVR,SHORT,40,2025-06-13T09:15:00+05:30,2316.0,2025-07-03T09:15:00+05:30,2320.6,death_cross,golden_cross,-184.0,269.24,18.55,55.64,-527.42,20.0
NSE:ICICIBANK,LONG,45,2025-06-27T09:15:00+05:30,1453.4,2025-07-04T09:15:00+05:30,1429.3,golden_cross,death_cross,-1084.5,207.36,12.97,38.92,-1343.75,7.0
NSE:ADANIGREEN,LONG,100,2025-06-27T13:15:00+05:30,1020.0,2025-07-08T09:15:00+05:30,986.1,golden_cross,death_cross,-3390.0,286.31,20.06,60.18,-3756.55,10.83
NSE:HCLTECH,LONG,60,2025-06-10T13:15:00+05:30,1670.7,2025-07-08T13:15:00+05:30,1700.1,golden_cross,death_cross,1764.0,287.74,20.22,60.67,1395.36,28.0
NSE:ITC,SHORT,165,2025-06-30T09:15:00+05:30,416.25,2025-07-09T09:15:00+05:30,419.7,death_cross,golden_cross,-569.25,216.45,13.79,41.38,-840.87,9.0
NSE:ICICIBANK,LONG,40,2025-07-04T13:15:00+05:30,1443.0,2025-07-10T09:15:00+05:30,1425.8,golden_cross,death_cross,-688.0,190.7,11.48,34.43,-924.6,5.83
NSE:WIPRO,LONG,795,2025-06-10T09:15:00+05:30,254.88,2025-07-11T09:15:00+05:30,258.9,golden_cross,death_cross,3195.9,516.78,40.85,122.54,2515.74,31.0
NSE:BHARTIARTL,LONG,40,2025-06-18T13:15:00+05:30,1861.8,2025-07-11T09:15:00+05:30,1919.7,golden_cross,death_cross,2316.0,231.04,15.13,45.38,2024.46,22.83
NSE:SENSEX,LONG,1.224229795593637,2025-06-23T09:15:00+05:30,81834.61,2025-07-11T13:15:00+05:30,82457.61,golden_cross,death_cross,762.7,73.74,4.02,20.11,664.82,18.17
NSE:NIFTY,LONG,3.7807392260634685,2025-06-23T09:15:00+05:30,24963.55,2025-07-11T13:15:00+05:30,25140.55,golden_cross,death_cross,669.19,72.19,3.79,18.94,574.27,18.17
NSE:INFY,LONG,55,2025-06-26T09:15:00+05:30,1611.2,2025-07-11T13:15:00+05:30,1594.5,golden_cross,death_cross,-918.5,259.12,17.63,52.89,-1248.15,15.17
NSE:TATASTEEL,LONG,600,2025-06-26T09:15:00+05:30,157.49,2025-07-14T09:15:00+05:30,159.6,golden_cross,death_cross,1266.0,274.45,19.03,57.08,915.45,18.0
NSE:BANKNIFTY,LONG,1.5828809049669827,2025-06-24T09:15:00+05:30,56566.05,2025-07-14T09:15:00+05:30,56648.8,golden_cross,death_cross,130.98,70.79,3.58,17.92,38.68,20.0
NSE:RELIANCE,LONG,5,2025-06-20T13:15:00+05:30,1464.1,2025-07-14T09:15:00+05:30,1483.3,golden_cross,death_cross,96.0,79.5,1.47,4.42,10.61,23.83
NSE:ADANIGREEN,SHORT,100,2025-07-08T13:15:00+05:30,993.0,2025-07-14T09:15:00+05:30,1025.5,death_cross,golden_cross,-3250.0,287.67,20.19,60.55,-3618.41,5.83
NSE:HDFCBANK,LONG,190,2025-06-23T09:15:00+05:30,486.38,2025-07-14T13:15:00+05:30,495.73,golden_cross,death_cross,1776.5,270.35,18.66,55.98,1431.51,21.17
NSE:BANKNIFTY,SHORT,1.578051590358029,2025-07-14T13:15:00+05:30,56763.6,2025-07-15T13:15:00+05:30,57049.6,death_cross,golden_cross,-451.32,70.79,3.59,17.96,-543.67,1.0
NSE:BANKNIFTY,LONG,1.5551872185168272,2025-07-16T09:15:00+05:30,57249.6,2025-07-18T09:15:00+05:30,56273.5,golden_cross,death_cross,-1518.02,70.3,3.53,17.65,-1609.5,2.0
NSE:HDFCBANK,LONG,190,2025-07-15T09:15:00+05:30,500.27,2025-07-18T09:15:00+05:30,492.1,golden_cross,death_cross,-1553.25,272.77,18.86,56.57,-1901.44,3.0
NSE:TATASTEEL,SHORT,595,2025-07-14T13:15:00+05:30,160.25,2025-07-18T13:15:00+05:30,162.5,death_cross,golden_cross,-1338.75,276.63,19.2,57.61,-1692.19,4.0
NSE:TATACONSUM,SHORT,95,2025-07-02T13:15:00+05:30,1098.0,2025-07-18T13:15:00+05:30,1097.9,death_cross,golden_cross,9.5,294.94,20.86,62.58,-368.89,16.0
NSE:ICICIBANK,SHORT,40,2025-07-10T13:15:00+05:30,1424.0,2025-07-21T09:15:00+05:30,1460.4,death_cross,golden_cross,-1456.0,191.45,11.54,34.61,-1693.6,10.83
NSE:TATACONSUM,LONG,95,2025-07-21T09:15:00+05:30,1088.7,2025-07-21T13:15:00+05:30,1089.8,golden_cross,death_cross,104.5,83.68,20.7,62.09,-61.97,0.17
NSE:HDFCBANK,SHORT,190,2025-07-18T13:15:00+05:30,489.0,2025-07-22T09:15:00+05:30,502.32,death_cross,golden_cross,-2531.75,272.62,18.84,56.51,-2879.71,3.83
NSE:ITC,LONG,160,2025-07-09T13:15:00+05:30,419.1,2025-07-22T13:15:00+05:30,415.95,golden_cross,death_cross,-504.0,211.64,13.36,40.08,-769.08,13.0
NSE:BANKNIFTY,SHORT,1.5541939425023075,2025-07-18T13:15:00+05:30,56253.7,2025-07-23T13:15:00+05:30,57191.65,death_cross,golden_cross,-1457.76,70.27,3.53,17.63,-1549.19,5.0
NSE:HINDUNILVR,LONG,40,2025-07-03T13:15:00+05:30,2314.8,2025-07-24T13:15:00+05:30,2435.0,golden_cross,death_cross,4808.0,273.89,19.0,57.0,4458.11,21.0
NSE:BANKNIFTY,LONG,1.50855248491231,2025-07-24T09:15:00+05:30,56931.8,2025-07-25T09:15:00+05:30,56554.55,golden_cross,death_cross,-569.1,69.68,3.42,17.12,-659.32,1.0
NSE:SBIN,LONG,70,2025-06-27T13:15:00+05:30,804.55,2025-07-25T09:15:00+05:30,809.4,golden_cross,death_cross,339.5,188.65,11.3,33.89,105.66,27.83
NSE:ADANIGREEN,LONG,90,2025-07-14T13:15:00+05:30,1025.0,2025-07-25T09:15:00+05:30,990.9,golden_cross,death_cross,-3069.0,264.97,18.14,54.43,-3406.54,10.83
NSE:TATASTEEL,LONG,575,2025-07-21T09:15:00+05:30,162.81,2025-07-28T13:15:00+05:30,159.34,golden_cross,death_cross,-1995.25,269.12,18.52,55.57,-2338.46,7.17
NSE:TATASTEEL,SHORT,570,2025-07-29T09:15:00+05:30,160.44,2025-07-29T13:15:00+05:30,162.22,death_cross,golden_cross,-1014.6,79.5,18.39,55.17,-1167.67,0.17
NSE:LT,SHORT,15,2025-07-03T09:15:00+05:30,3600.0,2025-07-30T09:15:00+05:30,3658.5,death_cross,golden_cross,-877.5,184.18,10.89,32.66,-1105.23,27.0
NSE:TATASTEEL,LONG,560,2025-07-30T09:15:00+05:30,161.6,2025-07-31T09:15:00+05:30,160.67,golden_cross,death_cross,-520.8,263.71,18.05,54.14,-856.7,1.0
NSE:HINDUNILVR,SHORT,40,2025-07-25T09:15:00+05:30,2415.4,2025-07-31T09:15:00+05:30,2530.2,death_cross,golden_cross,-4592.0,283.3,19.78,59.35,-4954.43,6.0
NSE:ITC,SHORT,160,2025-07-23T09:15:00+05:30,414.85,2025-08-04T09:15:00+05:30,418.0,death_cross,golden_cross,-504.0,211.25,13.33,39.98,-768.55,12.0
NSE:HDFCBANK,LONG,180,2025-07-22T13:15:00+05:30,501.25,2025-08-05T09:15:00+05:30,495.62,golden_cross,death_cross,-1012.5,262.6,17.94,53.83,-1346.88,13.83
NSE:ICICIBANK,LONG,40,2025-07-21T13:15:00+05:30,1464.5,2025-08-05T09:15:00+05:30,1443.6,golden_cross,death_cross,-836.0,192.45,11.63,34.9,-1074.98,14.83
NSE:ITC,LONG,160,2025-08-04T13:15:00+05:30,416.65,2025-08-06T09:15:00+05:30,411.05,golden_cross,death_cross,-896.0,210.36,13.24,39.73,-1159.33,1.83
NSE:BHARTIARTL,SHORT,40,2025-07-11T13:15:00+05:30,1925.7,2025-08-06T09:15:00+05:30,1940.0,death_cross,golden_cross,-572.0,235.0,15.46,46.39,-868.85,25.83
NSE:BHARTIARTL,LONG,40,2025-08-06T13:15:00+05:30,1924.0,2025-08-07T09:15:00+05:30,1910.2,golden_cross,death_cross,-552.0,233.6,15.34,46.01,-846.95,0.83
NSE:ITC,SHORT,160,2025-08-06T13:15:00+05:30,412.2,2025-08-08T13:15:00+05:30,414.45,death_cross,golden_cross,-360.0,210.13,13.23,39.68,-623.04,2.0
NSE:SBIN,SHORT,70,2025-07-25T13:15:00+05:30,805.9,2025-08-11T09:15:00+05:30,822.0,death_cross,golden_cross,-1127.0,189.84,11.4,34.19,-1362.42,16.83
NSE:TATASTEEL,SHORT,570,2025-07-31T13:15:00+05:30,157.3,2025-08-13T09:15:00+05:30,160.7,death_cross,golden_cross,-1938.0,264.7,18.13,54.38,-2275.2,12.83
NSE:HINDUNILVR,LONG,35,2025-07-31T13:15:00+05:30,2524.0,2025-08-13T09:15:00+05:30,2483.9,golden_cross,death_cross,-1403.5,258.01,17.53,52.58,-1731.62,12.83
NSE:HCLTECH,SHORT,60,2025-07-09T09:15:00+05:30,1673.6,2025-08-13T09:15:00+05:30,1501.1,death_cross,golden_cross,10350.0,274.02,19.05,57.14,9999.78,35.0
NSE:TATASTEEL,LONG,545,2025-08-13T13:15:00+05:30,160.35,2025-08-14T09:15:00+05:30,157.17,golden_cross,death_cross,-1733.1,255.56,17.3,51.91,-2057.88,0.83
NSE:ITC,LONG,155,2025-08-11T09:15:00+05:30,416.35,2025-08-14T13:15:00+05:30,411.45,golden_cross,death_cross,-759.5,205.77,12.83,38.49,-1016.59,3.17
NSE:NIFTY,SHORT,3.7941300299958627,2025-07-14T09:15:00+05:30,25026.35,2025-08-18T09:15:00+05:30,24947.85,death_cross,golden_cross,297.84,72.18,3.79,18.96,202.91,35.0
NSE:HINDUNILVR,SHORT,35,2025-08-13T13:15:00+05:30,2493.4,2025-08-18T09:15:00+05:30,2595.3,death_cross,golden_cross,-3566.5,261.31,17.81,53.43,-3899.05,4.83
NSE:SENSEX,SHORT,1.228801848139781,2025-07-14T09:15:00+05:30,82069.54,2025-08-18T13:15:00+05:30,81298.52,death_cross,golden_cross,947.43,73.7,4.01,20.07,849.64,35.17
NSE:HDFCBANK,SHORT,180,2025-08-05T13:15:00+05:30,495.25,2025-08-18T13:15:00+05:30,501.25,death_cross,golden_cross,-1080.0,262.53,17.94,53.81,-1414.28,13.0
NSE:TATACONSUM,SHORT,95,2025-07-22T09:15:00+05:30,1082.0,2025-08-18T13:15:00+05:30,1073.0,death_cross,golden_cross,855.0,290.56,20.47,61.42,482.55,27.17
NSE:HCLTECH,LONG,70,2025-08-13T13:15:00+05:30,1498.8,2025-08-19T09:15:00+05:30,1480.4,golden_cross,death_cross,-1288.0,294.97,20.85,62.56,-1666.38,5.83
NSE:BANKNIFTY,SHORT,1.5079012514256536,2025-07-25T13:15:00+05:30,56520.45,2025-08-19T13:15:00+05:30,55849.8,death_cross,golden_cross,1011.27,69.59,3.39,16.94,921.35,25.0
NSE:RELIANCE,SHORT,5,2025-07-14T13:15:00+05:30,1486.4,2025-08-19T13:15:00+05:30,1421.0,death_cross,golden_cross,327.0,79.26,1.45,4.36,241.93,36.0
NSE:WIPRO,SHORT,795,2025-07-11T13:15:00+05:30,258.1,2025-08-19T13:15:00+05:30,247.15,death_cross,golden_cross,8705.25,508.83,40.17,120.5,8035.75,39.0
NSE:BHARTIARTL,SHORT,40,2025-08-07T13:15:00+05:30,1920.1,2025-08-19T13:15:00+05:30,1912.9,death_cross,golden_cross,288.0,233.48,15.33,46.0,-6.81,12.0
NSE:TATASTEEL,SHORT,550,2025-08-14T13:15:00+05:30,155.68,2025-08-20T09:15:00+05:30,162.18,death_cross,golden_cross,-3575.0,257.67,17.48,52.45,-3902.6,5.83
NSE:HDFCBANK,LONG,175,2025-08-19T09:15:00+05:30,500.07,2025-08-20T09:15:00+05:30,496.35,golden_cross,death_cross,-651.87,256.95,17.44,52.31,-978.57,1.0
NSE:INFY,SHORT,60,2025-07-14T09:15:00+05:30,1562.3,2025-08-20T13:15:00+05:30,1495.1,death_cross,golden_cross,4032.0,266.68,18.34,55.03,3691.95,37.17
NSE:TCS,SHORT,15,2025-07-02T13:15:00+05:30,3423.5,2025-08-20T13:15:00+05:30,3094.8,death_cross,golden_cross,4930.5,171.41,9.78,29.33,4719.98,49.0
NSE:HCLTECH,SHORT,70,2025-08-19T13:15:00+05:30,1479.7,2025-08-20T13:15:00+05:30,1496.0,death_cross,golden_cross,-1141.0,294.68,20.83,62.49,-1519.0,1.0
NSE:ADANIGREEN,SHORT,95,2025-07-25T13:15:00+05:30,978.0,2025-08-20T13:15:00+05:30,977.2,death_cross,golden_cross,76.0,269.53,18.57,55.72,-267.83,26.0
NSE:LT,LONG,15,2025-07-30T13:15:00+05:30,3659.2,2025-08-20T13:15:00+05:30,3593.0,golden_cross,death_cross,-993.0,184.09,10.88,32.63,-1220.6,21.0
NSE:HCLTECH,LONG,70,2025-08-21T09:15:00+05:30,1497.9,2025-08-22T09:15:00+05:30,1471.5,golden_cross,death_cross,-1848.0,294.25,20.79,62.36,-2225.39,1.0
NSE:BANKNIFTY,LONG,1.546422342691705,2025-08-20T09:15:00+05:30,55706.55,2025-08-22T13:15:00+05:30,55152.45,golden_cross,death_cross,-856.87,69.68,3.43,17.14,-947.13,2.17
NSE:HCLTECH,SHORT,70,2025-08-22T13:15:00+05:30,1467.1,2025-08-25T09:15:00+05:30,1506.3,death_cross,golden_cross,-2744.0,294.62,20.81,62.44,-3121.88,2.83
NSE:TATASTEEL,LONG,505,2025-08-20T13:15:00+05:30,161.77,2025-08-26T09:15:00+05:30,156.3,golden_cross,death_cross,-2762.35,241.83,16.06,48.19,-3068.43,5.83
NSE:HDFCBANK,SHORT,175,2025-08-20T13:15:00+05:30,497.07,2025-08-26T09:15:00+05:30,974.2,death_cross,golden_cross,-83496.88,355.5,25.75,77.24,-83955.37,5.83
NSE:SBIN,LONG,70,2025-08-11T13:15:00+05:30,820.8,2025-08-26T13:15:00+05:30,808.4,golden_cross,death_cross,-868.0,189.92,11.4,34.21,-1103.54,15.0
NSE:ADANIGREEN,LONG,95,2025-08-21T09:15:00+05:30,975.7,2025-08-26T13:15:00+05:30,931.0,golden_cross,death_cross,-4246.5,264.73,18.11,54.34,-4583.69,5.17
NSE:SENSEX,LONG,1.2453864837432498,2025-08-19T09:15:00+05:30,81656.82,2025-08-28T09:15:00+05:30,80240.01,golden_cross,death_cross,-1764.48,73.57,4.03,20.16,-1862.24,9.0
NSE:NIFTY,LONG,3.8239565981148678,2025-08-18T13:15:00+05:30,24884.05,2025-08-28T09:15:00+05:30,24557.9,golden_cross,death_cross,-1247.18,71.97,3.78,18.91,-1341.84,9.83
NSE:RELIANCE,LONG,5,2025-08-20T09:15:00+05:30,1420.2,2025-08-28T09:15:00+05:30,1376.7,golden_cross,death_cross,-217.5,78.69,1.4,4.2,-301.78,8.0
NSE:HCLTECH,LONG,65,2025-08-25T13:15:00+05:30,1505.0,2025-08-28T09:15:00+05:30,1451.7,golden_cross,death_cross,-3464.5,276.95,19.22,57.66,-3818.33,2.83
NSE:BHARTIARTL,LONG,40,2025-08-20T09:15:00+05:30,1931.9,2025-08-28T13:15:00+05:30,1888.0,golden_cross,death_cross,-1756.0,233.05,15.28,45.84,-2050.17,8.17
NSE:TATACONSUM,LONG,95,2025-08-19T09:15:00+05:30,1083.3,2025-08-29T09:15:00+05:30,1065.5,golden_cross,death_cross,-1691.0,290.1,20.41,61.24,-2062.75,10.0
NSE:TATACONSUM,SHORT,95,2025-08-29T13:15:00+05:30,1062.0,2025-09-02T09:15:00+05:30,1092.1,death_cross,golden_cross,-2859.5,290.75,20.46,61.39,-3232.1,3.83
NSE:TATASTEEL,SHORT,505,2025-08-26T13:15:00+05:30,155.05,2025-09-03T09:15:00+05:30,166.87,death_cross,golden_cross,-5969.1,244.23,16.26,48.77,-6278.36,7.83
NSE:ITC,SHORT,155,2025-08-18T09:15:00+05:30,409.0,2025-09-03T09:15:00+05:30,412.0,death_cross,golden_cross,-465.0,204.57,12.73,38.18,-720.48,16.0
NSE:INFY,LONG,65,2025-08-21T09:15:00+05:30,1500.7,2025-09-04T09:15:00+05:30,1469.4,golden_cross,death_cross,-2034.5,277.81,19.31,57.92,-2389.53,14.0
NSE:WIPRO,LONG,845,2025-08-20T09:15:00+05:30,252.04,2025-09-04T13:15:00+05:30,245.45,golden_cross,death_cross,-5568.55,530.68,42.04,126.11,-6267.39,15.17
NSE:TCS,LONG,20,2025-08-21T09:15:00+05:30,3114.4,2025-09-05T09:15:00+05:30,3039.2,golden_cross,death_cross,-1504.0,200.0,12.31,36.92,-1753.23,15.0
NSE:NIFTY,SHORT,3.8241274900843485,2025-08-28T13:15:00+05:30,24533.1,2025-09-08T09:15:00+05:30,24867.8,death_cross,golden_cross,-1279.94,71.94,3.78,18.89,-1374.55,10.83
NSE:SENSEX,SHORT,1.2447894127082844,2025-08-28T13:15:00+05:30,80204.43,2025-09-09T09:15:00+05:30,81070.52,death_cross,golden_cross,-1078.1,73.52,4.02,20.08,-1175.71,11.83
NSE:TATACONSUM,LONG,90,2025-09-02T13:15:00+05:30,1105.5,2025-09-09T09:15:00+05:30,1075.0,golden_cross,death_cross,-2745.0,281.41,19.62,58.87,-3104.91,6.83
NSE:INFY,SHORT,65,2025-09-04T13:15:00+05:30,1461.5,2025-09-10T09:15:00+05:30,1532.1,death_cross,golden_cross,-4589.0,279.7,19.46,58.38,-4946.53,5.83
NSE:HINDUNILVR,LONG,35,2025-08-18T13:15:00+05:30,2565.0,2025-09-10T09:15:00+05:30,2633.9,golden_cross,death_cross,2411.5,265.15,18.2,54.59,2073.57,22.83
NSE:WIPRO,SHORT,850,2025-09-05T09:15:00+05:30,243.69,2025-09-10T09:15:00+05:30,256.44,death_cross,golden_cross,-10837.5,536.34,42.51,127.53,-11543.88,5.0
NSE:ADANIGREEN,SHORT,95,2025-08-28T09:15:00+05:30,922.85,2025-09-10T09:15:00+05:30,965.05,death_cross,golden_cross,-4009.0,262.73,17.94,53.81,-4343.47,13.0
NSE:SBIN,SHORT,70,2025-08-28T09:15:00+05:30,807.5,2025-09-10T13:15:00+05:30,818.45,death_cross,golden_cross,-766.5,189.66,11.38,34.14,-1001.69,13.17
NSE:BANKNIFTY,SHORT,1.5423650968577636,2025-08-25T09:15:00+05:30,55240.85,2025-09-11T09:15:00+05:30,54699.0,death_cross,golden_cross,835.73,69.59,3.39,16.96,745.79,17.0
NSE:HINDUNILVR,LONG,35,2025-09-10T13:15:00+05:30,2646.0,2025-09-11T09:15:00+05:30,2632.9,golden_cross,death_cross,-458.5,268.48,18.48,55.43,-800.88,0.83
NSE:TCS,SHORT,20,2025-09-05T13:15:00+05:30,3048.0,2025-09-11T09:15:00+05:30,3121.4,death_cross,golden_cross,-1468.0,200.35,12.34,37.02,-1717.71,5.83
NSE:BHARTIARTL,SHORT,40,2025-08-29T09:15:00+05:30,1886.5,2025-09-11T13:15:00+05:30,1914.2,death_cross,golden_cross,-1108.0,232.15,15.2,45.61,-1400.96,13.17
NSE:RELIANCE,SHORT,5,2025-08-28T13:15:00+05:30,1390.9,2025-09-12T09:15:00+05:30,1391.7,death_cross,golden_cross,-4.0,78.59,1.39,4.17,-88.16,14.83
NSE:HCLTECH,SHORT,65,2025-08-28T13:15:00+05:30,1450.2,2025-09-12T13:15:00+05:30,1466.0,death_cross,golden_cross,-1027.0,273.84,18.96,56.87,-1376.66,15.0
NSE:ICICIBANK,SHORT,40,2025-08-05T13:15:00+05:30,1445.0,2025-09-15T09:15:00+05:30,1423.2,death_cross,golden_cross,872.0,190.55,11.47,34.42,635.56,40.83
NSE:LT,SHORT,15,2025-08-21T09:15:00+05:30,3619.6,2025-09-15T13:15:00+05:30,3588.6,death_cross,golden_cross,465.0,183.24,10.81,32.44,238.51,25.17
NSE:ICICIBANK,LONG,40,2025-09-15T13:15:00+05:30,1418.0,2025-09-22T09:15:00+05:30,1409.6,golden_cross,death_cross,-336.0,188.84,11.31,33.93,-570.08,6.83
NSE:ITC,LONG,155,2025-09-03T13:15:00+05:30,411.1,2025-09-22T09:15:00+05:30,407.35,golden_cross,death_cross,-581.25,204.14,12.69,38.06,-836.14,18.83
NSE:HCLTECH,LONG,65,2025-09-15T09:15:00+05:30,1461.0,2025-09-22T13:15:00+05:30,1442.0,golden_cross,death_cross,-1235.0,272.91,18.87,56.61,-1583.38,7.17
NSE:TCS,LONG,20,2025-09-11T13:15:00+05:30,3125.2,2025-09-23T09:15:00+05:30,3060.6,golden_cross,death_cross,-1292.0,200.7,12.37,37.11,-1542.19,11.83
NSE:WIPRO,LONG,765,2025-09-10T13:15:00+05:30,255.71,2025-09-23T13:15:00+05:30,249.4,golden_cross,death_cross,-4827.15,492.88,38.64,115.92,-5474.59,13.0
NSE:INFY,LONG,55,2025-09-10T13:15:00+05:30,1532.0,2025-09-24T09:15:00+05:30,1489.5,golden_cross,death_cross,-2337.5,247.97,16.62,49.85,-2651.94,13.83
NSE:RELIANCE,LONG,5,2025-09-12T13:15:00+05:30,1395.0,2025-09-24T13:15:00+05:30,1381.1,golden_cross,death_cross,-69.5,78.56,1.39,4.16,-153.61,12.0
NSE:SENSEX,LONG,1.2164841785321208,2025-09-09T13:15:00+05:30,81107.04,2025-09-25T13:15:00+05:30,81194.99,golden_cross,death_cross,106.99,73.19,3.95,19.74,10.11,16.0
NSE:NIFTY,LONG,3.7290354319695926,2025-09-08T13:15:00+05:30,24791.2,2025-09-25T13:15:00+05:30,24904.55,golden_cross,death_cross,422.69,71.62,3.71,18.53,328.82,17.0
NSE:BANKNIFTY,LONG,1.5728017306012734,2025-09-11T13:15:00+05:30,54644.6,2025-09-26T13:15:00+05:30,54417.35,golden_cross,death_cross,-357.42,69.74,3.43,17.15,-447.74,15.0
NSE:BHARTIARTL,LONG,40,2025-09-12T09:15:00+05:30,1914.8,2025-09-29T09:15:00+05:30,1917.6,golden_cross,death_cross,112.0,233.47,15.33,45.99,-182.79,17.0
NSE:TATASTEEL,LONG,430,2025-09-03T13:15:00+05:30,167.83,2025-09-29T13:15:00+05:30,169.3,golden_cross,death_cross,632.1,224.17,14.5,43.49,349.94,26.0
NSE:BANKNIFTY,SHORT,1.56885864291765,2025-09-29T09:15:00+05:30,54497.4,2025-10-03T09:15:00+05:30,55559.5,death_cross,golden_cross,-1666.28,69.77,3.45,17.27,-1756.78,4.0
NSE:TATASTEEL,SHORT,425,2025-09-30T09:15:00+05:30,169.43,2025-10-03T13:15:00+05:30,173.29,death_cross,golden_cross,-1640.5,225.11,14.57,43.7,-1923.87,3.17
NSE:SENSEX,SHORT,1.2217908504883992,2025-09-26T09:15:00+05:30,80763.01,2025-10-07T09:15:00+05:30,82190.47,death_cross,golden_cross,-1744.06,73.24,3.98,19.91,-1841.19,11.0
NSE:NIFTY,SHORT,3.747164259383311,2025-09-26T09:15:00+05:30,24758.75,2025-10-07T09:15:00+05:30,25188.1,death_cross,golden_cross,-1608.84,71.68,3.74,18.72,-1702.99,11.0
NSE:HCLTECH,SHORT,65,2025-09-23T09:15:00+05:30,1430.5,2025-10-08T09:15:00+05:30,1453.7,death_cross,golden_cross,-1508.0,271.57,18.75,56.24,-1854.56,15.0
NSE:BHARTIARTL,SHORT,40,2025-09-29T13:15:00+05:30,1906.5,2025-10-08T09:15:00+05:30,1948.9,death_cross,golden_cross,-1696.0,234.63,15.42,46.26,-1992.31,8.83
NSE:INFY,SHORT,55,2025-09-24T13:15:00+05:30,1494.9,2025-10-09T09:15:00+05:30,1505.0,death_cross,golden_cross,-555.5,246.52,16.5,49.5,-868.02,14.83
NSE:TCS,SHORT,20,2025-09-23T13:15:00+05:30,3065.0,2025-10-09T09:15:00+05:30,3039.2,death_cross,golden_cross,516.0,198.75,12.21,36.63,268.41,15.83
NSE:TATACONSUM,LONG,85,2025-09-09T13:15:00+05:30,1082.3,2025-10-09T09:15:00+05:30,1117.1,golden_cross,death_cross,2958.0,270.65,18.69,56.08,2612.57,29.83
NSE:WIPRO,SHORT,775,2025-09-24T09:15:00+05:30,245.15,2025-10-09T13:15:00+05:30,246.4,death_cross,golden_cross,-968.75,486.53,38.1,114.29,-1607.66,15.17
NSE:ICICIBANK,SHORT,40,2025-09-22T13:15:00+05:30,1402.2,2025-10-13T09:15:00+05:30,1379.5,death_cross,golden_cross,908.0,186.71,11.13,33.38,676.79,20.83
NSE:ADANIGREEN,LONG,85,2025-09-10T13:15:00+05:30,965.5,2025-10-14T09:15:00+05:30,1025.8,golden_cross,death_cross,5125.5,250.83,16.93,50.78,4806.96,33.83
NSE:TCS,LONG,20,2025-10-09T13:15:00+05:30,3060.2,2025-10-14T13:15:00+05:30,2960.0,golden_cross,death_cross,-2004.0,197.08,12.04,36.12,-2249.24,5.0
NSE:RELIANCE,SHORT,5,2025-09-25T09:15:00+05:30,1376.1,2025-10-16T09:15:00+05:30,1383.1,death_cross,golden_cross,-35.0,78.46,1.38,4.14,-118.98,21.0
NSE:INFY,LONG,55,2025-10-09T13:15:00+05:30,1509.7,2025-10-16T09:15:00+05:30,1467.2,golden_cross,death_cross,-2337.5,245.25,16.37,49.12,-2648.24,6.83
NSE:HINDUNILVR,SHORT,35,2025-09-11T13:15:00+05:30,2626.7,2025-10-16T13:15:00+05:30,2560.0,death_cross,golden_cross,2334.5,264.68,18.15,54.46,1997.21,35.0
NSE:TATACONSUM,SHORT,85,2025-10-09T13:15:00+05:30,1115.0,2025-10-16T13:15:00+05:30,1148.7,death_cross,golden_cross,-2864.5,277.16,19.24,57.72,-3218.63,7.0
NSE:ITC,SHORT,150,2025-09-22T13:15:00+05:30,407.0,2025-10-17T09:15:00+05:30,412.5,death_cross,golden_cross,-825.0,199.79,12.29,36.88,-1073.96,24.83
NSE:WIPRO,LONG,755,2025-10-10T09:15:00+05:30,249.6,2025-10-20T09:15:00+05:30,241.56,golden_cross,death_cross,-6070.2,475.66,37.08,111.25,-6694.19,10.0
NSE:TCS,SHORT,20,2025-10-15T09:15:00+05:30,2969.4,2025-10-20T13:15:00+05:30,3016.3,death_cross,golden_cross,-938.0,196.23,11.97,35.91,-1182.12,5.17
NSE:INFY,SHORT,55,2025-10-16T13:15:00+05:30,1470.9,2025-10-23T09:15:00+05:30,1542.5,death_cross,golden_cross,-3938.0,247.6,16.57,49.72,-4251.89,6.83
NSE:ICICIBANK,LONG,40,2025-10-13T13:15:00+05:30,1381.0,2025-10-23T13:15:00+05:30,1364.3,golden_cross,death_cross,-668.0,185.21,10.98,32.94,-897.13,10.0
NSE:HINDUNILVR,LONG,35,2025-10-17T09:15:00+05:30,2607.6,2025-10-27T13:15:00+05:30,2512.7,golden_cross,death_cross,-3321.5,262.52,17.92,53.76,-3655.71,10.17
NSE:ADANIGREEN,SHORT,85,2025-10-14T13:15:00+05:30,1034.0,2025-10-29T09:15:00+05:30,1115.3,death_cross,golden_cross,-6910.5,266.66,18.27,54.81,-7250.23,14.83
NSE:INFY,LONG,50,2025-10-23T13:15:00+05:30,1525.0,2025-11-03T09:15:00+05:30,1480.0,golden_cross,death_cross,-2250.0,230.26,15.03,45.07,-2540.36,10.83
NSE:TCS,LONG,15,2025-10-21T13:15:00+05:30,3000.0,2025-11-04T09:15:00+05:30,2983.5,golden_cross,death_cross,-247.5,162.88,8.98,26.93,-446.28,13.83
NSE:SENSEX,LONG,1.181665433860093,2025-10-07T13:15:00+05:30,81951.98,2025-11-04T13:15:00+05:30,83451.75,golden_cross,death_cross,1772.23,73.08,3.91,19.55,1675.69,28.0
NSE:NIFTY,LONG,3.626724559496795,2025-10-07T13:15:00+05:30,25112.8,2025-11-04T13:15:00+05:30,25586.25,golden_cross,death_cross,1717.07,71.55,3.68,18.39,1623.46,28.0
NSE:ITC,LONG,150,2025-10-17T13:15:00+05:30,411.4,2025-11-06T09:15:00+05:30,408.5,golden_cross,death_cross,-435.0,199.83,12.3,36.9,-684.02,19.83
NSE:ADANIGREEN,LONG,70,2025-10-29T13:15:00+05:30,1115.3,2025-11-07T13:15:00+05:30,1059.0,golden_cross,death_cross,-3941.0,232.56,15.22,45.66,-4234.44,9.0
NSE:LT,LONG,15,2025-09-16T09:15:00+05:30,3670.6,2025-11-07T13:15:00+05:30,3882.1,golden_cross,death_cross,3172.5,188.78,11.33,33.99,2938.4,52.17
NSE:BHARTIARTL,LONG,35,2025-10-08T13:15:00+05:30,1939.0,2025-11-10T09:15:00+05:30,2017.7,golden_cross,death_cross,2754.5,216.81,13.85,41.55,2482.3,32.83
NSE:INFY,SHORT,50,2025-11-03T13:15:00+05:30,1486.0,2025-11-10T13:15:00+05:30,1515.0,death_cross,golden_cross,-1450.0,229.98,15.01,45.02,-1740.0,7.0
NSE:TATACONSUM,LONG,80,2025-10-17T09:15:00+05:30,1169.1,2025-11-10T13:15:00+05:30,1141.2,golden_cross,death_cross,-2232.0,268.68,18.48,55.45,-2574.61,24.17
NSE:LT,SHORT,15,2025-11-10T09:15:00+05:30,3932.4,2025-11-11T09:15:00+05:30,3940.4,death_cross,golden_cross,-120.0,194.37,11.81,35.43,-361.6,1.0
NSE:TCS,SHORT,15,2025-11-04T13:15:00+05:30,2987.7,2025-11-11T13:15:00+05:30,3049.0,death_cross,golden_cross,-919.5,163.82,9.06,27.17,-1119.54,7.0
NSE:SENSEX,SHORT,1.17900317843275,2025-11-06T09:15:00+05:30,83554.06,2025-11-12T09:15:00+05:30,84634.16,death_cross,golden_cross,-1273.44,73.18,3.97,19.83,-1370.42,6.0
NSE:WIPRO,SHORT,750,2025-10-20T13:15:00+05:30,241.43,2025-11-12T09:15:00+05:30,245.82,death_cross,golden_cross,-3292.5,469.46,36.54,109.63,-3908.14,22.83
NSE:NIFTY,SHORT,3.62325122171876,2025-11-06T09:15:00+05:30,25583.6,2025-11-12T13:15:00+05:30,25874.0,death_cross,golden_cross,-1052.19,71.64,3.73,18.64,-1146.21,6.17
NSE:BHARTIARTL,SHORT,35,2025-11-10T13:15:00+05:30,2020.5,2025-11-12T13:15:00+05:30,2077.9,death_cross,golden_cross,-2009.0,222.68,14.34,43.03,-2289.06,2.0
NSE:TATASTEEL,LONG,415,2025-10-06T09:15:00+05:30,170.0,2025-11-13T09:15:00+05:30,177.5,golden_cross,death_cross,3112.5,223.15,14.42,43.26,2831.67,38.0
NSE:ICICIBANK,SHORT,40,2025-10-24T09:15:00+05:30,1377.6,2025-11-13T09:15:00+05:30,1389.4,death_cross,golden_cross,-472.0,186.16,11.07,33.2,-702.43,20.0
NSE:ADANIGREEN,SHORT,70,2025-11-10T09:15:00+05:30,1062.8,2025-11-17T09:15:00+05:30,1085.5,death_cross,golden_cross,-1589.0,230.36,15.04,45.11,-1879.51,7.0
NSE:TATACONSUM,SHORT,80,2025-11-11T09:15:00+05:30,1152.4,2025-11-17T13:15:00+05:30,1179.0,death_cross,golden_cross,-2128.0,270.55,18.65,55.95,-2473.15,6.17
NSE:INFY,LONG,45,2025-11-11T09:15:00+05:30,1524.6,2025-11-18T13:15:00+05:30,1486.8,golden_cross,death_cross,-1701.0,213.84,13.55,40.65,-1969.05,7.17
NSE:TATACONSUM,LONG,75,2025-11-18T09:15:00+05:30,1166.0,2025-11-18T13:15:00+05:30,1152.0,golden_cross,death_cross,-1050.0,77.72,17.39,52.16,-1197.26,0.17
NSE:TATACONSUM,SHORT,75,2025-11-19T09:15:00+05:30,1161.8,2025-11-20T09:15:00+05:30,1172.0,death_cross,golden_cross,-765.0,257.69,17.5,52.51,-1092.7,1.0
NSE:ADANIGREEN,LONG,65,2025-11-17T13:15:00+05:30,1088.0,2025-11-20T13:15:00+05:30,1065.0,golden_cross,death_cross,-1495.0,218.75,13.99,41.98,-1769.73,3.0
NSE:ICICIBANK,LONG,40,2025-11-13T13:15:00+05:30,1385.4,2025-11-25T13:15:00+05:30,1356.9,golden_cross,death_cross,-1140.0,185.11,10.97,32.91,-1368.98,12.0
NSE:ICICIBANK,SHORT,40,2025-11-26T09:15:00+05:30,1371.8,2025-11-26T13:15:00+05:30,1375.0,death_cross,golden_cross,-128.0,66.55,10.99,32.96,-238.5,0.17
NSE:HINDUNILVR,SHORT,35,2025-10-28T09:15:00+05:30,2494.5,2025-11-27T13:15:00+05:30,2455.0,death_cross,golden_cross,1382.5,255.53,17.32,51.97,1057.68,30.17
NSE:BHARTIARTL,LONG,35,2025-11-13T09:15:00+05:30,2097.2,2025-11-28T13:15:00+05:30,2100.0,golden_cross,death_cross,98.0,226.36,14.69,44.07,-187.12,15.17
NSE:TATACONSUM,LONG,75,2025-11-20T13:15:00+05:30,1169.0,2025-12-01T13:15:00+05:30,1162.5,golden_cross,death_cross,-487.5,257.48,17.49,52.46,-814.92,11.0
NSE:SBIN,LONG,65,2025-09-11T09:15:00+05:30,823.85,2025-12-03T09:15:00+05:30,953.1,golden_cross,death_cross,8401.25,190.85,11.55,34.65,8164.2,83.0
NSE:NIFTY,LONG,3.5242593309259647,2025-11-13T09:15:00+05:30,25977.95,2025-12-04T09:15:00+05:30,26000.8,golden_cross,death_cross,80.53,71.31,3.66,18.32,-12.77,21.0
NSE:LT,LONG,15,2025-11-11T13:15:00+05:30,3954.0,2025-12-04T09:15:00+05:30,4001.0,golden_cross,death_cross,705.0,195.67,11.93,35.8,461.6,22.83
NSE:NIFTY,SHORT,3.518466866059201,2025-12-04T13:15:00+05:30,26017.1,2025-12-05T09:15:00+05:30,26180.95,death_cross,golden_cross,-576.5,71.32,3.67,18.37,-669.86,0.83
NSE:RELIANCE,LONG,5,2025-10-16T13:15:00+05:30,1398.5,2025-12-05T09:15:00+05:30,1537.2,golden_cross,death_cross,693.5,79.39,1.47,4.4,608.24,49.83
NSE:HINDUNILVR,LONG,35,2025-11-28T09:15:00+05:30,2462.6,2025-12-05T09:15:00+05:30,2330.2,golden_cross,death_cross,-4634.0,249.88,16.77,50.32,-4950.98,7.0
NSE:NIFTY,LONG,3.471508077633178,2025-12-05T13:15:00+05:30,26176.65,2025-12-08T13:15:00+05:30,25932.8,golden_cross,death_cross,-846.53,70.93,3.62,18.09,-939.16,3.0
NSE:SENSEX,LONG,1.1505571309464635,2025-11-12T13:15:00+05:30,84432.3,2025-12-09T09:15:00+05:30,84809.85,golden_cross,death_cross,434.39,72.86,3.89,19.47,338.16,26.83
NSE:BANKNIFTY,LONG,1.5063271567241672,2025-10-03T13:15:00+05:30,55596.95,2025-12-10T09:15:00+05:30,58964.8,golden_cross,death_cross,5073.08,70.37,3.45,17.26,4982.01,67.83
NSE:ICICIBANK,LONG,40,2025-11-27T09:15:00+05:30,1386.1,2025-12-10T09:15:00+05:30,1366.1,golden_cross,death_cross,-800.0,185.52,11.01,33.03,-1029.56,13.0
NSE:RELIANCE,SHORT,5,2025-12-05T13:15:00+05:30,1544.6,2025-12-12T09:15:00+05:30,1557.9,death_cross,golden_cross,-66.5,80.37,1.55,4.65,-153.08,6.83
NSE:LT,SHORT,15,2025-12-04T13:15:00+05:30,3991.0,2025-12-12T09:15:00+05:30,4094.5,death_cross,golden_cross,-1552.5,198.02,12.13,36.38,-1799.03,7.83
NSE:TATASTEEL,SHORT,415,2025-11-13T13:15:00+05:30,176.55,2025-12-12T13:15:00+05:30,172.0,death_cross,golden_cross,1888.25,223.73,14.46,43.39,1606.67,29.0
NSE:BANKNIFTY,SHORT,1.505206371488637,2025-12-10T13:15:00+05:30,58938.3,2025-12-15T09:15:00+05:30,59527.1,death_cross,golden_cross,-886.27,70.59,3.57,17.83,-978.25,4.83
NSE:ADANIGREEN,SHORT,70,2025-11-21T09:15:00+05:30,1043.4,2025-12-15T09:15:00+05:30,1050.2,death_cross,golden_cross,-476.0,226.02,14.66,43.97,-760.64,24.0
NSE:TATACONSUM,SHORT,75,2025-12-02T09:15:00+05:30,1157.5,2025-12-16T09:15:00+05:30,1167.5,death_cross,golden_cross,-750.0,256.96,17.44,52.31,-1076.71,14.0
NSE:BANKNIFTY,LONG,1.4759765286499502,2025-12-15T13:15:00+05:30,59444.7,2025-12-16T13:15:00+05:30,59010.6,golden_cross,death_cross,-640.72,70.15,3.5,17.48,-731.85,1.0
NSE:SBIN,SHORT,65,2025-12-03T13:15:00+05:30,950.8,2025-12-17T09:15:00+05:30,974.8,death_cross,golden_cross,-1560.0,202.33,12.52,37.55,-1812.4,13.83
NSE:BHARTIARTL,SHORT,35,2025-12-01T09:15:00+05:30,2093.8,2025-12-17T13:15:00+05:30,2109.0,death_cross,golden_cross,-532.0,226.63,14.71,44.13,-817.47,16.17
NSE:ADANIGREEN,LONG,65,2025-12-15T13:15:00+05:30,1043.9,2025-12-18T09:15:00+05:30,1016.5,golden_cross,death_cross,-1781.0,212.09,13.39,40.18,-2046.66,2.83
NSE:HCLTECH,LONG,65,2025-10-08T13:15:00+05:30,1452.5,2025-12-19T09:15:00+05:30,1638.4,golden_cross,death_cross,12083.5,285.48,20.09,60.27,11717.66,71.83
NSE:NIFTY,SHORT,3.475717307719151,2025-12-09T09:15:00+05:30,25875.55,2025-12-22T09:15:00+05:30,26139.95,death_cross,golden_cross,-918.98,70.91,3.62,18.08,-1011.58,13.0
NSE:SENSEX,SHORT,1.1510787385194745,2025-12-09T13:15:00+05:30,84686.94,2025-12-22T13:15:00+05:30,85544.81,death_cross,golden_cross,-987.48,72.9,3.92,19.6,-1083.89,13.0
NSE:HCLTECH,SHORT,60,2025-12-19T13:15:00+05:30,1641.8,2025-12-22T13:15:00+05:30,1665.0,death_cross,golden_cross,-1392.0,283.71,19.84,59.52,-1755.07,3.0
NSE:ITC,SHORT,150,2025-11-06T13:15:00+05:30,408.5,2025-12-23T09:15:00+05:30,404.9,death_cross,golden_cross,540.0,198.67,12.2,36.6,292.53,46.83
NSE:BANKNIFTY,SHORT,1.4785471209834662,2025-12-17T09:15:00+05:30,58847.85,2025-12-23T13:15:00+05:30,59276.55,death_cross,golden_cross,-633.85,70.13,3.49,17.47,-724.94,6.17
NSE:BANKNIFTY,LONG,1.4562774392622262,2025-12-24T09:15:00+05:30,59251.45,2025-12-26T09:15:00+05:30,59034.15,golden_cross,death_cross,-316.45,69.84,3.45,17.23,-406.96,2.0
NSE:HCLTECH,LONG,60,2025-12-23T09:15:00+05:30,1681.4,2025-12-29T09:15:00+05:30,1639.3,golden_cross,death_cross,-2526.0,284.72,19.92,59.77,-2890.42,6.0
NSE:SBIN,LONG,60,2025-12-17T13:15:00+05:30,976.35,2025-12-29T09:15:00+05:30,964.1,golden_cross,death_cross,-735.0,192.56,11.64,34.93,-974.13,11.83
NSE:SENSEX,LONG,1.1265634879782198,2025-12-23T09:15:00+05:30,85570.58,2025-12-29T13:15:00+05:30,84707.68,golden_cross,death_cross,-972.11,72.36,3.84,19.18,-1067.49,6.17
NSE:BHARTIARTL,LONG,35,2025-12-18T09:15:00+05:30,2109.0,2025-12-29T13:15:00+05:30,2081.4,golden_cross,death_cross,-966.0,226.18,14.67,44.0,-1250.84,11.17
NSE:LT,LONG,15,2025-12-12T13:15:00+05:30,4072.8,2025-12-29T13:15:00+05:30,4039.0,golden_cross,death_cross,-507.0,198.38,12.17,36.5,-754.05,17.0
NSE:NIFTY,LONG,3.399013472627191,2025-12-22T13:15:00+05:30,26162.75,2025-12-30T09:15:00+05:30,25890.35,golden_cross,death_cross,-925.89,70.4,3.54,17.69,-1017.52,7.83
NSE:RELIANCE,LONG,5,2025-12-12T13:15:00+05:30,1554.3,2025-12-30T09:15:00+05:30,1543.5,golden_cross,death_cross,-54.0,80.35,1.55,4.65,-140.54,17.83
NSE:ITC,LONG,150,2025-12-23T13:15:00+05:30,408.85,2025-12-30T13:15:00+05:30,401.1,golden_cross,death_cross,-1162.5,198.22,12.15,36.45,-1409.32,7.0
NSE:SBIN,SHORT,60,2025-12-29T13:15:00+05:30,965.7,2025-12-30T13:15:00+05:30,973.1,death_cross,golden_cross,-444.0,192.43,11.63,34.9,-682.96,1.0
NSE:NIFTY,SHORT,3.3851058566549406,2025-12-30T13:15:00+05:30,25970.55,2025-12-31T09:15:00+05:30,26155.35,death_cross,golden_cross,-625.57,70.36,3.53,17.65,-717.11,0.83
NSE:BANKNIFTY,SHORT,1.45574384976948,2025-12-26T13:15:00+05:30,58994.45,2025-12-31T09:15:00+05:30,59705.5,death_cross,golden_cross,-1035.11,69.85,3.46,17.28,-1125.69,4.83
NSE:RELIANCE,SHORT,5,2025-12-30T13:15:00+05:30,1541.0,2025-12-31T09:15:00+05:30,1572.5,death_cross,golden_cross,-157.5,80.44,1.56,4.67,-244.17,0.83
NSE:HINDUNILVR,SHORT,35,2025-12-05T13:15:00+05:30,2341.0,2025-12-31T13:15:00+05:30,2317.0,death_cross,golden_cross,840.0,244.23,16.3,48.91,530.56,26.0
NSE:TCS,LONG,15,2025-11-12T09:15:00+05:30,3125.0,2025-12-31T13:15:00+05:30,3210.0,golden_cross,death_cross,1275.0,168.63,9.5,28.51,1068.36,49.17
NSE:SENSEX,SHORT,1.1276535335007851,2025-12-30T09:15:00+05:30,84544.05,2026-01-01T09:15:00+05:30,85269.4,death_cross,golden_cross,-817.94,72.33,3.83,19.15,-913.25,2.0
NSE:BHARTIARTL,SHORT,35,2025-12-30T09:15:00+05:30,2096.5,2026-01-01T09:15:00+05:30,2119.4,death_cross,golden_cross,-801.5,227.16,14.76,44.27,-1087.68,2.0
NSE:ADANIGREEN,SHORT,70,2025-12-18T13:15:00+05:30,1010.8,2026-01-01T13:15:00+05:30,1025.9,death_cross,golden_cross,-1057.0,221.64,14.26,42.77,-1335.66,14.0
NSE:INFY,LONG,45,2025-11-19T09:15:00+05:30,1535.7,2026-01-05T09:15:00+05:30,1607.0,golden_cross,death_cross,3208.5,220.04,14.14,42.43,2931.89,47.0
NSE:ICICIBANK,SHORT,40,2025-12-10T13:15:00+05:30,1364.5,2026-01-05T13:15:00+05:30,1372.0,death_cross,golden_cross,-300.0,184.79,10.95,32.84,-528.57,26.0
NSE:BHARTIARTL,LONG,35,2026-01-01T13:15:00+05:30,2111.4,2026-01-06T09:15:00+05:30,2095.0,golden_cross,death_cross,-574.0,226.77,14.72,44.17,-859.66,4.83
NSE:RELIANCE,LONG,5,2025-12-31T13:15:00+05:30,1569.0,2026-01-06T13:15:00+05:30,1508.9,golden_cross,death_cross,-300.5,80.25,1.54,4.62,-386.91,6.0
NSE:TCS,SHORT,15,2026-01-01T09:15:00+05:30,3227.0,2026-01-07T09:15:00+05:30,3286.0,death_cross,golden_cross,-885.0,171.76,9.77,29.31,-1095.84,6.0
NSE:SENSEX,LONG,1.1086478950871552,2026-01-01T13:15:00+05:30,85172.11,2026-01-07T13:15:00+05:30,84968.05,golden_cross,death_cross,-226.23,72.0,3.77,18.86,-320.87,6.0
NSE:ADANIGREEN,LONG,65,2026-01-02T09:15:00+05:30,1037.2,2026-01-08T09:15:00+05:30,995.5,golden_cross,death_cross,-2710.5,210.15,13.21,39.64,-2973.5,6.0
NSE:NIFTY,LONG,3.335574962739138,2025-12-31T13:15:00+05:30,26141.85,2026-01-08T13:15:00+05:30,25868.9,golden_cross,death_cross,-910.45,69.95,3.47,17.35,-1001.21,8.0
NSE:TCS,LONG,15,2026-01-07T13:15:00+05:30,3294.0,2026-01-08T13:15:00+05:30,3196.0,golden_cross,death_cross,-1470.0,171.42,9.73,29.2,-1680.36,1.0
NSE:WIPRO,LONG,725,2025-11-12T13:15:00+05:30,245.39,2026-01-08T13:15:00+05:30,261.9,golden_cross,death_cross,11969.75,470.92,36.78,110.34,11351.71,57.0
NSE:HCLTECH,SHORT,60,2025-12-29T13:15:00+05:30,1630.6,2026-01-09T09:15:00+05:30,1666.7,death_cross,golden_cross,-2166.0,283.14,19.78,59.35,-2528.27,10.83
NSE:LT,LONG,15,2025-12-30T09:15:00+05:30,4058.0,2026-01-09T09:15:00+05:30,4017.3,golden_cross,death_cross,-610.5,197.78,12.11,36.34,-856.73,10.0
NSE:BANKNIFTY,LONG,1.4216606957005313,2025-12-31T13:15:00+05:30,59619.35,2026-01-12T09:15:00+05:30,59498.35,golden_cross,death_cross,-172.02,69.47,3.39,16.93,-261.81,11.83
NSE:TATACONSUM,LONG,70,2025-12-16T13:15:00+05:30,1172.0,2026-01-14T09:15:00+05:30,1174.0,golden_cross,death_cross,140.0,245.61,16.42,49.27,-171.29,28.83
NSE:BANKNIFTY,SHORT,1.419313116572002,2026-01-12T13:15:00+05:30,59534.05,2026-01-16T09:15:00+05:30,59980.5,death_cross,golden_cross,-633.65,69.47,3.39,16.96,-723.47,3.83
NSE:INFY,SHORT,45,2026-01-05T13:15:00+05:30,1604.1,2026-01-16T09:15:00+05:30,1686.0,death_cross,golden_cross,-3685.5,227.93,14.81,44.42,-3972.65,10.83
NSE:ICICIBANK,LONG,40,2026-01-06T09:15:00+05:30,1410.1,2026-01-20T09:15:00+05:30,1384.8,golden_cross,death_cross,-1012.0,187.44,11.18,33.54,-1244.15,14.0
NSE:BANKNIFTY,LONG,1.3937024169183392,2026-01-16T13:15:00+05:30,60110.5,2026-01-21T09:15:00+05:30,59019.9,golden_cross,death_cross,-1519.97,68.91,3.32,16.6,-1608.81,4.83
NSE:HINDUNILVR,LONG,35,2026-01-01T09:15:00+05:30,2310.7,2026-01-29T09:15:00+05:30,2338.7,golden_cross,death_cross,980.0,243.89,16.27,48.82,671.02,28.0
NSE:BANKNIFTY,SHORT,1.3988844852342086,2026-01-21T13:15:00+05:30,58741.2,2026-01-29T13:15:00+05:30,59980.4,death_cross,golden_cross,-1733.5,68.9,3.32,16.61,-1822.33,8.0
NSE:LT,SHORT,15,2026-01-09T13:15:00+05:30,4019.8,2026-01-30T13:15:00+05:30,3935.0,death_cross,golden_cross,1272.0,195.63,11.93,35.8,1028.64,21.0
NSE:BANKNIFTY,LONG,1.3481467870363142,2026-01-30T09:15:00+05:30,59604.25,2026-02-01T09:15:00+05:30,58958.6,golden_cross,death_cross,-870.43,68.16,3.2,15.98,-957.77,2.0
NSE:INFY,LONG,40,2026-01-16T13:15:00+05:30,1689.1,2026-02-01T13:15:00+05:30,1642.0,golden_cross,death_cross,-1884.0,211.34,13.32,39.97,-2148.63,16.0
NSE:HCLTECH,LONG,55,2026-01-09T13:15:00+05:30,1662.1,2026-02-02T09:15:00+05:30,1682.2,golden_cross,death_cross,1105.5,267.44,18.39,55.18,764.48,23.83
NSE:SBIN,LONG,60,2025-12-31T09:15:00+05:30,984.35,2026-02-02T13:15:00+05:30,1026.5,golden_cross,death_cross,2529.0,197.01,12.07,36.2,2283.73,33.17
NSE:TCS,SHORT,15,2026-01-09T09:15:00+05:30,3216.3,2026-02-03T09:15:00+05:30,3228.7,death_cross,golden_cross,-186.0,170.57,9.67,29.0,-395.24,25.0
NSE:SENSEX,SHORT,1.1159372502921083,2026-01-08T09:15:00+05:30,84329.09,2026-02-03T13:15:00+05:30,83703.39,death_cross,golden_cross,698.24,71.94,3.75,18.75,603.8,26.17
NSE:BANKNIFTY,SHORT,1.3606730568076997,2026-02-01T13:15:00+05:30,58353.75,2026-02-03T13:15:00+05:30,59986.7,death_cross,golden_cross,-2221.91,68.19,3.22,16.1,-2309.42,2.0
NSE:ADANIGREEN,SHORT,65,2026-01-08T13:15:00+05:30,983.8,2026-02-03T13:15:00+05:30,932.0,death_cross,golden_cross,3367.0,201.26,12.45,37.36,3115.93,26.0
NSE:NIFTY,SHORT,3.3552495428647746,2026-01-09T09:15:00+05:30,25691.05,2026-02-04T09:15:00+05:30,25736.75,death_cross,golden_cross,-153.33,69.89,3.45,17.26,-243.93,26.0
NSE:RELIANCE,SHORT,5,2026-01-07T09:15:00+05:30,1504.6,2026-02-04T09:15:00+05:30,1454.5,death_cross,golden_cross,250.5,79.55,1.48,4.44,165.03,28.0
NSE:ICICIBANK,SHORT,40,2026-01-20T13:15:00+05:30,1375.6,2026-02-04T09:15:00+05:30,1407.5,death_cross,golden_cross,-1276.0,186.93,11.13,33.4,-1507.46,14.83
NSE:TCS,LONG,15,2026-02-03T13:15:00+05:30,3220.0,2026-02-04T09:15:00+05:30,3001.8,golden_cross,death_cross,-3273.0,167.08,9.33,28.0,-3477.41,0.83
NSE:BHARTIARTL,SHORT,30,2026-01-06T13:15:00+05:30,2109.1,2026-02-04T13:15:00+05:30,2022.8,death_cross,golden_cross,2589.0,200.68,12.4,37.19,2338.74,29.0
NSE:HINDUNILVR,SHORT,35,2026-01-29T13:15:00+05:30,2345.5,2026-02-06T13:15:00+05:30,2421.0,death_cross,golden_cross,-2642.5,248.71,16.68,50.05,-2957.94,8.0
NSE:TATACONSUM,SHORT,70,2026-01-14T13:15:00+05:30,1169.0,2026-02-06T13:15:00+05:30,1157.2,death_cross,golden_cross,826.0,244.01,16.28,48.85,516.85,23.0
NSE:ITC,SHORT,145,2025-12-31T09:15:00+05:30,403.2,2026-02-10T13:15:00+05:30,321.25,death_cross,golden_cross,11882.75,178.97,10.5,31.51,11661.76,41.17
NSE:TATACONSUM,LONG,75,2026-02-09T09:15:00+05:30,1169.9,2026-02-13T09:15:00+05:30,1140.1,golden_cross,death_cross,-2235.0,255.82,17.33,51.97,-2560.12,4.0
NSE:HINDUNILVR,LONG,35,2026-02-09T09:15:00+05:30,2431.6,2026-02-13T13:15:00+05:30,2305.0,golden_cross,death_cross,-4431.0,247.68,16.58,49.73,-4744.99,4.17
NSE:RELIANCE,LONG,5,2026-02-04T13:15:00+05:30,1455.4,2026-02-17T09:15:00+05:30,1422.2,golden_cross,death_cross,-166.0,79.13,1.44,4.32,-250.89,12.83
NSE:ITC,SHORT,225,2026-02-11T09:15:00+05:30,317.15,2026-02-17T13:15:00+05:30,325.4,death_cross,golden_cross,-1856.25,223.92,14.46,43.37,-2138.0,6.17
NSE:TATACONSUM,SHORT,75,2026-02-13T13:15:00+05:30,1130.3,2026-02-18T13:15:00+05:30,1167.0,death_cross,golden_cross,-2752.5,254.8,17.23,51.69,-3076.22,5.0
NSE:SENSEX,LONG,1.1318793663902644,2026-02-04T09:15:00+05:30,83673.2,2026-02-19T13:15:00+05:30,82348.18,golden_cross,death_cross,-1499.76,71.79,3.76,18.79,-1594.11,15.17
NSE:NIFTY,LONG,3.3397446897887293,2026-02-04T13:15:00+05:30,25737.5,2026-02-19T13:15:00+05:30,25416.45,golden_cross,death_cross,-1072.23,69.59,3.42,17.08,-1162.31,15.0
NSE:BHARTIARTL,LONG,35,2026-02-05T09:15:00+05:30,1999.7,2026-02-19T13:15:00+05:30,1981.7,golden_cross,death_cross,-630.0,218.03,13.93,41.8,-903.77,14.17
NSE:ICICIBANK,LONG,35,2026-02-04T13:15:00+05:30,1406.1,2026-02-20T09:15:00+05:30,1394.9,golden_cross,death_cross,-392.0,172.1,9.8,29.41,-603.31,15.83
NSE:HINDUNILVR,SHORT,35,2026-02-16T09:15:00+05:30,2314.2,2026-02-25T13:15:00+05:30,2374.2,death_cross,golden_cross,-2100.0,245.63,16.41,49.23,-2411.27,9.17
NSE:ITC,LONG,205,2026-02-18T09:15:00+05:30,331.8,2026-02-25T13:15:00+05:30,319.2,golden_cross,death_cross,-2583.0,211.62,13.35,40.04,-2848.0,7.17
NSE:ADANIGREEN,LONG,70,2026-02-04T09:15:00+05:30,955.7,2026-02-26T09:15:00+05:30,960.3,golden_cross,death_cross,322.0,212.14,13.41,40.24,56.21,22.0
NSE:TATACONSUM,LONG,70,2026-02-19T09:15:00+05:30,1162.7,2026-02-27T13:15:00+05:30,1145.0,golden_cross,death_cross,-1239.0,242.73,16.15,48.46,-1546.34,8.17
NSE:BANKNIFTY,LONG,1.2807740592800905,2026-02-04T09:15:00+05:30,60196.3,2026-03-02T09:15:00+05:30,59625.85,golden_cross,death_cross,-730.62,67.33,3.07,15.35,-816.36,26.0
NSE:HINDUNILVR,LONG,30,2026-02-26T09:15:00+05:30,2372.6,2026-03-02T09:15:00+05:30,2301.1,golden_cross,death_cross,-2145.0,219.1,14.02,42.06,-2420.18,4.0
NSE:LT,LONG,15,2026-02-01T09:15:00+05:30,3934.9,2026-03-02T09:15:00+05:30,3990.1,golden_cross,death_cross,828.0,195.16,11.89,35.66,585.29,29.0
NSE:SBIN,LONG,55,2026-02-03T09:15:00+05:30,1059.1,2026-03-04T09:15:00+05:30,1163.9,golden_cross,death_cross,5764.0,198.56,12.23,36.68,5516.53,29.0
NSE:TATASTEEL,LONG,435,2025-12-15T09:15:00+05:30,172.95,2026-03-04T13:15:00+05:30,196.06,golden_cross,death_cross,10052.85,240.75,16.05,48.16,9747.89,79.17
NSE:RELIANCE,SHORT,5,2026-02-17T13:15:00+05:30,1424.2,2026-03-10T13:15:00+05:30,1410.9,death_cross,golden_cross,66.5,78.88,1.42,4.25,-18.05,21.0
NSE:RELIANCE,LONG,5,2026-03-11T09:15:00+05:30,1401.0,2026-03-11T13:15:00+05:30,1386.8,golden_cross,death_cross,-71.0,49.65,1.39,4.18,-126.22,0.17
NSE:RELIANCE,SHORT,5,2026-03-12T09:15:00+05:30,1407.2,2026-03-18T13:15:00+05:30,1407.2,death_cross,golden_cross,-0.0,78.77,1.41,4.22,-84.4,6.17
NSE:RELIANCE,LONG,5,2026-03-19T09:15:00+05:30,1396.7,2026-03-19T13:15:00+05:30,1392.0,golden_cross,death_cross,-23.5,49.65,1.39,4.18,-78.73,0.17
NSE:HCLTECH,SHORT,55,2026-02-02T13:15:00+05:30,1675.0,2026-03-24T09:15:00+05:30,1385.1,death_cross,golden_cross,15944.5,248.96,16.83,50.49,15628.22,49.83
NSE:INFY,SHORT,40,2026-02-02T09:15:00+05:30,1629.5,2026-03-25T13:15:00+05:30,1278.6,death_cross,golden_cross,14036.0,191.34,11.63,34.9,13798.13,51.17
NSE:RELIANCE,LONG,5,2026-03-20T09:15:00+05:30,1424.2,2026-03-27T09:15:00+05:30,1351.5,golden_cross,death_cross,-363.5,78.58,1.39,4.16,-447.63,7.0
NSE:INFY,LONG,65,2026-03-27T09:15:00+05:30,1280.1,2026-03-30T09:15:00+05:30,1257.9,golden_cross,death_cross,-1443.0,246.56,16.5,49.49,-1755.55,3.0
NSE:TATASTEEL,SHORT,425,2026-03-05T09:15:00+05:30,199.76,2026-04-01T09:15:00+05:30,196.91,death_cross,golden_cross,1211.25,250.37,16.86,50.58,893.44,27.0
NSE:INFY,SHORT,65,2026-03-30T13:15:00+05:30,1247.8,2026-04-01T09:15:00+05:30,1285.5,death_cross,golden_cross,-2450.5,246.29,16.47,49.4,-2762.66,1.83
NSE:TATASTEEL,LONG,440,2026-04-01T13:15:00+05:30,194.85,2026-04-02T09:15:00+05:30,191.04,golden_cross,death_cross,-1676.4,251.93,16.98,50.94,-1996.25,0.83
NSE:TATASTEEL,SHORT,430,2026-04-02T13:15:00+05:30,193.5,2026-04-06T09:15:00+05:30,195.97,death_cross,golden_cross,-1062.1,249.31,16.75,50.24,-1378.4,3.83
NSE:TCS,SHORT,15,2026-02-04T13:15:00+05:30,2999.9,2026-04-06T09:15:00+05:30,2480.0,death_cross,golden_cross,7798.5,153.89,8.22,24.66,7611.73,60.83
NSE:WIPRO,SHORT,720,2026-01-09T09:15:00+05:30,262.4,2026-04-06T09:15:00+05:30,197.9,death_cross,golden_cross,46440.0,427.93,33.14,99.42,45879.51,87.0
NSE:ADANIGREEN,SHORT,70,2026-02-26T13:15:00+05:30,962.6,2026-04-06T09:15:00+05:30,912.55,death_cross,golden_cross,3503.5,208.73,13.13,39.38,3242.27,38.83
NSE:LT,SHORT,15,2026-03-02T13:15:00+05:30,4054.0,2026-04-06T09:15:00+05:30,3684.4,death_cross,golden_cross,5544.0,191.7,11.61,34.82,5305.87,34.83
NSE:SENSEX,SHORT,1.1250800019962193,2026-02-20T09:15:00+05:30,82766.23,2026-04-08T09:15:00+05:30,77461.88,death_cross,golden_cross,5967.82,71.46,3.61,18.03,5874.73,47.0
NSE:NIFTY,SHORT,3.318300592493986,2026-02-20T09:15:00+05:30,25554.6,2026-04-08T09:15:00+05:30,23974.3,death_cross,golden_cross,5243.91,69.3,3.29,16.44,5154.89,47.0
NSE:TATACONSUM,SHORT,70,2026-03-02T09:15:00+05:30,1115.2,2026-04-08T09:15:00+05:30,1069.8,death_cross,golden_cross,3178.0,232.85,15.29,45.88,2883.97,37.0
NSE:BANKNIFTY,SHORT,1.2744566098531425,2026-03-02T13:15:00+05:30,59856.05,2026-04-08T13:15:00+05:30,55757.75,death_cross,golden_cross,5223.11,67.06,2.95,14.73,5138.36,37.0
NSE:ICICIBANK,SHORT,35,2026-02-20T13:15:00+05:30,1394.0,2026-04-08T13:15:00+05:30,1309.1,death_cross,golden_cross,2971.5,168.04,9.46,28.38,2765.62,47.0
NSE:HINDUNILVR,SHORT,30,2026-03-02T13:15:00+05:30,2320.0,2026-04-08T13:15:00+05:30,2145.0,death_cross,golden_cross,5250.0,211.58,13.39,40.19,4984.84,37.0
NSE:ITC,SHORT,205,2026-02-26T09:15:00+05:30,318.3,2026-04-08T13:15:00+05:30,302.3,death_cross,golden_cross,3280.0,204.26,12.72,38.17,3024.85,41.17
NSE:BHARTIARTL,SHORT,35,2026-02-20T09:15:00+05:30,1981.9,2026-04-08T13:15:00+05:30,1861.0,death_cross,golden_cross,4231.5,212.27,13.45,40.35,3965.43,47.17
NSE:SBIN,SHORT,55,2026-03-04T13:15:00+05:30,1173.3,2026-04-10T09:15:00+05:30,1059.0,death_cross,golden_cross,6286.5,199.09,12.28,36.83,6038.3,36.83
NSE:RELIANCE,SHORT,5,2026-03-27T13:15:00+05:30,1348.0,2026-04-17T13:15:00+05:30,1364.9,death_cross,golden_cross,-84.5,78.21,1.36,4.07,-168.14,21.0
NSE:INFY,LONG,60,2026-04-01T13:15:00+05:30,1279.0,2026-04-22T09:15:00+05:30,1261.5,golden_cross,death_cross,-1050.0,232.59,15.24,45.73,-1343.56,20.83
NSE:HCLTECH,LONG,80,2026-03-24T13:15:00+05:30,1375.0,2026-04-22T09:15:00+05:30,1286.2,golden_cross,death_cross,-7104.0,300.24,21.29,63.87,-7489.4,28.83
NSE:RELIANCE,LONG,5,2026-04-23T13:15:00+05:30,1344.4,2026-04-24T09:15:00+05:30,1328.9,golden_cross,death_cross,-77.5,77.99,1.34,4.01,-160.84,0.83
NSE:TCS,LONG,20,2026-04-06T13:15:00+05:30,2472.0,2026-04-24T09:15:00+05:30,2395.9,golden_cross,death_cross,-1522.0,171.43,9.74,29.21,-1732.37,17.83
NSE:BHARTIARTL,LONG,40,2026-04-09T09:15:00+05:30,1852.8,2026-04-24T09:15:00+05:30,1815.2,golden_cross,death_cross,-1504.0,226.28,14.67,44.02,-1788.97,15.0
NSE:WIPRO,LONG,1185,2026-04-06T13:15:00+05:30,197.7,2026-04-24T13:15:00+05:30,199.45,golden_cross,death_cross,2073.75,585.94,47.06,141.19,1299.56,18.0
NSE:WIPRO,SHORT,1150,2026-04-27T09:15:00+05:30,204.79,2026-04-27T13:15:00+05:30,204.98,death_cross,golden_cross,-218.5,130.22,47.12,141.37,-537.21,0.17
NSE:ICICIBANK,LONG,40,2026-04-09T09:15:00+05:30,1286.6,2026-04-28T09:15:00+05:30,1304.8,golden_cross,death_cross,728.0,178.26,10.37,31.1,508.28,19.0
NSE:SENSEX,LONG,1.2754540798809555,2026-04-08T13:15:00+05:30,77600.43,2026-04-28T13:15:00+05:30,76964.64,golden_cross,death_cross,-810.92,102.52,3.94,19.71,-937.1,20.0
NSE:WIPRO,LONG,1155,2026-04-28T09:15:00+05:30,203.39,2026-04-29T09:15:00+05:30,201.82,golden_cross,death_cross,-1813.35,583.34,46.8,140.41,-2583.9,1.0
NSE:BHARTIARTL,SHORT,40,2026-04-24T13:15:00+05:30,1818.0,2026-04-29T09:15:00+05:30,1888.8,death_cross,golden_cross,-2832.0,228.11,14.83,44.48,-3119.41,4.83
NSE:BANKNIFTY,LONG,1.481160191118966,2026-04-09T09:15:00+05:30,54961.6,2026-04-29T13:15:00+05:30,55329.85,golden_cross,death_cross,545.44,93.33,3.27,16.34,432.5,20.17
NSE:SENSEX,LONG,1.2578812502666024,2026-04-29T09:15:00+05:30,77941.77,2026-04-30T09:15:00+05:30,76832.5,golden_cross,death_cross,-1395.33,101.69,3.89,19.47,-1520.38,1.0
NSE:SBIN,LONG,70,2026-04-10T13:15:00+05:30,1066.0,2026-05-04T09:15:00+05:30,1074.0,golden_cross,death_cross,560.0,229.55,14.98,44.94,270.53,23.83
NSE:BHARTIARTL,LONG,35,2026-04-29T13:15:00+05:30,1885.8,2026-05-05T13:15:00+05:30,1816.0,golden_cross,death_cross,-2443.0,207.29,12.96,38.87,-2702.11,6.0
NSE:SENSEX,SHORT,1.2513814449901657,2026-04-30T13:15:00+05:30,77135.28,2026-05-07T09:15:00+05:30,78072.1,death_cross,golden_cross,-1172.32,101.61,3.88,19.42,-1297.24,6.83
NSE:SBIN,SHORT,70,2026-05-04T13:15:00+05:30,1067.5,2026-05-07T13:15:00+05:30,1092.9,death_cross,golden_cross,-1778.0,231.31,15.12,45.37,-2069.8,3.0
NSE:LT,LONG,15,2026-04-06T13:15:00+05:30,3727.0,2026-05-08T09:15:00+05:30,3969.1,golden_cross,death_cross,3631.5,191.14,11.54,34.63,3394.18,31.83
NSE:SBIN,LONG,65,2026-05-08T09:15:00+05:30,1078.3,2026-05-08T13:15:00+05:30,1018.4,golden_cross,death_cross,-3893.5,70.79,13.63,40.89,-4018.8,0.17
NSE:SENSEX,LONG,1.2227125711551585,2026-05-07T13:15:00+05:30,77886.09,2026-05-11T09:15:00+05:30,76469.56,golden_cross,death_cross,-1732.01,99.93,3.77,18.87,-1854.59,3.83
NSE:NIFTY,LONG,3.745460750972326,2026-04-08T13:15:00+05:30,24012.35,2026-05-11T13:15:00+05:30,23820.35,golden_cross,death_cross,-719.13,97.48,3.58,17.92,-838.1,33.0
NSE:ITC,LONG,230,2026-04-09T09:15:00+05:30,303.4,2026-05-11T13:15:00+05:30,305.7,golden_cross,death_cross,529.0,218.77,14.01,42.03,254.2,32.17
NSE:HINDUNILVR,LONG,35,2026-04-09T09:15:00+05:30,2123.3,2026-05-12T13:15:00+05:30,2267.0,golden_cross,death_cross,5029.5,233.5,15.37,46.1,4734.53,33.17
NSE:BHARTIARTL,SHORT,35,2026-05-06T09:15:00+05:30,1834.8,2026-05-15T09:15:00+05:30,1907.0,death_cross,golden_cross,-2527.0,208.85,13.1,39.29,-2788.23,9.0
NSE:ITC,SHORT,230,2026-05-12T09:15:00+05:30,303.6,2026-05-15T13:15:00+05:30,309.2,death_cross,golden_cross,-1288.0,219.85,14.09,42.28,-1564.22,3.17
NSE:TATASTEEL,LONG,420,2026-04-06T13:15:00+05:30,195.6,2026-05-19T09:15:00+05:30,210.94,golden_cross,death_cross,6442.8,252.39,17.07,51.22,6122.12,42.83
NSE:INFY,SHORT,60,2026-04-22T13:15:00+05:30,1268.8,2026-05-20T09:15:00+05:30,1192.4,death_cross,golden_cross,4584.0,226.88,14.77,44.3,4298.05,27.83
NSE:WIPRO,SHORT,1160,2026-04-29T13:15:00+05:30,200.97,2026-05-21T09:15:00+05:30,199.03,death_cross,golden_cross,2250.4,578.57,46.4,139.2,1486.23,21.83
NSE:ITC,LONG,220,2026-05-18T09:15:00+05:30,308.9,2026-05-22T09:15:00+05:30,304.0,golden_cross,death_cross,-1078.0,213.05,13.48,40.45,-1344.98,4.0
NSE:TATACONSUM,LONG,75,2026-04-08T13:15:00+05:30,1069.0,2026-05-22T13:15:00+05:30,1192.0,golden_cross,death_cross,9225.0,250.87,16.96,50.87,8906.3,44.0
NSE:ICICIBANK,SHORT,40,2026-04-28T13:15:00+05:30,1289.1,2026-05-25T09:15:00+05:30,1281.3,death_cross,golden_cross,312.0,177.36,10.28,30.84,93.52,26.83
NSE:LT,SHORT,15,2026-05-08T13:15:00+05:30,3978.0,2026-05-25T09:15:00+05:30,4010.3,death_cross,golden_cross,-484.5,196.32,11.98,35.95,-728.75,16.83
NSE:NIFTY,SHORT,3.7856343091147733,2026-05-12T09:15:00+05:30,23536.8,2026-05-25T13:15:00+05:30,24049.9,death_cross,golden_cross,-1942.41,97.46,3.6,18.01,-2061.49,13.17
NSE:BANKNIFTY,SHORT,1.4929513284461786,2026-04-30T09:15:00+05:30,54816.35,2026-05-25T13:15:00+05:30,55390.3,death_cross,golden_cross,-856.88,93.33,3.29,16.45,-969.95,25.17
NSE:SENSEX,SHORT,1.2281876887228271,2026-05-11T13:15:00+05:30,76033.38,2026-05-26T09:15:00+05:30,76222.15,death_cross,golden_cross,-231.84,99.8,3.74,18.7,-354.09,14.83
NSE:BHARTIARTL,LONG,35,2026-05-15T13:15:00+05:30,1904.0,2026-05-27T09:15:00+05:30,1861.7,golden_cross,death_cross,-1480.5,209.7,13.18,39.54,-1742.92,11.83
NSE:TATASTEEL,SHORT,420,2026-05-19T13:15:00+05:30,209.0,2026-05-27T13:15:00+05:30,214.51,death_cross,golden_cross,-2314.2,260.96,17.79,53.36,-2646.31,8.0
NSE:SENSEX,LONG,1.222859322125802,2026-05-26T13:15:00+05:30,76075.99,2026-05-29T13:15:00+05:30,74985.66,golden_cross,death_cross,-1333.32,98.9,3.69,18.47,-1454.39,3.0
NSE:NIFTY,LONG,3.630813569406376,2026-05-26T09:15:00+05:30,23974.35,2026-05-29T13:15:00+05:30,23609.3,golden_cross,death_cross,-1325.43,95.53,3.46,17.28,-1441.69,3.17
NSE:HCLTECH,SHORT,80,2026-04-22T13:15:00+05:30,1286.4,2026-05-29T13:15:00+05:30,1182.0,death_cross,golden_cross,8352.0,281.94,19.75,59.24,7991.07,37.0
NSE:BANKNIFTY,LONG,1.4683438714576345,2026-05-26T09:15:00+05:30,55076.4,2026-06-01T13:15:00+05:30,53658.9,golden_cross,death_cross,-2081.38,91.66,3.19,15.97,-2192.2,6.17
NSE:ICICIBANK,LONG,40,2026-05-25T13:15:00+05:30,1293.5,2026-06-01T13:15:00+05:30,1238.6,golden_cross,death_cross,-2196.0,175.84,10.13,30.39,-2412.36,7.0
NSE:TCS,SHORT,20,2026-04-24T13:15:00+05:30,2401.0,2026-06-02T09:15:00+05:30,2444.6,death_cross,golden_cross,-872.0,170.89,9.69,29.07,-1081.65,38.83
NSE:TCS,LONG,20,2026-06-02T13:15:00+05:30,2451.1,2026-06-03T13:15:00+05:30,2245.0,golden_cross,death_cross,-4122.0,167.81,9.39,28.18,-4327.38,1.0
NSE:LT,LONG,15,2026-05-25T13:15:00+05:30,4035.0,2026-06-03T13:15:00+05:30,3946.9,golden_cross,death_cross,-1321.5,196.27,11.97,35.92,-1565.67,9.0
NSE:HCLTECH,LONG,95,2026-06-01T09:15:00+05:30,1210.9,2026-06-05T09:15:00+05:30,1149.1,golden_cross,death_cross,-5871.0,312.71,22.42,67.26,-6273.39,4.0
NSE:SBIN,SHORT,70,2026-05-11T09:15:00+05:30,981.5,2026-06-05T09:15:00+05:30,979.0,death_cross,golden_cross,175.0,215.62,13.72,41.17,-95.51,25.0
NSE:WIPRO,LONG,1175,2026-05-21T13:15:00+05:30,199.51,2026-06-05T13:15:00+05:30,198.05,golden_cross,death_cross,-1715.5,582.35,46.71,140.14,-2484.7,15.0
NSE:BANKNIFTY,SHORT,1.4619883296212959,2026-06-02T09:15:00+05:30,53820.85,2026-06-08T09:15:00+05:30,54285.15,death_cross,golden_cross,-678.8,91.54,3.16,15.8,-789.31,6.0
NSE:BANKNIFTY,SHORT,1.4423685915614461,2026-06-08T13:15:00+05:30,54007.35,2026-06-09T09:15:00+05:30,55067.8,death_cross,golden_cross,-1529.56,91.14,3.15,15.73,-1639.57,0.83
NSE:ICICIBANK,SHORT,40,2026-06-02T09:15:00+05:30,1235.6,2026-06-09T09:15:00+05:30,1273.5,death_cross,golden_cross,-1516.0,174.77,10.04,30.11,-1730.92,7.0
NSE:INFY,LONG,65,2026-05-20T13:15:00+05:30,1190.0,2026-06-09T13:15:00+05:30,1181.7,golden_cross,death_cross,-539.5,234.48,15.42,46.25,-835.64,20.0
NSE:HINDUNILVR,SHORT,35,2026-05-13T09:15:00+05:30,2277.5,2026-06-12T13:15:00+05:30,2162.7,death_cross,golden_cross,4018.0,235.52,15.54,46.62,3720.32,30.17
NSE:SENSEX,SHORT,1.2289386121935706,2026-06-01T09:15:00+05:30,74519.75,2026-06-15T09:15:00+05:30,76484.26,death_cross,golden_cross,-2414.26,98.88,3.71,18.56,-2535.41,14.0
NSE:NIFTY,SHORT,3.649047009045498,2026-06-01T09:15:00+05:30,23460.65,2026-06-15T09:15:00+05:30,23916.1,death_cross,golden_cross,-1661.96,95.48,3.46,17.29,-1778.19,14.0
NSE:LT,SHORT,15,2026-06-04T09:15:00+05:30,3942.0,2026-06-15T09:15:00+05:30,4177.4,death_cross,golden_cross,-3531.0,198.73,12.18,36.54,-3778.45,11.0
NSE:BHARTIARTL,SHORT,35,2026-05-27T13:15:00+05:30,1847.4,2026-06-15T13:15:00+05:30,1843.0,death_cross,golden_cross,154.0,206.65,12.92,38.75,-104.31,19.0
NSE:ITC,SHORT,220,2026-05-22T13:15:00+05:30,302.05,2026-06-16T09:15:00+05:30,290.85,death_cross,golden_cross,2464.0,207.89,13.04,39.13,2203.93,24.83
NSE:RELIANCE,SHORT,5,2026-06-03T09:15:00+05:30,1306.6,2026-06-16T13:15:00+05:30,1328.6,death_cross,golden_cross,-110.0,77.78,1.32,3.95,-193.05,13.17
NSE:HCLTECH,SHORT,95,2026-06-05T13:15:00+05:30,1155.1,2026-06-18T13:15:00+05:30,1159.6,death_cross,golden_cross,-427.5,307.52,21.99,65.97,-822.98,13.0
NSE:HINDUNILVR,LONG,40,2026-06-15T09:15:00+05:30,2169.9,2026-06-29T09:15:00+05:30,2159.7,golden_cross,death_cross,-408.0,255.61,17.32,51.96,-732.88,14.0
NSE:ITC,LONG,235,2026-06-16T13:15:00+05:30,291.85,2026-06-30T13:15:00+05:30,287.3,golden_cross,death_cross,-1069.25,214.45,13.61,40.83,-1338.14,14.0
NSE:HINDUNILVR,SHORT,40,2026-06-29T13:15:00+05:30,2145.2,2026-07-02T09:15:00+05:30,2205.0,death_cross,golden_cross,-2392.0,256.67,17.4,52.2,-2718.27,2.83
NSE:LT,LONG,15,2026-06-15T13:15:00+05:30,4171.0,2026-07-02T09:15:00+05:30,4024.0,golden_cross,death_cross,-2205.0,199.89,12.29,36.88,-2454.06,16.83
NSE:HCLTECH,SHORT,95,2026-06-19T09:15:00+05:30,1117.6,2026-07-06T13:15:00+05:30,1135.0,death_cross,golden_cross,-1653.0,301.05,21.4,64.2,-2039.65,17.17
NSE:TATACONSUM,SHORT,75,2026-05-25T09:15:00+05:30,1184.2,2026-07-06T13:15:00+05:30,1115.1,death_cross,golden_cross,5182.5,254.37,17.24,51.73,4859.15,42.17
NSE:ITC,LONG,230,2026-07-01T09:15:00+05:30,290.3,2026-07-07T09:15:00+05:30,288.45,golden_cross,death_cross,-425.5,211.08,13.31,39.93,-689.82,6.0
NSE:INFY,SHORT,70,2026-06-10T09:15:00+05:30,1149.3,2026-07-08T13:15:00+05:30,1069.0,death_cross,golden_cross,5621.0,235.26,15.53,46.58,5323.63,28.17
NSE:TATACONSUM,LONG,85,2026-07-07T09:15:00+05:30,1111.1,2026-07-08T13:15:00+05:30,1090.0,golden_cross,death_cross,-1793.5,271.17,18.71,56.13,-2139.51,1.17
NSE:BANKNIFTY,LONG,1.3803621463564637,2026-06-09T13:15:00+05:30,55249.15,2026-07-09T09:15:00+05:30,57338.25,golden_cross,death_cross,2883.71,91.66,3.11,15.54,2773.41,29.83
NSE:HINDUNILVR,LONG,40,2026-07-02T13:15:00+05:30,2209.0,2026-07-09T09:15:00+05:30,2148.4,golden_cross,death_cross,-2424.0,256.99,17.43,52.29,-2750.71,6.83
NSE:SBIN,LONG,70,2026-06-05T13:15:00+05:30,977.0,2026-07-09T09:15:00+05:30,1027.0,golden_cross,death_cross,3500.0,218.75,14.03,42.08,3225.14,33.83
NSE:ADANIGREEN,LONG,75,2026-04-06T13:15:00+05:30,924.0,2026-07-09T13:15:00+05:30,1491.9,golden_cross,death_cross,42592.5,261.28,18.12,54.36,42258.74,94.0
NSE:BANKNIFTY,SHORT,1.378667615490934,2026-07-09T13:15:00+05:30,57322.7,2026-07-10T09:15:00+05:30,58078.9,death_cross,golden_cross,-1042.55,91.75,3.18,15.91,-1153.39,0.83
NSE:ADANIGREEN,SHORT,75,2026-07-10T09:15:00+05:30,1526.0,2026-07-10T13:15:00+05:30,1534.8,death_cross,golden_cross,-660.0,87.58,22.96,68.87,-839.41,0.17
NSE:TCS,SHORT,20,2026-06-04T09:15:00+05:30,2231.0,2026-07-13T09:15:00+05:30,2195.7,death_cross,golden_cross,706.0,161.46,8.85,26.56,509.13,39.0
NSE:SBIN,SHORT,70,2026-07-09T13:15:00+05:30,1022.5,2026-07-13T09:15:00+05:30,1039.7,death_cross,golden_cross,-1204.0,223.63,14.44,43.31,-1485.37,3.83
NSE:WIPRO,SHORT,1255,2026-06-08T09:15:00+05:30,184.35,2026-07-13T09:15:00+05:30,179.59,death_cross,golden_cross,5973.8,570.23,45.67,137.02,5220.87,35.0
NSE:SBIN,LONG,65,2026-07-13T13:15:00+05:30,1036.7,2026-07-14T09:15:00+05:30,1020.2,golden_cross,death_cross,-1072.5,211.78,13.37,40.11,-1337.76,0.83
NSE:BANKNIFTY,LONG,1.341535290670495,2026-07-10T13:15:00+05:30,58052.15,2026-07-14T13:15:00+05:30,57448.5,golden_cross,death_cross,-809.82,90.64,3.1,15.49,-919.05,4.0
NSE:NIFTY,LONG,3.5141772872573895,2026-06-15T13:15:00+05:30,23856.55,2026-07-15T09:15:00+05:30,24054.4,golden_cross,death_cross,695.28,94.78,3.37,16.84,580.3,29.83
NSE:SENSEX,LONG,1.1680116457218268,2026-06-15T13:15:00+05:30,76242.71,2026-07-15T13:15:00+05:30,77182.05,golden_cross,death_cross,1097.16,97.93,3.58,17.92,977.73,30.0
NSE:NIFTY,SHORT,3.506548009468132,2026-07-15T13:15:00+05:30,24073.45,2026-07-17T09:15:00+05:30,24282.55,death_cross,golden_cross,-733.22,94.77,3.39,16.96,-848.34,1.83
NSE:BANKNIFTY,SHORT,1.335785898860709,2026-07-15T09:15:00+05:30,57616.05,2026-07-17T09:15:00+05:30,58109.45,death_cross,golden_cross,-659.08,90.57,3.09,15.46,-768.2,2.0
NSE:RELIANCE,SHORT,5,2026-07-08T13:15:00+05:30,1274.9,2026-07-17T09:15:00+05:30,1320.2,death_cross,golden_cross,-226.5,77.57,1.3,3.89,-309.26,8.83
NSE:SBIN,SHORT,65,2026-07-14T13:15:00+05:30,1012.7,2026-07-17T13:15:00+05:30,1043.2,death_cross,golden_cross,-1982.5,211.78,13.36,40.09,-2247.73,3.0
NSE:ADANIGREEN,LONG,70,2026-07-13T09:15:00+05:30,1556.0,2026-07-20T09:15:00+05:30,1519.0,golden_cross,death_cross,-2590.0,302.52,21.53,64.57,-2978.62,7.0
NSE:WIPRO,LONG,1330,2026-07-13T13:15:00+05:30,178.41,2026-07-21T13:15:00+05:30,174.8,golden_cross,death_cross,-4801.3,585.51,46.98,140.93,-5574.72,8.0
NSE:SENSEX,LONG,1.1633306269612256,2026-07-16T09:15:00+05:30,77387.44,2026-07-22T09:15:00+05:30,76696.18,golden_cross,death_cross,-804.16,97.48,3.59,17.93,-923.16,6.0
NSE:BANKNIFTY,LONG,1.3008195515764012,2026-07-17T13:15:00+05:30,58576.0,2026-07-22T09:15:00+05:30,57052.1,golden_cross,death_cross,-1982.32,89.08,3.01,15.04,-2089.45,4.83
NSE:INFY,LONG,80,2026-07-09T09:15:00+05:30,1057.0,2026-07-22T09:15:00+05:30,1048.0,golden_cross,death_cross,-720.0,250.31,16.84,50.52,-1037.67,13.0
NSE:NIFTY,LONG,3.4324531467815387,2026-07-17T13:15:00+05:30,24346.7,2026-07-22T13:15:00+05:30,23991.05,golden_cross,death_cross,-1220.75,93.63,3.32,16.59,-1334.29,5.0
NSE:HINDUNILVR,SHORT,40,2026-07-09T13:15:00+05:30,2143.0,2026-07-23T09:15:00+05:30,2156.1,death_cross,golden_cross,-524.0,254.26,17.2,51.59,-847.05,13.83
NSE:SBIN,LONG,60,2026-07-20T09:15:00+05:30,1047.8,2026-07-23T09:15:00+05:30,1010.5,golden_cross,death_cross,-2238.0,200.53,12.35,37.05,-2487.93,3.0
NSE:TATACONSUM,SHORT,85,2026-07-09T09:15:00+05:30,1108.4,2026-07-23T13:15:00+05:30,1110.1,death_cross,golden_cross,-144.5,272.69,18.86,56.57,-492.62,14.17
NSE:ITC,SHORT,230,2026-07-07T13:15:00+05:30,288.0,2026-07-24T13:15:00+05:30,284.0,death_cross,golden_cross,920.0,209.25,13.16,39.47,658.12,17.0
NSE:WIPRO,SHORT,1330,2026-07-22T09:15:00+05:30,174.15,2026-07-24T13:15:00+05:30,176.55,death_cross,golden_cross,-3192.0,581.68,46.64,139.93,-3960.25,2.17
NSE:BHARTIARTL,LONG,35,2026-06-16T09:15:00+05:30,1845.3,2026-07-27T09:15:00+05:30,1905.0,golden_cross,death_cross,2089.5,208.83,13.13,39.38,1828.16,41.0
NSE:INFY,SHORT,80,2026-07-22T13:15:00+05:30,1052.0,2026-07-28T09:15:00+05:30,1107.2,death_cross,golden_cross,-4416.0,255.41,17.27,51.82,-4740.5,5.83
NSE:HINDUNILVR,LONG,35,2026-07-23T13:15:00+05:30,2158.2,2026-07-28T09:15:00+05:30,2043.9,golden_cross,death_cross,-4000.5,226.86,14.71,44.12,-4286.19,4.83
NSE:TATACONSUM,LONG,85,2026-07-24T09:15:00+05:30,1098.5,2026-07-28T13:15:00+05:30,1087.0,golden_cross,death_cross,-977.5,269.63,18.58,55.73,-1321.44,4.17
NSE:SENSEX,SHORT,1.1610781953136393,2026-07-22T13:15:00+05:30,76744.86,2026-07-29T13:15:00+05:30,77632.89,death_cross,golden_cross,-1031.07,97.43,3.58,17.92,-1150.01,7.0
NSE:NIFTY,SHORT,3.4507712398300496,2026-07-23T09:15:00+05:30,23831.95,2026-07-29T13:15:00+05:30,24242.0,death_cross,golden_cross,-1414.99,93.57,3.32,16.59,-1528.47,6.17
NSE:BHARTIARTL,SHORT,35,2026-07-27T13:15:00+05:30,1904.0,2026-07-29T13:15:00+05:30,1946.0,death_cross,golden_cross,-1470.0,212.98,13.48,40.42,-1736.88,2.0
NSE:LT,SHORT,15,2026-07-02T13:15:00+05:30,4057.0,2026-07-29T13:15:00+05:30,3927.0,death_cross,golden_cross,1950.0,196.06,11.98,35.93,1706.03,27.0
NSE:TATASTEEL,SHORT,405,2026-05-29T09:15:00+05:30,210.93,2026-07-31T09:15:00+05:30,189.26,death_cross,golden_cross,8776.35,242.58,16.21,48.62,8468.94,63.0
NSE:SBIN,SHORT,60,2026-07-23T13:15:00+05:30,1013.5,2026-08-03T09:15:00+05:30,1040.9,death_cross,golden_cross,-1644.0,200.23,12.33,36.98,-1893.53,10.83
NSE:BANKNIFTY,SHORT,1.2974594459178834,2026-07-22T13:15:00+05:30,57122.1,2026-08-03T13:15:00+05:30,58247.95,death_cross,golden_cross,-1460.74,89.0,2.99,14.97,-1567.71,12.0
NSE:TATACONSUM,SHORT,85,2026-07-29T09:15:00+05:30,1096.0,2026-08-03T13:15:00+05:30,1110.0,death_cross,golden_cross,-1190.0,271.59,18.75,56.25,-1536.59,5.17
NSE:ICICIBANK,LONG,40,2026-06-09T13:15:00+05:30,1276.0,2026-08-10T09:15:00+05:30,1425.6,golden_cross,death_cross,5984.0,182.76,10.81,32.42,5758.01,61.83
NSE:ITC,LONG,235,2026-07-27T09:15:00+05:30,286.65,2026-08-10T13:15:00+05:30,282.65,golden_cross,death_cross,-940.0,211.87,13.38,40.14,-1205.38,14.17
NSE:TATACONSUM,SHORT,80,2026-08-04T09:15:00+05:30,1090.2,2026-08-10T13:15:00+05:30,1108.7,death_cross,golden_cross,-1480.0,258.72,17.59,52.77,-1809.08,6.17
NSE:BHARTIARTL,LONG,30,2026-07-30T09:15:00+05:30,1949.0,2026-08-11T09:15:00+05:30,1919.1,golden_cross,death_cross,-897.0,192.15,11.6,34.81,-1135.56,12.0
NSE:TATASTEEL,LONG,495,2026-07-31T13:15:00+05:30,189.99,2026-08-12T09:15:00+05:30,184.71,golden_cross,death_cross,-2613.6,269.43,18.55,55.64,-2957.22,11.83
NSE:TCS,LONG,20,2026-07-13T13:15:00+05:30,2182.9,2026-08-13T13:15:00+05:30,2375.0,golden_cross,death_cross,3842.0,164.14,9.12,27.35,3641.4,31.0
NSE:SENSEX,LONG,1.132007721600534,2026-07-30T09:15:00+05:30,77702.84,2026-08-14T09:15:00+05:30,77847.55,golden_cross,death_cross,163.81,96.82,3.52,17.61,45.86,15.0
NSE:BHARTIARTL,SHORT,30,2026-08-11T13:15:00+05:30,1915.2,2026-08-14T09:15:00+05:30,1997.2,death_cross,golden_cross,-2460.0,193.74,11.74,35.21,-2700.69,2.83
NSE:NIFTY,LONG,3.3265211375694315,2026-07-30T09:15:00+05:30,24264.0,2026-08-14T13:15:00+05:30,24366.0,golden_cross,death_cross,339.31,92.83,3.24,16.18,227.06,15.17
NSE:WIPRO,LONG,1290,2026-07-27T09:15:00+05:30,176.61,2026-08-17T09:15:00+05:30,181.87,golden_cross,death_cross,6785.4,576.5,46.24,138.73,6023.93,21.0
NSE:BANKNIFTY,LONG,1.2627826655854695,2026-08-04T09:15:00+05:30,57452.95,2026-08-18T09:15:00+05:30,57322.95,golden_cross,death_cross,-164.16,87.97,2.9,14.49,-269.53,14.0
NSE:INFY,LONG,70,2026-07-28T13:15:00+05:30,1105.0,2026-08-18T09:15:00+05:30,1115.0,golden_cross,death_cross,700.0,235.76,15.54,46.62,402.08,20.83
NSE:HCLTECH,LONG,90,2026-07-07T09:15:00+05:30,1168.6,2026-08-18T09:15:00+05:30,1300.0,golden_cross,death_cross,11826.0,309.13,22.22,66.65,11428.0,42.0
NSE:SBIN,LONG,55,2026-08-03T13:15:00+05:30,1045.0,2026-08-19T09:15:00+05:30,1049.5,golden_cross,death_cross,247.5,191.12,11.52,34.56,10.3,15.83
NSE:BHARTIARTL,LONG,30,2026-08-14T13:15:00+05:30,1992.1,2026-08-19T09:15:00+05:30,1927.8,golden_cross,death_cross,-1929.0,193.95,11.76,35.28,-2169.99,4.83
NSE:BANKNIFTY,SHORT,1.2622919634648921,2026-08-18T13:15:00+05:30,57262.4,2026-08-21T13:15:00+05:30,57761.95,death_cross,golden_cross,-630.58,87.93,2.9,14.52,-735.94,3.0
NSE:BANKNIFTY,SHORT,1.2491740963942701,2026-08-24T09:15:00+05:30,57276.35,2026-08-26T09:15:00+05:30,57915.5,death_cross,golden_cross,-798.41,87.53,2.88,14.39,-903.21,2.0
NSE:ICICIBANK,SHORT,40,2026-08-10T13:15:00+05:30,1431.8,2026-08-26T09:15:00+05:30,1437.3,death_cross,golden_cross,-220.0,190.68,11.48,34.43,-456.58,15.83
NSE:TATASTEEL,SHORT,490,2026-08-12T13:15:00+05:30,186.2,2026-08-26T13:15:00+05:30,189.6,death_cross,golden_cross,-1666.0,267.88,18.41,55.24,-2007.54,14.0
NSE:LT,LONG,15,2026-07-30T09:15:00+05:30,3929.4,2026-08-28T09:15:00+05:30,4031.9,golden_cross,death_cross,1537.5,195.72,11.94,35.83,1294.02,29.0
NSE:TATASTEEL,LONG,475,2026-08-27T09:15:00+05:30,187.92,2026-08-31T09:15:00+05:30,182.12,golden_cross,death_cross,-2755.0,258.66,17.58,52.73,-3083.96,4.0
NSE:BANKNIFTY,LONG,1.2226210487142473,2026-08-26T13:15:00+05:30,57783.75,2026-08-31T09:15:00+05:30,57419.85,golden_cross,death_cross,-444.91,86.76,2.82,14.09,-548.57,4.83
NSE:TCS,SHORT,20,2026-08-14T09:15:00+05:30,2353.0,2026-09-01T09:15:00+05:30,2359.3,death_cross,golden_cross,-126.0,167.87,9.42,28.27,-331.57,18.0
NSE:HCLTECH,SHORT,90,2026-08-18T13:15:00+05:30,1298.0,2026-09-01T09:15:00+05:30,1362.3,death_cross,golden_cross,-5787.0,329.62,23.94,71.83,-6212.39,13.83
NSE:INFY,SHORT,70,2026-08-18T13:15:00+05:30,1115.0,2026-09-01T13:15:00+05:30,1147.6,death_cross,golden_cross,-2282.0,239.3,15.84,47.51,-2584.65,14.0
NSE:BANKNIFTY,LONG,1.208113064045035,2026-08-31T13:15:00+05:30,58024.95,2026-09-02T09:15:00+05:30,57095.4,golden_cross,death_cross,-1123.0,86.09,2.78,13.91,-1225.79,1.83
NSE:INFY,LONG,70,2026-09-02T09:15:00+05:30,1133.6,2026-09-03T13:15:00+05:30,1132.5,golden_cross,death_cross,-77.0,239.41,15.86,47.59,-379.86,1.17
NSE:HCLTECH,LONG,80,2026-09-01T13:15:00+05:30,1351.9,2026-09-04T09:15:00+05:30,1303.0,golden_cross,death_cross,-3912.0,299.44,21.24,63.72,-4296.4,2.83
NSE:TATASTEEL,SHORT,475,2026-08-31T13:15:00+05:30,181.8,2026-09-04T13:15:00+05:30,189.22,death_cross,golden_cross,-3524.5,259.23,17.62,52.87,-3854.22,4.0
NSE:TCS,LONG,20,2026-09-01T13:15:00+05:30,2356.0,2026-09-07T09:15:00+05:30,2269.2,golden_cross,death_cross,-1736.0,166.05,9.25,27.75,-1939.05,5.83
NSE:ICICIBANK,LONG,40,2026-08-26T13:15:00+05:30,1434.4,2026-09-08T09:15:00+05:30,1397.7,golden_cross,death_cross,-1468.0,189.12,11.33,33.99,-1702.44,12.83
NSE:ADANIGREEN,SHORT,70,2026-07-20T13:15:00+05:30,1530.0,2026-09-09T09:15:00+05:30,1331.1,death_cross,golden_cross,13923.0,284.64,20.03,60.08,13558.25,50.83
NSE:ADANIGREEN,LONG,90,2026-09-09T13:15:00+05:30,1315.0,2026-09-11T09:15:00+05:30,1282.7,golden_cross,death_cross,-2907.0,323.14,23.38,70.14,-3323.66,1.83
NSE:TATASTEEL,LONG,445,2026-09-07T09:15:00+05:30,184.58,2026-09-11T13:15:00+05:30,183.0,golden_cross,death_cross,-703.1,244.95,16.36,49.07,-1013.48,4.17
NSE:HDFCBANK,SHORT,5,2026-09-02T09:15:00+05:30,702.8,2026-09-16T09:15:00+05:30,718.6,death_cross,golden_cross,-79.0,71.03,0.71,2.13,-152.88,14.0
NSE:TATASTEEL,SHORT,440,2026-09-15T09:15:00+05:30,183.47,2026-09-17T13:15:00+05:30,187.29,death_cross,golden_cross,-1680.8,244.54,16.31,48.94,-1990.59,2.17
NSE:ADANIGREEN,SHORT,90,2026-09-11T13:15:00+05:30,1281.3,2026-09-18T13:15:00+05:30,1334.5,death_cross,golden_cross,-4788.0,325.1,23.54,70.63,-5207.26,7.0
NSE:ITC,SHORT,235,2026-08-11T09:15:00+05:30,280.5,2026-09-21T09:15:00+05:30,266.85,death_cross,golden_cross,3207.75,205.82,12.86,38.59,2950.48,41.0
NSE:TATASTEEL,LONG,420,2026-09-18T09:15:00+05:30,187.4,2026-09-21T13:15:00+05:30,183.4,golden_cross,death_cross,-1680.0,236.31,15.57,46.72,-1978.61,3.17
NSE:TATASTEEL,SHORT,420,2026-09-22T09:15:00+05:30,184.01,2026-09-23T09:15:00+05:30,190.26,death_cross,golden_cross,-2625.0,238.0,15.72,47.16,-2925.88,1.0
NSE:ADANIGREEN,LONG,85,2026-09-21T09:15:00+05:30,1307.9,2026-09-25T09:15:00+05:30,1284.7,golden_cross,death_cross,-1972.0,308.16,22.04,66.11,-2368.31,4.0
NSE:TATASTEEL,LONG,390,2026-09-23T13:15:00+05:30,190.82,2026-09-29T13:15:00+05:30,188.0,golden_cross,backtest_end,-1099.8,227.38,14.77,44.32,-1386.28,6.0
NSE:SENSEX,SHORT,1.1281474549665027,2026-08-14T13:15:00+05:30,78009.25,2026-09-29T13:15:00+05:30,72529.07,death_cross,backtest_end,6182.45,96.51,3.4,16.98,6065.56,46.0
NSE:NIFTY,SHORT,3.324533533165093,2026-08-17T09:15:00+05:30,24346.6,2026-09-29T13:15:00+05:30,22716.2,death_cross,backtest_end,5420.32,92.56,3.13,15.65,5308.98,43.17
NSE:BANKNIFTY,SHORT,1.2047607476173354,2026-09-02T13:15:00+05:30,57172.0,2026-09-29T13:15:00+05:30,54259.95,death_cross,backtest_end,3508.32,85.85,2.68,13.42,3406.37,27.0
NSE:RELIANCE,SHORT,5,2026-09-28T09:15:00+05:30,1205.2,2026-09-29T13:15:00+05:30,1182.0,death_cross,backtest_end,116.0,76.38,1.19,3.58,34.84,1.17
NSE:ICICIBANK,SHORT,40,2026-09-08T13:15:00+05:30,1399.4,2026-09-29T13:15:00+05:30,1292.2,death_cross,backtest_end,4288.0,182.45,10.77,32.3,4062.49,21.0
NSE:INFY,SHORT,65,2026-09-04T09:15:00+05:30,1131.7,2026-09-29T13:15:00+05:30,1015.4,death_cross,backtest_end,7559.5,217.65,13.96,41.87,7286.03,25.17
NSE:HINDUNILVR,SHORT,40,2026-07-28T13:15:00+05:30,2020.0,2026-09-29T13:15:00+05:30,1863.8,death_cross,backtest_end,6248.0,235.29,15.54,46.61,5950.57,63.0
NSE:ITC,LONG,260,2026-09-21T13:15:00+05:30,267.0,2026-09-29T13:15:00+05:30,265.1,golden_cross,backtest_end,-494.0,216.9,13.83,41.5,-766.24,8.0
NSE:TCS,SHORT,20,2026-09-07T13:15:00+05:30,2270.0,2026-09-29T13:15:00+05:30,2032.4,death_cross,backtest_end,4752.0,158.39,8.6,25.81,4559.19,22.0
NSE:HCLTECH,SHORT,80,2026-09-04T13:15:00+05:30,1293.4,2026-09-29T13:15:00+05:30,1222.0,death_cross,backtest_end,5712.0,286.32,20.12,60.37,5345.19,25.0
NSE:SBIN,SHORT,55,2026-08-19T13:15:00+05:30,1044.8,2026-09-29T13:15:00+05:30,964.7,death_cross,backtest_end,4405.5,185.62,11.05,33.16,4175.68,41.0
NSE:WIPRO,SHORT,1285,2026-08-17T13:15:00+05:30,181.9,2026-09-29T13:15:00+05:30,156.79,death_cross,backtest_end,32266.35,544.33,43.52,130.56,31547.93,43.0
NSE:TATACONSUM,SHORT,80,2026-08-11T09:15:00+05:30,1084.3,2026-09-29T13:15:00+05:30,967.7,death_cross,backtest_end,9328.0,244.85,16.42,49.25,9017.49,49.17
NSE:ADANIGREEN,SHORT,85,2026-09-25T13:15:00+05:30,1296.6,2026-09-29T13:15:00+05:30,1260.0,death_cross,backtest_end,3111.0,304.38,21.73,65.19,2719.7,4.0
NSE:BHARTIARTL,SHORT,30,2026-08-19T13:15:00+05:30,1928.5,2026-09-29T13:15:00+05:30,1771.2,death_cross,backtest_end,4719.0,186.11,11.1,33.3,4488.49,41.0
NSE:LT,SHORT,15,2026-08-28T13:15:00+05:30,4038.0,2026-09-29T13:15:00+05:30,3749.1,death_cross,backtest_end,4333.5,192.6,11.68,35.04,4094.17,32.0
