instrument,side,qty,entry_time,entry_price,exit_time,exit_price,entry_reason,exit_reason,gross_pnl,commission,spread,slippage,net_pnl,holding_days
NSE:ICICIBANK,SHORT,105,2023-10-03T12:15:00+05:30,942.05,2023-10-06T09:15:00+05:30,942.4,death_cross,golden_cross,-36.75,283.01,19.79,59.36,-398.9,2.88
NSE:BANKNIFTY,SHORT,2.2496425832540954,2023-10-03T10:15:00+05:30,44318.55,2023-10-06T10:15:00+05:30,44411.25,death_cross,golden_cross,-208.54,65.97,3.99,19.96,-298.47,3.0
NSE:SBIN,SHORT,165,2023-10-04T12:15:00+05:30,586.95,2023-10-06T10:15:00+05:30,597.1,death_cross,golden_cross,-1674.75,280.35,19.54,58.61,-2033.25,1.92
NSE:HCLTECH,LONG,75,2023-10-06T12:15:00+05:30,1247.65,2023-10-06T15:15:00+05:30,1235.7,golden_cross,death_cross,-896.25,79.92,18.63,55.88,-1050.67,0.12
NSE:BANKNIFTY,LONG,2.2441789037168385,2023-10-06T11:15:00+05:30,44293.85,2023-10-09T09:15:00+05:30,44026.1,golden_cross,death_cross,-600.88,65.82,3.96,19.82,-690.48,2.92
NSE:SBIN,LONG,160,2023-10-06T11:15:00+05:30,593.9,2023-10-09T09:15:00+05:30,586.25,golden_cross,death_cross,-1224.0,273.05,18.88,56.65,-1572.58,2.92
NSE:HDFCBANK,LONG,255,2023-10-05T09:15:00+05:30,384.17,2023-10-09T10:15:00+05:30,379.2,golden_cross,death_cross,-1266.08,279.53,19.47,58.4,-1623.47,4.04
NSE:NIFTY,LONG,5.085885255303316,2023-10-06T09:15:00+05:30,19603.45,2023-10-09T13:15:00+05:30,19513.2,golden_cross,death_cross,-459.0,65.9,3.98,19.89,-548.77,3.17
NSE:SENSEX,LONG,1.5192679740290682,2023-10-05T14:15:00+05:30,65624.3,2023-10-09T14:15:00+05:30,65535.34,golden_cross,death_cross,-135.15,65.94,3.99,19.93,-225.01,4.0
NSE:ICICIBANK,LONG,105,2023-10-06T10:15:00+05:30,944.25,2023-10-09T14:15:00+05:30,938.8,golden_cross,death_cross,-572.25,282.88,19.77,59.32,-934.22,3.17
NSE:WIPRO,LONG,975,2023-10-05T15:15:00+05:30,101.75,2023-10-09T14:15:00+05:30,101.44,golden_cross,death_cross,-302.25,283.3,19.81,59.43,-664.79,3.96
NSE:ICICIBANK,SHORT,100,2023-10-09T15:15:00+05:30,939.0,2023-10-10T09:15:00+05:30,945.4,death_cross,golden_cross,-640.0,272.58,18.84,56.53,-987.95,0.75
NSE:BHARTIARTL,SHORT,105,2023-10-09T13:15:00+05:30,924.45,2023-10-10T09:15:00+05:30,950.05,death_cross,golden_cross,-2688.0,282.05,19.68,59.05,-3048.77,0.83
NSE:NIFTY,SHORT,5.081499187056714,2023-10-09T14:15:00+05:30,19512.7,2023-10-10T10:15:00+05:30,19622.8,death_cross,golden_cross,-559.47,65.88,3.98,19.89,-649.22,0.83
NSE:SENSEX,SHORT,1.5192364082571364,2023-10-09T15:15:00+05:30,65478.0,2023-10-10T10:15:00+05:30,65885.74,death_cross,golden_cross,-619.45,65.95,3.99,19.96,-709.35,0.79
NSE:BANKNIFTY,SHORT,2.2440765317673486,2023-10-09T10:15:00+05:30,43989.1,2023-10-10T13:15:00+05:30,44423.55,death_cross,golden_cross,-974.94,65.82,3.97,19.84,-1064.57,1.12
NSE:SBIN,SHORT,160,2023-10-09T10:15:00+05:30,585.2,2023-10-10T14:15:00+05:30,591.3,death_cross,golden_cross,-976.0,272.38,18.82,56.47,-1323.68,1.17
NSE:WIPRO,SHORT,975,2023-10-09T15:15:00+05:30,101.28,2023-10-10T14:15:00+05:30,101.94,death_cross,golden_cross,-648.37,283.35,19.81,59.44,-1010.98,0.96
NSE:HDFCBANK,SHORT,255,2023-10-09T11:15:00+05:30,379.34,2023-10-11T10:15:00+05:30,383.24,death_cross,golden_cross,-994.5,279.29,19.45,58.34,-1351.57,1.96
NSE:TATASTEEL,SHORT,780,2023-10-03T12:15:00+05:30,127.8,2023-10-11T10:15:00+05:30,125.6,death_cross,golden_cross,1716.0,282.64,19.77,59.3,1354.3,7.92
NSE:SBIN,LONG,160,2023-10-10T15:15:00+05:30,591.4,2023-10-11T15:15:00+05:30,588.7,golden_cross,death_cross,-432.0,272.98,18.88,56.64,-780.51,1.0
NSE:TCS,LONG,25,2023-10-05T10:15:00+05:30,3612.0,2023-10-12T09:15:00+05:30,3555.8,golden_cross,death_cross,-1405.0,262.36,17.92,53.76,-1739.04,6.96
NSE:HCLTECH,LONG,75,2023-10-09T09:15:00+05:30,1255.6,2023-10-12T09:15:00+05:30,1238.05,golden_cross,death_cross,-1316.25,271.05,18.7,56.11,-1662.11,3.0
NSE:SBIN,LONG,155,2023-10-12T09:15:00+05:30,591.5,2023-10-12T12:15:00+05:30,587.9,golden_cross,death_cross,-558.0,79.35,18.28,54.84,-710.48,0.12
NSE:INFY,LONG,65,2023-10-05T10:15:00+05:30,1470.9,2023-10-12T13:15:00+05:30,1477.4,golden_cross,death_cross,422.5,276.05,19.16,57.49,69.79,7.12
NSE:ADANIGREEN,LONG,100,2023-10-11T12:15:00+05:30,965.8,2023-10-12T14:15:00+05:30,947.25,golden_cross,death_cross,-1855.0,275.85,19.13,57.39,-2207.37,1.08
NSE:BANKNIFTY,LONG,2.20174681331878,2023-10-10T14:15:00+05:30,44352.75,2023-10-13T11:15:00+05:30,44246.15,golden_cross,death_cross,-234.71,65.54,3.9,19.51,-323.66,2.88
NSE:ICICIBANK,LONG,100,2023-10-10T10:15:00+05:30,945.65,2023-10-13T11:15:00+05:30,946.5,golden_cross,death_cross,85.0,273.38,18.92,56.76,-264.07,3.04
NSE:TATASTEEL,LONG,800,2023-10-11T11:15:00+05:30,126.05,2023-10-13T11:15:00+05:30,124.7,golden_cross,death_cross,-1080.0,286.12,20.06,60.18,-1446.36,2.0
NSE:WIPRO,LONG,960,2023-10-10T15:15:00+05:30,101.92,2023-10-13T11:15:00+05:30,102.49,golden_cross,death_cross,552.0,281.14,19.62,58.87,192.37,2.83
NSE:ICICIBANK,SHORT,100,2023-10-13T12:15:00+05:30,949.75,2023-10-13T13:15:00+05:30,956.15,death_cross,golden_cross,-640.0,80.72,19.06,57.18,-796.95,0.04
NSE:HCLTECH,SHORT,75,2023-10-12T10:15:00+05:30,1243.5,2023-10-13T14:15:00+05:30,1254.8,death_cross,golden_cross,-847.5,271.41,18.74,56.21,-1193.86,1.17
NSE:LT,SHORT,30,2023-10-12T14:15:00+05:30,3083.05,2023-10-13T14:15:00+05:30,3091.05,death_cross,golden_cross,-240.0,268.97,18.52,55.57,-583.06,1.0
NSE:ICICIBANK,LONG,100,2023-10-13T14:15:00+05:30,951.75,2023-10-16T09:15:00+05:30,948.75,golden_cross,death_cross,-300.0,274.34,19.01,57.02,-650.36,2.79
NSE:TATASTEEL,SHORT,795,2023-10-13T12:15:00+05:30,125.15,2023-10-16T09:15:00+05:30,126.15,death_cross,golden_cross,-795.0,285.19,19.98,59.94,-1160.11,2.88
NSE:HDFCBANK,LONG,250,2023-10-11T11:15:00+05:30,383.7,2023-10-16T10:15:00+05:30,381.6,golden_cross,death_cross,-525.0,275.77,19.13,57.4,-877.3,4.96
NSE:ICICIBANK,SHORT,100,2023-10-16T10:15:00+05:30,951.15,2023-10-16T11:15:00+05:30,952.8,death_cross,golden_cross,-165.0,80.73,19.04,57.12,-321.89,0.04
NSE:SENSEX,LONG,1.4966830902841348,2023-10-10T11:15:00+05:30,65992.15,2023-10-16T14:15:00+05:30,66181.0,golden_cross,death_cross,282.65,65.83,3.96,19.78,193.08,6.12
NSE:ICICIBANK,LONG,100,2023-10-16T12:15:00+05:30,951.45,2023-10-16T15:15:00+05:30,950.5,golden_cross,death_cross,-95.0,80.71,19.02,57.06,-251.78,0.12
NSE:SENSEX,SHORT,1.495869112221793,2023-10-16T15:15:00+05:30,66156.75,2023-10-17T09:15:00+05:30,66462.28,death_cross,golden_cross,-457.03,65.84,3.97,19.84,-546.68,0.75
NSE:BANKNIFTY,SHORT,2.19507755519957,2023-10-13T12:15:00+05:30,44340.5,2023-10-17T11:15:00+05:30,44512.25,death_cross,golden_cross,-377.0,65.53,3.9,19.5,-465.94,3.96
NSE:HDFCBANK,SHORT,250,2023-10-16T11:15:00+05:30,382.93,2023-10-17T11:15:00+05:30,385.87,death_cross,golden_cross,-735.0,276.76,19.22,57.66,-1088.64,1.0
NSE:LT,LONG,30,2023-10-13T15:15:00+05:30,3090.0,2023-10-17T12:15:00+05:30,3069.6,golden_cross,death_cross,-612.0,268.52,18.48,55.44,-954.43,3.88
NSE:BANKNIFTY,LONG,2.1761274722554886,2023-10-17T12:15:00+05:30,44513.15,2023-10-18T10:15:00+05:30,43932.75,golden_cross,death_cross,-1263.02,65.24,3.85,19.25,-1351.36,0.92
NSE:HDFCBANK,LONG,245,2023-10-17T12:15:00+05:30,386.12,2023-10-18T10:15:00+05:30,380.39,golden_cross,death_cross,-1405.08,271.92,18.78,56.34,-1752.11,0.92
NSE:ICICIBANK,LONG,95,2023-10-17T09:15:00+05:30,958.15,2023-10-18T10:15:00+05:30,942.8,golden_cross,death_cross,-1458.25,263.92,18.06,54.18,-1794.4,1.04
NSE:HINDUNILVR,LONG,35,2023-10-03T11:15:00+05:30,2495.6,2023-10-18T10:15:00+05:30,2543.5,golden_cross,death_cross,1676.5,258.99,17.64,52.91,1346.96,14.96
NSE:SENSEX,LONG,1.4798683233969836,2023-10-17T10:15:00+05:30,66503.75,2023-10-18T11:15:00+05:30,66003.59,golden_cross,death_cross,-740.17,65.61,3.92,19.61,-829.31,1.04
NSE:TATACONSUM,LONG,110,2023-10-06T13:15:00+05:30,873.95,2023-10-18T11:15:00+05:30,900.0,golden_cross,death_cross,2865.5,279.75,19.51,58.54,2507.69,11.92
NSE:NIFTY,LONG,5.012428022940633,2023-10-10T11:15:00+05:30,19652.45,2023-10-18T12:15:00+05:30,19709.65,golden_cross,death_cross,286.71,65.78,3.95,19.73,197.26,8.04
NSE:RELIANCE,LONG,170,2023-10-11T10:15:00+05:30,581.79,2023-10-18T12:15:00+05:30,582.95,golden_cross,death_cross,197.2,283.14,19.8,59.4,-165.15,7.08
NSE:INFY,SHORT,65,2023-10-12T14:15:00+05:30,1466.25,2023-10-18T13:15:00+05:30,1451.75,death_cross,golden_cross,942.5,273.83,18.97,56.9,592.81,5.96
NSE:TATASTEEL,LONG,780,2023-10-16T10:15:00+05:30,126.1,2023-10-19T09:15:00+05:30,125.0,golden_cross,death_cross,-858.0,280.84,19.59,58.76,-1217.18,2.96
NSE:BHARTIARTL,LONG,100,2023-10-10T10:15:00+05:30,949.45,2023-10-19T09:15:00+05:30,947.4,golden_cross,death_cross,-205.0,273.93,18.97,56.91,-554.8,8.96
NSE:ITC,LONG,225,2023-10-06T12:15:00+05:30,441.4,2023-10-19T11:15:00+05:30,450.4,golden_cross,death_cross,2025.0,285.95,20.07,60.2,1658.79,12.96
NSE:HCLTECH,LONG,75,2023-10-13T15:15:00+05:30,1257.0,2023-10-19T15:15:00+05:30,1265.7,golden_cross,death_cross,652.5,273.33,18.92,56.76,303.49,6.0
NSE:HCLTECH,SHORT,75,2023-10-20T09:15:00+05:30,1250.15,2023-10-27T11:15:00+05:30,1261.3,death_cross,golden_cross,-836.25,272.5,18.84,56.51,-1184.1,7.08
NSE:SBIN,SHORT,155,2023-10-12T13:15:00+05:30,587.35,2023-10-27T13:15:00+05:30,560.35,death_cross,golden_cross,4185.0,260.5,17.79,53.37,3853.35,15.0
NSE:TATACONSUM,SHORT,110,2023-10-18T12:15:00+05:30,896.5,2023-10-27T13:15:00+05:30,890.4,death_cross,golden_cross,671.0,281.5,19.66,58.97,310.88,9.04
NSE:RELIANCE,SHORT,170,2023-10-18T13:15:00+05:30,583.41,2023-10-30T09:15:00+05:30,576.25,death_cross,golden_cross,1218.05,282.11,19.71,59.14,857.08,11.83
NSE:ADANIGREEN,SHORT,100,2023-10-12T15:15:00+05:30,951.0,2023-10-30T11:15:00+05:30,883.0,death_cross,golden_cross,6800.0,266.42,18.34,55.02,6460.22,17.83
NSE:BHARTIARTL,SHORT,100,2023-10-19T10:15:00+05:30,944.35,2023-10-30T12:15:00+05:30,927.2,death_cross,golden_cross,1715.0,270.97,18.72,56.15,1369.17,11.08
NSE:BANKNIFTY,SHORT,2.1754119288457967,2023-10-18T11:15:00+05:30,43908.45,2023-10-30T13:15:00+05:30,42932.8,death_cross,golden_cross,2122.44,65.09,3.78,18.89,2034.68,12.08
NSE:ICICIBANK,SHORT,95,2023-10-18T11:15:00+05:30,940.7,2023-10-30T14:15:00+05:30,924.65,death_cross,golden_cross,1524.75,259.93,17.72,53.16,1193.93,12.12
NSE:NIFTY,SHORT,5.005370649489511,2023-10-18T13:15:00+05:30,19719.45,2023-10-30T15:15:00+05:30,19148.85,death_cross,golden_cross,2856.06,65.66,3.89,19.46,2767.06,12.08
NSE:SENSEX,SHORT,1.4781996736547136,2023-10-18T12:15:00+05:30,66019.47,2023-10-30T15:15:00+05:30,64178.69,death_cross,golden_cross,2721.04,65.45,3.85,19.25,2632.49,12.12
NSE:LT,SHORT,30,2023-10-17T13:15:00+05:30,3065.8,2023-10-30T15:15:00+05:30,2929.0,death_cross,golden_cross,4104.0,262.67,17.98,53.95,3769.39,13.08
NSE:BHARTIARTL,LONG,105,2023-10-30T13:15:00+05:30,926.75,2023-10-31T11:15:00+05:30,915.05,golden_cross,death_cross,-1228.5,278.12,19.34,58.02,-1583.98,0.92
NSE:HINDUNILVR,SHORT,35,2023-10-18T11:15:00+05:30,2548.15,2023-10-31T13:15:00+05:30,2485.15,death_cross,golden_cross,2205.0,258.72,17.62,52.85,1875.81,13.08
NSE:SENSEX,LONG,1.5665019067336377,2023-10-31T09:15:00+05:30,63973.48,2023-10-31T15:15:00+05:30,63892.03,golden_cross,death_cross,-127.59,66.04,4.01,20.03,-217.67,0.25
NSE:NIFTY,LONG,5.311212033703003,2023-10-31T09:15:00+05:30,19103.35,2023-11-01T09:15:00+05:30,19044.1,golden_cross,death_cross,-314.69,66.25,4.05,20.26,-405.25,1.0
NSE:ICICIBANK,LONG,100,2023-10-30T15:15:00+05:30,924.25,2023-11-01T09:15:00+05:30,914.15,golden_cross,death_cross,-1010.0,267.49,18.38,55.15,-1351.03,1.75
NSE:BANKNIFTY,LONG,2.2669927296609638,2023-10-30T14:15:00+05:30,43029.5,2023-11-01T10:15:00+05:30,42666.95,golden_cross,death_cross,-821.9,65.44,3.89,19.43,-910.65,1.83
NSE:HINDUNILVR,LONG,40,2023-10-31T14:15:00+05:30,2485.0,2023-11-01T10:15:00+05:30,2473.0,golden_cross,death_cross,-480.0,283.54,19.83,59.5,-842.87,0.83
NSE:WIPRO,SHORT,955,2023-10-13T12:15:00+05:30,102.62,2023-11-01T10:15:00+05:30,95.97,death_cross,golden_cross,6350.75,273.41,18.97,56.9,6001.47,18.92
NSE:LT,LONG,30,2023-10-31T09:15:00+05:30,2915.95,2023-11-01T10:15:00+05:30,2893.55,golden_cross,death_cross,-672.0,256.85,17.43,52.29,-998.56,1.04
NSE:WIPRO,LONG,1085,2023-11-01T11:15:00+05:30,95.97,2023-11-01T14:15:00+05:30,95.27,golden_cross,death_cross,-759.5,83.68,20.75,62.25,-926.17,0.12
NSE:ADANIGREEN,LONG,115,2023-10-30T12:15:00+05:30,890.45,2023-11-01T15:15:00+05:30,883.0,golden_cross,death_cross,-856.75,289.83,20.39,61.18,-1228.15,2.12
NSE:BANKNIFTY,SHORT,2.2614624358275317,2023-11-01T11:15:00+05:30,42733.25,2023-11-02T10:15:00+05:30,43083.5,death_cross,golden_cross,-792.08,65.42,3.88,19.41,-880.79,0.96
NSE:ICICIBANK,SHORT,100,2023-11-01T10:15:00+05:30,913.1,2023-11-02T10:15:00+05:30,923.25,death_cross,golden_cross,-1015.0,267.27,18.36,55.09,-1355.72,1.0
NSE:WIPRO,SHORT,1080,2023-11-01T15:15:00+05:30,95.25,2023-11-02T10:15:00+05:30,95.81,death_cross,golden_cross,-610.2,292.48,20.64,61.91,-985.22,0.79
NSE:BHARTIARTL,SHORT,100,2023-10-31T12:15:00+05:30,916.35,2023-11-02T11:15:00+05:30,919.7,death_cross,golden_cross,-335.0,267.18,18.36,55.08,-675.62,1.96
NSE:NIFTY,SHORT,5.305809909532851,2023-11-01T10:15:00+05:30,19046.65,2023-11-02T12:15:00+05:30,19112.75,death_cross,golden_cross,-350.71,66.23,4.05,20.25,-441.24,1.08
NSE:SENSEX,SHORT,1.5691011531121815,2023-11-01T09:15:00+05:30,63729.2,2023-11-02T12:15:00+05:30,63983.97,death_cross,golden_cross,-399.76,66.03,4.01,20.04,-489.84,1.12
NSE:LT,SHORT,30,2023-11-01T11:15:00+05:30,2900.1,2023-11-02T13:15:00+05:30,2912.6,death_cross,golden_cross,-375.0,256.93,17.44,52.31,-701.69,1.08
NSE:ICICIBANK,SHORT,100,2023-11-02T11:15:00+05:30,914.15,2023-11-02T14:15:00+05:30,918.7,death_cross,golden_cross,-455.0,79.45,18.33,54.99,-607.76,0.12
NSE:HINDUNILVR,SHORT,40,2023-11-01T11:15:00+05:30,2472.0,2023-11-02T14:15:00+05:30,2488.25,death_cross,golden_cross,-650.0,283.66,19.84,59.52,-1013.02,1.12
NSE:HDFCBANK,SHORT,240,2023-10-18T11:15:00+05:30,380.43,2023-11-03T09:15:00+05:30,371.87,death_cross,golden_cross,2054.4,263.61,18.05,54.16,1718.57,15.92
NSE:INFY,SHORT,65,2023-10-18T14:15:00+05:30,1439.6,2023-11-03T09:15:00+05:30,1383.3,death_cross,golden_cross,3659.5,266.75,18.35,55.05,3319.35,15.79
NSE:TCS,SHORT,25,2023-10-12T10:15:00+05:30,3559.2,2023-11-03T09:15:00+05:30,3375.7,death_cross,golden_cross,4587.5,255.44,17.34,52.01,4262.71,21.96
NSE:ITC,SHORT,225,2023-10-19T12:15:00+05:30,449.9,2023-11-03T09:15:00+05:30,433.45,death_cross,golden_cross,3701.25,283.71,19.88,59.63,3338.04,14.88
NSE:ADANIGREEN,SHORT,115,2023-11-02T09:15:00+05:30,892.5,2023-11-03T12:15:00+05:30,903.3,death_cross,golden_cross,-1242.0,292.71,20.65,61.96,-1617.32,1.12
NSE:TCS,LONG,30,2023-11-03T10:15:00+05:30,3364.95,2023-11-03T14:15:00+05:30,3351.8,golden_cross,death_cross,-394.5,82.67,20.15,60.45,-557.77,0.17
NSE:TCS,SHORT,30,2023-11-03T15:15:00+05:30,3351.0,2023-11-06T09:15:00+05:30,3375.75,death_cross,golden_cross,-742.5,287.43,20.18,60.54,-1110.65,2.75
NSE:TATASTEEL,SHORT,775,2023-10-19T10:15:00+05:30,125.3,2023-11-06T12:15:00+05:30,118.7,death_cross,golden_cross,5115.0,272.88,18.91,56.73,4766.48,18.08
NSE:HCLTECH,LONG,75,2023-10-27T12:15:00+05:30,1265.05,2023-11-06T13:15:00+05:30,1266.65,golden_cross,death_cross,120.0,274.12,18.99,56.96,-230.07,10.04
NSE:HCLTECH,SHORT,70,2023-11-06T14:15:00+05:30,1270.0,2023-11-07T09:15:00+05:30,1276.35,death_cross,golden_cross,-444.5,261.23,17.82,53.47,-777.03,0.79
NSE:WIPRO,LONG,1065,2023-11-02T11:15:00+05:30,95.81,2023-11-08T10:15:00+05:30,95.88,golden_cross,death_cross,63.9,289.98,20.41,61.24,-307.74,5.96
NSE:HCLTECH,LONG,70,2023-11-07T10:15:00+05:30,1271.0,2023-11-08T15:15:00+05:30,1267.5,golden_cross,death_cross,-245.0,260.61,17.77,53.31,-576.69,1.21
NSE:INFY,LONG,70,2023-11-03T10:15:00+05:30,1385.45,2023-11-09T09:15:00+05:30,1384.3,golden_cross,death_cross,-80.5,278.58,19.39,58.16,-436.64,5.96
NSE:TATACONSUM,LONG,115,2023-10-27T14:15:00+05:30,890.4,2023-11-09T09:15:00+05:30,901.8,golden_cross,death_cross,1311.0,292.06,20.61,61.83,936.5,12.79
NSE:HCLTECH,LONG,70,2023-11-09T09:15:00+05:30,1275.6,2023-11-09T10:15:00+05:30,1270.4,golden_cross,death_cross,-364.0,78.57,17.82,53.47,-513.85,0.04
NSE:RELIANCE,LONG,170,2023-10-30T10:15:00+05:30,579.41,2023-11-09T11:15:00+05:30,579.8,golden_cross,death_cross,65.45,282.11,19.71,59.12,-295.49,10.04
NSE:TCS,LONG,25,2023-11-06T10:15:00+05:30,3370.0,2023-11-09T12:15:00+05:30,3371.9,golden_cross,death_cross,47.5,250.42,16.85,50.56,-270.34,3.08
NSE:HINDUNILVR,LONG,40,2023-11-02T15:15:00+05:30,2493.0,2023-11-09T12:15:00+05:30,2483.8,golden_cross,death_cross,-368.0,284.37,19.91,59.72,-732.0,6.88
NSE:BHARTIARTL,LONG,100,2023-11-02T12:15:00+05:30,923.8,2023-11-09T15:15:00+05:30,931.1,golden_cross,death_cross,730.0,269.2,18.55,55.65,386.61,7.12
NSE:HDFCBANK,LONG,250,2023-11-03T10:15:00+05:30,371.89,2023-11-10T09:15:00+05:30,370.73,golden_cross,death_cross,-291.25,269.46,18.57,55.7,-634.97,6.96
NSE:SENSEX,LONG,1.5540034944356318,2023-11-02T13:15:00+05:30,64034.08,2023-11-10T10:15:00+05:30,64690.96,golden_cross,death_cross,1020.79,66.08,4.0,20.0,930.71,7.88
NSE:HDFCBANK,SHORT,250,2023-11-10T10:15:00+05:30,371.25,2023-11-10T14:15:00+05:30,372.75,death_cross,golden_cross,-375.0,79.94,18.6,55.8,-529.34,0.17
NSE:SENSEX,SHORT,1.5506034517915848,2023-11-10T11:15:00+05:30,64772.92,2023-11-10T14:15:00+05:30,64947.48,death_cross,golden_cross,-270.67,66.11,4.02,20.11,-360.92,0.12
NSE:BHARTIARTL,SHORT,100,2023-11-10T09:15:00+05:30,933.5,2023-11-10T14:15:00+05:30,935.8,death_cross,golden_cross,-230.0,80.12,18.69,56.08,-384.89,0.21
NSE:ICICIBANK,LONG,95,2023-11-02T15:15:00+05:30,920.25,2023-11-13T10:15:00+05:30,932.5,golden_cross,death_cross,1163.75,258.63,17.6,52.8,834.71,10.79
NSE:TATACONSUM,SHORT,110,2023-11-09T10:15:00+05:30,904.65,2023-11-13T11:15:00+05:30,918.1,death_cross,golden_cross,-1479.5,286.04,20.05,60.15,-1845.75,4.04
NSE:RELIANCE,SHORT,170,2023-11-09T12:15:00+05:30,578.55,2023-11-15T09:15:00+05:30,586.14,death_cross,golden_cross,-1290.3,283.25,19.8,59.4,-1652.75,5.88
NSE:INFY,SHORT,70,2023-11-09T10:15:00+05:30,1382.0,2023-11-15T09:15:00+05:30,1401.0,death_cross,golden_cross,-1330.0,279.71,19.48,58.44,-1687.63,5.96
NSE:HCLTECH,SHORT,70,2023-11-09T11:15:00+05:30,1272.15,2023-11-15T09:15:00+05:30,1281.65,death_cross,golden_cross,-665.0,261.83,17.88,53.63,-998.34,5.92
NSE:WIPRO,SHORT,1060,2023-11-08T11:15:00+05:30,95.85,2023-11-15T09:15:00+05:30,97.25,death_cross,golden_cross,-1484.0,290.69,20.47,61.41,-1856.57,6.92
NSE:TCS,SHORT,25,2023-11-09T13:15:00+05:30,3362.25,2023-11-15T10:15:00+05:30,3379.9,death_cross,golden_cross,-441.25,250.46,16.86,50.57,-759.14,5.88
NSE:ICICIBANK,SHORT,95,2023-11-13T11:15:00+05:30,934.05,2023-11-15T10:15:00+05:30,940.65,death_cross,golden_cross,-627.0,261.08,17.81,53.43,-959.32,1.96
NSE:HINDUNILVR,SHORT,40,2023-11-09T13:15:00+05:30,2476.9,2023-11-16T09:15:00+05:30,2494.3,death_cross,golden_cross,-696.0,284.15,19.88,59.65,-1059.69,6.83
NSE:ICICIBANK,LONG,95,2023-11-15T11:15:00+05:30,940.15,2023-11-16T15:15:00+05:30,935.0,golden_cross,death_cross,-489.25,261.12,17.81,53.44,-821.63,1.17
NSE:SBIN,LONG,170,2023-10-27T14:15:00+05:30,560.55,2023-11-17T09:15:00+05:30,566.85,golden_cross,death_cross,1071.0,276.03,19.17,57.5,718.31,20.79
NSE:BANKNIFTY,LONG,2.233811508541605,2023-11-02T11:15:00+05:30,42869.1,2023-11-17T10:15:00+05:30,43673.35,golden_cross,death_cross,1796.54,65.48,3.87,19.33,1707.86,14.96
NSE:ADANIGREEN,LONG,110,2023-11-03T13:15:00+05:30,902.6,2023-11-17T10:15:00+05:30,938.0,golden_cross,death_cross,3894.0,287.82,20.25,60.74,3525.19,13.88
NSE:ITC,LONG,240,2023-11-03T10:15:00+05:30,433.75,2023-11-20T09:15:00+05:30,438.25,golden_cross,death_cross,1080.0,295.61,20.93,62.78,700.68,16.96
NSE:RELIANCE,LONG,165,2023-11-15T10:15:00+05:30,586.5,2023-11-20T11:15:00+05:30,586.16,golden_cross,death_cross,-55.28,278.14,19.35,58.05,-410.82,5.04
NSE:SENSEX,LONG,1.539999529443216,2023-11-10T15:15:00+05:30,64985.26,2023-11-20T15:15:00+05:30,65654.94,golden_cross,death_cross,1031.31,66.18,4.02,20.12,940.98,10.0
NSE:RELIANCE,SHORT,165,2023-11-20T12:15:00+05:30,586.41,2023-11-21T09:15:00+05:30,593.12,death_cross,golden_cross,-1107.15,279.48,19.46,58.39,-1464.48,0.88
NSE:TATACONSUM,LONG,110,2023-11-13T12:15:00+05:30,919.0,2023-11-22T12:15:00+05:30,925.6,golden_cross,death_cross,726.0,288.55,20.29,60.87,356.29,9.0
NSE:ITC,SHORT,240,2023-11-20T10:15:00+05:30,438.1,2023-11-22T15:15:00+05:30,440.15,death_cross,golden_cross,-492.0,297.39,21.08,63.23,-873.7,2.21
NSE:TATACONSUM,SHORT,110,2023-11-22T13:15:00+05:30,924.75,2023-11-23T09:15:00+05:30,930.65,death_cross,golden_cross,-649.0,289.97,20.41,61.23,-1020.61,0.83
NSE:LT,LONG,30,2023-11-02T14:15:00+05:30,2916.85,2023-11-23T10:15:00+05:30,3058.95,golden_cross,death_cross,4263.0,262.02,17.93,53.78,3929.27,20.83
NSE:TCS,LONG,25,2023-11-15T11:15:00+05:30,3378.2,2023-11-24T09:15:00+05:30,3494.0,golden_cross,death_cross,2895.0,253.83,17.18,51.54,2572.45,8.92
NSE:BANKNIFTY,SHORT,2.230943685731996,2023-11-17T11:15:00+05:30,43687.45,2023-11-24T10:15:00+05:30,43722.05,death_cross,golden_cross,-77.19,65.54,3.9,19.5,-166.14,6.96
NSE:HCLTECH,LONG,70,2023-11-15T10:15:00+05:30,1275.25,2023-11-24T10:15:00+05:30,1311.6,golden_cross,death_cross,2544.5,264.16,18.11,54.32,2207.91,9.0
NSE:ADANIGREEN,SHORT,110,2023-11-17T11:15:00+05:30,937.0,2023-11-24T10:15:00+05:30,924.1,death_cross,golden_cross,1419.0,290.51,20.47,61.42,1046.6,6.96
NSE:ICICIBANK,SHORT,95,2023-11-17T09:15:00+05:30,931.85,2023-11-24T11:15:00+05:30,925.45,death_cross,golden_cross,608.0,259.15,17.64,52.93,278.27,7.08
NSE:WIPRO,LONG,1030,2023-11-15T10:15:00+05:30,97.1,2023-11-24T11:15:00+05:30,99.5,golden_cross,death_cross,2472.0,287.97,20.25,60.75,2103.04,9.04
NSE:INFY,LONG,70,2023-11-15T10:15:00+05:30,1399.1,2023-11-24T12:15:00+05:30,1439.2,golden_cross,death_cross,2807.0,283.7,19.87,59.6,2443.83,9.08
NSE:TATACONSUM,LONG,105,2023-11-23T10:15:00+05:30,928.15,2023-11-24T12:15:00+05:30,924.35,golden_cross,death_cross,-399.0,279.31,19.45,58.35,-756.11,1.08
NSE:ICICIBANK,SHORT,95,2023-11-24T12:15:00+05:30,921.3,2023-11-24T13:15:00+05:30,923.55,death_cross,golden_cross,-213.75,78.06,17.53,52.58,-361.92,0.04
NSE:ITC,LONG,235,2023-11-23T09:15:00+05:30,440.65,2023-11-24T13:15:00+05:30,437.25,golden_cross,death_cross,-799.0,292.44,20.63,61.89,-1173.97,1.17
NSE:RELIANCE,LONG,160,2023-11-21T10:15:00+05:30,593.51,2023-11-28T11:15:00+05:30,595.02,golden_cross,death_cross,241.6,274.43,19.02,57.05,-108.9,7.04
NSE:SBIN,SHORT,170,2023-11-17T10:15:00+05:30,566.5,2023-11-28T12:15:00+05:30,563.55,death_cross,golden_cross,501.5,276.57,19.21,57.63,148.09,11.08
NSE:TATACONSUM,SHORT,105,2023-11-24T13:15:00+05:30,925.75,2023-11-28T12:15:00+05:30,931.85,death_cross,golden_cross,-640.5,279.92,19.5,58.51,-998.44,3.96
NSE:SENSEX,LONG,1.5334320659460092,2023-11-21T09:15:00+05:30,65875.39,2023-11-28T13:15:00+05:30,65921.24,golden_cross,death_cross,70.31,66.22,4.04,20.21,-20.16,7.17
NSE:RELIANCE,SHORT,160,2023-11-28T12:15:00+05:30,594.75,2023-11-28T15:15:00+05:30,598.6,death_cross,golden_cross,-616.0,80.78,19.09,57.28,-773.15,0.12
NSE:HINDUNILVR,LONG,35,2023-11-16T10:15:00+05:30,2503.85,2023-11-28T15:15:00+05:30,2503.55,golden_cross,death_cross,-10.5,257.88,17.53,52.58,-338.49,12.21
NSE:INFY,SHORT,70,2023-11-24T13:15:00+05:30,1437.35,2023-11-29T09:15:00+05:30,1459.3,death_cross,golden_cross,-1536.5,288.56,20.28,60.83,-1906.17,4.83
NSE:HCLTECH,SHORT,70,2023-11-24T11:15:00+05:30,1313.2,2023-11-29T10:15:00+05:30,1336.5,death_cross,golden_cross,-1631.0,269.36,18.55,55.64,-1974.55,4.96
NSE:WIPRO,SHORT,1025,2023-11-24T12:15:00+05:30,99.42,2023-11-29T10:15:00+05:30,101.44,death_cross,golden_cross,-2065.38,292.07,20.59,61.77,-2439.8,4.92
NSE:HINDUNILVR,SHORT,35,2023-11-29T09:15:00+05:30,2516.85,2023-11-29T11:15:00+05:30,2518.75,death_cross,golden_cross,-66.5,78.25,17.62,52.87,-215.25,0.08
NSE:TCS,SHORT,25,2023-11-24T10:15:00+05:30,3483.65,2023-11-29T12:15:00+05:30,3500.3,death_cross,golden_cross,-416.25,257.18,17.46,52.38,-743.27,5.08
NSE:LT,SHORT,30,2023-11-23T11:15:00+05:30,3058.55,2023-11-29T12:15:00+05:30,3061.4,death_cross,golden_cross,-85.5,267.16,18.36,55.08,-426.1,6.04
NSE:RELIANCE,LONG,155,2023-11-29T09:15:00+05:30,601.82,2023-11-30T12:15:00+05:30,596.24,golden_cross,death_cross,-864.13,269.55,18.57,55.71,-1207.95,1.12
NSE:ITC,SHORT,235,2023-11-24T14:15:00+05:30,437.6,2023-12-01T09:15:00+05:30,445.95,death_cross,golden_cross,-1962.25,294.01,20.76,62.29,-2339.31,6.79
NSE:RELIANCE,SHORT,155,2023-11-30T13:15:00+05:30,595.73,2023-12-04T09:15:00+05:30,604.6,death_cross,golden_cross,-1375.62,269.98,18.61,55.82,-1720.02,3.83
NSE:HCLTECH,LONG,65,2023-11-29T11:15:00+05:30,1334.85,2023-12-05T09:15:00+05:30,1318.5,golden_cross,death_cross,-1062.75,254.86,17.25,51.74,-1386.6,5.92
NSE:WIPRO,LONG,980,2023-11-29T11:15:00+05:30,101.58,2023-12-05T11:15:00+05:30,100.97,golden_cross,death_cross,-588.0,283.75,19.85,59.55,-951.15,6.0
NSE:INFY,LONG,70,2023-11-29T10:15:00+05:30,1456.55,2023-12-05T12:15:00+05:30,1446.2,golden_cross,death_cross,-724.5,288.98,20.32,60.96,-1094.75,6.08
NSE:INFY,SHORT,65,2023-12-05T13:15:00+05:30,1446.0,2023-12-06T09:15:00+05:30,1462.6,death_cross,golden_cross,-1079.0,273.3,18.91,56.72,-1427.92,0.83
NSE:WIPRO,SHORT,975,2023-12-05T12:15:00+05:30,100.94,2023-12-06T09:15:00+05:30,102.97,death_cross,golden_cross,-1984.12,284.21,19.88,59.65,-2347.86,0.88
NSE:HCLTECH,SHORT,65,2023-12-05T10:15:00+05:30,1319.5,2023-12-07T09:15:00+05:30,1333.3,death_cross,golden_cross,-897.0,254.81,17.24,51.73,-1220.78,1.96
NSE:HINDUNILVR,LONG,35,2023-11-29T12:15:00+05:30,2519.1,2023-12-07T09:15:00+05:30,2513.95,golden_cross,death_cross,-180.25,258.89,17.62,52.85,-509.61,7.88
NSE:BHARTIARTL,LONG,100,2023-11-10T15:15:00+05:30,934.4,2023-12-07T09:15:00+05:30,1004.3,golden_cross,death_cross,6990.0,278.04,19.39,58.16,6634.41,26.75
NSE:TATASTEEL,LONG,855,2023-11-06T13:15:00+05:30,119.15,2023-12-07T13:15:00+05:30,129.9,golden_cross,death_cross,9191.25,299.06,21.29,63.88,8807.01,31.0
NSE:ITC,LONG,225,2023-12-01T10:15:00+05:30,447.2,2023-12-08T13:15:00+05:30,451.5,golden_cross,death_cross,967.5,287.76,20.22,60.66,598.86,7.12
NSE:TATACONSUM,LONG,105,2023-11-28T13:15:00+05:30,932.15,2023-12-08T14:15:00+05:30,947.05,golden_cross,death_cross,1564.5,282.28,19.73,59.19,1203.3,10.04
NSE:ITC,SHORT,225,2023-12-08T14:15:00+05:30,449.5,2023-12-12T10:15:00+05:30,459.2,death_cross,golden_cross,-2182.5,290.49,20.45,61.34,-2554.78,3.83
NSE:TATASTEEL,SHORT,850,2023-12-07T14:15:00+05:30,129.95,2023-12-12T10:15:00+05:30,131.6,death_cross,golden_cross,-1402.5,310.28,22.23,66.7,-1801.71,4.83
NSE:TATACONSUM,SHORT,105,2023-12-08T15:15:00+05:30,946.5,2023-12-12T10:15:00+05:30,954.45,death_cross,golden_cross,-834.75,284.99,19.96,59.88,-1199.58,3.79
NSE:ADANIGREEN,LONG,110,2023-11-24T11:15:00+05:30,934.4,2023-12-12T11:15:00+05:30,1497.0,golden_cross,death_cross,61886.0,355.69,26.75,80.24,61423.33,18.0
NSE:LT,LONG,30,2023-11-29T13:15:00+05:30,3085.5,2023-12-12T11:15:00+05:30,3353.15,golden_cross,death_cross,8029.5,277.17,19.32,57.95,7675.06,12.92
NSE:RELIANCE,LONG,150,2023-12-04T10:15:00+05:30,602.67,2023-12-12T13:15:00+05:30,609.0,golden_cross,death_cross,948.75,265.03,18.18,54.53,611.02,8.12
NSE:HDFCBANK,LONG,250,2023-11-10T15:15:00+05:30,373.38,2023-12-12T15:15:00+05:30,408.62,golden_cross,death_cross,8810.0,279.71,19.55,58.65,8452.09,32.0
NSE:INFY,LONG,65,2023-12-06T10:15:00+05:30,1465.1,2023-12-12T15:15:00+05:30,1476.0,golden_cross,death_cross,708.5,275.51,19.12,57.35,356.52,6.21
NSE:ITC,LONG,215,2023-12-12T11:15:00+05:30,457.7,2023-12-12T15:15:00+05:30,453.95,golden_cross,death_cross,-806.25,81.65,19.6,58.8,-966.3,0.17
NSE:TATACONSUM,LONG,100,2023-12-12T11:15:00+05:30,956.4,2023-12-12T15:15:00+05:30,949.6,golden_cross,death_cross,-680.0,80.71,19.06,57.18,-836.95,0.17
NSE:NIFTY,LONG,5.2608508711444255,2023-11-02T13:15:00+05:30,19125.8,2023-12-13T09:15:00+05:30,20850.7,golden_cross,death_cross,9074.44,67.47,4.21,21.03,8981.74,40.83
NSE:SENSEX,LONG,1.5259531485725768,2023-11-28T14:15:00+05:30,66185.08,2023-12-13T09:15:00+05:30,69353.1,golden_cross,death_cross,4834.25,66.91,4.14,20.68,4742.52,14.79
NSE:BANKNIFTY,LONG,2.2258657437662306,2023-11-24T11:15:00+05:30,43712.7,2023-12-13T10:15:00+05:30,47012.0,golden_cross,death_cross,7343.8,66.59,4.04,20.19,7252.98,18.96
NSE:TCS,LONG,25,2023-11-29T13:15:00+05:30,3512.3,2023-12-13T11:15:00+05:30,3564.25,golden_cross,death_cross,1298.75,259.62,17.69,53.07,968.36,13.92
NSE:TATASTEEL,LONG,830,2023-12-12T11:15:00+05:30,131.0,2023-12-13T11:15:00+05:30,129.6,golden_cross,death_cross,-1162.0,303.57,21.63,64.89,-1552.09,1.0
NSE:WIPRO,LONG,930,2023-12-06T10:15:00+05:30,103.5,2023-12-13T11:15:00+05:30,104.12,golden_cross,death_cross,581.25,277.65,19.31,57.93,226.36,7.04
NSE:TATASTEEL,SHORT,825,2023-12-13T12:15:00+05:30,130.05,2023-12-13T13:15:00+05:30,130.9,death_cross,golden_cross,-701.25,85.06,21.53,64.59,-872.42,0.04
NSE:TATACONSUM,SHORT,100,2023-12-13T09:15:00+05:30,950.6,2023-12-13T13:15:00+05:30,955.0,death_cross,golden_cross,-440.0,80.73,19.06,57.17,-596.96,0.17
NSE:LT,SHORT,30,2023-12-12T12:15:00+05:30,3348.95,2023-12-13T13:15:00+05:30,3392.9,death_cross,golden_cross,-1318.5,287.98,20.23,60.68,-1687.38,1.04
NSE:BANKNIFTY,SHORT,2.2252829843133504,2023-12-13T11:15:00+05:30,46973.75,2023-12-14T09:15:00+05:30,47890.2,death_cross,golden_cross,-2039.36,66.96,4.22,21.11,-2131.65,0.92
NSE:NIFTY,SHORT,5.259997841313529,2023-12-13T10:15:00+05:30,20831.35,2023-12-14T09:15:00+05:30,21168.05,death_cross,golden_cross,-1771.04,67.89,4.42,22.09,-1865.45,0.96
NSE:SENSEX,SHORT,1.5254317476385384,2023-12-13T10:15:00+05:30,69307.37,2023-12-14T09:15:00+05:30,70447.83,death_cross,golden_cross,-1739.69,67.17,4.26,21.32,-1832.44,0.96
NSE:WIPRO,SHORT,925,2023-12-13T12:15:00+05:30,104.14,2023-12-14T09:15:00+05:30,107.5,death_cross,golden_cross,-3108.0,280.9,19.58,58.73,-3467.21,0.88
NSE:BHARTIARTL,SHORT,100,2023-12-07T10:15:00+05:30,1003.5,2023-12-14T09:15:00+05:30,1003.8,death_cross,golden_cross,-30.0,286.19,20.07,60.22,-396.48,6.96
NSE:HDFCBANK,SHORT,250,2023-12-13T09:15:00+05:30,405.57,2023-12-14T10:15:00+05:30,412.24,death_cross,golden_cross,-1666.25,290.45,20.45,61.34,-2038.48,1.04
NSE:RELIANCE,SHORT,150,2023-12-12T14:15:00+05:30,605.69,2023-12-14T10:15:00+05:30,615.59,death_cross,golden_cross,-1485.0,266.81,18.32,54.96,-1825.09,1.83
NSE:INFY,SHORT,65,2023-12-13T09:15:00+05:30,1454.15,2023-12-14T11:15:00+05:30,1489.75,death_cross,golden_cross,-2314.0,275.94,19.14,57.41,-2666.48,1.08
NSE:TCS,SHORT,25,2023-12-13T12:15:00+05:30,3571.05,2023-12-14T11:15:00+05:30,3665.2,death_cross,golden_cross,-2353.75,264.33,18.09,54.27,-2690.45,0.96
NSE:ADANIGREEN,SHORT,110,2023-12-12T12:15:00+05:30,1487.6,2023-12-14T13:15:00+05:30,1505.55,death_cross,golden_cross,-1974.5,429.15,32.92,98.77,-2535.34,2.04
NSE:HINDUNILVR,SHORT,35,2023-12-07T10:15:00+05:30,2516.85,2023-12-14T14:15:00+05:30,2517.0,death_cross,golden_cross,-5.25,258.91,17.62,52.86,-334.64,7.17
NSE:BHARTIARTL,LONG,100,2023-12-14T10:15:00+05:30,1003.85,2023-12-15T12:15:00+05:30,995.0,golden_cross,death_cross,-885.0,285.31,19.99,59.97,-1250.27,1.08
NSE:HINDUNILVR,LONG,35,2023-12-14T15:15:00+05:30,2520.0,2023-12-15T13:15:00+05:30,2508.2,golden_cross,death_cross,-413.0,258.72,17.6,52.8,-742.12,0.92
NSE:ITC,LONG,215,2023-12-13T09:15:00+05:30,455.85,2023-12-18T09:15:00+05:30,452.0,golden_cross,death_cross,-827.75,280.09,19.52,58.56,-1185.91,5.0
NSE:TATACONSUM,LONG,100,2023-12-13T14:15:00+05:30,956.95,2023-12-18T11:15:00+05:30,951.8,golden_cross,death_cross,-515.0,275.27,19.09,57.26,-866.62,4.88
NSE:ICICIBANK,LONG,95,2023-11-24T14:15:00+05:30,929.75,2023-12-18T12:15:00+05:30,1019.4,golden_cross,death_cross,8516.75,268.26,18.52,55.55,8174.43,23.92
NSE:TATACONSUM,LONG,100,2023-12-18T12:15:00+05:30,953.7,2023-12-18T14:15:00+05:30,950.05,golden_cross,death_cross,-365.0,80.71,19.04,57.11,-521.86,0.08
NSE:TATACONSUM,SHORT,100,2023-12-18T15:15:00+05:30,947.0,2023-12-19T09:15:00+05:30,959.5,death_cross,golden_cross,-1250.0,275.08,19.07,57.19,-1601.34,0.75
NSE:ITC,SHORT,210,2023-12-18T10:15:00+05:30,451.2,2023-12-19T14:15:00+05:30,456.55,death_cross,golden_cross,-1123.5,275.04,19.06,57.19,-1474.8,1.17
NSE:TATASTEEL,LONG,810,2023-12-13T14:15:00+05:30,131.4,2023-12-20T12:15:00+05:30,133.4,golden_cross,death_cross,1620.0,301.35,21.45,64.35,1232.85,6.92
NSE:ADANIGREEN,LONG,105,2023-12-14T14:15:00+05:30,1508.0,2023-12-20T13:15:00+05:30,1464.7,golden_cross,death_cross,-4546.5,410.32,31.21,93.64,-5081.68,5.96
NSE:BANKNIFTY,LONG,2.1407123363483627,2023-12-14T10:15:00+05:30,47836.7,2023-12-20T14:15:00+05:30,47405.0,golden_cross,death_cross,-924.15,66.34,4.08,20.39,-1014.95,6.17
NSE:NIFTY,LONG,5.089407813859672,2023-12-14T10:15:00+05:30,21164.15,2023-12-20T14:15:00+05:30,21142.35,golden_cross,death_cross,-110.95,67.45,4.31,21.53,-204.24,6.17
NSE:ITC,LONG,205,2023-12-19T15:15:00+05:30,456.45,2023-12-20T14:15:00+05:30,450.1,golden_cross,death_cross,-1301.75,269.74,18.58,55.75,-1645.83,0.96
NSE:HCLTECH,LONG,65,2023-12-07T10:15:00+05:30,1334.1,2023-12-20T14:15:00+05:30,1441.7,golden_cross,death_cross,6994.0,263.1,18.04,54.13,6658.73,13.17
NSE:WIPRO,LONG,865,2023-12-14T10:15:00+05:30,107.54,2023-12-20T14:15:00+05:30,108.03,golden_cross,death_cross,419.52,270.3,18.65,55.94,74.64,6.17
NSE:LT,LONG,30,2023-12-13T14:15:00+05:30,3397.85,2023-12-20T14:15:00+05:30,3417.3,golden_cross,death_cross,583.5,290.28,20.45,61.34,211.44,7.0
NSE:SENSEX,LONG,1.474806534663591,2023-12-14T10:15:00+05:30,70447.68,2023-12-20T15:15:00+05:30,70359.62,golden_cross,death_cross,-129.87,66.73,4.15,20.77,-221.52,6.21
NSE:SBIN,LONG,170,2023-11-28T13:15:00+05:30,563.45,2023-12-20T15:15:00+05:30,634.8,golden_cross,death_cross,12129.5,288.58,20.37,61.11,11759.44,22.08
NSE:INFY,LONG,65,2023-12-14T12:15:00+05:30,1490.4,2023-12-21T09:15:00+05:30,1539.8,golden_cross,death_cross,3211.0,281.76,19.7,59.09,2850.46,6.88
NSE:TCS,LONG,25,2023-12-14T12:15:00+05:30,3667.85,2023-12-21T09:15:00+05:30,3782.8,golden_cross,death_cross,2873.75,269.9,18.63,55.88,2529.35,6.88
NSE:BANKNIFTY,SHORT,2.147399785773341,2023-12-20T15:15:00+05:30,47216.5,2023-12-22T09:15:00+05:30,47931.5,death_cross,golden_cross,-1535.39,66.34,4.09,20.43,-1626.25,1.75
NSE:SBIN,SHORT,170,2023-12-21T09:15:00+05:30,637.15,2023-12-22T10:15:00+05:30,647.9,death_cross,golden_cross,-1827.5,306.02,21.85,65.54,-2220.91,1.04
NSE:ADANIGREEN,SHORT,105,2023-12-20T14:15:00+05:30,1455.3,2023-12-22T10:15:00+05:30,1519.5,death_cross,golden_cross,-6741.0,410.73,31.24,93.71,-7276.67,1.83
NSE:SENSEX,SHORT,1.4728313256362742,2023-12-21T09:15:00+05:30,70392.2,2023-12-22T12:15:00+05:30,71063.72,death_cross,golden_cross,-989.04,66.75,4.17,20.83,-1080.79,1.12
NSE:BHARTIARTL,SHORT,100,2023-12-15T13:15:00+05:30,991.5,2023-12-22T12:15:00+05:30,995.35,death_cross,golden_cross,-385.0,283.94,19.87,59.61,-748.42,6.96
NSE:LT,SHORT,30,2023-12-20T15:15:00+05:30,3413.0,2023-12-22T12:15:00+05:30,3460.8,death_cross,golden_cross,-1434.0,292.39,20.62,61.86,-1808.87,1.88
NSE:SBIN,LONG,165,2023-12-22T11:15:00+05:30,646.9,2023-12-22T13:15:00+05:30,639.3,golden_cross,death_cross,-1254.0,84.46,21.22,63.67,-1423.35,0.08
NSE:ITC,SHORT,205,2023-12-20T15:15:00+05:30,450.45,2023-12-22T13:15:00+05:30,454.65,death_cross,golden_cross,-861.0,269.38,18.55,55.66,-1204.6,1.92
NSE:WIPRO,SHORT,865,2023-12-20T15:15:00+05:30,107.62,2023-12-22T13:15:00+05:30,113.11,death_cross,golden_cross,-4748.85,275.66,19.09,57.28,-5100.89,1.92
NSE:BANKNIFTY,LONG,2.079433265694571,2023-12-22T10:15:00+05:30,47980.05,2023-12-22T14:15:00+05:30,47490.05,golden_cross,death_cross,-1018.92,65.83,3.97,19.85,-1108.57,0.17
NSE:NIFTY,SHORT,5.094868154012125,2023-12-20T15:15:00+05:30,21101.5,2023-12-22T14:15:00+05:30,21354.3,death_cross,golden_cross,-1287.98,67.49,4.33,21.63,-1381.43,1.96
NSE:INFY,SHORT,65,2023-12-21T10:15:00+05:30,1536.85,2023-12-22T14:15:00+05:30,1560.7,death_cross,golden_cross,-1550.25,286.98,20.13,60.4,-1917.77,1.17
NSE:TATASTEEL,SHORT,815,2023-12-20T13:15:00+05:30,131.75,2023-12-22T14:15:00+05:30,133.7,death_cross,golden_cross,-1589.25,303.65,21.63,64.9,-1979.44,2.04
NSE:TCS,SHORT,25,2023-12-21T10:15:00+05:30,3783.55,2023-12-22T15:15:00+05:30,3814.0,death_cross,golden_cross,-761.25,274.25,18.99,56.98,-1111.48,1.21
NSE:HCLTECH,SHORT,65,2023-12-20T15:15:00+05:30,1437.95,2023-12-26T10:15:00+05:30,1463.45,death_cross,golden_cross,-1657.5,272.82,18.86,56.58,-2005.76,5.79
NSE:INFY,LONG,60,2023-12-22T15:15:00+05:30,1560.4,2023-12-26T12:15:00+05:30,1544.4,golden_cross,death_cross,-960.0,270.21,18.63,55.89,-1304.73,3.88
NSE:TCS,LONG,25,2023-12-26T09:15:00+05:30,3809.15,2023-12-26T14:15:00+05:30,3792.5,golden_cross,death_cross,-416.25,80.64,19.0,57.01,-572.91,0.21
NSE:BANKNIFTY,SHORT,2.078985567188781,2023-12-22T15:15:00+05:30,47458.75,2023-12-26T15:15:00+05:30,47762.5,death_cross,golden_cross,-631.49,65.79,3.96,19.8,-721.04,4.0
NSE:INFY,SHORT,60,2023-12-26T13:15:00+05:30,1542.1,2023-12-27T09:15:00+05:30,1561.05,death_cross,golden_cross,-1137.0,270.11,18.62,55.86,-1481.59,0.83
NSE:SBIN,SHORT,165,2023-12-22T14:15:00+05:30,636.75,2023-12-27T11:15:00+05:30,647.1,death_cross,golden_cross,-1707.75,298.65,21.18,63.55,-2091.14,4.88
NSE:TCS,SHORT,25,2023-12-26T15:15:00+05:30,3796.6,2023-12-28T09:15:00+05:30,3819.5,death_cross,golden_cross,-572.5,274.75,19.04,57.12,-923.41,1.75
NSE:ICICIBANK,SHORT,95,2023-12-18T13:15:00+05:30,1022.7,2023-12-28T09:15:00+05:30,1004.2,death_cross,golden_cross,1757.5,276.97,19.26,57.77,1403.51,9.83
NSE:TCS,LONG,25,2023-12-28T10:15:00+05:30,3818.95,2023-12-29T10:15:00+05:30,3788.55,golden_cross,death_cross,-760.0,274.53,19.02,57.06,-1110.6,1.0
NSE:INFY,LONG,60,2023-12-27T10:15:00+05:30,1560.3,2023-12-29T11:15:00+05:30,1545.0,golden_cross,death_cross,-918.0,270.24,18.63,55.9,-1262.77,2.04
NSE:ICICIBANK,LONG,95,2023-12-28T10:15:00+05:30,1005.35,2023-12-29T12:15:00+05:30,997.8,golden_cross,death_cross,-717.25,274.65,19.03,57.09,-1068.02,1.08
NSE:SBIN,LONG,160,2023-12-27T12:15:00+05:30,643.25,2023-12-29T12:15:00+05:30,641.85,golden_cross,death_cross,-224.0,291.63,20.56,61.68,-597.88,2.0
NSE:ADANIGREEN,LONG,95,2023-12-22T11:15:00+05:30,1523.0,2023-12-29T13:15:00+05:30,1563.05,golden_cross,death_cross,3804.75,388.63,29.32,87.95,3298.85,7.08
NSE:HCLTECH,LONG,60,2023-12-26T11:15:00+05:30,1465.15,2024-01-01T09:15:00+05:30,1461.9,golden_cross,death_cross,-195.0,258.3,17.56,52.69,-523.55,5.92
NSE:RELIANCE,LONG,145,2023-12-14T11:15:00+05:30,616.19,2024-01-01T10:15:00+05:30,645.84,golden_cross,death_cross,4299.25,266.16,18.3,54.9,3959.9,17.96
NSE:BHARTIARTL,LONG,100,2023-12-22T13:15:00+05:30,993.95,2024-01-01T12:15:00+05:30,1007.8,golden_cross,death_cross,1385.0,285.47,20.02,60.05,1019.46,9.96
NSE:RELIANCE,SHORT,145,2024-01-01T11:15:00+05:30,646.29,2024-01-01T13:15:00+05:30,648.74,death_cross,golden_cross,-355.25,80.25,18.78,56.33,-510.61,0.08
NSE:TCS,SHORT,25,2023-12-29T11:15:00+05:30,3802.3,2024-01-01T13:15:00+05:30,3827.0,death_cross,golden_cross,-617.5,275.12,19.07,57.22,-968.92,3.08
NSE:HDFCBANK,LONG,240,2023-12-14T11:15:00+05:30,411.98,2024-01-01T15:15:00+05:30,423.23,golden_cross,death_cross,2700.0,285.67,20.04,60.13,2334.15,18.17
NSE:BANKNIFTY,LONG,2.041082720080501,2023-12-27T09:15:00+05:30,47987.85,2024-01-02T09:15:00+05:30,47968.65,golden_cross,death_cross,-39.19,65.63,3.92,19.59,-128.32,6.0
NSE:LT,LONG,30,2023-12-22T13:15:00+05:30,3463.8,2024-01-02T09:15:00+05:30,3483.7,golden_cross,death_cross,597.0,294.69,20.84,62.53,218.94,10.83
NSE:RELIANCE,LONG,145,2024-01-01T14:15:00+05:30,647.58,2024-01-02T10:15:00+05:30,644.62,golden_cross,death_cross,-427.75,271.37,18.74,56.21,-774.07,0.83
NSE:SENSEX,LONG,1.4453615534406374,2023-12-22T13:15:00+05:30,70984.51,2024-01-02T10:15:00+05:30,71698.8,golden_cross,death_cross,1032.41,66.66,4.12,20.62,941.0,10.88
NSE:TCS,LONG,25,2024-01-01T14:15:00+05:30,3805.5,2024-01-02T10:15:00+05:30,3785.1,golden_cross,death_cross,-510.0,274.04,18.98,56.93,-859.95,0.83
NSE:NIFTY,LONG,4.975169974883467,2023-12-22T15:15:00+05:30,21332.35,2024-01-02T11:15:00+05:30,21612.4,golden_cross,death_cross,1393.3,67.38,4.27,21.37,1300.28,10.83
NSE:HINDUNILVR,LONG,35,2023-12-15T14:15:00+05:30,2524.0,2024-01-02T12:15:00+05:30,2619.7,golden_cross,death_cross,3349.5,262.93,18.0,54.01,3014.56,17.92
NSE:WIPRO,LONG,760,2023-12-22T14:15:00+05:30,115.47,2024-01-02T12:15:00+05:30,116.72,golden_cross,death_cross,950.0,259.14,17.65,52.94,620.28,10.92
NSE:BHARTIARTL,SHORT,95,2024-01-01T13:15:00+05:30,1012.25,2024-01-02T13:15:00+05:30,1024.85,death_cross,golden_cross,-1197.0,278.27,19.35,58.06,-1552.68,1.0
NSE:RELIANCE,SHORT,145,2024-01-02T11:15:00+05:30,644.91,2024-01-02T14:15:00+05:30,653.05,death_cross,golden_cross,-1179.57,80.24,18.82,56.46,-1335.09,0.12
NSE:HCLTECH,LONG,60,2024-01-01T10:15:00+05:30,1470.0,2024-01-03T09:15:00+05:30,1439.95,golden_cross,death_cross,-1803.0,257.28,17.46,52.38,-2130.12,1.96
NSE:TATASTEEL,LONG,790,2023-12-22T15:15:00+05:30,133.4,2024-01-03T09:15:00+05:30,136.95,golden_cross,death_cross,2804.5,300.25,21.36,64.07,2418.82,11.75
NSE:SBIN,SHORT,160,2023-12-29T13:15:00+05:30,640.25,2024-01-03T12:15:00+05:30,646.25,death_cross,golden_cross,-960.0,291.94,20.58,61.75,-1334.27,4.96
NSE:BANKNIFTY,SHORT,2.0437915756702396,2024-01-02T10:15:00+05:30,47861.65,2024-01-04T12:15:00+05:30,48215.0,death_cross,golden_cross,-722.17,65.64,3.93,19.64,-811.38,2.08
NSE:NIFTY,SHORT,4.970341237322318,2024-01-02T12:15:00+05:30,21613.9,2024-01-04T14:15:00+05:30,21651.75,death_cross,golden_cross,-188.13,67.42,4.3,21.5,-281.36,2.08
NSE:SENSEX,SHORT,1.4434275701665036,2024-01-02T11:15:00+05:30,71729.59,2024-01-04T15:15:00+05:30,71908.8,death_cross,golden_cross,-258.68,66.7,4.15,20.73,-350.25,2.17
NSE:ICICIBANK,SHORT,95,2023-12-29T13:15:00+05:30,994.75,2024-01-05T09:15:00+05:30,996.0,death_cross,golden_cross,-118.75,273.3,18.91,56.74,-467.69,6.83
NSE:LT,SHORT,30,2024-01-02T10:15:00+05:30,3446.8,2024-01-05T10:15:00+05:30,3476.1,death_cross,golden_cross,-879.0,293.98,20.77,62.31,-1256.06,3.0
NSE:INFY,SHORT,60,2023-12-29T12:15:00+05:30,1543.45,2024-01-05T11:15:00+05:30,1524.6,death_cross,golden_cross,1131.0,267.6,18.41,55.22,789.76,6.96
NSE:SBIN,LONG,155,2024-01-03T13:15:00+05:30,645.3,2024-01-05T14:15:00+05:30,641.65,golden_cross,death_cross,-565.75,284.84,19.95,59.84,-930.38,2.04
NSE:HINDUNILVR,SHORT,35,2024-01-02T13:15:00+05:30,2618.6,2024-01-05T14:15:00+05:30,2620.65,death_cross,golden_cross,-71.75,266.91,18.34,55.01,-412.0,3.04
NSE:TCS,SHORT,25,2024-01-02T11:15:00+05:30,3781.0,2024-01-05T15:15:00+05:30,3738.6,death_cross,golden_cross,1060.0,271.95,18.8,56.4,712.85,3.17
NSE:ITC,LONG,200,2023-12-22T14:15:00+05:30,455.4,2024-01-08T09:15:00+05:30,468.65,golden_cross,death_cross,2650.0,268.3,18.48,55.44,2307.78,16.79
NSE:HINDUNILVR,LONG,35,2024-01-05T15:15:00+05:30,2620.5,2024-01-08T09:15:00+05:30,2583.2,golden_cross,death_cross,-1305.5,265.61,18.21,54.64,-1643.97,2.75
NSE:BANKNIFTY,LONG,2.0171918975266414,2024-01-04T13:15:00+05:30,48091.75,2024-01-08T10:15:00+05:30,47874.5,golden_cross,death_cross,-438.23,65.39,3.87,19.36,-526.86,3.88
NSE:TCS,LONG,25,2024-01-08T09:15:00+05:30,3712.5,2024-01-08T10:15:00+05:30,3697.0,golden_cross,death_cross,-387.5,79.8,18.52,55.57,-541.4,0.04
NSE:SENSEX,LONG,1.4318455087504525,2024-01-05T09:15:00+05:30,72065.92,2024-01-08T11:15:00+05:30,71618.7,golden_cross,death_cross,-640.35,66.52,4.11,20.57,-731.56,3.08
NSE:NIFTY,LONG,4.9446202340618886,2024-01-04T15:15:00+05:30,21669.6,2024-01-08T12:15:00+05:30,21575.8,golden_cross,death_cross,-463.81,67.3,4.28,21.38,-556.76,3.88
NSE:RELIANCE,LONG,140,2024-01-02T15:15:00+05:30,652.92,2024-01-08T12:15:00+05:30,646.99,golden_cross,death_cross,-830.9,265.42,18.2,54.6,-1169.12,5.88
NSE:HCLTECH,SHORT,60,2024-01-03T10:15:00+05:30,1444.0,2024-01-08T12:15:00+05:30,1445.0,death_cross,golden_cross,-60.0,255.75,17.33,52.0,-385.09,5.08
NSE:ICICIBANK,LONG,95,2024-01-05T10:15:00+05:30,988.8,2024-01-08T14:15:00+05:30,982.4,golden_cross,death_cross,-608.0,271.27,18.73,56.18,-954.17,3.17
NSE:TATACONSUM,LONG,95,2023-12-19T10:15:00+05:30,974.95,2024-01-08T15:15:00+05:30,1102.1,golden_cross,death_cross,12079.25,281.49,19.73,59.2,11718.83,20.21
NSE:TCS,SHORT,25,2024-01-08T11:15:00+05:30,3696.2,2024-01-09T11:15:00+05:30,3722.25,death_cross,golden_cross,-651.25,269.27,18.55,55.64,-994.7,1.0
NSE:ICICIBANK,SHORT,95,2024-01-08T15:15:00+05:30,983.0,2024-01-09T11:15:00+05:30,990.55,death_cross,golden_cross,-717.25,271.52,18.75,56.25,-1063.77,0.83
NSE:NIFTY,SHORT,4.937780106649515,2024-01-08T13:15:00+05:30,21587.2,2024-01-09T12:15:00+05:30,21706.35,death_cross,golden_cross,-588.34,67.28,4.28,21.38,-681.27,0.96
NSE:SENSEX,SHORT,1.4315529263792577,2024-01-08T12:15:00+05:30,71571.15,2024-01-09T12:15:00+05:30,71988.87,death_cross,golden_cross,-597.99,66.51,4.11,20.55,-689.16,1.0
NSE:TCS,LONG,25,2024-01-09T12:15:00+05:30,3713.05,2024-01-09T13:15:00+05:30,3695.65,golden_cross,death_cross,-435.0,79.79,18.52,55.57,-588.88,0.04
NSE:NIFTY,LONG,4.890863760354693,2024-01-09T13:15:00+05:30,21655.4,2024-01-09T14:15:00+05:30,21542.05,golden_cross,death_cross,-554.38,67.05,4.23,21.13,-646.78,0.04
NSE:SENSEX,LONG,1.4174679147081692,2024-01-09T13:15:00+05:30,71797.6,2024-01-09T14:15:00+05:30,71401.69,golden_cross,death_cross,-561.19,66.27,4.06,20.3,-651.82,0.04
NSE:ICICIBANK,LONG,95,2024-01-09T12:15:00+05:30,992.2,2024-01-09T14:15:00+05:30,981.65,golden_cross,death_cross,-1002.25,80.13,18.75,56.25,-1157.39,0.08
NSE:TATACONSUM,LONG,95,2024-01-09T09:15:00+05:30,1115.0,2024-01-10T10:15:00+05:30,1104.0,golden_cross,death_cross,-1045.0,297.46,21.08,63.24,-1426.78,1.04
NSE:INFY,LONG,60,2024-01-05T12:15:00+05:30,1530.1,2024-01-10T11:15:00+05:30,1517.55,golden_cross,death_cross,-753.0,266.38,18.29,54.86,-1092.53,4.96
NSE:ICICIBANK,SHORT,95,2024-01-09T15:15:00+05:30,977.75,2024-01-10T13:15:00+05:30,990.7,death_cross,golden_cross,-1230.25,271.02,18.7,56.1,-1576.08,0.92
NSE:RELIANCE,SHORT,140,2024-01-08T13:15:00+05:30,646.4,2024-01-10T14:15:00+05:30,662.75,death_cross,golden_cross,-2289.0,266.97,18.33,54.98,-2629.28,2.04
NSE:TATASTEEL,SHORT,785,2024-01-03T10:15:00+05:30,137.35,2024-01-10T15:15:00+05:30,134.2,death_cross,golden_cross,2472.75,299.82,21.32,63.95,2087.66,7.21
NSE:TATACONSUM,SHORT,90,2024-01-10T11:15:00+05:30,1106.5,2024-01-10T15:15:00+05:30,1114.9,death_cross,golden_cross,-756.0,82.35,19.99,59.98,-918.32,0.17
NSE:NIFTY,SHORT,4.8844194177182105,2024-01-09T15:15:00+05:30,21551.95,2024-01-11T10:15:00+05:30,21654.85,death_cross,golden_cross,-502.61,67.03,4.22,21.1,-594.96,1.79
NSE:TCS,SHORT,25,2024-01-09T14:15:00+05:30,3687.65,2024-01-11T10:15:00+05:30,3749.7,death_cross,golden_cross,-1551.25,269.86,18.59,55.78,-1895.48,1.83
NSE:SENSEX,SHORT,1.4162608676295225,2024-01-09T15:15:00+05:30,71399.93,2024-01-11T11:15:00+05:30,71753.51,death_cross,golden_cross,-500.76,66.25,4.05,20.27,-591.34,1.83
NSE:LT,LONG,30,2024-01-05T11:15:00+05:30,3486.75,2024-01-11T13:15:00+05:30,3509.5,golden_cross,death_cross,682.5,296.31,20.99,62.97,302.23,6.08
NSE:INFY,SHORT,60,2024-01-10T12:15:00+05:30,1512.45,2024-01-12T09:15:00+05:30,1599.3,death_cross,golden_cross,-5211.0,270.99,18.67,56.01,-5556.67,1.88
NSE:WIPRO,SHORT,755,2024-01-02T13:15:00+05:30,117.55,2024-01-12T09:15:00+05:30,116.5,death_cross,golden_cross,792.75,259.43,17.67,53.01,462.63,9.83
NSE:BANKNIFTY,SHORT,2.020554378222408,2024-01-08T11:15:00+05:30,47751.75,2024-01-12T11:15:00+05:30,47664.6,death_cross,golden_cross,176.09,65.35,3.86,19.28,87.61,4.0
NSE:SBIN,SHORT,155,2024-01-05T15:15:00+05:30,641.45,2024-01-12T12:15:00+05:30,630.9,death_cross,golden_cross,1635.25,282.16,19.72,59.16,1274.21,6.88
NSE:LT,SHORT,30,2024-01-11T14:15:00+05:30,3506.6,2024-01-12T14:15:00+05:30,3566.25,death_cross,golden_cross,-1789.5,299.05,21.22,63.66,-2173.42,1.0
NSE:ITC,SHORT,200,2024-01-08T10:15:00+05:30,467.3,2024-01-12T15:15:00+05:30,467.4,death_cross,golden_cross,-20.0,270.86,18.69,56.08,-365.64,4.21
NSE:ADANIGREEN,LONG,95,2023-12-29T14:15:00+05:30,1599.0,2024-01-15T09:15:00+05:30,1702.0,golden_cross,death_cross,9785.0,410.87,31.36,94.08,9248.69,16.79
NSE:HDFCBANK,SHORT,240,2024-01-02T09:15:00+05:30,423.09,2024-01-15T11:15:00+05:30,416.92,death_cross,golden_cross,1482.0,287.04,20.16,60.48,1114.32,13.08
NSE:HINDUNILVR,SHORT,35,2024-01-08T10:15:00+05:30,2575.35,2024-01-15T15:15:00+05:30,2575.0,death_cross,golden_cross,12.25,263.44,18.03,54.08,-323.3,7.21
NSE:BANKNIFTY,LONG,2.023156725259925,2024-01-12T12:15:00+05:30,47733.5,2024-01-17T09:15:00+05:30,46953.35,golden_cross,death_cross,-1578.37,65.14,3.83,19.16,-1666.5,4.88
NSE:HDFCBANK,LONG,245,2024-01-15T12:15:00+05:30,417.96,2024-01-17T09:15:00+05:30,395.31,golden_cross,death_cross,-5549.25,284.96,19.93,59.78,-5913.91,1.88
NSE:ICICIBANK,LONG,90,2024-01-10T14:15:00+05:30,992.7,2024-01-17T10:15:00+05:30,985.9,golden_cross,death_cross,-612.0,261.06,17.81,53.42,-944.29,6.83
NSE:NIFTY,LONG,4.833303542801991,2024-01-11T11:15:00+05:30,21657.15,2024-01-17T11:15:00+05:30,21675.45,golden_cross,death_cross,88.45,66.91,4.19,20.94,-3.59,6.0
NSE:SENSEX,LONG,1.4002057217948305,2024-01-11T12:15:00+05:30,71797.56,2024-01-17T11:15:00+05:30,71862.08,golden_cross,death_cross,90.34,66.13,4.02,20.12,0.07,5.96
NSE:SBIN,LONG,160,2024-01-12T13:15:00+05:30,632.15,2024-01-17T11:15:00+05:30,624.75,golden_cross,death_cross,-1184.0,286.69,20.11,60.33,-1551.13,4.92
NSE:TATASTEEL,LONG,815,2024-01-11T09:15:00+05:30,134.85,2024-01-17T11:15:00+05:30,133.4,golden_cross,death_cross,-1181.75,306.16,21.86,65.59,-1575.36,6.08
NSE:HINDUNILVR,LONG,35,2024-01-16T09:15:00+05:30,2577.0,2024-01-17T12:15:00+05:30,2552.95,golden_cross,death_cross,-841.75,262.71,17.95,53.86,-1176.28,1.12
NSE:RELIANCE,LONG,130,2024-01-10T15:15:00+05:30,662.52,2024-01-17T14:15:00+05:30,681.75,golden_cross,death_cross,2499.25,257.14,17.48,52.43,2172.21,6.96
NSE:ITC,LONG,200,2024-01-15T09:15:00+05:30,467.45,2024-01-18T09:15:00+05:30,461.55,golden_cross,death_cross,-1180.0,269.68,18.58,55.74,-1524.0,3.0
NSE:TATACONSUM,LONG,90,2024-01-11T09:15:00+05:30,1116.45,2024-01-18T09:15:00+05:30,1126.45,golden_cross,death_cross,900.0,287.38,20.19,60.56,531.88,7.0
NSE:BHARTIARTL,LONG,95,2024-01-02T14:15:00+05:30,1021.1,2024-01-18T10:15:00+05:30,1084.65,golden_cross,death_cross,6037.25,284.97,20.0,60.01,5672.26,15.83
NSE:BHARTIARTL,LONG,95,2024-01-18T11:15:00+05:30,1089.1,2024-01-18T15:15:00+05:30,1085.8,golden_cross,death_cross,-313.5,83.58,20.66,61.98,-479.72,0.17
NSE:TATACONSUM,SHORT,90,2024-01-18T10:15:00+05:30,1139.75,2024-01-19T09:15:00+05:30,1153.75,death_cross,golden_cross,-1260.0,292.6,20.64,61.92,-1635.16,0.96
NSE:ITC,SHORT,200,2024-01-18T10:15:00+05:30,463.8,2024-01-19T10:15:00+05:30,469.3,death_cross,golden_cross,-1100.0,270.59,18.66,55.99,-1445.24,1.0
NSE:ICICIBANK,SHORT,90,2024-01-17T11:15:00+05:30,984.9,2024-01-19T11:15:00+05:30,1005.1,death_cross,golden_cross,-1818.0,262.29,17.91,53.73,-2151.93,2.0
NSE:TATASTEEL,SHORT,815,2024-01-17T12:15:00+05:30,133.05,2024-01-19T13:15:00+05:30,134.15,death_cross,golden_cross,-896.5,305.19,21.78,65.33,-1288.79,2.04
NSE:HINDUNILVR,SHORT,35,2024-01-17T13:15:00+05:30,2559.75,2024-01-19T15:15:00+05:30,2567.8,death_cross,golden_cross,-281.75,262.58,17.95,53.84,-616.11,2.08
NSE:RELIANCE,SHORT,130,2024-01-17T15:15:00+05:30,680.88,2024-01-20T10:15:00+05:30,686.72,death_cross,golden_cross,-759.2,260.75,17.78,53.34,-1091.06,2.79
NSE:HCLTECH,LONG,60,2024-01-08T13:15:00+05:30,1447.3,2024-01-20T11:15:00+05:30,1561.2,golden_cross,death_cross,6834.0,263.2,18.05,54.15,6498.59,11.92
NSE:WIPRO,LONG,760,2024-01-12T10:15:00+05:30,116.89,2024-01-20T11:15:00+05:30,120.22,golden_cross,death_cross,2534.6,263.19,18.02,54.06,2199.33,8.04
NSE:RELIANCE,LONG,130,2024-01-20T11:15:00+05:30,686.12,2024-01-20T14:15:00+05:30,678.42,golden_cross,death_cross,-1001.0,78.35,17.74,53.22,-1150.31,0.12
NSE:TCS,LONG,20,2024-01-11T11:15:00+05:30,3740.1,2024-01-20T14:15:00+05:30,3861.6,golden_cross,death_cross,2430.0,231.89,15.2,45.61,2137.29,9.12
NSE:SBIN,SHORT,160,2024-01-17T12:15:00+05:30,626.7,2024-01-20T15:15:00+05:30,630.75,death_cross,golden_cross,-648.0,286.75,20.12,60.36,-1015.23,3.12
NSE:ADANIGREEN,SHORT,95,2024-01-15T10:15:00+05:30,1695.95,2024-01-20T15:15:00+05:30,1674.5,death_cross,golden_cross,2037.75,418.78,32.02,96.06,1490.89,5.21
NSE:SBIN,LONG,155,2024-01-23T09:15:00+05:30,629.6,2024-01-23T10:15:00+05:30,622.3,golden_cross,death_cross,-1131.5,81.27,19.4,58.21,-1290.39,0.04
NSE:ITC,LONG,190,2024-01-19T11:15:00+05:30,469.85,2024-01-23T12:15:00+05:30,464.45,golden_cross,death_cross,-1026.0,260.47,17.75,53.26,-1357.48,4.04
NSE:TATASTEEL,LONG,800,2024-01-19T14:15:00+05:30,134.25,2024-01-23T12:15:00+05:30,131.8,golden_cross,death_cross,-1960.0,299.79,21.28,63.85,-2344.93,3.92
NSE:LT,LONG,25,2024-01-12T15:15:00+05:30,3568.0,2024-01-23T12:15:00+05:30,3589.5,golden_cross,death_cross,537.5,261.93,17.89,53.68,204.0,10.88
NSE:TATACONSUM,LONG,85,2024-01-19T10:15:00+05:30,1159.55,2024-01-23T13:15:00+05:30,1144.25,golden_cross,death_cross,-1300.5,280.83,19.58,58.75,-1659.66,4.12
NSE:ICICIBANK,LONG,85,2024-01-19T12:15:00+05:30,1009.25,2024-01-24T13:15:00+05:30,998.0,golden_cross,death_cross,-956.25,252.79,17.06,51.18,-1277.29,5.04
NSE:TATASTEEL,SHORT,800,2024-01-23T13:15:00+05:30,130.8,2024-01-24T13:15:00+05:30,135.15,death_cross,golden_cross,-3480.0,299.82,21.28,63.83,-3864.92,1.0
NSE:HCLTECH,SHORT,60,2024-01-20T12:15:00+05:30,1555.0,2024-01-24T14:15:00+05:30,1578.2,death_cross,golden_cross,-1392.0,272.14,18.8,56.4,-1739.33,4.08
NSE:TATACONSUM,SHORT,85,2024-01-23T14:15:00+05:30,1146.3,2024-01-24T14:15:00+05:30,1159.2,death_cross,golden_cross,-1096.5,280.98,19.6,58.79,-1455.86,1.0
NSE:HCLTECH,LONG,60,2024-01-24T15:15:00+05:30,1576.75,2024-01-25T12:15:00+05:30,1542.1,golden_cross,death_cross,-2079.0,271.23,18.71,56.14,-2425.08,0.88
NSE:TATACONSUM,LONG,85,2024-01-24T15:15:00+05:30,1160.0,2024-01-25T13:15:00+05:30,1139.95,golden_cross,death_cross,-1704.25,280.5,19.55,58.65,-2062.95,0.92
NSE:RELIANCE,SHORT,130,2024-01-20T15:15:00+05:30,679.49,2024-01-25T15:15:00+05:30,677.75,death_cross,golden_cross,226.2,259.18,17.64,52.93,-103.56,5.0
NSE:ICICIBANK,SHORT,85,2024-01-24T14:15:00+05:30,999.5,2024-01-29T09:15:00+05:30,1027.85,death_cross,golden_cross,-2409.75,254.8,17.23,51.7,-2733.48,4.79
NSE:HCLTECH,SHORT,60,2024-01-25T13:15:00+05:30,1537.05,2024-01-29T09:15:00+05:30,1564.25,death_cross,golden_cross,-1632.0,270.03,18.61,55.82,-1976.46,3.83
NSE:LT,SHORT,25,2024-01-23T13:15:00+05:30,3591.6,2024-01-29T09:15:00+05:30,3669.7,death_cross,golden_cross,-1952.5,265.0,18.15,54.46,-2290.11,5.83
NSE:NIFTY,SHORT,4.838544702509835,2024-01-17T12:15:00+05:30,21632.95,2024-01-29T10:15:00+05:30,21634.7,death_cross,golden_cross,-8.47,66.9,4.19,20.94,-100.49,11.92
NSE:SENSEX,SHORT,1.4020563896788472,2024-01-17T12:15:00+05:30,71702.84,2024-01-29T10:15:00+05:30,71557.69,death_cross,golden_cross,203.51,66.11,4.02,20.09,113.3,11.92
NSE:SBIN,SHORT,160,2024-01-23T11:15:00+05:30,613.0,2024-01-29T11:15:00+05:30,622.0,death_cross,golden_cross,-1440.0,282.82,19.76,59.28,-1801.86,6.0
NSE:BANKNIFTY,SHORT,2.03612999325991,2024-01-17T10:15:00+05:30,46613.35,2024-01-29T12:15:00+05:30,45449.3,death_cross,golden_cross,2370.16,64.96,3.75,18.75,2282.7,12.08
NSE:INFY,LONG,55,2024-01-12T10:15:00+05:30,1600.8,2024-01-29T13:15:00+05:30,1655.8,golden_cross,death_cross,3025.0,261.94,17.91,53.73,2691.42,17.12
NSE:HDFCBANK,SHORT,245,2024-01-17T10:15:00+05:30,392.77,2024-01-29T14:15:00+05:30,363.98,death_cross,golden_cross,7056.0,268.63,18.54,55.62,6713.21,12.17
NSE:INFY,SHORT,50,2024-01-29T14:15:00+05:30,1654.9,2024-01-30T09:15:00+05:30,1685.65,death_cross,golden_cross,-1537.5,248.85,16.7,50.11,-1853.16,0.79
NSE:HINDUNILVR,SHORT,35,2024-01-20T09:15:00+05:30,2495.0,2024-01-30T09:15:00+05:30,2490.0,death_cross,golden_cross,175.0,257.0,17.45,52.34,-151.79,10.0
NSE:WIPRO,SHORT,760,2024-01-20T12:15:00+05:30,120.1,2024-01-30T09:15:00+05:30,119.97,death_cross,golden_cross,95.0,265.87,18.25,54.74,-243.86,9.88
NSE:HDFCBANK,LONG,285,2024-01-29T15:15:00+05:30,364.19,2024-01-30T10:15:00+05:30,361.12,golden_cross,death_cross,-873.52,292.9,20.67,62.01,-1249.11,0.79
NSE:INFY,LONG,50,2024-01-30T10:15:00+05:30,1677.3,2024-01-30T15:15:00+05:30,1653.5,golden_cross,death_cross,-1190.0,76.42,16.65,49.96,-1333.03,0.21
NSE:HDFCBANK,SHORT,280,2024-01-30T11:15:00+05:30,361.4,2024-01-31T09:15:00+05:30,366.55,death_cross,golden_cross,-1442.0,289.73,20.38,61.15,-1813.27,0.92
NSE:WIPRO,LONG,760,2024-01-30T10:15:00+05:30,119.97,2024-01-31T09:15:00+05:30,118.04,golden_cross,death_cross,-1463.0,264.24,18.09,54.27,-1799.6,0.96
NSE:BHARTIARTL,LONG,90,2024-01-19T09:15:00+05:30,1119.6,2024-01-31T09:15:00+05:30,1148.15,golden_cross,death_cross,2569.5,289.74,20.41,61.23,2198.13,12.0
NSE:LT,LONG,25,2024-01-29T10:15:00+05:30,3694.9,2024-01-31T09:15:00+05:30,3414.0,golden_cross,death_cross,-7022.5,261.15,17.77,53.32,-7354.74,1.96
NSE:ADANIGREEN,LONG,95,2024-01-23T09:15:00+05:30,1678.05,2024-01-31T12:15:00+05:30,1671.55,golden_cross,death_cross,-617.5,416.78,31.82,95.46,-1161.57,8.12
NSE:BHARTIARTL,SHORT,90,2024-01-31T10:15:00+05:30,1157.65,2024-01-31T13:15:00+05:30,1169.0,death_cross,golden_cross,-1021.5,83.99,20.94,62.82,-1189.25,0.12
NSE:WIPRO,SHORT,755,2024-01-31T10:15:00+05:30,117.92,2024-01-31T14:15:00+05:30,119.52,death_cross,golden_cross,-1200.45,78.66,17.93,53.78,-1350.82,0.17
NSE:INFY,SHORT,50,2024-01-31T09:15:00+05:30,1654.65,2024-02-01T09:15:00+05:30,1672.1,death_cross,golden_cross,-872.5,248.03,16.63,49.9,-1187.07,1.0
NSE:TCS,SHORT,20,2024-01-20T15:15:00+05:30,3859.3,2024-02-01T09:15:00+05:30,3875.0,death_cross,golden_cross,-314.0,235.04,15.47,46.41,-610.92,11.75
NSE:WIPRO,LONG,735,2024-01-31T15:15:00+05:30,119.33,2024-02-01T11:15:00+05:30,118.22,golden_cross,death_cross,-815.85,257.2,17.46,52.38,-1142.89,0.83
NSE:BHARTIARTL,LONG,85,2024-01-31T14:15:00+05:30,1172.65,2024-02-01T12:15:00+05:30,1156.7,golden_cross,death_cross,-1355.75,283.25,19.8,59.4,-1718.2,0.92
NSE:INFY,LONG,50,2024-02-01T10:15:00+05:30,1669.35,2024-02-01T14:15:00+05:30,1655.2,golden_cross,death_cross,-707.5,76.42,16.62,49.87,-850.41,0.17
NSE:INFY,SHORT,50,2024-02-01T15:15:00+05:30,1655.0,2024-02-02T09:15:00+05:30,1694.5,death_cross,golden_cross,-1975.0,249.38,16.75,50.24,-2291.37,0.75
NSE:TATACONSUM,SHORT,85,2024-01-25T14:15:00+05:30,1134.85,2024-02-02T09:15:00+05:30,1140.35,death_cross,golden_cross,-467.5,278.07,19.34,58.02,-822.92,7.79
NSE:WIPRO,SHORT,735,2024-02-01T12:15:00+05:30,118.17,2024-02-02T10:15:00+05:30,120.38,death_cross,golden_cross,-1624.35,258.08,17.53,52.6,-1952.56,0.92
NSE:ADANIGREEN,SHORT,95,2024-01-31T13:15:00+05:30,1678.95,2024-02-02T11:15:00+05:30,1696.3,death_cross,golden_cross,-1648.25,419.57,32.06,96.19,-2196.08,1.92
NSE:HINDUNILVR,LONG,35,2024-01-30T10:15:00+05:30,2478.9,2024-02-02T13:15:00+05:30,2447.25,golden_cross,death_cross,-1107.75,254.81,17.24,51.72,-1431.52,3.12
NSE:HDFCBANK,LONG,275,2024-01-31T10:15:00+05:30,367.48,2024-02-02T14:15:00+05:30,361.65,golden_cross,death_cross,-1601.88,286.06,20.05,60.15,-1968.14,2.17
NSE:ADANIGREEN,LONG,95,2024-02-02T12:15:00+05:30,1682.35,2024-02-02T15:15:00+05:30,1672.0,golden_cross,death_cross,-983.25,103.25,31.87,95.6,-1213.96,0.12
NSE:ICICIBANK,LONG,80,2024-01-29T10:15:00+05:30,1022.4,2024-02-05T10:15:00+05:30,1019.9,golden_cross,death_cross,-200.0,244.7,16.34,49.02,-510.06,7.0
NSE:HCLTECH,LONG,55,2024-01-29T10:15:00+05:30,1570.1,2024-02-05T12:15:00+05:30,1570.85,golden_cross,death_cross,41.25,255.09,17.28,51.83,-282.94,7.08
NSE:BANKNIFTY,LONG,2.1388226909477495,2024-01-29T13:15:00+05:30,45439.35,2024-02-05T13:15:00+05:30,45932.0,golden_cross,death_cross,1053.69,65.64,3.91,19.54,964.6,7.0
NSE:SBIN,LONG,155,2024-01-29T12:15:00+05:30,621.6,2024-02-06T10:15:00+05:30,640.3,golden_cross,death_cross,2898.5,280.26,19.56,58.68,2540.0,7.92
NSE:ADANIGREEN,SHORT,95,2024-02-05T09:15:00+05:30,1662.0,2024-02-06T10:15:00+05:30,1726.85,death_cross,golden_cross,-6160.75,421.34,32.19,96.58,-6710.87,1.04
NSE:RELIANCE,LONG,125,2024-01-29T09:15:00+05:30,689.1,2024-02-06T11:15:00+05:30,717.62,golden_cross,death_cross,3564.37,258.26,17.58,52.75,3235.78,8.08
NSE:ICICIBANK,SHORT,80,2024-02-05T11:15:00+05:30,1020.75,2024-02-06T11:15:00+05:30,1034.0,death_cross,golden_cross,-1060.0,245.87,16.44,49.31,-1371.62,1.0
NSE:HCLTECH,SHORT,55,2024-02-05T13:15:00+05:30,1568.0,2024-02-06T11:15:00+05:30,1596.0,death_cross,golden_cross,-1540.0,256.62,17.4,52.21,-1866.23,0.92
NSE:SBIN,SHORT,150,2024-02-06T11:15:00+05:30,643.45,2024-02-06T14:15:00+05:30,649.3,death_cross,golden_cross,-877.5,81.28,19.39,58.17,-1036.34,0.12
NSE:ICICIBANK,LONG,80,2024-02-06T12:15:00+05:30,1030.6,2024-02-07T09:15:00+05:30,1019.0,golden_cross,death_cross,-928.0,245.41,16.4,49.19,-1238.99,0.88
NSE:LT,SHORT,25,2024-01-31T10:15:00+05:30,3465.0,2024-02-07T10:15:00+05:30,3430.45,death_cross,golden_cross,863.75,254.63,17.24,51.72,540.17,7.0
NSE:LT,LONG,25,2024-02-07T11:15:00+05:30,3399.0,2024-02-07T14:15:00+05:30,3391.2,golden_cross,death_cross,-195.0,77.09,16.98,50.93,-340.0,0.12
NSE:BANKNIFTY,SHORT,2.141346956498043,2024-02-05T14:15:00+05:30,45834.9,2024-02-08T09:15:00+05:30,46020.6,death_cross,golden_cross,-397.65,65.69,3.93,19.67,-486.94,2.79
NSE:RELIANCE,SHORT,125,2024-02-06T12:15:00+05:30,716.44,2024-02-08T09:15:00+05:30,719.77,death_cross,golden_cross,-416.87,262.66,17.95,53.86,-751.34,1.88
NSE:INFY,LONG,45,2024-02-02T10:15:00+05:30,1700.0,2024-02-08T09:15:00+05:30,1694.9,golden_cross,death_cross,-229.5,232.91,15.28,45.83,-523.52,5.96
NSE:SENSEX,LONG,1.4040076805889776,2024-01-29T11:15:00+05:30,71683.64,2024-02-08T10:15:00+05:30,71489.26,golden_cross,death_cross,-272.91,66.1,4.02,20.1,-363.13,9.96
NSE:TATACONSUM,LONG,85,2024-02-02T10:15:00+05:30,1139.85,2024-02-08T10:15:00+05:30,1135.0,golden_cross,death_cross,-412.25,278.03,19.34,58.01,-767.62,6.0
NSE:NIFTY,LONG,4.827408610930317,2024-01-29T11:15:00+05:30,21662.1,2024-02-08T11:15:00+05:30,21804.05,golden_cross,death_cross,685.25,66.98,4.2,20.98,593.09,10.0
NSE:RELIANCE,SHORT,125,2024-02-08T10:15:00+05:30,715.83,2024-02-08T13:15:00+05:30,720.79,death_cross,golden_cross,-620.62,78.78,17.96,53.87,-771.23,0.12
NSE:WIPRO,LONG,700,2024-02-02T11:15:00+05:30,120.77,2024-02-08T15:15:00+05:30,122.25,golden_cross,death_cross,1039.5,252.08,17.01,51.03,719.37,6.17
NSE:TATASTEEL,LONG,750,2024-01-24T14:15:00+05:30,134.95,2024-02-09T10:15:00+05:30,139.85,golden_cross,death_cross,3675.0,291.88,20.61,61.83,3300.68,15.83
NSE:WIPRO,SHORT,705,2024-02-09T09:15:00+05:30,121.64,2024-02-12T09:15:00+05:30,125.0,death_cross,golden_cross,-2368.8,256.53,17.39,52.16,-2694.88,3.0
NSE:ADANIGREEN,LONG,85,2024-02-06T11:15:00+05:30,1726.7,2024-02-13T10:15:00+05:30,1804.45,golden_cross,death_cross,6608.75,396.17,30.01,90.04,6092.52,6.96
NSE:ICICIBANK,SHORT,80,2024-02-07T10:15:00+05:30,1019.8,2024-02-13T12:15:00+05:30,1017.25,death_cross,golden_cross,204.0,244.2,16.3,48.89,-105.39,6.08
NSE:BANKNIFTY,SHORT,2.1509292302073253,2024-02-08T10:15:00+05:30,45405.0,2024-02-13T15:15:00+05:30,45419.85,death_cross,golden_cross,-31.94,65.58,3.91,19.54,-120.96,5.21
NSE:BANKNIFTY,SHORT,2.1553507707403714,2024-02-14T09:15:00+05:30,45255.9,2024-02-14T10:15:00+05:30,45361.35,death_cross,golden_cross,-227.28,65.57,3.91,19.53,-316.28,0.04
NSE:TCS,LONG,20,2024-02-01T10:15:00+05:30,3883.45,2024-02-14T10:15:00+05:30,4084.7,golden_cross,death_cross,4025.0,239.92,15.94,47.81,3721.34,13.0
NSE:ADANIGREEN,SHORT,90,2024-02-13T11:15:00+05:30,1779.0,2024-02-14T11:15:00+05:30,1854.2,death_cross,golden_cross,-6768.0,427.0,32.7,98.1,-7325.79,1.0
NSE:TATASTEEL,SHORT,740,2024-02-09T11:15:00+05:30,140.65,2024-02-14T14:15:00+05:30,141.3,death_cross,golden_cross,-481.0,295.02,20.86,62.59,-859.47,5.12
NSE:NIFTY,SHORT,4.822260135374252,2024-02-08T12:15:00+05:30,21807.85,2024-02-14T15:15:00+05:30,21848.7,death_cross,golden_cross,-196.99,67.0,4.21,21.05,-289.25,6.12
NSE:SENSEX,SHORT,1.3989078826413552,2024-02-08T11:15:00+05:30,71686.16,2024-02-14T15:15:00+05:30,71833.74,death_cross,golden_cross,-206.45,66.08,4.02,20.08,-296.62,6.17
NSE:TATACONSUM,SHORT,85,2024-02-08T11:15:00+05:30,1129.85,2024-02-15T09:15:00+05:30,1140.35,death_cross,golden_cross,-892.5,277.63,19.3,57.89,-1247.31,6.92
NSE:HDFCBANK,SHORT,270,2024-02-02T15:15:00+05:30,361.48,2024-02-15T12:15:00+05:30,349.8,death_cross,golden_cross,3152.25,276.3,19.2,57.61,2799.13,12.88
NSE:BHARTIARTL,SHORT,85,2024-02-01T13:15:00+05:30,1152.3,2024-02-15T12:15:00+05:30,1119.75,death_cross,golden_cross,2766.75,277.53,19.31,57.94,2411.97,13.96
NSE:INFY,SHORT,45,2024-02-08T10:15:00+05:30,1684.7,2024-02-15T14:15:00+05:30,1676.3,death_cross,golden_cross,378.0,231.17,15.12,45.37,86.33,7.17
NSE:TCS,SHORT,20,2024-02-14T11:15:00+05:30,4072.1,2024-02-16T09:15:00+05:30,4134.5,death_cross,golden_cross,-1248.0,245.61,16.41,49.24,-1559.26,1.92
NSE:LT,SHORT,25,2024-02-07T15:15:00+05:30,3396.0,2024-02-16T09:15:00+05:30,3353.5,death_cross,golden_cross,1062.5,250.56,16.87,50.62,744.45,8.75
NSE:RELIANCE,LONG,125,2024-02-08T14:15:00+05:30,724.74,2024-02-16T14:15:00+05:30,730.3,golden_cross,death_cross,695.0,265.19,18.19,54.56,357.06,8.0
NSE:TCS,LONG,20,2024-02-16T10:15:00+05:30,4137.55,2024-02-19T09:15:00+05:30,4077.0,golden_cross,death_cross,-1211.0,245.79,16.43,49.29,-1522.5,2.96
NSE:ITC,SHORT,195,2024-01-23T13:15:00+05:30,461.9,2024-02-19T10:15:00+05:30,412.25,death_cross,golden_cross,9681.75,251.82,17.05,51.14,9361.74,26.88
NSE:HINDUNILVR,SHORT,35,2024-02-02T14:15:00+05:30,2456.1,2024-02-19T10:15:00+05:30,2389.3,death_cross,golden_cross,2338.0,251.41,16.96,50.88,2018.76,16.83
NSE:RELIANCE,SHORT,120,2024-02-16T15:15:00+05:30,731.7,2024-02-19T15:15:00+05:30,734.75,death_cross,golden_cross,-366.0,258.7,17.6,52.79,-695.09,3.0
NSE:HCLTECH,LONG,55,2024-02-06T12:15:00+05:30,1613.05,2024-02-20T10:15:00+05:30,1646.3,golden_cross,death_cross,1828.75,262.2,17.93,53.78,1494.85,13.92
NSE:TATASTEEL,LONG,730,2024-02-14T15:15:00+05:30,141.45,2024-02-20T10:15:00+05:30,140.65,golden_cross,death_cross,-584.0,292.01,20.59,61.78,-958.39,5.79
NSE:RELIANCE,SHORT,120,2024-02-20T09:15:00+05:30,732.25,2024-02-20T11:15:00+05:30,735.0,death_cross,golden_cross,-330.0,78.19,17.61,52.82,-478.62,0.08
NSE:ITC,LONG,240,2024-02-19T11:15:00+05:30,410.5,2024-02-20T11:15:00+05:30,406.7,golden_cross,death_cross,-912.0,281.14,19.61,58.84,-1271.59,1.0
NSE:INFY,LONG,45,2024-02-15T15:15:00+05:30,1680.0,2024-02-20T12:15:00+05:30,1681.0,golden_cross,death_cross,45.0,231.19,15.12,45.37,-246.69,4.88
NSE:RELIANCE,SHORT,120,2024-02-20T12:15:00+05:30,731.77,2024-02-20T13:15:00+05:30,734.64,death_cross,golden_cross,-343.8,78.17,17.6,52.79,-492.36,0.04
NSE:TATASTEEL,SHORT,725,2024-02-20T11:15:00+05:30,141.15,2024-02-21T09:15:00+05:30,144.5,death_cross,golden_cross,-2428.75,293.44,20.71,62.13,-2805.03,0.92
NSE:LT,LONG,25,2024-02-16T10:15:00+05:30,3359.0,2024-02-21T11:15:00+05:30,3325.4,golden_cross,death_cross,-840.0,248.89,16.71,50.13,-1155.73,5.04
NSE:WIPRO,LONG,655,2024-02-12T10:15:00+05:30,126.75,2024-02-21T13:15:00+05:30,131.4,golden_cross,death_cross,3045.75,250.8,16.91,50.73,2727.32,9.12
NSE:ADANIGREEN,LONG,80,2024-02-14T12:15:00+05:30,1860.0,2024-02-21T15:15:00+05:30,1901.1,golden_cross,death_cross,3288.0,397.24,30.09,90.27,2770.41,7.12
NSE:NIFTY,LONG,4.792006529605665,2024-02-15T09:15:00+05:30,21885.35,2024-02-22T09:15:00+05:30,21935.5,golden_cross,death_cross,240.32,66.97,4.2,21.0,148.15,7.0
NSE:BHARTIARTL,LONG,90,2024-02-15T13:15:00+05:30,1120.25,2024-02-22T09:15:00+05:30,1106.65,golden_cross,death_cross,-1224.0,285.93,20.04,60.13,-1590.1,6.83
NSE:SENSEX,LONG,1.3900876196744512,2024-02-15T09:15:00+05:30,71928.27,2024-02-22T10:15:00+05:30,72241.65,golden_cross,death_cross,435.63,66.08,4.01,20.04,345.5,7.04
NSE:HDFCBANK,LONG,285,2024-02-15T13:15:00+05:30,353.07,2024-02-22T11:15:00+05:30,354.34,golden_cross,death_cross,360.52,287.14,20.16,60.48,-7.26,6.92
NSE:RELIANCE,LONG,120,2024-02-20T14:15:00+05:30,735.8,2024-02-22T11:15:00+05:30,734.12,golden_cross,death_cross,-201.0,259.16,17.64,52.92,-530.71,1.88
NSE:HINDUNILVR,LONG,40,2024-02-19T11:15:00+05:30,2390.4,2024-02-22T11:15:00+05:30,2369.5,golden_cross,death_cross,-836.0,274.77,19.04,57.12,-1186.92,3.0
NSE:BANKNIFTY,LONG,2.1417337065737865,2024-02-14T11:15:00+05:30,45396.4,2024-02-22T12:15:00+05:30,46530.8,golden_cross,death_cross,2429.58,65.85,3.94,19.69,2340.1,8.04
NSE:TATACONSUM,LONG,80,2024-02-15T10:15:00+05:30,1140.25,2024-02-22T12:15:00+05:30,1146.1,golden_cross,death_cross,468.0,266.35,18.29,54.87,128.49,7.08
NSE:RELIANCE,SHORT,120,2024-02-22T12:15:00+05:30,733.49,2024-02-22T13:15:00+05:30,736.74,death_cross,golden_cross,-390.0,78.25,17.64,52.93,-538.82,0.04
NSE:ITC,SHORT,240,2024-02-20T12:15:00+05:30,405.85,2024-02-22T13:15:00+05:30,409.55,death_cross,golden_cross,-888.0,280.66,19.57,58.71,-1246.94,2.04
NSE:HCLTECH,SHORT,50,2024-02-20T11:15:00+05:30,1660.0,2024-02-22T13:15:00+05:30,1671.15,death_cross,golden_cross,-557.5,248.25,16.66,49.97,-872.38,2.08
NSE:BANKNIFTY,SHORT,2.129416096456835,2024-02-22T13:15:00+05:30,46754.65,2024-02-22T14:15:00+05:30,46906.55,death_cross,golden_cross,-323.46,65.95,3.99,19.94,-413.34,0.04
NSE:SENSEX,SHORT,1.3872612340864672,2024-02-22T11:15:00+05:30,72323.12,2024-02-22T14:15:00+05:30,73134.84,death_cross,golden_cross,-1126.07,66.13,4.04,20.18,-1216.41,0.12
NSE:TATACONSUM,SHORT,80,2024-02-22T13:15:00+05:30,1154.65,2024-02-22T14:15:00+05:30,1159.1,death_cross,golden_cross,-356.0,79.78,18.51,55.53,-509.82,0.04
NSE:NIFTY,SHORT,4.789629518781652,2024-02-22T10:15:00+05:30,21927.05,2024-02-22T15:15:00+05:30,22216.9,death_cross,golden_cross,-1388.27,67.02,4.23,21.14,-1480.67,0.21
NSE:LT,SHORT,25,2024-02-21T12:15:00+05:30,3323.75,2024-02-22T15:15:00+05:30,3363.95,death_cross,golden_cross,-1005.0,248.99,16.72,50.16,-1320.87,1.12
NSE:TCS,SHORT,20,2024-02-19T10:15:00+05:30,4095.0,2024-02-23T09:15:00+05:30,4099.15,death_cross,golden_cross,-83.0,245.25,16.39,49.16,-393.8,3.96
NSE:WIPRO,SHORT,655,2024-02-21T14:15:00+05:30,130.57,2024-02-23T09:15:00+05:30,133.66,death_cross,golden_cross,-2023.95,255.61,17.31,51.92,-2348.79,1.79
NSE:INFY,SHORT,45,2024-02-20T13:15:00+05:30,1671.9,2024-02-23T10:15:00+05:30,1682.35,death_cross,golden_cross,-470.25,230.9,15.09,45.28,-761.52,2.88
NSE:SBIN,LONG,150,2024-02-06T15:15:00+05:30,654.8,2024-02-23T12:15:00+05:30,762.3,golden_cross,death_cross,16125.0,298.13,21.26,63.77,15741.85,16.88
NSE:ADANIGREEN,SHORT,80,2024-02-22T09:15:00+05:30,1883.55,2024-02-23T12:15:00+05:30,1935.7,death_cross,golden_cross,-4172.0,402.97,30.55,91.66,-4697.18,1.12
NSE:HINDUNILVR,SHORT,40,2024-02-22T12:15:00+05:30,2371.45,2024-02-23T13:15:00+05:30,2396.25,death_cross,golden_cross,-992.0,275.12,19.07,57.21,-1343.41,1.04
NSE:BANKNIFTY,LONG,2.1120101479161253,2024-02-22T15:15:00+05:30,46944.85,2024-02-26T09:15:00+05:30,46645.35,golden_cross,death_cross,-632.55,65.77,3.95,19.77,-722.03,3.75
NSE:INFY,LONG,45,2024-02-23T11:15:00+05:30,1678.9,2024-02-26T09:15:00+05:30,1661.25,golden_cross,death_cross,-794.25,230.21,15.03,45.09,-1084.59,2.92
NSE:TCS,LONG,20,2024-02-23T10:15:00+05:30,4097.1,2024-02-26T09:15:00+05:30,4006.35,golden_cross,death_cross,-1815.0,243.36,16.21,48.62,-2123.19,2.96
NSE:HCLTECH,LONG,50,2024-02-22T14:15:00+05:30,1687.35,2024-02-26T10:15:00+05:30,1646.8,golden_cross,death_cross,-2027.5,248.53,16.67,50.01,-2342.71,3.83
NSE:HINDUNILVR,LONG,35,2024-02-23T14:15:00+05:30,2392.1,2024-02-26T11:15:00+05:30,2383.45,golden_cross,death_cross,-302.75,248.89,16.71,50.14,-618.5,2.88
NSE:TATASTEEL,LONG,685,2024-02-21T10:15:00+05:30,144.85,2024-02-26T12:15:00+05:30,143.05,golden_cross,death_cross,-1233.0,282.37,19.72,59.16,-1594.25,5.08
NSE:HDFCBANK,SHORT,285,2024-02-22T12:15:00+05:30,354.19,2024-02-26T13:15:00+05:30,358.43,death_cross,golden_cross,-1206.98,288.91,20.31,60.93,-1577.12,4.04
NSE:HINDUNILVR,SHORT,35,2024-02-26T12:15:00+05:30,2380.5,2024-02-26T14:15:00+05:30,2405.5,death_cross,golden_cross,-875.0,76.62,16.75,50.25,-1018.63,0.08
NSE:SENSEX,LONG,1.3551848653225393,2024-02-22T15:15:00+05:30,73140.05,2024-02-26T15:15:00+05:30,72790.91,golden_cross,death_cross,-473.15,65.78,3.96,19.78,-562.66,4.0
NSE:NIFTY,LONG,4.6495931447171,2024-02-23T09:15:00+05:30,22269.95,2024-02-27T09:15:00+05:30,22109.05,golden_cross,death_cross,-748.12,66.58,4.13,20.63,-839.46,4.0
NSE:ICICIBANK,LONG,80,2024-02-13T13:15:00+05:30,1023.15,2024-02-27T09:15:00+05:30,1047.95,golden_cross,death_cross,1984.0,247.1,16.57,49.71,1670.63,13.83
NSE:TCS,SHORT,20,2024-02-26T10:15:00+05:30,3995.1,2024-02-27T11:15:00+05:30,4074.95,death_cross,golden_cross,-1597.0,242.6,16.14,48.42,-1904.16,1.04
NSE:NIFTY,SHORT,4.638012939957688,2024-02-27T10:15:00+05:30,22145.1,2024-02-27T12:15:00+05:30,22205.95,death_cross,golden_cross,-282.22,66.54,4.11,20.57,-373.45,0.08
NSE:SENSEX,SHORT,1.3547129917064753,2024-02-27T09:15:00+05:30,72751.43,2024-02-27T12:15:00+05:30,73133.78,death_cross,golden_cross,-517.97,65.77,3.95,19.76,-607.46,0.12
NSE:ICICIBANK,SHORT,80,2024-02-27T10:15:00+05:30,1049.55,2024-02-27T13:15:00+05:30,1065.6,death_cross,golden_cross,-1284.0,76.88,16.92,50.76,-1428.56,0.12
NSE:BHARTIARTL,SHORT,90,2024-02-22T10:15:00+05:30,1112.05,2024-02-27T15:15:00+05:30,1123.3,death_cross,golden_cross,-1012.5,286.76,20.12,60.35,-1379.74,5.21
NSE:INFY,SHORT,45,2024-02-26T10:15:00+05:30,1655.0,2024-02-28T09:15:00+05:30,1679.5,death_cross,golden_cross,-1102.5,229.95,15.01,45.02,-1392.48,1.96
NSE:HCLTECH,SHORT,50,2024-02-26T11:15:00+05:30,1640.75,2024-02-28T09:15:00+05:30,1663.6,death_cross,golden_cross,-1142.5,246.81,16.52,49.57,-1455.4,1.92
NSE:WIPRO,LONG,620,2024-02-23T10:15:00+05:30,134.25,2024-02-28T09:15:00+05:30,132.29,golden_cross,death_cross,-1215.2,246.86,16.53,49.58,-1528.16,4.96
NSE:RELIANCE,LONG,115,2024-02-22T14:15:00+05:30,740.8,2024-02-28T10:15:00+05:30,732.44,golden_cross,death_cross,-961.4,251.47,16.94,50.83,-1280.64,5.83
NSE:NIFTY,LONG,4.617446556783636,2024-02-27T13:15:00+05:30,22163.1,2024-02-28T11:15:00+05:30,22038.3,golden_cross,death_cross,-576.26,66.37,4.08,20.41,-667.12,0.92
NSE:SENSEX,LONG,1.3415116222368386,2024-02-27T13:15:00+05:30,73015.89,2024-02-28T11:15:00+05:30,72620.64,golden_cross,death_cross,-530.23,65.56,3.91,19.54,-619.23,0.92
NSE:ICICIBANK,LONG,75,2024-02-27T14:15:00+05:30,1059.2,2024-02-28T11:15:00+05:30,1050.55,golden_cross,death_cross,-648.75,239.01,15.82,47.47,-951.05,0.88
NSE:ITC,LONG,230,2024-02-22T14:15:00+05:30,414.2,2024-02-28T11:15:00+05:30,407.75,golden_cross,death_cross,-1483.5,273.32,18.9,56.71,-1832.44,5.88
NSE:ADANIGREEN,LONG,75,2024-02-23T13:15:00+05:30,1925.9,2024-02-28T11:15:00+05:30,1915.0,golden_cross,death_cross,-817.5,383.3,28.81,86.42,-1316.03,4.92
NSE:TATACONSUM,LONG,80,2024-02-22T15:15:00+05:30,1156.7,2024-02-29T09:15:00+05:30,1168.15,golden_cross,death_cross,916.0,269.74,18.6,55.8,571.87,6.75
NSE:HCLTECH,SHORT,50,2024-02-28T10:15:00+05:30,1658.5,2024-02-29T14:15:00+05:30,1669.75,death_cross,golden_cross,-562.5,248.09,16.64,49.92,-877.16,1.17
NSE:BHARTIARTL,LONG,90,2024-02-28T09:15:00+05:30,1134.4,2024-02-29T14:15:00+05:30,1122.8,golden_cross,death_cross,-1044.0,288.95,20.31,60.94,-1414.21,1.21
NSE:ICICIBANK,SHORT,75,2024-02-28T12:15:00+05:30,1045.75,2024-03-01T09:15:00+05:30,1071.5,death_cross,golden_cross,-1931.25,239.73,15.88,47.64,-2234.5,1.88
NSE:BANKNIFTY,SHORT,2.1103823400541706,2024-02-26T10:15:00+05:30,46639.95,2024-03-01T10:15:00+05:30,46685.45,death_cross,golden_cross,-96.02,65.73,3.94,19.7,-185.38,4.0
NSE:NIFTY,SHORT,4.633555976626106,2024-02-28T12:15:00+05:30,21942.5,2024-03-01T10:15:00+05:30,22208.7,death_cross,golden_cross,-1233.45,66.38,4.09,20.46,-1324.39,1.92
NSE:SENSEX,SHORT,1.3459244861549675,2024-02-28T12:15:00+05:30,72317.79,2024-03-01T10:15:00+05:30,73220.6,death_cross,golden_cross,-1215.11,65.57,3.92,19.59,-1304.19,1.92
NSE:SBIN,SHORT,150,2024-02-23T13:15:00+05:30,757.75,2024-03-01T10:15:00+05:30,754.85,death_cross,golden_cross,435.0,315.22,22.69,68.07,29.02,6.88
NSE:TATASTEEL,SHORT,685,2024-02-26T13:15:00+05:30,143.05,2024-03-01T10:15:00+05:30,146.5,death_cross,golden_cross,-2363.25,283.71,19.83,59.5,-2726.3,3.88
NSE:RELIANCE,SHORT,115,2024-02-28T11:15:00+05:30,731.48,2024-03-01T11:15:00+05:30,742.75,death_cross,golden_cross,-1296.62,251.62,16.95,50.86,-1616.06,2.0
NSE:ITC,SHORT,230,2024-02-28T12:15:00+05:30,407.4,2024-03-01T11:15:00+05:30,411.5,death_cross,golden_cross,-943.0,272.5,18.83,56.5,-1290.84,1.96
NSE:ADANIGREEN,SHORT,75,2024-02-28T12:15:00+05:30,1904.0,2024-03-01T11:15:00+05:30,1959.7,death_cross,golden_cross,-4177.5,385.45,28.98,86.93,-4678.86,1.96
NSE:HCLTECH,LONG,50,2024-02-29T15:15:00+05:30,1670.0,2024-03-01T12:15:00+05:30,1649.95,golden_cross,death_cross,-1002.5,247.67,16.6,49.8,-1316.56,0.88
NSE:HDFCBANK,SHORT,280,2024-02-26T14:15:00+05:30,355.62,2024-03-01T13:15:00+05:30,356.5,death_cross,golden_cross,-247.8,284.72,19.94,59.82,-612.28,3.96
NSE:INFY,LONG,45,2024-02-28T10:15:00+05:30,1674.55,2024-03-01T13:15:00+05:30,1660.0,golden_cross,death_cross,-654.75,229.92,15.01,45.02,-944.7,2.12
NSE:WIPRO,SHORT,625,2024-02-28T10:15:00+05:30,130.9,2024-03-04T09:15:00+05:30,131.39,death_cross,golden_cross,-306.25,245.32,16.39,49.18,-617.14,4.96
NSE:TCS,LONG,20,2024-02-27T12:15:00+05:30,4095.05,2024-03-04T10:15:00+05:30,4089.45,golden_cross,death_cross,-112.0,245.03,16.37,49.11,-422.51,5.92
NSE:WIPRO,LONG,620,2024-03-04T10:15:00+05:30,130.68,2024-03-04T12:15:00+05:30,130.19,golden_cross,death_cross,-300.7,75.67,16.17,48.52,-441.06,0.08
NSE:ITC,LONG,225,2024-03-01T12:15:00+05:30,412.0,2024-03-04T14:15:00+05:30,408.65,golden_cross,death_cross,-753.75,268.37,18.46,55.39,-1095.98,3.08
NSE:HINDUNILVR,LONG,35,2024-02-26T15:15:00+05:30,2401.95,2024-03-05T09:15:00+05:30,2399.85,golden_cross,death_cross,-73.5,249.89,16.81,50.42,-390.62,7.75
NSE:ADANIGREEN,LONG,70,2024-03-01T12:15:00+05:30,1977.0,2024-03-05T13:15:00+05:30,1949.25,golden_cross,death_cross,-1942.5,368.68,27.48,82.45,-2421.12,4.04
NSE:TATASTEEL,LONG,645,2024-03-01T11:15:00+05:30,147.25,2024-03-06T11:15:00+05:30,148.65,golden_cross,death_cross,903.0,275.15,19.09,57.26,551.51,5.0
NSE:RELIANCE,LONG,115,2024-03-01T12:15:00+05:30,741.08,2024-03-06T12:15:00+05:30,742.14,golden_cross,death_cross,122.47,252.66,17.06,51.17,-198.42,5.0
NSE:RELIANCE,SHORT,110,2024-03-06T13:15:00+05:30,748.09,2024-03-06T14:15:00+05:30,752.12,death_cross,golden_cross,-443.85,76.23,16.5,49.51,-586.09,0.04
NSE:TATASTEEL,SHORT,640,2024-03-06T12:15:00+05:30,149.3,2024-03-06T14:15:00+05:30,151.65,death_cross,golden_cross,-1504.0,80.98,19.26,57.78,-1662.02,0.08
NSE:HCLTECH,SHORT,50,2024-03-01T13:15:00+05:30,1645.9,2024-03-07T09:15:00+05:30,1648.8,death_cross,golden_cross,-145.0,246.2,16.47,49.42,-457.09,5.83
NSE:TCS,SHORT,20,2024-03-04T11:15:00+05:30,4082.2,2024-03-07T10:15:00+05:30,4117.95,death_cross,golden_cross,-715.0,245.43,16.4,49.2,-1026.03,2.96
NSE:HINDUNILVR,SHORT,35,2024-03-05T10:15:00+05:30,2397.05,2024-03-07T11:15:00+05:30,2419.5,death_cross,golden_cross,-785.75,250.52,16.86,50.57,-1103.7,2.04
NSE:RELIANCE,LONG,110,2024-03-06T15:15:00+05:30,750.72,2024-03-07T12:15:00+05:30,743.55,golden_cross,death_cross,-788.15,245.84,16.44,49.31,-1099.74,0.88
NSE:WIPRO,SHORT,620,2024-03-04T13:15:00+05:30,130.22,2024-03-07T12:15:00+05:30,129.31,death_cross,golden_cross,558.0,241.89,16.09,48.27,251.74,2.96
NSE:ITC,SHORT,225,2024-03-04T15:15:00+05:30,409.3,2024-03-07T13:15:00+05:30,412.45,death_cross,golden_cross,-708.75,268.64,18.49,55.47,-1051.35,2.92
NSE:ICICIBANK,LONG,70,2024-03-01T10:15:00+05:30,1073.25,2024-03-07T14:15:00+05:30,1089.15,golden_cross,death_cross,1113.0,231.25,15.14,45.41,821.2,6.17
NSE:BANKNIFTY,LONG,2.0942486336388444,2024-03-01T11:15:00+05:30,46911.0,2024-03-11T11:15:00+05:30,47345.7,golden_cross,death_cross,910.37,65.82,3.95,19.74,820.86,10.0
NSE:HDFCBANK,LONG,275,2024-03-01T14:15:00+05:30,358.02,2024-03-11T11:15:00+05:30,357.34,golden_cross,death_cross,-188.38,281.75,19.67,59.02,-548.82,9.88
NSE:SBIN,LONG,150,2024-03-01T11:15:00+05:30,756.75,2024-03-11T12:15:00+05:30,771.75,golden_cross,death_cross,2250.0,317.74,22.93,68.78,1840.55,10.04
NSE:SENSEX,LONG,1.3064547085771299,2024-03-01T11:15:00+05:30,73507.33,2024-03-11T13:15:00+05:30,73683.97,golden_cross,death_cross,230.77,65.31,3.85,19.23,142.39,10.08
NSE:HINDUNILVR,LONG,35,2024-03-07T12:15:00+05:30,2423.25,2024-03-11T13:15:00+05:30,2396.5,golden_cross,death_cross,-936.25,250.65,16.87,50.61,-1254.38,4.04
NSE:NIFTY,LONG,4.502797741583176,2024-03-01T11:15:00+05:30,22286.45,2024-03-11T14:15:00+05:30,22323.7,golden_cross,death_cross,167.73,66.11,4.02,20.09,77.52,10.12
NSE:HDFCBANK,SHORT,275,2024-03-11T12:15:00+05:30,356.75,2024-03-12T09:15:00+05:30,365.0,death_cross,golden_cross,-2268.75,283.86,19.85,59.54,-2632.0,0.88
NSE:ITC,LONG,220,2024-03-07T14:15:00+05:30,413.35,2024-03-12T10:15:00+05:30,402.35,golden_cross,death_cross,-2420.0,262.73,17.95,53.84,-2754.51,4.83
NSE:WIPRO,LONG,625,2024-03-07T13:15:00+05:30,129.14,2024-03-12T10:15:00+05:30,128.0,golden_cross,death_cross,-712.5,241.77,16.07,48.21,-1018.56,4.88
NSE:TATACONSUM,LONG,80,2024-02-29T10:15:00+05:30,1181.45,2024-03-12T10:15:00+05:30,1213.9,golden_cross,death_cross,2596.0,275.88,19.16,57.49,2243.47,12.0
NSE:INFY,SHORT,45,2024-03-01T14:15:00+05:30,1652.9,2024-03-12T11:15:00+05:30,1623.1,death_cross,golden_cross,1341.0,226.85,14.74,44.23,1055.19,10.88
NSE:TATASTEEL,LONG,620,2024-03-06T15:15:00+05:30,151.7,2024-03-12T11:15:00+05:30,151.8,golden_cross,death_cross,62.0,272.22,18.82,56.45,-285.49,5.83
NSE:LT,LONG,25,2024-02-23T09:15:00+05:30,3353.9,2024-03-12T14:15:00+05:30,3619.8,golden_cross,death_cross,6647.5,256.37,17.43,52.3,6321.4,18.21
NSE:HCLTECH,LONG,50,2024-03-07T10:15:00+05:30,1651.85,2024-03-12T15:15:00+05:30,1635.0,golden_cross,death_cross,-842.5,245.81,16.43,49.3,-1154.05,5.21
NSE:ITC,SHORT,220,2024-03-12T11:15:00+05:30,402.25,2024-03-13T09:15:00+05:30,430.6,death_cross,golden_cross,-6237.0,267.2,18.32,54.97,-6577.5,0.92
NSE:BHARTIARTL,LONG,85,2024-02-29T15:15:00+05:30,1128.0,2024-03-13T11:15:00+05:30,1171.95,golden_cross,death_cross,3735.75,280.09,19.55,58.65,3377.46,12.83
NSE:ICICIBANK,SHORT,70,2024-03-07T15:15:00+05:30,1086.5,2024-03-14T10:15:00+05:30,1092.0,death_cross,golden_cross,-385.0,232.62,15.25,45.75,-678.61,6.79
NSE:HCLTECH,SHORT,50,2024-03-13T09:15:00+05:30,1638.1,2024-03-14T11:15:00+05:30,1656.15,death_cross,golden_cross,-902.5,246.23,16.47,49.41,-1214.62,1.08
NSE:WIPRO,SHORT,625,2024-03-12T11:15:00+05:30,127.47,2024-03-14T14:15:00+05:30,129.56,death_cross,golden_cross,-1312.5,241.74,16.06,48.19,-1618.5,2.12
NSE:ADANIGREEN,SHORT,70,2024-03-05T14:15:00+05:30,1947.15,2024-03-14T15:15:00+05:30,1902.0,death_cross,golden_cross,3160.5,362.3,26.94,80.83,2690.42,9.04
NSE:BHARTIARTL,SHORT,85,2024-03-13T12:15:00+05:30,1174.0,2024-03-14T15:15:00+05:30,1197.0,death_cross,golden_cross,-1955.0,287.23,20.15,60.46,-2322.84,1.12
NSE:ICICIBANK,LONG,70,2024-03-14T11:15:00+05:30,1092.05,2024-03-15T10:15:00+05:30,1080.2,golden_cross,death_cross,-829.5,232.16,15.21,45.62,-1122.49,0.96
NSE:HDFCBANK,LONG,265,2024-03-12T10:15:00+05:30,363.75,2024-03-15T11:15:00+05:30,361.98,golden_cross,death_cross,-470.37,276.87,19.23,57.7,-824.17,3.04
NSE:TATACONSUM,SHORT,80,2024-03-12T11:15:00+05:30,1215.75,2024-03-15T15:15:00+05:30,1210.0,death_cross,golden_cross,460.0,278.74,19.41,58.22,103.64,3.17
NSE:INFY,LONG,45,2024-03-12T12:15:00+05:30,1620.6,2024-03-18T11:15:00+05:30,1617.15,golden_cross,death_cross,-155.25,225.05,14.57,43.71,-438.58,5.96
NSE:TATACONSUM,LONG,80,2024-03-18T09:15:00+05:30,1197.45,2024-03-18T11:15:00+05:30,1189.8,golden_cross,death_cross,-612.0,80.79,19.1,57.29,-769.18,0.08
NSE:ITC,LONG,190,2024-03-13T10:15:00+05:30,430.15,2024-03-18T12:15:00+05:30,418.25,golden_cross,death_cross,-2261.0,242.42,16.12,48.36,-2567.9,5.08
NSE:TATASTEEL,SHORT,615,2024-03-12T12:15:00+05:30,152.05,2024-03-18T12:15:00+05:30,148.8,death_cross,golden_cross,1998.75,268.58,18.5,55.51,1656.16,6.0
NSE:TCS,LONG,20,2024-03-07T11:15:00+05:30,4102.9,2024-03-18T15:15:00+05:30,4149.95,golden_cross,death_cross,941.0,246.48,16.51,49.52,628.5,11.17
NSE:HCLTECH,LONG,45,2024-03-14T12:15:00+05:30,1659.95,2024-03-18T15:15:00+05:30,1639.3,golden_cross,death_cross,-929.25,228.18,14.85,44.54,-1216.82,4.12
NSE:WIPRO,LONG,605,2024-03-14T15:15:00+05:30,129.18,2024-03-18T15:15:00+05:30,127.5,golden_cross,death_cross,-1013.38,235.77,15.53,46.59,-1311.26,4.0
NSE:ADANIGREEN,LONG,75,2024-03-15T09:15:00+05:30,1914.55,2024-03-18T15:15:00+05:30,1860.05,golden_cross,death_cross,-4087.5,378.02,28.31,84.93,-4578.76,3.25
NSE:ICICIBANK,SHORT,70,2024-03-15T11:15:00+05:30,1081.35,2024-03-19T14:15:00+05:30,1084.95,death_cross,golden_cross,-252.0,231.66,15.16,45.49,-544.31,4.12
NSE:ICICIBANK,LONG,70,2024-03-19T15:15:00+05:30,1081.45,2024-03-20T09:15:00+05:30,1071.2,golden_cross,death_cross,-717.5,230.63,15.07,45.21,-1008.4,0.75
NSE:RELIANCE,SHORT,110,2024-03-07T13:15:00+05:30,742.34,2024-03-20T11:15:00+05:30,719.4,death_cross,golden_cross,2523.4,241.62,16.08,48.24,2217.47,12.92
NSE:ICICIBANK,SHORT,70,2024-03-20T10:15:00+05:30,1075.7,2024-03-20T12:15:00+05:30,1085.2,death_cross,golden_cross,-665.0,73.78,15.13,45.38,-799.29,0.08
NSE:TATASTEEL,LONG,645,2024-03-18T13:15:00+05:30,148.25,2024-03-20T12:15:00+05:30,145.95,golden_cross,death_cross,-1483.5,274.11,18.98,56.93,-1833.51,1.96
NSE:SBIN,SHORT,150,2024-03-11T13:15:00+05:30,771.7,2024-03-20T15:15:00+05:30,736.55,death_cross,golden_cross,5272.5,314.14,22.62,67.87,4867.87,9.08
NSE:ITC,SHORT,190,2024-03-18T13:15:00+05:30,418.15,2024-03-21T09:15:00+05:30,419.7,death_cross,golden_cross,-294.5,240.05,15.92,47.76,-598.23,2.83
NSE:TATASTEEL,SHORT,645,2024-03-20T13:15:00+05:30,145.75,2024-03-21T09:15:00+05:30,149.85,death_cross,golden_cross,-2644.5,275.2,19.07,57.2,-2995.96,0.83
NSE:BANKNIFTY,SHORT,2.0939647464350215,2024-03-11T12:15:00+05:30,47308.2,2024-03-21T10:15:00+05:30,46875.7,death_cross,golden_cross,905.64,65.8,3.94,19.72,816.17,9.92
NSE:NIFTY,SHORT,4.499522179705287,2024-03-11T15:15:00+05:30,22319.85,2024-03-21T10:15:00+05:30,22073.95,death_cross,golden_cross,1106.43,66.05,4.0,19.98,1016.41,9.79
NSE:SENSEX,SHORT,1.3085285895568595,2024-03-11T14:15:00+05:30,73499.32,2024-03-21T10:15:00+05:30,72845.17,death_cross,golden_cross,855.97,65.26,3.83,19.15,767.73,9.83
NSE:LT,SHORT,25,2024-03-12T15:15:00+05:30,3622.0,2024-03-21T10:15:00+05:30,3587.15,death_cross,golden_cross,871.25,263.34,18.02,54.07,535.82,8.79
NSE:ADANIGREEN,SHORT,75,2024-03-19T09:15:00+05:30,1842.4,2024-03-21T14:15:00+05:30,1853.2,death_cross,golden_cross,-810.0,371.19,27.72,83.15,-1292.06,2.21
NSE:BHARTIARTL,LONG,85,2024-03-15T09:15:00+05:30,1200.95,2024-03-21T15:15:00+05:30,1223.05,golden_cross,death_cross,1878.5,291.95,20.6,61.81,1504.14,6.25
NSE:HDFCBANK,SHORT,260,2024-03-15T12:15:00+05:30,362.26,2024-03-22T10:15:00+05:30,361.3,death_cross,golden_cross,250.9,272.16,18.81,56.44,-96.51,6.92
NSE:HDFCBANK,LONG,265,2024-03-22T11:15:00+05:30,361.12,2024-03-22T14:15:00+05:30,360.51,golden_cross,death_cross,-159.0,80.88,19.12,57.37,-316.38,0.12
NSE:BHARTIARTL,LONG,80,2024-03-22T09:15:00+05:30,1229.45,2024-03-26T11:15:00+05:30,1221.65,golden_cross,death_cross,-624.0,281.07,19.61,58.83,-983.51,4.08
NSE:ICICIBANK,LONG,70,2024-03-20T13:15:00+05:30,1084.4,2024-03-26T12:15:00+05:30,1082.85,golden_cross,death_cross,-108.5,231.72,15.17,45.51,-400.9,5.96
NSE:RELIANCE,LONG,115,2024-03-20T12:15:00+05:30,720.38,2024-03-26T13:15:00+05:30,721.26,golden_cross,death_cross,102.35,247.35,16.58,49.74,-211.32,6.04
NSE:BANKNIFTY,LONG,2.1420912060418216,2024-03-21T11:15:00+05:30,46625.2,2024-03-26T15:15:00+05:30,46623.45,golden_cross,death_cross,-3.75,65.99,3.99,19.97,-93.71,5.17
NSE:SENSEX,LONG,1.3380938846054438,2024-03-21T11:15:00+05:30,72447.38,2024-03-26T15:15:00+05:30,72474.13,golden_cross,death_cross,35.79,65.45,3.88,19.39,-52.92,5.17
NSE:RELIANCE,SHORT,115,2024-03-26T14:15:00+05:30,720.29,2024-03-27T09:15:00+05:30,737.52,death_cross,golden_cross,-1982.03,249.57,16.76,50.29,-2298.66,0.79
NSE:ICICIBANK,SHORT,70,2024-03-26T13:15:00+05:30,1080.0,2024-03-27T09:15:00+05:30,1091.55,death_cross,golden_cross,-808.5,232.11,15.2,45.6,-1101.41,0.83
NSE:SBIN,LONG,160,2024-03-21T09:15:00+05:30,747.6,2024-03-27T13:15:00+05:30,736.75,golden_cross,death_cross,-1736.0,327.17,23.75,71.25,-2158.17,6.17
NSE:ICICIBANK,LONG,65,2024-03-27T10:15:00+05:30,1085.4,2024-03-27T14:15:00+05:30,1082.95,golden_cross,death_cross,-159.25,72.02,14.09,42.28,-287.65,0.17
NSE:ADANIGREEN,LONG,75,2024-03-21T15:15:00+05:30,1850.0,2024-03-27T14:15:00+05:30,1825.85,golden_cross,death_cross,-1811.25,369.62,27.57,82.71,-2291.14,5.96
NSE:HDFCBANK,SHORT,260,2024-03-22T15:15:00+05:30,360.64,2024-03-28T09:15:00+05:30,362.93,death_cross,golden_cross,-594.1,272.23,18.81,56.44,-941.58,5.75
NSE:ICICIBANK,SHORT,65,2024-03-27T15:15:00+05:30,1085.0,2024-03-28T09:15:00+05:30,1100.25,death_cross,golden_cross,-991.25,221.04,14.2,42.61,-1269.11,0.75
NSE:SBIN,SHORT,160,2024-03-27T14:15:00+05:30,733.2,2024-03-28T10:15:00+05:30,746.05,death_cross,golden_cross,-2056.0,326.29,23.67,71.0,-2476.96,0.83
NSE:HINDUNILVR,SHORT,35,2024-03-11T14:15:00+05:30,2385.2,2024-03-28T11:15:00+05:30,2266.8,death_cross,golden_cross,4144.0,243.75,16.28,48.85,3835.12,16.88
NSE:BHARTIARTL,SHORT,80,2024-03-26T12:15:00+05:30,1223.05,2024-03-28T11:15:00+05:30,1227.95,death_cross,golden_cross,-392.0,281.05,19.61,58.82,-751.48,1.96
NSE:ADANIGREEN,SHORT,75,2024-03-27T15:15:00+05:30,1815.0,2024-04-01T10:15:00+05:30,1891.6,death_cross,golden_cross,-5745.0,372.48,27.8,83.4,-6228.67,4.79
NSE:BHARTIARTL,LONG,80,2024-03-28T12:15:00+05:30,1231.55,2024-04-01T11:15:00+05:30,1216.6,golden_cross,death_cross,-1196.0,280.86,19.59,58.76,-1555.2,3.96
NSE:WIPRO,SHORT,610,2024-03-19T09:15:00+05:30,125.62,2024-04-01T12:15:00+05:30,120.86,death_cross,golden_cross,2903.6,229.99,15.04,45.11,2613.46,13.12
NSE:TCS,SHORT,20,2024-03-19T09:15:00+05:30,4029.85,2024-04-01T14:15:00+05:30,3913.95,death_cross,golden_cross,2318.0,239.5,15.89,47.66,2014.95,13.21
NSE:ITC,LONG,185,2024-03-21T10:15:00+05:30,420.1,2024-04-01T14:15:00+05:30,426.35,golden_cross,death_cross,1156.25,237.05,15.66,46.98,856.56,11.17
NSE:ICICIBANK,LONG,65,2024-03-28T10:15:00+05:30,1105.05,2024-04-02T10:15:00+05:30,1085.2,golden_cross,death_cross,-1290.25,221.43,14.24,42.71,-1568.62,5.0
NSE:TCS,LONG,20,2024-04-01T15:15:00+05:30,3924.0,2024-04-02T11:15:00+05:30,3882.85,golden_cross,death_cross,-823.0,236.7,15.61,46.84,-1122.15,0.83
NSE:WIPRO,LONG,655,2024-04-01T13:15:00+05:30,121.09,2024-04-02T12:15:00+05:30,120.2,golden_cross,death_cross,-582.95,238.8,15.8,47.41,-884.97,0.96
NSE:RELIANCE,LONG,110,2024-03-27T10:15:00+05:30,740.33,2024-04-02T13:15:00+05:30,739.07,golden_cross,death_cross,-138.6,243.97,16.27,48.82,-447.67,6.12
NSE:TATACONSUM,SHORT,80,2024-03-18T12:15:00+05:30,1189.1,2024-04-02T14:15:00+05:30,1132.4,death_cross,golden_cross,4536.0,269.17,18.57,55.72,4192.55,15.08
NSE:TCS,SHORT,20,2024-04-02T12:15:00+05:30,3885.5,2024-04-03T09:15:00+05:30,3920.05,death_cross,golden_cross,-691.0,236.66,15.61,46.83,-990.1,0.88
NSE:RELIANCE,LONG,110,2024-04-02T14:15:00+05:30,744.15,2024-04-03T10:15:00+05:30,738.49,golden_cross,death_cross,-622.6,244.41,16.31,48.93,-932.24,0.83
NSE:WIPRO,SHORT,655,2024-04-02T13:15:00+05:30,120.19,2024-04-03T10:15:00+05:30,121.42,death_cross,golden_cross,-808.92,239.05,15.83,47.48,-1111.28,0.88
NSE:BHARTIARTL,SHORT,80,2024-04-01T12:15:00+05:30,1210.35,2024-04-03T13:15:00+05:30,1234.15,death_cross,golden_cross,-1904.0,280.58,19.56,58.67,-2262.81,2.04
NSE:HINDUNILVR,LONG,40,2024-03-28T12:15:00+05:30,2272.95,2024-04-03T14:15:00+05:30,2265.0,golden_cross,death_cross,-318.0,264.86,18.15,54.46,-655.47,6.08
NSE:LT,LONG,25,2024-03-21T11:15:00+05:30,3564.95,2024-04-04T09:15:00+05:30,3745.4,golden_cross,death_cross,4511.25,265.88,18.28,54.83,4172.27,13.92
NSE:BHARTIARTL,LONG,80,2024-04-03T14:15:00+05:30,1225.85,2024-04-04T11:15:00+05:30,1213.3,golden_cross,death_cross,-1004.0,280.04,19.51,58.54,-1362.09,0.88
NSE:LT,SHORT,25,2024-04-04T10:15:00+05:30,3758.8,2024-04-04T13:15:00+05:30,3806.6,death_cross,golden_cross,-1195.0,80.4,18.91,56.74,-1351.05,0.12
NSE:LT,LONG,25,2024-04-04T14:15:00+05:30,3797.75,2024-04-05T09:15:00+05:30,3725.6,golden_cross,death_cross,-1803.75,272.27,18.81,56.43,-2151.25,0.79
NSE:HINDUNILVR,SHORT,40,2024-04-03T15:15:00+05:30,2266.0,2024-04-05T12:15:00+05:30,2279.45,death_cross,golden_cross,-538.0,265.21,18.18,54.55,-875.94,1.88
NSE:SBIN,LONG,155,2024-03-28T11:15:00+05:30,747.8,2024-04-05T13:15:00+05:30,760.85,golden_cross,death_cross,2022.75,322.83,23.38,70.15,1606.39,8.08
NSE:ITC,SHORT,185,2024-04-01T15:15:00+05:30,427.6,2024-04-05T13:15:00+05:30,430.1,death_cross,golden_cross,-462.5,239.49,15.87,47.6,-765.46,3.92
NSE:ICICIBANK,SHORT,65,2024-04-02T11:15:00+05:30,1082.5,2024-04-08T09:15:00+05:30,1085.45,death_cross,golden_cross,-191.75,219.73,14.09,42.28,-467.85,5.92
NSE:HCLTECH,SHORT,45,2024-03-19T09:15:00+05:30,1619.75,2024-04-08T09:15:00+05:30,1546.3,death_cross,golden_cross,3305.25,221.2,14.25,42.74,3027.06,20.0
NSE:HINDUNILVR,SHORT,40,2024-04-05T13:15:00+05:30,2268.8,2024-04-08T09:15:00+05:30,2282.95,death_cross,golden_cross,-566.0,265.49,18.21,54.62,-904.32,2.83
NSE:RELIANCE,SHORT,110,2024-04-03T11:15:00+05:30,739.0,2024-04-08T10:15:00+05:30,741.17,death_cross,golden_cross,-239.25,244.08,16.28,48.85,-548.45,4.96
NSE:WIPRO,LONG,640,2024-04-03T11:15:00+05:30,121.42,2024-04-08T10:15:00+05:30,120.15,golden_cross,death_cross,-809.6,234.99,15.46,46.38,-1106.43,4.96
NSE:LT,SHORT,25,2024-04-05T10:15:00+05:30,3748.0,2024-04-08T12:15:00+05:30,3796.7,death_cross,golden_cross,-1217.5,272.82,18.86,56.59,-1565.76,3.08
NSE:INFY,SHORT,45,2024-03-18T12:15:00+05:30,1622.0,2024-04-09T09:15:00+05:30,1507.25,death_cross,golden_cross,5163.75,219.22,14.08,42.24,4888.2,21.88
NSE:HINDUNILVR,LONG,40,2024-04-08T10:15:00+05:30,2272.5,2024-04-09T10:15:00+05:30,2266.85,golden_cross,death_cross,-226.0,264.92,18.16,54.47,-563.55,1.0
NSE:TCS,LONG,20,2024-04-03T10:15:00+05:30,3963.0,2024-04-09T12:15:00+05:30,3948.85,golden_cross,death_cross,-283.0,238.99,15.82,47.47,-585.28,6.08
NSE:RELIANCE,LONG,105,2024-04-08T11:15:00+05:30,743.75,2024-04-09T14:15:00+05:30,732.26,golden_cross,death_cross,-1205.93,235.44,15.5,46.49,-1503.36,1.12
NSE:BHARTIARTL,SHORT,75,2024-04-04T12:15:00+05:30,1218.85,2024-04-09T15:15:00+05:30,1204.6,death_cross,golden_cross,1068.75,265.02,18.18,54.53,731.02,5.12
NSE:ADANIGREEN,LONG,65,2024-04-01T11:15:00+05:30,1888.0,2024-04-10T10:15:00+05:30,1901.1,golden_cross,death_cross,851.5,336.75,24.63,73.89,416.23,8.96
NSE:LT,LONG,25,2024-04-08T13:15:00+05:30,3784.45,2024-04-10T10:15:00+05:30,3763.35,golden_cross,death_cross,-527.5,272.85,18.87,56.61,-875.83,1.88
NSE:RELIANCE,SHORT,105,2024-04-09T15:15:00+05:30,732.98,2024-04-10T11:15:00+05:30,738.95,death_cross,golden_cross,-627.38,234.92,15.46,46.37,-924.12,0.83
NSE:HCLTECH,LONG,50,2024-04-08T10:15:00+05:30,1543.75,2024-04-10T13:15:00+05:30,1537.85,golden_cross,death_cross,-295.0,234.37,15.41,46.22,-591.0,2.12
NSE:HDFCBANK,LONG,255,2024-03-28T10:15:00+05:30,364.48,2024-04-12T09:15:00+05:30,379.12,golden_cross,death_cross,3735.75,273.56,18.96,56.89,3386.34,14.96
NSE:TCS,SHORT,20,2024-04-09T13:15:00+05:30,3951.05,2024-04-12T09:15:00+05:30,3991.2,death_cross,golden_cross,-803.0,239.7,15.88,47.65,-1106.24,2.83
NSE:TATASTEEL,LONG,605,2024-03-21T10:15:00+05:30,150.0,2024-04-12T09:15:00+05:30,164.15,golden_cross,death_cross,8560.75,273.69,19.01,57.02,8211.04,21.96
NSE:NIFTY,LONG,4.621199463629438,2024-03-21T11:15:00+05:30,21951.45,2024-04-12T13:15:00+05:30,22544.7,golden_cross,death_cross,2741.53,66.69,4.11,20.56,2650.16,22.08
NSE:SENSEX,LONG,1.3278737897556006,2024-03-27T09:15:00+05:30,72965.24,2024-04-12T13:15:00+05:30,74326.57,golden_cross,death_cross,1807.67,65.7,3.91,19.56,1718.51,16.17
NSE:RELIANCE,LONG,105,2024-04-10T12:15:00+05:30,738.15,2024-04-12T14:15:00+05:30,732.0,golden_cross,death_cross,-645.75,234.71,15.44,46.31,-942.21,2.08
NSE:INFY,LONG,55,2024-04-09T10:15:00+05:30,1509.85,2024-04-12T14:15:00+05:30,1485.7,golden_cross,death_cross,-1328.25,246.31,16.48,49.43,-1640.46,3.17
NSE:BANKNIFTY,LONG,2.128852933880852,2024-03-27T09:15:00+05:30,46871.25,2024-04-12T15:15:00+05:30,48528.6,golden_cross,death_cross,3528.25,66.49,4.06,20.31,3437.39,16.25
NSE:ICICIBANK,LONG,65,2024-04-08T10:15:00+05:30,1084.4,2024-04-15T09:15:00+05:30,1087.25,golden_cross,death_cross,185.25,219.97,14.12,42.35,-91.19,6.96
NSE:SBIN,LONG,150,2024-04-05T14:15:00+05:30,764.45,2024-04-15T09:15:00+05:30,754.75,golden_cross,death_cross,-1455.0,316.47,22.79,68.36,-1862.62,9.79
NSE:ITC,LONG,185,2024-04-05T14:15:00+05:30,427.3,2024-04-15T10:15:00+05:30,426.3,golden_cross,death_cross,-185.0,238.62,15.79,47.37,-486.79,9.83
NSE:TATACONSUM,LONG,85,2024-04-02T15:15:00+05:30,1130.95,2024-04-15T11:15:00+05:30,1127.0,golden_cross,death_cross,-335.75,276.43,19.19,57.58,-688.95,12.83
NSE:TCS,LONG,20,2024-04-12T10:15:00+05:30,3995.9,2024-04-15T13:15:00+05:30,3923.95,golden_cross,death_cross,-1439.0,239.25,15.84,47.52,-1741.61,3.12
NSE:BHARTIARTL,LONG,80,2024-04-10T09:15:00+05:30,1218.5,2024-04-16T13:15:00+05:30,1215.35,golden_cross,death_cross,-252.0,279.51,19.47,58.41,-609.4,6.17
NSE:TATACONSUM,SHORT,85,2024-04-15T12:15:00+05:30,1122.3,2024-04-16T15:15:00+05:30,1137.0,death_cross,golden_cross,-1249.5,276.62,19.2,57.61,-1602.94,1.12
NSE:BHARTIARTL,SHORT,75,2024-04-16T14:15:00+05:30,1217.05,2024-04-18T10:15:00+05:30,1247.9,death_cross,golden_cross,-2313.75,268.74,18.49,55.46,-2656.44,1.83
NSE:RELIANCE,SHORT,105,2024-04-12T15:15:00+05:30,734.29,2024-04-18T12:15:00+05:30,738.49,death_cross,golden_cross,-441.0,235.01,15.46,46.39,-737.86,5.88
NSE:HINDUNILVR,SHORT,35,2024-04-09T11:15:00+05:30,2259.5,2024-04-18T12:15:00+05:30,2231.0,death_cross,golden_cross,997.5,237.7,15.72,47.15,696.93,9.04
NSE:RELIANCE,LONG,105,2024-04-18T13:15:00+05:30,733.85,2024-04-18T14:15:00+05:30,730.25,golden_cross,death_cross,-378.0,74.25,15.37,46.12,-513.74,0.04
NSE:HINDUNILVR,LONG,40,2024-04-18T13:15:00+05:30,2229.1,2024-04-18T15:15:00+05:30,2216.95,golden_cross,death_cross,-486.0,78.49,17.78,53.35,-635.62,0.08
NSE:TATACONSUM,LONG,85,2024-04-18T09:15:00+05:30,1142.75,2024-04-19T09:15:00+05:30,1114.9,golden_cross,death_cross,-2367.25,276.55,19.19,57.57,-2720.56,1.0
NSE:HINDUNILVR,LONG,40,2024-04-19T09:15:00+05:30,2227.45,2024-04-19T10:15:00+05:30,2218.35,golden_cross,death_cross,-364.0,78.5,17.78,53.35,-513.63,0.04
NSE:HDFCBANK,SHORT,255,2024-04-12T10:15:00+05:30,378.99,2024-04-19T13:15:00+05:30,381.69,death_cross,golden_cross,-688.5,278.73,19.4,58.19,-1044.82,7.12
NSE:TATACONSUM,SHORT,85,2024-04-19T10:15:00+05:30,1115.5,2024-04-19T13:15:00+05:30,1148.05,death_cross,golden_cross,-2766.75,80.8,19.24,57.72,-2924.51,0.12
NSE:RELIANCE,SHORT,100,2024-04-18T15:15:00+05:30,731.25,2024-04-22T09:15:00+05:30,736.77,death_cross,golden_cross,-552.5,226.3,14.68,44.04,-837.52,3.75
NSE:TATASTEEL,SHORT,595,2024-04-12T10:15:00+05:30,165.5,2024-04-22T09:15:00+05:30,162.65,death_cross,golden_cross,1695.75,279.97,19.52,58.57,1337.68,9.96
NSE:WIPRO,SHORT,635,2024-04-08T11:15:00+05:30,120.78,2024-04-22T10:15:00+05:30,116.0,death_cross,golden_cross,3032.13,229.98,15.04,45.11,2742.01,13.96
NSE:BANKNIFTY,SHORT,2.150998554673408,2024-04-15T09:15:00+05:30,47981.95,2024-04-22T11:15:00+05:30,47825.7,death_cross,golden_cross,336.09,66.61,4.12,20.61,244.75,7.08
NSE:NIFTY,SHORT,4.622710744448985,2024-04-12T14:15:00+05:30,22515.85,2024-04-22T11:15:00+05:30,22286.7,death_cross,golden_cross,1059.29,66.74,4.14,20.71,967.7,9.88
NSE:SENSEX,SHORT,1.3282533246287134,2024-04-12T14:15:00+05:30,74234.33,2024-04-22T11:15:00+05:30,73452.86,death_cross,golden_cross,1037.99,65.71,3.92,19.62,948.74,9.88
NSE:ICICIBANK,SHORT,65,2024-04-15T10:15:00+05:30,1088.2,2024-04-22T11:15:00+05:30,1082.85,death_cross,golden_cross,347.75,219.92,14.11,42.34,71.38,7.04
NSE:SBIN,SHORT,150,2024-04-15T10:15:00+05:30,757.05,2024-04-22T12:15:00+05:30,757.5,death_cross,golden_cross,-67.5,315.59,22.72,68.15,-473.96,7.08
NSE:LT,SHORT,25,2024-04-10T11:15:00+05:30,3772.25,2024-04-22T13:15:00+05:30,3593.05,death_cross,golden_cross,4480.0,267.41,18.41,55.24,4138.94,12.08
NSE:ITC,SHORT,180,2024-04-15T11:15:00+05:30,427.35,2024-04-22T15:15:00+05:30,425.8,death_cross,golden_cross,279.0,233.76,15.36,46.07,-16.18,7.17
NSE:INFY,SHORT,55,2024-04-12T15:15:00+05:30,1484.85,2024-04-23T09:15:00+05:30,1440.25,death_cross,golden_cross,2453.0,241.72,16.09,48.26,2146.93,10.75
NSE:HCLTECH,SHORT,50,2024-04-10T14:15:00+05:30,1538.25,2024-04-23T09:15:00+05:30,1484.9,death_cross,golden_cross,2667.5,230.9,15.12,45.35,2376.14,12.79
NSE:ADANIGREEN,SHORT,65,2024-04-10T11:15:00+05:30,1900.55,2024-04-23T10:15:00+05:30,1821.85,death_cross,golden_cross,5115.5,331.61,24.2,72.59,4687.1,12.96
NSE:HDFCBANK,LONG,250,2024-04-19T14:15:00+05:30,382.98,2024-04-23T11:15:00+05:30,377.48,golden_cross,death_cross,-1375.0,274.49,19.01,57.03,-1725.54,3.88
NSE:TCS,SHORT,20,2024-04-15T14:15:00+05:30,3939.45,2024-04-23T11:15:00+05:30,3890.3,death_cross,golden_cross,983.0,237.07,15.66,46.98,683.29,7.88
NSE:RELIANCE,LONG,100,2024-04-22T10:15:00+05:30,738.75,2024-04-23T14:15:00+05:30,729.47,golden_cross,death_cross,-928.5,226.35,14.68,44.05,-1213.58,1.17
NSE:TATASTEEL,LONG,615,2024-04-22T10:15:00+05:30,162.55,2024-04-23T15:15:00+05:30,161.1,golden_cross,death_cross,-891.75,284.38,19.9,59.71,-1255.75,1.21
NSE:TATACONSUM,LONG,80,2024-04-19T14:15:00+05:30,1138.25,2024-04-24T10:15:00+05:30,1115.1,golden_cross,death_cross,-1852.0,263.59,18.03,54.08,-2187.69,4.83
NSE:HDFCBANK,SHORT,250,2024-04-23T12:15:00+05:30,376.4,2024-04-24T11:15:00+05:30,379.49,death_cross,golden_cross,-772.5,273.18,18.9,56.69,-1121.27,0.96
NSE:TCS,LONG,20,2024-04-23T12:15:00+05:30,3881.85,2024-04-24T12:15:00+05:30,3857.0,golden_cross,death_cross,-497.0,235.16,15.48,46.43,-794.07,1.0
NSE:HINDUNILVR,LONG,40,2024-04-19T11:15:00+05:30,2228.1,2024-04-25T10:15:00+05:30,2220.15,golden_cross,death_cross,-318.0,260.87,17.79,53.38,-650.05,5.96
NSE:ADANIGREEN,LONG,70,2024-04-23T11:15:00+05:30,1823.7,2024-04-25T11:15:00+05:30,1795.7,golden_cross,death_cross,-1960.0,344.81,25.34,76.01,-2406.16,2.0
NSE:HDFCBANK,LONG,245,2024-04-24T12:15:00+05:30,378.94,2024-04-25T14:15:00+05:30,377.51,golden_cross,death_cross,-349.13,269.1,18.53,55.6,-692.36,1.08
NSE:HDFCBANK,SHORT,245,2024-04-25T15:15:00+05:30,378.45,2024-04-26T09:15:00+05:30,379.96,death_cross,golden_cross,-371.17,269.64,18.58,55.74,-715.14,0.75
NSE:HDFCBANK,LONG,240,2024-04-26T10:15:00+05:30,378.5,2024-04-26T14:15:00+05:30,376.82,golden_cross,death_cross,-402.0,79.1,18.13,54.38,-553.61,0.17
NSE:INFY,LONG,55,2024-04-23T10:15:00+05:30,1437.5,2024-04-26T14:15:00+05:30,1430.05,golden_cross,death_cross,-409.75,238.42,15.77,47.31,-711.25,3.17
NSE:LT,LONG,25,2024-04-22T14:15:00+05:30,3614.05,2024-04-26T14:15:00+05:30,3607.5,golden_cross,death_cross,-163.75,263.76,18.05,54.16,-499.73,4.0
NSE:HCLTECH,LONG,55,2024-04-23T10:15:00+05:30,1493.5,2024-04-29T09:15:00+05:30,1385.0,golden_cross,death_cross,-5967.5,239.5,15.83,47.5,-6270.33,5.96
NSE:LT,SHORT,25,2024-04-26T15:15:00+05:30,3608.0,2024-04-29T10:15:00+05:30,3648.0,death_cross,golden_cross,-1000.0,264.78,18.14,54.42,-1337.34,2.79
NSE:HDFCBANK,SHORT,240,2024-04-26T15:15:00+05:30,377.75,2024-04-29T11:15:00+05:30,380.04,death_cross,golden_cross,-549.6,265.27,18.19,54.56,-887.62,2.83
NSE:RELIANCE,SHORT,100,2024-04-23T15:15:00+05:30,729.88,2024-04-29T11:15:00+05:30,731.64,death_cross,golden_cross,-176.5,225.55,14.62,43.85,-460.51,5.83
NSE:INFY,SHORT,55,2024-04-26T15:15:00+05:30,1432.0,2024-04-29T12:15:00+05:30,1438.05,death_cross,golden_cross,-332.75,238.57,15.79,47.36,-634.46,2.88
NSE:TCS,SHORT,20,2024-04-24T13:15:00+05:30,3844.55,2024-04-29T13:15:00+05:30,3865.0,death_cross,golden_cross,-409.0,234.5,15.42,46.26,-705.18,5.0
NSE:WIPRO,LONG,685,2024-04-22T11:15:00+05:30,115.59,2024-04-29T14:15:00+05:30,115.72,golden_cross,death_cross,85.62,239.19,15.84,47.53,-216.94,7.12
NSE:INFY,LONG,55,2024-04-29T13:15:00+05:30,1438.0,2024-04-30T09:15:00+05:30,1432.1,golden_cross,death_cross,-324.5,238.57,15.79,47.36,-626.21,0.83
NSE:ADANIGREEN,SHORT,70,2024-04-25T12:15:00+05:30,1795.0,2024-04-30T09:15:00+05:30,1817.8,death_cross,golden_cross,-1596.0,344.27,25.29,75.87,-2041.43,4.88
NSE:BHARTIARTL,LONG,70,2024-04-18T11:15:00+05:30,1272.45,2024-04-30T11:15:00+05:30,1326.25,golden_cross,death_cross,3766.0,264.99,18.19,54.57,3428.25,12.0
NSE:TATASTEEL,LONG,605,2024-04-24T09:15:00+05:30,163.2,2024-04-30T12:15:00+05:30,165.6,golden_cross,death_cross,1452.0,284.07,19.89,59.68,1088.36,6.12
NSE:WIPRO,SHORT,680,2024-04-29T15:15:00+05:30,115.83,2024-04-30T12:15:00+05:30,116.17,death_cross,golden_cross,-231.2,238.45,15.78,47.33,-532.75,0.88
NSE:TCS,LONG,20,2024-04-29T14:15:00+05:30,3870.7,2024-04-30T14:15:00+05:30,3815.7,golden_cross,death_cross,-1100.0,234.04,15.37,46.12,-1395.53,1.0
NSE:WIPRO,LONG,675,2024-04-30T13:15:00+05:30,116.14,2024-04-30T14:15:00+05:30,115.67,golden_cross,death_cross,-313.88,74.74,15.65,46.94,-451.21,0.04
NSE:LT,LONG,25,2024-04-29T11:15:00+05:30,3637.15,2024-04-30T14:15:00+05:30,3587.65,golden_cross,death_cross,-1237.5,263.93,18.06,54.19,-1573.68,1.12
NSE:ADANIGREEN,LONG,70,2024-04-30T10:15:00+05:30,1814.6,2024-04-30T15:15:00+05:30,1797.0,golden_cross,death_cross,-1232.0,91.62,25.28,75.84,-1424.74,0.21
NSE:TATACONSUM,SHORT,80,2024-04-24T11:15:00+05:30,1121.9,2024-04-30T15:15:00+05:30,1107.55,death_cross,golden_cross,1148.0,261.24,17.84,53.51,815.42,6.17
NSE:HINDUNILVR,SHORT,40,2024-04-25T11:15:00+05:30,2227.1,2024-05-02T09:15:00+05:30,2241.9,death_cross,golden_cross,-592.0,261.82,17.88,53.63,-925.32,6.92
NSE:TATASTEEL,SHORT,605,2024-04-30T13:15:00+05:30,165.65,2024-05-02T10:15:00+05:30,167.85,death_cross,golden_cross,-1331.0,287.44,20.18,60.53,-1699.15,1.88
NSE:TCS,SHORT,20,2024-04-30T15:15:00+05:30,3823.95,2024-05-02T13:15:00+05:30,3863.5,death_cross,golden_cross,-791.0,234.04,15.37,46.12,-1086.54,1.92
NSE:HINDUNILVR,LONG,35,2024-05-02T10:15:00+05:30,2239.05,2024-05-02T14:15:00+05:30,2224.05,golden_cross,death_cross,-525.0,74.67,15.62,46.86,-662.15,0.17
NSE:RELIANCE,LONG,100,2024-04-29T12:15:00+05:30,732.0,2024-05-03T10:15:00+05:30,726.54,golden_cross,death_cross,-546.0,225.25,14.59,43.76,-829.59,3.92
NSE:NIFTY,LONG,4.716261482832549,2024-04-22T12:15:00+05:30,22273.8,2024-05-03T11:15:00+05:30,22476.55,golden_cross,death_cross,956.22,67.11,4.22,21.11,863.79,10.96
NSE:SENSEX,LONG,1.355862818805835,2024-04-22T12:15:00+05:30,73420.33,2024-05-03T11:15:00+05:30,73935.18,golden_cross,death_cross,698.07,66.04,4.0,19.98,608.05,10.96
NSE:TCS,LONG,20,2024-05-02T14:15:00+05:30,3865.9,2024-05-03T11:15:00+05:30,3802.8,golden_cross,death_cross,-1262.0,233.66,15.34,46.01,-1557.01,0.88
NSE:ITC,LONG,180,2024-04-23T09:15:00+05:30,428.8,2024-05-03T11:15:00+05:30,435.25,golden_cross,death_cross,1161.0,235.87,15.55,46.66,862.92,10.08
NSE:TATACONSUM,SHORT,80,2024-05-02T09:15:00+05:30,1090.85,2024-05-03T11:15:00+05:30,1105.7,death_cross,golden_cross,-1188.0,258.49,17.57,52.72,-1516.78,1.08
NSE:BANKNIFTY,LONG,2.1650477879590513,2024-04-22T12:15:00+05:30,47783.3,2024-05-03T12:15:00+05:30,48747.95,golden_cross,death_cross,2088.51,66.97,4.18,20.9,1996.46,11.0
NSE:HDFCBANK,LONG,240,2024-04-29T12:15:00+05:30,379.24,2024-05-03T12:15:00+05:30,377.46,golden_cross,death_cross,-426.0,264.97,18.16,54.48,-763.61,4.0
NSE:TATACONSUM,LONG,80,2024-05-03T12:15:00+05:30,1102.05,2024-05-03T13:15:00+05:30,1097.45,golden_cross,death_cross,-368.0,78.17,17.6,52.79,-516.55,0.04
NSE:TCS,SHORT,20,2024-05-03T12:15:00+05:30,3817.65,2024-05-06T09:15:00+05:30,3922.6,death_cross,golden_cross,-2099.0,235.31,15.48,46.44,-2396.23,2.88
NSE:TATASTEEL,LONG,585,2024-05-02T11:15:00+05:30,168.35,2024-05-06T09:15:00+05:30,165.6,golden_cross,death_cross,-1608.75,280.34,19.54,58.61,-1967.23,3.92
NSE:INFY,SHORT,55,2024-04-30T10:15:00+05:30,1430.0,2024-05-06T10:15:00+05:30,1435.05,death_cross,golden_cross,-277.75,238.26,15.76,47.27,-579.04,6.0
NSE:SBIN,LONG,150,2024-04-22T13:15:00+05:30,762.55,2024-05-06T10:15:00+05:30,808.35,golden_cross,death_cross,6870.0,324.46,23.56,70.69,6451.29,13.88
NSE:HDFCBANK,SHORT,235,2024-05-03T13:15:00+05:30,378.52,2024-05-06T11:15:00+05:30,382.2,death_cross,golden_cross,-863.63,261.85,17.88,53.63,-1196.98,2.92
NSE:TATASTEEL,SHORT,575,2024-05-06T10:15:00+05:30,167.35,2024-05-06T11:15:00+05:30,167.95,death_cross,golden_cross,-345.0,81.14,19.28,57.84,-503.26,0.04
NSE:HDFCBANK,LONG,230,2024-05-06T12:15:00+05:30,381.57,2024-05-06T13:15:00+05:30,380.46,golden_cross,death_cross,-255.3,78.06,17.53,52.58,-403.47,0.04
NSE:HINDUNILVR,SHORT,35,2024-05-02T15:15:00+05:30,2228.0,2024-05-06T13:15:00+05:30,2249.05,death_cross,golden_cross,-736.75,237.31,15.67,47.01,-1036.74,3.92
NSE:ITC,SHORT,180,2024-05-03T12:15:00+05:30,432.45,2024-05-07T09:15:00+05:30,445.15,death_cross,golden_cross,-2286.0,238.84,15.8,47.39,-2588.03,3.88
NSE:TATACONSUM,SHORT,80,2024-05-03T14:15:00+05:30,1095.3,2024-05-07T09:15:00+05:30,1114.0,death_cross,golden_cross,-1496.0,259.64,17.67,53.02,-1826.34,3.79
NSE:ICICIBANK,LONG,65,2024-04-22T12:15:00+05:30,1081.1,2024-05-07T10:15:00+05:30,1130.6,golden_cross,death_cross,3217.5,222.64,14.38,43.13,2937.36,14.92
NSE:TATASTEEL,LONG,575,2024-05-06T12:15:00+05:30,167.1,2024-05-07T10:15:00+05:30,165.1,golden_cross,death_cross,-1150.0,275.48,19.1,57.3,-1501.88,0.92
NSE:TATACONSUM,LONG,75,2024-05-07T10:15:00+05:30,1106.0,2024-05-07T12:15:00+05:30,1095.75,golden_cross,death_cross,-768.75,76.22,16.51,49.54,-911.02,0.08
NSE:WIPRO,SHORT,675,2024-04-30T15:15:00+05:30,115.6,2024-05-07T14:15:00+05:30,115.78,death_cross,golden_cross,-118.13,236.69,15.62,46.85,-417.28,6.96
NSE:TATACONSUM,SHORT,75,2024-05-07T13:15:00+05:30,1100.0,2024-05-08T09:15:00+05:30,1110.5,death_cross,golden_cross,-787.5,247.42,16.58,49.74,-1101.23,0.83
NSE:BHARTIARTL,SHORT,70,2024-04-30T12:15:00+05:30,1326.9,2024-05-08T14:15:00+05:30,1288.95,death_cross,golden_cross,2656.5,266.41,18.31,54.93,2316.85,8.08
NSE:SBIN,SHORT,145,2024-05-06T11:15:00+05:30,812.35,2024-05-09T09:15:00+05:30,813.45,death_cross,golden_cross,-159.5,325.1,23.57,70.72,-578.9,2.92
NSE:ITC,LONG,170,2024-05-07T10:15:00+05:30,443.85,2024-05-09T10:15:00+05:30,435.3,golden_cross,death_cross,-1453.5,229.32,14.95,44.84,-1742.6,2.0
NSE:SBIN,SHORT,145,2024-05-09T10:15:00+05:30,808.75,2024-05-09T11:15:00+05:30,813.95,death_cross,golden_cross,-754.0,88.58,23.53,70.59,-936.7,0.04
NSE:TATACONSUM,LONG,75,2024-05-08T10:15:00+05:30,1114.5,2024-05-09T11:15:00+05:30,1093.05,golden_cross,death_cross,-1608.75,247.23,16.56,49.67,-1922.21,1.04
NSE:ADANIGREEN,SHORT,70,2024-05-02T09:15:00+05:30,1779.3,2024-05-09T12:15:00+05:30,1770.15,death_cross,golden_cross,640.5,339.18,24.85,74.54,201.94,7.12
NSE:WIPRO,LONG,670,2024-05-07T15:15:00+05:30,116.17,2024-05-09T13:15:00+05:30,114.55,golden_cross,death_cross,-1082.05,234.98,15.46,46.37,-1378.87,1.92
NSE:ADANIGREEN,LONG,70,2024-05-09T13:15:00+05:30,1759.1,2024-05-09T14:15:00+05:30,1708.95,golden_cross,death_cross,-3510.5,89.6,24.28,72.83,-3697.2,0.04
NSE:INFY,LONG,55,2024-05-06T11:15:00+05:30,1435.05,2024-05-10T10:15:00+05:30,1420.85,golden_cross,death_cross,-781.0,237.73,15.71,47.12,-1081.56,3.96
NSE:BHARTIARTL,SHORT,75,2024-05-08T15:15:00+05:30,1286.1,2024-05-10T10:15:00+05:30,1294.0,death_cross,golden_cross,-592.5,278.21,19.35,58.05,-948.11,1.79
NSE:TCS,LONG,20,2024-05-06T10:15:00+05:30,3913.45,2024-05-10T11:15:00+05:30,3899.2,golden_cross,death_cross,-285.0,236.78,15.63,46.88,-584.28,4.04
NSE:SBIN,LONG,145,2024-05-09T12:15:00+05:30,810.4,2024-05-13T10:15:00+05:30,802.9,golden_cross,death_cross,-1087.5,323.16,23.39,70.18,-1504.23,3.92
NSE:TCS,SHORT,20,2024-05-10T12:15:00+05:30,3907.65,2024-05-13T15:15:00+05:30,3947.0,death_cross,golden_cross,-787.0,237.75,15.71,47.13,-1087.59,3.12
NSE:ICICIBANK,SHORT,65,2024-05-07T11:15:00+05:30,1130.8,2024-05-13T15:15:00+05:30,1126.65,death_cross,golden_cross,269.75,226.16,14.67,44.02,-15.11,6.17
NSE:BHARTIARTL,LONG,75,2024-05-10T11:15:00+05:30,1297.5,2024-05-13T15:15:00+05:30,1288.0,golden_cross,death_cross,-712.5,278.66,19.39,58.17,-1068.73,3.17
NSE:RELIANCE,SHORT,100,2024-05-03T11:15:00+05:30,719.27,2024-05-14T10:15:00+05:30,706.74,death_cross,golden_cross,1253.5,221.5,14.26,42.78,974.96,10.96
NSE:TATASTEEL,SHORT,575,2024-05-07T11:15:00+05:30,163.85,2024-05-14T10:15:00+05:30,165.0,death_cross,golden_cross,-661.25,273.3,18.91,56.73,-1010.19,6.96
NSE:NIFTY,SHORT,4.724941289781719,2024-05-03T12:15:00+05:30,22415.15,2024-05-14T11:15:00+05:30,22185.3,death_cross,golden_cross,1086.03,67.09,4.21,21.07,993.65,10.96
NSE:BANKNIFTY,SHORT,2.1597738640031414,2024-05-03T13:15:00+05:30,48821.6,2024-05-14T12:15:00+05:30,47837.6,death_cross,golden_cross,2125.22,66.95,4.18,20.88,2033.21,10.96
NSE:SENSEX,SHORT,1.3592420307982147,2024-05-03T12:15:00+05:30,73683.81,2024-05-14T12:15:00+05:30,73101.36,death_cross,golden_cross,791.69,66.01,3.99,19.95,701.73,11.0
NSE:ADANIGREEN,SHORT,70,2024-05-09T15:15:00+05:30,1715.0,2024-05-14T12:15:00+05:30,1756.0,death_cross,golden_cross,-2870.0,333.34,24.3,72.89,-3300.53,4.88
NSE:TATACONSUM,SHORT,75,2024-05-09T12:15:00+05:30,1091.05,2024-05-14T12:15:00+05:30,1094.85,death_cross,golden_cross,-285.0,245.33,16.39,49.18,-595.91,5.0
NSE:SBIN,SHORT,145,2024-05-13T11:15:00+05:30,809.7,2024-05-14T13:15:00+05:30,819.0,death_cross,golden_cross,-1348.5,325.66,23.62,70.85,-1768.62,1.08
NSE:WIPRO,SHORT,670,2024-05-09T14:15:00+05:30,113.81,2024-05-14T13:15:00+05:30,114.67,death_cross,golden_cross,-569.5,233.28,15.31,45.92,-864.01,4.96
NSE:LT,SHORT,25,2024-04-30T15:15:00+05:30,3591.95,2024-05-14T13:15:00+05:30,3368.05,death_cross,golden_cross,5597.5,256.06,17.4,52.2,5271.84,13.92
NSE:HDFCBANK,SHORT,230,2024-05-06T14:15:00+05:30,380.55,2024-05-14T14:15:00+05:30,365.75,death_cross,golden_cross,3404.0,253.62,17.16,51.49,3081.72,8.0
NSE:TATACONSUM,LONG,75,2024-05-14T13:15:00+05:30,1091.6,2024-05-14T14:15:00+05:30,1085.0,golden_cross,death_cross,-495.0,75.91,16.32,48.97,-636.21,0.04
NSE:HDFCBANK,LONG,250,2024-05-14T15:15:00+05:30,365.4,2024-05-15T09:15:00+05:30,362.99,golden_cross,death_cross,-602.5,265.53,18.21,54.63,-940.87,0.75
NSE:ICICIBANK,LONG,65,2024-05-14T09:15:00+05:30,1119.8,2024-05-15T09:15:00+05:30,1118.25,golden_cross,death_cross,-100.75,224.79,14.55,43.64,-383.73,1.0
NSE:HCLTECH,SHORT,55,2024-04-29T10:15:00+05:30,1395.0,2024-05-15T09:15:00+05:30,1321.75,death_cross,golden_cross,4028.75,228.87,14.94,44.83,3740.11,15.96
NSE:HINDUNILVR,LONG,35,2024-05-06T14:15:00+05:30,2255.25,2024-05-15T10:15:00+05:30,2335.6,golden_cross,death_cross,2812.25,241.47,16.07,48.2,2506.51,8.83
NSE:BANKNIFTY,LONG,2.2455725732178795,2024-05-14T13:15:00+05:30,47858.95,2024-05-15T12:15:00+05:30,47614.75,golden_cross,death_cross,-548.37,67.34,4.29,21.44,-641.44,0.96
NSE:BHARTIARTL,SHORT,75,2024-05-14T09:15:00+05:30,1286.9,2024-05-15T12:15:00+05:30,1293.75,death_cross,golden_cross,-513.75,278.24,19.35,58.06,-869.41,1.12
NSE:ICICIBANK,SHORT,65,2024-05-15T10:15:00+05:30,1117.75,2024-05-15T14:15:00+05:30,1124.75,death_cross,golden_cross,-455.0,72.84,14.58,43.73,-586.14,0.17
NSE:BANKNIFTY,SHORT,2.2429492408982408,2024-05-15T13:15:00+05:30,47629.8,2024-05-16T09:15:00+05:30,47791.2,death_cross,golden_cross,-362.01,67.32,4.28,21.4,-455.01,0.83
NSE:INFY,SHORT,55,2024-05-10T11:15:00+05:30,1420.6,2024-05-16T09:15:00+05:30,1443.45,death_cross,golden_cross,-1256.75,238.27,15.75,47.26,-1558.03,5.92
NSE:SBIN,LONG,140,2024-05-14T14:15:00+05:30,818.45,2024-05-16T12:15:00+05:30,805.6,golden_cross,death_cross,-1799.0,315.92,22.74,68.21,-2205.87,1.92
NSE:RELIANCE,LONG,105,2024-05-14T11:15:00+05:30,706.74,2024-05-16T13:15:00+05:30,700.37,golden_cross,death_cross,-669.38,227.36,14.77,44.32,-955.83,2.08
NSE:SENSEX,LONG,1.377400579471264,2024-05-14T13:15:00+05:30,73220.36,2024-05-16T13:15:00+05:30,72586.43,golden_cross,death_cross,-873.18,66.05,4.02,20.08,-963.33,2.0
NSE:ICICIBANK,LONG,65,2024-05-15T15:15:00+05:30,1125.1,2024-05-16T13:15:00+05:30,1114.65,golden_cross,death_cross,-679.25,224.96,14.56,43.68,-962.44,0.92
NSE:TATASTEEL,LONG,565,2024-05-14T11:15:00+05:30,164.8,2024-05-16T13:15:00+05:30,162.4,golden_cross,death_cross,-1356.0,268.66,18.49,55.46,-1698.61,2.08
NSE:BANKNIFTY,SHORT,2.2404168888039107,2024-05-16T10:15:00+05:30,47481.15,2024-05-16T15:15:00+05:30,47977.4,death_cross,golden_cross,-1111.81,67.27,4.28,21.39,-1204.74,0.21
NSE:HDFCBANK,SHORT,250,2024-05-15T10:15:00+05:30,361.79,2024-05-16T15:15:00+05:30,364.94,death_cross,golden_cross,-787.5,265.08,18.17,54.5,-1125.25,1.21
NSE:TATACONSUM,SHORT,75,2024-05-14T15:15:00+05:30,1086.0,2024-05-16T15:15:00+05:30,1098.35,death_cross,golden_cross,-926.25,245.25,16.38,49.15,-1237.03,2.0
NSE:ITC,SHORT,170,2024-05-09T11:15:00+05:30,432.6,2024-05-17T10:15:00+05:30,434.8,death_cross,golden_cross,-374.0,227.02,14.75,44.24,-660.0,7.96
NSE:SBIN,SHORT,140,2024-05-16T13:15:00+05:30,799.8,2024-05-17T11:15:00+05:30,818.25,death_cross,golden_cross,-2583.0,315.05,22.65,67.96,-2988.66,0.92
NSE:HCLTECH,LONG,60,2024-05-15T10:15:00+05:30,1331.85,2024-05-21T10:15:00+05:30,1331.15,golden_cross,death_cross,-42.0,240.68,15.98,47.93,-346.6,6.0
NSE:HCLTECH,SHORT,60,2024-05-21T11:15:00+05:30,1328.05,2024-05-21T13:15:00+05:30,1347.0,death_cross,golden_cross,-1137.0,75.36,16.05,48.15,-1276.56,0.08
NSE:INFY,LONG,55,2024-05-16T10:15:00+05:30,1439.6,2024-05-21T14:15:00+05:30,1434.7,golden_cross,death_cross,-269.5,238.82,15.81,47.43,-571.55,5.17
NSE:ICICIBANK,LONG,60,2024-05-16T14:15:00+05:30,1131.1,2024-05-21T14:15:00+05:30,1120.65,golden_cross,death_cross,-627.0,213.31,13.51,40.53,-894.35,5.0
NSE:INFY,SHORT,50,2024-05-21T15:15:00+05:30,1435.55,2024-05-22T09:15:00+05:30,1448.65,death_cross,golden_cross,-655.0,223.43,14.42,43.26,-936.11,0.75
NSE:BANKNIFTY,LONG,2.1933325606966485,2024-05-17T09:15:00+05:30,47952.8,2024-05-22T10:15:00+05:30,47674.3,golden_cross,death_cross,-610.84,66.9,4.19,20.97,-702.92,5.04
NSE:HDFCBANK,LONG,245,2024-05-17T09:15:00+05:30,365.2,2024-05-22T10:15:00+05:30,364.06,golden_cross,death_cross,-278.07,261.69,17.87,53.6,-611.24,5.04
NSE:HINDUNILVR,SHORT,35,2024-05-15T11:15:00+05:30,2326.05,2024-05-22T10:15:00+05:30,2366.5,death_cross,golden_cross,-1415.75,245.74,16.42,49.27,-1727.19,6.96
NSE:BHARTIARTL,LONG,75,2024-05-15T13:15:00+05:30,1297.15,2024-05-22T12:15:00+05:30,1333.35,golden_cross,death_cross,2715.0,282.16,19.73,59.19,2353.93,6.96
NSE:SBIN,LONG,135,2024-05-17T12:15:00+05:30,816.05,2024-05-22T13:15:00+05:30,817.35,golden_cross,death_cross,175.5,308.15,22.05,66.15,-220.86,5.04
NSE:WIPRO,LONG,660,2024-05-14T14:15:00+05:30,114.17,2024-05-22T13:15:00+05:30,114.97,golden_cross,death_cross,534.6,231.14,15.12,45.37,242.96,7.96
NSE:WIPRO,SHORT,655,2024-05-22T14:15:00+05:30,115.29,2024-05-22T15:15:00+05:30,115.34,death_cross,golden_cross,-32.75,73.82,15.11,45.32,-166.99,0.04
NSE:HDFCBANK,SHORT,245,2024-05-22T11:15:00+05:30,363.57,2024-05-23T09:15:00+05:30,364.95,death_cross,golden_cross,-336.88,261.5,17.85,53.55,-669.77,0.92
NSE:BANKNIFTY,SHORT,2.189440755447809,2024-05-22T11:15:00+05:30,47717.95,2024-05-23T10:15:00+05:30,48313.5,death_cross,golden_cross,-1303.92,66.92,4.21,21.03,-1396.07,0.96
NSE:SBIN,SHORT,135,2024-05-22T14:15:00+05:30,819.1,2024-05-23T10:15:00+05:30,831.3,death_cross,golden_cross,-1647.0,310.84,22.28,66.84,-2046.96,0.83
NSE:TCS,SHORT,15,2024-05-14T09:15:00+05:30,3908.0,2024-05-23T11:15:00+05:30,3870.8,death_cross,golden_cross,558.0,192.75,11.67,35.0,318.58,9.08
NSE:ICICIBANK,SHORT,60,2024-05-21T15:15:00+05:30,1119.2,2024-05-23T12:15:00+05:30,1130.25,death_cross,golden_cross,-663.0,213.16,13.5,40.49,-930.15,1.88
NSE:ITC,LONG,170,2024-05-17T11:15:00+05:30,435.2,2024-05-24T14:15:00+05:30,436.55,golden_cross,death_cross,229.5,227.79,14.82,44.46,-57.57,7.12
NSE:TATACONSUM,LONG,70,2024-05-17T09:15:00+05:30,1091.8,2024-05-24T14:15:00+05:30,1098.0,golden_cross,death_cross,434.0,233.43,15.33,45.99,139.25,7.21
NSE:WIPRO,LONG,645,2024-05-23T09:15:00+05:30,116.52,2024-05-27T09:15:00+05:30,113.97,golden_cross,death_cross,-1644.75,228.45,14.87,44.6,-1932.66,4.0
NSE:TCS,LONG,20,2024-05-23T12:15:00+05:30,3870.0,2024-05-28T09:15:00+05:30,3850.0,golden_cross,death_cross,-400.0,234.73,15.44,46.32,-696.49,4.88
NSE:TCS,LONG,20,2024-05-28T10:15:00+05:30,3865.1,2024-05-28T12:15:00+05:30,3856.5,golden_cross,death_cross,-172.0,74.4,15.44,46.33,-308.17,0.08
NSE:RELIANCE,LONG,100,2024-05-16T14:15:00+05:30,712.26,2024-05-28T13:15:00+05:30,731.26,golden_cross,death_cross,1900.0,223.4,14.44,43.31,1618.86,11.96
NSE:ICICIBANK,LONG,60,2024-05-23T13:15:00+05:30,1132.95,2024-05-28T14:15:00+05:30,1126.4,golden_cross,death_cross,-393.0,213.8,13.56,40.67,-661.02,5.04
NSE:ADANIGREEN,LONG,70,2024-05-14T13:15:00+05:30,1762.0,2024-05-28T14:15:00+05:30,1898.25,golden_cross,death_cross,9537.5,347.13,25.62,76.87,9087.88,14.04
NSE:BHARTIARTL,LONG,70,2024-05-22T13:15:00+05:30,1342.35,2024-05-28T15:15:00+05:30,1369.5,golden_cross,death_cross,1900.5,273.93,18.98,56.95,1550.64,6.08
NSE:NIFTY,LONG,4.810926396713276,2024-05-14T12:15:00+05:30,22220.45,2024-05-29T09:15:00+05:30,22757.65,golden_cross,death_cross,2584.43,67.7,4.33,21.64,2490.77,14.88
NSE:SENSEX,LONG,1.356402689414944,2024-05-16T14:15:00+05:30,73645.77,2024-05-29T09:15:00+05:30,74735.62,golden_cross,death_cross,1478.28,66.22,4.03,20.13,1387.91,12.79
NSE:INFY,LONG,50,2024-05-22T10:15:00+05:30,1451.85,2024-05-29T09:15:00+05:30,1459.15,golden_cross,death_cross,365.0,224.84,14.55,43.66,81.94,6.96
NSE:SBIN,LONG,130,2024-05-23T11:15:00+05:30,831.5,2024-05-29T09:15:00+05:30,825.6,golden_cross,death_cross,-767.0,302.57,21.54,64.63,-1155.74,5.92
NSE:TATASTEEL,LONG,550,2024-05-16T14:15:00+05:30,166.0,2024-05-29T10:15:00+05:30,174.05,golden_cross,death_cross,4427.5,270.63,18.7,56.11,4082.06,12.83
NSE:BANKNIFTY,LONG,2.1285735958432537,2024-05-23T11:15:00+05:30,48428.55,2024-05-29T11:15:00+05:30,48620.6,golden_cross,death_cross,408.79,66.66,4.13,20.66,317.34,6.0
NSE:HDFCBANK,LONG,240,2024-05-23T10:15:00+05:30,367.42,2024-05-29T13:15:00+05:30,377.44,golden_cross,death_cross,2406.0,261.6,17.88,53.63,2072.9,6.12
NSE:HINDUNILVR,LONG,35,2024-05-22T11:15:00+05:30,2365.7,2024-05-29T13:15:00+05:30,2377.25,golden_cross,death_cross,404.25,247.57,16.6,49.8,90.28,7.08
NSE:HCLTECH,LONG,60,2024-05-21T14:15:00+05:30,1341.7,2024-05-30T09:15:00+05:30,1336.45,golden_cross,death_cross,-315.0,241.72,16.07,48.21,-620.99,8.79
NSE:BHARTIARTL,SHORT,70,2024-05-29T09:15:00+05:30,1373.2,2024-05-30T11:15:00+05:30,1384.3,death_cross,golden_cross,-777.0,277.68,19.3,57.91,-1131.89,1.08
NSE:HDFCBANK,SHORT,235,2024-05-29T14:15:00+05:30,377.55,2024-05-30T15:15:00+05:30,379.57,death_cross,golden_cross,-475.87,260.88,17.79,53.38,-807.92,1.04
NSE:BHARTIARTL,LONG,70,2024-05-30T12:15:00+05:30,1377.5,2024-05-31T09:15:00+05:30,1370.25,golden_cross,death_cross,-507.5,276.9,19.23,57.7,-861.34,0.88
NSE:ADANIGREEN,SHORT,70,2024-05-28T15:15:00+05:30,1885.75,2024-05-31T11:15:00+05:30,1899.1,death_cross,golden_cross,-934.5,357.61,26.49,79.48,-1398.08,2.83
NSE:ICICIBANK,SHORT,60,2024-05-28T15:15:00+05:30,1126.0,2024-05-31T12:15:00+05:30,1122.9,death_cross,golden_cross,186.0,213.06,13.49,40.48,-81.03,2.88
NSE:BANKNIFTY,SHORT,2.1284746531610144,2024-05-29T12:15:00+05:30,48579.45,2024-05-31T13:15:00+05:30,49030.75,death_cross,golden_cross,-960.58,66.7,4.16,20.78,-1052.21,2.04
NSE:SBIN,SHORT,130,2024-05-29T10:15:00+05:30,823.45,2024-05-31T14:15:00+05:30,830.7,death_cross,golden_cross,-942.5,302.16,21.5,64.51,-1330.67,2.17
NSE:NIFTY,SHORT,4.813336111327306,2024-05-29T10:15:00+05:30,22725.25,2024-06-03T09:15:00+05:30,23197.1,death_cross,golden_cross,-2271.17,67.88,4.42,22.1,-2365.58,4.96
NSE:SENSEX,SHORT,1.3575120444022808,2024-05-29T10:15:00+05:30,74604.92,2024-06-03T09:15:00+05:30,76101.77,death_cross,golden_cross,-2031.99,66.34,4.09,20.46,-2122.89,4.96
NSE:BHARTIARTL,SHORT,70,2024-05-31T10:15:00+05:30,1356.3,2024-06-03T09:15:00+05:30,1406.2,death_cross,golden_cross,-3493.0,278.28,19.34,58.01,-3848.63,2.96
NSE:RELIANCE,SHORT,100,2024-05-28T14:15:00+05:30,728.54,2024-06-03T10:15:00+05:30,745.0,death_cross,golden_cross,-1646.0,227.0,14.74,44.21,-1931.94,5.83
NSE:ITC,SHORT,170,2024-05-24T15:15:00+05:30,436.55,2024-06-03T11:15:00+05:30,431.0,death_cross,golden_cross,943.5,226.95,14.75,44.25,657.56,9.83
NSE:TATASTEEL,SHORT,550,2024-05-29T11:15:00+05:30,174.05,2024-06-03T11:15:00+05:30,173.1,death_cross,golden_cross,522.5,275.26,19.09,57.28,170.87,5.0
NSE:ITC,LONG,175,2024-06-03T12:15:00+05:30,428.95,2024-06-04T09:15:00+05:30,421.65,golden_cross,death_cross,-1277.5,228.64,14.89,44.66,-1565.68,0.88
NSE:HINDUNILVR,SHORT,35,2024-05-29T14:15:00+05:30,2372.2,2024-06-04T09:15:00+05:30,2407.25,death_cross,golden_cross,-1226.75,249.11,16.73,50.18,-1542.77,5.79
NSE:TATACONSUM,SHORT,70,2024-05-24T15:15:00+05:30,1099.05,2024-06-04T09:15:00+05:30,1076.0,death_cross,golden_cross,1613.5,232.2,15.23,45.68,1320.4,10.75
NSE:TATASTEEL,LONG,555,2024-06-03T12:15:00+05:30,172.85,2024-06-04T10:15:00+05:30,161.85,golden_cross,death_cross,-6105.0,270.01,18.58,55.73,-6449.31,0.92
NSE:ADANIGREEN,LONG,65,2024-05-31T12:15:00+05:30,1902.55,2024-06-04T10:15:00+05:30,1687.6,golden_cross,death_cross,-13971.75,323.49,23.34,70.01,-14388.59,3.92
NSE:BHARTIARTL,LONG,65,2024-06-03T10:15:00+05:30,1390.6,2024-06-04T10:15:00+05:30,1298.0,golden_cross,death_cross,-6019.0,257.78,17.48,52.43,-6346.68,1.0
NSE:BANKNIFTY,LONG,2.090234807418194,2024-05-31T14:15:00+05:30,48966.3,2024-06-04T11:15:00+05:30,46701.45,golden_cross,death_cross,-4734.07,65.77,4.0,20.0,-4823.83,3.88
NSE:NIFTY,LONG,4.618096218179978,2024-06-03T10:15:00+05:30,23175.3,2024-06-04T11:15:00+05:30,21591.9,golden_cross,death_cross,-7312.29,66.27,4.13,20.67,-7403.37,1.04
NSE:HDFCBANK,LONG,235,2024-05-31T09:15:00+05:30,380.79,2024-06-04T11:15:00+05:30,370.75,golden_cross,death_cross,-2359.4,259.56,17.66,52.98,-2689.61,4.08
NSE:RELIANCE,LONG,95,2024-06-03T11:15:00+05:30,741.01,2024-06-04T11:15:00+05:30,687.47,golden_cross,death_cross,-5087.25,214.31,13.57,40.71,-5355.84,1.0
NSE:SENSEX,LONG,1.3031311667415593,2024-06-03T10:15:00+05:30,76094.06,2024-06-04T11:15:00+05:30,71240.51,golden_cross,death_cross,-6324.81,64.93,3.84,19.2,-6412.79,1.04
NSE:ICICIBANK,LONG,60,2024-05-31T13:15:00+05:30,1124.45,2024-06-04T11:15:00+05:30,1071.7,golden_cross,death_cross,-3165.0,209.79,13.18,39.53,-3427.5,3.92
NSE:SBIN,LONG,125,2024-05-31T15:15:00+05:30,832.25,2024-06-04T11:15:00+05:30,772.0,golden_cross,death_cross,-7531.25,286.53,20.05,60.16,-7897.99,3.83
NSE:LT,LONG,30,2024-05-14T14:15:00+05:30,3379.45,2024-06-04T11:15:00+05:30,3419.75,golden_cross,death_cross,1209.0,289.7,20.4,61.19,837.71,20.88
NSE:TATACONSUM,SHORT,75,2024-06-04T10:15:00+05:30,1053.2,2024-06-04T14:15:00+05:30,1089.9,death_cross,golden_cross,-2752.5,75.22,16.07,48.22,-2892.02,0.17
NSE:TCS,SHORT,20,2024-05-28T13:15:00+05:30,3846.8,2024-06-05T10:15:00+05:30,3775.8,death_cross,golden_cross,1420.0,232.43,15.25,45.74,1126.59,7.88
NSE:HCLTECH,SHORT,60,2024-05-30T10:15:00+05:30,1332.35,2024-06-05T10:15:00+05:30,1352.65,death_cross,golden_cross,-1218.0,242.24,16.11,48.33,-1524.68,6.0
NSE:WIPRO,SHORT,645,2024-05-27T10:15:00+05:30,113.52,2024-06-05T10:15:00+05:30,112.8,death_cross,golden_cross,461.18,225.3,14.6,43.79,177.48,9.0
NSE:INFY,SHORT,50,2024-05-29T10:15:00+05:30,1456.0,2024-06-05T11:15:00+05:30,1437.4,death_cross,golden_cross,930.0,223.82,14.47,43.4,648.31,7.04
NSE:ITC,SHORT,175,2024-06-04T10:15:00+05:30,413.1,2024-06-05T11:15:00+05:30,429.15,death_cross,golden_cross,-2808.75,227.13,14.74,44.22,-3094.84,1.04
NSE:HDFCBANK,SHORT,230,2024-06-04T12:15:00+05:30,371.46,2024-06-05T14:15:00+05:30,388.04,death_cross,golden_cross,-3812.25,257.53,17.47,52.41,-4139.66,1.08
NSE:NIFTY,SHORT,4.540700517496579,2024-06-04T12:15:00+05:30,21944.75,2024-06-06T09:15:00+05:30,22786.85,death_cross,golden_cross,-3823.72,66.11,4.06,20.31,-3914.21,1.88
NSE:SENSEX,SHORT,1.2833106903120841,2024-06-04T12:15:00+05:30,72287.2,2024-06-06T09:15:00+05:30,74903.26,death_cross,golden_cross,-3357.22,64.8,3.78,18.89,-3444.68,1.88
NSE:TATASTEEL,SHORT,570,2024-06-04T11:15:00+05:30,157.6,2024-06-06T09:15:00+05:30,173.65,death_cross,golden_cross,-9148.5,273.63,18.88,56.64,-9497.65,1.92
NSE:BANKNIFTY,SHORT,2.062871922536495,2024-06-04T12:15:00+05:30,47284.4,2024-06-06T10:15:00+05:30,49600.6,death_cross,golden_cross,-4778.02,65.75,4.0,19.99,-4867.76,1.92
NSE:ADANIGREEN,SHORT,70,2024-06-04T11:15:00+05:30,1667.1,2024-06-06T10:15:00+05:30,1895.0,death_cross,golden_cross,-15953.0,341.41,24.93,74.8,-16394.15,1.96
NSE:BHARTIARTL,SHORT,70,2024-06-04T11:15:00+05:30,1261.25,2024-06-06T10:15:00+05:30,1362.7,death_cross,golden_cross,-7101.5,267.77,18.37,55.1,-7442.74,1.96
NSE:ICICIBANK,SHORT,60,2024-06-04T12:15:00+05:30,1084.05,2024-06-06T15:15:00+05:30,1111.75,death_cross,golden_cross,-1662.0,209.66,13.17,39.52,-1924.36,2.12
NSE:SBIN,SHORT,125,2024-06-04T12:15:00+05:30,791.0,2024-06-06T15:15:00+05:30,817.0,death_cross,golden_cross,-3250.0,286.73,20.1,60.3,-3617.13,2.12
NSE:RELIANCE,SHORT,95,2024-06-04T12:15:00+05:30,701.88,2024-06-07T09:15:00+05:30,720.58,death_cross,golden_cross,-1776.5,213.43,13.51,40.54,-2043.98,2.88
NSE:LT,SHORT,30,2024-06-04T12:15:00+05:30,3490.95,2024-06-07T13:15:00+05:30,3529.8,death_cross,golden_cross,-1165.5,297.27,21.06,63.19,-1547.02,3.04
NSE:ITC,LONG,165,2024-06-05T12:15:00+05:30,427.9,2024-06-11T14:15:00+05:30,433.1,golden_cross,death_cross,858.0,220.93,14.21,42.62,580.24,6.08
NSE:HINDUNILVR,LONG,35,2024-06-04T10:15:00+05:30,2421.15,2024-06-12T09:15:00+05:30,2538.95,golden_cross,death_cross,4123.0,255.73,17.36,52.08,3797.83,7.96
NSE:ADANIGREEN,LONG,50,2024-06-06T11:15:00+05:30,1866.1,2024-06-12T11:15:00+05:30,1856.7,golden_cross,death_cross,-470.0,270.01,18.61,55.84,-814.46,6.0
NSE:TATACONSUM,LONG,70,2024-06-04T15:15:00+05:30,1087.1,2024-06-12T13:15:00+05:30,1126.6,golden_cross,death_cross,2765.0,235.12,15.5,46.49,2467.9,7.92
NSE:INFY,LONG,55,2024-06-05T12:15:00+05:30,1429.2,2024-06-12T14:15:00+05:30,1485.35,golden_cross,death_cross,3088.25,241.03,16.03,48.09,2783.1,7.08
NSE:TCS,LONG,20,2024-06-05T11:15:00+05:30,3767.85,2024-06-12T15:15:00+05:30,3837.0,golden_cross,death_cross,1383.0,232.04,15.21,45.63,1090.12,7.17
NSE:ICICIBANK,LONG,55,2024-06-07T09:15:00+05:30,1115.35,2024-06-13T09:15:00+05:30,1118.35,golden_cross,death_cross,165.0,199.64,12.29,36.86,-83.78,6.0
NSE:TCS,LONG,20,2024-06-13T09:15:00+05:30,3877.0,2024-06-14T10:15:00+05:30,3839.95,golden_cross,death_cross,-741.0,234.69,15.43,46.3,-1037.43,1.04
NSE:WIPRO,LONG,650,2024-06-05T11:15:00+05:30,113.24,2024-06-14T15:15:00+05:30,119.29,golden_cross,death_cross,3932.5,230.79,15.11,45.34,3641.25,9.17
NSE:HCLTECH,LONG,55,2024-06-05T11:15:00+05:30,1353.4,2024-06-18T09:15:00+05:30,1428.55,golden_cross,death_cross,4133.25,232.85,15.3,45.9,3839.2,12.92
NSE:INFY,SHORT,50,2024-06-12T15:15:00+05:30,1486.4,2024-06-18T10:15:00+05:30,1500.25,death_cross,golden_cross,-692.5,229.12,14.93,44.8,-981.36,5.79
NSE:BHARTIARTL,LONG,60,2024-06-06T11:15:00+05:30,1346.6,2024-06-18T11:15:00+05:30,1419.6,golden_cross,death_cross,4380.0,247.23,16.6,49.79,4066.38,12.0
NSE:HCLTECH,SHORT,55,2024-06-18T10:15:00+05:30,1431.7,2024-06-18T13:15:00+05:30,1437.95,death_cross,golden_cross,-343.75,74.98,15.78,47.35,-481.86,0.12
NSE:ICICIBANK,SHORT,55,2024-06-13T10:15:00+05:30,1116.2,2024-06-18T14:15:00+05:30,1121.1,death_cross,golden_cross,-269.5,199.89,12.31,36.92,-518.61,5.17
NSE:TATASTEEL,LONG,460,2024-06-06T10:15:00+05:30,173.65,2024-06-18T14:15:00+05:30,181.03,golden_cross,death_cross,3394.8,244.18,16.32,48.95,3085.36,12.17
NSE:TATACONSUM,SHORT,70,2024-06-12T14:15:00+05:30,1124.15,2024-06-18T14:15:00+05:30,1127.0,death_cross,golden_cross,-199.5,238.25,15.76,47.27,-500.78,6.0
NSE:TATACONSUM,LONG,70,2024-06-18T15:15:00+05:30,1125.95,2024-06-19T09:15:00+05:30,1113.65,golden_cross,death_cross,-861.0,237.4,15.68,47.03,-1161.11,0.75
NSE:LT,LONG,25,2024-06-07T14:15:00+05:30,3536.45,2024-06-19T10:15:00+05:30,3627.05,golden_cross,death_cross,2265.0,261.97,17.91,53.73,1931.4,11.83
NSE:RELIANCE,LONG,90,2024-06-07T10:15:00+05:30,722.75,2024-06-19T13:15:00+05:30,729.72,golden_cross,death_cross,626.85,208.34,13.07,39.22,366.22,12.12
NSE:RELIANCE,SHORT,90,2024-06-19T14:15:00+05:30,728.91,2024-06-20T12:15:00+05:30,739.09,death_cross,golden_cross,-915.75,210.01,13.21,39.64,-1178.61,0.92
NSE:TATASTEEL,SHORT,460,2024-06-18T15:15:00+05:30,181.25,2024-06-20T12:15:00+05:30,182.0,death_cross,golden_cross,-345.0,248.84,16.71,50.13,-660.67,1.88
NSE:RELIANCE,LONG,85,2024-06-20T13:15:00+05:30,738.29,2024-06-21T09:15:00+05:30,730.82,golden_cross,death_cross,-635.37,201.94,12.49,37.46,-887.27,0.83
NSE:SBIN,LONG,115,2024-06-07T09:15:00+05:30,817.0,2024-06-21T09:15:00+05:30,843.4,golden_cross,death_cross,3036.0,275.09,19.09,57.28,2684.54,14.0
NSE:TCS,SHORT,20,2024-06-14T11:15:00+05:30,3843.8,2024-06-21T10:15:00+05:30,3839.65,death_cross,golden_cross,83.0,233.88,15.37,46.1,-212.35,6.96
NSE:TATASTEEL,LONG,450,2024-06-20T13:15:00+05:30,182.33,2024-06-21T10:15:00+05:30,180.08,golden_cross,death_cross,-1012.5,244.43,16.31,48.93,-1322.16,0.88
NSE:BHARTIARTL,SHORT,60,2024-06-18T12:15:00+05:30,1427.4,2024-06-21T14:15:00+05:30,1417.5,death_cross,golden_cross,594.0,252.77,17.07,51.21,272.96,3.08
NSE:NIFTY,LONG,4.181450146726534,2024-06-06T10:15:00+05:30,22896.85,2024-06-21T15:15:00+05:30,23453.15,golden_cross,death_cross,2326.14,65.56,3.88,19.38,2237.32,15.21
NSE:SENSEX,LONG,1.1868644545991474,2024-06-06T10:15:00+05:30,75267.7,2024-06-21T15:15:00+05:30,77070.32,golden_cross,death_cross,2139.47,64.32,3.62,18.08,2053.44,15.21
NSE:TCS,LONG,20,2024-06-21T11:15:00+05:30,3837.15,2024-06-21T15:15:00+05:30,3802.0,golden_cross,death_cross,-703.0,74.05,15.28,45.83,-838.16,0.17
NSE:HCLTECH,LONG,55,2024-06-18T14:15:00+05:30,1437.15,2024-06-24T11:15:00+05:30,1440.2,golden_cross,death_cross,167.75,238.97,15.83,47.48,-134.53,5.88
NSE:SENSEX,SHORT,1.1860179445915702,2024-06-24T09:15:00+05:30,77047.62,2024-06-24T12:15:00+05:30,77390.37,death_cross,golden_cross,-406.51,64.41,3.66,18.32,-492.9,0.12
NSE:ADANIGREEN,SHORT,50,2024-06-12T12:15:00+05:30,1849.7,2024-06-24T13:15:00+05:30,1812.3,death_cross,golden_cross,1870.0,266.46,18.31,54.93,1530.3,12.04
NSE:NIFTY,SHORT,4.178696347227897,2024-06-24T09:15:00+05:30,23445.75,2024-06-24T14:15:00+05:30,23545.95,death_cross,golden_cross,-418.71,65.65,3.93,19.64,-507.92,0.21
NSE:WIPRO,LONG,630,2024-06-18T09:15:00+05:30,122.28,2024-06-24T14:15:00+05:30,122.64,golden_cross,death_cross,229.95,234.57,15.43,46.29,-66.34,6.21
NSE:WIPRO,SHORT,630,2024-06-24T15:15:00+05:30,122.7,2024-06-25T10:15:00+05:30,123.22,death_cross,golden_cross,-324.45,235.31,15.49,46.48,-621.73,0.79
NSE:TCS,LONG,20,2024-06-24T09:15:00+05:30,3839.5,2024-06-25T11:15:00+05:30,3818.8,golden_cross,death_cross,-414.0,233.36,15.32,45.95,-708.63,1.08
NSE:ADANIGREEN,LONG,55,2024-06-24T14:15:00+05:30,1813.0,2024-06-25T12:15:00+05:30,1793.0,golden_cross,death_cross,-1100.0,283.6,19.83,59.5,-1462.93,0.92
NSE:SBIN,SHORT,115,2024-06-21T10:15:00+05:30,839.6,2024-06-25T13:15:00+05:30,844.7,death_cross,golden_cross,-586.5,278.41,19.37,58.11,-942.39,4.12
NSE:TCS,SHORT,20,2024-06-25T12:15:00+05:30,3819.05,2024-06-25T14:15:00+05:30,3839.65,death_cross,golden_cross,-412.0,74.15,15.32,45.95,-547.42,0.08
NSE:HCLTECH,SHORT,55,2024-06-24T12:15:00+05:30,1439.75,2024-06-25T14:15:00+05:30,1449.6,death_cross,golden_cross,-541.75,239.76,15.89,47.67,-845.08,1.08
NSE:LT,SHORT,25,2024-06-19T11:15:00+05:30,3642.55,2024-06-25T15:15:00+05:30,3588.45,death_cross,golden_cross,1352.5,263.91,18.08,54.23,1016.28,6.17
NSE:RELIANCE,SHORT,85,2024-06-21T10:15:00+05:30,729.05,2024-06-26T10:15:00+05:30,738.87,death_cross,golden_cross,-834.28,201.84,12.48,37.43,-1086.03,5.0
NSE:ITC,SHORT,160,2024-06-11T15:15:00+05:30,432.75,2024-06-26T10:15:00+05:30,425.4,death_cross,golden_cross,1176.0,215.62,13.73,41.19,905.46,14.79
NSE:HCLTECH,LONG,55,2024-06-25T15:15:00+05:30,1445.0,2024-06-27T09:15:00+05:30,1431.8,golden_cross,death_cross,-726.0,239.01,15.82,47.47,-1028.3,1.75
NSE:HINDUNILVR,SHORT,35,2024-06-12T10:15:00+05:30,2533.8,2024-06-27T09:15:00+05:30,2461.65,death_cross,golden_cross,2525.25,257.23,17.48,52.45,2198.09,14.96
NSE:ITC,LONG,170,2024-06-26T11:15:00+05:30,424.55,2024-06-27T13:15:00+05:30,421.95,golden_cross,death_cross,-442.0,223.07,14.39,43.17,-722.64,1.08
NSE:HCLTECH,SHORT,55,2024-06-27T10:15:00+05:30,1436.7,2024-06-27T13:15:00+05:30,1450.7,death_cross,golden_cross,-770.0,75.1,15.88,47.64,-908.62,0.12
NSE:LT,LONG,25,2024-06-26T09:15:00+05:30,3602.4,2024-06-27T13:15:00+05:30,3558.6,golden_cross,death_cross,-1095.0,262.15,17.9,53.71,-1428.76,1.17
NSE:ADANIGREEN,SHORT,55,2024-06-25T13:15:00+05:30,1787.65,2024-06-27T15:15:00+05:30,1808.0,death_cross,golden_cross,-1119.25,282.97,19.78,59.33,-1481.33,2.08
NSE:TATASTEEL,SHORT,450,2024-06-21T11:15:00+05:30,180.05,2024-06-28T12:15:00+05:30,175.49,death_cross,golden_cross,2052.0,240.76,16.0,48.0,1747.24,7.04
NSE:TATACONSUM,SHORT,70,2024-06-19T10:15:00+05:30,1113.65,2024-06-28T12:15:00+05:30,1097.85,death_cross,golden_cross,1106.0,235.07,15.48,46.44,809.01,9.08
NSE:HDFCBANK,LONG,210,2024-06-05T15:15:00+05:30,386.46,2024-06-28T14:15:00+05:30,420.26,golden_cross,death_cross,7098.0,250.85,16.94,50.82,6779.38,22.96
NSE:TATASTEEL,LONG,475,2024-06-28T13:15:00+05:30,175.01,2024-06-28T14:15:00+05:30,173.75,golden_cross,death_cross,-598.5,76.33,16.57,49.7,-741.09,0.04
NSE:BANKNIFTY,LONG,1.8827197521494048,2024-06-06T11:15:00+05:30,49231.15,2024-06-28T15:15:00+05:30,52323.7,golden_cross,death_cross,5822.4,65.5,3.82,19.12,5733.96,22.17
NSE:ICICIBANK,LONG,55,2024-06-18T15:15:00+05:30,1125.75,2024-07-01T09:15:00+05:30,1201.0,golden_cross,death_cross,4138.75,205.02,12.8,38.39,3882.54,12.75
NSE:TATASTEEL,SHORT,470,2024-06-28T15:15:00+05:30,174.75,2024-07-01T09:15:00+05:30,175.43,death_cross,golden_cross,-319.6,246.04,16.46,49.38,-631.48,2.75
NSE:ADANIGREEN,LONG,50,2024-06-28T09:15:00+05:30,1797.6,2024-07-01T09:15:00+05:30,1779.8,golden_cross,death_cross,-890.0,261.96,17.89,53.66,-1223.51,3.0
NSE:HDFCBANK,SHORT,210,2024-06-28T15:15:00+05:30,421.25,2024-07-01T11:15:00+05:30,425.12,death_cross,golden_cross,-811.65,260.7,17.77,53.32,-1143.44,2.83
NSE:ICICIBANK,SHORT,55,2024-07-01T10:15:00+05:30,1200.0,2024-07-01T12:15:00+05:30,1210.45,death_cross,golden_cross,-574.75,70.5,13.26,39.77,-698.28,0.08
NSE:SBIN,LONG,115,2024-06-25T14:15:00+05:30,841.8,2024-07-01T12:15:00+05:30,843.65,golden_cross,death_cross,212.75,278.5,19.38,58.15,-143.28,5.92
NSE:TATASTEEL,LONG,465,2024-07-01T10:15:00+05:30,175.74,2024-07-01T12:15:00+05:30,173.97,golden_cross,death_cross,-823.05,75.77,16.26,48.78,-963.86,0.08
NSE:ICICIBANK,LONG,55,2024-07-01T13:15:00+05:30,1211.15,2024-07-02T09:15:00+05:30,1194.15,golden_cross,death_cross,-935.0,210.21,13.23,39.69,-1198.12,0.83
NSE:TATACONSUM,LONG,70,2024-06-28T13:15:00+05:30,1098.25,2024-07-02T11:15:00+05:30,1080.95,golden_cross,death_cross,-1211.0,232.73,15.25,45.76,-1504.75,3.92
NSE:BHARTIARTL,LONG,60,2024-06-21T15:15:00+05:30,1403.75,2024-07-02T11:15:00+05:30,1439.0,golden_cross,death_cross,2115.0,252.51,17.06,51.17,1794.27,10.83
NSE:LT,SHORT,25,2024-06-27T14:15:00+05:30,3565.0,2024-07-02T11:15:00+05:30,3617.0,death_cross,golden_cross,-1300.0,262.75,17.95,53.86,-1634.57,4.88
NSE:TATACONSUM,SHORT,70,2024-07-02T12:15:00+05:30,1084.5,2024-07-02T14:15:00+05:30,1105.05,death_cross,golden_cross,-1438.5,74.05,15.33,45.98,-1573.86,0.08
NSE:TATASTEEL,SHORT,465,2024-07-01T13:15:00+05:30,173.96,2024-07-03T09:15:00+05:30,175.37,death_cross,golden_cross,-655.65,243.69,16.24,48.73,-964.31,1.83
NSE:BANKNIFTY,SHORT,1.8781030028754284,2024-07-01T09:15:00+05:30,52396.1,2024-07-03T10:15:00+05:30,53046.9,death_cross,golden_cross,-1222.27,65.77,3.96,19.8,-1311.8,2.04
NSE:ICICIBANK,SHORT,55,2024-07-02T10:15:00+05:30,1195.65,2024-07-04T09:15:00+05:30,1225.95,death_cross,golden_cross,-1666.5,211.26,13.32,39.96,-1931.03,1.96
NSE:SBIN,SHORT,115,2024-07-01T13:15:00+05:30,843.4,2024-07-04T11:15:00+05:30,842.65,death_cross,golden_cross,86.25,278.59,19.39,58.17,-269.89,2.92
NSE:HDFCBANK,LONG,205,2024-07-01T12:15:00+05:30,425.7,2024-07-05T09:15:00+05:30,414.67,golden_cross,death_cross,-2262.17,254.74,17.23,51.68,-2585.82,3.88
NSE:WIPRO,LONG,620,2024-06-25T11:15:00+05:30,123.3,2024-07-05T10:15:00+05:30,132.45,golden_cross,death_cross,5673.0,238.91,15.86,47.57,5370.67,9.96
NSE:BANKNIFTY,LONG,1.829322001986677,2024-07-03T11:15:00+05:30,53078.35,2024-07-05T11:15:00+05:30,52551.05,golden_cross,death_cross,-964.6,65.33,3.86,19.32,-1053.12,2.0
NSE:TATASTEEL,LONG,455,2024-07-03T10:15:00+05:30,175.22,2024-07-05T12:15:00+05:30,174.51,golden_cross,death_cross,-323.05,239.98,15.91,47.74,-626.68,2.08
NSE:WIPRO,SHORT,615,2024-07-05T11:15:00+05:30,133.51,2024-07-05T12:15:00+05:30,133.66,death_cross,golden_cross,-92.25,76.15,16.43,49.29,-234.12,0.04
NSE:BHARTIARTL,SHORT,60,2024-07-02T12:15:00+05:30,1429.4,2024-07-08T10:15:00+05:30,1434.0,death_cross,golden_cross,-276.0,254.06,17.18,51.54,-598.79,5.92
NSE:TCS,LONG,15,2024-06-25T15:15:00+05:30,3840.0,2024-07-08T13:15:00+05:30,3987.9,golden_cross,death_cross,2218.5,193.44,11.74,35.23,1978.09,12.92
NSE:TCS,SHORT,15,2024-07-08T14:15:00+05:30,3994.65,2024-07-09T10:15:00+05:30,4004.15,death_cross,golden_cross,-142.5,196.47,12.0,35.99,-386.96,0.83
NSE:ADANIGREEN,SHORT,50,2024-07-01T10:15:00+05:30,1777.9,2024-07-09T10:15:00+05:30,1776.65,death_cross,golden_cross,62.5,260.62,17.77,53.32,-269.21,8.0
NSE:ADANIGREEN,LONG,50,2024-07-09T11:15:00+05:30,1770.75,2024-07-10T09:15:00+05:30,1753.9,golden_cross,death_cross,-842.5,259.03,17.62,52.87,-1172.02,0.92
NSE:HCLTECH,LONG,50,2024-06-27T14:15:00+05:30,1454.1,2024-07-10T10:15:00+05:30,1492.7,golden_cross,death_cross,1930.0,226.71,14.73,44.2,1644.35,12.83
NSE:RELIANCE,LONG,80,2024-06-26T11:15:00+05:30,741.62,2024-07-10T11:15:00+05:30,788.22,golden_cross,death_cross,3728.0,198.85,12.24,36.72,3480.2,14.0
NSE:SENSEX,LONG,1.1759411552131696,2024-06-24T13:15:00+05:30,77289.95,2024-07-10T11:15:00+05:30,79746.3,golden_cross,death_cross,2888.52,64.73,3.69,18.47,2801.64,15.92
NSE:NIFTY,LONG,4.138932182558439,2024-06-24T15:15:00+05:30,23548.65,2024-07-10T12:15:00+05:30,24279.4,golden_cross,death_cross,3024.52,65.99,3.96,19.8,2934.78,15.88
NSE:INFY,LONG,50,2024-06-18T11:15:00+05:30,1503.0,2024-07-10T12:15:00+05:30,1646.55,golden_cross,death_cross,7177.5,237.58,15.75,47.24,6876.92,22.04
NSE:SBIN,LONG,115,2024-07-04T12:15:00+05:30,840.8,2024-07-10T12:15:00+05:30,848.25,golden_cross,death_cross,856.75,278.91,19.42,58.27,500.14,6.0
NSE:WIPRO,LONG,610,2024-07-05T13:15:00+05:30,133.79,2024-07-10T12:15:00+05:30,133.9,golden_cross,death_cross,67.1,244.58,16.33,48.99,-242.79,4.96
NSE:TATACONSUM,LONG,70,2024-07-02T15:15:00+05:30,1110.0,2024-07-11T11:15:00+05:30,1140.0,golden_cross,death_cross,2100.0,237.99,15.75,47.25,1799.01,8.83
NSE:RELIANCE,SHORT,80,2024-07-10T12:15:00+05:30,788.41,2024-07-11T12:15:00+05:30,801.42,death_cross,golden_cross,-1040.8,204.54,12.72,38.16,-1296.22,1.0
NSE:ICICIBANK,LONG,50,2024-07-04T10:15:00+05:30,1222.1,2024-07-11T12:15:00+05:30,1229.05,golden_cross,death_cross,347.5,199.29,12.26,36.77,99.18,7.08
NSE:SBIN,SHORT,110,2024-07-10T13:15:00+05:30,848.3,2024-07-11T13:15:00+05:30,857.0,death_cross,golden_cross,-957.0,271.65,18.76,56.27,-1303.68,1.0
NSE:HCLTECH,SHORT,50,2024-07-10T11:15:00+05:30,1506.85,2024-07-11T13:15:00+05:30,1521.25,death_cross,golden_cross,-720.0,231.43,15.14,45.42,-1011.99,1.08
NSE:LT,LONG,25,2024-07-02T12:15:00+05:30,3596.1,2024-07-11T13:15:00+05:30,3611.0,golden_cross,death_cross,372.5,263.32,18.02,54.05,37.11,9.04
NSE:INFY,SHORT,50,2024-07-10T13:15:00+05:30,1640.7,2024-07-11T14:15:00+05:30,1652.85,death_cross,golden_cross,-607.5,246.17,16.47,49.4,-919.54,1.04
NSE:NIFTY,SHORT,4.141894394539492,2024-07-10T13:15:00+05:30,24238.25,2024-07-11T15:15:00+05:30,24338.5,death_cross,golden_cross,-415.22,66.11,4.02,20.12,-505.48,1.08
NSE:ICICIBANK,SHORT,50,2024-07-11T13:15:00+05:30,1235.05,2024-07-11T15:15:00+05:30,1240.0,death_cross,golden_cross,-247.5,68.98,12.38,37.13,-365.98,0.08
NSE:HCLTECH,SHORT,50,2024-07-11T14:15:00+05:30,1511.7,2024-07-12T09:15:00+05:30,1526.7,death_cross,golden_cross,-750.0,232.0,15.19,45.58,-1042.77,0.79
NSE:WIPRO,SHORT,610,2024-07-10T13:15:00+05:30,133.1,2024-07-12T09:15:00+05:30,138.43,death_cross,golden_cross,-3248.25,247.43,16.56,49.69,-3561.93,1.83
NSE:BHARTIARTL,LONG,60,2024-07-08T11:15:00+05:30,1432.45,2024-07-12T09:15:00+05:30,1423.6,golden_cross,death_cross,-531.0,253.59,17.14,51.41,-853.14,3.92
NSE:SENSEX,SHORT,1.1741824517159842,2024-07-10T12:15:00+05:30,79784.61,2024-07-12T10:15:00+05:30,80625.41,death_cross,golden_cross,-987.25,64.87,3.77,18.84,-1074.73,1.92
NSE:TCS,SHORT,15,2024-07-09T11:15:00+05:30,3993.0,2024-07-12T10:15:00+05:30,4085.05,death_cross,golden_cross,-1380.75,197.88,12.12,36.35,-1627.1,2.96
NSE:ICICIBANK,SHORT,50,2024-07-12T09:15:00+05:30,1233.65,2024-07-12T10:15:00+05:30,1248.55,death_cross,golden_cross,-745.0,68.99,12.41,37.23,-863.63,0.04
NSE:BANKNIFTY,SHORT,1.8294555604053249,2024-07-05T12:15:00+05:30,52500.55,2024-07-12T11:15:00+05:30,52551.5,death_cross,golden_cross,-93.21,65.28,3.84,19.22,-181.55,6.96
NSE:BHARTIARTL,SHORT,60,2024-07-12T10:15:00+05:30,1439.75,2024-07-12T11:15:00+05:30,1440.6,death_cross,golden_cross,-51.0,77.65,17.28,51.85,-197.78,0.04
NSE:TATACONSUM,SHORT,70,2024-07-11T12:15:00+05:30,1138.75,2024-07-12T13:15:00+05:30,1150.0,death_cross,golden_cross,-787.5,241.22,16.02,48.06,-1092.81,1.04
NSE:BHARTIARTL,LONG,60,2024-07-12T12:15:00+05:30,1433.45,2024-07-12T14:15:00+05:30,1432.7,golden_cross,death_cross,-45.0,77.5,17.2,51.59,-191.29,0.08
NSE:LT,SHORT,25,2024-07-11T14:15:00+05:30,3627.15,2024-07-12T14:15:00+05:30,3643.4,death_cross,golden_cross,-406.25,265.14,18.18,54.53,-744.1,1.0
NSE:ICICIBANK,LONG,50,2024-07-12T11:15:00+05:30,1243.15,2024-07-12T15:15:00+05:30,1234.5,golden_cross,death_cross,-432.5,68.98,12.39,37.16,-551.04,0.17
NSE:BHARTIARTL,SHORT,60,2024-07-12T15:15:00+05:30,1429.9,2024-07-15T10:15:00+05:30,1438.8,death_cross,golden_cross,-534.0,254.44,17.21,51.64,-857.29,2.79
NSE:BHARTIARTL,LONG,55,2024-07-15T11:15:00+05:30,1435.0,2024-07-15T13:15:00+05:30,1433.75,golden_cross,death_cross,-68.75,75.0,15.78,47.33,-206.86,0.08
NSE:ADANIGREEN,SHORT,55,2024-07-10T10:15:00+05:30,1743.05,2024-07-16T09:15:00+05:30,1784.5,death_cross,golden_cross,-2279.75,278.9,19.4,58.2,-2636.25,5.96
NSE:LT,LONG,25,2024-07-12T15:15:00+05:30,3654.45,2024-07-16T10:15:00+05:30,3635.9,golden_cross,death_cross,-463.75,265.7,18.23,54.68,-802.35,3.79
NSE:ICICIBANK,SHORT,50,2024-07-15T09:15:00+05:30,1232.2,2024-07-16T11:15:00+05:30,1239.4,death_cross,golden_cross,-360.0,200.48,12.36,37.07,-609.91,1.08
NSE:RELIANCE,LONG,80,2024-07-11T13:15:00+05:30,793.75,2024-07-16T12:15:00+05:30,790.08,golden_cross,death_cross,-294.0,203.95,12.67,38.01,-548.63,4.96
NSE:ADANIGREEN,LONG,50,2024-07-16T10:15:00+05:30,1777.1,2024-07-18T11:15:00+05:30,1739.45,golden_cross,death_cross,-1882.5,258.66,17.58,52.75,-2211.49,2.04
NSE:LT,SHORT,25,2024-07-16T11:15:00+05:30,3639.05,2024-07-18T12:15:00+05:30,3674.5,death_cross,golden_cross,-886.25,266.37,18.28,54.85,-1225.76,2.04
NSE:LT,LONG,25,2024-07-18T13:15:00+05:30,3674.8,2024-07-19T10:15:00+05:30,3632.4,golden_cross,death_cross,-1060.0,266.21,18.27,54.8,-1399.28,0.88
NSE:BANKNIFTY,LONG,1.8241281023120266,2024-07-12T12:15:00+05:30,52554.65,2024-07-19T11:15:00+05:30,52344.1,golden_cross,death_cross,-384.07,65.18,3.83,19.13,-472.22,6.96
NSE:LT,LONG,25,2024-07-19T11:15:00+05:30,3653.3,2024-07-19T13:15:00+05:30,3626.95,golden_cross,death_cross,-658.75,79.2,18.2,54.6,-810.75,0.08
NSE:NIFTY,LONG,4.100017031309394,2024-07-12T09:15:00+05:30,24362.9,2024-07-19T15:15:00+05:30,24525.85,golden_cross,death_cross,668.1,66.1,4.01,20.04,577.95,7.25
NSE:SENSEX,LONG,1.1496212624955755,2024-07-12T11:15:00+05:30,80557.12,2024-07-22T09:15:00+05:30,80683.58,golden_cross,death_cross,145.38,64.65,3.71,18.54,58.49,9.92
NSE:WIPRO,LONG,560,2024-07-12T10:15:00+05:30,138.55,2024-07-22T09:15:00+05:30,127.62,golden_cross,death_cross,-6118.0,229.23,14.91,44.72,-6406.85,9.96
NSE:HDFCBANK,SHORT,205,2024-07-05T10:15:00+05:30,412.84,2024-07-22T10:15:00+05:30,411.0,death_cross,golden_cross,377.2,250.77,16.89,50.67,58.87,17.0
NSE:ICICIBANK,LONG,45,2024-07-16T12:15:00+05:30,1241.55,2024-07-22T11:15:00+05:30,1240.55,golden_cross,death_cross,-45.0,187.25,11.17,33.51,-276.93,5.96
NSE:SBIN,LONG,110,2024-07-11T14:15:00+05:30,857.0,2024-07-22T13:15:00+05:30,880.1,golden_cross,death_cross,2541.0,275.27,19.11,57.32,2189.29,10.96
NSE:HCLTECH,LONG,50,2024-07-12T10:15:00+05:30,1557.9,2024-07-22T14:15:00+05:30,1576.1,golden_cross,death_cross,910.0,237.19,15.67,47.01,610.13,10.17
NSE:ITC,LONG,165,2024-06-27T14:15:00+05:30,426.4,2024-07-22T15:15:00+05:30,466.3,golden_cross,death_cross,6583.5,226.31,14.73,44.19,6298.27,25.04
NSE:LT,SHORT,25,2024-07-19T14:15:00+05:30,3618.05,2024-07-22T15:15:00+05:30,3651.0,death_cross,golden_cross,-823.75,265.13,18.17,54.52,-1161.57,3.04
NSE:ICICIBANK,SHORT,45,2024-07-22T12:15:00+05:30,1242.4,2024-07-23T10:15:00+05:30,1244.85,death_cross,golden_cross,-110.25,187.51,11.19,33.58,-342.53,0.92
NSE:ITC,SHORT,165,2024-07-23T09:15:00+05:30,469.15,2024-07-23T10:15:00+05:30,475.45,death_cross,golden_cross,-1039.5,74.55,15.59,46.76,-1176.4,0.04
NSE:ADANIGREEN,SHORT,50,2024-07-18T12:15:00+05:30,1739.05,2024-07-23T10:15:00+05:30,1788.15,death_cross,golden_cross,-2455.0,259.29,17.64,52.91,-2784.83,4.92
NSE:BHARTIARTL,LONG,55,2024-07-15T14:15:00+05:30,1436.85,2024-07-23T11:15:00+05:30,1455.55,golden_cross,death_cross,1028.5,239.83,15.91,47.72,725.04,7.88
NSE:LT,LONG,25,2024-07-23T09:15:00+05:30,3692.0,2024-07-23T11:15:00+05:30,3533.0,golden_cross,death_cross,-3975.0,78.59,18.06,54.19,-4125.84,0.08
NSE:HDFCBANK,LONG,205,2024-07-22T11:15:00+05:30,409.96,2024-07-23T14:15:00+05:30,404.35,golden_cross,death_cross,-1151.07,248.72,16.69,50.08,-1466.57,1.12
NSE:HCLTECH,SHORT,50,2024-07-22T15:15:00+05:30,1577.95,2024-07-23T14:15:00+05:30,1597.35,death_cross,golden_cross,-970.0,239.63,15.88,47.63,-1273.13,0.96
NSE:ADANIGREEN,LONG,50,2024-07-23T11:15:00+05:30,1770.05,2024-07-23T15:15:00+05:30,1722.0,golden_cross,death_cross,-2402.5,77.71,17.46,52.38,-2550.05,0.17
NSE:HINDUNILVR,LONG,35,2024-06-27T10:15:00+05:30,2479.45,2024-07-24T13:15:00+05:30,2710.7,golden_cross,death_cross,8093.75,264.38,18.17,54.5,7756.7,27.12
NSE:LT,SHORT,25,2024-07-23T12:15:00+05:30,3521.7,2024-07-25T13:15:00+05:30,3624.45,death_cross,golden_cross,-2568.75,261.85,17.87,53.6,-2902.06,2.04
NSE:ADANIGREEN,SHORT,45,2024-07-24T09:15:00+05:30,1730.2,2024-07-25T14:15:00+05:30,1821.15,death_cross,golden_cross,-4092.75,241.02,15.98,47.94,-4397.7,1.21
NSE:BHARTIARTL,SHORT,55,2024-07-23T12:15:00+05:30,1443.15,2024-07-26T09:15:00+05:30,1487.0,death_cross,golden_cross,-2411.75,242.39,16.12,48.35,-2718.61,2.88
NSE:NIFTY,SHORT,4.0912414466068,2024-07-22T09:15:00+05:30,24556.0,2024-07-26T10:15:00+05:30,24644.8,death_cross,golden_cross,-363.3,66.12,4.03,20.13,-453.58,4.04
NSE:SENSEX,SHORT,1.150010794654777,2024-07-22T10:15:00+05:30,80580.54,2024-07-26T10:15:00+05:30,80700.9,death_cross,golden_cross,-138.42,64.64,3.71,18.55,-225.32,4.0
NSE:WIPRO,SHORT,560,2024-07-22T10:15:00+05:30,127.67,2024-07-26T10:15:00+05:30,129.64,death_cross,golden_cross,-1106.0,223.33,14.41,43.23,-1386.97,4.0
NSE:TATACONSUM,LONG,65,2024-07-12T14:15:00+05:30,1152.2,2024-07-26T10:15:00+05:30,1213.0,golden_cross,death_cross,3952.0,233.67,15.37,46.12,3656.83,13.83
NSE:TATASTEEL,SHORT,455,2024-07-05T13:15:00+05:30,174.36,2024-07-26T11:15:00+05:30,161.9,death_cross,golden_cross,5669.3,232.72,15.3,45.9,5375.38,20.92
NSE:RELIANCE,SHORT,80,2024-07-16T13:15:00+05:30,788.2,2024-07-26T13:15:00+05:30,753.24,death_cross,golden_cross,2796.8,199.95,12.33,36.99,2547.52,10.0
NSE:HDFCBANK,SHORT,205,2024-07-23T15:15:00+05:30,404.15,2024-07-26T15:15:00+05:30,404.07,death_cross,golden_cross,15.37,247.24,16.57,49.71,-298.14,3.0
NSE:BANKNIFTY,SHORT,1.825564625964362,2024-07-19T12:15:00+05:30,52255.4,2024-07-29T09:15:00+05:30,51798.95,death_cross,golden_cross,833.28,65.12,3.8,19.0,745.37,9.88
NSE:SBIN,SHORT,110,2024-07-22T14:15:00+05:30,879.2,2024-07-29T09:15:00+05:30,879.8,death_cross,golden_cross,-66.0,278.15,19.35,58.05,-421.54,6.79
NSE:ICICIBANK,SHORT,45,2024-07-23T11:15:00+05:30,1237.35,2024-07-29T10:15:00+05:30,1236.35,death_cross,golden_cross,45.0,186.82,11.13,33.39,-186.35,5.96
NSE:HDFCBANK,LONG,205,2024-07-29T09:15:00+05:30,403.9,2024-07-29T13:15:00+05:30,400.79,golden_cross,death_cross,-637.55,76.2,16.5,49.49,-779.73,0.17
NSE:HINDUNILVR,SHORT,35,2024-07-24T14:15:00+05:30,2715.0,2024-07-30T09:15:00+05:30,2730.0,death_cross,golden_cross,-525.0,274.94,19.06,57.17,-876.17,5.79
NSE:HDFCBANK,SHORT,205,2024-07-29T14:15:00+05:30,400.89,2024-07-30T12:15:00+05:30,405.62,death_cross,golden_cross,-970.68,246.93,16.53,49.6,-1283.74,0.92
NSE:BHARTIARTL,LONG,55,2024-07-26T10:15:00+05:30,1490.95,2024-07-30T13:15:00+05:30,1465.55,golden_cross,death_cross,-1397.0,243.93,16.26,48.78,-1705.97,4.12
NSE:ITC,LONG,160,2024-07-23T11:15:00+05:30,476.6,2024-07-30T14:15:00+05:30,490.15,golden_cross,death_cross,2168.0,234.85,15.47,46.4,1871.28,7.12
NSE:HINDUNILVR,LONG,35,2024-07-30T10:15:00+05:30,2730.65,2024-07-30T14:15:00+05:30,2691.9,golden_cross,death_cross,-1356.25,80.5,18.98,56.94,-1512.66,0.17
NSE:ICICIBANK,LONG,45,2024-07-29T11:15:00+05:30,1227.5,2024-07-30T15:15:00+05:30,1206.75,golden_cross,death_cross,-933.75,184.93,10.95,32.86,-1162.49,1.17
NSE:RELIANCE,LONG,85,2024-07-26T14:15:00+05:30,753.66,2024-07-31T11:15:00+05:30,753.34,golden_cross,death_cross,-27.62,205.48,12.81,38.43,-284.34,4.88
NSE:BHARTIARTL,SHORT,55,2024-07-30T14:15:00+05:30,1470.9,2024-07-31T11:15:00+05:30,1491.65,death_cross,golden_cross,-1141.25,244.28,16.29,48.88,-1450.71,0.88
NSE:ITC,SHORT,160,2024-07-30T15:15:00+05:30,490.5,2024-07-31T15:15:00+05:30,495.5,death_cross,golden_cross,-800.0,238.5,15.78,47.33,-1101.6,1.0
NSE:ICICIBANK,LONG,45,2024-07-31T09:15:00+05:30,1221.1,2024-08-01T09:15:00+05:30,1213.15,golden_cross,death_cross,-357.75,184.88,10.95,32.86,-586.45,1.0
NSE:INFY,LONG,50,2024-07-11T15:15:00+05:30,1652.0,2024-08-01T10:15:00+05:30,1857.95,golden_cross,death_cross,10297.5,257.38,17.55,52.65,9969.93,20.79
NSE:TATACONSUM,SHORT,65,2024-07-26T11:15:00+05:30,1212.5,2024-08-01T11:15:00+05:30,1213.75,death_cross,golden_cross,-81.25,238.38,15.77,47.31,-382.72,6.0
NSE:ITC,SHORT,155,2024-08-01T09:15:00+05:30,492.05,2024-08-01T12:15:00+05:30,494.85,death_cross,golden_cross,-434.0,74.11,15.3,45.89,-569.3,0.12
NSE:RELIANCE,SHORT,85,2024-07-31T12:15:00+05:30,752.74,2024-08-01T13:15:00+05:30,755.25,death_cross,golden_cross,-213.35,205.58,12.82,38.45,-470.2,1.04
NSE:TATASTEEL,LONG,520,2024-07-26T12:15:00+05:30,162.79,2024-08-01T13:15:00+05:30,162.45,golden_cross,death_cross,-176.8,251.08,16.91,50.74,-495.53,6.04
NSE:HINDUNILVR,SHORT,35,2024-07-30T15:15:00+05:30,2691.4,2024-08-01T13:15:00+05:30,2713.0,death_cross,golden_cross,-756.0,273.38,18.92,56.75,-1105.04,1.92
NSE:SBIN,LONG,110,2024-07-29T10:15:00+05:30,884.75,2024-08-01T15:15:00+05:30,861.9,golden_cross,death_cross,-2513.5,276.82,19.21,57.64,-2867.17,3.21
NSE:BANKNIFTY,LONG,1.8441991414941865,2024-07-29T10:15:00+05:30,52130.35,2024-08-02T09:15:00+05:30,51247.65,golden_cross,death_cross,-1627.87,65.05,3.81,19.06,-1715.81,3.96
NSE:TCS,LONG,15,2024-07-12T11:15:00+05:30,4147.75,2024-08-02T09:15:00+05:30,4331.35,golden_cross,death_cross,2754.0,204.26,12.72,38.16,2498.87,20.92
NSE:ITC,LONG,155,2024-08-01T13:15:00+05:30,495.0,2024-08-02T09:15:00+05:30,490.9,golden_cross,death_cross,-635.5,232.99,15.28,45.84,-929.61,0.83
NSE:WIPRO,LONG,540,2024-07-26T11:15:00+05:30,130.45,2024-08-02T09:15:00+05:30,128.93,golden_cross,death_cross,-823.5,218.83,14.01,42.02,-1098.36,6.92
NSE:LT,LONG,25,2024-07-25T14:15:00+05:30,3621.65,2024-08-02T09:15:00+05:30,3698.1,golden_cross,death_cross,1911.25,266.33,18.3,54.9,1571.72,7.79
NSE:RELIANCE,LONG,85,2024-08-01T14:15:00+05:30,757.58,2024-08-02T10:15:00+05:30,751.12,golden_cross,death_cross,-549.1,205.67,12.82,38.47,-806.07,0.83
NSE:HCLTECH,LONG,45,2024-07-23T15:15:00+05:30,1596.0,2024-08-02T10:15:00+05:30,1620.45,golden_cross,death_cross,1100.25,223.89,14.47,43.42,818.47,9.79
NSE:NIFTY,LONG,4.0591056039976765,2024-07-26T11:15:00+05:30,24639.0,2024-08-02T11:15:00+05:30,24788.7,golden_cross,death_cross,607.65,66.11,4.01,20.06,517.46,7.0
NSE:SENSEX,LONG,1.1456944066295554,2024-07-26T11:15:00+05:30,80688.05,2024-08-02T11:15:00+05:30,81162.04,golden_cross,death_cross,543.05,64.68,3.71,18.54,456.12,7.0
NSE:HINDUNILVR,LONG,35,2024-08-01T14:15:00+05:30,2718.25,2024-08-02T12:15:00+05:30,2694.85,golden_cross,death_cross,-819.0,273.72,18.95,56.84,-1168.51,0.92
NSE:TATACONSUM,LONG,65,2024-08-01T12:15:00+05:30,1202.85,2024-08-02T15:15:00+05:30,1192.4,golden_cross,death_cross,-679.25,236.19,15.57,46.71,-977.72,1.12
NSE:HINDUNILVR,SHORT,35,2024-08-02T13:15:00+05:30,2698.25,2024-08-05T09:15:00+05:30,2733.25,death_cross,golden_cross,-1225.0,274.47,19.01,57.03,-1575.51,2.83
NSE:BHARTIARTL,LONG,50,2024-07-31T12:15:00+05:30,1493.5,2024-08-05T09:15:00+05:30,1473.0,golden_cross,death_cross,-1025.0,228.03,14.83,44.5,-1312.36,4.88
NSE:ADANIGREEN,LONG,40,2024-07-25T15:15:00+05:30,1849.0,2024-08-05T10:15:00+05:30,1794.25,golden_cross,death_cross,-2190.0,225.23,14.57,43.72,-2473.53,10.79
NSE:HDFCBANK,LONG,200,2024-07-30T13:15:00+05:30,407.57,2024-08-05T11:15:00+05:30,403.5,golden_cross,death_cross,-815.0,243.45,16.22,48.66,-1123.33,5.92
NSE:TATACONSUM,LONG,65,2024-08-05T09:15:00+05:30,1204.5,2024-08-05T12:15:00+05:30,1195.75,golden_cross,death_cross,-568.75,74.63,15.6,46.8,-705.79,0.12
NSE:TATACONSUM,LONG,65,2024-08-05T13:15:00+05:30,1202.85,2024-08-05T14:15:00+05:30,1197.35,golden_cross,death_cross,-357.5,74.65,15.6,46.8,-494.56,0.04
NSE:TATACONSUM,LONG,65,2024-08-05T15:15:00+05:30,1202.0,2024-08-06T13:15:00+05:30,1190.35,golden_cross,death_cross,-757.25,235.99,15.55,46.65,-1055.44,0.92
NSE:ITC,SHORT,155,2024-08-02T10:15:00+05:30,489.05,2024-08-07T10:15:00+05:30,492.65,death_cross,golden_cross,-558.0,232.26,15.22,45.65,-851.13,5.0
NSE:HCLTECH,SHORT,45,2024-08-02T11:15:00+05:30,1621.05,2024-08-07T15:15:00+05:30,1598.0,death_cross,golden_cross,1037.25,224.02,14.49,43.46,755.29,5.17
NSE:LT,SHORT,25,2024-08-02T10:15:00+05:30,3695.7,2024-08-07T15:15:00+05:30,3641.2,death_cross,golden_cross,1362.5,266.85,18.34,55.03,1022.28,5.21
NSE:HDFCBANK,SHORT,200,2024-08-05T12:15:00+05:30,403.7,2024-08-08T10:15:00+05:30,409.93,death_cross,golden_cross,-1245.0,244.05,16.27,48.82,-1554.14,2.92
NSE:HINDUNILVR,LONG,30,2024-08-05T10:15:00+05:30,2731.65,2024-08-08T14:15:00+05:30,2731.9,golden_cross,death_cross,7.5,245.27,16.39,49.17,-303.33,3.17
NSE:BANKNIFTY,SHORT,1.8342350790219417,2024-08-02T10:15:00+05:30,51480.9,2024-08-09T09:15:00+05:30,50545.6,death_cross,golden_cross,1715.56,64.9,3.74,18.71,1628.2,6.96
NSE:BHARTIARTL,SHORT,50,2024-08-05T10:15:00+05:30,1460.95,2024-08-09T09:15:00+05:30,1477.6,death_cross,golden_cross,-832.5,226.46,14.69,44.08,-1117.73,3.96
NSE:TCS,SHORT,15,2024-08-02T10:15:00+05:30,4334.35,2024-08-09T10:15:00+05:30,4242.2,death_cross,golden_cross,1382.25,205.98,12.86,38.59,1124.81,7.0
NSE:NIFTY,SHORT,4.058384662383971,2024-08-02T12:15:00+05:30,24770.5,2024-08-09T11:15:00+05:30,24351.75,death_cross,golden_cross,1699.45,66.05,3.99,19.94,1609.48,6.96
NSE:SENSEX,SHORT,1.14536606614307,2024-08-02T12:15:00+05:30,81108.22,2024-08-09T11:15:00+05:30,79667.28,death_cross,golden_cross,1650.4,64.61,3.68,18.41,1563.69,6.96
NSE:RELIANCE,SHORT,85,2024-08-02T11:15:00+05:30,750.5,2024-08-09T12:15:00+05:30,736.75,death_cross,golden_cross,1168.75,203.52,12.64,37.92,914.66,7.04
NSE:SBIN,SHORT,110,2024-08-02T09:15:00+05:30,849.5,2024-08-09T13:15:00+05:30,825.7,death_cross,golden_cross,2618.0,267.7,18.43,55.28,2276.59,7.17
NSE:HCLTECH,SHORT,45,2024-08-08T09:15:00+05:30,1589.05,2024-08-09T14:15:00+05:30,1590.9,death_cross,golden_cross,-83.25,222.15,14.31,42.93,-362.64,1.21
NSE:HINDUNILVR,SHORT,30,2024-08-08T15:15:00+05:30,2730.1,2024-08-09T15:15:00+05:30,2745.0,death_cross,golden_cross,-447.0,245.69,16.43,49.28,-758.39,1.0
NSE:INFY,SHORT,50,2024-08-01T11:15:00+05:30,1854.85,2024-08-12T09:15:00+05:30,1773.3,death_cross,golden_cross,4077.5,264.41,18.14,54.42,3740.53,10.92
NSE:HCLTECH,LONG,45,2024-08-09T15:15:00+05:30,1589.05,2024-08-12T09:15:00+05:30,1579.05,golden_cross,death_cross,-450.0,221.59,14.26,42.77,-728.61,2.75
NSE:HINDUNILVR,SHORT,30,2024-08-12T09:15:00+05:30,2725.7,2024-08-12T11:15:00+05:30,2750.0,death_cross,golden_cross,-729.0,76.07,16.43,49.28,-870.78,0.08
NSE:TATASTEEL,SHORT,515,2024-08-01T14:15:00+05:30,163.01,2024-08-12T13:15:00+05:30,152.86,death_cross,golden_cross,5227.25,243.5,16.27,48.8,4918.68,10.96
NSE:BHARTIARTL,LONG,50,2024-08-09T10:15:00+05:30,1479.7,2024-08-12T13:15:00+05:30,1452.0,golden_cross,death_cross,-1385.0,226.12,14.66,43.98,-1669.76,3.12
NSE:ICICIBANK,SHORT,45,2024-08-01T10:15:00+05:30,1215.0,2024-08-12T14:15:00+05:30,1173.45,death_cross,golden_cross,1869.75,182.42,10.75,32.24,1644.33,11.17
NSE:RELIANCE,LONG,90,2024-08-09T13:15:00+05:30,737.59,2024-08-12T15:15:00+05:30,730.75,golden_cross,death_cross,-615.6,210.03,13.22,39.65,-878.49,3.08
NSE:TCS,LONG,15,2024-08-09T11:15:00+05:30,4238.1,2024-08-12T15:15:00+05:30,4193.1,golden_cross,death_cross,-675.0,203.72,12.65,37.94,-929.3,3.17
NSE:BHARTIARTL,SHORT,50,2024-08-12T14:15:00+05:30,1459.2,2024-08-12T15:15:00+05:30,1463.4,death_cross,golden_cross,-210.0,72.93,14.61,43.84,-341.38,0.04
NSE:ADANIGREEN,SHORT,40,2024-08-05T11:15:00+05:30,1795.95,2024-08-13T09:15:00+05:30,1825.35,death_cross,golden_cross,-1176.0,224.18,14.49,43.46,-1458.12,7.92
NSE:HDFCBANK,LONG,190,2024-08-08T11:15:00+05:30,412.75,2024-08-13T10:15:00+05:30,401.84,golden_cross,death_cross,-2072.9,235.27,15.48,46.43,-2370.08,4.96
NSE:BANKNIFTY,LONG,1.9024507088815719,2024-08-09T10:15:00+05:30,50488.25,2024-08-13T12:15:00+05:30,50036.65,golden_cross,death_cross,-859.15,65.15,3.82,19.12,-947.25,4.08
NSE:NIFTY,LONG,4.194127709645487,2024-08-09T12:15:00+05:30,24351.4,2024-08-13T12:15:00+05:30,24238.1,golden_cross,death_cross,-475.19,66.35,4.08,20.38,-566.0,4.0
NSE:SENSEX,LONG,1.1854779956873314,2024-08-09T12:15:00+05:30,79678.93,2024-08-13T12:15:00+05:30,79277.9,golden_cross,death_cross,-475.41,64.91,3.77,18.84,-562.93,4.0
NSE:SBIN,LONG,115,2024-08-09T14:15:00+05:30,824.65,2024-08-13T12:15:00+05:30,809.55,golden_cross,death_cross,-1736.5,272.1,18.79,56.38,-2083.77,3.92
NSE:TCS,LONG,15,2024-08-13T09:15:00+05:30,4229.1,2024-08-13T13:15:00+05:30,4192.1,golden_cross,death_cross,-555.0,69.4,12.63,37.9,-674.93,0.17
NSE:ICICIBANK,LONG,50,2024-08-12T15:15:00+05:30,1172.5,2024-08-13T13:15:00+05:30,1166.6,golden_cross,death_cross,-295.0,193.12,11.7,35.09,-534.9,0.92
NSE:ITC,LONG,150,2024-08-07T11:15:00+05:30,490.55,2024-08-13T13:15:00+05:30,490.25,golden_cross,death_cross,-45.0,226.62,14.71,44.14,-330.46,6.08
NSE:TCS,SHORT,15,2024-08-13T14:15:00+05:30,4195.05,2024-08-14T09:15:00+05:30,4277.9,death_cross,golden_cross,-1242.75,204.45,12.71,38.13,-1498.04,0.79
NSE:HINDUNILVR,LONG,30,2024-08-12T12:15:00+05:30,2750.45,2024-08-14T09:15:00+05:30,2715.05,golden_cross,death_cross,-1062.0,245.41,16.4,49.19,-1373.0,1.88
NSE:WIPRO,SHORT,535,2024-08-02T10:15:00+05:30,128.75,2024-08-14T10:15:00+05:30,123.09,death_cross,golden_cross,3028.1,212.62,13.47,40.42,2761.58,12.0
NSE:RELIANCE,SHORT,85,2024-08-13T09:15:00+05:30,731.48,2024-08-16T09:15:00+05:30,735.12,death_cross,golden_cross,-309.4,201.68,12.47,37.4,-560.94,3.0
NSE:NIFTY,SHORT,4.205233092935154,2024-08-13T13:15:00+05:30,24152.9,2024-08-16T11:15:00+05:30,24419.8,death_cross,golden_cross,-1122.38,66.36,4.09,20.43,-1213.25,2.92
NSE:RELIANCE,SHORT,85,2024-08-16T10:15:00+05:30,729.72,2024-08-16T11:15:00+05:30,736.33,death_cross,golden_cross,-561.85,69.1,12.46,37.38,-680.79,0.04
NSE:SENSEX,SHORT,1.1882824852773828,2024-08-13T13:15:00+05:30,79018.56,2024-08-16T11:15:00+05:30,80051.09,death_cross,golden_cross,-1226.94,64.92,3.78,18.9,-1314.54,2.92
NSE:ICICIBANK,SHORT,50,2024-08-13T14:15:00+05:30,1167.3,2024-08-16T11:15:00+05:30,1184.95,death_cross,golden_cross,-882.5,193.89,11.76,35.28,-1123.44,2.88
NSE:ITC,SHORT,150,2024-08-13T14:15:00+05:30,489.7,2024-08-16T11:15:00+05:30,497.75,death_cross,golden_cross,-1207.5,227.81,14.81,44.44,-1494.56,2.88
NSE:BANKNIFTY,SHORT,1.903590425576703,2024-08-13T13:15:00+05:30,49961.9,2024-08-16T13:15:00+05:30,50578.9,death_cross,golden_cross,-1174.52,65.15,3.83,19.14,-1262.63,3.0
NSE:SBIN,SHORT,115,2024-08-13T13:15:00+05:30,807.4,2024-08-16T13:15:00+05:30,814.5,death_cross,golden_cross,-816.5,270.46,18.65,55.96,-1161.56,3.0
NSE:TATACONSUM,SHORT,65,2024-08-06T14:15:00+05:30,1184.35,2024-08-16T13:15:00+05:30,1188.9,death_cross,golden_cross,-295.75,234.57,15.43,46.28,-592.03,9.96
NSE:HDFCBANK,SHORT,190,2024-08-13T11:15:00+05:30,402.95,2024-08-16T14:15:00+05:30,408.29,death_cross,golden_cross,-1014.6,234.49,15.41,46.24,-1310.74,3.12
NSE:HINDUNILVR,SHORT,30,2024-08-14T10:15:00+05:30,2732.5,2024-08-16T15:15:00+05:30,2749.0,death_cross,golden_cross,-495.0,245.9,16.44,49.33,-806.68,2.21
NSE:TATASTEEL,SHORT,585,2024-08-12T14:15:00+05:30,151.94,2024-08-19T09:15:00+05:30,151.22,death_cross,golden_cross,421.2,260.17,17.73,53.2,90.09,6.79
NSE:BHARTIARTL,LONG,50,2024-08-13T09:15:00+05:30,1469.6,2024-08-19T14:15:00+05:30,1467.6,golden_cross,death_cross,-100.0,226.33,14.69,44.06,-385.08,6.21
NSE:TATACONSUM,LONG,65,2024-08-16T14:15:00+05:30,1188.5,2024-08-20T10:15:00+05:30,1171.75,golden_cross,death_cross,-1088.75,233.69,15.34,46.02,-1383.81,3.83
NSE:LT,SHORT,25,2024-08-08T09:15:00+05:30,3581.75,2024-08-20T10:15:00+05:30,3568.2,death_cross,golden_cross,338.75,261.73,17.87,53.62,5.52,12.04
NSE:ICICIBANK,LONG,50,2024-08-16T12:15:00+05:30,1185.35,2024-08-21T10:15:00+05:30,1167.25,golden_cross,death_cross,-905.0,193.91,11.76,35.29,-1145.96,4.92
NSE:HDFCBANK,LONG,185,2024-08-16T15:15:00+05:30,407.88,2024-08-21T12:15:00+05:30,405.55,golden_cross,death_cross,-430.12,230.38,15.05,45.15,-720.7,4.88
NSE:TATACONSUM,SHORT,65,2024-08-20T11:15:00+05:30,1167.4,2024-08-21T15:15:00+05:30,1180.0,death_cross,golden_cross,-819.0,232.74,15.26,45.77,-1112.78,1.17
NSE:BHARTIARTL,SHORT,50,2024-08-19T15:15:00+05:30,1470.0,2024-08-22T09:15:00+05:30,1482.75,death_cross,golden_cross,-637.5,227.24,14.76,44.29,-923.79,2.75
NSE:ICICIBANK,SHORT,45,2024-08-21T11:15:00+05:30,1172.8,2024-08-22T10:15:00+05:30,1183.35,death_cross,golden_cross,-474.75,180.99,10.6,31.81,-698.15,0.96
NSE:HDFCBANK,SHORT,185,2024-08-21T13:15:00+05:30,405.54,2024-08-22T11:15:00+05:30,408.25,death_cross,golden_cross,-501.35,230.46,15.06,45.17,-792.03,0.92
NSE:WIPRO,LONG,585,2024-08-14T11:15:00+05:30,122.78,2024-08-23T09:15:00+05:30,128.59,golden_cross,death_cross,3401.77,226.28,14.7,44.11,3116.68,8.92
NSE:HDFCBANK,LONG,180,2024-08-22T12:15:00+05:30,408.7,2024-08-23T11:15:00+05:30,407.37,golden_cross,death_cross,-240.3,226.38,14.69,44.07,-525.43,0.96
NSE:TCS,LONG,15,2024-08-14T10:15:00+05:30,4290.25,2024-08-23T11:15:00+05:30,4465.05,golden_cross,death_cross,2622.0,208.87,13.13,39.4,2360.6,9.04
NSE:HCLTECH,LONG,45,2024-08-12T10:15:00+05:30,1593.2,2024-08-23T11:15:00+05:30,1669.1,golden_cross,death_cross,3415.5,226.01,14.68,44.04,3130.77,11.04
NSE:INFY,LONG,55,2024-08-12T10:15:00+05:30,1790.9,2024-08-23T14:15:00+05:30,1861.8,golden_cross,death_cross,3899.5,286.08,20.09,60.27,3533.06,11.17
NSE:SBIN,LONG,115,2024-08-16T14:15:00+05:30,812.5,2024-08-23T14:15:00+05:30,815.25,golden_cross,death_cross,316.25,271.12,18.72,56.16,-29.74,7.0
NSE:HDFCBANK,SHORT,180,2024-08-23T12:15:00+05:30,406.96,2024-08-26T09:15:00+05:30,411.34,death_cross,golden_cross,-787.5,226.87,14.73,44.19,-1073.28,2.88
NSE:INFY,SHORT,55,2024-08-23T15:15:00+05:30,1865.95,2024-08-26T09:15:00+05:30,1884.45,death_cross,golden_cross,-1017.5,292.42,20.63,61.88,-1392.43,2.75
NSE:SBIN,SHORT,115,2024-08-23T15:15:00+05:30,815.8,2024-08-26T09:15:00+05:30,821.6,death_cross,golden_cross,-667.0,272.42,18.83,56.49,-1014.75,2.75
NSE:TCS,SHORT,15,2024-08-23T12:15:00+05:30,4463.65,2024-08-26T10:15:00+05:30,4518.25,death_cross,golden_cross,-819.0,212.91,13.47,40.42,-1085.8,2.92
NSE:ADANIGREEN,LONG,40,2024-08-13T10:15:00+05:30,1826.15,2024-08-26T10:15:00+05:30,1884.15,golden_cross,death_cross,2320.0,227.88,14.84,44.52,2032.76,13.0
NSE:HCLTECH,SHORT,45,2024-08-23T12:15:00+05:30,1667.4,2024-08-26T11:15:00+05:30,1686.9,death_cross,golden_cross,-877.5,230.93,15.09,45.28,-1168.81,2.96
NSE:WIPRO,SHORT,585,2024-08-23T10:15:00+05:30,128.4,2024-08-26T12:15:00+05:30,130.65,death_cross,golden_cross,-1316.25,231.63,15.15,45.46,-1608.5,3.08
NSE:SBIN,LONG,110,2024-08-26T10:15:00+05:30,820.2,2024-08-26T14:15:00+05:30,815.15,golden_cross,death_cross,-555.5,78.84,17.99,53.97,-706.3,0.17
NSE:ITC,LONG,145,2024-08-16T12:15:00+05:30,498.8,2024-08-27T11:15:00+05:30,501.4,golden_cross,death_cross,377.0,224.26,14.5,43.51,94.73,10.96
NSE:WIPRO,LONG,560,2024-08-26T13:15:00+05:30,130.35,2024-08-27T11:15:00+05:30,129.49,golden_cross,death_cross,-481.6,224.86,14.55,43.65,-764.67,0.92
NSE:HINDUNILVR,LONG,30,2024-08-19T09:15:00+05:30,2750.85,2024-08-27T13:15:00+05:30,2779.15,golden_cross,death_cross,849.0,247.42,16.59,49.77,535.22,8.17
NSE:RELIANCE,LONG,85,2024-08-16T12:15:00+05:30,737.24,2024-08-27T14:15:00+05:30,750.07,golden_cross,death_cross,1090.13,203.53,12.64,37.93,836.03,11.08
NSE:TCS,LONG,15,2024-08-26T11:15:00+05:30,4515.0,2024-08-27T15:15:00+05:30,4491.0,golden_cross,death_cross,-360.0,213.27,13.51,40.53,-627.31,1.17
NSE:TCS,SHORT,15,2024-08-28T09:15:00+05:30,4470.35,2024-08-28T10:15:00+05:30,4517.45,death_cross,golden_cross,-706.5,70.88,13.48,40.45,-831.31,0.04
NSE:WIPRO,SHORT,560,2024-08-27T12:15:00+05:30,129.49,2024-08-28T10:15:00+05:30,132.79,death_cross,golden_cross,-1848.0,226.48,14.69,44.06,-2133.23,0.92
NSE:HDFCBANK,LONG,175,2024-08-26T10:15:00+05:30,410.74,2024-08-28T12:15:00+05:30,408.62,golden_cross,death_cross,-371.88,222.49,14.34,43.02,-651.72,2.08
NSE:TATASTEEL,LONG,590,2024-08-19T10:15:00+05:30,150.65,2024-08-28T13:15:00+05:30,154.24,golden_cross,death_cross,2118.1,262.86,17.99,53.97,1783.28,9.12
NSE:TATACONSUM,LONG,60,2024-08-22T09:15:00+05:30,1204.7,2024-08-28T14:15:00+05:30,1201.95,golden_cross,death_cross,-165.0,223.6,14.44,43.32,-446.36,6.21
NSE:HDFCBANK,LONG,175,2024-08-28T13:15:00+05:30,409.4,2024-08-29T10:15:00+05:30,408.87,golden_cross,death_cross,-93.62,222.26,14.32,42.96,-373.16,0.88
NSE:HDFCBANK,SHORT,175,2024-08-29T11:15:00+05:30,408.73,2024-08-29T12:15:00+05:30,409.62,death_cross,golden_cross,-157.5,72.42,14.32,42.96,-287.2,0.04
NSE:ITC,SHORT,145,2024-08-27T12:15:00+05:30,501.3,2024-08-29T12:15:00+05:30,507.05,death_cross,golden_cross,-833.75,225.67,14.62,43.86,-1117.9,2.0
NSE:HINDUNILVR,SHORT,30,2024-08-27T14:15:00+05:30,2771.1,2024-08-29T12:15:00+05:30,2806.95,death_cross,golden_cross,-1075.5,249.16,16.73,50.2,-1391.6,1.92
NSE:RELIANCE,SHORT,85,2024-08-27T15:15:00+05:30,750.25,2024-08-29T13:15:00+05:30,765.9,death_cross,golden_cross,-1330.25,206.44,12.89,38.66,-1588.24,1.92
NSE:SBIN,SHORT,110,2024-08-26T15:15:00+05:30,815.4,2024-08-30T09:15:00+05:30,818.85,death_cross,golden_cross,-379.5,262.92,17.98,53.93,-714.33,3.75
NSE:HINDUNILVR,SHORT,30,2024-08-29T13:15:00+05:30,2780.0,2024-08-30T09:15:00+05:30,2791.75,death_cross,golden_cross,-352.5,248.9,16.72,50.15,-668.26,0.83
NSE:TATASTEEL,SHORT,590,2024-08-28T14:15:00+05:30,153.69,2024-08-30T11:15:00+05:30,154.4,death_cross,golden_cross,-418.9,265.15,18.18,54.53,-756.76,1.88
NSE:TATASTEEL,LONG,580,2024-08-30T12:15:00+05:30,154.62,2024-08-30T14:15:00+05:30,152.57,golden_cross,death_cross,-1189.0,78.47,17.82,53.45,-1338.74,0.08
NSE:HINDUNILVR,LONG,30,2024-08-30T10:15:00+05:30,2787.55,2024-08-30T14:15:00+05:30,2773.75,golden_cross,death_cross,-414.0,76.56,16.68,50.05,-557.29,0.17
NSE:HDFCBANK,LONG,170,2024-08-29T13:15:00+05:30,409.27,2024-08-30T15:15:00+05:30,406.44,golden_cross,death_cross,-481.95,217.26,13.87,41.6,-754.68,1.08
NSE:HINDUNILVR,SHORT,30,2024-08-30T15:15:00+05:30,2782.4,2024-09-02T09:15:00+05:30,2804.35,death_cross,golden_cross,-658.5,249.42,16.76,50.28,-974.96,2.75
NSE:ADANIGREEN,SHORT,40,2024-08-26T11:15:00+05:30,1885.0,2024-09-02T10:15:00+05:30,1870.85,death_cross,golden_cross,566.0,230.03,15.02,45.07,275.87,6.96
NSE:TATACONSUM,SHORT,60,2024-08-28T15:15:00+05:30,1197.3,2024-09-02T10:15:00+05:30,1208.6,death_cross,golden_cross,-678.0,223.59,14.44,43.31,-959.33,4.79
NSE:LT,LONG,25,2024-08-20T11:15:00+05:30,3570.1,2024-09-02T14:15:00+05:30,3683.65,golden_cross,death_cross,2838.75,264.43,18.13,54.4,2501.78,13.12
NSE:TCS,LONG,15,2024-08-28T11:15:00+05:30,4544.75,2024-09-03T10:15:00+05:30,4521.2,golden_cross,death_cross,-353.25,214.27,13.6,40.8,-621.92,5.96
NSE:TCS,SHORT,15,2024-09-03T11:15:00+05:30,4525.95,2024-09-03T12:15:00+05:30,4543.95,death_cross,golden_cross,-270.0,71.15,13.6,40.81,-395.56,0.04
NSE:LT,SHORT,25,2024-09-02T15:15:00+05:30,3677.8,2024-09-03T12:15:00+05:30,3704.85,death_cross,golden_cross,-676.25,268.28,18.46,55.37,-1018.35,0.88
NSE:TCS,LONG,15,2024-09-03T13:15:00+05:30,4540.55,2024-09-03T14:15:00+05:30,4513.75,golden_cross,death_cross,-402.0,71.09,13.58,40.74,-527.42,0.04
NSE:BHARTIARTL,LONG,45,2024-08-22T10:15:00+05:30,1494.0,2024-09-03T14:15:00+05:30,1559.65,golden_cross,death_cross,2954.25,215.61,13.74,41.22,2683.68,12.17
NSE:RELIANCE,LONG,80,2024-08-29T14:15:00+05:30,759.14,2024-09-03T15:15:00+05:30,754.73,golden_cross,death_cross,-353.2,197.74,12.11,36.33,-599.38,5.04
NSE:TATACONSUM,LONG,60,2024-09-02T11:15:00+05:30,1205.05,2024-09-03T15:15:00+05:30,1197.8,golden_cross,death_cross,-435.0,223.37,14.42,43.25,-716.04,1.17
NSE:HDFCBANK,SHORT,170,2024-09-02T09:15:00+05:30,409.73,2024-09-04T09:15:00+05:30,409.77,death_cross,golden_cross,-8.5,217.94,13.93,41.79,-282.17,2.0
NSE:INFY,LONG,50,2024-08-26T10:15:00+05:30,1882.75,2024-09-04T09:15:00+05:30,1914.65,golden_cross,death_cross,1595.0,274.0,18.99,56.96,1245.05,8.96
NSE:WIPRO,LONG,530,2024-08-28T11:15:00+05:30,133.43,2024-09-04T09:15:00+05:30,131.24,golden_cross,death_cross,-1158.05,219.09,14.03,42.08,-1433.25,6.92
NSE:LT,LONG,25,2024-09-03T13:15:00+05:30,3704.0,2024-09-04T09:15:00+05:30,3654.85,golden_cross,death_cross,-1228.75,267.66,18.4,55.19,-1569.99,0.83
NSE:NIFTY,LONG,4.105869814537893,2024-08-16T12:15:00+05:30,24442.8,2024-09-04T10:15:00+05:30,25128.7,golden_cross,death_cross,2816.22,66.5,4.07,20.35,2725.29,18.92
NSE:RELIANCE,SHORT,80,2024-09-04T09:15:00+05:30,755.76,2024-09-04T11:15:00+05:30,757.4,death_cross,golden_cross,-130.8,68.52,12.11,36.32,-247.74,0.08
NSE:SENSEX,LONG,1.1559028628541228,2024-08-16T12:15:00+05:30,80098.22,2024-09-04T11:15:00+05:30,82161.64,golden_cross,death_cross,2385.11,64.97,3.75,18.76,2297.63,18.96
NSE:SBIN,LONG,110,2024-08-30T10:15:00+05:30,817.8,2024-09-04T12:15:00+05:30,816.4,golden_cross,death_cross,-154.0,262.9,17.98,53.93,-488.8,5.08
NSE:ITC,LONG,140,2024-08-29T13:15:00+05:30,502.7,2024-09-04T14:15:00+05:30,507.2,golden_cross,death_cross,630.0,220.19,14.14,42.42,353.25,6.04
NSE:ITC,SHORT,140,2024-09-04T15:15:00+05:30,507.45,2024-09-05T09:15:00+05:30,509.35,death_cross,golden_cross,-266.0,221.34,14.24,42.71,-544.28,0.75
NSE:SBIN,SHORT,110,2024-09-04T13:15:00+05:30,817.2,2024-09-05T10:15:00+05:30,820.0,death_cross,golden_cross,-308.0,263.28,18.01,54.03,-643.31,0.88
NSE:HCLTECH,LONG,45,2024-08-26T12:15:00+05:30,1701.0,2024-09-05T10:15:00+05:30,1773.0,golden_cross,death_cross,3240.0,236.6,15.63,46.9,2940.86,9.92
NSE:RELIANCE,LONG,80,2024-09-04T12:15:00+05:30,756.84,2024-09-05T12:15:00+05:30,753.62,golden_cross,death_cross,-257.2,197.43,12.08,36.25,-502.96,1.0
NSE:HCLTECH,SHORT,45,2024-09-05T11:15:00+05:30,1772.95,2024-09-05T15:15:00+05:30,1794.6,death_cross,golden_cross,-974.25,75.38,16.05,48.16,-1113.85,0.17
NSE:BANKNIFTY,LONG,1.8573014524102796,2024-08-16T14:15:00+05:30,50529.3,2024-09-06T09:15:00+05:30,50987.5,golden_cross,death_cross,851.02,64.99,3.77,18.85,763.4,20.79
NSE:SBIN,LONG,110,2024-09-05T11:15:00+05:30,821.5,2024-09-06T09:15:00+05:30,797.35,golden_cross,death_cross,-2656.5,261.21,17.81,53.42,-2988.94,0.92
NSE:ADANIGREEN,LONG,40,2024-09-02T11:15:00+05:30,1866.9,2024-09-06T09:15:00+05:30,1882.0,golden_cross,death_cross,604.0,229.72,15.0,44.99,314.3,3.92
NSE:ICICIBANK,LONG,45,2024-08-22T11:15:00+05:30,1185.85,2024-09-06T10:15:00+05:30,1221.7,golden_cross,death_cross,1613.25,183.4,10.83,32.5,1386.52,14.96
NSE:ITC,LONG,140,2024-09-05T10:15:00+05:30,510.1,2024-09-06T10:15:00+05:30,501.45,golden_cross,death_cross,-1211.0,220.59,14.16,42.49,-1488.24,1.0
NSE:HDFCBANK,LONG,170,2024-09-04T10:15:00+05:30,410.24,2024-09-09T09:15:00+05:30,409.57,golden_cross,death_cross,-113.05,218.01,13.94,41.81,-386.81,4.96
NSE:HDFCBANK,LONG,170,2024-09-09T10:15:00+05:30,410.88,2024-09-09T12:15:00+05:30,408.88,golden_cross,death_cross,-340.0,71.72,13.94,41.81,-467.46,0.08
NSE:ITC,SHORT,135,2024-09-06T11:15:00+05:30,503.85,2024-09-09T13:15:00+05:30,512.15,death_cross,golden_cross,-1120.5,215.63,13.72,41.15,-1390.99,3.08
NSE:HDFCBANK,SHORT,165,2024-09-09T13:15:00+05:30,410.18,2024-09-09T14:15:00+05:30,411.79,death_cross,golden_cross,-266.48,71.07,13.56,40.69,-391.8,0.04
NSE:TATACONSUM,SHORT,60,2024-09-04T09:15:00+05:30,1187.25,2024-09-09T14:15:00+05:30,1194.4,death_cross,golden_cross,-429.0,221.96,14.29,42.87,-708.11,5.21
NSE:ICICIBANK,SHORT,45,2024-09-06T11:15:00+05:30,1217.65,2024-09-09T15:15:00+05:30,1233.45,death_cross,golden_cross,-711.0,185.75,11.03,33.09,-940.87,3.17
NSE:BHARTIARTL,SHORT,45,2024-09-03T15:15:00+05:30,1559.05,2024-09-10T10:15:00+05:30,1554.95,death_cross,golden_cross,184.5,218.83,14.01,42.04,-90.38,6.79
NSE:TCS,SHORT,15,2024-09-03T15:15:00+05:30,4512.65,2024-09-10T11:15:00+05:30,4500.8,death_cross,golden_cross,177.75,213.36,13.52,40.56,-89.69,6.83
NSE:BANKNIFTY,SHORT,1.8580181623892453,2024-09-06T10:15:00+05:30,50919.45,2024-09-10T12:15:00+05:30,51264.45,death_cross,golden_cross,-641.02,65.03,3.8,18.99,-728.83,4.08
NSE:SENSEX,SHORT,1.1540684671987544,2024-09-04T12:15:00+05:30,82210.48,2024-09-10T12:15:00+05:30,82095.72,death_cross,golden_cross,132.44,65.05,3.79,18.96,44.64,6.0
NSE:INFY,SHORT,50,2024-09-04T10:15:00+05:30,1907.5,2024-09-10T12:15:00+05:30,1933.75,death_cross,golden_cross,-1312.5,276.65,19.21,57.62,-1665.98,6.08
NSE:NIFTY,SHORT,4.101037675751119,2024-09-04T11:15:00+05:30,25134.15,2024-09-10T13:15:00+05:30,25114.0,death_cross,golden_cross,82.64,66.59,4.12,20.61,-8.69,6.08
NSE:HCLTECH,SHORT,45,2024-09-06T09:15:00+05:30,1754.35,2024-09-10T13:15:00+05:30,1781.9,death_cross,golden_cross,-1239.75,240.05,15.91,47.74,-1543.46,4.17
NSE:WIPRO,SHORT,530,2024-09-04T10:15:00+05:30,129.69,2024-09-10T14:15:00+05:30,131.51,death_cross,golden_cross,-967.25,217.04,13.84,41.53,-1239.66,6.17
NSE:INFY,LONG,50,2024-09-10T13:15:00+05:30,1928.55,2024-09-11T09:15:00+05:30,1910.0,golden_cross,death_cross,-927.5,276.47,19.19,57.58,-1280.75,0.83
NSE:INFY,SHORT,50,2024-09-11T10:15:00+05:30,1912.25,2024-09-11T11:15:00+05:30,1923.0,death_cross,golden_cross,-537.5,80.93,19.18,57.53,-695.14,0.04
NSE:NIFTY,LONG,4.115626769022243,2024-09-10T14:15:00+05:30,25042.95,2024-09-11T14:15:00+05:30,24900.65,golden_cross,death_cross,-585.65,66.51,4.11,20.55,-676.83,1.0
NSE:INFY,LONG,50,2024-09-11T12:15:00+05:30,1924.5,2024-09-11T14:15:00+05:30,1907.25,golden_cross,death_cross,-862.5,80.87,19.16,57.48,-1020.0,0.08
NSE:WIPRO,LONG,515,2024-09-10T15:15:00+05:30,131.31,2024-09-11T14:15:00+05:30,128.43,golden_cross,death_cross,-1488.35,211.89,13.38,40.13,-1753.74,0.96
NSE:BANKNIFTY,LONG,1.8294302961974114,2024-09-10T13:15:00+05:30,51317.95,2024-09-11T15:15:00+05:30,51094.5,golden_cross,death_cross,-408.79,64.81,3.75,18.74,-496.08,1.08
NSE:SENSEX,LONG,1.1555155481670205,2024-09-10T13:15:00+05:30,82146.04,2024-09-11T15:15:00+05:30,81586.36,golden_cross,death_cross,-646.72,64.97,3.78,18.92,-734.39,1.08
NSE:INFY,SHORT,50,2024-09-11T15:15:00+05:30,1912.95,2024-09-12T09:15:00+05:30,1923.05,death_cross,golden_cross,-505.0,276.3,19.18,57.54,-858.02,0.75
NSE:TCS,LONG,15,2024-09-10T12:15:00+05:30,4531.2,2024-09-12T10:15:00+05:30,4461.35,golden_cross,death_cross,-1047.75,213.1,13.49,40.47,-1314.81,1.92
NSE:INFY,LONG,50,2024-09-12T10:15:00+05:30,1917.3,2024-09-12T12:15:00+05:30,1913.85,golden_cross,death_cross,-172.5,80.94,19.16,57.47,-330.06,0.08
NSE:NIFTY,SHORT,4.103616974123205,2024-09-11T15:15:00+05:30,24951.8,2024-09-12T13:15:00+05:30,25204.7,death_cross,golden_cross,-1037.8,66.51,4.12,20.58,-1129.02,0.92
NSE:SENSEX,SHORT,1.151585897919874,2024-09-12T09:15:00+05:30,81790.54,2024-09-12T13:15:00+05:30,82373.86,death_cross,golden_cross,-671.74,64.95,3.78,18.9,-759.38,0.17
NSE:WIPRO,SHORT,510,2024-09-11T15:15:00+05:30,129.0,2024-09-12T13:15:00+05:30,132.0,death_cross,golden_cross,-1530.0,211.16,13.31,39.93,-1794.4,0.92
NSE:TATASTEEL,SHORT,575,2024-08-30T15:15:00+05:30,153.3,2024-09-12T14:15:00+05:30,151.8,death_cross,golden_cross,862.5,258.01,17.54,52.63,534.32,12.96
NSE:RELIANCE,SHORT,80,2024-09-05T13:15:00+05:30,751.83,2024-09-12T15:15:00+05:30,738.25,death_cross,golden_cross,1086.0,195.51,11.92,35.76,842.8,7.08
NSE:TCS,SHORT,15,2024-09-12T11:15:00+05:30,4454.15,2024-09-12T15:15:00+05:30,4495.3,death_cross,golden_cross,-617.25,70.79,13.42,40.27,-741.74,0.17
NSE:LT,SHORT,25,2024-09-04T10:15:00+05:30,3643.8,2024-09-12T15:15:00+05:30,3620.05,death_cross,golden_cross,593.75,264.88,18.16,54.48,256.23,8.21
NSE:SBIN,SHORT,110,2024-09-06T10:15:00+05:30,789.45,2024-09-13T09:15:00+05:30,788.15,death_cross,golden_cross,143.0,255.96,17.35,52.06,-182.37,6.96
NSE:HINDUNILVR,LONG,30,2024-09-02T10:15:00+05:30,2803.7,2024-09-16T10:15:00+05:30,2863.0,golden_cross,death_cross,1779.0,251.91,17.0,51.0,1459.09,14.0
NSE:ADANIGREEN,SHORT,40,2024-09-06T10:15:00+05:30,1888.85,2024-09-16T10:15:00+05:30,1903.15,death_cross,golden_cross,-572.0,231.72,15.17,45.5,-864.4,10.0
NSE:ITC,LONG,135,2024-09-09T14:15:00+05:30,511.9,2024-09-16T11:15:00+05:30,511.75,golden_cross,death_cross,-20.25,216.69,13.82,41.46,-292.22,6.88
NSE:SBIN,LONG,110,2024-09-13T10:15:00+05:30,788.9,2024-09-17T10:15:00+05:30,783.2,golden_cross,death_cross,-627.0,255.34,17.29,51.88,-951.51,4.0
NSE:INFY,LONG,50,2024-09-12T13:15:00+05:30,1932.6,2024-09-18T09:15:00+05:30,1898.55,golden_cross,death_cross,-1702.5,276.12,19.16,57.47,-2055.24,5.83
NSE:TCS,LONG,15,2024-09-13T09:15:00+05:30,4512.55,2024-09-18T09:15:00+05:30,4386.8,golden_cross,death_cross,-1886.25,211.61,13.35,40.05,-2151.26,5.0
NSE:HCLTECH,LONG,45,2024-09-10T14:15:00+05:30,1780.8,2024-09-18T09:15:00+05:30,1772.05,golden_cross,death_cross,-393.75,240.82,15.99,47.96,-698.52,7.79
NSE:SBIN,SHORT,110,2024-09-17T11:15:00+05:30,783.3,2024-09-18T10:15:00+05:30,792.9,death_cross,golden_cross,-1056.0,255.88,17.34,52.01,-1381.23,0.96
NSE:TATASTEEL,LONG,585,2024-09-12T15:15:00+05:30,151.8,2024-09-18T10:15:00+05:30,151.68,golden_cross,death_cross,-70.2,260.42,17.75,53.26,-401.63,5.79
NSE:WIPRO,LONG,485,2024-09-12T14:15:00+05:30,132.56,2024-09-18T11:15:00+05:30,134.49,golden_cross,death_cross,933.63,206.99,12.95,38.86,674.83,5.88
NSE:TATACONSUM,LONG,60,2024-09-09T15:15:00+05:30,1190.65,2024-09-18T11:15:00+05:30,1206.0,golden_cross,death_cross,921.0,222.85,14.38,43.14,640.63,8.83
NSE:RELIANCE,LONG,85,2024-09-13T09:15:00+05:30,739.9,2024-09-18T13:15:00+05:30,731.62,golden_cross,death_cross,-704.22,202.17,12.51,37.52,-956.43,5.17
NSE:HINDUNILVR,SHORT,30,2024-09-16T11:15:00+05:30,2849.85,2024-09-19T10:15:00+05:30,2928.45,death_cross,golden_cross,-2358.0,255.94,17.33,52.0,-2683.28,2.96
NSE:TATACONSUM,SHORT,60,2024-09-18T12:15:00+05:30,1202.7,2024-09-19T12:15:00+05:30,1215.1,death_cross,golden_cross,-744.0,224.39,14.51,43.52,-1026.42,1.0
NSE:RELIANCE,SHORT,80,2024-09-18T14:15:00+05:30,731.25,2024-09-20T09:15:00+05:30,738.75,death_cross,golden_cross,-600.0,193.86,11.76,35.28,-840.9,1.79
NSE:ITC,SHORT,130,2024-09-16T12:15:00+05:30,511.8,2024-09-20T10:15:00+05:30,514.75,death_cross,golden_cross,-383.5,211.45,13.35,40.04,-648.33,3.92
NSE:TATASTEEL,SHORT,585,2024-09-18T11:15:00+05:30,151.3,2024-09-20T11:15:00+05:30,152.76,death_cross,golden_cross,-854.1,260.85,17.79,53.36,-1186.1,2.0
NSE:SBIN,LONG,105,2024-09-18T11:15:00+05:30,792.8,2024-09-20T14:15:00+05:30,781.35,golden_cross,death_cross,-1202.25,246.89,16.53,49.59,-1515.25,2.12
NSE:SBIN,SHORT,105,2024-09-20T15:15:00+05:30,784.5,2024-09-23T10:15:00+05:30,803.0,death_cross,golden_cross,-1942.5,248.5,16.67,50.01,-2257.68,2.79
NSE:TATACONSUM,LONG,60,2024-09-19T13:15:00+05:30,1213.45,2024-09-24T10:15:00+05:30,1215.85,golden_cross,death_cross,144.0,225.09,14.58,43.73,-139.39,4.88
NSE:HCLTECH,SHORT,45,2024-09-18T10:15:00+05:30,1767.85,2024-09-24T13:15:00+05:30,1767.0,death_cross,golden_cross,38.25,239.89,15.91,47.72,-265.27,6.12
NSE:WIPRO,SHORT,485,2024-09-18T12:15:00+05:30,133.9,2024-09-24T14:15:00+05:30,134.78,death_cross,golden_cross,-424.38,207.96,13.03,39.09,-684.46,6.08
NSE:HINDUNILVR,LONG,25,2024-09-19T11:15:00+05:30,2918.55,2024-09-25T09:15:00+05:30,2927.7,golden_cross,death_cross,228.75,225.53,14.62,43.85,-55.24,5.92
NSE:SBIN,LONG,100,2024-09-23T11:15:00+05:30,803.5,2024-09-25T11:15:00+05:30,792.8,golden_cross,death_cross,-1070.0,240.6,15.96,47.89,-1374.45,2.0
NSE:WIPRO,LONG,475,2024-09-24T15:15:00+05:30,134.75,2024-09-25T11:15:00+05:30,133.01,golden_cross,death_cross,-824.13,204.53,12.72,38.16,-1079.53,0.83
NSE:INFY,SHORT,50,2024-09-18T10:15:00+05:30,1895.25,2024-09-26T09:15:00+05:30,1914.5,death_cross,golden_cross,-962.5,274.88,19.05,57.15,-1313.57,7.96
NSE:WIPRO,SHORT,475,2024-09-25T12:15:00+05:30,132.97,2024-09-26T09:15:00+05:30,135.28,death_cross,golden_cross,-1092.5,204.8,12.74,38.23,-1348.27,0.88
NSE:TCS,SHORT,15,2024-09-18T10:15:00+05:30,4376.15,2024-09-26T11:15:00+05:30,4290.9,death_cross,golden_cross,1278.75,207.5,13.0,39.0,1019.25,8.04
NSE:LT,LONG,25,2024-09-13T09:15:00+05:30,3612.6,2024-09-26T12:15:00+05:30,3747.95,golden_cross,death_cross,3383.75,267.36,18.4,55.2,3042.79,13.12
NSE:SBIN,SHORT,100,2024-09-25T12:15:00+05:30,790.6,2024-09-26T13:15:00+05:30,800.45,death_cross,golden_cross,-985.0,240.01,15.91,47.73,-1288.65,1.04
NSE:HINDUNILVR,SHORT,25,2024-09-25T10:15:00+05:30,2918.45,2024-09-26T14:15:00+05:30,2985.25,death_cross,golden_cross,-1670.0,227.26,14.76,44.28,-1956.3,1.17
NSE:TATACONSUM,SHORT,60,2024-09-24T11:15:00+05:30,1214.95,2024-09-27T09:15:00+05:30,1206.7,death_cross,golden_cross,495.0,224.55,14.53,43.59,212.33,2.92
NSE:BHARTIARTL,LONG,45,2024-09-10T11:15:00+05:30,1567.9,2024-09-27T12:15:00+05:30,1730.0,golden_cross,death_cross,7294.5,227.49,14.84,44.52,7007.64,17.04
NSE:HDFCBANK,LONG,165,2024-09-09T15:15:00+05:30,411.21,2024-09-27T13:15:00+05:30,439.7,golden_cross,death_cross,4700.03,218.79,14.04,42.12,4425.07,17.92
NSE:ICICIBANK,LONG,45,2024-09-10T09:15:00+05:30,1230.7,2024-09-27T13:15:00+05:30,1315.8,golden_cross,death_cross,3829.5,190.18,11.46,34.38,3593.48,17.17
NSE:BANKNIFTY,LONG,1.8248205402569488,2024-09-12T09:15:00+05:30,51176.55,2024-09-27T14:15:00+05:30,53833.0,golden_cross,death_cross,4847.54,65.49,3.83,19.16,4759.06,15.21
NSE:ADANIGREEN,LONG,40,2024-09-16T11:15:00+05:30,1918.7,2024-09-27T14:15:00+05:30,1973.9,golden_cross,death_cross,2208.0,235.99,15.57,46.71,1909.73,11.12
NSE:SBIN,LONG,95,2024-09-26T14:15:00+05:30,801.25,2024-09-30T10:15:00+05:30,790.55,golden_cross,death_cross,-1016.5,231.25,15.12,45.37,-1308.24,3.83
NSE:NIFTY,LONG,3.9845441836453412,2024-09-12T14:15:00+05:30,25414.95,2024-09-30T11:15:00+05:30,25895.15,golden_cross,death_cross,1913.38,66.54,4.09,20.44,1822.31,17.88
NSE:SENSEX,LONG,1.124705982816732,2024-09-12T14:15:00+05:30,83072.13,2024-09-30T11:15:00+05:30,84595.59,golden_cross,death_cross,1713.44,65.03,3.77,18.86,1625.78,17.88
NSE:INFY,LONG,45,2024-09-26T10:15:00+05:30,1910.3,2024-09-30T11:15:00+05:30,1884.05,golden_cross,death_cross,-1181.25,252.96,17.07,51.22,-1502.5,4.04
NSE:TCS,LONG,15,2024-09-26T12:15:00+05:30,4286.5,2024-09-30T11:15:00+05:30,4272.7,golden_cross,death_cross,-207.0,205.81,12.84,38.52,-464.17,3.96
NSE:TATACONSUM,LONG,60,2024-09-27T10:15:00+05:30,1210.95,2024-09-30T11:15:00+05:30,1198.8,golden_cross,death_cross,-729.0,223.85,14.46,43.38,-1010.69,3.04
NSE:RELIANCE,LONG,80,2024-09-20T10:15:00+05:30,743.79,2024-09-30T12:15:00+05:30,743.62,golden_cross,death_cross,-14.0,195.36,11.9,35.7,-256.96,10.08
NSE:ITC,LONG,130,2024-09-20T11:15:00+05:30,514.5,2024-09-30T12:15:00+05:30,515.85,golden_cross,death_cross,175.5,211.96,13.39,40.18,-90.04,10.04
NSE:HINDUNILVR,LONG,25,2024-09-26T15:15:00+05:30,2990.9,2024-09-30T12:15:00+05:30,2956.0,golden_cross,death_cross,-872.5,228.4,14.87,44.6,-1160.37,3.88
NSE:INFY,SHORT,45,2024-09-30T12:15:00+05:30,1881.15,2024-10-01T15:15:00+05:30,1906.0,death_cross,golden_cross,-1118.25,252.59,17.04,51.13,-1439.01,1.12
NSE:SBIN,SHORT,95,2024-09-30T11:15:00+05:30,792.7,2024-10-03T09:15:00+05:30,800.55,death_cross,golden_cross,-745.75,231.38,15.14,45.41,-1037.67,2.92
NSE:WIPRO,LONG,455,2024-09-26T10:15:00+05:30,134.97,2024-10-03T10:15:00+05:30,133.68,golden_cross,death_cross,-591.5,199.01,12.22,36.67,-839.4,7.0
NSE:INFY,LONG,45,2024-10-03T09:15:00+05:30,1904.45,2024-10-03T11:15:00+05:30,1883.95,golden_cross,death_cross,-922.5,77.14,17.05,51.14,-1067.83,0.08
NSE:HCLTECH,LONG,40,2024-09-24T14:15:00+05:30,1774.0,2024-10-03T11:15:00+05:30,1781.2,golden_cross,death_cross,288.0,221.13,14.22,42.66,9.98,8.88
NSE:SBIN,LONG,95,2024-10-03T10:15:00+05:30,802.5,2024-10-03T12:15:00+05:30,788.05,golden_cross,death_cross,-1372.75,73.68,15.11,45.33,-1506.87,0.08
NSE:INFY,SHORT,45,2024-10-03T12:15:00+05:30,1895.2,2024-10-04T09:15:00+05:30,1907.55,death_cross,golden_cross,-555.75,253.33,17.11,51.34,-877.53,0.88
NSE:SBIN,SHORT,90,2024-10-03T13:15:00+05:30,790.65,2024-10-04T10:15:00+05:30,802.5,death_cross,golden_cross,-1066.5,222.54,14.34,43.02,-1346.39,0.88
NSE:TATASTEEL,LONG,570,2024-09-20T12:15:00+05:30,152.88,2024-10-07T09:15:00+05:30,165.6,golden_cross,death_cross,7250.4,264.31,18.15,54.46,6913.48,16.88
NSE:SBIN,LONG,90,2024-10-04T11:15:00+05:30,809.05,2024-10-07T10:15:00+05:30,784.25,golden_cross,death_cross,-2232.0,222.64,14.34,43.02,-2512.0,2.96
NSE:TCS,SHORT,15,2024-09-30T12:15:00+05:30,4265.8,2024-10-07T14:15:00+05:30,4273.55,death_cross,golden_cross,-116.25,205.48,12.81,38.43,-372.96,7.08
NSE:TCS,LONG,15,2024-10-07T15:15:00+05:30,4274.0,2024-10-08T09:15:00+05:30,4212.0,golden_cross,death_cross,-930.0,204.65,12.73,38.19,-1185.56,0.75
NSE:TCS,SHORT,15,2024-10-08T10:15:00+05:30,4229.9,2024-10-09T09:15:00+05:30,4272.0,death_cross,golden_cross,-631.5,204.89,12.75,38.26,-887.4,0.96
NSE:HCLTECH,SHORT,40,2024-10-03T12:15:00+05:30,1779.65,2024-10-09T09:15:00+05:30,1812.45,death_cross,golden_cross,-1312.0,222.89,14.37,43.11,-1592.37,5.88
NSE:LT,SHORT,25,2024-09-26T13:15:00+05:30,3745.0,2024-10-09T09:15:00+05:30,3552.0,death_cross,golden_cross,4825.0,265.48,18.24,54.73,4486.55,12.83
NSE:SBIN,SHORT,90,2024-10-07T11:15:00+05:30,786.6,2024-10-09T10:15:00+05:30,801.0,death_cross,golden_cross,-1296.0,222.0,14.29,42.87,-1575.16,1.96
NSE:BHARTIARTL,SHORT,45,2024-09-27T13:15:00+05:30,1727.45,2024-10-09T10:15:00+05:30,1700.55,death_cross,golden_cross,1210.5,234.46,15.43,46.28,914.34,11.88
NSE:ADANIGREEN,SHORT,40,2024-09-27T15:15:00+05:30,1978.0,2024-10-09T11:15:00+05:30,1812.45,death_cross,golden_cross,6622.0,231.12,15.16,45.49,6330.24,11.83
NSE:WIPRO,SHORT,460,2024-10-03T11:15:00+05:30,132.72,2024-10-09T13:15:00+05:30,133.25,death_cross,golden_cross,-246.1,199.1,12.23,36.7,-494.14,6.08
NSE:ADANIGREEN,LONG,45,2024-10-09T12:15:00+05:30,1808.05,2024-10-09T14:15:00+05:30,1783.55,golden_cross,death_cross,-1102.5,75.56,16.16,48.49,-1242.71,0.08
NSE:LT,LONG,25,2024-10-09T10:15:00+05:30,3541.1,2024-10-09T14:15:00+05:30,3483.7,golden_cross,death_cross,-1435.0,77.99,17.56,52.69,-1583.24,0.17
NSE:BANKNIFTY,SHORT,1.8228685001530198,2024-09-27T15:15:00+05:30,53834.3,2024-10-10T13:15:00+05:30,51566.2,death_cross,golden_cross,4134.45,65.5,3.84,19.21,4045.9,12.92
NSE:TCS,LONG,15,2024-10-09T10:15:00+05:30,4260.0,2024-10-10T13:15:00+05:30,4230.0,golden_cross,death_cross,-450.0,204.68,12.74,38.2,-705.62,1.12
NSE:WIPRO,LONG,455,2024-10-09T14:15:00+05:30,132.69,2024-10-10T13:15:00+05:30,131.5,golden_cross,death_cross,-541.45,196.75,12.02,36.06,-786.28,0.96
NSE:INFY,LONG,45,2024-10-04T10:15:00+05:30,1938.4,2024-10-10T14:15:00+05:30,1919.1,golden_cross,death_cross,-868.5,256.09,17.36,52.08,-1194.03,6.17
NSE:HDFCBANK,SHORT,165,2024-09-27T14:15:00+05:30,437.75,2024-10-10T15:15:00+05:30,415.25,death_cross,golden_cross,3712.5,219.25,14.07,42.22,3436.95,13.04
NSE:BHARTIARTL,LONG,45,2024-10-09T11:15:00+05:30,1692.15,2024-10-11T10:15:00+05:30,1673.75,golden_cross,death_cross,-828.0,231.5,15.15,45.44,-1120.09,1.96
NSE:BANKNIFTY,LONG,1.9826056906936387,2024-10-10T14:15:00+05:30,51531.5,2024-10-11T11:15:00+05:30,51087.9,golden_cross,death_cross,-879.48,73.89,4.07,20.35,-977.79,0.88
NSE:BANKNIFTY,SHORT,1.9776611136352111,2024-10-11T12:15:00+05:30,51167.4,2024-10-14T09:15:00+05:30,51617.2,death_cross,golden_cross,-889.55,73.87,4.07,20.33,-987.81,2.88
NSE:WIPRO,SHORT,455,2024-10-10T14:15:00+05:30,131.22,2024-10-14T09:15:00+05:30,134.64,death_cross,golden_cross,-1558.37,197.67,12.1,36.29,-1804.43,3.79
NSE:LT,SHORT,25,2024-10-09T15:15:00+05:30,3491.8,2024-10-14T09:15:00+05:30,3548.6,death_cross,golden_cross,-1420.0,258.82,17.6,52.8,-1749.23,4.75
NSE:INFY,SHORT,45,2024-10-10T15:15:00+05:30,1917.55,2024-10-14T10:15:00+05:30,1952.95,death_cross,golden_cross,-1593.0,256.79,17.42,52.25,-1919.46,3.79
NSE:NIFTY,SHORT,3.983593499392936,2024-09-30T12:15:00+05:30,25877.1,2024-10-14T11:15:00+05:30,25154.6,death_cross,golden_cross,2878.15,66.48,4.07,20.33,2787.27,13.96
NSE:SENSEX,SHORT,1.1247483473675346,2024-09-30T12:15:00+05:30,84510.14,2024-10-14T11:15:00+05:30,82043.57,death_cross,golden_cross,2774.27,64.97,3.75,18.73,2686.82,13.96
NSE:HINDUNILVR,SHORT,25,2024-09-30T13:15:00+05:30,2952.6,2024-10-14T13:15:00+05:30,2792.45,death_cross,golden_cross,4003.75,222.43,14.36,43.09,3723.87,14.0
NSE:ITC,SHORT,130,2024-09-30T13:15:00+05:30,516.05,2024-10-14T15:15:00+05:30,496.75,death_cross,golden_cross,2509.0,209.25,13.17,39.5,2247.08,14.08
NSE:ICICIBANK,SHORT,45,2024-09-27T14:15:00+05:30,1307.15,2024-10-15T10:15:00+05:30,1244.75,death_cross,golden_cross,2808.0,190.53,11.48,34.45,2571.54,17.83
NSE:HINDUNILVR,LONG,30,2024-10-14T14:15:00+05:30,2788.95,2024-10-15T10:15:00+05:30,2782.55,golden_cross,death_cross,-192.0,248.88,16.71,50.14,-507.74,0.83
NSE:HINDUNILVR,SHORT,30,2024-10-15T11:15:00+05:30,2784.0,2024-10-15T12:15:00+05:30,2790.8,death_cross,golden_cross,-204.0,76.65,16.72,50.17,-347.55,0.04
NSE:HINDUNILVR,LONG,30,2024-10-15T13:15:00+05:30,2790.75,2024-10-16T09:15:00+05:30,2775.15,golden_cross,death_cross,-468.0,248.71,16.7,50.09,-783.51,0.83
NSE:NIFTY,LONG,4.21672515988495,2024-10-14T12:15:00+05:30,25105.45,2024-10-16T10:15:00+05:30,25015.1,golden_cross,death_cross,-380.98,74.98,4.23,21.13,-481.32,1.92
NSE:WIPRO,LONG,430,2024-10-14T10:15:00+05:30,134.59,2024-10-16T10:15:00+05:30,133.6,golden_cross,death_cross,-425.7,191.31,11.53,34.6,-663.14,2.0
NSE:SENSEX,LONG,1.1929107782274206,2024-10-14T12:15:00+05:30,81926.85,2024-10-16T11:15:00+05:30,81470.35,golden_cross,death_cross,-544.56,72.8,3.9,19.49,-640.76,1.96
NSE:INFY,LONG,40,2024-10-14T11:15:00+05:30,1963.0,2024-10-16T12:15:00+05:30,1944.1,golden_cross,death_cross,-756.0,236.85,15.63,46.89,-1055.37,2.04
NSE:ITC,LONG,140,2024-10-15T09:15:00+05:30,496.2,2024-10-16T14:15:00+05:30,493.05,golden_cross,death_cross,-441.0,217.06,13.85,41.55,-713.46,1.21
NSE:BANKNIFTY,LONG,1.9368034442859248,2024-10-14T10:15:00+05:30,51738.3,2024-10-17T10:15:00+05:30,51253.25,golden_cross,death_cross,-939.45,73.37,3.99,19.95,-1036.75,3.0
NSE:ICICIBANK,LONG,50,2024-10-15T11:15:00+05:30,1252.65,2024-10-17T10:15:00+05:30,1229.45,golden_cross,death_cross,-1160.0,201.13,12.41,37.23,-1410.77,1.96
NSE:HDFCBANK,LONG,185,2024-10-11T09:15:00+05:30,414.71,2024-10-17T12:15:00+05:30,416.84,golden_cross,death_cross,393.12,234.05,15.38,46.15,97.54,6.12
NSE:INFY,SHORT,40,2024-10-16T13:15:00+05:30,1939.85,2024-10-17T12:15:00+05:30,1974.95,death_cross,golden_cross,-1404.0,237.24,15.66,46.98,-1703.88,0.96
NSE:BHARTIARTL,LONG,45,2024-10-11T11:15:00+05:30,1676.1,2024-10-17T15:15:00+05:30,1701.95,golden_cross,death_cross,1163.25,231.96,15.2,45.6,870.48,6.17
NSE:INFY,LONG,40,2024-10-17T13:15:00+05:30,1967.6,2024-10-18T09:15:00+05:30,1885.8,golden_cross,death_cross,-3272.0,234.66,15.41,46.24,-3568.31,0.83
NSE:WIPRO,SHORT,430,2024-10-16T11:15:00+05:30,132.5,2024-10-18T09:15:00+05:30,137.57,death_cross,golden_cross,-2182.25,192.34,11.61,34.84,-2421.05,1.92
NSE:ICICIBANK,SHORT,50,2024-10-17T11:15:00+05:30,1228.2,2024-10-18T11:15:00+05:30,1254.05,death_cross,golden_cross,-1292.5,201.14,12.41,37.23,-1543.29,1.0
NSE:HCLTECH,LONG,40,2024-10-09T10:15:00+05:30,1811.65,2024-10-18T11:15:00+05:30,1848.0,golden_cross,death_cross,1454.0,225.69,14.64,43.92,1169.76,9.04
NSE:BANKNIFTY,SHORT,1.9331173596556888,2024-10-17T11:15:00+05:30,51302.25,2024-10-18T12:15:00+05:30,51878.65,death_cross,golden_cross,-1114.25,73.35,3.99,19.95,-1211.53,1.04
NSE:RELIANCE,SHORT,80,2024-09-30T13:15:00+05:30,740.39,2024-10-18T12:15:00+05:30,681.74,death_cross,golden_cross,4692.0,189.2,11.38,34.13,4457.29,17.96
NSE:TCS,SHORT,15,2024-10-10T14:15:00+05:30,4228.0,2024-10-18T13:15:00+05:30,4129.7,death_cross,golden_cross,1474.5,202.33,12.54,37.61,1222.02,7.96
NSE:HDFCBANK,SHORT,180,2024-10-17T13:15:00+05:30,417.59,2024-10-21T09:15:00+05:30,434.5,death_cross,golden_cross,-3043.8,233.79,15.34,46.01,-3338.94,3.83
NSE:TCS,LONG,15,2024-10-18T14:15:00+05:30,4121.1,2024-10-21T10:15:00+05:30,4107.15,golden_cross,death_cross,-209.25,200.3,12.34,37.03,-458.92,2.83
NSE:HCLTECH,SHORT,40,2024-10-18T12:15:00+05:30,1852.75,2024-10-21T10:15:00+05:30,1862.45,death_cross,golden_cross,-388.0,228.3,14.86,44.58,-675.74,2.92
NSE:TATASTEEL,SHORT,575,2024-10-07T10:15:00+05:30,164.44,2024-10-21T10:15:00+05:30,155.52,death_cross,golden_cross,5129.0,267.19,18.4,55.19,4788.22,14.0
NSE:TATASTEEL,LONG,640,2024-10-21T11:15:00+05:30,154.97,2024-10-21T13:15:00+05:30,154.85,golden_cross,death_cross,-76.8,82.13,19.83,59.49,-238.25,0.08
NSE:TATASTEEL,LONG,635,2024-10-21T14:15:00+05:30,155.2,2024-10-22T09:15:00+05:30,152.36,golden_cross,death_cross,-1803.4,280.29,19.53,58.59,-2161.81,0.79
NSE:SBIN,LONG,85,2024-10-09T11:15:00+05:30,798.9,2024-10-22T11:15:00+05:30,798.1,golden_cross,death_cross,-68.0,213.98,13.57,40.72,-336.28,13.0
NSE:LT,LONG,25,2024-10-14T10:15:00+05:30,3548.0,2024-10-22T11:15:00+05:30,3540.05,golden_cross,death_cross,-198.75,260.06,17.72,53.16,-529.69,8.04
NSE:BANKNIFTY,LONG,1.879566627563189,2024-10-18T13:15:00+05:30,52121.25,2024-10-22T12:15:00+05:30,51504.0,golden_cross,death_cross,-1160.16,72.73,3.9,19.48,-1256.26,3.96
NSE:RELIANCE,LONG,95,2024-10-18T13:15:00+05:30,682.75,2024-10-22T13:15:00+05:30,677.17,golden_cross,death_cross,-529.63,206.73,12.92,38.76,-788.03,4.0
NSE:ICICIBANK,LONG,45,2024-10-18T12:15:00+05:30,1257.75,2024-10-23T11:15:00+05:30,1246.7,golden_cross,death_cross,-497.25,188.4,11.27,33.81,-730.73,4.96
NSE:HCLTECH,SHORT,40,2024-10-21T11:15:00+05:30,1854.55,2024-10-24T11:15:00+05:30,1852.0,death_cross,golden_cross,102.0,227.87,14.83,44.48,-185.18,3.0
NSE:HCLTECH,LONG,40,2024-10-24T12:15:00+05:30,1845.85,2024-10-24T15:15:00+05:30,1842.8,golden_cross,death_cross,-122.0,73.19,14.75,44.26,-254.21,0.12
NSE:WIPRO,LONG,400,2024-10-18T10:15:00+05:30,136.2,2024-10-25T09:15:00+05:30,136.6,golden_cross,death_cross,160.0,184.37,10.91,32.74,-68.02,6.96
NSE:ITC,SHORT,140,2024-10-16T15:15:00+05:30,493.1,2024-10-25T11:15:00+05:30,485.25,death_cross,golden_cross,1099.0,215.25,13.7,41.09,828.96,8.83
NSE:RELIANCE,SHORT,95,2024-10-22T14:15:00+05:30,670.73,2024-10-28T09:15:00+05:30,1332.0,death_cross,golden_cross,-62821.12,279.26,19.03,57.08,-63176.49,5.79
NSE:ICICIBANK,SHORT,45,2024-10-23T12:15:00+05:30,1247.55,2024-10-28T09:15:00+05:30,1298.5,death_cross,golden_cross,-2292.75,190.62,11.46,34.37,-2529.2,4.88
NSE:TCS,SHORT,15,2024-10-21T11:15:00+05:30,4097.7,2024-10-28T10:15:00+05:30,4103.55,death_cross,golden_cross,-87.75,199.84,12.3,36.91,-336.8,6.96
NSE:WIPRO,SHORT,405,2024-10-25T10:15:00+05:30,135.79,2024-10-28T10:15:00+05:30,138.64,death_cross,golden_cross,-1154.25,186.72,11.11,33.34,-1385.43,3.0
NSE:INFY,SHORT,40,2024-10-18T10:15:00+05:30,1875.8,2024-10-28T11:15:00+05:30,1878.85,death_cross,golden_cross,-122.0,230.03,15.02,45.06,-412.1,10.04
NSE:SBIN,SHORT,85,2024-10-22T12:15:00+05:30,795.5,2024-10-28T12:15:00+05:30,794.5,death_cross,golden_cross,85.0,213.31,13.52,40.54,-182.37,6.0
NSE:BANKNIFTY,SHORT,1.8716667600179535,2024-10-22T13:15:00+05:30,51672.05,2024-10-28T13:15:00+05:30,51328.25,death_cross,golden_cross,643.48,72.63,3.86,19.28,547.72,6.0
NSE:HDFCBANK,LONG,165,2024-10-21T10:15:00+05:30,436.35,2024-10-28T13:15:00+05:30,433.67,golden_cross,death_cross,-443.03,222.68,14.36,43.07,-723.13,7.12
NSE:SENSEX,SHORT,1.190292160919792,2024-10-16T12:15:00+05:30,81570.38,2024-10-28T15:15:00+05:30,80077.42,death_cross,golden_cross,1777.06,72.68,3.85,19.24,1681.29,12.12
NSE:TATASTEEL,SHORT,635,2024-10-22T10:15:00+05:30,151.97,2024-10-28T15:15:00+05:30,149.5,death_cross,golden_cross,1568.45,275.74,19.14,57.43,1216.14,6.21
NSE:INFY,LONG,40,2024-10-28T12:15:00+05:30,1873.8,2024-10-29T09:15:00+05:30,1837.4,golden_cross,death_cross,-1456.0,228.2,14.84,44.53,-1743.58,0.88
NSE:HDFCBANK,SHORT,165,2024-10-28T14:15:00+05:30,433.59,2024-10-29T12:15:00+05:30,436.8,death_cross,golden_cross,-529.65,222.76,14.36,43.08,-809.85,0.92
NSE:NIFTY,SHORT,4.2240937647100285,2024-10-16T11:15:00+05:30,24948.05,2024-10-29T14:15:00+05:30,24474.25,death_cross,golden_cross,2001.38,74.85,4.18,20.88,1901.47,13.12
NSE:SENSEX,SHORT,1.2394363079814272,2024-10-29T09:15:00+05:30,79688.52,2024-10-29T14:15:00+05:30,80412.94,death_cross,golden_cross,-897.87,73.23,3.97,19.84,-994.92,0.21
NSE:TATASTEEL,SHORT,660,2024-10-29T09:15:00+05:30,148.15,2024-10-29T14:15:00+05:30,150.04,death_cross,golden_cross,-1247.4,81.75,19.68,59.04,-1407.87,0.21
NSE:TATACONSUM,SHORT,60,2024-09-30T12:15:00+05:30,1199.6,2024-10-30T09:15:00+05:30,1010.0,death_cross,golden_cross,11376.0,209.6,13.26,39.77,11113.37,29.88
NSE:LT,SHORT,25,2024-10-22T12:15:00+05:30,3535.2,2024-10-30T10:15:00+05:30,3407.55,death_cross,golden_cross,3191.25,255.76,17.36,52.07,2866.06,7.92
NSE:HDFCBANK,LONG,160,2024-10-29T13:15:00+05:30,440.6,2024-10-30T13:15:00+05:30,431.88,golden_cross,death_cross,-1396.0,218.36,13.96,41.88,-1670.2,1.0
NSE:HCLTECH,LONG,40,2024-10-25T09:15:00+05:30,1857.0,2024-10-30T13:15:00+05:30,1847.75,golden_cross,death_cross,-370.0,227.83,14.82,44.46,-657.11,5.17
NSE:SENSEX,LONG,1.2164262807370803,2024-10-29T15:15:00+05:30,80380.46,2024-10-30T15:15:00+05:30,79966.05,golden_cross,death_cross,-504.1,72.82,3.9,19.5,-600.33,1.0
NSE:NIFTY,LONG,4.386958645536775,2024-10-29T15:15:00+05:30,24454.0,2024-10-31T09:15:00+05:30,24274.05,golden_cross,death_cross,-789.43,75.26,4.28,21.38,-890.34,1.75
NSE:TCS,LONG,15,2024-10-28T11:15:00+05:30,4124.05,2024-10-31T09:15:00+05:30,3993.8,golden_cross,death_cross,-1953.75,198.59,12.18,36.53,-2201.05,2.92
NSE:WIPRO,LONG,385,2024-10-28T11:15:00+05:30,139.19,2024-10-31T11:15:00+05:30,137.47,golden_cross,death_cross,-664.12,181.54,10.65,31.95,-888.27,3.0
NSE:BANKNIFTY,LONG,1.8960298820292532,2024-10-28T14:15:00+05:30,51296.1,2024-10-31T13:15:00+05:30,51340.7,golden_cross,death_cross,84.56,72.82,3.89,19.46,-11.61,2.96
NSE:ICICIBANK,LONG,40,2024-10-28T10:15:00+05:30,1298.2,2024-10-31T14:15:00+05:30,1291.55,golden_cross,death_cross,-266.0,178.26,10.36,31.08,-485.7,3.17
NSE:TATASTEEL,LONG,645,2024-10-29T15:15:00+05:30,150.1,2024-10-31T14:15:00+05:30,148.72,golden_cross,death_cross,-890.1,277.37,19.27,57.82,-1244.57,1.96
NSE:TATACONSUM,LONG,80,2024-10-30T10:15:00+05:30,1017.5,2024-11-04T09:15:00+05:30,983.4,golden_cross,death_cross,-2728.0,241.21,16.01,48.02,-3033.24,4.96
NSE:ITC,LONG,145,2024-10-25T12:15:00+05:30,481.25,2024-11-04T10:15:00+05:30,482.5,golden_cross,death_cross,181.25,218.4,13.97,41.92,-93.05,9.92
NSE:SBIN,LONG,85,2024-10-28T13:15:00+05:30,791.6,2024-11-04T11:15:00+05:30,808.5,golden_cross,death_cross,1436.5,214.16,13.6,40.8,1167.94,6.92
NSE:SBIN,SHORT,85,2024-11-04T12:15:00+05:30,814.8,2024-11-04T13:15:00+05:30,825.9,death_cross,golden_cross,-943.5,71.67,13.95,41.84,-1070.96,0.04
NSE:TATASTEEL,SHORT,645,2024-10-31T15:15:00+05:30,148.33,2024-11-05T10:15:00+05:30,150.85,death_cross,golden_cross,-1625.4,277.69,19.3,57.89,-1980.27,4.79
NSE:TATACONSUM,SHORT,80,2024-11-04T10:15:00+05:30,978.6,2024-11-05T12:15:00+05:30,1008.2,death_cross,golden_cross,-2368.0,239.93,15.89,47.68,-2671.51,1.08
NSE:BANKNIFTY,SHORT,1.890048990224205,2024-10-31T14:15:00+05:30,51452.3,2024-11-05T14:15:00+05:30,52192.9,death_cross,golden_cross,-1399.77,72.85,3.92,19.59,-1496.13,5.0
NSE:HDFCBANK,SHORT,160,2024-10-30T14:15:00+05:30,433.23,2024-11-05T14:15:00+05:30,439.5,death_cross,golden_cross,-1004.0,218.37,13.96,41.89,-1278.23,6.0
NSE:ADANIGREEN,SHORT,45,2024-10-09T15:15:00+05:30,1792.0,2024-11-05T15:15:00+05:30,1639.4,death_cross,golden_cross,6867.0,234.2,15.44,46.32,6571.03,27.0
NSE:NIFTY,SHORT,4.386688115690611,2024-10-31T10:15:00+05:30,24253.15,2024-11-06T09:15:00+05:30,24379.25,death_cross,golden_cross,-553.16,75.22,4.27,21.33,-653.99,5.96
NSE:SENSEX,SHORT,1.2192882691913773,2024-10-31T09:15:00+05:30,79700.9,2024-11-06T09:15:00+05:30,80001.97,death_cross,golden_cross,-367.09,72.79,3.89,19.47,-463.25,6.0
NSE:TCS,SHORT,15,2024-10-31T10:15:00+05:30,3963.95,2024-11-06T09:15:00+05:30,4082.0,death_cross,golden_cross,-1770.75,197.38,12.07,36.21,-2016.4,5.96
NSE:ICICIBANK,SHORT,40,2024-10-31T15:15:00+05:30,1294.8,2024-11-06T09:15:00+05:30,1312.6,death_cross,golden_cross,-712.0,179.08,10.43,31.29,-932.8,5.75
NSE:INFY,SHORT,40,2024-10-29T10:15:00+05:30,1836.5,2024-11-06T10:15:00+05:30,1811.0,death_cross,golden_cross,1020.0,225.18,14.59,43.77,736.46,8.0
NSE:HCLTECH,SHORT,40,2024-10-30T14:15:00+05:30,1836.65,2024-11-06T10:15:00+05:30,1833.6,death_cross,golden_cross,122.0,226.26,14.68,44.04,-162.98,6.83
NSE:WIPRO,SHORT,380,2024-10-31T12:15:00+05:30,138.1,2024-11-06T10:15:00+05:30,140.0,death_cross,golden_cross,-722.0,180.62,10.57,31.7,-944.89,5.92
NSE:TATACONSUM,LONG,75,2024-11-05T13:15:00+05:30,1000.85,2024-11-07T10:15:00+05:30,992.8,golden_cross,death_cross,-603.75,229.33,14.95,44.86,-892.89,1.88
NSE:ICICIBANK,LONG,40,2024-11-06T10:15:00+05:30,1310.6,2024-11-07T11:15:00+05:30,1279.0,golden_cross,death_cross,-1264.0,178.33,10.36,31.08,-1483.76,1.04
NSE:NIFTY,LONG,4.339068430045408,2024-11-06T10:15:00+05:30,24369.05,2024-11-08T09:15:00+05:30,24201.8,golden_cross,death_cross,-725.71,74.87,4.22,21.08,-825.87,1.96
NSE:BANKNIFTY,LONG,1.8377151978193262,2024-11-05T15:15:00+05:30,52105.85,2024-11-08T10:15:00+05:30,51669.45,golden_cross,death_cross,-801.98,72.22,3.81,19.07,-897.09,2.79
NSE:ADANIGREEN,LONG,55,2024-11-06T09:15:00+05:30,1654.7,2024-11-08T10:15:00+05:30,1623.7,golden_cross,death_cross,-1705.0,263.63,18.03,54.09,-2040.75,2.04
NSE:SENSEX,LONG,1.209549943831483,2024-11-06T10:15:00+05:30,79960.74,2024-11-08T11:15:00+05:30,79356.39,golden_cross,death_cross,-730.99,72.49,3.85,19.27,-826.61,2.04
NSE:TATASTEEL,LONG,620,2024-11-05T11:15:00+05:30,150.15,2024-11-08T11:15:00+05:30,149.98,golden_cross,death_cross,-105.4,269.92,18.61,55.82,-449.75,3.0
NSE:SBIN,LONG,80,2024-11-04T14:15:00+05:30,828.7,2024-11-08T15:15:00+05:30,841.1,golden_cross,death_cross,992.0,211.5,13.36,40.08,727.07,4.04
NSE:SENSEX,SHORT,1.2061307078125354,2024-11-08T12:15:00+05:30,79504.13,2024-11-11T10:15:00+05:30,80016.89,death_cross,golden_cross,-618.46,72.46,3.85,19.24,-714.01,2.92
NSE:HINDUNILVR,SHORT,30,2024-10-16T10:15:00+05:30,2774.95,2024-11-11T10:15:00+05:30,2503.2,death_cross,golden_cross,8152.5,238.48,15.83,47.5,7850.69,26.0
NSE:SBIN,SHORT,80,2024-11-11T09:15:00+05:30,845.05,2024-11-11T11:15:00+05:30,850.1,death_cross,golden_cross,-404.0,71.05,13.56,40.68,-529.3,0.08
NSE:BANKNIFTY,SHORT,1.84015199702691,2024-11-08T11:15:00+05:30,51550.8,2024-11-11T12:15:00+05:30,52044.1,death_cross,golden_cross,-907.75,72.2,3.81,19.06,-1002.83,3.04
NSE:HINDUNILVR,LONG,35,2024-11-11T11:15:00+05:30,2500.1,2024-11-11T13:15:00+05:30,2480.85,golden_cross,death_cross,-673.75,77.85,17.43,52.3,-821.33,0.08
NSE:SENSEX,LONG,1.1920772343086996,2024-11-11T11:15:00+05:30,79844.24,2024-11-11T15:15:00+05:30,79434.15,golden_cross,death_cross,-488.86,72.14,3.8,18.99,-583.79,0.17
NSE:SBIN,LONG,80,2024-11-11T12:15:00+05:30,851.9,2024-11-11T15:15:00+05:30,845.95,golden_cross,death_cross,-476.0,71.08,13.58,40.75,-601.42,0.12
NSE:LT,LONG,25,2024-10-30T11:15:00+05:30,3428.8,2024-11-12T09:15:00+05:30,3617.75,golden_cross,death_cross,4723.75,258.53,17.62,52.85,4394.75,12.92
NSE:ICICIBANK,SHORT,40,2024-11-07T12:15:00+05:30,1282.6,2024-11-12T10:15:00+05:30,1287.75,death_cross,golden_cross,-206.0,177.4,10.28,30.84,-424.52,4.92
NSE:BANKNIFTY,LONG,1.810845809699673,2024-11-11T13:15:00+05:30,51832.95,2024-11-12T11:15:00+05:30,51725.35,golden_cross,death_cross,-194.85,71.86,3.75,18.75,-289.21,0.92
NSE:HDFCBANK,LONG,155,2024-11-05T15:15:00+05:30,438.38,2024-11-12T11:15:00+05:30,434.99,golden_cross,death_cross,-524.67,213.6,13.54,40.61,-792.42,6.83
NSE:ICICIBANK,LONG,40,2024-11-12T11:15:00+05:30,1287.25,2024-11-12T14:15:00+05:30,1269.65,golden_cross,death_cross,-704.0,65.15,10.23,30.68,-810.06,0.12
NSE:WIPRO,LONG,370,2024-11-06T11:15:00+05:30,139.87,2024-11-13T11:15:00+05:30,141.95,golden_cross,death_cross,771.45,178.94,10.43,31.28,550.8,7.0
NSE:TCS,LONG,15,2024-11-06T10:15:00+05:30,4102.45,2024-11-13T12:15:00+05:30,4137.55,golden_cross,death_cross,526.5,200.44,12.36,37.08,276.62,7.08
NSE:HCLTECH,LONG,40,2024-11-06T11:15:00+05:30,1831.1,2024-11-14T12:15:00+05:30,1853.5,golden_cross,death_cross,896.0,226.84,14.74,44.22,610.21,8.04
NSE:HCLTECH,SHORT,40,2024-11-14T13:15:00+05:30,1861.6,2024-11-14T15:15:00+05:30,1865.0,death_cross,golden_cross,-136.0,73.45,14.91,44.72,-269.08,0.08
NSE:INFY,LONG,40,2024-11-06T11:15:00+05:30,1814.05,2024-11-18T09:15:00+05:30,1817.8,golden_cross,death_cross,150.0,224.55,14.53,43.58,-132.66,11.92
NSE:HDFCBANK,SHORT,155,2024-11-12T12:15:00+05:30,430.64,2024-11-19T10:15:00+05:30,435.1,death_cross,golden_cross,-691.3,212.3,13.42,40.26,-957.27,6.92
NSE:BANKNIFTY,SHORT,1.824315099116784,2024-11-12T12:15:00+05:30,51292.2,2024-11-19T11:15:00+05:30,50883.3,death_cross,golden_cross,745.96,71.8,3.73,18.64,651.8,6.96
NSE:ITC,SHORT,145,2024-11-04T11:15:00+05:30,482.2,2024-11-19T11:15:00+05:30,472.65,death_cross,golden_cross,1384.75,216.88,13.85,41.54,1112.49,15.0
NSE:LT,SHORT,25,2024-11-12T10:15:00+05:30,3635.4,2024-11-19T11:15:00+05:30,3581.9,death_cross,golden_cross,1337.5,263.53,18.04,54.13,1001.8,7.04
NSE:SENSEX,SHORT,1.1886400011472025,2024-11-12T09:15:00+05:30,79585.46,2024-11-19T12:15:00+05:30,78378.11,death_cross,golden_cross,1435.1,72.04,3.76,18.78,1340.54,7.12
NSE:TATASTEEL,SHORT,620,2024-11-08T12:15:00+05:30,150.23,2024-11-19T12:15:00+05:30,141.72,death_cross,golden_cross,5276.2,263.88,18.1,54.3,4939.92,11.0
NSE:NIFTY,SHORT,4.340924112864888,2024-11-08T10:15:00+05:30,24168.95,2024-11-19T13:15:00+05:30,23707.35,death_cross,golden_cross,2003.77,74.73,4.16,20.78,1904.1,11.12
NSE:SENSEX,LONG,1.2268616595388757,2024-11-19T13:15:00+05:30,78195.44,2024-11-19T14:15:00+05:30,77502.44,golden_cross,death_cross,-850.22,72.26,3.82,19.1,-945.4,0.04
NSE:TATASTEEL,LONG,695,2024-11-19T13:15:00+05:30,140.89,2024-11-19T14:15:00+05:30,139.13,golden_cross,death_cross,-1223.2,81.36,19.46,58.38,-1382.41,0.04
NSE:LT,LONG,25,2024-11-19T12:15:00+05:30,3571.4,2024-11-19T14:15:00+05:30,3497.55,golden_cross,death_cross,-1846.25,78.14,17.67,53.02,-1995.08,0.08
NSE:ITC,LONG,150,2024-11-19T12:15:00+05:30,472.4,2024-11-19T15:15:00+05:30,466.6,golden_cross,death_cross,-870.0,71.93,14.09,42.25,-998.27,0.12
NSE:BANKNIFTY,LONG,1.849407842946554,2024-11-19T12:15:00+05:30,50947.65,2024-11-21T09:15:00+05:30,50026.05,golden_cross,death_cross,-1704.41,71.62,3.73,18.67,-1798.44,1.88
NSE:ICICIBANK,SHORT,40,2024-11-12T15:15:00+05:30,1269.0,2024-11-22T09:15:00+05:30,1277.85,death_cross,golden_cross,-354.0,176.36,10.19,30.56,-571.11,9.75
NSE:BANKNIFTY,SHORT,1.8427403037523735,2024-11-21T10:15:00+05:30,50158.95,2024-11-22T10:15:00+05:30,50739.6,death_cross,golden_cross,-1069.99,71.57,3.72,18.59,-1163.87,1.0
NSE:INFY,SHORT,40,2024-11-18T10:15:00+05:30,1800.3,2024-11-22T10:15:00+05:30,1857.6,death_cross,golden_cross,-2292.0,225.89,14.63,43.89,-2576.42,4.0
NSE:TCS,SHORT,15,2024-11-13T13:15:00+05:30,4151.6,2024-11-22T10:15:00+05:30,4145.0,death_cross,golden_cross,99.0,201.41,12.44,37.33,-152.19,8.88
NSE:HCLTECH,SHORT,40,2024-11-18T09:15:00+05:30,1834.4,2024-11-22T10:15:00+05:30,1873.5,death_cross,golden_cross,-1564.0,228.06,14.83,44.49,-1851.39,4.04
NSE:WIPRO,SHORT,365,2024-11-13T12:15:00+05:30,142.41,2024-11-22T10:15:00+05:30,142.06,death_cross,golden_cross,127.75,178.5,10.38,31.15,-92.29,8.92
NSE:TATASTEEL,SHORT,690,2024-11-19T15:15:00+05:30,139.58,2024-11-22T11:15:00+05:30,141.16,death_cross,golden_cross,-1090.2,278.47,19.37,58.11,-1446.15,2.83
NSE:NIFTY,SHORT,4.546717351883164,2024-11-19T14:15:00+05:30,23492.55,2024-11-22T12:15:00+05:30,23701.2,death_cross,golden_cross,-948.67,75.35,4.29,21.46,-1049.77,2.92
NSE:SENSEX,SHORT,1.226962165496202,2024-11-19T15:15:00+05:30,77420.82,2024-11-22T12:15:00+05:30,78286.25,death_cross,golden_cross,-1061.85,72.25,3.82,19.1,-1157.02,2.88
NSE:TATACONSUM,SHORT,75,2024-11-07T11:15:00+05:30,989.7,2024-11-22T12:15:00+05:30,940.4,death_cross,golden_cross,3697.5,223.71,14.48,43.43,3415.89,15.04
NSE:BHARTIARTL,SHORT,45,2024-10-18T09:15:00+05:30,1689.3,2024-11-22T12:15:00+05:30,1556.7,death_cross,golden_cross,5967.0,225.0,14.61,43.82,5683.57,35.12
NSE:SBIN,SHORT,80,2024-11-12T09:15:00+05:30,847.2,2024-11-22T13:15:00+05:30,819.05,death_cross,golden_cross,2252.0,211.09,13.33,39.99,1987.59,10.17
NSE:LT,SHORT,25,2024-11-19T15:15:00+05:30,3511.2,2024-11-22T13:15:00+05:30,3580.0,death_cross,golden_cross,-1720.0,260.26,17.73,53.18,-2051.17,2.92
NSE:ITC,SHORT,150,2024-11-21T09:15:00+05:30,458.15,2024-11-22T14:15:00+05:30,475.25,death_cross,golden_cross,-2565.0,218.91,14.0,42.0,-2839.91,1.21
NSE:HINDUNILVR,SHORT,35,2024-11-11T14:15:00+05:30,2492.05,2024-11-22T14:15:00+05:30,2447.65,death_cross,golden_cross,1554.0,255.13,17.29,51.87,1229.71,11.0
NSE:HCLTECH,LONG,40,2024-11-22T11:15:00+05:30,1869.9,2024-11-28T10:15:00+05:30,1851.2,golden_cross,death_cross,-748.0,228.59,14.88,44.65,-1036.12,5.96
NSE:ADANIGREEN,SHORT,55,2024-11-08T11:15:00+05:30,1615.4,2024-11-28T10:15:00+05:30,1087.2,death_cross,golden_cross,29051.0,226.13,14.86,44.59,28765.42,19.96
NSE:INFY,LONG,40,2024-11-22T11:15:00+05:30,1855.15,2024-11-28T11:15:00+05:30,1871.9,golden_cross,death_cross,670.0,228.74,14.91,44.72,381.62,6.0
NSE:WIPRO,LONG,365,2024-11-22T11:15:00+05:30,141.88,2024-11-28T11:15:00+05:30,143.28,golden_cross,death_cross,511.0,178.75,10.41,31.22,290.62,6.0
NSE:TCS,LONG,15,2024-11-22T11:15:00+05:30,4143.45,2024-11-28T12:15:00+05:30,4240.0,golden_cross,death_cross,1448.25,202.76,12.58,37.73,1195.19,6.04
NSE:NIFTY,LONG,4.435628979504711,2024-11-22T13:15:00+05:30,23844.95,2024-11-28T13:15:00+05:30,23958.9,golden_cross,death_cross,505.44,75.15,4.24,21.2,404.85,6.0
NSE:SENSEX,LONG,1.1908363511714815,2024-11-22T13:15:00+05:30,78800.8,2024-11-28T13:15:00+05:30,79185.52,golden_cross,death_cross,458.14,72.0,3.76,18.81,363.56,6.0
NSE:ICICIBANK,LONG,40,2024-11-22T10:15:00+05:30,1270.35,2024-11-28T13:15:00+05:30,1290.2,golden_cross,death_cross,794.0,176.88,10.24,30.73,576.15,6.12
NSE:TATACONSUM,LONG,80,2024-11-22T13:15:00+05:30,944.15,2024-11-28T13:15:00+05:30,945.5,golden_cross,death_cross,108.0,231.11,15.12,45.35,-183.58,6.0
NSE:BHARTIARTL,LONG,55,2024-11-22T13:15:00+05:30,1559.75,2024-11-28T14:15:00+05:30,1561.0,golden_cross,death_cross,68.75,253.86,17.16,51.49,-253.76,6.04
NSE:TATASTEEL,LONG,670,2024-11-22T12:15:00+05:30,141.77,2024-11-28T15:15:00+05:30,143.63,golden_cross,death_cross,1246.2,275.52,19.12,57.37,894.19,6.12
NSE:LT,LONG,25,2024-11-22T14:15:00+05:30,3603.0,2024-11-28T15:15:00+05:30,3667.0,golden_cross,death_cross,1600.0,264.98,18.18,54.52,1262.32,6.04
NSE:BANKNIFTY,LONG,1.791291578268578,2024-11-22T11:15:00+05:30,50951.8,2024-11-29T09:15:00+05:30,51825.8,golden_cross,death_cross,1565.59,71.57,3.68,18.41,1471.93,6.92
NSE:BHARTIARTL,SHORT,55,2024-11-28T15:15:00+05:30,1564.95,2024-11-29T09:15:00+05:30,1579.15,death_cross,golden_cross,-781.0,255.35,17.29,51.88,-1105.52,0.75
NSE:TATASTEEL,SHORT,665,2024-11-29T09:15:00+05:30,143.92,2024-11-29T10:15:00+05:30,144.84,death_cross,golden_cross,-611.8,80.97,19.2,57.61,-769.58,0.04
NSE:TATACONSUM,SHORT,80,2024-11-28T14:15:00+05:30,940.4,2024-11-29T11:15:00+05:30,960.95,death_cross,golden_cross,-1644.0,232.28,15.21,45.63,-1937.12,0.88
NSE:SENSEX,SHORT,1.1917408365983184,2024-11-28T14:15:00+05:30,79045.15,2024-11-29T14:15:00+05:30,79769.43,death_cross,golden_cross,-863.15,72.03,3.79,18.93,-957.89,1.0
NSE:ICICIBANK,SHORT,40,2024-11-28T14:15:00+05:30,1286.3,2024-11-29T14:15:00+05:30,1299.35,death_cross,golden_cross,-522.0,178.1,10.34,31.03,-741.47,1.0
NSE:NIFTY,SHORT,4.439403014491873,2024-11-28T14:15:00+05:30,23915.6,2024-11-29T15:15:00+05:30,24123.65,death_cross,golden_cross,-923.62,75.18,4.27,21.33,-1024.39,1.04
NSE:HDFCBANK,LONG,155,2024-11-19T11:15:00+05:30,436.05,2024-12-02T09:15:00+05:30,445.07,golden_cross,death_cross,1398.87,214.79,13.66,40.97,1129.46,12.92
NSE:WIPRO,SHORT,365,2024-11-28T12:15:00+05:30,143.15,2024-12-02T10:15:00+05:30,145.04,death_cross,golden_cross,-689.85,180.07,10.52,31.56,-912.0,3.92
NSE:SBIN,LONG,85,2024-11-22T14:15:00+05:30,816.65,2024-12-02T11:15:00+05:30,834.75,golden_cross,death_cross,1538.5,219.0,14.04,42.11,1263.36,9.88
NSE:HINDUNILVR,LONG,35,2024-11-22T15:15:00+05:30,2440.0,2024-12-02T12:15:00+05:30,2465.0,golden_cross,death_cross,875.0,253.83,17.17,51.5,552.5,9.88
NSE:TATACONSUM,LONG,80,2024-11-29T12:15:00+05:30,962.2,2024-12-02T12:15:00+05:30,950.35,golden_cross,death_cross,-948.0,233.22,15.3,45.9,-1242.42,3.0
NSE:HDFCBANK,SHORT,150,2024-12-02T10:15:00+05:30,445.29,2024-12-02T14:15:00+05:30,451.23,death_cross,golden_cross,-890.25,70.8,13.45,40.34,-1014.84,0.17
NSE:TATACONSUM,SHORT,80,2024-12-02T13:15:00+05:30,955.75,2024-12-02T14:15:00+05:30,957.35,death_cross,golden_cross,-128.0,74.16,15.3,45.91,-263.38,0.04
NSE:BANKNIFTY,SHORT,1.7844550056705342,2024-11-29T10:15:00+05:30,51969.4,2024-12-02T15:15:00+05:30,52118.35,death_cross,golden_cross,-265.79,71.62,3.71,18.57,-359.7,3.21
NSE:SBIN,SHORT,85,2024-12-02T12:15:00+05:30,834.0,2024-12-03T09:15:00+05:30,851.1,death_cross,golden_cross,-1453.5,222.4,14.32,42.97,-1733.2,0.88
NSE:ITC,LONG,140,2024-11-22T15:15:00+05:30,474.0,2024-12-03T09:15:00+05:30,468.45,golden_cross,death_cross,-777.0,209.81,13.19,39.58,-1039.58,10.75
NSE:HCLTECH,SHORT,40,2024-11-28T11:15:00+05:30,1855.3,2024-12-03T09:15:00+05:30,1885.25,death_cross,golden_cross,-1198.0,229.48,14.96,44.89,-1487.33,4.92
NSE:INFY,SHORT,40,2024-11-28T12:15:00+05:30,1861.0,2024-12-03T10:15:00+05:30,1893.3,death_cross,golden_cross,-1292.0,230.1,15.02,45.05,-1582.17,4.92
NSE:TCS,SHORT,15,2024-11-28T13:15:00+05:30,4259.15,2024-12-03T10:15:00+05:30,4292.6,death_cross,golden_cross,-501.75,205.71,12.83,38.48,-758.77,4.88
NSE:TATACONSUM,LONG,75,2024-12-02T15:15:00+05:30,956.15,2024-12-03T10:15:00+05:30,952.35,golden_cross,death_cross,-285.0,222.21,14.31,42.94,-564.46,0.79
NSE:HINDUNILVR,SHORT,35,2024-12-02T13:15:00+05:30,2479.85,2024-12-03T15:15:00+05:30,2482.0,death_cross,golden_cross,-75.25,256.12,17.37,52.1,-400.83,1.08
NSE:HINDUNILVR,SHORT,35,2024-12-04T09:15:00+05:30,2477.85,2024-12-04T10:15:00+05:30,2487.05,death_cross,golden_cross,-322.0,77.79,17.38,52.13,-469.3,0.04
NSE:TATACONSUM,SHORT,75,2024-12-03T11:15:00+05:30,951.7,2024-12-04T10:15:00+05:30,956.15,death_cross,golden_cross,-333.75,222.16,14.31,42.93,-613.14,0.96
NSE:BHARTIARTL,LONG,50,2024-11-29T10:15:00+05:30,1613.7,2024-12-04T10:15:00+05:30,1589.05,golden_cross,death_cross,-1232.5,241.17,16.01,48.04,-1537.73,5.0
NSE:HINDUNILVR,LONG,35,2024-12-04T11:15:00+05:30,2475.6,2024-12-04T12:15:00+05:30,2476.2,golden_cross,death_cross,21.0,77.74,17.33,51.99,-126.07,0.04
NSE:TATASTEEL,LONG,655,2024-11-29T11:15:00+05:30,144.84,2024-12-04T13:15:00+05:30,145.07,golden_cross,death_cross,150.65,274.13,18.99,56.97,-199.44,5.08
NSE:TATACONSUM,SHORT,75,2024-12-04T11:15:00+05:30,951.2,2024-12-04T13:15:00+05:30,963.6,death_cross,golden_cross,-930.0,72.41,14.36,43.08,-1059.85,0.08
NSE:ADANIGREEN,LONG,110,2024-11-28T11:15:00+05:30,1087.2,2024-12-05T09:15:00+05:30,1234.95,golden_cross,death_cross,16252.5,345.76,25.54,76.63,15804.57,6.92
NSE:TATASTEEL,LONG,650,2024-12-04T14:15:00+05:30,145.9,2024-12-05T10:15:00+05:30,145.41,golden_cross,death_cross,-318.5,273.57,18.94,56.81,-667.81,0.83
NSE:HINDUNILVR,SHORT,35,2024-12-04T13:15:00+05:30,2479.5,2024-12-05T13:15:00+05:30,2500.65,death_cross,golden_cross,-740.25,256.88,17.43,52.29,-1066.85,1.0
NSE:BHARTIARTL,SHORT,50,2024-12-04T11:15:00+05:30,1587.85,2024-12-05T15:15:00+05:30,1613.25,death_cross,golden_cross,-1270.0,241.08,16.01,48.02,-1575.1,1.17
NSE:ITC,SHORT,140,2024-12-03T10:15:00+05:30,468.5,2024-12-06T12:15:00+05:30,473.5,death_cross,golden_cross,-700.0,209.73,13.19,39.56,-962.48,3.08
NSE:BHARTIARTL,LONG,50,2024-12-06T09:15:00+05:30,1612.7,2024-12-06T12:15:00+05:30,1598.8,golden_cross,death_cross,-695.0,75.42,16.06,48.17,-834.65,0.12
NSE:ITC,LONG,135,2024-12-06T13:15:00+05:30,471.85,2024-12-09T09:15:00+05:30,467.8,golden_cross,death_cross,-546.75,204.13,12.69,38.06,-801.62,2.83
NSE:HINDUNILVR,LONG,35,2024-12-05T14:15:00+05:30,2497.9,2024-12-09T09:15:00+05:30,2393.6,golden_cross,death_cross,-3650.5,253.65,17.12,51.36,-3972.63,3.79
NSE:TATACONSUM,LONG,75,2024-12-04T14:15:00+05:30,961.3,2024-12-09T10:15:00+05:30,938.85,golden_cross,death_cross,-1683.75,221.62,14.25,42.75,-1962.37,4.83
NSE:TCS,LONG,15,2024-12-03T11:15:00+05:30,4285.95,2024-12-11T12:15:00+05:30,4418.2,golden_cross,death_cross,1983.75,208.07,13.06,39.17,1723.46,8.04
NSE:BANKNIFTY,LONG,1.75907985024396,2024-12-03T09:15:00+05:30,52515.2,2024-12-12T09:15:00+05:30,53374.0,golden_cross,death_cross,1510.7,71.85,3.73,18.63,1416.5,9.0
NSE:TCS,SHORT,15,2024-12-11T13:15:00+05:30,4424.45,2024-12-12T09:15:00+05:30,4477.85,death_cross,golden_cross,-801.0,211.58,13.35,40.06,-1065.99,0.83
NSE:SBIN,LONG,80,2024-12-03T10:15:00+05:30,855.0,2024-12-12T09:15:00+05:30,856.75,golden_cross,death_cross,140.0,215.29,13.69,41.08,-130.07,8.96
NSE:HDFCBANK,LONG,145,2024-12-02T15:15:00+05:30,451.49,2024-12-12T10:15:00+05:30,465.07,golden_cross,death_cross,1969.82,210.67,13.29,39.87,1706.0,9.79
NSE:LT,LONG,25,2024-11-29T09:15:00+05:30,3699.0,2024-12-12T10:15:00+05:30,3873.05,golden_cross,death_cross,4351.25,273.16,18.93,56.79,4002.37,13.04
NSE:NIFTY,LONG,4.359736868390706,2024-12-02T09:15:00+05:30,24118.35,2024-12-12T11:15:00+05:30,24562.35,golden_cross,death_cross,1935.72,75.3,4.24,21.22,1834.95,10.08
NSE:SENSEX,LONG,1.169274874932465,2024-11-29T15:15:00+05:30,79747.12,2024-12-12T11:15:00+05:30,81323.97,golden_cross,death_cross,1843.77,72.15,3.77,18.83,1749.02,12.83
NSE:BHARTIARTL,SHORT,50,2024-12-06T13:15:00+05:30,1598.7,2024-12-12T11:15:00+05:30,1603.4,death_cross,golden_cross,-235.0,241.06,16.01,48.03,-540.1,5.92
NSE:ADANIGREEN,SHORT,105,2024-12-05T10:15:00+05:30,1235.1,2024-12-12T12:15:00+05:30,1242.0,death_cross,golden_cross,-724.5,352.21,26.01,78.03,-1180.75,7.08
NSE:ICICIBANK,LONG,40,2024-11-29T15:15:00+05:30,1298.7,2024-12-13T09:15:00+05:30,1320.7,golden_cross,death_cross,880.0,179.49,10.48,31.43,658.6,13.75
NSE:TATASTEEL,LONG,645,2024-12-05T11:15:00+05:30,146.48,2024-12-13T09:15:00+05:30,146.53,golden_cross,death_cross,32.25,273.14,18.9,56.7,-316.49,7.92
NSE:ICICIBANK,SHORT,40,2024-12-13T10:15:00+05:30,1319.2,2024-12-13T11:15:00+05:30,1336.65,death_cross,golden_cross,-698.0,65.84,10.62,31.87,-806.34,0.04
NSE:NIFTY,SHORT,4.3544445656684365,2024-12-12T12:15:00+05:30,24567.8,2024-12-13T14:15:00+05:30,24771.45,death_cross,golden_cross,-886.78,75.39,4.3,21.48,-987.96,1.08
NSE:SENSEX,SHORT,1.1677655860728677,2024-12-12T12:15:00+05:30,81343.46,2024-12-13T14:15:00+05:30,82121.25,death_cross,golden_cross,-908.28,72.24,3.82,19.09,-1003.42,1.08
NSE:ITC,SHORT,135,2024-12-09T10:15:00+05:30,469.4,2024-12-13T14:15:00+05:30,469.8,death_cross,golden_cross,-54.0,204.03,12.68,38.04,-308.75,4.17
NSE:BANKNIFTY,SHORT,1.757666969268274,2024-12-12T10:15:00+05:30,53360.9,2024-12-13T15:15:00+05:30,53630.55,death_cross,golden_cross,-473.95,71.9,3.76,18.81,-568.43,1.21
NSE:HDFCBANK,SHORT,145,2024-12-12T11:15:00+05:30,464.93,2024-12-13T15:15:00+05:30,468.32,death_cross,golden_cross,-493.0,213.54,13.53,40.6,-760.67,1.17
NSE:SBIN,SHORT,80,2024-12-12T10:15:00+05:30,853.8,2024-12-16T09:15:00+05:30,864.0,death_cross,golden_cross,-816.0,215.9,13.74,41.23,-1086.87,3.96
NSE:ADANIGREEN,LONG,105,2024-12-12T13:15:00+05:30,1227.75,2024-12-16T10:15:00+05:30,1174.35,golden_cross,death_cross,-5607.0,343.82,25.22,75.67,-6051.71,3.88
NSE:TCS,LONG,10,2024-12-12T10:15:00+05:30,4465.75,2024-12-16T11:15:00+05:30,4408.25,golden_cross,death_cross,-575.0,161.78,8.87,26.62,-772.28,4.04
NSE:HDFCBANK,LONG,145,2024-12-16T09:15:00+05:30,467.09,2024-12-17T09:15:00+05:30,462.57,golden_cross,death_cross,-654.67,212.97,13.48,40.44,-921.57,1.0
NSE:NIFTY,LONG,4.277181651465232,2024-12-13T15:15:00+05:30,24781.3,2024-12-17T10:15:00+05:30,24467.85,golden_cross,death_cross,-1340.68,74.8,4.21,21.06,-1440.76,3.79
NSE:SENSEX,LONG,1.1438281374569892,2024-12-13T15:15:00+05:30,82171.15,2024-12-17T10:15:00+05:30,81097.72,golden_cross,death_cross,-1227.82,71.66,3.74,18.68,-1321.89,3.79
NSE:BANKNIFTY,LONG,1.7381570151744232,2024-12-16T09:15:00+05:30,53633.8,2024-12-17T11:15:00+05:30,52839.6,golden_cross,death_cross,-1380.44,71.43,3.7,18.51,-1474.08,1.08
NSE:INFY,LONG,35,2024-12-03T11:15:00+05:30,1895.65,2024-12-17T11:15:00+05:30,1970.35,golden_cross,death_cross,2614.5,213.29,13.53,40.59,2347.08,14.0
NSE:SBIN,LONG,80,2024-12-16T10:15:00+05:30,859.5,2024-12-17T11:15:00+05:30,851.5,golden_cross,death_cross,-640.0,215.28,13.69,41.06,-910.03,1.04
NSE:BHARTIARTL,LONG,50,2024-12-12T12:15:00+05:30,1602.4,2024-12-17T12:15:00+05:30,1612.3,golden_cross,death_cross,495.0,241.71,16.07,48.22,189.0,5.0
NSE:ICICIBANK,LONG,35,2024-12-13T12:15:00+05:30,1340.5,2024-12-17T13:15:00+05:30,1328.0,golden_cross,death_cross,-437.5,166.95,9.34,28.02,-641.81,4.04
NSE:HCLTECH,LONG,35,2024-12-03T10:15:00+05:30,1888.35,2024-12-19T10:15:00+05:30,1935.5,golden_cross,death_cross,1650.25,211.73,13.38,40.15,1384.99,16.0
NSE:ITC,LONG,135,2024-12-13T15:15:00+05:30,471.0,2024-12-19T12:15:00+05:30,467.2,golden_cross,death_cross,-513.0,203.91,12.67,38.0,-767.58,5.88
NSE:WIPRO,LONG,355,2024-12-02T11:15:00+05:30,145.19,2024-12-20T12:15:00+05:30,306.85,golden_cross,death_cross,57389.3,237.15,16.05,48.14,57087.96,18.04
NSE:ITC,SHORT,135,2024-12-19T13:15:00+05:30,467.25,2024-12-23T10:15:00+05:30,474.25,death_cross,golden_cross,-945.0,204.44,12.71,38.13,-1200.28,3.88
NSE:TATACONSUM,SHORT,75,2024-12-09T11:15:00+05:30,938.75,2024-12-24T11:15:00+05:30,909.0,death_cross,golden_cross,2231.25,216.96,13.86,41.57,1958.86,15.0
NSE:TATACONSUM,LONG,80,2024-12-24T12:15:00+05:30,907.8,2024-12-26T13:15:00+05:30,901.5,golden_cross,death_cross,-504.0,224.01,14.47,43.42,-785.91,2.04
NSE:BHARTIARTL,SHORT,50,2024-12-17T13:15:00+05:30,1612.8,2024-12-26T13:15:00+05:30,1603.15,death_cross,golden_cross,482.5,241.78,16.08,48.24,176.4,9.0
NSE:ADANIGREEN,SHORT,105,2024-12-16T11:15:00+05:30,1170.95,2024-12-26T14:15:00+05:30,1063.35,death_cross,golden_cross,11298.0,322.98,23.46,70.38,10881.18,10.12
NSE:ICICIBANK,SHORT,35,2024-12-17T14:15:00+05:30,1332.85,2024-12-27T09:15:00+05:30,1313.95,death_cross,golden_cross,661.5,166.02,9.26,27.79,458.42,9.79
NSE:BANKNIFTY,SHORT,1.7353254657901456,2024-12-17T12:15:00+05:30,52874.4,2024-12-27T10:15:00+05:30,51564.55,death_cross,golden_cross,2273.02,71.25,3.62,18.12,2180.01,9.92
NSE:NIFTY,SHORT,4.288797703807904,2024-12-17T11:15:00+05:30,24379.25,2024-12-27T10:15:00+05:30,23903.55,death_cross,golden_cross,2040.18,74.63,4.14,20.71,1940.7,9.96
NSE:WIPRO,SHORT,350,2024-12-20T13:15:00+05:30,306.95,2024-12-27T10:15:00+05:30,310.4,death_cross,golden_cross,-1207.5,303.33,21.61,64.82,-1597.25,6.88
NSE:SENSEX,SHORT,1.14707517121427,2024-12-17T11:15:00+05:30,80789.59,2024-12-27T11:15:00+05:30,78766.53,death_cross,golden_cross,2320.6,71.49,3.66,18.3,2227.15,10.0
NSE:TATACONSUM,SHORT,80,2024-12-26T14:15:00+05:30,901.5,2024-12-27T11:15:00+05:30,905.3,death_cross,golden_cross,-304.0,223.77,14.45,43.36,-585.59,0.88
NSE:HINDUNILVR,SHORT,35,2024-12-09T10:15:00+05:30,2392.05,2024-12-27T15:15:00+05:30,2344.0,death_cross,golden_cross,1681.75,247.2,16.58,49.73,1368.24,18.21
NSE:HDFCBANK,SHORT,145,2024-12-17T10:15:00+05:30,462.25,2024-12-30T09:15:00+05:30,449.62,death_cross,golden_cross,1830.62,209.92,13.22,39.67,1567.82,12.96
NSE:NIFTY,LONG,4.465986530734995,2024-12-27T11:15:00+05:30,23845.25,2024-12-30T10:15:00+05:30,23787.4,golden_cross,death_cross,-258.36,75.17,4.25,21.27,-359.05,2.96
NSE:SENSEX,LONG,1.2036924666965323,2024-12-27T12:15:00+05:30,78834.27,2024-12-30T10:15:00+05:30,78661.46,golden_cross,death_cross,-208.01,72.13,3.79,18.96,-302.89,2.92
NSE:HINDUNILVR,SHORT,35,2024-12-30T09:15:00+05:30,2334.15,2024-12-30T10:15:00+05:30,2344.25,death_cross,golden_cross,-353.5,76.02,16.37,49.12,-495.01,0.04
NSE:HDFCBANK,SHORT,150,2024-12-30T10:15:00+05:30,448.45,2024-12-30T11:15:00+05:30,453.15,death_cross,golden_cross,-705.0,70.96,13.52,40.57,-830.05,0.04
NSE:WIPRO,LONG,345,2024-12-27T11:15:00+05:30,309.25,2024-12-30T11:15:00+05:30,304.8,golden_cross,death_cross,-1535.25,298.66,21.18,63.55,-1918.64,3.0
NSE:BANKNIFTY,LONG,1.8295084292545627,2024-12-27T11:15:00+05:30,51340.45,2024-12-30T13:15:00+05:30,50791.25,golden_cross,death_cross,-1004.77,71.7,3.74,18.69,-1098.89,3.08
NSE:NIFTY,LONG,4.444236284986399,2024-12-30T11:15:00+05:30,23881.4,2024-12-30T13:15:00+05:30,23640.1,golden_cross,death_cross,-1072.39,74.9,4.22,21.12,-1172.63,0.08
NSE:HDFCBANK,LONG,150,2024-12-30T12:15:00+05:30,448.38,2024-12-30T13:15:00+05:30,443.68,golden_cross,death_cross,-705.0,70.7,13.38,40.14,-829.23,0.04
NSE:SENSEX,LONG,1.1973803676016292,2024-12-30T11:15:00+05:30,78997.65,2024-12-30T13:15:00+05:30,78153.69,golden_cross,death_cross,-1010.54,71.87,3.76,18.82,-1104.99,0.08
NSE:HINDUNILVR,LONG,35,2024-12-30T11:15:00+05:30,2338.65,2024-12-30T13:15:00+05:30,2330.35,golden_cross,death_cross,-290.5,75.97,16.34,49.02,-431.83,0.08
NSE:HCLTECH,SHORT,35,2024-12-19T11:15:00+05:30,1939.15,2024-12-30T14:15:00+05:30,1932.65,death_cross,golden_cross,227.5,213.7,13.55,40.65,-40.4,11.12
NSE:TATACONSUM,LONG,75,2024-12-27T12:15:00+05:30,910.2,2024-12-30T14:15:00+05:30,899.4,golden_cross,death_cross,-810.0,214.01,13.57,40.72,-1078.29,3.08
NSE:BHARTIARTL,LONG,50,2024-12-26T14:15:00+05:30,1600.45,2024-12-30T14:15:00+05:30,1581.4,golden_cross,death_cross,-952.5,239.99,15.91,47.73,-1256.13,4.0
NSE:ICICIBANK,LONG,40,2024-12-27T10:15:00+05:30,1307.65,2024-12-30T15:15:00+05:30,1293.45,golden_cross,death_cross,-568.0,178.79,10.4,31.21,-788.41,3.21
NSE:HINDUNILVR,LONG,35,2024-12-30T14:15:00+05:30,2345.2,2024-12-30T15:15:00+05:30,2338.0,golden_cross,death_cross,-252.0,76.06,16.39,49.17,-393.62,0.04
NSE:ADANIGREEN,LONG,130,2024-12-26T15:15:00+05:30,1067.8,2024-12-31T10:15:00+05:30,1037.85,golden_cross,death_cross,-3893.5,367.6,27.37,82.12,-4370.6,4.79
NSE:TATACONSUM,SHORT,75,2024-12-30T15:15:00+05:30,902.05,2024-12-31T13:15:00+05:30,913.0,death_cross,golden_cross,-821.25,214.46,13.61,40.84,-1090.16,0.92
NSE:HINDUNILVR,LONG,35,2024-12-31T09:15:00+05:30,2342.1,2024-12-31T14:15:00+05:30,2327.75,golden_cross,death_cross,-502.25,75.95,16.34,49.03,-643.58,0.21
NSE:LT,SHORT,25,2024-12-12T11:15:00+05:30,3869.5,2025-01-01T10:15:00+05:30,3657.05,death_cross,golden_cross,5311.25,271.82,18.82,56.45,4964.16,19.96
NSE:SENSEX,SHORT,1.1962453466790623,2024-12-30T14:15:00+05:30,78151.65,2025-01-01T13:15:00+05:30,78649.8,death_cross,golden_cross,-595.91,71.83,3.75,18.76,-690.25,1.96
NSE:NIFTY,SHORT,4.444393278431761,2024-12-30T14:15:00+05:30,23617.5,2025-01-01T14:15:00+05:30,23739.95,death_cross,golden_cross,-544.22,74.85,4.21,21.05,-644.32,2.0
NSE:BHARTIARTL,SHORT,50,2024-12-30T15:15:00+05:30,1590.65,2025-01-01T15:15:00+05:30,1597.95,death_cross,golden_cross,-365.0,240.32,15.94,47.83,-669.09,2.0
NSE:BANKNIFTY,SHORT,1.8223006556958519,2024-12-30T14:15:00+05:30,50942.3,2025-01-02T10:15:00+05:30,51275.85,death_cross,golden_cross,-607.83,71.66,3.73,18.63,-701.84,2.83
NSE:HDFCBANK,SHORT,150,2024-12-30T14:15:00+05:30,444.01,2025-01-02T10:15:00+05:30,447.43,death_cross,golden_cross,-511.5,211.76,13.37,40.11,-776.74,2.83
NSE:INFY,SHORT,35,2024-12-17T12:15:00+05:30,1967.95,2025-01-02T10:15:00+05:30,1935.7,death_cross,golden_cross,1128.75,214.87,13.66,40.99,859.23,15.92
NSE:TCS,SHORT,10,2024-12-16T12:15:00+05:30,4419.9,2025-01-02T10:15:00+05:30,4148.65,death_cross,golden_cross,2712.5,158.14,8.57,25.71,2520.08,16.92
NSE:HINDUNILVR,SHORT,35,2024-12-31T15:15:00+05:30,2327.0,2025-01-02T11:15:00+05:30,2352.75,death_cross,golden_cross,-901.25,245.21,16.38,49.14,-1211.97,1.83
NSE:SBIN,SHORT,75,2024-12-17T12:15:00+05:30,849.9,2025-01-02T15:15:00+05:30,802.25,death_cross,golden_cross,3573.75,200.56,12.39,37.17,3323.63,16.12
NSE:HDFCBANK,LONG,145,2025-01-02T11:15:00+05:30,446.3,2025-01-03T09:15:00+05:30,441.76,golden_cross,death_cross,-657.58,206.27,12.88,38.63,-915.35,0.92
NSE:ADANIGREEN,SHORT,130,2024-12-31T11:15:00+05:30,1033.45,2025-01-03T09:15:00+05:30,1055.85,death_cross,golden_cross,-2912.0,365.17,27.16,81.48,-3385.81,2.92
NSE:TATASTEEL,SHORT,640,2024-12-13T10:15:00+05:30,146.45,2025-01-03T10:15:00+05:30,138.45,death_cross,golden_cross,5120.0,265.36,18.23,54.7,4781.7,21.0
NSE:TCS,LONG,15,2025-01-02T11:15:00+05:30,4129.65,2025-01-03T13:15:00+05:30,4108.35,golden_cross,death_cross,-319.5,200.47,12.36,37.07,-569.4,1.08
NSE:BANKNIFTY,LONG,1.8020452614384237,2025-01-02T11:15:00+05:30,51126.6,2025-01-03T14:15:00+05:30,50968.85,golden_cross,death_cross,-284.27,71.39,3.68,18.4,-377.74,1.12
NSE:ITC,LONG,130,2024-12-23T11:15:00+05:30,475.0,2025-01-03T14:15:00+05:30,480.5,golden_cross,death_cross,715.0,201.11,12.42,37.26,464.21,11.12
NSE:ADANIGREEN,LONG,120,2025-01-03T10:15:00+05:30,1053.7,2025-01-03T14:15:00+05:30,1040.0,golden_cross,death_cross,-1644.0,91.29,25.12,75.37,-1835.79,0.17
NSE:SBIN,LONG,85,2025-01-03T09:15:00+05:30,802.2,2025-01-03T15:15:00+05:30,793.3,golden_cross,death_cross,-756.5,71.02,13.56,40.69,-881.76,0.25
NSE:TATASTEEL,LONG,710,2025-01-03T11:15:00+05:30,139.35,2025-01-06T09:15:00+05:30,135.75,golden_cross,death_cross,-2556.0,280.37,19.53,58.6,-2914.5,2.92
NSE:BHARTIARTL,LONG,50,2025-01-02T09:15:00+05:30,1599.75,2025-01-06T10:15:00+05:30,1587.45,golden_cross,death_cross,-615.0,240.26,15.94,47.81,-919.01,4.04
NSE:NIFTY,LONG,4.390941599397462,2025-01-01T15:15:00+05:30,23758.7,2025-01-06T11:15:00+05:30,23719.8,golden_cross,death_cross,-170.81,74.62,4.17,20.85,-270.44,4.83
NSE:SENSEX,LONG,1.1822387663061635,2025-01-01T14:15:00+05:30,78495.45,2025-01-06T11:15:00+05:30,78327.42,golden_cross,death_cross,-198.65,71.58,3.71,18.54,-292.48,4.88
NSE:LT,LONG,30,2025-01-01T11:15:00+05:30,3652.65,2025-01-06T11:15:00+05:30,3620.0,golden_cross,death_cross,-979.5,305.65,21.82,65.45,-1372.42,5.0
NSE:HCLTECH,LONG,35,2024-12-30T15:15:00+05:30,1910.65,2025-01-07T11:15:00+05:30,1926.45,golden_cross,death_cross,553.0,212.32,13.43,40.29,286.96,7.83
NSE:ICICIBANK,SHORT,40,2024-12-31T09:15:00+05:30,1283.95,2025-01-07T12:15:00+05:30,1285.8,death_cross,golden_cross,-74.0,177.36,10.28,30.84,-292.47,7.12
NSE:INFY,LONG,40,2025-01-02T11:15:00+05:30,1937.5,2025-01-07T15:15:00+05:30,1929.0,golden_cross,death_cross,-340.0,235.02,15.47,46.4,-636.88,5.17
NSE:ICICIBANK,LONG,40,2025-01-07T13:15:00+05:30,1279.4,2025-01-08T10:15:00+05:30,1262.05,golden_cross,death_cross,-694.0,176.15,10.17,30.5,-910.81,0.88
NSE:BHARTIARTL,SHORT,50,2025-01-06T11:15:00+05:30,1583.25,2025-01-08T14:15:00+05:30,1599.3,death_cross,golden_cross,-802.5,240.02,15.91,47.74,-1106.17,2.12
NSE:INFY,SHORT,40,2025-01-08T09:15:00+05:30,1911.95,2025-01-09T09:15:00+05:30,1945.4,death_cross,golden_cross,-1338.0,234.69,15.43,46.29,-1634.4,1.0
NSE:TCS,SHORT,15,2025-01-03T14:15:00+05:30,4099.4,2025-01-09T09:15:00+05:30,4123.65,death_cross,golden_cross,-363.75,200.22,12.33,37.0,-613.31,5.79
NSE:INFY,LONG,35,2025-01-09T10:15:00+05:30,1929.1,2025-01-09T12:15:00+05:30,1917.7,golden_cross,death_cross,-399.0,70.88,13.46,40.39,-523.74,0.08
NSE:TCS,LONG,15,2025-01-09T10:15:00+05:30,4083.2,2025-01-09T12:15:00+05:30,4041.8,golden_cross,death_cross,-621.0,68.61,12.19,36.56,-738.36,0.08
NSE:HCLTECH,SHORT,35,2025-01-07T12:15:00+05:30,1921.25,2025-01-09T12:15:00+05:30,1941.6,death_cross,golden_cross,-712.25,213.42,13.52,40.56,-979.75,2.0
NSE:TCS,SHORT,15,2025-01-09T13:15:00+05:30,4052.15,2025-01-10T09:15:00+05:30,4199.0,death_cross,golden_cross,-2202.75,200.83,12.38,37.13,-2453.09,0.83
NSE:INFY,SHORT,35,2025-01-09T13:15:00+05:30,1925.45,2025-01-10T10:15:00+05:30,1954.2,death_cross,golden_cross,-1006.25,214.1,13.58,40.74,-1274.66,0.88
NSE:WIPRO,SHORT,345,2024-12-30T12:15:00+05:30,304.05,2025-01-10T10:15:00+05:30,300.75,death_cross,golden_cross,1138.5,294.91,20.87,62.6,760.13,10.92
NSE:WIPRO,LONG,350,2025-01-10T11:15:00+05:30,302.2,2025-01-13T12:15:00+05:30,292.45,golden_cross,death_cross,-3412.5,294.66,20.81,62.44,-3790.41,3.04
NSE:BHARTIARTL,LONG,50,2025-01-08T15:15:00+05:30,1601.15,2025-01-13T13:15:00+05:30,1596.65,golden_cross,death_cross,-225.0,240.82,15.99,47.97,-529.78,4.92
NSE:HCLTECH,LONG,35,2025-01-09T13:15:00+05:30,1937.5,2025-01-14T09:15:00+05:30,1810.95,golden_cross,death_cross,-4429.25,209.25,13.12,39.36,-4690.98,4.83
NSE:BHARTIARTL,SHORT,50,2025-01-13T14:15:00+05:30,1597.55,2025-01-14T09:15:00+05:30,1617.25,death_cross,golden_cross,-985.0,241.82,16.07,48.22,-1291.12,0.79
NSE:HINDUNILVR,LONG,35,2025-01-02T12:15:00+05:30,2365.5,2025-01-14T11:15:00+05:30,2397.85,golden_cross,death_cross,1132.25,248.31,16.67,50.02,817.26,11.96
NSE:ADANIGREEN,SHORT,120,2025-01-03T15:15:00+05:30,1039.0,2025-01-14T11:15:00+05:30,1009.55,death_cross,golden_cross,3534.0,336.03,24.58,73.75,3099.64,10.83
NSE:INFY,LONG,35,2025-01-10T11:15:00+05:30,1969.6,2025-01-14T13:15:00+05:30,1938.7,golden_cross,death_cross,-1081.5,215.22,13.68,41.04,-1351.43,4.08
NSE:BHARTIARTL,LONG,45,2025-01-14T10:15:00+05:30,1618.55,2025-01-14T13:15:00+05:30,1586.8,golden_cross,death_cross,-1428.75,72.46,14.42,43.27,-1558.91,0.12
NSE:TATACONSUM,LONG,75,2024-12-31T14:15:00+05:30,915.0,2025-01-14T15:15:00+05:30,959.35,golden_cross,death_cross,3326.25,219.09,14.06,42.17,3050.93,14.04
NSE:SBIN,SHORT,85,2025-01-06T09:15:00+05:30,788.9,2025-01-15T09:15:00+05:30,757.3,death_cross,golden_cross,2686.0,208.97,13.14,39.43,2424.46,9.0
NSE:BHARTIARTL,SHORT,45,2025-01-14T14:15:00+05:30,1600.45,2025-01-15T13:15:00+05:30,1606.7,death_cross,golden_cross,-281.25,223.53,14.43,43.3,-562.5,0.96
NSE:BANKNIFTY,SHORT,1.8000429943431744,2025-01-03T15:15:00+05:30,50974.25,2025-01-16T09:15:00+05:30,49231.2,death_cross,golden_cross,3137.56,71.22,3.61,18.04,3044.7,12.75
NSE:INFY,SHORT,35,2025-01-14T14:15:00+05:30,1940.95,2025-01-16T09:15:00+05:30,1950.85,death_cross,golden_cross,-346.5,214.52,13.62,40.86,-615.5,1.79
NSE:TCS,LONG,10,2025-01-10T10:15:00+05:30,4235.9,2025-01-16T11:15:00+05:30,4204.2,golden_cross,death_cross,-317.0,156.94,8.44,25.32,-507.7,6.04
NSE:ICICIBANK,SHORT,40,2025-01-08T11:15:00+05:30,1258.75,2025-01-16T11:15:00+05:30,1245.3,death_cross,golden_cross,538.0,174.39,10.02,30.05,323.54,8.0
NSE:LT,SHORT,30,2025-01-06T12:15:00+05:30,3614.65,2025-01-16T11:15:00+05:30,3525.0,death_cross,golden_cross,2689.5,300.94,21.42,64.26,2302.88,9.96
NSE:NIFTY,SHORT,4.387718574795682,2025-01-06T12:15:00+05:30,23714.7,2025-01-16T12:15:00+05:30,23318.0,death_cross,golden_cross,1740.61,74.51,4.13,20.64,1641.33,10.0
NSE:SENSEX,SHORT,1.1817181248585706,2025-01-06T12:15:00+05:30,78283.27,2025-01-16T12:15:00+05:30,77068.89,death_cross,golden_cross,1435.05,71.49,3.67,18.36,1341.54,10.0
NSE:TATASTEEL,SHORT,720,2025-01-06T10:15:00+05:30,133.11,2025-01-16T12:15:00+05:30,127.27,death_cross,golden_cross,4204.8,271.14,18.75,56.24,3858.67,10.08
NSE:HDFCBANK,SHORT,145,2025-01-03T10:15:00+05:30,440.02,2025-01-16T15:15:00+05:30,413.71,death_cross,golden_cross,3814.95,200.41,12.38,37.14,3565.03,13.21
NSE:NIFTY,LONG,4.529561816643063,2025-01-16T13:15:00+05:30,23333.35,2025-01-17T10:15:00+05:30,23131.85,golden_cross,death_cross,-912.71,74.81,4.21,21.05,-1012.78,0.88
NSE:SENSEX,LONG,1.2176607624043558,2025-01-16T13:15:00+05:30,77070.96,2025-01-17T10:15:00+05:30,76374.38,golden_cross,death_cross,-848.2,71.71,3.74,18.68,-942.33,0.88
NSE:ICICIBANK,LONG,40,2025-01-16T12:15:00+05:30,1253.1,2025-01-17T10:15:00+05:30,1224.1,golden_cross,death_cross,-1160.0,173.33,9.91,29.73,-1372.96,0.92
NSE:BANKNIFTY,LONG,1.9252445379907668,2025-01-16T10:15:00+05:30,49236.05,2025-01-17T11:15:00+05:30,48513.35,golden_cross,death_cross,-1391.37,71.84,3.76,18.82,-1485.8,1.04
NSE:ITC,SHORT,130,2025-01-03T15:15:00+05:30,483.95,2025-01-17T13:15:00+05:30,440.75,death_cross,golden_cross,5616.0,196.29,12.02,36.06,5371.63,13.92
NSE:TATACONSUM,SHORT,75,2025-01-15T09:15:00+05:30,946.4,2025-01-17T14:15:00+05:30,954.65,death_cross,golden_cross,-618.75,221.61,14.26,42.77,-897.4,2.21
NSE:TATACONSUM,LONG,75,2025-01-17T15:15:00+05:30,952.4,2025-01-20T09:15:00+05:30,947.1,golden_cross,death_cross,-397.5,221.47,14.25,42.74,-675.95,2.75
NSE:WIPRO,SHORT,345,2025-01-13T13:15:00+05:30,291.65,2025-01-20T10:15:00+05:30,300.95,death_cross,golden_cross,-3208.5,290.56,20.44,61.33,-3580.84,6.88
NSE:BANKNIFTY,SHORT,1.9254457097915365,2025-01-17T12:15:00+05:30,48461.55,2025-01-20T11:15:00+05:30,49311.3,death_cross,golden_cross,-1636.15,71.83,3.77,18.83,-1730.56,2.96
NSE:NIFTY,SHORT,4.510333455897654,2025-01-17T11:15:00+05:30,23208.95,2025-01-20T11:15:00+05:30,23342.95,death_cross,golden_cross,-604.38,74.78,4.2,21.0,-704.36,3.0
NSE:SENSEX,SHORT,1.212191061975364,2025-01-17T11:15:00+05:30,76643.67,2025-01-20T11:15:00+05:30,77182.26,death_cross,golden_cross,-652.87,71.68,3.73,18.65,-746.93,3.0
NSE:HDFCBANK,SHORT,165,2025-01-17T09:15:00+05:30,409.64,2025-01-20T12:15:00+05:30,413.93,death_cross,golden_cross,-707.03,214.19,13.59,40.77,-975.57,3.12
NSE:HDFCBANK,LONG,165,2025-01-20T13:15:00+05:30,412.99,2025-01-21T10:15:00+05:30,408.84,golden_cross,death_cross,-684.75,213.87,13.56,40.68,-952.86,0.88
NSE:SENSEX,LONG,1.1933840254420305,2025-01-20T12:15:00+05:30,77227.51,2025-01-21T10:15:00+05:30,76330.63,golden_cross,death_cross,-1070.32,71.22,3.67,18.33,-1163.53,0.92
NSE:HDFCBANK,SHORT,160,2025-01-21T11:15:00+05:30,411.85,2025-01-21T12:15:00+05:30,411.7,death_cross,golden_cross,24.0,70.42,13.18,39.53,-99.13,0.04
NSE:HCLTECH,SHORT,35,2025-01-14T10:15:00+05:30,1822.05,2025-01-21T12:15:00+05:30,1815.7,death_cross,golden_cross,222.25,204.6,12.73,38.2,-33.27,7.08
NSE:BANKNIFTY,LONG,1.8486329296184794,2025-01-20T12:15:00+05:30,49541.85,2025-01-21T13:15:00+05:30,48742.5,golden_cross,death_cross,-1477.7,70.98,3.63,18.17,-1570.48,1.04
NSE:NIFTY,LONG,4.451163940005296,2025-01-20T12:15:00+05:30,23359.7,2025-01-21T13:15:00+05:30,23196.85,golden_cross,death_cross,-724.87,74.41,4.14,20.72,-824.14,1.04
NSE:SBIN,LONG,95,2025-01-15T10:15:00+05:30,756.8,2025-01-21T14:15:00+05:30,758.9,golden_cross,death_cross,199.5,223.12,14.4,43.2,-81.22,6.17
NSE:ADANIGREEN,LONG,130,2025-01-14T12:15:00+05:30,1005.6,2025-01-21T14:15:00+05:30,1046.7,golden_cross,death_cross,5343.0,359.2,26.68,80.04,4877.08,7.08
NSE:HDFCBANK,SHORT,160,2025-01-21T13:15:00+05:30,411.07,2025-01-22T09:15:00+05:30,413.0,death_cross,golden_cross,-308.0,209.67,13.19,39.56,-570.41,0.83
NSE:LT,LONG,30,2025-01-16T12:15:00+05:30,3518.9,2025-01-22T10:15:00+05:30,3532.2,golden_cross,death_cross,399.0,298.16,21.15,63.46,16.23,5.92
NSE:TATASTEEL,LONG,780,2025-01-16T13:15:00+05:30,128.14,2025-01-22T11:15:00+05:30,127.76,golden_cross,death_cross,-296.4,284.96,19.96,59.88,-661.2,5.92
NSE:INFY,SHORT,35,2025-01-16T10:15:00+05:30,1942.45,2025-01-22T13:15:00+05:30,1861.5,death_cross,golden_cross,2833.25,210.86,13.31,39.94,2569.13,6.12
NSE:TCS,SHORT,10,2025-01-16T12:15:00+05:30,4199.25,2025-01-22T13:15:00+05:30,4144.7,death_cross,golden_cross,545.5,155.81,8.34,25.03,356.31,6.04
NSE:HDFCBANK,SHORT,160,2025-01-22T10:15:00+05:30,410.62,2025-01-22T14:15:00+05:30,416.44,death_cross,golden_cross,-930.4,70.42,13.23,39.7,-1053.75,0.17
NSE:ITC,LONG,155,2025-01-17T14:15:00+05:30,439.9,2025-01-22T14:15:00+05:30,436.95,golden_cross,death_cross,-457.25,214.19,13.59,40.77,-725.81,5.0
NSE:BHARTIARTL,LONG,45,2025-01-15T14:15:00+05:30,1607.3,2025-01-22T15:15:00+05:30,1631.0,golden_cross,death_cross,1066.5,224.98,14.57,43.72,783.23,7.04
NSE:ITC,SHORT,150,2025-01-22T15:15:00+05:30,436.75,2025-01-23T10:15:00+05:30,440.0,death_cross,golden_cross,-487.5,209.31,13.15,39.45,-749.41,0.79
NSE:NIFTY,SHORT,4.480677533647565,2025-01-21T14:15:00+05:30,23022.45,2025-01-23T12:15:00+05:30,23244.55,death_cross,golden_cross,-995.16,74.39,4.15,20.73,-1094.43,1.92
NSE:TATASTEEL,SHORT,775,2025-01-22T12:15:00+05:30,127.93,2025-01-23T12:15:00+05:30,130.39,death_cross,golden_cross,-1906.5,285.74,20.02,60.06,-2272.32,1.0
NSE:SENSEX,SHORT,1.1852561765131246,2025-01-21T11:15:00+05:30,76778.36,2025-01-23T13:15:00+05:30,76623.65,death_cross,golden_cross,183.37,71.14,3.64,18.18,90.41,2.08
NSE:SENSEX,LONG,1.1905846127279727,2025-01-23T14:15:00+05:30,76510.45,2025-01-24T09:15:00+05:30,76382.99,golden_cross,death_cross,-151.75,71.14,3.64,18.2,-244.74,0.79
NSE:HCLTECH,LONG,35,2025-01-21T13:15:00+05:30,1810.0,2025-01-24T10:15:00+05:30,1805.75,golden_cross,death_cross,-148.75,203.77,12.66,37.97,-403.14,2.88
NSE:HINDUNILVR,SHORT,35,2025-01-14T12:15:00+05:30,2390.95,2025-01-24T11:15:00+05:30,2359.25,death_cross,golden_cross,1109.5,247.8,16.63,49.88,795.2,9.96
NSE:ICICIBANK,SHORT,40,2025-01-17T11:15:00+05:30,1227.2,2025-01-24T12:15:00+05:30,1212.15,death_cross,golden_cross,602.0,171.51,9.76,29.27,391.46,7.04
NSE:NIFTY,LONG,4.391791793953224,2025-01-23T13:15:00+05:30,23239.95,2025-01-24T14:15:00+05:30,23077.5,golden_cross,death_cross,-713.45,73.9,4.07,20.34,-811.76,1.04
NSE:SENSEX,LONG,1.1829780520934865,2025-01-24T10:15:00+05:30,76796.15,2025-01-24T14:15:00+05:30,76159.17,golden_cross,death_cross,-753.53,70.94,3.62,18.09,-846.19,0.17
NSE:HDFCBANK,LONG,155,2025-01-22T15:15:00+05:30,417.98,2025-01-24T15:15:00+05:30,411.25,golden_cross,death_cross,-1042.38,206.03,12.85,38.56,-1299.82,2.0
NSE:ICICIBANK,SHORT,40,2025-01-24T13:15:00+05:30,1206.4,2025-01-24T15:15:00+05:30,1213.7,death_cross,golden_cross,-292.0,64.23,9.68,29.04,-394.95,0.08
NSE:TCS,LONG,15,2025-01-22T14:15:00+05:30,4157.0,2025-01-27T10:15:00+05:30,4069.45,golden_cross,death_cross,-1313.25,200.35,12.34,37.02,-1562.96,4.83
NSE:TATASTEEL,LONG,740,2025-01-23T13:15:00+05:30,130.46,2025-01-27T10:15:00+05:30,128.38,golden_cross,death_cross,-1539.2,276.09,19.15,57.46,-1891.91,3.88
NSE:BHARTIARTL,LONG,45,2025-01-23T09:15:00+05:30,1637.0,2025-01-27T10:15:00+05:30,1611.5,golden_cross,death_cross,-1147.5,225.66,14.62,43.85,-1431.63,4.04
NSE:INFY,LONG,40,2025-01-22T14:15:00+05:30,1855.95,2025-01-27T12:15:00+05:30,1834.3,golden_cross,death_cross,-866.0,227.22,14.76,44.28,-1152.27,4.92
NSE:ITC,LONG,150,2025-01-23T11:15:00+05:30,441.0,2025-01-27T13:15:00+05:30,437.6,golden_cross,death_cross,-510.0,209.62,13.18,39.54,-772.33,4.08
NSE:WIPRO,LONG,325,2025-01-20T11:15:00+05:30,299.95,2025-01-27T13:15:00+05:30,307.75,golden_cross,death_cross,2535.0,282.41,19.75,59.25,2173.59,7.08
NSE:TATACONSUM,LONG,75,2025-01-20T10:15:00+05:30,954.9,2025-01-27T13:15:00+05:30,967.25,golden_cross,death_cross,926.25,223.26,14.42,43.25,645.33,7.12
NSE:HDFCBANK,SHORT,155,2025-01-27T09:15:00+05:30,408.44,2025-01-28T10:15:00+05:30,419.17,death_cross,golden_cross,-1662.38,205.8,12.83,38.48,-1919.49,1.04
NSE:BANKNIFTY,SHORT,1.8529672307372893,2025-01-21T14:15:00+05:30,48580.95,2025-01-28T11:15:00+05:30,49116.75,death_cross,golden_cross,-992.82,70.93,3.62,18.1,-1085.48,6.88
NSE:SBIN,SHORT,95,2025-01-21T15:15:00+05:30,759.8,2025-01-28T12:15:00+05:30,755.75,death_cross,golden_cross,384.75,223.09,14.4,43.19,104.07,6.88
NSE:TATASTEEL,SHORT,740,2025-01-27T11:15:00+05:30,128.43,2025-01-29T09:15:00+05:30,130.55,death_cross,golden_cross,-1568.8,276.21,19.16,57.49,-1921.67,1.92
NSE:SENSEX,SHORT,1.1809034016882742,2025-01-24T15:15:00+05:30,76216.65,2025-01-29T10:15:00+05:30,76265.29,death_cross,golden_cross,-57.44,70.89,3.6,18.01,-149.94,4.79
NSE:NIFTY,SHORT,4.38519506799059,2025-01-24T15:15:00+05:30,23090.35,2025-01-29T11:15:00+05:30,23120.95,death_cross,golden_cross,-134.19,73.85,4.05,20.26,-232.36,4.83
NSE:INFY,SHORT,40,2025-01-27T13:15:00+05:30,1819.6,2025-01-29T12:15:00+05:30,1859.85,death_cross,golden_cross,-1610.0,226.8,14.72,44.15,-1895.67,1.96
NSE:WIPRO,SHORT,325,2025-01-27T14:15:00+05:30,307.9,2025-01-29T14:15:00+05:30,312.6,death_cross,golden_cross,-1527.5,287.34,20.17,60.5,-1895.5,2.0
NSE:TCS,SHORT,15,2025-01-27T11:15:00+05:30,4057.3,2025-01-29T15:15:00+05:30,4105.0,death_cross,golden_cross,-715.5,199.24,12.24,36.73,-963.71,2.17
NSE:LT,SHORT,30,2025-01-22T11:15:00+05:30,3512.4,2025-01-30T09:15:00+05:30,3505.0,death_cross,golden_cross,222.0,297.05,21.05,63.16,-159.26,7.92
NSE:LT,LONG,30,2025-01-30T10:15:00+05:30,3487.05,2025-01-30T11:15:00+05:30,3417.5,golden_cross,death_cross,-2086.5,83.47,20.71,62.14,-2252.83,0.04
NSE:WIPRO,LONG,315,2025-01-29T15:15:00+05:30,312.0,2025-01-30T13:15:00+05:30,306.55,golden_cross,death_cross,-1716.75,279.77,19.48,58.45,-2074.46,0.92
NSE:BHARTIARTL,SHORT,45,2025-01-27T11:15:00+05:30,1612.7,2025-01-30T13:15:00+05:30,1625.45,death_cross,golden_cross,-573.75,225.1,14.57,43.72,-857.13,3.08
NSE:ITC,SHORT,150,2025-01-27T14:15:00+05:30,440.4,2025-01-31T09:15:00+05:30,441.6,death_cross,golden_cross,-180.0,210.16,13.23,39.69,-443.08,3.79
NSE:WIPRO,SHORT,310,2025-01-30T14:15:00+05:30,309.55,2025-01-31T09:15:00+05:30,312.2,death_cross,golden_cross,-821.5,277.37,19.27,57.82,-1175.97,0.79
NSE:TATACONSUM,SHORT,75,2025-01-27T14:15:00+05:30,965.4,2025-01-31T09:15:00+05:30,1006.35,death_cross,golden_cross,-3071.25,227.69,14.79,44.36,-3358.09,3.79
NSE:LT,SHORT,30,2025-01-30T12:15:00+05:30,3425.0,2025-01-31T09:15:00+05:30,3561.95,death_cross,golden_cross,-4108.5,296.36,20.96,62.88,-4488.7,0.88
NSE:ADANIGREEN,SHORT,130,2025-01-21T15:15:00+05:30,1045.0,2025-01-31T14:15:00+05:30,1000.05,death_cross,golden_cross,5843.5,358.12,26.59,79.76,5379.04,9.96
NSE:WIPRO,LONG,305,2025-01-31T10:15:00+05:30,312.3,2025-02-01T11:15:00+05:30,307.25,golden_cross,death_cross,-1540.25,273.23,18.9,56.69,-1889.06,1.04
NSE:TCS,LONG,10,2025-01-30T09:15:00+05:30,4117.3,2025-02-01T12:15:00+05:30,4064.65,golden_cross,death_cross,-526.5,154.09,8.18,24.55,-713.32,2.12
NSE:ICICIBANK,LONG,40,2025-01-27T09:15:00+05:30,1228.55,2025-02-01T12:15:00+05:30,1236.35,golden_cross,death_cross,312.0,172.67,9.86,29.58,99.89,5.12
NSE:INFY,LONG,35,2025-01-29T13:15:00+05:30,1886.4,2025-02-01T14:15:00+05:30,1847.95,golden_cross,death_cross,-1345.75,208.47,13.07,39.21,-1606.5,3.04
NSE:LT,LONG,25,2025-01-31T10:15:00+05:30,3559.7,2025-02-01T14:15:00+05:30,3443.7,golden_cross,death_cross,-2900.0,257.91,17.51,52.53,-3227.94,1.17
NSE:SBIN,LONG,95,2025-01-28T13:15:00+05:30,755.3,2025-02-03T10:15:00+05:30,759.1,golden_cross,death_cross,361.0,222.97,14.39,43.16,80.48,5.88
NSE:TATASTEEL,LONG,710,2025-01-29T10:15:00+05:30,130.59,2025-02-03T10:15:00+05:30,130.23,golden_cross,death_cross,-255.6,268.93,18.52,55.55,-598.6,5.0
NSE:ADANIGREEN,LONG,140,2025-01-31T15:15:00+05:30,1006.0,2025-02-03T10:15:00+05:30,982.3,golden_cross,death_cross,-3318.0,372.7,27.84,83.51,-3802.05,2.79
NSE:HDFCBANK,LONG,145,2025-01-28T11:15:00+05:30,419.38,2025-02-03T11:15:00+05:30,420.31,golden_cross,death_cross,136.3,198.42,12.18,36.53,-110.82,6.0
NSE:BANKNIFTY,LONG,1.8085051796212288,2025-01-28T12:15:00+05:30,49176.9,2025-02-03T13:15:00+05:30,49257.65,golden_cross,death_cross,146.04,70.64,3.56,17.8,54.04,6.04
NSE:WIPRO,SHORT,305,2025-02-01T12:15:00+05:30,304.25,2025-02-03T13:15:00+05:30,313.5,death_cross,golden_cross,-2821.25,272.71,18.84,56.52,-3169.33,2.04
NSE:HINDUNILVR,LONG,35,2025-01-24T12:15:00+05:30,2359.05,2025-02-03T14:15:00+05:30,2440.1,golden_cross,death_cross,2836.75,249.57,16.8,50.39,2519.99,10.08
NSE:BANKNIFTY,SHORT,1.8079224214533296,2025-02-03T14:15:00+05:30,49222.55,2025-02-04T09:15:00+05:30,49859.15,death_cross,golden_cross,-1150.92,70.67,3.58,17.91,-1243.09,0.79
NSE:INFY,SHORT,35,2025-02-01T15:15:00+05:30,1863.0,2025-02-04T09:15:00+05:30,1894.45,death_cross,golden_cross,-1100.75,209.35,13.15,39.45,-1362.71,2.75
NSE:SBIN,SHORT,95,2025-02-03T11:15:00+05:30,755.85,2025-02-04T09:15:00+05:30,772.25,death_cross,golden_cross,-1558.0,224.56,14.52,43.55,-1840.63,0.92
NSE:HDFCBANK,SHORT,145,2025-02-03T12:15:00+05:30,420.85,2025-02-04T10:15:00+05:30,423.87,death_cross,golden_cross,-437.17,199.27,12.25,36.75,-685.44,0.92
NSE:TCS,SHORT,10,2025-02-01T13:15:00+05:30,4075.0,2025-02-04T12:15:00+05:30,4093.9,death_cross,golden_cross,-189.0,153.92,8.17,24.51,-375.59,2.96
NSE:TATASTEEL,SHORT,710,2025-02-03T11:15:00+05:30,130.02,2025-02-04T12:15:00+05:30,133.62,death_cross,golden_cross,-2556.0,271.33,18.72,56.16,-2902.2,1.04
NSE:HCLTECH,SHORT,35,2025-01-24T11:15:00+05:30,1811.75,2025-02-04T14:15:00+05:30,1730.2,death_cross,golden_cross,2854.25,200.67,12.4,37.19,2603.99,11.12
NSE:TATACONSUM,LONG,65,2025-01-31T10:15:00+05:30,1007.2,2025-02-05T09:15:00+05:30,1016.95,golden_cross,death_cross,633.75,209.29,13.16,39.47,371.84,4.96
NSE:ADANIGREEN,SHORT,140,2025-02-03T11:15:00+05:30,976.95,2025-02-05T10:15:00+05:30,1004.4,death_cross,golden_cross,-3843.0,371.66,27.74,83.22,-4325.62,1.96
NSE:LT,SHORT,25,2025-02-01T15:15:00+05:30,3458.25,2025-02-05T10:15:00+05:30,3443.7,death_cross,golden_cross,363.75,254.84,17.25,51.76,39.89,3.79
NSE:ITC,LONG,145,2025-01-31T10:15:00+05:30,441.4,2025-02-05T12:15:00+05:30,448.85,golden_cross,death_cross,1080.25,206.49,12.91,38.73,822.12,5.08
NSE:LT,LONG,30,2025-02-05T11:15:00+05:30,3421.1,2025-02-05T14:15:00+05:30,3382.7,golden_cross,death_cross,-1152.0,83.04,20.41,61.23,-1316.69,0.12
NSE:SBIN,LONG,90,2025-02-04T10:15:00+05:30,775.0,2025-02-06T09:15:00+05:30,763.9,golden_cross,death_cross,-999.0,217.11,13.85,41.55,-1271.51,1.96
NSE:TCS,LONG,10,2025-02-04T13:15:00+05:30,4094.75,2025-02-06T11:15:00+05:30,4068.8,golden_cross,death_cross,-259.5,153.86,8.16,24.49,-446.02,1.92
NSE:BHARTIARTL,LONG,45,2025-01-30T14:15:00+05:30,1641.95,2025-02-06T12:15:00+05:30,1632.0,golden_cross,death_cross,-447.75,226.88,14.73,44.2,-733.56,6.92
NSE:TATASTEEL,LONG,670,2025-02-04T13:15:00+05:30,133.4,2025-02-06T13:15:00+05:30,132.64,golden_cross,death_cross,-509.2,261.24,17.82,53.47,-841.74,2.0
NSE:TATASTEEL,SHORT,670,2025-02-06T14:15:00+05:30,132.47,2025-02-07T09:15:00+05:30,134.39,death_cross,golden_cross,-1286.4,261.91,17.88,53.64,-1619.83,0.79
NSE:BHARTIARTL,SHORT,45,2025-02-06T13:15:00+05:30,1620.4,2025-02-07T09:15:00+05:30,1699.9,death_cross,golden_cross,-3577.5,229.43,14.94,44.82,-3866.7,0.83
NSE:ICICIBANK,LONG,35,2025-02-01T13:15:00+05:30,1250.45,2025-02-07T11:15:00+05:30,1259.75,golden_cross,death_cross,325.5,160.73,8.79,26.36,129.62,5.92
NSE:NIFTY,LONG,4.370912422147217,2025-01-29T12:15:00+05:30,23112.8,2025-02-07T12:15:00+05:30,23547.7,golden_cross,death_cross,1900.91,74.21,4.08,20.39,1802.23,9.0
NSE:SENSEX,LONG,1.1761424353972978,2025-01-29T11:15:00+05:30,76398.07,2025-02-07T13:15:00+05:30,77529.12,golden_cross,death_cross,1330.28,71.14,3.62,18.1,1237.41,9.08
NSE:ADANIGREEN,LONG,130,2025-02-05T11:15:00+05:30,999.05,2025-02-07T13:15:00+05:30,989.45,golden_cross,death_cross,-1248.0,350.48,25.85,77.55,-1701.88,2.08
NSE:BANKNIFTY,LONG,1.7613839880470095,2025-02-04T10:15:00+05:30,49819.45,2025-02-10T09:15:00+05:30,49776.55,golden_cross,death_cross,-75.56,70.28,3.51,17.54,-166.89,5.96
NSE:HDFCBANK,LONG,145,2025-02-04T11:15:00+05:30,424.92,2025-02-10T10:15:00+05:30,428.1,golden_cross,death_cross,461.83,200.54,12.37,37.11,211.81,5.96
NSE:INFY,LONG,35,2025-02-04T10:15:00+05:30,1884.25,2025-02-10T10:15:00+05:30,1894.65,golden_cross,death_cross,364.0,210.08,13.23,39.68,101.02,6.0
NSE:TATACONSUM,SHORT,65,2025-02-05T10:15:00+05:30,1020.15,2025-02-10T10:15:00+05:30,1036.85,death_cross,golden_cross,-1085.5,211.79,13.37,40.11,-1350.77,5.0
NSE:TATASTEEL,LONG,635,2025-02-07T10:15:00+05:30,136.88,2025-02-10T14:15:00+05:30,134.03,golden_cross,death_cross,-1809.75,254.43,17.2,51.61,-2132.99,3.17
NSE:WIPRO,LONG,285,2025-02-03T14:15:00+05:30,313.7,2025-02-11T10:15:00+05:30,313.85,golden_cross,death_cross,42.75,261.87,17.89,53.66,-290.66,7.83
NSE:TATACONSUM,LONG,65,2025-02-10T11:15:00+05:30,1031.25,2025-02-11T13:15:00+05:30,1016.0,golden_cross,death_cross,-991.25,211.08,13.31,39.92,-1255.56,1.08
NSE:HCLTECH,LONG,40,2025-02-04T15:15:00+05:30,1732.45,2025-02-12T10:15:00+05:30,1705.1,golden_cross,death_cross,-1094.0,216.01,13.75,41.25,-1365.01,7.79
NSE:TATACONSUM,SHORT,65,2025-02-11T14:15:00+05:30,1014.9,2025-02-12T12:15:00+05:30,1038.2,death_cross,golden_cross,-1514.5,211.54,13.35,40.04,-1779.42,0.92
NSE:TATASTEEL,SHORT,635,2025-02-10T15:15:00+05:30,133.91,2025-02-13T09:15:00+05:30,135.92,death_cross,golden_cross,-1276.35,253.63,17.13,51.4,-1598.51,2.75
NSE:ICICIBANK,SHORT,35,2025-02-07T12:15:00+05:30,1254.9,2025-02-13T10:15:00+05:30,1261.5,death_cross,golden_cross,-231.0,161.02,8.81,26.42,-427.25,5.92
NSE:ICICIBANK,LONG,35,2025-02-13T11:15:00+05:30,1258.3,2025-02-13T13:15:00+05:30,1249.15,golden_cross,death_cross,-320.25,62.63,8.78,26.33,-417.98,0.08
NSE:TATACONSUM,LONG,60,2025-02-12T13:15:00+05:30,1027.75,2025-02-13T15:15:00+05:30,1019.9,golden_cross,death_cross,-471.0,199.69,12.29,36.86,-719.83,1.08
NSE:TATACONSUM,LONG,60,2025-02-14T09:15:00+05:30,1034.45,2025-02-14T13:15:00+05:30,1020.0,golden_cross,death_cross,-867.0,68.83,12.33,36.98,-985.13,0.17
NSE:ICICIBANK,SHORT,35,2025-02-13T14:15:00+05:30,1248.85,2025-02-14T15:15:00+05:30,1259.0,death_cross,golden_cross,-355.25,160.69,8.78,26.33,-551.05,1.04
NSE:TATASTEEL,LONG,610,2025-02-13T10:15:00+05:30,136.83,2025-02-17T09:15:00+05:30,132.51,golden_cross,death_cross,-2635.2,245.9,16.43,49.29,-2946.82,3.96
NSE:BHARTIARTL,LONG,40,2025-02-07T10:15:00+05:30,1696.2,2025-02-17T10:15:00+05:30,1693.75,golden_cross,death_cross,-98.0,213.82,13.56,40.68,-366.06,10.0
NSE:HDFCBANK,SHORT,140,2025-02-10T11:15:00+05:30,428.12,2025-02-17T14:15:00+05:30,429.6,death_cross,golden_cross,-207.9,196.58,12.01,36.02,-452.51,7.12
NSE:WIPRO,SHORT,285,2025-02-11T11:15:00+05:30,313.0,2025-02-18T13:15:00+05:30,311.1,death_cross,golden_cross,541.5,260.74,17.79,53.36,209.61,7.08
NSE:TATACONSUM,SHORT,60,2025-02-14T14:15:00+05:30,1023.0,2025-02-18T13:15:00+05:30,1025.0,death_cross,golden_cross,-120.0,199.69,12.29,36.86,-368.84,3.96
NSE:HCLTECH,SHORT,40,2025-02-12T11:15:00+05:30,1716.95,2025-02-18T14:15:00+05:30,1727.9,death_cross,golden_cross,-438.0,216.28,13.78,41.34,-709.4,6.12
NSE:BANKNIFTY,SHORT,1.7568309729710396,2025-02-10T10:15:00+05:30,49853.85,2025-02-19T09:15:00+05:30,49504.85,death_cross,golden_cross,613.13,70.23,3.49,17.46,521.96,8.96
NSE:SBIN,SHORT,90,2025-02-06T10:15:00+05:30,762.6,2025-02-19T09:15:00+05:30,732.9,death_cross,golden_cross,2673.0,212.49,13.46,40.38,2406.67,12.96
NSE:TATASTEEL,SHORT,605,2025-02-17T10:15:00+05:30,133.35,2025-02-19T09:15:00+05:30,136.3,death_cross,golden_cross,-1784.75,244.55,16.31,48.94,-2094.55,1.96
NSE:SENSEX,SHORT,1.1693615831868494,2025-02-07T14:15:00+05:30,77896.11,2025-02-19T10:15:00+05:30,76103.0,death_cross,golden_cross,2096.79,71.09,3.6,18.01,2004.1,11.83
NSE:NIFTY,SHORT,4.382619725845111,2025-02-07T13:15:00+05:30,23461.05,2025-02-19T11:15:00+05:30,22999.35,death_cross,golden_cross,2023.46,74.18,4.07,20.36,1924.84,11.92
NSE:ICICIBANK,SHORT,35,2025-02-17T09:15:00+05:30,1236.0,2025-02-19T11:15:00+05:30,1254.15,death_cross,golden_cross,-635.25,160.03,8.72,26.15,-830.14,2.08
NSE:LT,SHORT,30,2025-02-05T15:15:00+05:30,3386.45,2025-02-19T11:15:00+05:30,3289.65,death_cross,golden_cross,2904.0,285.47,20.03,60.08,2538.41,13.83
NSE:NIFTY,LONG,4.566050501245981,2025-02-19T12:15:00+05:30,22938.85,2025-02-20T09:15:00+05:30,22873.75,golden_cross,death_cross,-297.25,74.7,4.18,20.92,-397.05,0.88
NSE:SENSEX,LONG,1.2215223902266137,2025-02-19T11:15:00+05:30,76205.58,2025-02-20T09:15:00+05:30,75645.59,golden_cross,death_cross,-684.04,71.55,3.71,18.55,-777.85,0.92
NSE:HCLTECH,LONG,40,2025-02-18T15:15:00+05:30,1725.0,2025-02-20T09:15:00+05:30,1704.15,golden_cross,death_cross,-834.0,215.61,13.72,41.15,-1104.48,1.75
NSE:HDFCBANK,LONG,140,2025-02-17T15:15:00+05:30,429.75,2025-02-20T10:15:00+05:30,422.68,golden_cross,death_cross,-990.5,195.82,11.93,35.8,-1234.05,2.79
NSE:TATACONSUM,LONG,60,2025-02-18T14:15:00+05:30,1027.45,2025-02-20T10:15:00+05:30,1014.65,golden_cross,death_cross,-768.0,199.34,12.25,36.76,-1016.35,1.83
NSE:BANKNIFTY,LONG,1.7798218884024848,2025-02-19T10:15:00+05:30,49502.25,2025-02-21T09:15:00+05:30,48827.35,golden_cross,death_cross,-1201.2,70.12,3.5,17.5,-1292.32,1.96
NSE:ICICIBANK,LONG,35,2025-02-19T12:15:00+05:30,1256.55,2025-02-21T09:15:00+05:30,1227.0,golden_cross,death_cross,-1034.25,159.8,8.69,26.08,-1228.82,1.88
NSE:WIPRO,LONG,285,2025-02-18T14:15:00+05:30,312.65,2025-02-21T10:15:00+05:30,308.25,golden_cross,death_cross,-1254.0,259.86,17.7,53.09,-1584.65,2.83
NSE:SBIN,LONG,95,2025-02-19T10:15:00+05:30,731.25,2025-02-21T11:15:00+05:30,726.25,golden_cross,death_cross,-475.0,217.03,13.85,41.54,-747.41,2.04
NSE:LT,LONG,30,2025-02-19T12:15:00+05:30,3283.7,2025-02-24T15:15:00+05:30,3251.0,golden_cross,death_cross,-981.0,281.05,19.6,58.81,-1340.47,5.12
NSE:TATASTEEL,LONG,575,2025-02-19T10:15:00+05:30,135.95,2025-02-25T11:15:00+05:30,137.01,golden_cross,death_cross,609.5,237.49,15.7,47.09,309.23,6.04
NSE:HINDUNILVR,SHORT,35,2025-02-03T15:15:00+05:30,2445.3,2025-02-25T12:15:00+05:30,2264.8,death_cross,golden_cross,6317.5,245.85,16.49,49.46,6005.71,21.88
NSE:ITC,SHORT,145,2025-02-05T13:15:00+05:30,447.6,2025-02-25T13:15:00+05:30,406.2,death_cross,golden_cross,6003.0,200.25,12.38,37.14,5753.23,20.0
NSE:BHARTIARTL,SHORT,40,2025-02-17T11:15:00+05:30,1691.5,2025-02-25T14:15:00+05:30,1642.8,death_cross,golden_cross,1948.0,211.19,13.34,40.01,1683.46,8.12
NSE:HDFCBANK,SHORT,140,2025-02-20T11:15:00+05:30,422.18,2025-02-27T09:15:00+05:30,425.12,death_cross,golden_cross,-411.6,194.98,11.86,35.59,-654.02,6.92
NSE:ITC,LONG,175,2025-02-25T14:15:00+05:30,405.0,2025-02-27T10:15:00+05:30,401.2,golden_cross,death_cross,-665.0,219.96,14.11,42.33,-941.39,1.83
NSE:HINDUNILVR,LONG,40,2025-02-25T13:15:00+05:30,2262.2,2025-02-27T12:15:00+05:30,2235.0,golden_cross,death_cross,-1088.0,263.11,17.99,53.97,-1423.06,1.96
NSE:BANKNIFTY,SHORT,1.7747725950910525,2025-02-21T10:15:00+05:30,48917.1,2025-02-27T13:15:00+05:30,48863.75,death_cross,golden_cross,94.68,70.05,3.47,17.35,3.81,6.12
NSE:BHARTIARTL,LONG,40,2025-02-25T15:15:00+05:30,1638.45,2025-02-28T10:15:00+05:30,1605.75,golden_cross,death_cross,-1308.0,207.43,12.98,38.93,-1567.34,2.79
NSE:TATASTEEL,SHORT,570,2025-02-25T12:15:00+05:30,137.3,2025-03-03T14:15:00+05:30,138.62,death_cross,golden_cross,-752.4,237.95,15.73,47.18,-1053.26,6.08
NSE:SBIN,SHORT,95,2025-02-21T12:15:00+05:30,723.85,2025-03-04T10:15:00+05:30,715.3,death_cross,golden_cross,812.25,215.0,13.67,41.02,542.57,10.92
NSE:HDFCBANK,LONG,140,2025-02-27T10:15:00+05:30,425.21,2025-03-04T11:15:00+05:30,425.51,golden_cross,death_cross,42.0,195.48,11.91,35.73,-201.12,5.04
NSE:LT,SHORT,30,2025-02-25T09:15:00+05:30,3225.7,2025-03-04T13:15:00+05:30,3210.85,death_cross,golden_cross,445.5,277.67,19.31,57.93,90.59,7.17
NSE:BANKNIFTY,SHORT,1.7814218126410952,2025-02-27T14:15:00+05:30,48736.65,2025-03-05T10:15:00+05:30,48480.15,death_cross,golden_cross,456.93,70.03,3.46,17.32,366.12,5.83
NSE:TCS,SHORT,10,2025-02-06T12:15:00+05:30,4062.45,2025-03-05T10:15:00+05:30,3578.1,death_cross,golden_cross,4843.5,147.67,7.64,22.92,4665.27,26.92
NSE:ADANIGREEN,SHORT,130,2025-02-07T14:15:00+05:30,990.3,2025-03-05T11:15:00+05:30,827.85,death_cross,golden_cross,21118.5,324.19,23.64,70.91,20699.76,25.88
NSE:NIFTY,SHORT,4.554262870323785,2025-02-20T10:15:00+05:30,22911.3,2025-03-05T12:15:00+05:30,22348.8,death_cross,golden_cross,2561.77,74.56,4.12,20.61,2462.48,13.08
NSE:HDFCBANK,LONG,135,2025-03-04T12:15:00+05:30,427.5,2025-03-05T12:15:00+05:30,424.75,golden_cross,death_cross,-371.25,191.01,11.51,34.52,-608.28,1.0
NSE:SENSEX,SHORT,1.21814732789777,2025-02-20T10:15:00+05:30,75780.08,2025-03-05T12:15:00+05:30,73787.63,death_cross,golden_cross,2427.1,71.39,3.64,18.22,2333.84,13.08
NSE:ITC,SHORT,175,2025-02-27T11:15:00+05:30,400.2,2025-03-05T12:15:00+05:30,401.35,death_cross,golden_cross,-201.25,219.02,14.03,42.08,-476.38,6.04
NSE:BHARTIARTL,SHORT,40,2025-02-28T11:15:00+05:30,1597.1,2025-03-05T12:15:00+05:30,1620.05,death_cross,golden_cross,-918.0,206.2,12.87,38.61,-1175.67,5.04
NSE:ICICIBANK,SHORT,35,2025-02-21T10:15:00+05:30,1231.4,2025-03-05T13:15:00+05:30,1216.55,death_cross,golden_cross,519.75,158.3,8.57,25.7,327.18,12.12
NSE:WIPRO,SHORT,290,2025-02-21T11:15:00+05:30,306.1,2025-03-05T15:15:00+05:30,284.6,death_cross,golden_cross,6235.0,253.02,17.13,51.39,5913.46,12.17
NSE:HCLTECH,SHORT,40,2025-02-20T10:15:00+05:30,1700.85,2025-03-06T09:15:00+05:30,1589.3,death_cross,golden_cross,4462.0,209.04,13.16,39.48,4200.32,13.96
NSE:HINDUNILVR,SHORT,40,2025-02-27T13:15:00+05:30,2249.6,2025-03-06T11:15:00+05:30,2206.1,death_cross,golden_cross,1740.0,261.05,17.82,53.47,1407.66,6.92
NSE:INFY,SHORT,35,2025-02-10T11:15:00+05:30,1883.75,2025-03-06T13:15:00+05:30,1710.95,death_cross,golden_cross,6048.0,202.48,12.58,37.74,5795.19,24.08
NSE:INFY,LONG,40,2025-03-06T14:15:00+05:30,1717.2,2025-03-07T09:15:00+05:30,1697.75,golden_cross,death_cross,-778.0,214.98,13.66,40.98,-1047.62,0.79
NSE:HCLTECH,LONG,45,2025-03-06T10:15:00+05:30,1591.65,2025-03-07T12:15:00+05:30,1562.95,golden_cross,death_cross,-1291.5,220.97,14.2,42.59,-1569.26,1.08
NSE:ICICIBANK,LONG,35,2025-03-05T14:15:00+05:30,1215.0,2025-03-07T13:15:00+05:30,1213.0,golden_cross,death_cross,-70.0,157.57,8.5,25.49,-261.56,1.96
NSE:TATACONSUM,SHORT,60,2025-02-20T11:15:00+05:30,1006.3,2025-03-07T14:15:00+05:30,962.05,death_cross,golden_cross,2655.0,194.17,11.81,35.43,2413.59,15.12
NSE:ICICIBANK,SHORT,35,2025-03-07T14:15:00+05:30,1214.4,2025-03-10T09:15:00+05:30,1222.85,death_cross,golden_cross,-295.75,157.94,8.53,25.59,-487.82,2.79
NSE:WIPRO,LONG,330,2025-03-06T09:15:00+05:30,285.1,2025-03-10T09:15:00+05:30,283.25,golden_cross,death_cross,-610.5,271.59,18.76,56.27,-957.11,4.0
NSE:BANKNIFTY,LONG,1.7939156800034433,2025-03-05T11:15:00+05:30,48600.7,2025-03-10T10:15:00+05:30,48447.15,golden_cross,death_cross,-275.46,70.09,3.48,17.41,-366.43,4.96
NSE:LT,LONG,30,2025-03-04T14:15:00+05:30,3212.15,2025-03-10T10:15:00+05:30,3207.35,golden_cross,death_cross,-144.0,277.15,19.26,57.78,-498.18,5.83
NSE:BANKNIFTY,SHORT,1.7924174743367485,2025-03-10T11:15:00+05:30,48437.5,2025-03-10T12:15:00+05:30,48554.35,death_cross,golden_cross,-209.44,70.06,3.48,17.38,-300.36,0.04
NSE:INFY,SHORT,40,2025-03-07T10:15:00+05:30,1685.5,2025-03-10T12:15:00+05:30,1713.65,death_cross,golden_cross,-1126.0,214.3,13.6,40.79,-1394.69,3.08
NSE:BANKNIFTY,LONG,1.783651755791321,2025-03-10T13:15:00+05:30,48507.65,2025-03-10T14:15:00+05:30,48235.8,golden_cross,death_cross,-484.89,69.86,3.45,17.26,-575.46,0.04
NSE:TATACONSUM,LONG,65,2025-03-07T15:15:00+05:30,963.9,2025-03-10T15:15:00+05:30,956.0,golden_cross,death_cross,-513.5,201.84,12.48,37.44,-765.26,3.0
NSE:INFY,LONG,40,2025-03-10T13:15:00+05:30,1702.9,2025-03-11T09:15:00+05:30,1651.55,golden_cross,death_cross,-2054.0,212.39,13.42,40.25,-2320.06,0.83
NSE:ADANIGREEN,LONG,180,2025-03-05T12:15:00+05:30,839.05,2025-03-11T09:15:00+05:30,821.4,golden_cross,death_cross,-3177.0,395.49,29.89,89.66,-3692.05,5.88
NSE:SENSEX,LONG,1.2841962401027336,2025-03-05T13:15:00+05:30,73694.47,2025-03-11T11:15:00+05:30,73926.05,golden_cross,death_cross,297.39,72.17,3.79,18.96,202.47,5.92
NSE:TCS,LONG,15,2025-03-05T11:15:00+05:30,3573.8,2025-03-11T11:15:00+05:30,3563.3,golden_cross,death_cross,-157.5,182.11,10.71,32.12,-382.43,6.0
NSE:NIFTY,LONG,4.783453056047946,2025-03-05T13:15:00+05:30,22326.8,2025-03-11T12:15:00+05:30,22446.7,golden_cross,death_cross,573.54,75.44,4.28,21.42,472.4,5.96
NSE:NIFTY,LONG,4.767235446439424,2025-03-11T13:15:00+05:30,22501.55,2025-03-12T09:15:00+05:30,22425.2,golden_cross,death_cross,-363.98,75.35,4.28,21.42,-465.03,0.83
NSE:HDFCBANK,SHORT,135,2025-03-05T13:15:00+05:30,422.99,2025-03-12T09:15:00+05:30,426.17,death_cross,golden_cross,-428.63,190.55,11.46,34.39,-665.03,6.83
NSE:SBIN,LONG,100,2025-03-04T11:15:00+05:30,713.6,2025-03-12T10:15:00+05:30,727.25,golden_cross,death_cross,1365.0,223.14,14.41,43.23,1084.23,7.96
NSE:TATASTEEL,LONG,560,2025-03-03T15:15:00+05:30,138.32,2025-03-12T11:15:00+05:30,148.12,golden_cross,death_cross,5488.0,240.97,16.04,48.12,5182.87,8.83
NSE:HINDUNILVR,LONG,40,2025-03-06T12:15:00+05:30,2221.75,2025-03-12T12:15:00+05:30,2214.65,golden_cross,death_cross,-284.0,260.35,17.75,53.24,-615.33,6.0
NSE:ADANIGREEN,SHORT,180,2025-03-11T10:15:00+05:30,826.0,2025-03-12T14:15:00+05:30,857.0,death_cross,golden_cross,-5580.0,400.18,30.29,90.88,-6101.36,1.17
NSE:NIFTY,SHORT,4.764650357944061,2025-03-12T10:15:00+05:30,22416.45,2025-03-13T09:15:00+05:30,22545.1,death_cross,golden_cross,-612.97,75.34,4.28,21.42,-714.02,0.96
NSE:TATASTEEL,SHORT,555,2025-03-12T12:15:00+05:30,149.08,2025-03-13T09:15:00+05:30,151.83,death_cross,golden_cross,-1526.25,248.82,16.7,50.1,-1841.88,0.88
NSE:SENSEX,SHORT,1.2816571519719553,2025-03-11T12:15:00+05:30,73997.97,2025-03-13T10:15:00+05:30,74254.35,death_cross,golden_cross,-328.59,72.17,3.8,19.0,-423.57,1.92
NSE:LT,SHORT,30,2025-03-10T11:15:00+05:30,3207.35,2025-03-13T10:15:00+05:30,3228.2,death_cross,golden_cross,-625.5,277.72,19.31,57.92,-980.44,2.96
NSE:NIFTY,LONG,4.711204084476556,2025-03-13T10:15:00+05:30,22519.65,2025-03-13T12:15:00+05:30,22429.8,golden_cross,death_cross,-423.3,75.03,4.24,21.18,-523.74,0.08
NSE:SENSEX,LONG,1.2759626561612587,2025-03-13T11:15:00+05:30,73997.25,2025-03-13T12:15:00+05:30,73962.19,golden_cross,death_cross,-44.74,72.04,3.78,18.88,-139.43,0.04
NSE:SBIN,SHORT,100,2025-03-12T11:15:00+05:30,723.15,2025-03-13T13:15:00+05:30,729.3,death_cross,golden_cross,-615.0,224.58,14.52,43.57,-897.67,1.08
NSE:BHARTIARTL,LONG,40,2025-03-05T13:15:00+05:30,1620.1,2025-03-13T14:15:00+05:30,1633.3,golden_cross,death_cross,528.0,207.7,13.01,39.04,268.24,8.04
NSE:LT,LONG,30,2025-03-13T11:15:00+05:30,3214.75,2025-03-13T15:15:00+05:30,3189.0,golden_cross,death_cross,-772.5,80.97,19.21,57.63,-930.32,0.17
NSE:BANKNIFTY,SHORT,1.7843085434000696,2025-03-10T15:15:00+05:30,48168.25,2025-03-17T09:15:00+05:30,48384.5,death_cross,golden_cross,-385.86,69.84,3.45,17.23,-476.37,6.75
NSE:SBIN,LONG,95,2025-03-13T14:15:00+05:30,727.85,2025-03-17T09:15:00+05:30,724.4,golden_cross,death_cross,-327.75,216.46,13.8,41.39,-599.4,3.79
NSE:LT,LONG,30,2025-03-17T09:15:00+05:30,3213.3,2025-03-17T10:15:00+05:30,3187.5,golden_cross,death_cross,-774.0,80.95,19.2,57.61,-931.76,0.04
NSE:NIFTY,SHORT,4.706271355873162,2025-03-13T13:15:00+05:30,22432.3,2025-03-17T11:15:00+05:30,22510.1,death_cross,golden_cross,-366.15,75.0,4.23,21.15,-466.53,3.92
NSE:SENSEX,SHORT,1.2748472489609624,2025-03-13T13:15:00+05:30,73952.95,2025-03-17T11:15:00+05:30,74194.83,death_cross,golden_cross,-308.36,72.03,3.78,18.89,-403.05,3.92
NSE:ITC,LONG,175,2025-03-05T13:15:00+05:30,399.9,2025-03-17T15:15:00+05:30,407.8,golden_cross,death_cross,1382.5,220.1,14.13,42.4,1105.87,12.08
NSE:HCLTECH,SHORT,45,2025-03-07T13:15:00+05:30,1560.0,2025-03-18T09:15:00+05:30,1552.95,death_cross,golden_cross,317.25,218.77,14.01,42.02,42.45,10.83
NSE:LT,SHORT,30,2025-03-17T11:15:00+05:30,3184.35,2025-03-18T09:15:00+05:30,3242.75,death_cross,golden_cross,-1752.0,277.52,19.28,57.84,-2106.65,0.92
NSE:TCS,SHORT,15,2025-03-11T12:15:00+05:30,3559.8,2025-03-18T11:15:00+05:30,3549.0,death_cross,golden_cross,162.0,181.61,10.66,31.99,-62.26,6.96
NSE:SBIN,SHORT,95,2025-03-17T10:15:00+05:30,724.15,2025-03-18T11:15:00+05:30,731.15,death_cross,golden_cross,-665.0,216.81,13.83,41.48,-937.11,1.04
NSE:ITC,SHORT,175,2025-03-18T09:15:00+05:30,409.65,2025-03-18T11:15:00+05:30,410.65,death_cross,golden_cross,-175.0,72.48,14.36,43.07,-304.9,0.08
NSE:HINDUNILVR,SHORT,40,2025-03-12T13:15:00+05:30,2196.05,2025-03-18T12:15:00+05:30,2205.35,death_cross,golden_cross,-372.0,258.8,17.61,52.82,-701.22,5.96
NSE:ITC,LONG,175,2025-03-18T12:15:00+05:30,409.3,2025-03-18T14:15:00+05:30,408.85,golden_cross,death_cross,-78.75,72.42,14.32,42.95,-208.44,0.08
NSE:INFY,SHORT,40,2025-03-11T10:15:00+05:30,1651.35,2025-03-18T15:15:00+05:30,1608.2,death_cross,golden_cross,1726.0,207.88,13.04,39.11,1465.96,7.21
NSE:TCS,LONG,15,2025-03-18T12:15:00+05:30,3547.25,2025-03-19T10:15:00+05:30,3476.65,golden_cross,death_cross,-1059.0,180.29,10.54,31.61,-1281.43,0.92
NSE:TATACONSUM,SHORT,65,2025-03-11T09:15:00+05:30,955.3,2025-03-19T10:15:00+05:30,955.0,death_cross,golden_cross,19.5,201.11,12.42,37.25,-231.28,8.04
NSE:HCLTECH,LONG,45,2025-03-18T10:15:00+05:30,1555.05,2025-03-19T11:15:00+05:30,1527.2,golden_cross,death_cross,-1253.25,217.35,13.87,41.61,-1526.08,1.04
NSE:WIPRO,SHORT,330,2025-03-10T10:15:00+05:30,282.95,2025-03-19T15:15:00+05:30,265.9,death_cross,golden_cross,5626.5,263.97,18.11,54.34,5290.08,9.21
NSE:HCLTECH,SHORT,45,2025-03-19T12:15:00+05:30,1529.55,2025-03-20T09:15:00+05:30,1568.3,death_cross,golden_cross,-1743.75,218.17,13.94,41.82,-2017.68,0.88
NSE:BHARTIARTL,SHORT,40,2025-03-13T15:15:00+05:30,1632.9,2025-03-20T09:15:00+05:30,1664.85,death_cross,golden_cross,-1278.0,209.81,13.19,39.57,-1540.57,6.75
NSE:INFY,SHORT,40,2025-03-19T09:15:00+05:30,1580.05,2025-03-20T10:15:00+05:30,1610.55,death_cross,golden_cross,-1220.0,205.04,12.76,38.29,-1476.09,1.04
NSE:TCS,SHORT,15,2025-03-19T11:15:00+05:30,3464.8,2025-03-20T10:15:00+05:30,3566.7,death_cross,golden_cross,-1528.5,180.45,10.55,31.64,-1751.14,0.96
NSE:INFY,LONG,40,2025-03-20T11:15:00+05:30,1610.45,2025-03-21T12:15:00+05:30,1595.25,golden_cross,death_cross,-608.0,205.67,12.82,38.47,-864.96,1.04
NSE:ITC,SHORT,170,2025-03-18T15:15:00+05:30,409.5,2025-03-24T10:15:00+05:30,408.6,death_cross,golden_cross,153.0,217.66,13.91,41.72,-120.3,5.79
NSE:INFY,SHORT,40,2025-03-21T13:15:00+05:30,1592.8,2025-03-25T09:15:00+05:30,1622.0,death_cross,golden_cross,-1168.0,206.11,12.86,38.58,-1425.55,3.83
NSE:TATASTEEL,LONG,535,2025-03-13T10:15:00+05:30,151.07,2025-03-25T12:15:00+05:30,156.6,golden_cross,death_cross,2958.55,245.82,16.46,49.38,2646.89,12.08
NSE:ADANIGREEN,LONG,165,2025-03-12T15:15:00+05:30,854.9,2025-03-25T14:15:00+05:30,926.0,golden_cross,death_cross,11731.5,388.78,29.38,88.15,11225.18,12.96
NSE:TATACONSUM,LONG,65,2025-03-19T11:15:00+05:30,951.5,2025-03-26T11:15:00+05:30,962.0,golden_cross,death_cross,682.5,201.29,12.44,37.31,431.46,7.0
NSE:ICICIBANK,LONG,35,2025-03-10T10:15:00+05:30,1220.7,2025-03-26T14:15:00+05:30,1336.25,golden_cross,death_cross,4044.25,162.27,8.95,26.85,3846.18,16.17
NSE:ITC,LONG,170,2025-03-24T11:15:00+05:30,411.45,2025-03-26T15:15:00+05:30,407.4,golden_cross,death_cross,-688.5,217.87,13.92,41.76,-962.05,2.17
NSE:WIPRO,LONG,365,2025-03-20T09:15:00+05:30,268.45,2025-03-26T15:15:00+05:30,267.2,golden_cross,death_cross,-456.25,280.42,19.55,58.65,-814.88,6.25
NSE:HINDUNILVR,LONG,40,2025-03-18T13:15:00+05:30,2195.0,2025-03-27T09:15:00+05:30,2241.75,golden_cross,death_cross,1870.0,260.2,17.75,53.24,1538.81,8.83
NSE:ICICIBANK,SHORT,35,2025-03-26T15:15:00+05:30,1335.45,2025-03-27T10:15:00+05:30,1344.9,death_cross,golden_cross,-330.75,167.4,9.38,28.14,-535.68,0.79
NSE:TATACONSUM,SHORT,65,2025-03-26T12:15:00+05:30,964.0,2025-03-27T10:15:00+05:30,969.0,death_cross,golden_cross,-325.0,202.77,12.56,37.69,-578.03,0.92
NSE:ITC,SHORT,170,2025-03-27T09:15:00+05:30,408.75,2025-03-27T11:15:00+05:30,410.0,death_cross,golden_cross,-212.5,71.71,13.92,41.76,-339.88,0.08
NSE:INFY,LONG,40,2025-03-25T10:15:00+05:30,1620.55,2025-03-27T12:15:00+05:30,1595.6,golden_cross,death_cross,-998.0,206.16,12.86,38.59,-1255.62,2.08
NSE:ADANIGREEN,SHORT,165,2025-03-25T15:15:00+05:30,918.0,2025-03-27T13:15:00+05:30,951.3,death_cross,golden_cross,-5494.5,406.28,30.84,92.53,-6024.16,1.92
NSE:ICICIBANK,LONG,35,2025-03-27T11:15:00+05:30,1347.3,2025-03-27T14:15:00+05:30,1336.15,golden_cross,death_cross,-390.25,63.71,9.39,28.18,-491.53,0.12
NSE:HINDUNILVR,SHORT,40,2025-03-27T10:15:00+05:30,2237.0,2025-03-28T09:15:00+05:30,2285.85,death_cross,golden_cross,-1954.0,264.31,18.09,54.27,-2290.68,0.96
NSE:SENSEX,LONG,1.267714162696878,2025-03-17T12:15:00+05:30,74052.08,2025-03-28T10:15:00+05:30,77554.69,golden_cross,death_cross,4440.31,72.89,3.84,19.22,4344.35,10.92
NSE:TCS,LONG,15,2025-03-20T11:15:00+05:30,3561.65,2025-03-28T10:15:00+05:30,3630.0,golden_cross,death_cross,1025.25,182.93,10.79,32.36,799.17,7.96
NSE:WIPRO,LONG,360,2025-03-27T09:15:00+05:30,270.9,2025-03-28T10:15:00+05:30,267.2,golden_cross,death_cross,-1332.0,278.49,19.37,58.11,-1687.98,1.04
NSE:ICICIBANK,SHORT,35,2025-03-27T15:15:00+05:30,1339.0,2025-03-28T11:15:00+05:30,1344.7,death_cross,golden_cross,-199.5,167.52,9.39,28.18,-404.59,0.83
NSE:SENSEX,LONG,1.265716122891908,2025-03-28T11:15:00+05:30,77591.04,2025-03-28T12:15:00+05:30,77291.96,golden_cross,death_cross,-378.55,72.96,3.92,19.6,-475.04,0.04
NSE:HCLTECH,LONG,40,2025-03-20T10:15:00+05:30,1573.2,2025-03-28T12:15:00+05:30,1597.25,golden_cross,death_cross,962.0,203.98,12.68,38.05,707.29,8.08
NSE:NIFTY,LONG,4.678174635940173,2025-03-17T12:15:00+05:30,22467.6,2025-03-28T13:15:00+05:30,23503.3,golden_cross,death_cross,4845.19,75.94,4.3,21.51,4743.44,11.04
NSE:BANKNIFTY,LONG,1.7653866682605104,2025-03-17T10:15:00+05:30,48415.5,2025-04-01T10:15:00+05:30,50910.75,golden_cross,death_cross,4405.08,70.67,3.51,17.53,4313.37,15.0
NSE:HDFCBANK,LONG,135,2025-03-12T10:15:00+05:30,426.99,2025-04-01T10:15:00+05:30,443.54,golden_cross,death_cross,2234.25,193.56,11.75,35.26,1993.69,20.0
NSE:ICICIBANK,LONG,35,2025-03-28T12:15:00+05:30,1344.1,2025-04-01T10:15:00+05:30,1330.8,golden_cross,death_cross,-465.5,167.2,9.36,28.09,-670.15,3.92
NSE:HINDUNILVR,LONG,40,2025-03-28T10:15:00+05:30,2272.05,2025-04-01T11:15:00+05:30,2225.7,golden_cross,death_cross,-1854.0,263.19,17.99,53.97,-2189.15,4.04
NSE:ADANIGREEN,LONG,155,2025-03-27T14:15:00+05:30,959.15,2025-04-01T11:15:00+05:30,931.5,golden_cross,death_cross,-4285.75,389.1,29.31,87.92,-4792.07,4.88
NSE:LT,LONG,30,2025-03-18T10:15:00+05:30,3250.5,2025-04-01T11:15:00+05:30,3441.5,golden_cross,death_cross,5730.0,285.79,20.08,60.23,5363.91,14.04
NSE:ITC,LONG,170,2025-03-27T12:15:00+05:30,409.95,2025-04-01T12:15:00+05:30,406.75,golden_cross,death_cross,-544.0,217.45,13.88,41.65,-816.99,5.0
NSE:BHARTIARTL,LONG,40,2025-03-20T10:15:00+05:30,1671.4,2025-04-01T14:15:00+05:30,1725.6,golden_cross,death_cross,2168.0,213.96,13.59,40.76,1899.69,12.17
NSE:SBIN,LONG,95,2025-03-18T12:15:00+05:30,730.85,2025-04-02T09:15:00+05:30,767.4,golden_cross,death_cross,3472.25,221.03,14.23,42.7,3194.28,14.88
NSE:BHARTIARTL,SHORT,40,2025-04-01T15:15:00+05:30,1723.6,2025-04-02T09:15:00+05:30,1753.25,death_cross,golden_cross,-1186.0,217.76,13.91,41.72,-1459.39,0.75
NSE:BANKNIFTY,SHORT,1.7651086748500846,2025-04-01T11:15:00+05:30,50859.5,2025-04-03T09:15:00+05:30,51400.0,death_cross,golden_cross,-954.04,70.87,3.61,18.05,-1046.57,1.92
NSE:TATASTEEL,SHORT,530,2025-03-25T13:15:00+05:30,157.22,2025-04-03T10:15:00+05:30,154.83,death_cross,golden_cross,1266.7,246.82,16.54,49.62,953.73,8.88
NSE:ADANIGREEN,SHORT,150,2025-04-01T12:15:00+05:30,932.75,2025-04-03T10:15:00+05:30,951.7,death_cross,golden_cross,-2842.5,377.45,28.27,84.8,-3333.02,1.92
NSE:ITC,SHORT,170,2025-04-01T13:15:00+05:30,407.05,2025-04-03T11:15:00+05:30,409.75,death_cross,golden_cross,-459.0,217.46,13.89,41.66,-732.01,1.92
NSE:ITC,LONG,165,2025-04-03T12:15:00+05:30,409.75,2025-04-03T13:15:00+05:30,407.4,golden_cross,death_cross,-387.75,70.92,13.48,40.45,-512.6,0.04
NSE:TATASTEEL,LONG,545,2025-04-03T11:15:00+05:30,155.16,2025-04-03T14:15:00+05:30,153.51,golden_cross,death_cross,-899.25,76.75,16.82,50.47,-1043.29,0.12
NSE:HDFCBANK,SHORT,135,2025-04-01T11:15:00+05:30,443.18,2025-04-04T09:15:00+05:30,457.73,death_cross,golden_cross,-1964.25,198.43,12.16,36.49,-2211.32,2.92
NSE:HINDUNILVR,SHORT,40,2025-04-01T12:15:00+05:30,2221.5,2025-04-04T09:15:00+05:30,2254.35,death_cross,golden_cross,-1314.0,262.18,17.9,53.71,-1647.79,2.88
NSE:ADANIGREEN,LONG,145,2025-04-03T11:15:00+05:30,959.15,2025-04-04T12:15:00+05:30,925.6,golden_cross,death_cross,-4864.75,367.18,27.33,81.99,-5341.25,1.04
NSE:ICICIBANK,SHORT,35,2025-04-01T11:15:00+05:30,1326.5,2025-04-04T13:15:00+05:30,1333.95,death_cross,golden_cross,-260.75,166.62,9.31,27.93,-464.62,3.08
NSE:SBIN,LONG,95,2025-04-02T10:15:00+05:30,773.1,2025-04-04T15:15:00+05:30,769.0,golden_cross,death_cross,-389.5,225.95,14.65,43.95,-674.05,2.21
NSE:BANKNIFTY,LONG,1.7231345145573937,2025-04-03T10:15:00+05:30,51492.85,2025-04-07T09:15:00+05:30,49668.4,golden_cross,death_cross,-3143.77,69.86,3.49,17.43,-3234.55,3.96
NSE:ICICIBANK,LONG,35,2025-04-04T14:15:00+05:30,1338.4,2025-04-07T09:15:00+05:30,1288.0,golden_cross,death_cross,-1764.0,165.41,9.19,27.58,-1966.18,2.79
NSE:ITC,LONG,165,2025-04-03T14:15:00+05:30,409.6,2025-04-07T09:15:00+05:30,400.7,golden_cross,death_cross,-1468.5,211.81,13.37,40.11,-1733.79,3.79
NSE:HINDUNILVR,LONG,35,2025-04-04T10:15:00+05:30,2255.75,2025-04-07T09:15:00+05:30,2211.2,golden_cross,death_cross,-1559.25,236.98,15.63,46.9,-1858.77,2.96
NSE:BHARTIARTL,LONG,35,2025-04-02T10:15:00+05:30,1749.85,2025-04-07T09:15:00+05:30,1708.4,golden_cross,death_cross,-1450.75,197.74,12.1,36.31,-1696.91,4.96
NSE:HDFCBANK,LONG,125,2025-04-04T10:15:00+05:30,457.05,2025-04-07T10:15:00+05:30,438.38,golden_cross,death_cross,-2334.38,187.68,11.19,33.58,-2566.83,3.0
NSE:TATACONSUM,LONG,65,2025-03-27T11:15:00+05:30,969.0,2025-04-07T12:15:00+05:30,1039.0,golden_cross,death_cross,4550.0,207.83,13.05,39.16,4289.97,11.04
NSE:HINDUNILVR,SHORT,35,2025-04-07T10:15:00+05:30,2220.45,2025-04-07T14:15:00+05:30,2247.45,death_cross,golden_cross,-945.0,74.65,15.64,46.91,-1082.2,0.17
NSE:ITC,SHORT,160,2025-04-07T10:15:00+05:30,401.8,2025-04-08T11:15:00+05:30,413.3,death_cross,golden_cross,-1840.0,208.19,13.04,39.12,-2100.36,1.04
NSE:TATACONSUM,SHORT,65,2025-04-07T13:15:00+05:30,1042.65,2025-04-08T13:15:00+05:30,1071.4,death_cross,golden_cross,-1868.75,215.97,13.74,41.22,-2139.68,1.0
NSE:SBIN,SHORT,95,2025-04-07T09:15:00+05:30,738.4,2025-04-08T14:15:00+05:30,768.5,death_cross,golden_cross,-2859.5,222.42,14.32,42.95,-3139.18,1.21
NSE:SBIN,LONG,90,2025-04-08T15:15:00+05:30,770.0,2025-04-09T10:15:00+05:30,750.95,golden_cross,death_cross,-1714.5,215.37,13.69,41.07,-1984.62,0.79
NSE:ICICIBANK,SHORT,35,2025-04-07T10:15:00+05:30,1276.1,2025-04-11T09:15:00+05:30,1316.15,death_cross,golden_cross,-1401.75,164.06,9.07,27.22,-1602.1,3.96
NSE:BHARTIARTL,SHORT,35,2025-04-07T10:15:00+05:30,1692.75,2025-04-11T09:15:00+05:30,1760.2,death_cross,golden_cross,-2360.75,197.6,12.09,36.26,-2606.69,3.96
NSE:BANKNIFTY,SHORT,1.7213752081875668,2025-04-07T10:15:00+05:30,49672.05,2025-04-11T10:15:00+05:30,50964.55,death_cross,golden_cross,-2224.88,69.8,3.46,17.32,-2315.46,4.0
NSE:NIFTY,SHORT,4.66523288923099,2025-03-28T14:15:00+05:30,23543.65,2025-04-11T10:15:00+05:30,22834.7,death_cross,golden_cross,3307.42,75.97,4.33,21.64,3205.48,13.83
NSE:HDFCBANK,SHORT,125,2025-04-07T11:15:00+05:30,436.73,2025-04-11T10:15:00+05:30,450.55,death_cross,golden_cross,-1728.12,186.5,11.09,33.27,-1958.99,3.96
NSE:SENSEX,SHORT,1.2633903346955204,2025-03-28T13:15:00+05:30,77359.0,2025-04-11T10:15:00+05:30,75185.64,death_cross,golden_cross,2745.8,72.81,3.85,19.27,2649.87,13.88
NSE:HCLTECH,SHORT,40,2025-03-28T13:15:00+05:30,1590.15,2025-04-11T12:15:00+05:30,1409.15,death_cross,golden_cross,7240.0,195.9,12.0,35.99,6996.11,13.96
NSE:ADANIGREEN,SHORT,145,2025-04-04T13:15:00+05:30,924.0,2025-04-11T13:15:00+05:30,886.3,death_cross,golden_cross,5466.5,354.41,26.25,78.75,5007.09,7.0
NSE:TATASTEEL,SHORT,540,2025-04-03T15:15:00+05:30,153.85,2025-04-11T15:15:00+05:30,133.47,death_cross,golden_cross,11005.2,234.71,15.52,46.55,10708.42,8.0
NSE:SBIN,SHORT,90,2025-04-09T11:15:00+05:30,753.45,2025-04-15T09:15:00+05:30,769.6,death_cross,golden_cross,-1453.5,215.56,13.71,41.12,-1723.89,5.92
NSE:LT,SHORT,25,2025-04-01T12:15:00+05:30,3441.45,2025-04-15T09:15:00+05:30,3260.0,death_cross,golden_cross,4536.25,248.96,16.75,50.26,4220.28,13.88
NSE:HCLTECH,SHORT,50,2025-04-11T13:15:00+05:30,1390.0,2025-04-15T10:15:00+05:30,1412.8,death_cross,golden_cross,-1140.0,218.94,14.01,42.04,-1415.0,3.88
NSE:WIPRO,SHORT,360,2025-03-28T11:15:00+05:30,266.8,2025-04-15T12:15:00+05:30,243.55,death_cross,golden_cross,8370.0,266.66,18.37,55.12,8029.85,18.04
NSE:INFY,SHORT,40,2025-03-27T13:15:00+05:30,1600.0,2025-04-15T14:15:00+05:30,1424.1,death_cross,golden_cross,7036.0,197.02,12.1,36.29,6790.59,19.04
NSE:INFY,LONG,50,2025-04-15T15:15:00+05:30,1430.4,2025-04-16T10:15:00+05:30,1406.0,golden_cross,death_cross,-1220.0,220.82,14.18,42.55,-1497.54,0.79
NSE:TCS,SHORT,15,2025-03-28T11:15:00+05:30,3620.45,2025-04-16T13:15:00+05:30,3274.1,death_cross,golden_cross,5195.25,177.66,10.34,31.03,4976.22,19.08
NSE:TCS,LONG,20,2025-04-16T14:15:00+05:30,3271.2,2025-04-17T09:15:00+05:30,3230.7,golden_cross,death_cross,-810.0,207.69,13.0,39.01,-1069.71,0.79
NSE:HCLTECH,LONG,50,2025-04-15T11:15:00+05:30,1416.3,2025-04-17T10:15:00+05:30,1392.0,golden_cross,death_cross,-1215.0,219.25,14.04,42.12,-1490.42,1.96
NSE:WIPRO,LONG,425,2025-04-15T13:15:00+05:30,243.4,2025-04-17T10:15:00+05:30,233.9,golden_cross,death_cross,-4037.5,288.85,20.29,60.86,-4407.49,1.88
NSE:TCS,SHORT,15,2025-04-17T10:15:00+05:30,3239.9,2025-04-17T12:15:00+05:30,3276.4,death_cross,golden_cross,-547.5,64.36,9.77,29.32,-650.96,0.08
NSE:INFY,SHORT,50,2025-04-16T11:15:00+05:30,1420.0,2025-04-17T15:15:00+05:30,1427.7,death_cross,golden_cross,-385.0,221.38,14.24,42.72,-663.33,1.17
NSE:HINDUNILVR,LONG,35,2025-04-07T15:15:00+05:30,2250.0,2025-04-21T14:15:00+05:30,2349.5,golden_cross,death_cross,3482.5,241.76,16.1,48.29,3176.35,13.96
NSE:HINDUNILVR,SHORT,35,2025-04-21T15:15:00+05:30,2352.0,2025-04-22T09:15:00+05:30,2376.1,death_cross,golden_cross,-843.5,247.08,16.55,49.65,-1156.78,0.75
NSE:INFY,LONG,45,2025-04-21T09:15:00+05:30,1449.6,2025-04-22T15:15:00+05:30,1423.0,golden_cross,death_cross,-1197.0,206.86,12.93,38.78,-1455.57,1.25
NSE:ADANIGREEN,LONG,155,2025-04-11T14:15:00+05:30,892.5,2025-04-23T09:15:00+05:30,930.65,golden_cross,death_cross,5913.25,376.71,28.26,84.78,5423.51,11.79
NSE:BHARTIARTL,LONG,35,2025-04-11T10:15:00+05:30,1761.2,2025-04-23T10:15:00+05:30,1842.0,golden_cross,death_cross,2828.0,203.06,12.61,37.83,2574.5,12.0
NSE:WIPRO,SHORT,425,2025-04-17T11:15:00+05:30,235.0,2025-04-23T12:15:00+05:30,243.6,death_cross,golden_cross,-3655.0,289.43,20.34,61.02,-4025.8,6.04
NSE:BHARTIARTL,LONG,35,2025-04-23T11:15:00+05:30,1855.9,2025-04-23T12:15:00+05:30,1845.7,golden_cross,death_cross,-357.0,69.99,12.96,38.87,-478.81,0.04
NSE:ADANIGREEN,SHORT,155,2025-04-23T10:15:00+05:30,935.3,2025-04-24T09:15:00+05:30,961.35,death_cross,golden_cross,-4037.75,390.11,29.4,88.19,-4545.45,0.96
NSE:HDFCBANK,LONG,115,2025-04-11T11:15:00+05:30,453.99,2025-04-24T10:15:00+05:30,479.57,golden_cross,death_cross,2942.27,182.21,10.74,32.21,2717.12,12.96
NSE:HINDUNILVR,LONG,35,2025-04-22T10:15:00+05:30,2373.8,2025-04-24T12:15:00+05:30,2332.1,golden_cross,death_cross,-1459.5,246.27,16.47,49.41,-1771.65,2.08
NSE:BHARTIARTL,LONG,35,2025-04-23T13:15:00+05:30,1860.9,2025-04-24T13:15:00+05:30,1847.2,golden_cross,death_cross,-479.5,207.38,12.98,38.94,-738.8,1.0
NSE:ICICIBANK,LONG,30,2025-04-11T10:15:00+05:30,1312.8,2025-04-24T15:15:00+05:30,1401.0,golden_cross,death_cross,2646.0,153.4,8.14,24.42,2460.03,13.21
NSE:SBIN,LONG,85,2025-04-15T10:15:00+05:30,766.9,2025-04-25T09:15:00+05:30,801.05,golden_cross,death_cross,2902.75,211.01,13.33,39.98,2638.43,9.96
NSE:BANKNIFTY,LONG,1.6248001720474392,2025-04-11T11:15:00+05:30,51203.65,2025-04-25T10:15:00+05:30,54411.85,golden_cross,death_cross,5212.68,70.25,3.43,17.16,5121.84,13.96
NSE:ADANIGREEN,LONG,145,2025-04-24T10:15:00+05:30,956.85,2025-04-25T10:15:00+05:30,910.9,golden_cross,death_cross,-6662.75,364.58,27.08,81.25,-7135.66,1.0
NSE:NIFTY,LONG,4.934225843032665,2025-04-11T11:15:00+05:30,22907.85,2025-04-25T11:15:00+05:30,23938.15,golden_cross,death_cross,5083.73,78.08,4.62,23.11,4977.92,14.0
NSE:SENSEX,LONG,1.3311067969035335,2025-04-11T11:15:00+05:30,75408.34,2025-04-25T11:15:00+05:30,78870.89,golden_cross,death_cross,4609.02,74.64,4.11,20.54,4509.74,14.0
NSE:ITC,LONG,150,2025-04-08T12:15:00+05:30,414.9,2025-04-25T11:15:00+05:30,425.0,golden_cross,death_cross,1515.0,203.01,12.6,37.8,1261.59,16.96
NSE:LT,LONG,30,2025-04-15T10:15:00+05:30,3250.5,2025-04-25T11:15:00+05:30,3250.1,golden_cross,death_cross,-12.0,279.84,19.5,58.51,-369.85,10.04
NSE:TATASTEEL,LONG,690,2025-04-15T09:15:00+05:30,136.07,2025-04-25T15:15:00+05:30,138.54,golden_cross,death_cross,1704.3,273.56,18.95,56.84,1354.95,10.25
NSE:ICICIBANK,SHORT,30,2025-04-25T09:15:00+05:30,1400.8,2025-04-28T09:15:00+05:30,1431.3,death_cross,golden_cross,-915.0,157.61,8.5,25.49,-1106.6,3.0
NSE:LT,SHORT,30,2025-04-25T12:15:00+05:30,3283.0,2025-04-28T09:15:00+05:30,3319.9,death_cross,golden_cross,-1107.0,283.33,19.81,59.43,-1469.57,2.88
NSE:NIFTY,SHORT,4.906840773210575,2025-04-25T12:15:00+05:30,24047.15,2025-04-28T10:15:00+05:30,24235.0,death_cross,golden_cross,-921.75,78.29,4.74,23.69,-1028.47,2.92
NSE:SENSEX,SHORT,1.324069007657332,2025-04-25T12:15:00+05:30,79204.94,2025-04-28T10:15:00+05:30,79917.7,death_cross,golden_cross,-943.74,74.84,4.21,21.07,-1043.87,2.92
NSE:WIPRO,LONG,390,2025-04-23T13:15:00+05:30,244.7,2025-04-28T10:15:00+05:30,239.95,golden_cross,death_cross,-1852.5,273.31,18.9,56.7,-2201.41,4.88
NSE:BANKNIFTY,SHORT,1.6238757054691664,2025-04-25T11:15:00+05:30,54377.45,2025-04-28T11:15:00+05:30,55349.35,death_cross,golden_cross,-1578.24,70.51,3.56,17.82,-1670.13,3.0
NSE:HDFCBANK,SHORT,115,2025-04-24T11:15:00+05:30,480.07,2025-04-28T12:15:00+05:30,481.25,death_cross,golden_cross,-135.13,185.99,11.06,33.17,-365.33,4.04
NSE:SBIN,SHORT,85,2025-04-25T10:15:00+05:30,794.15,2025-04-28T12:15:00+05:30,821.0,death_cross,golden_cross,-2282.25,215.86,13.73,41.19,-2553.02,3.08
NSE:HCLTECH,LONG,50,2025-04-17T11:15:00+05:30,1417.1,2025-04-28T12:15:00+05:30,1549.9,golden_cross,death_cross,6640.0,227.48,14.84,44.5,6353.18,11.04
NSE:ITC,SHORT,150,2025-04-25T12:15:00+05:30,425.25,2025-04-28T15:15:00+05:30,428.75,death_cross,golden_cross,-525.0,205.52,12.81,38.43,-781.76,3.12
NSE:HDFCBANK,LONG,115,2025-04-28T13:15:00+05:30,481.45,2025-04-29T09:15:00+05:30,476.98,golden_cross,death_cross,-514.62,185.65,11.02,33.07,-744.36,0.83
NSE:WIPRO,SHORT,390,2025-04-28T11:15:00+05:30,240.55,2025-04-29T12:15:00+05:30,242.3,death_cross,golden_cross,-682.5,272.44,18.83,56.49,-1030.26,1.04
NSE:HCLTECH,SHORT,50,2025-04-28T13:15:00+05:30,1552.0,2025-04-29T13:15:00+05:30,1580.1,death_cross,golden_cross,-1405.0,237.26,15.66,46.98,-1704.9,1.0
NSE:SBIN,LONG,80,2025-04-28T13:15:00+05:30,821.7,2025-04-30T09:15:00+05:30,793.1,golden_cross,death_cross,-2288.0,206.85,12.92,38.76,-2546.53,1.83
NSE:HDFCBANK,SHORT,115,2025-04-29T10:15:00+05:30,476.25,2025-04-30T10:15:00+05:30,481.05,death_cross,golden_cross,-552.0,185.51,11.01,33.03,-781.54,1.0
NSE:HINDUNILVR,SHORT,35,2025-04-24T13:15:00+05:30,2328.0,2025-04-30T11:15:00+05:30,2346.9,death_cross,golden_cross,-661.5,245.0,16.36,49.09,-971.95,5.92
NSE:BHARTIARTL,SHORT,35,2025-04-24T14:15:00+05:30,1843.5,2025-04-30T11:15:00+05:30,1835.0,death_cross,golden_cross,297.5,206.18,12.87,38.62,39.83,5.88
NSE:TATASTEEL,LONG,680,2025-04-28T09:15:00+05:30,140.66,2025-04-30T13:15:00+05:30,140.23,golden_cross,death_cross,-292.4,275.4,19.1,57.3,-644.2,2.17
NSE:WIPRO,LONG,380,2025-04-29T13:15:00+05:30,242.35,2025-04-30T13:15:00+05:30,239.9,golden_cross,death_cross,-931.0,266.84,18.33,54.98,-1271.14,1.0
NSE:BANKNIFTY,LONG,1.560613763747105,2025-04-28T12:15:00+05:30,55514.75,2025-04-30T14:15:00+05:30,55136.65,golden_cross,death_cross,-590.07,69.87,3.45,17.27,-680.66,2.08
NSE:BANKNIFTY,SHORT,1.5639772527147753,2025-04-30T15:15:00+05:30,54961.45,2025-05-02T09:15:00+05:30,55579.9,death_cross,golden_cross,-967.24,69.86,3.46,17.29,-1057.85,1.75
NSE:TATASTEEL,SHORT,675,2025-04-30T14:15:00+05:30,140.48,2025-05-02T09:15:00+05:30,142.66,death_cross,golden_cross,-1471.5,275.62,19.11,57.34,-1823.57,1.79
NSE:WIPRO,SHORT,375,2025-04-30T14:15:00+05:30,241.8,2025-05-02T09:15:00+05:30,244.95,death_cross,golden_cross,-1181.25,266.05,18.25,54.76,-1520.31,1.79
NSE:ITC,SHORT,150,2025-04-29T09:15:00+05:30,425.55,2025-05-02T10:15:00+05:30,429.3,death_cross,golden_cross,-562.5,205.66,12.82,38.47,-819.45,3.04
NSE:BANKNIFTY,LONG,1.533376924716575,2025-05-02T10:15:00+05:30,55370.45,2025-05-02T12:15:00+05:30,55073.25,golden_cross,death_cross,-455.72,69.44,3.39,16.94,-545.49,0.08
NSE:TCS,LONG,15,2025-04-17T13:15:00+05:30,3296.0,2025-05-02T12:15:00+05:30,3432.9,golden_cross,death_cross,2053.5,175.14,10.09,30.28,1837.99,14.96
NSE:HINDUNILVR,LONG,35,2025-04-30T12:15:00+05:30,2345.1,2025-05-02T12:15:00+05:30,2315.0,golden_cross,death_cross,-1053.5,244.45,16.31,48.93,-1363.2,2.0
NSE:ITC,SHORT,150,2025-05-02T11:15:00+05:30,425.5,2025-05-02T13:15:00+05:30,430.3,death_cross,golden_cross,-720.0,69.74,12.84,38.51,-841.09,0.08
NSE:TATACONSUM,LONG,60,2025-04-08T14:15:00+05:30,1068.8,2025-05-02T15:15:00+05:30,1153.0,golden_cross,death_cross,5052.0,210.89,13.33,39.99,4787.79,24.04
NSE:TCS,SHORT,15,2025-05-02T13:15:00+05:30,3438.1,2025-05-05T09:15:00+05:30,3485.5,death_cross,golden_cross,-711.0,178.59,10.39,31.16,-931.13,2.83
NSE:HINDUNILVR,SHORT,35,2025-05-02T13:15:00+05:30,2319.1,2025-05-05T10:15:00+05:30,2353.0,death_cross,golden_cross,-1186.5,244.93,16.35,49.06,-1496.84,2.88
NSE:ADANIGREEN,SHORT,145,2025-04-25T11:15:00+05:30,918.4,2025-05-05T10:15:00+05:30,957.25,death_cross,golden_cross,-5633.25,365.77,27.2,81.59,-6107.81,9.96
NSE:LT,LONG,30,2025-04-28T10:15:00+05:30,3302.1,2025-05-05T12:15:00+05:30,3315.7,golden_cross,death_cross,408.0,283.72,19.85,59.56,44.87,7.08
NSE:ICICIBANK,LONG,30,2025-04-28T10:15:00+05:30,1425.3,2025-05-06T09:15:00+05:30,1424.9,golden_cross,death_cross,-12.0,158.15,8.55,25.65,-204.35,7.96
NSE:LT,SHORT,30,2025-05-05T13:15:00+05:30,3325.1,2025-05-06T13:15:00+05:30,3332.1,death_cross,golden_cross,-210.0,285.08,19.97,59.91,-574.96,1.0
NSE:ICICIBANK,SHORT,30,2025-05-06T10:15:00+05:30,1425.1,2025-05-06T14:15:00+05:30,1431.5,death_cross,golden_cross,-192.0,62.28,8.57,25.71,-288.56,0.17
NSE:TATACONSUM,LONG,60,2025-05-05T09:15:00+05:30,1168.9,2025-05-06T14:15:00+05:30,1155.9,golden_cross,death_cross,-780.0,218.19,13.95,41.85,-1053.99,1.21
NSE:WIPRO,LONG,370,2025-05-02T10:15:00+05:30,243.57,2025-05-06T15:15:00+05:30,240.7,golden_cross,death_cross,-1061.9,262.32,17.92,53.75,-1395.89,4.21
NSE:ADANIGREEN,LONG,125,2025-05-05T11:15:00+05:30,991.0,2025-05-06T15:15:00+05:30,921.9,golden_cross,death_cross,-8637.5,329.49,23.91,71.73,-9062.63,1.17
NSE:NIFTY,LONG,4.815637086717051,2025-04-28T11:15:00+05:30,24289.65,2025-05-07T09:15:00+05:30,24304.1,golden_cross,death_cross,69.59,78.0,4.68,23.4,-36.5,8.92
NSE:TCS,LONG,15,2025-05-05T10:15:00+05:30,3478.5,2025-05-07T09:15:00+05:30,3429.4,golden_cross,death_cross,-736.5,178.33,10.36,31.09,-956.28,1.96
NSE:HCLTECH,LONG,45,2025-04-29T14:15:00+05:30,1567.7,2025-05-07T09:15:00+05:30,1562.4,golden_cross,death_cross,-238.5,219.67,14.09,42.26,-514.51,7.79
NSE:LT,LONG,30,2025-05-06T14:15:00+05:30,3336.3,2025-05-07T09:15:00+05:30,3300.0,golden_cross,death_cross,-1089.0,284.44,19.91,59.73,-1453.08,0.79
NSE:ICICIBANK,LONG,30,2025-05-06T15:15:00+05:30,1430.0,2025-05-07T10:15:00+05:30,1425.1,golden_cross,death_cross,-147.0,158.32,8.57,25.7,-339.58,0.79
NSE:ITC,LONG,145,2025-05-02T14:15:00+05:30,430.5,2025-05-07T12:15:00+05:30,430.8,golden_cross,death_cross,43.5,201.91,12.49,37.47,-208.36,4.92
NSE:NIFTY,SHORT,4.797754557926664,2025-05-07T10:15:00+05:30,24372.6,2025-05-07T14:15:00+05:30,24407.05,death_cross,golden_cross,-165.28,77.98,4.68,23.4,-271.35,0.17
NSE:WIPRO,SHORT,365,2025-05-07T09:15:00+05:30,241.25,2025-05-07T14:15:00+05:30,244.08,death_cross,golden_cross,-1032.95,78.3,17.71,53.14,-1182.11,0.21
NSE:ICICIBANK,SHORT,30,2025-05-07T11:15:00+05:30,1423.1,2025-05-07T15:15:00+05:30,1437.1,death_cross,golden_cross,-420.0,62.28,8.58,25.74,-516.6,0.17
NSE:LT,SHORT,30,2025-05-07T10:15:00+05:30,3319.7,2025-05-08T10:15:00+05:30,3351.5,death_cross,golden_cross,-954.0,285.6,20.01,60.04,-1319.65,1.0
NSE:HCLTECH,SHORT,45,2025-05-07T10:15:00+05:30,1572.6,2025-05-08T11:15:00+05:30,1597.7,death_cross,golden_cross,-1129.5,221.75,14.27,42.8,-1408.31,1.04
NSE:HINDUNILVR,LONG,35,2025-05-05T11:15:00+05:30,2343.9,2025-05-08T12:15:00+05:30,2347.3,golden_cross,death_cross,119.0,245.58,16.42,49.26,-192.25,3.04
NSE:NIFTY,LONG,4.7794576385374725,2025-05-07T15:15:00+05:30,24409.3,2025-05-08T13:15:00+05:30,24316.95,golden_cross,death_cross,-441.38,77.81,4.66,23.29,-547.14,0.92
NSE:INFY,LONG,45,2025-04-23T09:15:00+05:30,1462.3,2025-05-08T13:15:00+05:30,1505.6,golden_cross,death_cross,1948.5,211.39,13.36,40.07,1683.68,15.17
NSE:WIPRO,LONG,355,2025-05-07T15:15:00+05:30,244.0,2025-05-08T13:15:00+05:30,241.65,golden_cross,death_cross,-834.25,254.77,17.24,51.72,-1157.99,0.92
NSE:HDFCBANK,LONG,110,2025-04-30T11:15:00+05:30,480.48,2025-05-08T15:15:00+05:30,480.38,golden_cross,death_cross,-11.0,180.58,10.57,31.71,-233.86,8.17
NSE:SENSEX,LONG,1.296216502105401,2025-04-28T11:15:00+05:30,80103.95,2025-05-08T15:15:00+05:30,80003.84,golden_cross,death_cross,-129.76,74.5,4.15,20.75,-229.17,10.17
NSE:BHARTIARTL,LONG,35,2025-04-30T12:15:00+05:30,1835.8,2025-05-08T15:15:00+05:30,1864.5,golden_cross,death_cross,1004.5,206.97,12.95,38.85,745.73,8.12
NSE:INFY,LONG,45,2025-05-08T14:15:00+05:30,1511.6,2025-05-09T09:15:00+05:30,1500.7,golden_cross,death_cross,-490.5,213.8,13.56,40.67,-758.52,0.79
NSE:ICICIBANK,LONG,30,2025-05-08T09:15:00+05:30,1441.6,2025-05-09T09:15:00+05:30,1404.6,golden_cross,death_cross,-1110.0,158.1,8.54,25.62,-1302.25,1.0
NSE:TATASTEEL,LONG,655,2025-05-02T10:15:00+05:30,141.8,2025-05-09T09:15:00+05:30,142.26,golden_cross,death_cross,301.3,269.86,18.61,55.82,-42.99,6.96
NSE:HCLTECH,LONG,45,2025-05-08T12:15:00+05:30,1582.9,2025-05-09T14:15:00+05:30,1569.4,golden_cross,death_cross,-607.5,220.81,14.19,42.56,-885.05,1.08
NSE:INFY,SHORT,45,2025-05-09T10:15:00+05:30,1502.7,2025-05-12T09:15:00+05:30,1567.7,death_cross,golden_cross,-2925.0,216.89,13.82,41.45,-3197.15,2.96
NSE:TCS,SHORT,15,2025-05-07T10:15:00+05:30,3436.3,2025-05-12T09:15:00+05:30,3536.8,death_cross,golden_cross,-1507.5,179.47,10.46,31.38,-1728.81,4.96
NSE:SBIN,SHORT,80,2025-04-30T10:15:00+05:30,789.85,2025-05-12T09:15:00+05:30,795.15,death_cross,golden_cross,-424.0,204.07,12.68,38.04,-678.79,11.96
NSE:HCLTECH,SHORT,45,2025-05-09T15:15:00+05:30,1572.5,2025-05-12T09:15:00+05:30,1627.5,death_cross,golden_cross,-2475.0,223.33,14.4,43.2,-2755.93,2.75
NSE:TATASTEEL,SHORT,655,2025-05-09T10:15:00+05:30,141.89,2025-05-12T09:15:00+05:30,147.74,death_cross,golden_cross,-3831.75,274.23,18.97,56.91,-4181.86,2.96
NSE:WIPRO,SHORT,355,2025-05-08T14:15:00+05:30,242.16,2025-05-12T09:15:00+05:30,250.81,death_cross,golden_cross,-3070.75,257.83,17.5,52.5,-3398.58,3.79
NSE:BANKNIFTY,SHORT,1.527495589101803,2025-05-02T13:15:00+05:30,55227.6,2025-05-12T10:15:00+05:30,55304.55,death_cross,golden_cross,-117.54,69.41,3.38,16.88,-207.21,9.88
NSE:NIFTY,SHORT,4.776708201015041,2025-05-08T14:15:00+05:30,24309.15,2025-05-12T10:15:00+05:30,24702.85,death_cross,golden_cross,-1880.59,77.84,4.68,23.41,-1986.52,3.83
NSE:SENSEX,SHORT,1.300595533706729,2025-05-09T09:15:00+05:30,79658.57,2025-05-12T10:15:00+05:30,81694.26,death_cross,golden_cross,-2647.61,74.58,4.2,20.99,-2747.37,3.04
NSE:HINDUNILVR,SHORT,35,2025-05-08T13:15:00+05:30,2354.0,2025-05-12T10:15:00+05:30,2379.2,death_cross,golden_cross,-882.0,247.28,16.57,49.7,-1195.55,3.88
NSE:HDFCBANK,SHORT,110,2025-05-09T09:15:00+05:30,475.32,2025-05-12T11:15:00+05:30,487.55,death_cross,golden_cross,-1344.75,180.93,10.59,31.77,-1568.04,3.08
NSE:ITC,SHORT,145,2025-05-07T13:15:00+05:30,431.65,2025-05-12T11:15:00+05:30,432.2,death_cross,golden_cross,-79.75,202.33,12.53,37.58,-332.18,4.92
NSE:ADANIGREEN,SHORT,130,2025-05-07T09:15:00+05:30,911.3,2025-05-12T11:15:00+05:30,933.65,death_cross,golden_cross,-2905.5,329.87,23.98,71.95,-3331.31,5.08
NSE:TATACONSUM,SHORT,60,2025-05-06T15:15:00+05:30,1154.0,2025-05-12T11:15:00+05:30,1145.9,death_cross,golden_cross,486.0,216.44,13.8,41.4,214.37,5.83
NSE:ICICIBANK,SHORT,30,2025-05-09T10:15:00+05:30,1400.7,2025-05-12T12:15:00+05:30,1440.1,death_cross,golden_cross,-1182.0,157.92,8.52,25.57,-1374.01,3.08
NSE:ITC,LONG,140,2025-05-12T12:15:00+05:30,433.45,2025-05-13T13:15:00+05:30,427.35,golden_cross,death_cross,-854.0,197.11,12.05,36.15,-1099.31,1.04
NSE:TATACONSUM,LONG,60,2025-05-12T12:15:00+05:30,1139.6,2025-05-13T13:15:00+05:30,1122.8,golden_cross,death_cross,-1008.0,214.05,13.57,40.72,-1276.35,1.04
NSE:HDFCBANK,LONG,105,2025-05-12T12:15:00+05:30,487.68,2025-05-13T15:15:00+05:30,481.23,golden_cross,death_cross,-677.25,176.23,10.17,30.52,-894.17,1.12
NSE:HINDUNILVR,LONG,30,2025-05-12T11:15:00+05:30,2378.5,2025-05-14T09:15:00+05:30,2347.9,golden_cross,death_cross,-918.0,220.76,14.18,42.54,-1195.48,1.92
NSE:ICICIBANK,LONG,25,2025-05-12T13:15:00+05:30,1442.4,2025-05-14T13:15:00+05:30,1420.4,golden_cross,death_cross,-550.0,142.7,7.16,21.47,-721.33,2.0
NSE:BANKNIFTY,LONG,1.5258837216824226,2025-05-12T11:15:00+05:30,55150.55,2025-05-15T09:15:00+05:30,54562.75,golden_cross,death_cross,-896.91,69.15,3.35,16.74,-986.15,2.92
NSE:BANKNIFTY,SHORT,1.5227965637248144,2025-05-15T10:15:00+05:30,54616.7,2025-05-15T12:15:00+05:30,55096.4,death_cross,golden_cross,-730.49,69.12,3.34,16.71,-819.65,0.08
NSE:TATACONSUM,SHORT,60,2025-05-13T14:15:00+05:30,1116.5,2025-05-15T12:15:00+05:30,1145.9,death_cross,golden_cross,-1764.0,214.1,13.57,40.72,-2032.4,1.92
NSE:ICICIBANK,SHORT,25,2025-05-14T14:15:00+05:30,1426.2,2025-05-15T13:15:00+05:30,1453.0,death_cross,golden_cross,-670.0,143.17,7.2,21.59,-841.96,0.96
NSE:ITC,SHORT,140,2025-05-13T14:15:00+05:30,427.5,2025-05-15T13:15:00+05:30,434.65,death_cross,golden_cross,-1001.0,197.33,12.07,36.21,-1246.61,1.96
NSE:HDFCBANK,SHORT,105,2025-05-14T09:15:00+05:30,481.2,2025-05-15T14:15:00+05:30,483.32,death_cross,golden_cross,-223.12,175.69,10.13,30.38,-439.32,1.21
NSE:BHARTIARTL,SHORT,35,2025-05-09T09:15:00+05:30,1856.9,2025-05-15T14:15:00+05:30,1868.0,death_cross,golden_cross,-388.5,208.03,13.04,39.11,-648.68,6.21
NSE:BHARTIARTL,LONG,35,2025-05-15T15:15:00+05:30,1863.1,2025-05-16T09:15:00+05:30,1816.7,golden_cross,death_cross,-1624.0,206.37,12.88,38.64,-1881.89,0.75
NSE:HINDUNILVR,SHORT,30,2025-05-14T10:15:00+05:30,2350.0,2025-05-16T10:15:00+05:30,2362.1,death_cross,golden_cross,-363.0,220.24,14.14,42.41,-639.79,2.0
NSE:SBIN,LONG,75,2025-05-12T10:15:00+05:30,799.95,2025-05-16T11:15:00+05:30,792.05,golden_cross,death_cross,-592.5,195.85,11.94,35.82,-836.11,4.04
NSE:INFY,LONG,40,2025-05-12T10:15:00+05:30,1562.3,2025-05-19T10:15:00+05:30,1567.5,golden_cross,death_cross,208.0,202.23,12.52,37.56,-44.31,7.0
NSE:TCS,LONG,15,2025-05-12T10:15:00+05:30,3527.7,2025-05-19T11:15:00+05:30,3519.1,golden_cross,death_cross,-129.0,180.6,10.57,31.71,-351.88,7.04
NSE:HCLTECH,LONG,40,2025-05-12T10:15:00+05:30,1625.2,2025-05-19T13:15:00+05:30,1644.6,golden_cross,death_cross,776.0,208.41,13.08,39.24,515.27,7.12
NSE:WIPRO,LONG,330,2025-05-12T10:15:00+05:30,250.59,2025-05-19T13:15:00+05:30,251.76,golden_cross,death_cross,386.1,247.32,16.58,49.73,72.47,7.12
NSE:HDFCBANK,LONG,105,2025-05-15T15:15:00+05:30,483.45,2025-05-20T10:15:00+05:30,480.12,golden_cross,death_cross,-349.12,175.58,10.12,30.35,-565.18,4.79
NSE:HCLTECH,SHORT,40,2025-05-19T14:15:00+05:30,1649.3,2025-05-20T10:15:00+05:30,1655.8,death_cross,golden_cross,-260.0,210.06,13.22,39.66,-522.94,0.83
NSE:SENSEX,LONG,1.2339754908999858,2025-05-12T11:15:00+05:30,81739.41,2025-05-20T11:15:00+05:30,81725.17,golden_cross,death_cross,-17.57,73.74,4.03,20.17,-115.52,8.0
NSE:TATACONSUM,LONG,55,2025-05-15T13:15:00+05:30,1157.0,2025-05-20T11:15:00+05:30,1138.0,golden_cross,death_cross,-1045.0,203.47,12.62,37.87,-1298.96,4.92
NSE:BANKNIFTY,LONG,1.4857719322083809,2025-05-15T13:15:00+05:30,55427.7,2025-05-20T12:15:00+05:30,55009.65,golden_cross,death_cross,-621.13,68.74,3.28,16.41,-709.55,4.96
NSE:NIFTY,LONG,4.6169552149832676,2025-05-12T11:15:00+05:30,24721.3,2025-05-20T12:15:00+05:30,24790.7,golden_cross,death_cross,320.42,77.31,4.57,22.86,215.67,8.04
NSE:ICICIBANK,LONG,25,2025-05-15T14:15:00+05:30,1451.6,2025-05-20T12:15:00+05:30,1438.3,golden_cross,death_cross,-332.5,143.44,7.22,21.67,-504.84,4.92
NSE:HCLTECH,LONG,40,2025-05-20T11:15:00+05:30,1653.4,2025-05-20T12:15:00+05:30,1648.3,golden_cross,death_cross,-204.0,70.45,13.21,39.62,-327.28,0.04
NSE:HINDUNILVR,LONG,30,2025-05-16T11:15:00+05:30,2375.9,2025-05-20T13:15:00+05:30,2350.9,golden_cross,death_cross,-750.0,220.76,14.18,42.54,-1027.48,4.08
NSE:LT,LONG,30,2025-05-08T11:15:00+05:30,3357.0,2025-05-20T13:15:00+05:30,3579.4,golden_cross,death_cross,6672.0,293.87,20.81,62.43,6294.9,12.08
NSE:ADANIGREEN,LONG,120,2025-05-12T12:15:00+05:30,933.0,2025-05-21T11:15:00+05:30,986.0,golden_cross,death_cross,6360.0,318.55,23.03,69.08,5949.34,8.96
NSE:ITC,LONG,135,2025-05-15T14:15:00+05:30,432.55,2025-05-21T14:15:00+05:30,433.2,golden_cross,death_cross,87.75,193.0,11.69,35.06,-152.0,6.0
NSE:BHARTIARTL,SHORT,35,2025-05-16T10:15:00+05:30,1815.9,2025-05-22T09:15:00+05:30,1832.3,death_cross,golden_cross,-574.0,205.06,12.77,38.31,-830.14,5.96
NSE:HDFCBANK,SHORT,105,2025-05-20T11:15:00+05:30,479.32,2025-05-23T10:15:00+05:30,483.07,death_cross,golden_cross,-393.75,175.45,10.11,30.32,-609.62,2.96
NSE:INFY,SHORT,40,2025-05-19T11:15:00+05:30,1564.2,2025-05-23T10:15:00+05:30,1585.4,death_cross,golden_cross,-848.0,203.19,12.6,37.8,-1101.58,3.96
NSE:ICICIBANK,SHORT,25,2025-05-20T13:15:00+05:30,1438.9,2025-05-23T10:15:00+05:30,1449.2,death_cross,golden_cross,-257.5,143.38,7.22,21.66,-429.76,2.88
NSE:HCLTECH,SHORT,40,2025-05-20T13:15:00+05:30,1644.0,2025-05-23T10:15:00+05:30,1668.3,death_cross,golden_cross,-972.0,210.43,13.25,39.75,-1235.43,2.88
NSE:BANKNIFTY,SHORT,1.485395192197711,2025-05-20T13:15:00+05:30,54965.5,2025-05-23T11:15:00+05:30,55236.4,death_cross,golden_cross,-402.39,68.7,3.27,16.37,-490.74,2.92
NSE:ITC,SHORT,135,2025-05-21T15:15:00+05:30,432.4,2025-05-23T11:15:00+05:30,437.15,death_cross,golden_cross,-641.25,193.62,11.74,35.22,-881.83,1.83
NSE:TATACONSUM,SHORT,55,2025-05-20T12:15:00+05:30,1138.6,2025-05-23T11:15:00+05:30,1148.5,death_cross,golden_cross,-544.5,202.95,12.58,37.74,-797.77,2.96
NSE:LT,SHORT,30,2025-05-20T14:15:00+05:30,3571.4,2025-05-23T11:15:00+05:30,3599.9,death_cross,golden_cross,-855.0,302.26,21.51,64.54,-1243.32,2.88
NSE:NIFTY,SHORT,4.622465308715449,2025-05-20T13:15:00+05:30,24738.35,2025-05-23T12:15:00+05:30,24877.45,death_cross,golden_cross,-642.98,77.32,4.59,22.93,-747.83,2.96
NSE:SENSEX,SHORT,1.2363101963169687,2025-05-20T12:15:00+05:30,81491.89,2025-05-23T12:15:00+05:30,81775.15,death_cross,golden_cross,-350.2,73.73,4.04,20.18,-448.15,3.0
NSE:SBIN,SHORT,75,2025-05-16T12:15:00+05:30,793.0,2025-05-23T12:15:00+05:30,791.9,death_cross,golden_cross,82.5,195.21,11.89,35.66,-160.26,7.0
NSE:TCS,SHORT,15,2025-05-19T12:15:00+05:30,3524.6,2025-05-23T14:15:00+05:30,3514.1,death_cross,golden_cross,157.5,180.44,10.56,31.67,-65.17,4.08
NSE:HINDUNILVR,SHORT,30,2025-05-20T14:15:00+05:30,2340.1,2025-05-26T09:15:00+05:30,2381.0,death_cross,golden_cross,-1227.0,220.61,14.16,42.49,-1504.26,5.79
NSE:ADANIGREEN,SHORT,120,2025-05-21T12:15:00+05:30,989.8,2025-05-26T10:15:00+05:30,1017.9,death_cross,golden_cross,-3372.0,331.1,24.09,72.28,-3799.47,4.92
NSE:WIPRO,SHORT,325,2025-05-19T14:15:00+05:30,251.9,2025-05-26T12:15:00+05:30,250.46,death_cross,golden_cross,468.0,244.52,16.33,48.98,158.17,6.92
NSE:TATACONSUM,LONG,55,2025-05-23T12:15:00+05:30,1146.0,2025-05-27T11:15:00+05:30,1137.0,golden_cross,death_cross,-495.0,202.7,12.56,37.67,-747.92,3.96
NSE:TCS,LONG,15,2025-05-23T15:15:00+05:30,3508.0,2025-05-27T12:15:00+05:30,3498.3,golden_cross,death_cross,-145.5,179.92,10.51,31.53,-367.46,3.88
NSE:SENSEX,LONG,1.2268430797082261,2025-05-23T13:15:00+05:30,81756.54,2025-05-27T13:15:00+05:30,81311.17,golden_cross,death_cross,-546.4,73.48,4.0,20.01,-643.88,4.0
NSE:INFY,LONG,40,2025-05-23T11:15:00+05:30,1574.5,2025-05-27T13:15:00+05:30,1565.4,golden_cross,death_cross,-364.0,202.72,12.56,37.68,-616.96,4.08
NSE:ICICIBANK,LONG,25,2025-05-23T11:15:00+05:30,1443.8,2025-05-27T13:15:00+05:30,1441.3,golden_cross,death_cross,-62.5,143.28,7.21,21.64,-234.64,4.08
NSE:HDFCBANK,LONG,100,2025-05-23T11:15:00+05:30,481.85,2025-05-27T14:15:00+05:30,482.05,golden_cross,death_cross,20.0,170.24,9.64,28.92,-188.8,4.12
NSE:WIPRO,LONG,330,2025-05-26T13:15:00+05:30,250.79,2025-05-27T14:15:00+05:30,248.21,golden_cross,death_cross,-851.4,246.18,16.47,49.4,-1163.45,1.04
NSE:NIFTY,LONG,4.568181879679381,2025-05-23T13:15:00+05:30,24869.1,2025-05-27T15:15:00+05:30,24837.7,golden_cross,death_cross,-143.44,77.07,4.54,22.71,-247.76,4.08
NSE:ITC,LONG,135,2025-05-23T12:15:00+05:30,437.3,2025-05-27T15:15:00+05:30,434.7,golden_cross,death_cross,-351.0,193.97,11.77,35.32,-592.06,4.12
NSE:TATASTEEL,LONG,600,2025-05-12T10:15:00+05:30,147.35,2025-05-27T15:15:00+05:30,161.76,golden_cross,death_cross,8646.0,268.58,18.55,55.64,8303.24,15.21
NSE:INFY,SHORT,40,2025-05-27T14:15:00+05:30,1569.9,2025-05-28T09:15:00+05:30,1575.2,death_cross,golden_cross,-212.0,202.94,12.58,37.74,-465.26,0.79
NSE:HCLTECH,LONG,40,2025-05-23T11:15:00+05:30,1653.5,2025-05-28T09:15:00+05:30,1650.8,golden_cross,death_cross,-108.0,210.01,13.22,39.65,-370.88,4.92
NSE:ICICIBANK,SHORT,25,2025-05-27T14:15:00+05:30,1447.9,2025-05-28T12:15:00+05:30,1454.8,death_cross,golden_cross,-172.5,143.78,7.26,21.77,-345.31,0.92
NSE:HINDUNILVR,LONG,30,2025-05-26T10:15:00+05:30,2389.1,2025-05-28T14:15:00+05:30,2363.5,golden_cross,death_cross,-768.0,221.62,14.26,42.77,-1046.66,2.17
NSE:HCLTECH,SHORT,40,2025-05-28T10:15:00+05:30,1650.0,2025-05-29T09:15:00+05:30,1664.6,death_cross,golden_cross,-584.0,210.5,13.26,39.78,-847.54,0.96
NSE:BANKNIFTY,LONG,1.4659125242494124,2025-05-23T12:15:00+05:30,55362.25,2025-05-29T10:15:00+05:30,55213.1,golden_cross,death_cross,-218.64,68.51,3.24,16.21,-306.6,5.92
NSE:TATASTEEL,SHORT,600,2025-05-28T09:15:00+05:30,161.4,2025-05-29T11:15:00+05:30,162.55,death_cross,golden_cross,-690.0,279.17,19.44,58.31,-1046.92,1.08
NSE:WIPRO,SHORT,330,2025-05-27T15:15:00+05:30,248.35,2025-05-29T11:15:00+05:30,250.32,death_cross,golden_cross,-650.1,246.04,16.46,49.37,-961.97,1.83
NSE:ICICIBANK,LONG,25,2025-05-28T13:15:00+05:30,1456.8,2025-05-29T13:15:00+05:30,1448.7,golden_cross,death_cross,-202.5,143.86,7.26,21.79,-375.42,1.0
NSE:SBIN,LONG,75,2025-05-23T13:15:00+05:30,792.4,2025-05-29T13:15:00+05:30,792.8,golden_cross,death_cross,30.0,195.24,11.89,35.67,-212.8,6.0
NSE:BANKNIFTY,SHORT,1.4649104109971431,2025-05-29T11:15:00+05:30,55191.45,2025-05-29T14:15:00+05:30,55591.8,death_cross,golden_cross,-586.48,68.5,3.25,16.23,-674.45,0.12
NSE:HDFCBANK,SHORT,100,2025-05-27T15:15:00+05:30,481.7,2025-05-30T09:15:00+05:30,483.85,death_cross,golden_cross,-215.0,170.44,9.66,28.97,-424.06,2.75
NSE:INFY,LONG,40,2025-05-28T10:15:00+05:30,1573.5,2025-05-30T10:15:00+05:30,1561.9,golden_cross,death_cross,-464.0,202.53,12.54,37.62,-716.7,2.0
NSE:TATASTEEL,LONG,585,2025-05-29T12:15:00+05:30,163.77,2025-05-30T12:15:00+05:30,161.18,golden_cross,death_cross,-1515.15,274.48,19.01,57.03,-1865.67,1.0
NSE:HCLTECH,LONG,40,2025-05-29T10:15:00+05:30,1656.6,2025-05-30T13:15:00+05:30,1654.5,golden_cross,death_cross,-84.0,210.31,13.24,39.73,-347.29,1.12
NSE:ICICIBANK,LONG,25,2025-05-29T14:15:00+05:30,1457.8,2025-05-30T14:15:00+05:30,1446.5,golden_cross,death_cross,-282.5,143.83,7.26,21.78,-455.38,1.0
NSE:WIPRO,LONG,320,2025-05-29T12:15:00+05:30,250.1,2025-06-02T09:15:00+05:30,247.12,golden_cross,death_cross,-953.6,240.01,15.91,47.73,-1257.25,3.88
NSE:BHARTIARTL,LONG,30,2025-05-22T10:15:00+05:30,1834.3,2025-06-02T10:15:00+05:30,1844.7,golden_cross,death_cross,312.0,185.75,11.04,33.11,82.1,11.0
NSE:HINDUNILVR,SHORT,30,2025-05-28T15:15:00+05:30,2365.0,2025-06-02T13:15:00+05:30,2369.2,death_cross,golden_cross,-126.0,220.96,14.2,42.61,-403.77,4.92
NSE:TATACONSUM,SHORT,55,2025-05-27T12:15:00+05:30,1138.0,2025-06-02T14:15:00+05:30,1120.9,death_cross,golden_cross,940.5,201.12,12.42,37.27,689.69,6.08
NSE:HINDUNILVR,LONG,30,2025-06-02T14:15:00+05:30,2370.0,2025-06-03T09:15:00+05:30,2353.1,golden_cross,death_cross,-507.0,220.62,14.17,42.51,-784.3,0.79
NSE:ADANIGREEN,LONG,115,2025-05-26T11:15:00+05:30,1011.15,2025-06-03T10:15:00+05:30,1001.5,golden_cross,death_cross,-1109.75,320.41,23.15,69.44,-1522.74,7.96
NSE:TATACONSUM,LONG,55,2025-06-02T15:15:00+05:30,1116.4,2025-06-03T10:15:00+05:30,1113.6,golden_cross,death_cross,-154.0,199.43,12.27,36.8,-402.49,0.79
NSE:LT,LONG,25,2025-05-23T12:15:00+05:30,3600.2,2025-06-03T11:15:00+05:30,3644.8,golden_cross,death_cross,1115.0,264.32,18.11,54.34,778.23,10.96
NSE:HDFCBANK,LONG,100,2025-05-30T10:15:00+05:30,482.65,2025-06-03T15:15:00+05:30,480.88,golden_cross,death_cross,-177.5,170.21,9.64,28.91,-386.25,4.21
NSE:BANKNIFTY,LONG,1.4382533245300007,2025-05-29T15:15:00+05:30,55746.85,2025-06-04T09:15:00+05:30,55522.45,golden_cross,death_cross,-322.74,68.23,3.2,16.0,-410.18,5.75
NSE:HDFCBANK,SHORT,100,2025-06-04T09:15:00+05:30,482.1,2025-06-04T10:15:00+05:30,484.0,death_cross,golden_cross,-190.0,64.2,9.66,28.98,-292.85,0.04
NSE:TATACONSUM,SHORT,55,2025-06-03T11:15:00+05:30,1113.0,2025-06-04T10:15:00+05:30,1122.5,death_cross,golden_cross,-522.5,199.8,12.3,36.89,-771.48,0.96
NSE:BHARTIARTL,SHORT,30,2025-06-02T11:15:00+05:30,1854.8,2025-06-04T10:15:00+05:30,1870.5,death_cross,golden_cross,-471.0,187.35,11.18,33.53,-703.06,1.96
NSE:BANKNIFTY,SHORT,1.434838711506406,2025-06-04T10:15:00+05:30,55594.5,2025-06-04T11:15:00+05:30,55686.05,death_cross,golden_cross,-131.36,68.2,3.19,15.97,-218.72,0.04
NSE:SBIN,LONG,75,2025-05-29T14:15:00+05:30,797.95,2025-06-04T15:15:00+05:30,805.5,golden_cross,death_cross,566.25,196.72,12.03,36.08,321.42,6.04
NSE:NIFTY,SHORT,4.578241782544995,2025-05-28T09:15:00+05:30,24760.5,2025-06-05T10:15:00+05:30,24708.8,death_cross,golden_cross,236.7,77.03,4.53,22.65,132.49,8.04
NSE:SENSEX,SHORT,1.221634166731387,2025-05-27T14:15:00+05:30,81579.65,2025-06-05T10:15:00+05:30,81282.52,death_cross,golden_cross,362.98,73.41,3.98,19.9,265.69,8.83
NSE:HINDUNILVR,SHORT,30,2025-06-03T10:15:00+05:30,2348.6,2025-06-05T10:15:00+05:30,2365.9,death_cross,golden_cross,-519.0,220.34,14.14,42.43,-795.91,2.0
NSE:ADANIGREEN,SHORT,115,2025-06-03T11:15:00+05:30,1002.9,2025-06-05T10:15:00+05:30,1014.5,death_cross,golden_cross,-1334.0,321.04,23.2,69.6,-1747.84,1.96
NSE:INFY,SHORT,40,2025-05-30T11:15:00+05:30,1563.3,2025-06-05T11:15:00+05:30,1564.1,death_cross,golden_cross,-32.0,202.14,12.51,37.53,-284.18,6.0
NSE:ICICIBANK,SHORT,25,2025-05-30T15:15:00+05:30,1446.1,2025-06-05T11:15:00+05:30,1456.1,death_cross,golden_cross,-250.0,143.77,7.26,21.77,-422.8,5.83
NSE:SBIN,SHORT,75,2025-06-05T09:15:00+05:30,806.1,2025-06-05T11:15:00+05:30,811.35,death_cross,golden_cross,-393.75,68.53,12.13,36.39,-510.81,0.08
NSE:HCLTECH,SHORT,40,2025-05-30T14:15:00+05:30,1635.7,2025-06-05T11:15:00+05:30,1651.0,death_cross,golden_cross,-612.0,209.27,13.15,39.44,-873.85,5.88
NSE:WIPRO,SHORT,320,2025-06-02T10:15:00+05:30,247.64,2025-06-05T11:15:00+05:30,249.21,death_cross,golden_cross,-502.4,239.84,15.9,47.7,-805.84,3.04
NSE:INFY,LONG,40,2025-06-05T12:15:00+05:30,1557.5,2025-06-05T13:15:00+05:30,1550.0,golden_cross,death_cross,-300.0,69.07,12.43,37.29,-418.79,0.04
NSE:SBIN,LONG,75,2025-06-05T12:15:00+05:30,806.75,2025-06-05T13:15:00+05:30,803.6,golden_cross,death_cross,-236.25,68.46,12.08,36.23,-353.02,0.04
NSE:HCLTECH,LONG,40,2025-06-05T12:15:00+05:30,1637.4,2025-06-05T13:15:00+05:30,1628.2,golden_cross,death_cross,-368.0,70.18,13.06,39.19,-490.43,0.04
NSE:LT,SHORT,25,2025-06-03T12:15:00+05:30,3629.5,2025-06-05T13:15:00+05:30,3647.3,death_cross,golden_cross,-445.0,265.32,18.19,54.58,-783.09,2.04
NSE:ITC,SHORT,135,2025-05-28T09:15:00+05:30,421.65,2025-06-05T14:15:00+05:30,419.15,death_cross,golden_cross,337.5,189.24,11.35,34.05,102.86,8.21
NSE:TATACONSUM,LONG,55,2025-06-04T11:15:00+05:30,1123.2,2025-06-05T14:15:00+05:30,1111.6,golden_cross,death_cross,-638.0,199.76,12.29,36.87,-886.93,1.12
NSE:LT,LONG,25,2025-06-05T14:15:00+05:30,3642.7,2025-06-05T15:15:00+05:30,3641.2,golden_cross,death_cross,-37.5,79.29,18.21,54.63,-189.63,0.04
NSE:INFY,LONG,40,2025-06-05T14:15:00+05:30,1555.5,2025-06-06T09:15:00+05:30,1548.0,golden_cross,death_cross,-300.0,201.1,12.41,37.24,-550.76,0.79
NSE:SBIN,SHORT,75,2025-06-05T14:15:00+05:30,807.0,2025-06-06T10:15:00+05:30,813.0,death_cross,golden_cross,-450.0,198.18,12.15,36.45,-696.78,0.83
NSE:LT,SHORT,25,2025-06-06T09:15:00+05:30,3636.8,2025-06-06T10:15:00+05:30,3653.3,death_cross,golden_cross,-412.5,79.27,18.23,54.68,-564.67,0.04
NSE:INFY,SHORT,40,2025-06-06T10:15:00+05:30,1553.4,2025-06-06T11:15:00+05:30,1557.6,death_cross,golden_cross,-168.0,69.11,12.44,37.33,-286.89,0.04
NSE:HCLTECH,SHORT,40,2025-06-05T14:15:00+05:30,1632.2,2025-06-06T15:15:00+05:30,1638.0,death_cross,golden_cross,-232.0,208.5,13.08,39.24,-492.83,1.04
NSE:TCS,SHORT,15,2025-05-27T13:15:00+05:30,3495.5,2025-06-09T10:15:00+05:30,3423.6,death_cross,golden_cross,1078.5,178.38,10.38,31.14,858.61,12.88
NSE:BHARTIARTL,LONG,30,2025-06-04T11:15:00+05:30,1873.7,2025-06-09T10:15:00+05:30,1866.1,golden_cross,death_cross,-228.0,187.82,11.22,33.66,-460.7,4.96
NSE:BHARTIARTL,LONG,30,2025-06-09T11:15:00+05:30,1872.9,2025-06-09T12:15:00+05:30,1862.6,golden_cross,death_cross,-309.0,66.91,11.21,33.62,-420.74,0.04
NSE:ICICIBANK,LONG,25,2025-06-05T12:15:00+05:30,1450.2,2025-06-09T13:15:00+05:30,1437.0,golden_cross,death_cross,-330.0,143.36,7.22,21.65,-502.24,4.04
NSE:TATACONSUM,SHORT,55,2025-06-05T15:15:00+05:30,1112.4,2025-06-09T14:15:00+05:30,1121.2,death_cross,golden_cross,-484.0,199.68,12.28,36.85,-732.82,3.96
NSE:HDFCBANK,LONG,100,2025-06-04T11:15:00+05:30,485.02,2025-06-11T09:15:00+05:30,489.57,golden_cross,death_cross,455.0,171.4,9.75,29.24,244.62,6.92
NSE:TATACONSUM,LONG,50,2025-06-09T15:15:00+05:30,1120.1,2025-06-11T09:15:00+05:30,1108.7,golden_cross,death_cross,-570.0,187.01,11.14,33.43,-801.58,1.75
NSE:HINDUNILVR,LONG,30,2025-06-05T11:15:00+05:30,2376.9,2025-06-11T15:15:00+05:30,2372.7,golden_cross,death_cross,-126.0,221.48,14.25,42.75,-404.47,6.17
NSE:BANKNIFTY,LONG,1.4296073953583477,2025-06-04T12:15:00+05:30,55645.4,2025-06-12T09:15:00+05:30,56395.8,golden_cross,death_cross,1072.78,68.37,3.2,16.02,985.18,7.88
NSE:SBIN,LONG,70,2025-06-06T11:15:00+05:30,814.5,2025-06-12T09:15:00+05:30,811.8,golden_cross,death_cross,-189.0,189.65,11.38,34.15,-424.18,5.92
NSE:ITC,LONG,135,2025-06-05T15:15:00+05:30,419.45,2025-06-12T11:15:00+05:30,420.95,golden_cross,death_cross,202.5,189.19,11.35,34.04,-32.07,6.83
NSE:LT,LONG,25,2025-06-06T11:15:00+05:30,3660.5,2025-06-12T11:15:00+05:30,3658.8,golden_cross,death_cross,-42.5,266.47,18.3,54.89,-382.16,6.0
NSE:SENSEX,LONG,1.2214327384512176,2025-06-05T11:15:00+05:30,81809.98,2025-06-12T12:15:00+05:30,82190.97,golden_cross,death_cross,465.35,73.6,4.01,20.03,367.71,7.04
NSE:ADANIGREEN,LONG,110,2025-06-05T11:15:00+05:30,1012.1,2025-06-12T12:15:00+05:30,1036.9,golden_cross,death_cross,2728.0,313.38,22.54,67.62,2324.46,7.04
NSE:NIFTY,LONG,4.5634782917101635,2025-06-05T11:15:00+05:30,24869.55,2025-06-12T13:15:00+05:30,24847.4,golden_cross,death_cross,-101.08,77.05,4.54,22.69,-205.35,7.08
NSE:TCS,LONG,15,2025-06-09T11:15:00+05:30,3419.8,2025-06-12T15:15:00+05:30,3432.0,golden_cross,death_cross,183.0,177.32,10.28,30.83,-35.44,3.17
NSE:TCS,SHORT,15,2025-06-13T09:15:00+05:30,3426.5,2025-06-16T09:15:00+05:30,3472.1,death_cross,golden_cross,-684.0,178.17,10.35,31.04,-903.56,3.0
NSE:BHARTIARTL,SHORT,30,2025-06-09T13:15:00+05:30,1862.6,2025-06-16T11:15:00+05:30,1864.6,death_cross,golden_cross,-60.0,187.39,11.18,33.54,-292.11,6.92
NSE:LT,SHORT,25,2025-06-12T12:15:00+05:30,3637.0,2025-06-16T14:15:00+05:30,3629.9,death_cross,golden_cross,177.5,265.0,18.17,54.5,-160.16,4.08
NSE:NIFTY,SHORT,4.5519511409020135,2025-06-12T14:15:00+05:30,24887.55,2025-06-16T15:15:00+05:30,24940.95,death_cross,golden_cross,-243.07,77.03,4.54,22.68,-347.32,4.04
NSE:ICICIBANK,SHORT,25,2025-06-09T14:15:00+05:30,1434.9,2025-06-16T15:15:00+05:30,1427.9,death_cross,golden_cross,175.0,142.65,7.16,21.47,3.72,7.04
NSE:LT,LONG,25,2025-06-16T15:15:00+05:30,3627.0,2025-06-17T09:15:00+05:30,3610.0,golden_cross,death_cross,-425.0,264.21,18.09,54.28,-761.58,0.75
NSE:ICICIBANK,LONG,25,2025-06-17T09:15:00+05:30,1425.4,2025-06-17T12:15:00+05:30,1419.5,golden_cross,death_cross,-147.5,59.72,7.11,21.34,-235.67,0.12
NSE:TCS,LONG,15,2025-06-16T10:15:00+05:30,3504.0,2025-06-18T13:15:00+05:30,3453.4,golden_cross,death_cross,-759.0,179.16,10.44,31.31,-979.9,2.12
NSE:HDFCBANK,SHORT,95,2025-06-11T10:15:00+05:30,490.32,2025-06-19T09:15:00+05:30,485.75,death_cross,golden_cross,434.62,166.14,9.27,27.82,231.4,7.96
NSE:HCLTECH,LONG,40,2025-06-09T09:15:00+05:30,1653.8,2025-06-19T09:15:00+05:30,1704.2,golden_cross,death_cross,2016.0,212.24,13.43,40.3,1750.03,10.0
NSE:INFY,LONG,40,2025-06-06T12:15:00+05:30,1555.4,2025-06-19T11:15:00+05:30,1617.1,golden_cross,death_cross,2468.0,203.96,12.69,38.07,2213.28,12.96
NSE:TATACONSUM,SHORT,50,2025-06-11T10:15:00+05:30,1110.4,2025-06-19T11:15:00+05:30,1087.7,death_cross,golden_cross,1135.0,185.17,10.99,32.97,905.86,8.04
NSE:LT,SHORT,25,2025-06-17T10:15:00+05:30,3611.7,2025-06-19T14:15:00+05:30,3621.7,death_cross,golden_cross,-250.0,264.1,18.08,54.25,-586.43,2.17
NSE:BANKNIFTY,SHORT,1.4312427546171536,2025-06-12T10:15:00+05:30,56268.1,2025-06-20T10:15:00+05:30,56132.9,death_cross,golden_cross,193.5,68.39,3.22,16.09,105.81,8.0
NSE:NIFTY,SHORT,4.544583765688436,2025-06-17T09:15:00+05:30,24851.7,2025-06-20T10:15:00+05:30,25016.55,death_cross,golden_cross,-749.17,76.96,4.53,22.66,-853.33,3.04
NSE:SENSEX,SHORT,1.2294606871474834,2025-06-12T13:15:00+05:30,81573.98,2025-06-20T10:15:00+05:30,82074.54,death_cross,golden_cross,-615.42,73.62,4.02,20.12,-713.18,7.88
NSE:ICICIBANK,SHORT,25,2025-06-17T13:15:00+05:30,1420.7,2025-06-20T11:15:00+05:30,1430.3,death_cross,golden_cross,-240.0,142.35,7.13,21.38,-410.86,2.92
NSE:ITC,SHORT,135,2025-06-12T12:15:00+05:30,423.25,2025-06-20T11:15:00+05:30,418.9,death_cross,golden_cross,587.25,189.42,11.37,34.11,352.35,7.96
NSE:HCLTECH,SHORT,35,2025-06-19T10:15:00+05:30,1702.0,2025-06-20T11:15:00+05:30,1735.6,death_cross,golden_cross,-1176.0,196.92,12.03,36.09,-1421.04,1.04
NSE:SBIN,SHORT,70,2025-06-12T10:15:00+05:30,813.05,2025-06-20T12:15:00+05:30,795.1,death_cross,golden_cross,1256.5,188.13,11.26,33.77,1023.34,8.08
NSE:ITC,LONG,140,2025-06-20T12:15:00+05:30,418.3,2025-06-23T09:15:00+05:30,414.5,golden_cross,death_cross,-532.0,192.73,11.66,34.98,-771.37,2.88
NSE:ICICIBANK,LONG,25,2025-06-20T12:15:00+05:30,1431.6,2025-06-23T12:15:00+05:30,1415.2,golden_cross,death_cross,-410.0,142.25,7.12,21.35,-580.71,3.0
NSE:HCLTECH,LONG,35,2025-06-20T12:15:00+05:30,1733.5,2025-06-23T12:15:00+05:30,1713.1,golden_cross,death_cross,-714.0,197.23,12.06,36.19,-959.48,3.0
NSE:LT,LONG,25,2025-06-19T15:15:00+05:30,3615.6,2025-06-23T12:15:00+05:30,3594.3,golden_cross,death_cross,-532.5,263.47,18.02,54.07,-868.06,3.88
NSE:TATASTEEL,SHORT,585,2025-05-30T13:15:00+05:30,161.03,2025-06-23T13:15:00+05:30,152.96,death_cross,golden_cross,4720.95,266.89,18.37,55.11,4380.59,24.0
NSE:WIPRO,LONG,315,2025-06-05T12:15:00+05:30,248.0,2025-06-23T13:15:00+05:30,263.49,golden_cross,death_cross,4879.35,241.8,16.11,48.34,4573.1,18.04
NSE:ICICIBANK,SHORT,20,2025-06-23T13:15:00+05:30,1420.2,2025-06-23T14:15:00+05:30,1419.2,death_cross,golden_cross,20.0,57.21,5.68,17.04,-59.92,0.04
NSE:SBIN,LONG,75,2025-06-20T13:15:00+05:30,794.7,2025-06-23T15:15:00+05:30,790.0,golden_cross,death_cross,-352.5,195.23,11.89,35.66,-595.27,3.08
NSE:WIPRO,SHORT,315,2025-06-23T14:15:00+05:30,263.49,2025-06-24T09:15:00+05:30,268.2,death_cross,golden_cross,-1483.65,249.35,16.75,50.24,-1799.99,0.79
NSE:ADANIGREEN,SHORT,115,2025-06-12T13:15:00+05:30,1013.0,2025-06-24T09:15:00+05:30,987.4,death_cross,golden_cross,2944.0,318.54,23.0,69.01,2533.44,11.83
NSE:LT,SHORT,25,2025-06-23T13:15:00+05:30,3593.2,2025-06-24T10:15:00+05:30,3666.2,death_cross,golden_cross,-1825.0,264.94,18.15,54.45,-2162.53,0.88
NSE:ITC,SHORT,135,2025-06-23T10:15:00+05:30,415.45,2025-06-24T11:15:00+05:30,420.1,death_cross,golden_cross,-627.75,188.52,11.28,33.84,-861.39,1.04
NSE:ITC,LONG,135,2025-06-24T12:15:00+05:30,416.9,2025-06-24T13:15:00+05:30,414.55,golden_cross,death_cross,-317.25,66.95,11.22,33.67,-429.09,0.04
NSE:LT,LONG,25,2025-06-24T11:15:00+05:30,3680.2,2025-06-24T15:15:00+05:30,3612.0,golden_cross,death_cross,-1705.0,79.14,18.23,54.69,-1857.06,0.17
NSE:INFY,SHORT,35,2025-06-19T12:15:00+05:30,1621.7,2025-06-25T13:15:00+05:30,1614.3,death_cross,golden_cross,259.0,188.97,11.33,33.98,24.73,6.04
NSE:ITC,SHORT,135,2025-06-24T14:15:00+05:30,414.2,2025-06-25T13:15:00+05:30,417.25,death_cross,golden_cross,-411.75,187.89,11.22,33.67,-644.54,0.96
NSE:TCS,SHORT,15,2025-06-18T14:15:00+05:30,3450.3,2025-06-25T14:15:00+05:30,3443.6,death_cross,golden_cross,100.5,178.03,10.34,31.02,-118.9,7.0
NSE:HCLTECH,SHORT,35,2025-06-23T13:15:00+05:30,1711.2,2025-06-25T14:15:00+05:30,1717.9,death_cross,golden_cross,-234.5,196.52,12.0,36.01,-479.02,2.04
NSE:ITC,LONG,130,2025-06-25T14:15:00+05:30,416.6,2025-06-25T15:15:00+05:30,416.1,golden_cross,death_cross,-65.0,66.27,10.83,32.48,-174.57,0.04
NSE:LT,SHORT,25,2025-06-25T09:15:00+05:30,3624.6,2025-06-26T09:15:00+05:30,3645.8,death_cross,golden_cross,-530.0,265.15,18.18,54.53,-867.85,1.0
NSE:SBIN,LONG,75,2025-06-24T09:15:00+05:30,803.0,2025-06-26T12:15:00+05:30,794.5,golden_cross,death_cross,-637.5,196.32,11.98,35.94,-881.74,2.12
NSE:SBIN,SHORT,75,2025-06-26T13:15:00+05:30,795.4,2025-06-27T09:15:00+05:30,806.35,death_cross,golden_cross,-821.25,196.68,12.01,36.04,-1065.99,0.83
NSE:HINDUNILVR,SHORT,30,2025-06-12T09:15:00+05:30,2350.0,2025-06-27T09:15:00+05:30,2293.6,death_cross,golden_cross,1692.0,217.81,13.93,41.79,1418.47,15.0
NSE:WIPRO,LONG,305,2025-06-24T10:15:00+05:30,267.65,2025-06-27T13:15:00+05:30,265.72,golden_cross,death_cross,-588.65,243.95,16.27,48.8,-897.67,3.12
NSE:TATACONSUM,LONG,55,2025-06-19T12:15:00+05:30,1080.3,2025-06-30T09:15:00+05:30,1102.5,golden_cross,death_cross,1221.0,196.45,12.01,36.02,976.53,10.88
NSE:INFY,LONG,40,2025-06-25T14:15:00+05:30,1616.0,2025-06-30T10:15:00+05:30,1602.5,golden_cross,death_cross,-540.0,206.23,12.87,38.62,-797.73,4.83
NSE:ITC,LONG,130,2025-06-26T09:15:00+05:30,418.6,2025-06-30T13:15:00+05:30,416.15,golden_cross,death_cross,-318.5,183.74,10.85,32.56,-545.65,4.17
NSE:ICICIBANK,LONG,20,2025-06-23T15:15:00+05:30,1419.1,2025-07-01T11:15:00+05:30,1435.7,golden_cross,death_cross,332.0,126.55,5.71,17.13,182.61,7.83
NSE:LT,LONG,25,2025-06-26T10:15:00+05:30,3638.4,2025-07-01T12:15:00+05:30,3661.4,golden_cross,death_cross,575.0,265.88,18.25,54.75,236.12,5.08
NSE:TCS,LONG,15,2025-06-25T15:15:00+05:30,3443.0,2025-07-01T13:15:00+05:30,3419.8,golden_cross,death_cross,-348.0,177.55,10.29,30.88,-566.72,5.92
NSE:HCLTECH,LONG,35,2025-06-25T15:15:00+05:30,1713.9,2025-07-01T13:15:00+05:30,1717.9,golden_cross,death_cross,140.0,196.59,12.01,36.03,-104.64,5.92
NSE:LT,LONG,25,2025-07-01T13:15:00+05:30,3669.9,2025-07-01T14:15:00+05:30,3665.7,golden_cross,death_cross,-105.0,79.51,18.34,55.02,-257.86,0.04
NSE:INFY,SHORT,35,2025-06-30T11:15:00+05:30,1604.7,2025-07-02T09:15:00+05:30,1641.9,death_cross,golden_cross,-1302.0,189.5,11.36,34.09,-1536.95,1.92
NSE:TCS,SHORT,15,2025-07-01T14:15:00+05:30,3431.4,2025-07-02T09:15:00+05:30,3468.8,death_cross,golden_cross,-561.0,178.19,10.35,31.05,-780.59,0.79
NSE:HINDUNILVR,LONG,30,2025-06-27T10:15:00+05:30,2292.4,2025-07-02T10:15:00+05:30,2290.2,golden_cross,death_cross,-66.0,215.9,13.75,41.24,-336.9,5.0
NSE:HDFCBANK,LONG,100,2025-06-19T10:15:00+05:30,484.75,2025-07-02T11:15:00+05:30,498.25,golden_cross,death_cross,1350.0,172.26,9.83,29.49,1138.42,13.04
NSE:TCS,LONG,15,2025-07-02T10:15:00+05:30,3438.0,2025-07-02T11:15:00+05:30,3440.5,golden_cross,death_cross,37.5,65.39,10.32,30.95,-69.16,0.04
NSE:SENSEX,LONG,1.2123489753698422,2025-06-20T11:15:00+05:30,82138.85,2025-07-02T12:15:00+05:30,83420.77,golden_cross,death_cross,1554.13,73.75,4.01,20.07,1456.3,12.04
NSE:BANKNIFTY,LONG,1.4357291738995477,2025-06-20T11:15:00+05:30,56165.75,2025-07-02T13:15:00+05:30,56888.15,golden_cross,death_cross,1037.17,68.65,3.25,16.23,949.04,12.08
NSE:NIFTY,LONG,4.476414176627717,2025-06-20T11:15:00+05:30,25040.1,2025-07-02T13:15:00+05:30,25415.3,golden_cross,death_cross,1679.55,77.07,4.52,22.59,1575.37,12.08
NSE:WIPRO,SHORT,305,2025-06-27T14:15:00+05:30,265.08,2025-07-02T14:15:00+05:30,267.0,death_cross,golden_cross,-585.6,243.51,16.23,48.69,-894.02,5.0
NSE:NIFTY,SHORT,4.464357038487035,2025-07-02T14:15:00+05:30,25459.55,2025-07-03T10:15:00+05:30,25554.2,death_cross,golden_cross,-422.55,77.13,4.55,22.77,-527.01,0.83
NSE:SENSEX,SHORT,1.2130478867350718,2025-07-02T13:15:00+05:30,83288.46,2025-07-03T10:15:00+05:30,83758.56,death_cross,golden_cross,-570.25,73.81,4.05,20.26,-668.38,0.88
NSE:SBIN,LONG,70,2025-06-27T10:15:00+05:30,805.1,2025-07-03T10:15:00+05:30,811.25,golden_cross,death_cross,430.5,188.83,11.31,33.94,196.42,6.0
NSE:HCLTECH,SHORT,35,2025-07-01T14:15:00+05:30,1719.0,2025-07-03T10:15:00+05:30,1730.0,death_cross,golden_cross,-385.0,197.3,12.07,36.21,-630.59,1.83
NSE:ADANIGREEN,LONG,120,2025-06-24T10:15:00+05:30,995.5,2025-07-03T12:15:00+05:30,1011.1,golden_cross,death_cross,1872.0,330.56,24.08,72.24,1445.12,9.08
NSE:NIFTY,LONG,4.435982867803701,2025-07-03T11:15:00+05:30,25503.95,2025-07-03T14:15:00+05:30,25397.95,golden_cross,death_cross,-470.21,76.87,4.52,22.58,-574.18,0.12
NSE:SENSEX,LONG,1.200705650574338,2025-07-03T11:15:00+05:30,83589.6,2025-07-03T14:15:00+05:30,83227.72,golden_cross,death_cross,-434.51,73.52,4.01,20.03,-532.07,0.12
NSE:BHARTIARTL,LONG,30,2025-06-16T12:15:00+05:30,1861.9,2025-07-04T10:15:00+05:30,2009.6,golden_cross,death_cross,4431.0,191.86,11.61,34.84,4192.68,17.92
NSE:ICICIBANK,SHORT,20,2025-07-01T12:15:00+05:30,1434.7,2025-07-04T14:15:00+05:30,1443.2,death_cross,golden_cross,-170.0,127.1,5.76,17.27,-320.13,3.08
NSE:HCLTECH,SHORT,35,2025-07-03T11:15:00+05:30,1718.6,2025-07-04T14:15:00+05:30,1725.9,death_cross,golden_cross,-255.5,197.12,12.06,36.17,-500.84,1.12
NSE:HCLTECH,LONG,35,2025-07-04T15:15:00+05:30,1725.9,2025-07-07T09:15:00+05:30,1711.4,golden_cross,death_cross,-507.5,196.85,12.03,36.09,-752.48,2.75
NSE:TATASTEEL,LONG,645,2025-06-23T14:15:00+05:30,152.33,2025-07-07T09:15:00+05:30,162.85,golden_cross,death_cross,6785.4,288.52,20.33,60.99,6415.56,13.79
NSE:ITC,SHORT,130,2025-06-30T14:15:00+05:30,416.75,2025-07-07T11:15:00+05:30,416.45,death_cross,golden_cross,39.0,183.49,10.83,32.49,-187.82,6.88
NSE:TATACONSUM,SHORT,55,2025-06-30T10:15:00+05:30,1098.9,2025-07-07T11:15:00+05:30,1101.8,death_cross,golden_cross,-159.5,197.64,12.1,36.31,-405.56,7.04
NSE:BHARTIARTL,SHORT,30,2025-07-04T11:15:00+05:30,2007.4,2025-07-07T14:15:00+05:30,2032.0,death_cross,golden_cross,-738.0,197.85,12.12,36.35,-984.32,3.12
NSE:BANKNIFTY,SHORT,1.430887905096599,2025-07-02T14:15:00+05:30,57017.05,2025-07-08T09:15:00+05:30,57146.8,death_cross,golden_cross,-185.66,68.68,3.27,16.34,-273.94,5.79
NSE:WIPRO,LONG,295,2025-07-02T15:15:00+05:30,267.15,2025-07-08T09:15:00+05:30,267.75,golden_cross,death_cross,177.0,238.46,15.78,47.34,-124.58,5.75
NSE:SENSEX,SHORT,1.1991300474631668,2025-07-03T15:15:00+05:30,83257.05,2025-07-08T11:15:00+05:30,83460.3,death_cross,golden_cross,-243.72,73.49,4.0,19.99,-341.2,4.83
NSE:NIFTY,SHORT,4.432052921777576,2025-07-03T15:15:00+05:30,25397.4,2025-07-08T12:15:00+05:30,25474.95,death_cross,golden_cross,-343.71,76.84,4.51,22.55,-447.6,4.88
NSE:WIPRO,SHORT,295,2025-07-08T10:15:00+05:30,267.65,2025-07-08T12:15:00+05:30,269.85,death_cross,golden_cross,-649.0,75.07,15.86,47.57,-787.5,0.08
NSE:HDFCBANK,SHORT,100,2025-07-02T12:15:00+05:30,497.35,2025-07-08T14:15:00+05:30,500.68,death_cross,golden_cross,-332.5,174.06,9.98,29.94,-546.48,6.08
NSE:SBIN,SHORT,70,2025-07-03T11:15:00+05:30,812.0,2025-07-08T14:15:00+05:30,813.0,death_cross,golden_cross,-70.0,189.54,11.38,34.12,-305.04,5.12
NSE:WIPRO,LONG,290,2025-07-08T13:15:00+05:30,268.9,2025-07-09T10:15:00+05:30,267.4,golden_cross,death_cross,-435.0,235.99,15.55,46.66,-733.2,0.88
NSE:ICICIBANK,LONG,20,2025-07-04T15:15:00+05:30,1443.0,2025-07-09T13:15:00+05:30,1431.4,golden_cross,death_cross,-232.0,127.03,5.75,17.25,-382.02,4.92
NSE:INFY,LONG,35,2025-07-02T10:15:00+05:30,1611.8,2025-07-10T09:15:00+05:30,1620.8,golden_cross,death_cross,315.0,188.83,11.31,33.94,80.91,7.96
NSE:ADANIGREEN,SHORT,115,2025-07-03T13:15:00+05:30,1011.3,2025-07-10T09:15:00+05:30,1000.4,death_cross,golden_cross,1253.5,320.11,23.13,69.4,840.85,6.83
NSE:TATACONSUM,LONG,55,2025-07-07T12:15:00+05:30,1101.9,2025-07-10T09:15:00+05:30,1095.0,golden_cross,death_cross,-379.5,197.43,12.08,36.25,-625.26,2.88
NSE:BHARTIARTL,LONG,30,2025-07-07T15:15:00+05:30,2029.5,2025-07-10T09:15:00+05:30,1987.4,golden_cross,death_cross,-1263.0,197.14,12.05,36.15,-1508.34,2.75
NSE:NIFTY,LONG,4.403523807705575,2025-07-08T13:15:00+05:30,25460.6,2025-07-10T10:15:00+05:30,25397.0,golden_cross,death_cross,-280.06,76.65,4.48,22.4,-383.58,1.88
NSE:SENSEX,LONG,1.191455364057959,2025-07-08T12:15:00+05:30,83507.83,2025-07-10T10:15:00+05:30,83295.42,golden_cross,death_cross,-253.08,73.33,3.97,19.87,-350.26,1.92
NSE:SBIN,LONG,70,2025-07-08T15:15:00+05:30,812.25,2025-07-10T13:15:00+05:30,808.45,golden_cross,death_cross,-266.0,189.22,11.34,34.03,-500.6,1.92
NSE:BANKNIFTY,LONG,1.4243378373310225,2025-07-08T10:15:00+05:30,57087.5,2025-07-10T14:15:00+05:30,57002.25,golden_cross,death_cross,-121.42,68.57,3.25,16.25,-209.5,2.17
NSE:ADANIGREEN,LONG,120,2025-07-10T10:15:00+05:30,1000.7,2025-07-11T09:15:00+05:30,995.7,golden_cross,death_cross,-600.0,329.39,23.96,71.87,-1025.22,0.96
NSE:HDFCBANK,LONG,95,2025-07-08T15:15:00+05:30,499.85,2025-07-11T10:15:00+05:30,497.7,golden_cross,death_cross,-204.25,168.45,9.48,28.43,-410.61,2.79
NSE:ITC,LONG,130,2025-07-07T12:15:00+05:30,416.65,2025-07-11T10:15:00+05:30,416.0,golden_cross,death_cross,-84.5,183.42,10.82,32.47,-311.22,3.92
NSE:SBIN,SHORT,70,2025-07-10T14:15:00+05:30,808.1,2025-07-14T09:15:00+05:30,813.55,death_cross,golden_cross,-381.5,189.3,11.35,34.05,-616.21,3.79
NSE:ITC,SHORT,130,2025-07-11T11:15:00+05:30,416.95,2025-07-14T09:15:00+05:30,418.3,death_cross,golden_cross,-175.5,183.8,10.86,32.57,-402.74,2.92
NSE:ADANIGREEN,SHORT,120,2025-07-11T10:15:00+05:30,988.9,2025-07-14T09:15:00+05:30,1006.9,death_cross,golden_cross,-2160.0,329.43,23.95,71.85,-2585.22,2.96
NSE:SBIN,LONG,70,2025-07-14T10:15:00+05:30,811.85,2025-07-14T13:15:00+05:30,808.65,golden_cross,death_cross,-224.0,67.17,11.34,34.03,-336.54,0.12
NSE:SBIN,SHORT,70,2025-07-14T14:15:00+05:30,808.5,2025-07-15T09:15:00+05:30,820.5,death_cross,golden_cross,-840.0,189.91,11.4,34.21,-1075.52,0.79
NSE:BANKNIFTY,SHORT,1.423935347945514,2025-07-10T15:15:00+05:30,56956.95,2025-07-15T11:15:00+05:30,57054.95,death_cross,golden_cross,-139.55,68.55,3.25,16.23,-227.58,4.83
NSE:HDFCBANK,SHORT,95,2025-07-11T11:15:00+05:30,496.6,2025-07-15T12:15:00+05:30,500.27,death_cross,golden_cross,-349.12,168.39,9.47,28.41,-555.4,4.04
NSE:ICICIBANK,SHORT,20,2025-07-09T14:15:00+05:30,1431.8,2025-07-15T13:15:00+05:30,1427.4,death_cross,golden_cross,88.0,126.67,5.72,17.16,-61.54,5.96
NSE:WIPRO,SHORT,290,2025-07-09T11:15:00+05:30,267.05,2025-07-16T11:15:00+05:30,260.4,death_cross,golden_cross,1928.5,232.96,15.3,45.89,1634.36,7.0
NSE:INFY,SHORT,35,2025-07-10T10:15:00+05:30,1618.1,2025-07-16T12:15:00+05:30,1608.5,death_cross,golden_cross,336.0,188.6,11.29,33.88,102.23,6.08
NSE:NIFTY,SHORT,4.404478886666031,2025-07-10T11:15:00+05:30,25368.25,2025-07-16T14:15:00+05:30,25207.5,death_cross,golden_cross,708.02,76.58,4.46,22.28,604.71,6.12
NSE:TATACONSUM,SHORT,55,2025-07-10T10:15:00+05:30,1095.9,2025-07-16T14:15:00+05:30,1082.1,death_cross,golden_cross,759.0,196.19,11.98,35.94,514.9,6.17
NSE:SENSEX,SHORT,1.1918967501834496,2025-07-10T11:15:00+05:30,83183.92,2025-07-16T15:15:00+05:30,82623.88,death_cross,golden_cross,667.51,73.27,3.95,19.76,570.53,6.17
NSE:NIFTY,LONG,4.458066993276499,2025-07-16T15:15:00+05:30,25198.55,2025-07-17T09:15:00+05:30,25160.1,golden_cross,death_cross,-171.41,76.73,4.49,22.45,-275.08,0.75
NSE:ICICIBANK,LONG,20,2025-07-15T14:15:00+05:30,1431.3,2025-07-17T09:15:00+05:30,1413.0,golden_cross,death_cross,-366.0,126.37,5.69,17.07,-515.13,1.79
NSE:BANKNIFTY,LONG,1.4180122649829114,2025-07-15T12:15:00+05:30,57034.85,2025-07-17T13:15:00+05:30,56862.8,golden_cross,death_cross,-243.97,68.43,3.23,16.15,-331.78,2.04
NSE:HDFCBANK,LONG,95,2025-07-15T13:15:00+05:30,500.38,2025-07-17T13:15:00+05:30,497.48,golden_cross,death_cross,-275.5,168.49,9.48,28.44,-481.91,2.0
NSE:INFY,LONG,35,2025-07-16T13:15:00+05:30,1609.5,2025-07-17T14:15:00+05:30,1583.7,golden_cross,death_cross,-903.0,187.39,11.18,33.53,-1135.1,1.04
NSE:TATASTEEL,SHORT,645,2025-07-07T10:15:00+05:30,162.27,2025-07-17T14:15:00+05:30,159.96,death_cross,golden_cross,1489.95,293.97,20.78,62.35,1112.84,10.17
NSE:HINDUNILVR,LONG,30,2025-07-02T11:15:00+05:30,2299.0,2025-07-18T10:15:00+05:30,2490.0,golden_cross,death_cross,5730.0,222.35,14.37,43.1,5450.18,15.96
NSE:ITC,LONG,130,2025-07-14T10:15:00+05:30,419.0,2025-07-18T12:15:00+05:30,421.15,golden_cross,death_cross,279.5,184.48,10.92,32.77,51.34,4.08
NSE:ITC,SHORT,125,2025-07-18T13:15:00+05:30,422.4,2025-07-18T14:15:00+05:30,422.9,death_cross,golden_cross,-62.5,65.81,10.57,31.7,-170.58,0.04
NSE:SBIN,LONG,65,2025-07-15T10:15:00+05:30,816.8,2025-07-18T15:15:00+05:30,823.0,golden_cross,death_cross,403.0,181.54,10.66,31.98,178.82,3.21
NSE:ADANIGREEN,LONG,115,2025-07-14T10:15:00+05:30,1021.6,2025-07-18T15:15:00+05:30,1030.0,golden_cross,death_cross,966.0,325.23,23.59,70.78,546.39,4.21
NSE:ICICIBANK,SHORT,20,2025-07-17T10:15:00+05:30,1415.4,2025-07-21T09:15:00+05:30,1459.8,death_cross,golden_cross,-888.0,127.1,5.75,17.25,-1038.1,3.96
NSE:ADANIGREEN,SHORT,110,2025-07-21T09:15:00+05:30,1034.0,2025-07-21T11:15:00+05:30,1037.6,death_cross,golden_cross,-396.0,87.31,22.79,68.36,-574.46,0.08
NSE:TATACONSUM,LONG,55,2025-07-16T15:15:00+05:30,1082.0,2025-07-21T11:15:00+05:30,1086.9,golden_cross,death_cross,269.5,195.67,11.93,35.79,26.12,4.83
NSE:SBIN,SHORT,65,2025-07-21T09:15:00+05:30,823.6,2025-07-21T12:15:00+05:30,826.5,death_cross,golden_cross,-188.5,66.08,10.73,32.18,-297.48,0.12
NSE:HDFCBANK,SHORT,95,2025-07-17T14:15:00+05:30,497.02,2025-07-21T13:15:00+05:30,498.62,death_cross,golden_cross,-152.0,168.25,9.46,28.38,-358.08,3.96
NSE:WIPRO,LONG,305,2025-07-16T12:15:00+05:30,261.75,2025-07-21T13:15:00+05:30,260.25,golden_cross,death_cross,-457.5,240.08,15.92,47.76,-761.27,5.04
NSE:LT,SHORT,25,2025-07-01T15:15:00+05:30,3665.0,2025-07-21T13:15:00+05:30,3495.6,death_cross,golden_cross,4235.0,261.74,17.9,53.7,3901.66,19.92
NSE:BANKNIFTY,SHORT,1.4166984462152146,2025-07-17T14:15:00+05:30,56854.25,2025-07-21T14:15:00+05:30,56953.05,death_cross,golden_cross,-139.97,68.4,3.22,16.12,-227.72,4.0
NSE:SBIN,LONG,65,2025-07-21T13:15:00+05:30,824.6,2025-07-21T14:15:00+05:30,824.3,golden_cross,death_cross,-19.5,66.09,10.72,32.15,-128.46,0.04
NSE:ADANIGREEN,LONG,110,2025-07-21T12:15:00+05:30,1038.4,2025-07-22T09:15:00+05:30,1031.4,golden_cross,death_cross,-770.0,316.19,22.77,68.3,-1177.26,0.88
NSE:SENSEX,SHORT,1.2093247613962181,2025-07-17T09:15:00+05:30,82455.49,2025-07-22T11:15:00+05:30,82227.92,death_cross,golden_cross,275.21,73.43,3.98,19.92,177.87,5.08
NSE:LT,LONG,25,2025-07-21T14:15:00+05:30,3506.9,2025-07-22T11:15:00+05:30,3460.0,golden_cross,death_cross,-1172.5,256.76,17.42,52.25,-1498.93,0.88
NSE:NIFTY,SHORT,4.450653767358279,2025-07-17T10:15:00+05:30,25178.9,2025-07-22T13:15:00+05:30,25086.45,death_cross,golden_cross,411.46,76.68,4.47,22.37,307.94,5.12
NSE:NIFTY,SHORT,4.484290199957766,2025-07-22T14:15:00+05:30,25058.5,2025-07-23T09:15:00+05:30,25109.3,death_cross,golden_cross,-227.8,76.78,4.5,22.5,-331.58,0.79
NSE:BHARTIARTL,SHORT,30,2025-07-10T10:15:00+05:30,1986.0,2025-07-23T10:15:00+05:30,1924.5,death_cross,golden_cross,1845.0,193.36,11.73,35.19,1604.72,13.0
NSE:ADANIGREEN,SHORT,110,2025-07-22T10:15:00+05:30,1028.5,2025-07-23T15:15:00+05:30,1034.0,death_cross,golden_cross,-605.0,315.28,22.69,68.06,-1011.03,1.21
NSE:WIPRO,SHORT,300,2025-07-21T14:15:00+05:30,260.1,2025-07-24T10:15:00+05:30,261.7,death_cross,golden_cross,-480.0,237.12,15.65,46.96,-779.73,2.83
NSE:WIPRO,SHORT,300,2025-07-24T11:15:00+05:30,260.8,2025-07-24T12:15:00+05:30,261.15,death_cross,golden_cross,-105.0,74.78,15.66,46.98,-242.42,0.04
NSE:NIFTY,LONG,4.458757751453516,2025-07-23T10:15:00+05:30,25127.85,2025-07-24T14:15:00+05:30,25069.0,golden_cross,death_cross,-262.4,76.63,4.48,22.38,-365.88,1.17
NSE:SENSEX,LONG,1.2138826726894132,2025-07-22T12:15:00+05:30,82291.98,2025-07-24T14:15:00+05:30,82213.56,golden_cross,death_cross,-95.19,73.47,3.99,19.97,-192.63,2.08
NSE:WIPRO,LONG,295,2025-07-24T13:15:00+05:30,261.5,2025-07-25T09:15:00+05:30,257.8,golden_cross,death_cross,-1091.5,233.44,15.32,45.96,-1386.22,0.83
NSE:TATASTEEL,LONG,660,2025-07-17T15:15:00+05:30,159.97,2025-07-25T10:15:00+05:30,161.74,golden_cross,death_cross,1168.2,298.99,21.23,63.7,784.28,7.79
NSE:BANKNIFTY,LONG,1.4111537797024,2025-07-21T15:15:00+05:30,56916.75,2025-07-25T11:15:00+05:30,56547.7,golden_cross,death_cross,-520.79,68.22,3.2,16.01,-608.22,3.83
NSE:HDFCBANK,LONG,95,2025-07-21T14:15:00+05:30,500.25,2025-07-25T11:15:00+05:30,500.48,golden_cross,death_cross,21.38,168.77,9.51,28.52,-185.42,3.88
NSE:HDFCBANK,SHORT,95,2025-07-25T12:15:00+05:30,501.1,2025-07-28T10:15:00+05:30,503.75,death_cross,golden_cross,-251.75,169.23,9.55,28.64,-459.16,2.92
NSE:BHARTIARTL,LONG,30,2025-07-23T11:15:00+05:30,1925.2,2025-07-28T10:15:00+05:30,1905.1,golden_cross,death_cross,-603.0,190.87,11.49,34.47,-839.83,4.96
NSE:HINDUNILVR,SHORT,30,2025-07-18T11:15:00+05:30,2489.3,2025-07-29T13:15:00+05:30,2450.0,death_cross,golden_cross,1179.0,227.7,14.82,44.45,892.03,11.08
NSE:LT,SHORT,25,2025-07-22T12:15:00+05:30,3457.2,2025-07-29T13:15:00+05:30,3486.7,death_cross,golden_cross,-737.5,256.09,17.36,52.08,-1063.03,7.04
NSE:ADANIGREEN,SHORT,110,2025-07-24T09:15:00+05:30,1026.5,2025-07-29T14:15:00+05:30,1014.2,death_cross,golden_cross,1353.0,312.47,22.45,67.34,950.74,5.21
NSE:TATACONSUM,SHORT,55,2025-07-21T12:15:00+05:30,1088.7,2025-07-30T09:15:00+05:30,1076.2,death_cross,golden_cross,687.5,195.39,11.91,35.72,444.48,8.88
NSE:BHARTIARTL,SHORT,30,2025-07-28T11:15:00+05:30,1899.9,2025-07-30T09:15:00+05:30,1934.4,death_cross,golden_cross,-1035.0,191.03,11.5,34.51,-1272.04,1.92
NSE:TATASTEEL,SHORT,660,2025-07-25T11:15:00+05:30,161.45,2025-07-30T10:15:00+05:30,162.49,death_cross,golden_cross,-686.4,300.76,21.38,64.14,-1072.68,4.96
NSE:HINDUNILVR,LONG,30,2025-07-29T14:15:00+05:30,2453.4,2025-07-30T11:15:00+05:30,2413.7,golden_cross,death_cross,-1191.0,225.47,14.6,43.8,-1474.88,0.88
NSE:NIFTY,SHORT,4.457714001657873,2025-07-24T15:15:00+05:30,25051.9,2025-07-30T14:15:00+05:30,24858.15,death_cross,golden_cross,863.68,76.56,4.45,22.25,760.43,5.96
NSE:SENSEX,SHORT,1.2136818486364949,2025-07-24T15:15:00+05:30,82147.36,2025-07-30T14:15:00+05:30,81499.42,death_cross,golden_cross,786.39,73.41,3.97,19.86,689.15,5.96
NSE:NIFTY,LONG,4.525433524435636,2025-07-30T15:15:00+05:30,24844.55,2025-07-31T09:15:00+05:30,24673.6,golden_cross,death_cross,-773.62,76.62,4.48,22.41,-877.13,0.75
NSE:SENSEX,LONG,1.2322910417449149,2025-07-30T15:15:00+05:30,81464.4,2025-07-31T09:15:00+05:30,80877.71,golden_cross,death_cross,-722.97,73.46,4.0,20.01,-820.44,0.75
NSE:ICICIBANK,LONG,20,2025-07-21T10:15:00+05:30,1460.4,2025-07-31T09:15:00+05:30,1466.1,golden_cross,death_cross,114.0,128.16,5.85,17.56,-37.57,9.96
NSE:TATASTEEL,LONG,650,2025-07-30T11:15:00+05:30,162.33,2025-07-31T09:15:00+05:30,160.65,golden_cross,death_cross,-1092.0,296.5,20.99,62.98,-1472.47,0.92
NSE:HINDUNILVR,SHORT,30,2025-07-30T12:15:00+05:30,2436.4,2025-07-31T09:15:00+05:30,2525.1,death_cross,golden_cross,-2661.0,228.73,14.88,44.65,-2949.27,0.88
NSE:ADANIGREEN,LONG,115,2025-07-29T15:15:00+05:30,1016.4,2025-07-31T10:15:00+05:30,999.2,golden_cross,death_cross,-1978.0,320.85,23.18,69.54,-2391.57,1.79
NSE:BHARTIARTL,LONG,30,2025-07-30T10:15:00+05:30,1930.2,2025-07-31T10:15:00+05:30,1905.3,golden_cross,death_cross,-747.0,191.05,11.51,34.52,-984.08,1.0
NSE:ITC,SHORT,125,2025-07-18T15:15:00+05:30,422.0,2025-07-31T11:15:00+05:30,411.0,death_cross,golden_cross,1375.0,178.73,10.41,31.24,1154.62,12.83
NSE:NIFTY,SHORT,4.507906962554852,2025-07-31T10:15:00+05:30,24747.15,2025-07-31T13:15:00+05:30,24924.7,death_cross,golden_cross,-800.38,76.59,4.48,22.39,-903.84,0.12
NSE:SENSEX,SHORT,1.2276614745570098,2025-07-31T10:15:00+05:30,81105.31,2025-07-31T13:15:00+05:30,81686.3,death_cross,golden_cross,-713.26,73.44,4.0,19.99,-810.68,0.12
NSE:ICICIBANK,SHORT,20,2025-07-31T10:15:00+05:30,1471.9,2025-07-31T13:15:00+05:30,1492.6,death_cross,golden_cross,-414.0,57.6,5.93,17.79,-495.32,0.12
NSE:NIFTY,LONG,4.4687302919362155,2025-07-31T14:15:00+05:30,24762.45,2025-07-31T15:15:00+05:30,24765.6,golden_cross,death_cross,14.08,76.33,4.43,22.13,-88.81,0.04
NSE:SENSEX,LONG,1.2167934537343028,2025-07-31T14:15:00+05:30,81165.47,2025-07-31T15:15:00+05:30,81198.28,golden_cross,death_cross,39.92,73.2,3.95,19.76,-56.99,0.04
NSE:ICICIBANK,LONG,20,2025-07-31T14:15:00+05:30,1480.7,2025-08-01T10:15:00+05:30,1477.1,golden_cross,death_cross,-72.0,128.87,5.92,17.75,-224.53,0.83
NSE:HDFCBANK,LONG,90,2025-07-28T11:15:00+05:30,503.7,2025-08-01T12:15:00+05:30,503.57,golden_cross,death_cross,-11.25,163.87,9.07,27.2,-211.38,4.04
NSE:TATACONSUM,LONG,55,2025-07-30T10:15:00+05:30,1082.1,2025-08-01T15:15:00+05:30,1069.0,golden_cross,death_cross,-720.5,194.65,11.83,35.49,-962.48,2.21
NSE:TCS,SHORT,15,2025-07-02T12:15:00+05:30,3435.0,2025-08-04T14:15:00+05:30,3074.1,death_cross,golden_cross,5413.5,171.22,9.76,29.29,5203.23,33.08
NSE:TATASTEEL,SHORT,650,2025-07-31T10:15:00+05:30,159.89,2025-08-04T15:15:00+05:30,159.25,death_cross,golden_cross,416.0,293.61,20.74,62.23,39.41,4.21
NSE:HCLTECH,SHORT,35,2025-07-07T10:15:00+05:30,1710.0,2025-08-05T09:15:00+05:30,1476.3,death_cross,golden_cross,8179.5,186.44,11.15,33.46,7948.45,28.96
NSE:BHARTIARTL,SHORT,30,2025-07-31T11:15:00+05:30,1912.6,2025-08-05T09:15:00+05:30,1927.0,death_cross,golden_cross,-432.0,191.16,11.52,34.56,-669.24,4.92
NSE:SBIN,SHORT,65,2025-07-21T15:15:00+05:30,824.6,2025-08-05T11:15:00+05:30,801.7,death_cross,golden_cross,1488.5,180.49,10.57,31.71,1265.73,14.83
NSE:ITC,LONG,130,2025-07-31T12:15:00+05:30,412.55,2025-08-05T14:15:00+05:30,414.2,golden_cross,death_cross,214.5,182.55,10.75,32.24,-11.04,5.08
NSE:TCS,LONG,20,2025-08-04T15:15:00+05:30,3078.7,2025-08-06T11:15:00+05:30,3031.8,golden_cross,death_cross,-938.0,199.0,12.22,36.66,-1185.89,1.83
NSE:HCLTECH,LONG,45,2025-08-05T10:15:00+05:30,1478.4,2025-08-06T13:15:00+05:30,1463.4,golden_cross,death_cross,-675.0,210.29,13.24,39.71,-938.24,1.12
NSE:TATASTEEL,LONG,655,2025-08-05T09:15:00+05:30,159.32,2025-08-07T09:15:00+05:30,157.36,golden_cross,death_cross,-1283.8,293.72,20.74,62.23,-1660.49,2.0
NSE:HINDUNILVR,LONG,30,2025-07-31T10:15:00+05:30,2524.9,2025-08-07T10:15:00+05:30,2519.0,golden_cross,death_cross,-177.0,231.29,15.13,45.4,-468.82,7.0
NSE:LT,LONG,25,2025-07-29T14:15:00+05:30,3495.6,2025-08-07T10:15:00+05:30,3609.8,golden_cross,death_cross,2855.0,260.31,17.76,53.29,2523.64,8.83
NSE:BHARTIARTL,LONG,30,2025-08-05T10:15:00+05:30,1933.7,2025-08-07T11:15:00+05:30,1910.4,golden_cross,death_cross,-699.0,191.33,11.53,34.6,-936.46,2.04
NSE:SBIN,LONG,70,2025-08-05T12:15:00+05:30,801.7,2025-08-07T13:15:00+05:30,799.1,golden_cross,death_cross,-182.0,187.66,11.21,33.62,-414.49,2.04
NSE:HDFCBANK,SHORT,90,2025-08-01T13:15:00+05:30,503.88,2025-08-07T15:15:00+05:30,499.5,death_cross,golden_cross,393.75,163.45,9.03,27.09,194.18,6.08
NSE:HCLTECH,SHORT,45,2025-08-06T14:15:00+05:30,1464.0,2025-08-07T15:15:00+05:30,1479.1,death_cross,golden_cross,-679.5,210.35,13.24,39.73,-942.83,1.04
NSE:TATASTEEL,SHORT,655,2025-08-07T10:15:00+05:30,156.61,2025-08-07T15:15:00+05:30,159.83,death_cross,golden_cross,-2109.1,83.49,20.73,62.18,-2275.5,0.21
NSE:LT,SHORT,25,2025-08-07T11:15:00+05:30,3611.1,2025-08-07T15:15:00+05:30,3641.8,death_cross,golden_cross,-767.5,79.07,18.13,54.4,-919.1,0.17
NSE:TCS,SHORT,20,2025-08-06T12:15:00+05:30,3041.7,2025-08-08T10:15:00+05:30,3042.0,death_cross,golden_cross,-6.0,198.34,12.17,36.5,-253.01,1.92
NSE:ITC,SHORT,130,2025-08-05T15:15:00+05:30,413.8,2025-08-08T10:15:00+05:30,414.2,death_cross,golden_cross,-52.0,182.75,10.76,32.29,-277.8,2.79
NSE:TATASTEEL,LONG,635,2025-08-08T09:15:00+05:30,158.46,2025-08-08T11:15:00+05:30,157.51,golden_cross,death_cross,-603.25,82.49,20.06,60.19,-766.0,0.08
NSE:TCS,LONG,20,2025-08-08T11:15:00+05:30,3047.4,2025-08-08T14:15:00+05:30,3034.8,golden_cross,death_cross,-252.0,68.61,12.16,36.49,-369.27,0.12
NSE:LT,LONG,25,2025-08-08T09:15:00+05:30,3634.6,2025-08-08T14:15:00+05:30,3604.3,golden_cross,death_cross,-757.5,79.01,18.1,54.29,-908.9,0.21
NSE:TCS,SHORT,20,2025-08-08T15:15:00+05:30,3031.9,2025-08-11T12:15:00+05:30,3040.5,death_cross,golden_cross,-172.0,198.1,12.14,36.43,-418.68,2.88
NSE:LT,SHORT,25,2025-08-08T15:15:00+05:30,3610.0,2025-08-11T12:15:00+05:30,3652.5,death_cross,golden_cross,-1062.5,264.97,18.16,54.47,-1400.09,2.88
NSE:TATACONSUM,SHORT,55,2025-08-04T09:15:00+05:30,1067.5,2025-08-11T13:15:00+05:30,1060.3,death_cross,golden_cross,396.0,193.15,11.7,35.11,156.04,7.17
NSE:BANKNIFTY,SHORT,1.409468955211901,2025-07-25T12:15:00+05:30,56554.55,2025-08-11T14:15:00+05:30,55518.95,death_cross,golden_cross,1459.65,68.12,3.16,15.8,1372.57,17.08
NSE:HDFCBANK,SHORT,95,2025-08-08T09:15:00+05:30,495.32,2025-08-11T14:15:00+05:30,498.93,death_cross,golden_cross,-342.0,168.12,9.45,28.34,-547.9,3.21
NSE:TATASTEEL,SHORT,630,2025-08-08T12:15:00+05:30,157.96,2025-08-11T14:15:00+05:30,158.49,death_cross,golden_cross,-333.9,284.69,19.94,59.81,-698.34,3.08
NSE:NIFTY,SHORT,4.468185988735075,2025-08-01T09:15:00+05:30,24745.65,2025-08-11T15:15:00+05:30,24562.15,death_cross,golden_cross,819.91,76.27,4.41,22.03,717.21,10.25
NSE:SENSEX,SHORT,1.215960120297718,2025-08-01T09:15:00+05:30,81174.37,2025-08-11T15:15:00+05:30,80514.19,death_cross,golden_cross,802.75,73.14,3.93,19.66,706.02,10.25
NSE:HINDUNILVR,SHORT,30,2025-08-07T11:15:00+05:30,2514.9,2025-08-12T09:15:00+05:30,2532.0,death_cross,golden_cross,-513.0,231.42,15.14,45.42,-804.98,4.92
NSE:WIPRO,SHORT,295,2025-07-25T10:15:00+05:30,256.6,2025-08-12T09:15:00+05:30,245.01,death_cross,golden_cross,3419.05,227.31,14.8,44.39,3132.55,17.96
NSE:HDFCBANK,LONG,90,2025-08-11T15:15:00+05:30,498.0,2025-08-12T12:15:00+05:30,495.07,golden_cross,death_cross,-263.25,162.47,8.94,26.81,-461.47,0.88
NSE:BANKNIFTY,LONG,1.4629223310115413,2025-08-11T15:15:00+05:30,55423.55,2025-08-12T13:15:00+05:30,55133.9,golden_cross,death_cross,-423.74,68.45,3.23,16.17,-511.59,0.92
NSE:TATACONSUM,LONG,55,2025-08-11T14:15:00+05:30,1060.1,2025-08-12T14:15:00+05:30,1046.9,golden_cross,death_cross,-726.0,191.96,11.59,34.77,-964.31,1.0
NSE:TCS,LONG,20,2025-08-11T13:15:00+05:30,3042.8,2025-08-13T10:15:00+05:30,3034.4,golden_cross,death_cross,-168.0,198.21,12.15,36.46,-414.82,1.88
NSE:WIPRO,LONG,325,2025-08-12T10:15:00+05:30,243.24,2025-08-13T11:15:00+05:30,240.58,golden_cross,death_cross,-864.5,237.93,15.72,47.17,-1165.32,1.04
NSE:ITC,LONG,130,2025-08-08T11:15:00+05:30,413.9,2025-08-13T12:15:00+05:30,415.05,golden_cross,death_cross,149.5,182.87,10.78,32.33,-76.47,5.04
NSE:WIPRO,SHORT,325,2025-08-13T12:15:00+05:30,241.92,2025-08-13T13:15:00+05:30,242.49,death_cross,golden_cross,-185.25,74.92,15.74,47.23,-323.15,0.04
NSE:TATACONSUM,SHORT,55,2025-08-12T15:15:00+05:30,1047.7,2025-08-13T15:15:00+05:30,1057.5,death_cross,golden_cross,-539.0,191.83,11.58,34.74,-777.15,1.0
NSE:INFY,SHORT,35,2025-07-17T15:15:00+05:30,1581.0,2025-08-14T09:15:00+05:30,1449.5,death_cross,golden_cross,4602.5,180.65,10.61,31.82,4379.42,27.75
NSE:BANKNIFTY,SHORT,1.4637686278318505,2025-08-12T14:15:00+05:30,55043.05,2025-08-14T10:15:00+05:30,55300.55,death_cross,golden_cross,-376.92,68.42,3.23,16.15,-464.72,1.83
NSE:HDFCBANK,SHORT,90,2025-08-12T13:15:00+05:30,493.68,2025-08-14T10:15:00+05:30,496.98,death_cross,golden_cross,-297.0,162.23,8.92,26.75,-494.89,1.88
NSE:TATASTEEL,LONG,625,2025-08-11T15:15:00+05:30,158.5,2025-08-14T10:15:00+05:30,157.08,golden_cross,death_cross,-887.5,282.37,19.72,59.17,-1248.77,2.79
NSE:BHARTIARTL,SHORT,30,2025-08-07T12:15:00+05:30,1910.2,2025-08-14T10:15:00+05:30,1875.1,death_cross,golden_cross,1053.0,189.24,11.36,34.07,818.34,6.92
NSE:LT,LONG,25,2025-08-11T13:15:00+05:30,3657.5,2025-08-14T12:15:00+05:30,3665.5,golden_cross,death_cross,200.0,266.55,18.31,54.92,-139.78,2.96
NSE:TATACONSUM,LONG,55,2025-08-14T09:15:00+05:30,1054.9,2025-08-14T13:15:00+05:30,1051.6,golden_cross,death_cross,-181.5,67.6,11.59,34.76,-295.44,0.17
NSE:ICICIBANK,SHORT,20,2025-08-01T11:15:00+05:30,1473.9,2025-08-18T09:15:00+05:30,1447.0,death_cross,golden_cross,538.0,128.01,5.84,17.53,386.63,16.92
NSE:HCLTECH,LONG,45,2025-08-08T09:15:00+05:30,1463.6,2025-08-18T09:15:00+05:30,1485.4,golden_cross,death_cross,981.0,210.52,13.27,39.81,717.4,10.0
NSE:HINDUNILVR,SHORT,25,2025-08-12T10:15:00+05:30,2508.3,2025-08-18T09:15:00+05:30,2562.4,death_cross,golden_cross,-1352.5,204.1,12.68,38.03,-1607.31,5.96
NSE:TATACONSUM,SHORT,55,2025-08-14T14:15:00+05:30,1051.9,2025-08-18T09:15:00+05:30,1081.3,death_cross,golden_cross,-1617.0,193.63,11.73,35.2,-1857.56,3.79
NSE:ADANIGREEN,SHORT,110,2025-07-31T11:15:00+05:30,1000.9,2025-08-18T10:15:00+05:30,947.0,death_cross,golden_cross,5929.0,300.79,21.43,64.28,5542.51,17.96
NSE:TATASTEEL,SHORT,620,2025-08-14T11:15:00+05:30,157.16,2025-08-19T13:15:00+05:30,158.69,death_cross,golden_cross,-948.6,280.81,19.58,58.75,-1307.74,5.08
NSE:HDFCBANK,LONG,90,2025-08-14T11:15:00+05:30,498.0,2025-08-20T09:15:00+05:30,496.62,golden_cross,death_cross,-123.75,162.61,8.95,26.85,-322.17,5.92
NSE:TCS,SHORT,20,2025-08-13T11:15:00+05:30,3034.5,2025-08-20T10:15:00+05:30,3059.4,death_cross,golden_cross,-498.0,198.6,12.19,36.56,-745.35,6.96
NSE:ICICIBANK,LONG,20,2025-08-18T10:15:00+05:30,1439.8,2025-08-20T11:15:00+05:30,1429.8,golden_cross,death_cross,-200.0,126.92,5.74,17.22,-349.88,2.04
NSE:ICICIBANK,SHORT,20,2025-08-20T12:15:00+05:30,1431.5,2025-08-20T13:15:00+05:30,1433.2,death_cross,golden_cross,-34.0,57.29,5.73,17.19,-114.21,0.04
NSE:HCLTECH,SHORT,45,2025-08-18T10:15:00+05:30,1482.2,2025-08-20T14:15:00+05:30,1497.4,death_cross,golden_cross,-684.0,212.18,13.41,40.22,-949.81,2.17
NSE:ICICIBANK,SHORT,20,2025-08-20T14:15:00+05:30,1430.8,2025-08-21T09:15:00+05:30,1443.6,death_cross,golden_cross,-256.0,127.03,5.75,17.25,-406.03,0.79
NSE:HDFCBANK,SHORT,90,2025-08-20T10:15:00+05:30,495.77,2025-08-21T13:15:00+05:30,498.62,death_cross,golden_cross,-256.5,162.6,8.95,26.85,-454.9,1.12
NSE:SBIN,LONG,70,2025-08-07T14:15:00+05:30,804.95,2025-08-21T15:15:00+05:30,824.05,golden_cross,death_cross,1337.0,189.74,11.4,34.21,1101.65,14.04
NSE:BANKNIFTY,LONG,1.447838623162934,2025-08-14T11:15:00+05:30,55328.65,2025-08-22T09:15:00+05:30,55342.4,golden_cross,death_cross,19.91,68.29,3.2,16.02,-67.61,7.92
NSE:HCLTECH,LONG,45,2025-08-20T15:15:00+05:30,1496.0,2025-08-22T10:15:00+05:30,1472.9,golden_cross,death_cross,-1039.5,211.67,13.36,40.08,-1304.61,1.79
NSE:NIFTY,LONG,4.512271923428161,2025-08-12T09:15:00+05:30,24662.35,2025-08-22T12:15:00+05:30,24921.7,golden_cross,death_cross,1170.26,76.75,4.47,22.37,1066.66,10.12
NSE:SENSEX,LONG,1.2294478209731996,2025-08-12T09:15:00+05:30,80856.38,2025-08-22T12:15:00+05:30,81473.51,golden_cross,death_cross,758.73,73.53,3.99,19.96,661.25,10.12
NSE:TATASTEEL,LONG,605,2025-08-19T14:15:00+05:30,159.29,2025-08-22T13:15:00+05:30,159.27,golden_cross,death_cross,-12.1,277.3,19.27,57.82,-366.49,2.96
NSE:ADANIGREEN,LONG,125,2025-08-18T11:15:00+05:30,937.2,2025-08-22T13:15:00+05:30,956.55,golden_cross,death_cross,2418.75,326.0,23.67,71.02,1998.07,4.08
NSE:TCS,LONG,15,2025-08-20T11:15:00+05:30,3085.7,2025-08-22T15:15:00+05:30,3054.7,golden_cross,death_cross,-465.0,165.52,9.21,27.63,-667.36,2.17
NSE:ICICIBANK,LONG,20,2025-08-21T10:15:00+05:30,1444.3,2025-08-25T09:15:00+05:30,1425.0,golden_cross,death_cross,-386.0,126.93,5.74,17.22,-535.88,3.96
NSE:HCLTECH,SHORT,45,2025-08-22T11:15:00+05:30,1470.7,2025-08-25T11:15:00+05:30,1505.9,death_cross,golden_cross,-1584.0,212.09,13.39,40.18,-1849.67,3.0
NSE:ADANIGREEN,SHORT,125,2025-08-22T14:15:00+05:30,955.7,2025-08-25T13:15:00+05:30,966.7,death_cross,golden_cross,-1375.0,330.26,24.03,72.09,-1801.38,2.96
NSE:TATACONSUM,LONG,50,2025-08-18T10:15:00+05:30,1079.2,2025-08-25T13:15:00+05:30,1084.2,golden_cross,death_cross,250.0,183.31,10.82,32.45,23.42,7.12
NSE:HDFCBANK,SHORT,90,2025-08-21T14:15:00+05:30,497.57,2025-08-26T09:15:00+05:30,969.1,death_cross,golden_cross,-42437.25,213.0,13.2,39.6,-42703.05,4.79
NSE:ADANIGREEN,LONG,120,2025-08-25T14:15:00+05:30,964.45,2025-08-26T09:15:00+05:30,948.8,golden_cross,death_cross,-1878.0,318.4,22.96,68.88,-2288.23,0.79
NSE:BHARTIARTL,LONG,30,2025-08-14T11:15:00+05:30,1876.0,2025-08-26T09:15:00+05:30,1913.5,golden_cross,death_cross,1125.0,189.38,11.37,34.11,890.15,11.92
NSE:HCLTECH,LONG,40,2025-08-25T12:15:00+05:30,1506.3,2025-08-28T09:15:00+05:30,1453.0,golden_cross,death_cross,-2132.0,194.83,11.84,35.51,-2374.18,2.88
NSE:WIPRO,LONG,325,2025-08-13T14:15:00+05:30,241.57,2025-08-28T10:15:00+05:30,250.19,golden_cross,death_cross,2801.5,240.52,15.98,47.95,2497.05,14.83
NSE:ITC,SHORT,130,2025-08-13T13:15:00+05:30,414.95,2025-08-28T11:15:00+05:30,402.0,death_cross,golden_cross,1683.5,181.02,10.62,31.86,1460.0,14.92
NSE:INFY,LONG,40,2025-08-14T10:15:00+05:30,1467.8,2025-08-28T13:15:00+05:30,1505.2,golden_cross,death_cross,1496.0,195.16,11.89,35.68,1253.27,14.12
NSE:TCS,LONG,15,2025-08-25T09:15:00+05:30,3126.2,2025-08-28T14:15:00+05:30,3092.2,golden_cross,death_cross,-510.0,166.82,9.33,27.98,-714.13,3.21
NSE:ITC,LONG,140,2025-08-28T12:15:00+05:30,402.05,2025-08-28T15:15:00+05:30,400.8,golden_cross,death_cross,-175.0,66.99,11.24,33.72,-286.95,0.12
NSE:LT,SHORT,25,2025-08-14T13:15:00+05:30,3672.7,2025-08-29T11:15:00+05:30,3613.0,death_cross,golden_cross,1492.5,265.42,18.21,54.64,1154.22,14.92
NSE:HINDUNILVR,LONG,25,2025-08-18T10:15:00+05:30,2581.1,2025-09-01T09:15:00+05:30,2640.0,golden_cross,death_cross,1472.5,208.07,13.05,39.16,1212.22,13.96
NSE:TCS,SHORT,15,2025-08-28T15:15:00+05:30,3098.0,2025-09-01T12:15:00+05:30,3117.3,death_cross,golden_cross,-289.5,166.75,9.32,27.97,-493.54,3.88
NSE:TATASTEEL,SHORT,605,2025-08-22T14:15:00+05:30,158.67,2025-09-01T15:15:00+05:30,156.17,death_cross,golden_cross,1512.5,274.68,19.05,57.14,1161.63,10.04
NSE:HINDUNILVR,SHORT,25,2025-09-01T10:15:00+05:30,2665.0,2025-09-02T09:15:00+05:30,2681.0,death_cross,golden_cross,-400.0,211.68,13.37,40.09,-665.14,0.96
NSE:TATACONSUM,SHORT,50,2025-08-25T14:15:00+05:30,1080.3,2025-09-02T09:15:00+05:30,1090.1,death_cross,golden_cross,-490.0,183.76,10.85,32.56,-717.16,7.79
NSE:BHARTIARTL,SHORT,30,2025-08-26T10:15:00+05:30,1912.8,2025-09-02T09:15:00+05:30,1907.6,death_cross,golden_cross,156.0,190.48,11.46,34.38,-80.32,6.96
NSE:NIFTY,SHORT,4.507932775936863,2025-08-22T13:15:00+05:30,24922.0,2025-09-02T10:15:00+05:30,24731.75,death_cross,golden_cross,857.63,76.73,4.48,22.38,754.04,10.88
NSE:SENSEX,SHORT,1.22810603581553,2025-08-22T13:15:00+05:30,81481.54,2025-09-02T10:15:00+05:30,80700.85,death_cross,golden_cross,958.77,73.5,3.98,19.92,861.37,10.88
NSE:ICICIBANK,SHORT,20,2025-08-25T10:15:00+05:30,1426.5,2025-09-02T10:15:00+05:30,1411.1,death_cross,golden_cross,308.0,126.17,5.68,17.03,159.13,8.0
NSE:HCLTECH,SHORT,40,2025-08-28T10:15:00+05:30,1462.6,2025-09-02T10:15:00+05:30,1470.0,death_cross,golden_cross,-296.0,193.5,11.73,35.19,-536.43,5.0
NSE:WIPRO,SHORT,320,2025-08-28T11:15:00+05:30,250.66,2025-09-02T10:15:00+05:30,251.64,death_cross,golden_cross,-313.6,241.77,16.07,48.22,-619.66,4.96
NSE:ADANIGREEN,SHORT,125,2025-08-26T10:15:00+05:30,940.75,2025-09-02T10:15:00+05:30,938.6,death_cross,golden_cross,268.75,324.16,23.49,70.48,-149.38,7.0
NSE:INFY,SHORT,40,2025-08-28T14:15:00+05:30,1500.6,2025-09-02T11:15:00+05:30,1507.2,death_cross,golden_cross,-264.0,196.84,12.03,36.09,-508.97,4.88
NSE:SBIN,SHORT,70,2025-08-22T09:15:00+05:30,822.7,2025-09-02T12:15:00+05:30,806.9,death_cross,golden_cross,1106.0,189.81,11.41,34.22,870.56,11.12
NSE:BHARTIARTL,LONG,30,2025-09-02T10:15:00+05:30,1897.8,2025-09-02T12:15:00+05:30,1894.8,golden_cross,death_cross,-90.0,67.24,11.38,34.13,-202.75,0.08
NSE:SENSEX,LONG,1.2512239802963805,2025-09-02T11:15:00+05:30,80662.43,2025-09-02T14:15:00+05:30,80197.63,golden_cross,death_cross,-581.57,73.63,4.03,20.13,-679.36,0.12
NSE:LT,LONG,25,2025-08-29T12:15:00+05:30,3600.6,2025-09-02T14:15:00+05:30,3578.2,golden_cross,death_cross,-560.0,262.6,17.95,53.84,-894.39,4.08
NSE:NIFTY,LONG,4.574062034642461,2025-09-02T11:15:00+05:30,24726.05,2025-09-02T15:15:00+05:30,24575.0,golden_cross,death_cross,-690.91,76.81,4.51,22.55,-794.79,0.17
NSE:HCLTECH,LONG,40,2025-09-02T11:15:00+05:30,1473.4,2025-09-02T15:15:00+05:30,1465.0,golden_cross,death_cross,-336.0,67.88,11.75,35.26,-450.89,0.17
NSE:INFY,LONG,40,2025-09-02T12:15:00+05:30,1507.2,2025-09-03T09:15:00+05:30,1480.0,golden_cross,death_cross,-1088.0,195.99,11.95,35.85,-1331.78,0.88
NSE:TCS,LONG,15,2025-09-01T13:15:00+05:30,3113.6,2025-09-03T10:15:00+05:30,3091.2,golden_cross,death_cross,-336.0,166.58,9.31,27.92,-539.81,1.88
NSE:SBIN,SHORT,70,2025-09-02T13:15:00+05:30,803.6,2025-09-03T10:15:00+05:30,810.5,death_cross,golden_cross,-483.0,188.72,11.3,33.9,-716.92,0.88
NSE:WIPRO,LONG,315,2025-09-02T11:15:00+05:30,252.21,2025-09-03T10:15:00+05:30,249.7,golden_cross,death_cross,-790.65,238.88,15.81,47.43,-1092.77,0.96
NSE:NIFTY,SHORT,4.5640353942474325,2025-09-03T09:15:00+05:30,24606.75,2025-09-03T13:15:00+05:30,24659.0,death_cross,golden_cross,-238.47,76.77,4.5,22.49,-342.22,0.17
NSE:SENSEX,SHORT,1.2505158741769502,2025-09-02T15:15:00+05:30,80166.47,2025-09-03T15:15:00+05:30,80546.89,death_cross,golden_cross,-475.72,73.6,4.02,20.1,-573.44,1.0
NSE:LT,SHORT,25,2025-09-02T15:15:00+05:30,3575.0,2025-09-03T15:15:00+05:30,3601.0,death_cross,golden_cross,-650.0,262.53,17.94,53.82,-984.29,1.0
NSE:BANKNIFTY,SHORT,1.4475334151860293,2025-08-22T10:15:00+05:30,55293.75,2025-09-04T09:15:00+05:30,54221.2,death_cross,golden_cross,1552.55,68.2,3.17,15.85,1465.33,12.96
NSE:ICICIBANK,SHORT,20,2025-09-02T11:15:00+05:30,1404.5,2025-09-04T11:15:00+05:30,1408.3,death_cross,golden_cross,-76.0,125.65,5.63,16.88,-224.15,2.0
NSE:TATACONSUM,LONG,50,2025-09-02T10:15:00+05:30,1090.6,2025-09-04T13:15:00+05:30,1075.0,golden_cross,death_cross,-780.0,183.51,10.83,32.48,-1006.82,2.12
NSE:LT,LONG,25,2025-09-04T09:15:00+05:30,3597.0,2025-09-04T13:15:00+05:30,3577.7,golden_cross,death_cross,-482.5,78.76,17.94,53.81,-633.0,0.17
NSE:ADANIGREEN,LONG,125,2025-09-02T11:15:00+05:30,939.55,2025-09-04T15:15:00+05:30,933.0,golden_cross,death_cross,-818.75,323.29,23.41,70.22,-1235.67,2.17
NSE:LT,SHORT,25,2025-09-04T14:15:00+05:30,3593.7,2025-09-04T15:15:00+05:30,3592.6,death_cross,golden_cross,27.5,78.86,17.97,53.9,-123.23,0.04
NSE:HINDUNILVR,LONG,25,2025-09-02T10:15:00+05:30,2680.5,2025-09-05T09:15:00+05:30,2655.0,golden_cross,death_cross,-637.5,211.4,13.34,40.02,-902.26,2.96
NSE:ICICIBANK,LONG,20,2025-09-04T12:15:00+05:30,1412.4,2025-09-05T10:15:00+05:30,1393.8,golden_cross,death_cross,-372.0,125.52,5.61,16.84,-519.97,0.92
NSE:BANKNIFTY,LONG,1.5037546744675825,2025-09-04T10:15:00+05:30,54198.0,2025-09-05T11:15:00+05:30,53800.2,golden_cross,death_cross,-598.19,68.52,3.25,16.24,-686.2,1.04
NSE:SBIN,LONG,70,2025-09-03T11:15:00+05:30,810.0,2025-09-05T11:15:00+05:30,806.2,golden_cross,death_cross,-266.0,188.87,11.31,33.94,-500.12,2.0
NSE:ITC,LONG,135,2025-08-29T09:15:00+05:30,404.9,2025-09-05T11:15:00+05:30,406.75,golden_cross,death_cross,249.75,184.87,10.96,32.87,21.05,7.08
NSE:BHARTIARTL,SHORT,30,2025-09-02T13:15:00+05:30,1880.2,2025-09-05T13:15:00+05:30,1906.5,death_cross,golden_cross,-789.0,189.43,11.36,34.08,-1023.87,3.0
NSE:BANKNIFTY,SHORT,1.5018401987275478,2025-09-05T12:15:00+05:30,53811.55,2025-09-05T15:15:00+05:30,54098.2,death_cross,golden_cross,-430.5,68.49,3.24,16.21,-518.44,0.12
NSE:ADANIGREEN,SHORT,125,2025-09-05T09:15:00+05:30,926.95,2025-09-08T10:15:00+05:30,936.95,death_cross,golden_cross,-1250.0,322.13,23.3,69.9,-1665.32,3.04
NSE:ICICIBANK,SHORT,20,2025-09-05T11:15:00+05:30,1391.0,2025-09-08T11:15:00+05:30,1402.9,death_cross,golden_cross,-238.0,125.24,5.59,16.76,-385.59,3.0
NSE:SBIN,SHORT,70,2025-09-05T12:15:00+05:30,805.0,2025-09-08T11:15:00+05:30,810.3,death_cross,golden_cross,-371.0,188.81,11.31,33.92,-605.03,2.96
NSE:SBIN,LONG,70,2025-09-08T12:15:00+05:30,810.8,2025-09-09T09:15:00+05:30,806.5,golden_cross,death_cross,-301.0,188.96,11.32,33.96,-535.24,0.88
NSE:INFY,SHORT,40,2025-09-03T10:15:00+05:30,1475.0,2025-09-09T10:15:00+05:30,1496.7,death_cross,golden_cross,-868.0,195.28,11.89,35.66,-1110.83,6.0
NSE:BHARTIARTL,LONG,30,2025-09-05T14:15:00+05:30,1893.5,2025-09-09T10:15:00+05:30,1887.0,golden_cross,death_cross,-195.0,189.17,11.34,34.02,-429.54,3.83
NSE:ICICIBANK,LONG,20,2025-09-08T12:15:00+05:30,1407.8,2025-09-09T11:15:00+05:30,1397.0,golden_cross,death_cross,-216.0,125.48,5.61,16.83,-363.92,0.96
NSE:WIPRO,SHORT,315,2025-09-03T11:15:00+05:30,250.16,2025-09-09T11:15:00+05:30,248.39,death_cross,golden_cross,557.55,237.6,15.7,47.11,257.13,6.0
NSE:ICICIBANK,SHORT,20,2025-09-09T12:15:00+05:30,1399.4,2025-09-09T13:15:00+05:30,1405.1,death_cross,golden_cross,-114.0,57.07,5.61,16.83,-193.51,0.04
NSE:ITC,SHORT,135,2025-09-05T12:15:00+05:30,405.5,2025-09-09T13:15:00+05:30,410.7,death_cross,golden_cross,-702.0,185.63,11.02,33.06,-931.7,4.04
NSE:TATACONSUM,SHORT,50,2025-09-04T14:15:00+05:30,1071.0,2025-09-09T15:15:00+05:30,1082.3,death_cross,golden_cross,-565.0,182.81,10.77,32.3,-790.88,5.04
NSE:TCS,SHORT,15,2025-09-03T11:15:00+05:30,3098.1,2025-09-10T09:15:00+05:30,3106.5,death_cross,golden_cross,-126.0,166.56,9.31,27.92,-329.79,6.92
NSE:SBIN,SHORT,65,2025-09-09T10:15:00+05:30,807.85,2025-09-10T09:15:00+05:30,815.9,death_cross,golden_cross,-523.25,180.45,10.55,31.66,-745.92,0.96
NSE:HCLTECH,SHORT,40,2025-09-03T09:15:00+05:30,1462.0,2025-09-10T09:15:00+05:30,1460.0,death_cross,golden_cross,80.0,193.0,11.69,35.06,-159.76,7.0
NSE:BHARTIARTL,LONG,30,2025-09-09T11:15:00+05:30,1897.7,2025-09-10T13:15:00+05:30,1886.8,golden_cross,death_cross,-327.0,189.32,11.35,34.06,-561.73,1.08
NSE:BHARTIARTL,SHORT,30,2025-09-10T14:15:00+05:30,1891.8,2025-09-10T15:15:00+05:30,1893.9,death_cross,golden_cross,-63.0,67.21,11.36,34.07,-175.64,0.04
NSE:BHARTIARTL,SHORT,30,2025-09-11T09:15:00+05:30,1890.3,2025-09-11T10:15:00+05:30,1895.0,death_cross,golden_cross,-141.0,67.2,11.36,34.07,-253.62,0.04
NSE:ICICIBANK,LONG,20,2025-09-09T14:15:00+05:30,1403.9,2025-09-11T15:15:00+05:30,1401.6,golden_cross,death_cross,-46.0,125.48,5.61,16.83,-193.93,2.04
NSE:LT,SHORT,25,2025-09-05T09:15:00+05:30,3577.0,2025-09-12T09:15:00+05:30,3582.8,death_cross,golden_cross,-145.0,262.04,17.9,53.7,-478.64,7.0
NSE:ICICIBANK,SHORT,20,2025-09-12T09:15:00+05:30,1403.1,2025-09-12T10:15:00+05:30,1408.4,death_cross,golden_cross,-106.0,57.1,5.62,16.87,-185.59,0.04
NSE:WIPRO,LONG,315,2025-09-09T12:15:00+05:30,248.74,2025-09-15T09:15:00+05:30,250.5,golden_cross,death_cross,554.4,237.84,15.73,47.18,253.66,5.88
NSE:INFY,LONG,40,2025-09-09T11:15:00+05:30,1498.2,2025-09-15T14:15:00+05:30,1507.3,golden_cross,death_cross,364.0,196.69,12.02,36.07,119.22,6.12
NSE:ITC,LONG,135,2025-09-09T14:15:00+05:30,409.9,2025-09-15T14:15:00+05:30,412.55,golden_cross,death_cross,357.75,186.48,11.1,33.31,126.85,6.0
NSE:TATASTEEL,LONG,615,2025-09-02T09:15:00+05:30,157.25,2025-09-15T15:15:00+05:30,169.3,golden_cross,death_cross,7410.75,285.74,20.08,60.25,7044.68,13.25
NSE:ITC,SHORT,130,2025-09-15T15:15:00+05:30,412.8,2025-09-16T10:15:00+05:30,413.7,death_cross,golden_cross,-117.0,182.53,10.74,32.23,-342.51,0.79
NSE:WIPRO,SHORT,315,2025-09-15T10:15:00+05:30,250.51,2025-09-16T12:15:00+05:30,252.75,death_cross,golden_cross,-705.6,239.34,15.85,47.56,-1008.35,1.08
NSE:TATACONSUM,LONG,50,2025-09-10T09:15:00+05:30,1085.1,2025-09-16T13:15:00+05:30,1092.0,golden_cross,death_cross,345.0,184.07,10.89,32.66,117.39,6.17
NSE:TATACONSUM,SHORT,50,2025-09-16T14:15:00+05:30,1091.4,2025-09-17T09:15:00+05:30,1120.2,death_cross,golden_cross,-1440.0,186.12,11.06,33.17,-1670.35,0.79
NSE:INFY,SHORT,40,2025-09-15T15:15:00+05:30,1508.5,2025-09-17T10:15:00+05:30,1519.5,death_cross,golden_cross,-440.0,197.75,12.11,36.34,-686.2,1.79
NSE:ADANIGREEN,LONG,120,2025-09-08T11:15:00+05:30,936.0,2025-09-17T15:15:00+05:30,980.0,golden_cross,death_cross,5280.0,318.23,22.99,68.98,4869.8,9.17
NSE:ADANIGREEN,SHORT,120,2025-09-18T09:15:00+05:30,982.75,2025-09-18T10:15:00+05:30,989.05,death_cross,golden_cross,-756.0,88.81,23.66,70.98,-939.46,0.04
NSE:ADANIGREEN,LONG,120,2025-09-18T11:15:00+05:30,983.75,2025-09-18T12:15:00+05:30,977.75,golden_cross,death_cross,-720.0,88.6,23.54,70.61,-902.75,0.04
NSE:ICICIBANK,LONG,20,2025-09-12T11:15:00+05:30,1411.8,2025-09-19T09:15:00+05:30,1405.1,golden_cross,death_cross,-134.0,125.74,5.63,16.9,-282.28,6.92
NSE:ADANIGREEN,SHORT,120,2025-09-18T13:15:00+05:30,978.15,2025-09-19T09:15:00+05:30,1008.7,death_cross,golden_cross,-3666.0,328.35,23.84,71.53,-4089.71,0.83
NSE:HCLTECH,LONG,40,2025-09-10T10:15:00+05:30,1468.4,2025-09-19T12:15:00+05:30,1470.3,golden_cross,death_cross,76.0,193.75,11.75,35.26,-164.77,9.08
NSE:TCS,LONG,15,2025-09-10T10:15:00+05:30,3115.8,2025-09-22T09:15:00+05:30,3100.3,golden_cross,death_cross,-232.5,166.76,9.32,27.97,-436.56,11.96
NSE:WIPRO,LONG,310,2025-09-16T13:15:00+05:30,252.66,2025-09-22T09:15:00+05:30,250.74,golden_cross,death_cross,-595.2,236.59,15.61,46.82,-894.21,5.83
NSE:INFY,LONG,40,2025-09-17T11:15:00+05:30,1522.8,2025-09-22T10:15:00+05:30,1501.0,golden_cross,death_cross,-872.0,197.6,12.1,36.29,-1117.98,4.96
NSE:SENSEX,LONG,1.23097980919707,2025-09-04T09:15:00+05:30,80974.29,2025-09-22T11:15:00+05:30,82421.42,golden_cross,death_cross,1781.39,73.83,4.02,20.11,1683.42,18.08
NSE:LT,LONG,25,2025-09-12T10:15:00+05:30,3588.5,2025-09-22T12:15:00+05:30,3652.5,golden_cross,death_cross,1600.0,264.17,18.1,54.31,1263.42,10.08
NSE:NIFTY,LONG,4.528343625972529,2025-09-03T14:15:00+05:30,24725.35,2025-09-22T13:15:00+05:30,25276.5,golden_cross,death_cross,2495.8,77.22,4.53,22.64,2391.4,18.96
NSE:BANKNIFTY,LONG,1.4824438468642545,2025-09-08T09:15:00+05:30,54166.95,2025-09-22T15:15:00+05:30,55280.7,golden_cross,death_cross,1651.07,68.7,3.24,16.22,1562.9,14.25
NSE:BHARTIARTL,LONG,30,2025-09-11T11:15:00+05:30,1894.3,2025-09-23T13:15:00+05:30,1944.1,golden_cross,death_cross,1494.0,190.98,11.52,34.55,1256.96,12.08
NSE:BANKNIFTY,SHORT,1.4797752464408018,2025-09-23T09:15:00+05:30,55317.65,2025-09-23T14:15:00+05:30,55512.5,death_cross,golden_cross,-288.33,68.76,3.28,16.4,-376.77,0.21
NSE:BANKNIFTY,LONG,1.4666743253937748,2025-09-23T15:15:00+05:30,55555.65,2025-09-24T09:15:00+05:30,55321.5,golden_cross,death_cross,-343.42,68.57,3.25,16.26,-431.51,0.75
NSE:LT,SHORT,25,2025-09-22T13:15:00+05:30,3649.4,2025-09-24T10:15:00+05:30,3669.6,death_cross,golden_cross,-505.0,266.49,18.3,54.89,-844.68,1.88
NSE:ADANIGREEN,LONG,110,2025-09-19T10:15:00+05:30,1009.8,2025-09-25T13:15:00+05:30,1091.1,golden_cross,death_cross,8943.0,319.26,23.11,69.33,8531.3,6.12
NSE:BHARTIARTL,SHORT,30,2025-09-23T14:15:00+05:30,1939.9,2025-09-25T13:15:00+05:30,1945.6,death_cross,golden_cross,-171.0,192.67,11.66,34.97,-410.3,1.96
NSE:LT,LONG,25,2025-09-24T11:15:00+05:30,3699.2,2025-09-25T14:15:00+05:30,3645.5,golden_cross,death_cross,-1342.5,267.27,18.36,55.09,-1683.22,1.12
NSE:SBIN,LONG,65,2025-09-10T10:15:00+05:30,820.4,2025-09-25T15:15:00+05:30,861.45,golden_cross,death_cross,2668.25,184.41,10.93,32.8,2440.11,15.21
NSE:BHARTIARTL,LONG,30,2025-09-25T14:15:00+05:30,1938.0,2025-09-25T15:15:00+05:30,1935.0,golden_cross,death_cross,-90.0,67.67,11.62,34.86,-204.14,0.04
NSE:TATASTEEL,LONG,610,2025-09-16T09:15:00+05:30,169.96,2025-09-26T09:15:00+05:30,170.33,golden_cross,death_cross,225.7,293.78,20.76,62.27,-151.11,10.0
NSE:LT,SHORT,25,2025-09-25T15:15:00+05:30,3650.0,2025-09-26T09:15:00+05:30,3703.7,death_cross,golden_cross,-1342.5,267.52,18.38,55.15,-1683.56,0.75
NSE:TATACONSUM,LONG,45,2025-09-17T10:15:00+05:30,1125.0,2025-09-26T11:15:00+05:30,1126.3,golden_cross,death_cross,58.5,175.7,10.13,30.39,-157.73,9.04
NSE:ITC,SHORT,130,2025-09-16T11:15:00+05:30,413.1,2025-09-26T14:15:00+05:30,405.15,death_cross,golden_cross,1033.5,181.26,10.64,31.91,809.69,10.12
NSE:SBIN,SHORT,65,2025-09-26T09:15:00+05:30,860.7,2025-09-29T14:15:00+05:30,870.9,death_cross,golden_cross,-663.0,188.25,11.26,33.77,-896.27,3.21
NSE:LT,LONG,25,2025-09-26T10:15:00+05:30,3747.0,2025-09-30T09:15:00+05:30,3655.8,golden_cross,death_cross,-2280.0,268.96,18.51,55.52,-2622.98,3.96
NSE:ITC,LONG,135,2025-09-26T15:15:00+05:30,405.0,2025-09-30T12:15:00+05:30,402.4,golden_cross,death_cross,-351.0,184.28,10.9,32.7,-578.88,3.88
NSE:TATACONSUM,SHORT,45,2025-09-26T12:15:00+05:30,1122.9,2025-09-30T13:15:00+05:30,1128.1,death_cross,golden_cross,-234.0,175.71,10.13,30.39,-450.23,4.04
NSE:BANKNIFTY,SHORT,1.4704306941976042,2025-09-24T10:15:00+05:30,55121.15,2025-10-01T10:15:00+05:30,55079.1,death_cross,golden_cross,61.83,68.53,3.24,16.2,-26.14,7.0
NSE:ICICIBANK,SHORT,20,2025-09-19T10:15:00+05:30,1403.9,2025-10-01T11:15:00+05:30,1375.2,death_cross,golden_cross,574.0,124.85,5.56,16.67,426.92,12.04
NSE:ITC,SHORT,135,2025-09-30T13:15:00+05:30,400.9,2025-10-01T13:15:00+05:30,405.5,death_cross,golden_cross,-621.0,184.15,10.89,32.66,-848.69,1.0
NSE:HINDUNILVR,SHORT,25,2025-09-05T10:15:00+05:30,2644.3,2025-10-01T13:15:00+05:30,2529.7,death_cross,golden_cross,2865.0,206.65,12.93,38.8,2606.61,26.12
NSE:NIFTY,SHORT,4.538465442210123,2025-09-22T14:15:00+05:30,25195.55,2025-10-01T14:15:00+05:30,24822.5,death_cross,golden_cross,1693.07,77.22,4.54,22.7,1588.61,9.0
NSE:SENSEX,SHORT,1.228909181876547,2025-09-22T12:15:00+05:30,82476.48,2025-10-01T14:15:00+05:30,80919.81,death_cross,golden_cross,1913.01,73.8,4.02,20.08,1815.11,9.08
NSE:SBIN,LONG,65,2025-09-29T15:15:00+05:30,870.25,2025-10-01T14:15:00+05:30,863.1,golden_cross,death_cross,-464.75,188.36,11.27,33.8,-698.18,1.96
NSE:WIPRO,SHORT,310,2025-09-22T10:15:00+05:30,250.1,2025-10-01T15:15:00+05:30,241.8,death_cross,golden_cross,2573.0,232.39,15.25,45.75,2279.62,9.21
NSE:ADANIGREEN,SHORT,110,2025-09-25T14:15:00+05:30,1077.95,2025-10-01T15:15:00+05:30,1066.2,death_cross,golden_cross,1292.5,325.12,23.59,70.76,873.03,6.04
NSE:SBIN,SHORT,65,2025-10-01T15:15:00+05:30,865.15,2025-10-03T09:15:00+05:30,870.1,death_cross,golden_cross,-321.75,188.49,11.28,33.84,-555.36,1.75
NSE:TATASTEEL,SHORT,615,2025-09-26T10:15:00+05:30,168.66,2025-10-03T10:15:00+05:30,174.1,death_cross,golden_cross,-3345.6,297.62,21.08,63.24,-3727.54,7.0
NSE:WIPRO,LONG,330,2025-10-03T09:15:00+05:30,239.63,2025-10-03T10:15:00+05:30,239.66,golden_cross,death_cross,9.9,75.07,15.82,47.45,-128.44,0.04
NSE:LT,SHORT,25,2025-09-30T10:15:00+05:30,3663.0,2025-10-03T11:15:00+05:30,3697.1,death_cross,golden_cross,-852.5,267.66,18.4,55.2,-1193.76,3.04
NSE:SBIN,LONG,60,2025-10-03T10:15:00+05:30,870.0,2025-10-03T13:15:00+05:30,865.1,golden_cross,death_cross,-294.0,65.51,10.41,31.23,-401.16,0.12
NSE:WIPRO,SHORT,330,2025-10-03T11:15:00+05:30,239.51,2025-10-03T14:15:00+05:30,240.89,death_cross,golden_cross,-455.4,75.09,15.85,47.56,-593.9,0.12
NSE:TCS,SHORT,15,2025-09-22T10:15:00+05:30,3088.8,2025-10-06T09:15:00+05:30,2946.6,death_cross,golden_cross,2133.0,163.57,9.05,27.16,1933.22,13.96
NSE:ITC,LONG,130,2025-10-01T14:15:00+05:30,405.6,2025-10-06T09:15:00+05:30,401.0,golden_cross,death_cross,-598.0,179.7,10.49,31.46,-819.64,4.79
NSE:HCLTECH,SHORT,40,2025-09-19T13:15:00+05:30,1472.7,2025-10-06T09:15:00+05:30,1410.5,death_cross,golden_cross,2488.0,191.1,11.53,34.6,2250.77,16.83
NSE:INFY,SHORT,40,2025-09-22T11:15:00+05:30,1501.0,2025-10-06T10:15:00+05:30,1462.9,death_cross,golden_cross,1524.0,194.76,11.86,35.57,1281.82,13.96
NSE:BHARTIARTL,SHORT,30,2025-09-26T09:15:00+05:30,1930.8,2025-10-06T10:15:00+05:30,1899.6,death_cross,golden_cross,936.0,190.75,11.49,34.47,699.28,10.04
NSE:SBIN,SHORT,60,2025-10-03T14:15:00+05:30,867.2,2025-10-06T13:15:00+05:30,868.9,death_cross,golden_cross,-102.0,178.89,10.42,31.25,-322.56,2.96
NSE:ICICIBANK,LONG,20,2025-10-01T12:15:00+05:30,1371.1,2025-10-06T15:15:00+05:30,1363.9,golden_cross,death_cross,-144.0,123.92,5.47,16.41,-289.8,5.12
NSE:TATACONSUM,LONG,45,2025-09-30T14:15:00+05:30,1128.8,2025-10-07T12:15:00+05:30,1129.7,golden_cross,death_cross,40.5,176.06,10.16,30.49,-176.22,6.92
NSE:HINDUNILVR,LONG,25,2025-10-01T14:15:00+05:30,2533.6,2025-10-07T13:15:00+05:30,2518.8,golden_cross,death_cross,-370.0,203.52,12.63,37.89,-624.04,5.96
NSE:SBIN,LONG,60,2025-10-06T14:15:00+05:30,874.05,2025-10-07T14:15:00+05:30,863.8,golden_cross,death_cross,-615.0,179.04,10.43,31.28,-835.75,1.0
NSE:ADANIGREEN,LONG,110,2025-10-03T09:15:00+05:30,1073.4,2025-10-08T09:15:00+05:30,1046.2,golden_cross,death_cross,-2992.0,322.44,23.32,69.95,-3407.71,5.0
NSE:ICICIBANK,LONG,20,2025-10-07T09:15:00+05:30,1380.8,2025-10-09T09:15:00+05:30,1368.6,golden_cross,death_cross,-244.0,124.25,5.5,16.5,-390.25,2.0
NSE:SBIN,SHORT,60,2025-10-07T15:15:00+05:30,864.15,2025-10-10T09:15:00+05:30,879.25,death_cross,golden_cross,-906.0,179.44,10.46,31.38,-1127.28,2.75
NSE:ITC,SHORT,130,2025-10-06T10:15:00+05:30,401.0,2025-10-10T10:15:00+05:30,402.25,death_cross,golden_cross,-162.5,179.18,10.44,31.33,-383.45,4.0
NSE:HINDUNILVR,SHORT,25,2025-10-07T14:15:00+05:30,2514.6,2025-10-10T10:15:00+05:30,2522.6,death_cross,golden_cross,-200.0,203.08,12.59,37.78,-453.45,2.83
NSE:ADANIGREEN,SHORT,115,2025-10-08T10:15:00+05:30,1037.7,2025-10-10T10:15:00+05:30,1060.0,death_cross,golden_cross,-2564.5,331.39,24.12,72.37,-2992.38,2.0
NSE:TATACONSUM,SHORT,45,2025-10-07T13:15:00+05:30,1127.2,2025-10-10T14:15:00+05:30,1125.9,death_cross,golden_cross,58.5,175.79,10.14,30.42,-157.85,3.04
NSE:TATASTEEL,LONG,575,2025-10-03T11:15:00+05:30,174.03,2025-10-13T10:15:00+05:30,172.46,golden_cross,death_cross,-902.75,284.59,19.92,59.77,-1267.03,9.96
NSE:HINDUNILVR,LONG,25,2025-10-10T11:15:00+05:30,2520.2,2025-10-13T10:15:00+05:30,2498.2,golden_cross,death_cross,-550.0,202.59,12.55,37.64,-802.77,2.96
NSE:ITC,LONG,130,2025-10-10T11:15:00+05:30,403.2,2025-10-13T11:15:00+05:30,399.1,golden_cross,death_cross,-533.0,179.07,10.43,31.29,-753.79,3.0
NSE:TATACONSUM,LONG,45,2025-10-10T15:15:00+05:30,1125.1,2025-10-13T11:15:00+05:30,1121.9,golden_cross,death_cross,-144.0,175.5,10.11,30.33,-359.95,2.83
NSE:ADANIGREEN,LONG,110,2025-10-10T11:15:00+05:30,1059.5,2025-10-13T12:15:00+05:30,1053.5,golden_cross,death_cross,-660.0,321.46,23.24,69.73,-1074.43,3.04
NSE:INFY,LONG,40,2025-10-06T11:15:00+05:30,1463.4,2025-10-13T13:15:00+05:30,1490.2,golden_cross,death_cross,1072.0,194.33,11.81,35.44,830.41,7.08
NSE:TCS,LONG,20,2025-10-06T10:15:00+05:30,2953.5,2025-10-13T13:15:00+05:30,3004.0,golden_cross,death_cross,1010.0,195.46,11.91,35.74,766.88,7.12
NSE:WIPRO,LONG,325,2025-10-03T15:15:00+05:30,241.2,2025-10-13T13:15:00+05:30,244.74,golden_cross,death_cross,1150.5,238.54,15.79,47.38,848.79,9.92
NSE:WIPRO,SHORT,325,2025-10-13T14:15:00+05:30,245.19,2025-10-14T10:15:00+05:30,248.91,death_cross,golden_cross,-1209.0,241.66,16.06,48.17,-1514.9,0.83
NSE:LT,LONG,20,2025-10-03T12:15:00+05:30,3688.0,2025-10-14T11:15:00+05:30,3755.5,golden_cross,death_cross,1350.0,228.46,14.89,44.66,1062.0,10.96
NSE:NIFTY,LONG,4.664673260501079,2025-10-01T15:15:00+05:30,24853.4,2025-10-14T12:15:00+05:30,25084.05,golden_cross,death_cross,1075.91,77.95,4.66,23.29,970.0,12.88
NSE:SENSEX,LONG,1.2731099310873704,2025-10-01T15:15:00+05:30,81034.47,2025-10-14T12:15:00+05:30,81830.33,golden_cross,death_cross,1013.22,74.58,4.15,20.73,913.76,12.88
NSE:NIFTY,SHORT,4.653156695873219,2025-10-14T13:15:00+05:30,25122.75,2025-10-15T10:15:00+05:30,25292.6,death_cross,golden_cross,-790.34,78.0,4.69,23.46,-896.49,0.88
NSE:SENSEX,SHORT,1.269849197285539,2025-10-14T13:15:00+05:30,81959.98,2025-10-15T10:15:00+05:30,82462.39,death_cross,golden_cross,-637.98,74.62,4.18,20.88,-737.66,0.88
NSE:HINDUNILVR,SHORT,25,2025-10-13T11:15:00+05:30,2502.5,2025-10-15T10:15:00+05:30,2525.0,death_cross,golden_cross,-562.5,202.84,12.57,37.71,-815.61,1.96
NSE:LT,SHORT,20,2025-10-14T12:15:00+05:30,3738.7,2025-10-15T10:15:00+05:30,3818.3,death_cross,golden_cross,-1592.0,231.2,15.11,45.34,-1883.66,0.92
NSE:TATASTEEL,SHORT,575,2025-10-13T11:15:00+05:30,172.62,2025-10-15T13:15:00+05:30,173.41,death_cross,golden_cross,-454.25,284.26,19.9,59.69,-818.1,2.08
NSE:ITC,SHORT,130,2025-10-13T12:15:00+05:30,399.5,2025-10-15T15:15:00+05:30,400.3,death_cross,golden_cross,-104.0,178.68,10.4,31.19,-324.27,2.12
NSE:ADANIGREEN,SHORT,110,2025-10-13T13:15:00+05:30,1051.2,2025-10-16T09:15:00+05:30,1058.3,death_cross,golden_cross,-781.0,321.04,23.2,69.61,-1194.86,2.83
NSE:TATACONSUM,SHORT,45,2025-10-13T12:15:00+05:30,1115.5,2025-10-16T12:15:00+05:30,1133.1,death_cross,golden_cross,-792.0,175.63,10.12,30.36,-1008.11,3.0
NSE:WIPRO,LONG,315,2025-10-14T11:15:00+05:30,248.36,2025-10-17T10:15:00+05:30,242.39,golden_cross,death_cross,-1880.55,235.05,15.46,46.38,-2177.44,2.96
NSE:HCLTECH,LONG,45,2025-10-06T10:15:00+05:30,1414.6,2025-10-17T13:15:00+05:30,1489.3,golden_cross,death_cross,3361.5,208.09,13.07,39.2,3101.14,11.12
NSE:TATASTEEL,LONG,565,2025-10-15T14:15:00+05:30,173.34,2025-10-17T13:15:00+05:30,171.88,golden_cross,death_cross,-824.9,279.94,19.5,58.51,-1182.86,1.96
NSE:ADANIGREEN,LONG,105,2025-10-16T10:15:00+05:30,1058.6,2025-10-17T13:15:00+05:30,1040.4,golden_cross,death_cross,-1911.0,308.18,22.04,66.12,-2307.34,1.12
NSE:TCS,SHORT,15,2025-10-13T14:15:00+05:30,3005.7,2025-10-20T09:15:00+05:30,3000.3,death_cross,golden_cross,81.0,163.23,9.01,27.03,-118.27,6.79
NSE:HCLTECH,SHORT,45,2025-10-17T14:15:00+05:30,1484.4,2025-10-20T12:15:00+05:30,1506.8,death_cross,golden_cross,-1008.0,212.78,13.46,40.38,-1274.62,2.92
NSE:ICICIBANK,LONG,20,2025-10-09T10:15:00+05:30,1377.3,2025-10-20T14:15:00+05:30,1390.2,golden_cross,death_cross,258.0,124.62,5.54,16.6,111.24,11.17
NSE:HCLTECH,LONG,40,2025-10-20T13:15:00+05:30,1500.6,2025-10-20T14:15:00+05:30,1494.8,golden_cross,death_cross,-232.0,68.29,11.98,35.94,-348.22,0.04
NSE:INFY,SHORT,40,2025-10-13T14:15:00+05:30,1492.9,2025-10-23T09:15:00+05:30,1532.9,death_cross,golden_cross,-1600.0,197.74,12.1,36.31,-1846.16,9.79
NSE:HCLTECH,SHORT,40,2025-10-20T15:15:00+05:30,1496.0,2025-10-23T09:15:00+05:30,1533.2,death_cross,golden_cross,-1488.0,197.89,12.12,36.35,-1734.35,2.75
NSE:TATASTEEL,SHORT,565,2025-10-17T14:15:00+05:30,172.18,2025-10-23T09:15:00+05:30,175.07,death_cross,golden_cross,-1632.85,281.27,19.62,58.86,-1992.6,5.79
NSE:ADANIGREEN,SHORT,105,2025-10-17T14:15:00+05:30,1036.8,2025-10-23T11:15:00+05:30,1057.7,death_cross,golden_cross,-2194.5,307.68,21.99,65.98,-2590.15,5.88
NSE:WIPRO,SHORT,315,2025-10-17T11:15:00+05:30,241.45,2025-10-23T12:15:00+05:30,246.06,death_cross,golden_cross,-1452.15,233.89,15.36,46.07,-1747.46,6.04
NSE:HINDUNILVR,LONG,25,2025-10-15T11:15:00+05:30,2514.8,2025-10-24T09:15:00+05:30,2510.0,golden_cross,death_cross,-120.0,202.73,12.56,37.69,-372.98,8.92
NSE:ADANIGREEN,LONG,100,2025-10-23T12:15:00+05:30,1056.4,2025-10-24T10:15:00+05:30,1036.3,golden_cross,death_cross,-2010.0,295.83,20.93,62.78,-2389.54,0.92
NSE:TATACONSUM,LONG,45,2025-10-16T13:15:00+05:30,1136.5,2025-10-24T10:15:00+05:30,1152.3,golden_cross,death_cross,711.0,177.53,10.3,30.9,492.27,7.88
NSE:BANKNIFTY,LONG,1.4654581328160137,2025-10-01T11:15:00+05:30,55290.4,2025-10-24T13:15:00+05:30,57613.4,golden_cross,death_cross,3404.26,69.28,3.31,16.55,3315.13,23.08
NSE:WIPRO,LONG,300,2025-10-23T13:15:00+05:30,245.62,2025-10-24T13:15:00+05:30,242.45,golden_cross,death_cross,-951.0,225.91,14.64,43.93,-1235.48,1.0
NSE:NIFTY,LONG,4.587359137220718,2025-10-15T11:15:00+05:30,25288.25,2025-10-24T15:15:00+05:30,25797.45,golden_cross,death_cross,2335.88,78.25,4.69,23.43,2229.51,9.17
NSE:BANKNIFTY,SHORT,1.461314108591309,2025-10-24T14:15:00+05:30,57709.0,2025-10-27T11:15:00+05:30,58161.3,death_cross,golden_cross,-660.95,69.42,3.39,16.93,-750.69,2.88
NSE:TATACONSUM,SHORT,45,2025-10-24T11:15:00+05:30,1151.3,2025-10-27T11:15:00+05:30,1173.6,death_cross,golden_cross,-1003.5,179.46,10.46,31.39,-1224.81,3.0
NSE:INFY,LONG,40,2025-10-23T10:15:00+05:30,1541.3,2025-10-28T09:15:00+05:30,1498.7,golden_cross,death_cross,-1704.0,198.38,12.16,36.48,-1951.02,4.96
NSE:BANKNIFTY,LONG,1.4391575333063902,2025-10-27T12:15:00+05:30,58077.4,2025-10-28T11:15:00+05:30,57914.55,golden_cross,death_cross,-234.37,69.15,3.34,16.69,-323.54,0.96
NSE:TCS,LONG,15,2025-10-20T10:15:00+05:30,2998.4,2025-10-28T13:15:00+05:30,3044.6,golden_cross,death_cross,693.0,163.81,9.06,27.19,492.94,8.12
NSE:HCLTECH,LONG,40,2025-10-23T10:15:00+05:30,1538.9,2025-10-28T13:15:00+05:30,1515.5,golden_cross,death_cross,-936.0,198.97,12.22,36.65,-1183.84,5.12
NSE:HCLTECH,SHORT,40,2025-10-28T14:15:00+05:30,1522.9,2025-10-29T09:15:00+05:30,1533.4,death_cross,golden_cross,-420.0,199.01,12.23,36.68,-667.91,0.79
NSE:ADANIGREEN,SHORT,100,2025-10-24T11:15:00+05:30,1034.7,2025-10-29T10:15:00+05:30,1104.6,death_cross,golden_cross,-6990.0,301.38,21.39,64.18,-7376.95,4.96
NSE:INFY,SHORT,40,2025-10-28T10:15:00+05:30,1493.2,2025-10-29T11:15:00+05:30,1513.6,death_cross,golden_cross,-816.0,196.84,12.03,36.08,-1060.95,1.04
NSE:TCS,SHORT,15,2025-10-28T14:15:00+05:30,3059.2,2025-10-29T12:15:00+05:30,3070.2,death_cross,golden_cross,-165.0,165.31,9.19,27.58,-367.09,0.92
NSE:INFY,LONG,35,2025-10-29T12:15:00+05:30,1513.7,2025-10-30T10:15:00+05:30,1498.5,golden_cross,death_cross,-532.0,180.32,10.54,31.63,-754.49,0.92
NSE:NIFTY,LONG,4.553956229962669,2025-10-27T09:15:00+05:30,25961.85,2025-10-30T13:15:00+05:30,25889.35,golden_cross,death_cross,-330.16,78.24,4.72,23.61,-436.74,3.17
NSE:SENSEX,LONG,1.2529478918543007,2025-10-15T11:15:00+05:30,82478.58,2025-10-30T13:15:00+05:30,84470.76,golden_cross,death_cross,2496.1,74.95,4.18,20.92,2396.04,15.08
NSE:BHARTIARTL,LONG,30,2025-10-06T11:15:00+05:30,1898.7,2025-10-30T13:15:00+05:30,2062.7,golden_cross,death_cross,4920.0,194.82,11.88,35.65,4677.64,24.08
NSE:BANKNIFTY,LONG,1.432030143583297,2025-10-28T12:15:00+05:30,58141.2,2025-10-31T09:15:00+05:30,58031.4,golden_cross,death_cross,-157.24,69.08,3.33,16.64,-246.28,2.88
NSE:TATACONSUM,LONG,40,2025-10-27T12:15:00+05:30,1177.7,2025-10-31T12:15:00+05:30,1164.2,golden_cross,death_cross,-540.0,167.27,9.37,28.1,-744.74,4.0
NSE:TCS,SHORT,15,2025-10-29T13:15:00+05:30,3060.4,2025-10-31T14:15:00+05:30,3056.0,death_cross,golden_cross,66.0,165.08,9.17,27.52,-135.77,2.04
NSE:TCS,LONG,15,2025-10-31T15:15:00+05:30,3060.0,2025-11-03T09:15:00+05:30,3037.5,golden_cross,death_cross,-337.5,164.79,9.15,27.44,-538.88,2.75
NSE:HCLTECH,LONG,40,2025-10-29T10:15:00+05:30,1548.0,2025-11-03T09:15:00+05:30,1532.9,golden_cross,death_cross,-604.0,200.12,12.32,36.97,-853.41,4.96
NSE:ITC,LONG,130,2025-10-16T09:15:00+05:30,401.2,2025-11-03T10:15:00+05:30,417.0,golden_cross,death_cross,2054.0,181.17,10.64,31.91,1830.28,18.04
NSE:TATACONSUM,SHORT,40,2025-10-31T13:15:00+05:30,1164.7,2025-11-03T13:15:00+05:30,1197.1,death_cross,golden_cross,-1296.0,168.21,9.45,28.34,-1502.0,3.0
NSE:BANKNIFTY,SHORT,1.4372723747626135,2025-10-31T10:15:00+05:30,57758.3,2025-11-03T14:15:00+05:30,58104.7,death_cross,golden_cross,-497.87,69.07,3.33,16.65,-586.92,3.17
NSE:BANKNIFTY,LONG,1.418350995617715,2025-11-03T15:15:00+05:30,58116.25,2025-11-04T09:15:00+05:30,57919.45,golden_cross,death_cross,-279.13,68.83,3.29,16.46,-367.71,0.75
NSE:TATASTEEL,LONG,545,2025-10-23T10:15:00+05:30,174.65,2025-11-04T09:15:00+05:30,181.53,golden_cross,death_cross,3749.6,278.56,19.41,58.24,3393.39,11.96
NSE:BHARTIARTL,SHORT,30,2025-10-30T14:15:00+05:30,2065.8,2025-11-04T09:15:00+05:30,2119.9,death_cross,golden_cross,-1623.0,202.79,12.56,37.67,-1876.02,4.79
NSE:LT,LONG,20,2025-10-15T11:15:00+05:30,3836.1,2025-11-04T09:15:00+05:30,3956.6,golden_cross,death_cross,2410.0,236.14,15.59,46.76,2111.52,19.92
NSE:ADANIGREEN,LONG,90,2025-10-29T11:15:00+05:30,1100.2,2025-11-04T10:15:00+05:30,1094.5,golden_cross,death_cross,-513.0,282.66,19.75,59.26,-874.67,5.96
NSE:BHARTIARTL,LONG,25,2025-11-04T10:15:00+05:30,2119.6,2025-11-07T09:15:00+05:30,2011.5,golden_cross,death_cross,-2702.5,178.1,10.33,30.98,-2921.91,2.96
NSE:TATACONSUM,LONG,40,2025-11-03T14:15:00+05:30,1199.1,2025-11-07T13:15:00+05:30,1160.0,golden_cross,death_cross,-1564.0,168.11,9.44,28.31,-1769.85,3.96
NSE:ICICIBANK,SHORT,20,2025-10-20T15:15:00+05:30,1393.0,2025-11-07T15:15:00+05:30,1342.6,death_cross,golden_cross,1008.0,123.85,5.47,16.41,862.26,18.0
NSE:TATASTEEL,SHORT,545,2025-11-04T10:15:00+05:30,181.07,2025-11-07T15:15:00+05:30,181.5,death_cross,golden_cross,-234.35,282.73,19.76,59.28,-596.12,3.21
NSE:BANKNIFTY,SHORT,1.4161840766173746,2025-11-04T10:15:00+05:30,57946.3,2025-11-10T09:15:00+05:30,57977.75,death_cross,golden_cross,-44.54,68.8,3.28,16.42,-133.04,5.96
NSE:INFY,SHORT,35,2025-10-30T11:15:00+05:30,1498.5,2025-11-10T09:15:00+05:30,1503.0,death_cross,golden_cross,-157.5,179.88,10.51,31.52,-379.4,10.92
NSE:TCS,SHORT,15,2025-11-03T10:15:00+05:30,3036.0,2025-11-10T10:15:00+05:30,3044.3,death_cross,golden_cross,-124.5,164.49,9.12,27.36,-325.47,7.0
NSE:HCLTECH,SHORT,35,2025-11-03T10:15:00+05:30,1544.7,2025-11-10T11:15:00+05:30,1537.1,death_cross,golden_cross,266.0,182.97,10.79,32.36,39.88,7.04
NSE:WIPRO,SHORT,300,2025-10-24T14:15:00+05:30,242.94,2025-11-10T12:15:00+05:30,240.0,death_cross,golden_cross,882.0,224.06,14.49,43.46,599.99,16.92
NSE:NIFTY,SHORT,4.552633241312571,2025-10-30T14:15:00+05:30,25873.75,2025-11-10T13:15:00+05:30,25618.9,death_cross,golden_cross,1160.24,78.15,4.69,23.44,1053.95,10.96
NSE:SENSEX,SHORT,1.2531502468919447,2025-10-30T14:15:00+05:30,84371.56,2025-11-10T13:15:00+05:30,83639.64,death_cross,golden_cross,917.21,74.99,4.21,21.05,816.95,10.96
NSE:SBIN,LONG,60,2025-10-10T10:15:00+05:30,880.15,2025-11-10T14:15:00+05:30,952.0,golden_cross,death_cross,4311.0,184.96,10.99,32.98,4082.07,31.17
NSE:LT,SHORT,20,2025-11-04T10:15:00+05:30,3946.0,2025-11-10T15:15:00+05:30,3916.8,death_cross,golden_cross,584.0,237.83,15.73,47.18,283.26,6.21
NSE:SENSEX,LONG,1.2762173410606938,2025-11-10T14:15:00+05:30,83484.8,2025-11-11T09:15:00+05:30,83301.86,golden_cross,death_cross,-233.47,75.19,4.26,21.29,-334.2,0.79
NSE:LT,LONG,20,2025-11-11T09:15:00+05:30,3917.5,2025-11-11T10:15:00+05:30,3902.7,golden_cross,death_cross,-296.0,74.73,15.64,46.92,-433.29,0.04
NSE:NIFTY,SHORT,4.648636954139917,2025-11-10T14:15:00+05:30,25565.45,2025-11-11T13:15:00+05:30,25647.2,death_cross,golden_cross,-380.03,78.49,4.76,23.81,-487.09,0.96
NSE:SENSEX,SHORT,1.2762908434668452,2025-11-11T10:15:00+05:30,83218.92,2025-11-11T13:15:00+05:30,83693.18,death_cross,golden_cross,-605.29,75.18,4.26,21.3,-706.04,0.12
NSE:SBIN,SHORT,60,2025-11-10T15:15:00+05:30,950.55,2025-11-12T09:15:00+05:30,957.95,death_cross,golden_cross,-444.0,190.41,11.45,34.35,-680.21,1.75
NSE:BHARTIARTL,SHORT,25,2025-11-07T10:15:00+05:30,2002.7,2025-11-12T09:15:00+05:30,2065.7,death_cross,golden_cross,-1575.0,176.27,10.17,30.51,-1791.95,4.96
NSE:ADANIGREEN,SHORT,90,2025-11-04T11:15:00+05:30,1093.5,2025-11-12T10:15:00+05:30,1076.1,death_cross,golden_cross,1566.0,279.99,19.53,58.58,1207.9,7.96
NSE:TATASTEEL,LONG,540,2025-11-10T09:15:00+05:30,180.56,2025-11-12T12:15:00+05:30,179.13,golden_cross,death_cross,-772.2,279.02,19.42,58.27,-1128.92,2.12
NSE:HINDUNILVR,SHORT,25,2025-10-24T10:15:00+05:30,2514.7,2025-11-12T14:15:00+05:30,2426.3,death_cross,golden_cross,2210.0,200.23,12.35,37.06,1960.36,19.17
NSE:TATACONSUM,SHORT,40,2025-11-07T14:15:00+05:30,1165.8,2025-11-12T14:15:00+05:30,1161.4,death_cross,golden_cross,176.0,166.56,9.31,27.93,-27.79,5.0
NSE:TATACONSUM,LONG,40,2025-11-12T15:15:00+05:30,1162.0,2025-11-13T09:15:00+05:30,1153.8,golden_cross,death_cross,-328.0,166.09,9.26,27.79,-531.14,0.75
NSE:TATASTEEL,SHORT,540,2025-11-12T13:15:00+05:30,178.71,2025-11-13T10:15:00+05:30,181.9,death_cross,golden_cross,-1722.6,279.65,19.47,58.42,-2080.14,0.88
NSE:TATACONSUM,SHORT,35,2025-11-13T10:15:00+05:30,1155.6,2025-11-13T11:15:00+05:30,1161.8,death_cross,golden_cross,-217.0,61.47,8.11,24.33,-310.91,0.04
NSE:TATASTEEL,LONG,520,2025-11-13T11:15:00+05:30,181.99,2025-11-13T12:15:00+05:30,177.5,golden_cross,death_cross,-2334.8,79.89,18.69,56.08,-2489.46,0.04
NSE:HINDUNILVR,LONG,30,2025-11-12T15:15:00+05:30,2426.0,2025-11-13T12:15:00+05:30,2416.3,golden_cross,death_cross,-291.0,224.58,14.53,43.58,-573.69,0.88
NSE:TATACONSUM,LONG,35,2025-11-13T12:15:00+05:30,1161.9,2025-11-13T14:15:00+05:30,1154.2,golden_cross,death_cross,-269.5,61.46,8.11,24.32,-363.38,0.08
NSE:INFY,LONG,35,2025-11-10T10:15:00+05:30,1518.2,2025-11-14T10:15:00+05:30,1510.5,golden_cross,death_cross,-269.5,180.95,10.6,31.8,-492.85,4.0
NSE:ITC,SHORT,130,2025-11-03T11:15:00+05:30,413.95,2025-11-14T15:15:00+05:30,408.25,death_cross,golden_cross,741.0,181.85,10.69,32.07,516.4,11.17
NSE:HINDUNILVR,SHORT,30,2025-11-13T13:15:00+05:30,2411.7,2025-11-14T15:15:00+05:30,2426.0,death_cross,golden_cross,-429.0,224.44,14.51,43.54,-711.49,1.08
NSE:TATACONSUM,SHORT,35,2025-11-13T15:15:00+05:30,1150.0,2025-11-17T09:15:00+05:30,1165.9,death_cross,golden_cross,-556.5,153.24,8.11,24.32,-742.17,3.75
NSE:ITC,LONG,130,2025-11-17T09:15:00+05:30,409.4,2025-11-18T09:15:00+05:30,405.1,golden_cross,death_cross,-559.0,180.83,10.59,31.77,-782.19,1.0
NSE:HINDUNILVR,LONG,30,2025-11-17T09:15:00+05:30,2427.0,2025-11-18T09:15:00+05:30,2408.6,golden_cross,death_cross,-552.0,224.37,14.51,43.52,-834.4,1.0
NSE:WIPRO,LONG,305,2025-11-10T13:15:00+05:30,240.25,2025-11-18T09:15:00+05:30,241.91,golden_cross,death_cross,506.3,226.51,14.71,44.12,220.97,7.83
NSE:TCS,LONG,15,2025-11-10T11:15:00+05:30,3029.5,2025-11-18T12:15:00+05:30,3092.9,golden_cross,death_cross,951.0,165.11,9.18,27.55,749.16,8.04
NSE:TATACONSUM,LONG,35,2025-11-17T10:15:00+05:30,1163.1,2025-11-18T14:15:00+05:30,1153.6,golden_cross,death_cross,-332.5,153.26,8.11,24.33,-518.19,1.17
NSE:TCS,SHORT,15,2025-11-18T13:15:00+05:30,3093.9,2025-11-19T09:15:00+05:30,3130.9,death_cross,golden_cross,-555.0,166.93,9.34,28.01,-759.28,0.83
NSE:INFY,SHORT,35,2025-11-14T11:15:00+05:30,1502.5,2025-11-19T10:15:00+05:30,1537.7,death_cross,golden_cross,-1232.0,181.46,10.64,31.92,-1456.03,4.96
NSE:HINDUNILVR,SHORT,30,2025-11-18T10:15:00+05:30,2410.3,2025-11-19T10:15:00+05:30,2439.6,death_cross,golden_cross,-879.0,224.88,14.55,43.65,-1162.07,1.0
NSE:ADANIGREEN,LONG,90,2025-11-12T11:15:00+05:30,1076.5,2025-11-19T10:15:00+05:30,1055.0,golden_cross,death_cross,-1935.0,276.45,19.18,57.55,-2288.18,6.96
NSE:WIPRO,SHORT,305,2025-11-18T10:15:00+05:30,241.79,2025-11-19T11:15:00+05:30,245.96,death_cross,golden_cross,-1271.85,228.54,14.88,44.63,-1559.89,1.04
NSE:TATACONSUM,SHORT,35,2025-11-18T15:15:00+05:30,1152.0,2025-11-20T09:15:00+05:30,1175.6,death_cross,golden_cross,-826.0,153.72,8.15,24.44,-1012.31,1.75
NSE:ITC,SHORT,130,2025-11-18T10:15:00+05:30,405.3,2025-11-20T14:15:00+05:30,405.9,death_cross,golden_cross,-78.0,180.32,10.55,31.64,-300.5,2.17
NSE:ICICIBANK,LONG,20,2025-11-10T09:15:00+05:30,1343.9,2025-11-21T10:15:00+05:30,1370.4,golden_cross,death_cross,530.0,123.41,5.43,16.29,384.87,11.04
NSE:HINDUNILVR,LONG,25,2025-11-19T11:15:00+05:30,2444.0,2025-11-21T11:15:00+05:30,2421.3,golden_cross,death_cross,-567.5,198.33,12.16,36.49,-814.49,2.0
NSE:HCLTECH,LONG,35,2025-11-10T12:15:00+05:30,1538.1,2025-11-21T13:15:00+05:30,1613.3,golden_cross,death_cross,2632.0,185.5,11.03,33.09,2402.38,11.04
NSE:HINDUNILVR,SHORT,25,2025-11-21T12:15:00+05:30,2427.5,2025-11-21T13:15:00+05:30,2441.6,death_cross,golden_cross,-352.5,68.61,12.17,36.52,-469.8,0.04
NSE:SBIN,LONG,55,2025-11-12T10:15:00+05:30,957.75,2025-11-21T14:15:00+05:30,972.95,golden_cross,death_cross,836.0,181.07,10.62,31.86,612.46,9.17
NSE:BANKNIFTY,LONG,1.4122231731277908,2025-11-10T10:15:00+05:30,58014.9,2025-11-21T15:15:00+05:30,58851.85,golden_cross,death_cross,1181.96,69.02,3.3,16.5,1093.13,11.21
NSE:BANKNIFTY,SHORT,1.4040568698717468,2025-11-24T09:15:00+05:30,59128.55,2025-11-24T10:15:00+05:30,59186.85,death_cross,golden_cross,-81.86,69.05,3.32,16.61,-170.84,0.04
NSE:ITC,LONG,130,2025-11-20T15:15:00+05:30,405.6,2025-11-24T13:15:00+05:30,405.0,golden_cross,death_cross,-78.0,180.23,10.54,31.61,-300.39,3.92
NSE:HINDUNILVR,LONG,25,2025-11-21T14:15:00+05:30,2432.7,2025-11-24T13:15:00+05:30,2424.0,golden_cross,death_cross,-217.5,198.07,12.14,36.43,-464.14,2.96
NSE:LT,LONG,20,2025-11-11T11:15:00+05:30,3921.9,2025-11-24T13:15:00+05:30,4014.0,golden_cross,death_cross,1842.0,239.36,15.87,47.62,1539.15,13.08
NSE:NIFTY,LONG,4.606317359061542,2025-11-11T14:15:00+05:30,25694.9,2025-11-24T14:15:00+05:30,25954.4,golden_cross,death_cross,1195.34,78.62,4.76,23.79,1088.17,13.0
NSE:SENSEX,LONG,1.2581334117621052,2025-11-11T14:15:00+05:30,83860.44,2025-11-24T14:15:00+05:30,84879.97,golden_cross,death_cross,1282.7,75.25,4.25,21.23,1181.98,13.0
NSE:BANKNIFTY,LONG,1.3993325642617103,2025-11-24T11:15:00+05:30,59206.45,2025-11-24T15:15:00+05:30,58731.05,golden_cross,death_cross,-665.24,68.86,3.3,16.5,-753.9,0.17
NSE:BHARTIARTL,LONG,25,2025-11-12T10:15:00+05:30,2063.2,2025-11-25T09:15:00+05:30,2147.2,golden_cross,death_cross,2100.0,179.94,10.53,31.58,1877.96,12.96
NSE:TCS,LONG,15,2025-11-19T10:15:00+05:30,3137.5,2025-11-25T10:15:00+05:30,3122.3,golden_cross,death_cross,-228.0,167.49,9.39,28.17,-433.05,6.0
NSE:SBIN,SHORT,55,2025-11-21T15:15:00+05:30,972.45,2025-11-25T10:15:00+05:30,982.05,death_cross,golden_cross,-528.0,182.62,10.75,32.25,-753.62,3.79
NSE:INFY,LONG,35,2025-11-19T11:15:00+05:30,1538.0,2025-11-25T11:15:00+05:30,1530.7,golden_cross,death_cross,-255.5,182.5,10.74,32.22,-480.96,6.0
NSE:LT,SHORT,20,2025-11-24T14:15:00+05:30,4011.7,2025-11-25T11:15:00+05:30,4040.6,death_cross,golden_cross,-578.0,242.13,16.1,48.31,-884.55,0.88
NSE:BHARTIARTL,SHORT,25,2025-11-25T10:15:00+05:30,2151.4,2025-11-25T12:15:00+05:30,2165.5,death_cross,golden_cross,-352.5,66.18,10.79,32.38,-461.85,0.08
NSE:LT,LONG,20,2025-11-25T12:15:00+05:30,4052.0,2025-11-25T15:15:00+05:30,3982.2,golden_cross,death_cross,-1396.0,75.36,16.07,48.21,-1535.64,0.12
NSE:BANKNIFTY,SHORT,1.3908621555090779,2025-11-25T09:15:00+05:30,59026.6,2025-11-26T09:15:00+05:30,59453.2,death_cross,golden_cross,-593.34,68.83,3.3,16.48,-681.95,1.0
NSE:BHARTIARTL,LONG,25,2025-11-25T13:15:00+05:30,2169.1,2025-11-26T09:15:00+05:30,2116.4,golden_cross,death_cross,-1317.5,182.28,10.71,32.14,-1542.64,0.83
NSE:LT,SHORT,20,2025-11-26T09:15:00+05:30,4039.1,2025-11-26T10:15:00+05:30,4048.1,death_cross,golden_cross,-180.0,75.68,16.17,48.52,-320.38,0.04
NSE:NIFTY,SHORT,4.604023128266645,2025-11-24T15:15:00+05:30,25943.35,2025-11-26T11:15:00+05:30,26156.95,death_cross,golden_cross,-983.42,78.68,4.8,23.99,-1090.88,1.83
NSE:TCS,SHORT,15,2025-11-25T11:15:00+05:30,3133.6,2025-11-26T11:15:00+05:30,3168.5,death_cross,golden_cross,-523.5,168.22,9.45,28.36,-729.53,1.0
NSE:SENSEX,SHORT,1.258353457506768,2025-11-24T15:15:00+05:30,84782.27,2025-11-26T12:15:00+05:30,85545.66,death_cross,golden_cross,-960.61,75.32,4.29,21.43,-1061.65,1.88
NSE:INFY,SHORT,35,2025-11-25T12:15:00+05:30,1531.9,2025-11-26T12:15:00+05:30,1550.0,death_cross,golden_cross,-633.5,183.04,10.79,32.36,-859.69,1.0
NSE:HCLTECH,SHORT,35,2025-11-21T14:15:00+05:30,1607.5,2025-11-26T13:15:00+05:30,1623.2,death_cross,golden_cross,-549.5,188.82,11.31,33.92,-783.55,4.96
NSE:TATASTEEL,SHORT,520,2025-11-13T13:15:00+05:30,177.29,2025-11-26T13:15:00+05:30,169.28,death_cross,golden_cross,4165.2,263.08,18.02,54.06,3830.03,13.0
NSE:ICICIBANK,SHORT,20,2025-11-21T11:15:00+05:30,1369.6,2025-11-26T14:15:00+05:30,1375.5,death_cross,golden_cross,-118.0,124.15,5.49,16.47,-264.11,5.12
NSE:ADANIGREEN,SHORT,90,2025-11-19T11:15:00+05:30,1056.7,2025-11-26T14:15:00+05:30,1035.4,death_cross,golden_cross,1917.0,272.22,18.83,56.49,1569.47,7.12
NSE:HINDUNILVR,SHORT,25,2025-11-24T14:15:00+05:30,2425.0,2025-11-27T09:15:00+05:30,2444.7,death_cross,golden_cross,-492.5,198.45,12.17,36.52,-739.65,2.79
NSE:SBIN,LONG,55,2025-11-25T11:15:00+05:30,985.4,2025-11-27T11:15:00+05:30,975.15,golden_cross,death_cross,-563.75,183.0,10.78,32.35,-789.88,2.0
NSE:TCS,LONG,15,2025-11-26T12:15:00+05:30,3172.6,2025-11-27T13:15:00+05:30,3127.4,golden_cross,death_cross,-678.0,168.19,9.45,28.35,-883.99,1.04
NSE:TATASTEEL,LONG,565,2025-11-26T14:15:00+05:30,169.9,2025-11-27T15:15:00+05:30,168.1,golden_cross,death_cross,-1017.0,275.42,19.1,57.29,-1368.81,1.04
NSE:TATACONSUM,LONG,35,2025-11-20T10:15:00+05:30,1175.1,2025-11-27T15:15:00+05:30,1175.5,golden_cross,death_cross,14.0,154.55,8.23,24.68,-173.46,7.21
NSE:ITC,SHORT,130,2025-11-24T14:15:00+05:30,403.05,2025-11-28T12:15:00+05:30,404.0,death_cross,golden_cross,-123.5,179.73,10.49,31.47,-345.19,3.92
NSE:SBIN,SHORT,55,2025-11-27T12:15:00+05:30,975.35,2025-12-01T09:15:00+05:30,985.0,death_cross,golden_cross,-530.75,182.98,10.78,32.35,-756.86,3.88
NSE:ITC,LONG,130,2025-11-28T13:15:00+05:30,403.15,2025-12-01T09:15:00+05:30,401.6,golden_cross,death_cross,-201.5,179.4,10.46,31.39,-422.75,2.83
NSE:SBIN,LONG,55,2025-12-01T10:15:00+05:30,984.5,2025-12-01T11:15:00+05:30,975.0,golden_cross,death_cross,-522.5,66.13,10.78,32.33,-631.74,0.04
NSE:ITC,SHORT,130,2025-12-01T10:15:00+05:30,403.65,2025-12-01T11:15:00+05:30,404.25,death_cross,golden_cross,-78.0,65.7,10.5,31.51,-185.71,0.04
NSE:TATASTEEL,SHORT,565,2025-11-28T09:15:00+05:30,167.85,2025-12-01T12:15:00+05:30,168.55,death_cross,golden_cross,-395.5,274.37,19.01,57.02,-745.89,3.12
NSE:NIFTY,LONG,4.520154037969504,2025-11-26T12:15:00+05:30,26184.1,2025-12-02T09:15:00+05:30,26058.7,golden_cross,death_cross,-566.83,78.22,4.72,23.61,-673.39,5.88
NSE:SENSEX,LONG,1.2344401265908234,2025-11-26T13:15:00+05:30,85567.2,2025-12-02T09:15:00+05:30,85265.13,golden_cross,death_cross,-372.89,74.92,4.22,21.09,-473.11,5.83
NSE:TATASTEEL,LONG,555,2025-12-01T13:15:00+05:30,168.74,2025-12-02T09:15:00+05:30,167.61,golden_cross,death_cross,-627.15,270.61,18.67,56.0,-972.43,0.83
NSE:LT,LONG,20,2025-11-26T11:15:00+05:30,4065.0,2025-12-02T09:15:00+05:30,4059.5,golden_cross,death_cross,-110.0,243.7,16.25,48.75,-418.7,5.92
NSE:ICICIBANK,LONG,20,2025-11-26T15:15:00+05:30,1375.0,2025-12-02T10:15:00+05:30,1375.2,golden_cross,death_cross,4.0,124.25,5.5,16.5,-142.25,5.79
NSE:ITC,LONG,125,2025-12-01T12:15:00+05:30,405.15,2025-12-02T10:15:00+05:30,401.55,golden_cross,death_cross,-450.0,175.22,10.08,30.25,-665.55,0.92
NSE:ADANIGREEN,LONG,95,2025-11-26T15:15:00+05:30,1034.0,2025-12-02T10:15:00+05:30,1030.5,golden_cross,death_cross,-332.5,281.1,19.61,58.84,-692.05,5.79
NSE:BANKNIFTY,LONG,1.3696949567672836,2025-11-26T10:15:00+05:30,59442.4,2025-12-02T11:15:00+05:30,59504.25,golden_cross,death_cross,84.72,68.65,3.26,16.29,-3.48,6.04
NSE:TCS,SHORT,15,2025-11-27T14:15:00+05:30,3135.0,2025-12-03T09:15:00+05:30,3165.0,death_cross,golden_cross,-450.0,168.17,9.45,28.35,-655.97,5.79
NSE:ICICIBANK,SHORT,20,2025-12-02T11:15:00+05:30,1373.5,2025-12-03T14:15:00+05:30,1392.2,death_cross,golden_cross,-374.0,124.62,5.53,16.59,-520.75,1.12
NSE:HINDUNILVR,LONG,25,2025-11-27T10:15:00+05:30,2457.1,2025-12-03T14:15:00+05:30,2449.8,golden_cross,death_cross,-182.5,199.46,12.27,36.8,-431.03,6.17
NSE:ITC,SHORT,125,2025-12-02T11:15:00+05:30,401.55,2025-12-04T14:15:00+05:30,403.1,death_cross,golden_cross,-193.75,174.91,10.06,30.17,-408.9,2.12
NSE:BANKNIFTY,SHORT,1.3685337621253213,2025-12-02T12:15:00+05:30,59490.3,2025-12-05T10:15:00+05:30,59601.55,death_cross,golden_cross,-152.25,68.63,3.26,16.3,-240.44,2.92
NSE:NIFTY,SHORT,4.512323854828738,2025-12-02T10:15:00+05:30,26080.75,2025-12-05T10:15:00+05:30,26143.5,death_cross,golden_cross,-283.15,78.19,4.71,23.57,-389.61,3.0
NSE:SENSEX,SHORT,1.2325200852004723,2025-12-02T10:15:00+05:30,85317.79,2025-12-05T10:15:00+05:30,85611.13,death_cross,golden_cross,-361.55,74.89,4.21,21.07,-461.72,3.0
NSE:BHARTIARTL,SHORT,25,2025-11-26T10:15:00+05:30,2127.0,2025-12-05T10:15:00+05:30,2099.9,death_cross,golden_cross,677.5,180.51,10.57,31.7,454.73,9.0
NSE:TATACONSUM,SHORT,35,2025-11-28T09:15:00+05:30,1178.6,2025-12-05T12:15:00+05:30,1160.9,death_cross,golden_cross,619.5,154.07,8.19,24.56,432.67,7.12
NSE:SBIN,SHORT,55,2025-12-01T12:15:00+05:30,976.15,2025-12-05T13:15:00+05:30,967.35,death_cross,golden_cross,484.0,181.88,10.69,32.07,259.37,4.04
NSE:LT,SHORT,20,2025-12-02T10:15:00+05:30,4055.4,2025-12-05T13:15:00+05:30,4037.8,death_cross,golden_cross,352.0,242.97,16.19,48.56,44.28,3.12
NSE:LT,LONG,20,2025-12-05T14:15:00+05:30,4038.4,2025-12-08T11:15:00+05:30,4003.0,golden_cross,death_cross,-708.0,241.9,16.08,48.25,-1014.23,2.88
NSE:BHARTIARTL,LONG,25,2025-12-05T11:15:00+05:30,2098.0,2025-12-08T12:15:00+05:30,2089.0,golden_cross,death_cross,-225.0,179.46,10.47,31.4,-446.33,3.04
NSE:BANKNIFTY,LONG,1.3638198569520068,2025-12-05T11:15:00+05:30,59520.15,2025-12-08T13:15:00+05:30,59105.1,golden_cross,death_cross,-566.05,68.44,3.24,16.18,-653.91,3.08
NSE:NIFTY,LONG,4.488927314405045,2025-12-05T11:15:00+05:30,26130.15,2025-12-08T13:15:00+05:30,25914.4,golden_cross,death_cross,-968.49,77.86,4.67,23.36,-1074.38,3.08
NSE:SENSEX,LONG,1.2237455025611466,2025-12-05T11:15:00+05:30,85553.37,2025-12-08T13:15:00+05:30,84944.62,golden_cross,death_cross,-744.96,74.59,4.17,20.86,-844.58,3.08
NSE:SBIN,LONG,55,2025-12-05T14:15:00+05:30,971.35,2025-12-08T13:15:00+05:30,952.85,golden_cross,death_cross,-1017.5,180.81,10.58,31.75,-1240.64,2.96
NSE:TATACONSUM,LONG,35,2025-12-05T13:15:00+05:30,1161.1,2025-12-08T14:15:00+05:30,1146.9,golden_cross,death_cross,-497.0,152.93,8.08,24.23,-682.24,3.04
NSE:ITC,LONG,125,2025-12-04T15:15:00+05:30,403.25,2025-12-08T15:15:00+05:30,402.0,golden_cross,death_cross,-156.25,174.99,10.07,30.2,-371.51,4.0
NSE:ICICIBANK,LONG,20,2025-12-03T15:15:00+05:30,1392.0,2025-12-09T09:15:00+05:30,1381.2,golden_cross,death_cross,-216.0,124.78,5.55,16.64,-362.96,5.75
NSE:TCS,LONG,15,2025-12-03T10:15:00+05:30,3190.4,2025-12-09T10:15:00+05:30,3188.0,golden_cross,death_cross,-36.0,169.45,9.57,28.7,-243.72,6.0
NSE:ITC,SHORT,125,2025-12-09T09:15:00+05:30,401.7,2025-12-09T10:15:00+05:30,404.45,death_cross,golden_cross,-343.75,64.92,10.08,30.23,-448.98,0.04
NSE:INFY,LONG,35,2025-11-26T13:15:00+05:30,1553.9,2025-12-09T12:15:00+05:30,1596.9,golden_cross,death_cross,1505.0,185.56,11.03,33.08,1275.33,12.96
NSE:SBIN,SHORT,55,2025-12-08T14:15:00+05:30,956.05,2025-12-09T12:15:00+05:30,961.0,death_cross,golden_cross,-272.25,180.32,10.54,31.63,-494.74,0.92
NSE:ITC,LONG,125,2025-12-09T11:15:00+05:30,402.95,2025-12-09T14:15:00+05:30,400.4,golden_cross,death_cross,-318.75,64.86,10.04,30.13,-423.78,0.12
NSE:HCLTECH,LONG,35,2025-11-26T14:15:00+05:30,1618.0,2025-12-09T14:15:00+05:30,1658.2,golden_cross,death_cross,1407.0,190.45,11.47,34.4,1170.69,13.0
NSE:WIPRO,LONG,295,2025-11-19T12:15:00+05:30,246.29,2025-12-09T15:15:00+05:30,257.39,golden_cross,death_cross,3274.5,228.0,14.86,44.58,2987.07,20.12
NSE:WIPRO,LONG,290,2025-12-10T09:15:00+05:30,259.31,2025-12-10T10:15:00+05:30,258.34,golden_cross,death_cross,-281.3,73.62,15.01,45.04,-414.97,0.04
NSE:SBIN,LONG,55,2025-12-09T13:15:00+05:30,960.1,2025-12-10T11:15:00+05:30,958.55,golden_cross,death_cross,-85.25,180.4,10.55,31.66,-307.86,0.92
NSE:ITC,SHORT,120,2025-12-09T15:15:00+05:30,401.25,2025-12-10T11:15:00+05:30,403.3,death_cross,golden_cross,-246.0,170.43,9.65,28.96,-455.05,0.83
NSE:LT,SHORT,20,2025-12-08T12:15:00+05:30,4002.2,2025-12-10T11:15:00+05:30,4020.5,death_cross,golden_cross,-366.0,241.46,16.05,48.14,-671.64,1.96
NSE:LT,LONG,20,2025-12-10T12:15:00+05:30,4017.4,2025-12-10T14:15:00+05:30,3992.5,golden_cross,death_cross,-498.0,75.38,16.02,48.06,-637.46,0.08
NSE:SBIN,SHORT,50,2025-12-10T12:15:00+05:30,958.35,2025-12-11T09:15:00+05:30,962.0,death_cross,golden_cross,-182.5,169.84,9.6,28.81,-390.75,0.88
NSE:ITC,LONG,120,2025-12-10T12:15:00+05:30,403.7,2025-12-11T09:15:00+05:30,402.0,golden_cross,death_cross,-204.0,170.58,9.67,29.01,-413.26,0.88
NSE:WIPRO,SHORT,290,2025-12-10T11:15:00+05:30,258.48,2025-12-11T11:15:00+05:30,259.06,death_cross,golden_cross,-168.2,229.92,15.01,45.03,-458.16,1.0
NSE:TATASTEEL,SHORT,555,2025-12-02T10:15:00+05:30,167.72,2025-12-11T13:15:00+05:30,165.57,death_cross,golden_cross,1193.25,268.59,18.5,55.49,850.67,9.12
NSE:ADANIGREEN,SHORT,95,2025-12-02T11:15:00+05:30,1024.6,2025-12-11T13:15:00+05:30,1013.4,death_cross,golden_cross,1064.0,278.19,19.36,58.08,708.36,9.08
NSE:HCLTECH,SHORT,35,2025-12-09T15:15:00+05:30,1657.9,2025-12-11T15:15:00+05:30,1672.4,death_cross,golden_cross,-507.5,192.69,11.66,34.97,-746.82,2.0
NSE:BANKNIFTY,SHORT,1.3590451247710242,2025-12-08T14:15:00+05:30,59249.55,2025-12-12T09:15:00+05:30,59441.7,death_cross,golden_cross,-261.14,68.4,3.23,16.13,-348.9,3.79
NSE:NIFTY,SHORT,4.475164950502834,2025-12-08T14:15:00+05:30,25971.15,2025-12-12T09:15:00+05:30,25989.15,death_cross,golden_cross,-80.55,77.79,4.65,23.25,-186.25,3.79
NSE:LT,SHORT,20,2025-12-10T15:15:00+05:30,3990.6,2025-12-12T09:15:00+05:30,4077.3,death_cross,golden_cross,-1734.0,242.57,16.14,48.41,-2041.11,1.75
NSE:SENSEX,SHORT,1.2196785698659307,2025-12-08T14:15:00+05:30,85148.25,2025-12-12T10:15:00+05:30,85117.31,death_cross,golden_cross,37.74,74.53,4.15,20.77,-61.71,3.83
NSE:TCS,SHORT,15,2025-12-09T11:15:00+05:30,3206.8,2025-12-12T12:15:00+05:30,3213.3,death_cross,golden_cross,-97.5,170.15,9.63,28.89,-306.17,3.04
NSE:HCLTECH,SHORT,35,2025-12-12T09:15:00+05:30,1662.5,2025-12-12T12:15:00+05:30,1671.2,death_cross,golden_cross,-304.5,67.73,11.67,35.0,-418.9,0.12
NSE:TATACONSUM,SHORT,35,2025-12-08T15:15:00+05:30,1145.0,2025-12-12T14:15:00+05:30,1150.8,death_cross,golden_cross,-203.0,152.44,8.04,24.11,-387.58,3.96
NSE:BHARTIARTL,SHORT,25,2025-12-08T13:15:00+05:30,2081.6,2025-12-12T14:15:00+05:30,2083.1,death_cross,golden_cross,-37.5,178.83,10.41,31.24,-257.98,4.04
NSE:INFY,SHORT,35,2025-12-09T13:15:00+05:30,1600.1,2025-12-12T15:15:00+05:30,1597.5,death_cross,golden_cross,91.0,187.49,11.19,33.57,-141.25,3.08
NSE:ITC,SHORT,120,2025-12-11T10:15:00+05:30,402.25,2025-12-16T09:15:00+05:30,403.1,death_cross,golden_cross,-102.0,170.53,9.66,28.99,-311.19,4.96
NSE:BANKNIFTY,LONG,1.3523558044970811,2025-12-12T10:15:00+05:30,59285.4,2025-12-16T10:15:00+05:30,59084.35,golden_cross,death_cross,-271.89,68.24,3.2,16.01,-359.34,4.0
NSE:NIFTY,LONG,4.464637032271696,2025-12-12T10:15:00+05:30,25990.8,2025-12-16T11:15:00+05:30,25887.5,golden_cross,death_cross,-461.2,77.64,4.63,23.16,-566.63,4.04
NSE:SENSEX,LONG,1.2183059294728995,2025-12-12T11:15:00+05:30,85193.68,2025-12-16T11:15:00+05:30,84745.07,golden_cross,death_cross,-546.54,74.4,4.14,20.7,-645.78,4.0
NSE:INFY,LONG,35,2025-12-15T09:15:00+05:30,1600.7,2025-12-16T11:15:00+05:30,1588.9,golden_cross,death_cross,-413.0,187.21,11.16,33.49,-644.87,1.08
NSE:HCLTECH,LONG,35,2025-12-12T13:15:00+05:30,1671.0,2025-12-16T11:15:00+05:30,1648.4,golden_cross,death_cross,-791.0,192.29,11.62,34.85,-1029.76,3.92
NSE:HINDUNILVR,SHORT,25,2025-12-03T15:15:00+05:30,2441.5,2025-12-16T11:15:00+05:30,2296.9,death_cross,golden_cross,3615.0,194.49,11.85,35.54,3373.12,12.83
NSE:TCS,LONG,15,2025-12-12T13:15:00+05:30,3214.9,2025-12-16T13:15:00+05:30,3200.4,golden_cross,death_cross,-217.5,170.08,9.62,28.87,-426.07,4.0
NSE:SBIN,LONG,50,2025-12-11T10:15:00+05:30,961.35,2025-12-16T15:15:00+05:30,960.0,golden_cross,death_cross,-67.5,169.89,9.61,28.82,-275.81,5.21
NSE:WIPRO,LONG,285,2025-12-11T12:15:00+05:30,259.04,2025-12-16T15:15:00+05:30,259.3,golden_cross,death_cross,74.1,227.28,14.77,44.32,-212.27,5.12
NSE:ADANIGREEN,LONG,95,2025-12-11T14:15:00+05:30,1018.8,2025-12-16T15:15:00+05:30,1023.9,golden_cross,death_cross,484.5,278.73,19.41,58.22,128.14,5.04
NSE:TCS,SHORT,15,2025-12-16T14:15:00+05:30,3204.1,2025-12-17T09:15:00+05:30,3222.2,death_cross,golden_cross,-271.5,170.27,9.64,28.92,-480.32,0.79
NSE:INFY,SHORT,30,2025-12-16T12:15:00+05:30,1593.0,2025-12-17T11:15:00+05:30,1599.7,death_cross,golden_cross,-201.0,169.58,9.58,28.73,-408.89,0.96
NSE:ITC,LONG,120,2025-12-16T10:15:00+05:30,405.1,2025-12-17T11:15:00+05:30,399.9,golden_cross,death_cross,-624.0,170.52,9.66,28.98,-833.16,1.04
NSE:LT,LONG,20,2025-12-12T10:15:00+05:30,4073.9,2025-12-17T12:15:00+05:30,4048.8,golden_cross,death_cross,-502.0,243.69,16.25,48.74,-810.67,5.08
NSE:TATASTEEL,LONG,565,2025-12-11T14:15:00+05:30,166.28,2025-12-18T10:15:00+05:30,169.79,golden_cross,death_cross,1983.15,273.98,18.99,56.96,1633.22,6.83
NSE:NIFTY,SHORT,4.460741799025401,2025-12-16T12:15:00+05:30,25886.85,2025-12-19T10:15:00+05:30,25954.75,death_cross,golden_cross,-302.88,77.6,4.63,23.13,-408.24,2.92
NSE:SENSEX,SHORT,1.2168755191759952,2025-12-16T12:15:00+05:30,84764.72,2025-12-19T10:15:00+05:30,84967.34,death_cross,golden_cross,-246.56,74.36,4.13,20.65,-345.71,2.92
NSE:LT,SHORT,20,2025-12-17T13:15:00+05:30,4052.9,2025-12-19T10:15:00+05:30,4077.0,death_cross,golden_cross,-482.0,243.85,16.26,48.78,-790.89,1.88
NSE:BHARTIARTL,LONG,25,2025-12-12T15:15:00+05:30,2082.1,2025-12-19T11:15:00+05:30,2088.7,golden_cross,death_cross,165.0,178.99,10.43,31.28,-55.69,6.83
NSE:ITC,SHORT,120,2025-12-17T12:15:00+05:30,400.65,2025-12-19T13:15:00+05:30,402.0,death_cross,golden_cross,-162.0,170.17,9.63,28.9,-370.7,2.04
NSE:ITC,LONG,115,2025-12-19T14:15:00+05:30,401.0,2025-12-19T15:15:00+05:30,400.9,golden_cross,death_cross,-11.5,63.45,9.22,27.67,-111.84,0.04
NSE:HINDUNILVR,SHORT,30,2025-12-16T12:15:00+05:30,2286.2,2025-12-19T15:15:00+05:30,2281.0,death_cross,golden_cross,156.0,215.37,13.7,41.1,-114.18,3.12
NSE:BANKNIFTY,SHORT,1.351156889810741,2025-12-16T11:15:00+05:30,59072.85,2025-12-22T09:15:00+05:30,59307.85,death_cross,golden_cross,-317.52,68.22,3.2,16.0,-404.94,5.92
NSE:BHARTIARTL,SHORT,25,2025-12-19T12:15:00+05:30,2084.4,2025-12-22T09:15:00+05:30,2131.5,death_cross,golden_cross,-1177.5,180.34,10.54,31.62,-1400.0,2.88
NSE:ICICIBANK,SHORT,20,2025-12-09T10:15:00+05:30,1380.4,2025-12-22T10:15:00+05:30,1363.7,death_cross,golden_cross,334.0,124.09,5.49,16.46,187.96,13.0
NSE:TATASTEEL,SHORT,560,2025-12-18T11:15:00+05:30,170.05,2025-12-22T10:15:00+05:30,170.59,death_cross,golden_cross,-302.4,275.13,19.08,57.23,-653.83,3.96
NSE:HCLTECH,SHORT,35,2025-12-16T12:15:00+05:30,1649.0,2025-12-22T11:15:00+05:30,1665.1,death_cross,golden_cross,-563.5,192.07,11.6,34.8,-801.96,5.96
NSE:ADANIGREEN,SHORT,95,2025-12-17T09:15:00+05:30,1021.6,2025-12-22T11:15:00+05:30,1022.0,death_cross,golden_cross,-38.0,278.87,19.41,58.24,-394.53,5.08
NSE:SBIN,LONG,50,2025-12-17T09:15:00+05:30,976.5,2025-12-22T15:15:00+05:30,974.5,golden_cross,death_cross,-100.0,171.54,9.76,29.26,-310.56,5.25
NSE:ADANIGREEN,LONG,95,2025-12-22T12:15:00+05:30,1020.5,2025-12-23T15:15:00+05:30,1017.0,golden_cross,death_cross,-332.5,278.25,19.36,58.07,-688.17,1.12
NSE:ADANIGREEN,SHORT,95,2025-12-24T09:15:00+05:30,1019.7,2025-12-24T10:15:00+05:30,1021.3,death_cross,golden_cross,-152.0,81.35,19.39,58.17,-310.91,0.04
NSE:LT,LONG,20,2025-12-19T11:15:00+05:30,4087.7,2025-12-24T10:15:00+05:30,4067.0,golden_cross,death_cross,-414.0,244.4,16.31,48.93,-723.63,4.96
NSE:ADANIGREEN,LONG,95,2025-12-24T11:15:00+05:30,1020.5,2025-12-24T13:15:00+05:30,1017.2,golden_cross,death_cross,-313.5,81.28,19.36,58.07,-472.21,0.08
NSE:TATACONSUM,LONG,35,2025-12-12T15:15:00+05:30,1149.5,2025-12-24T13:15:00+05:30,1177.0,golden_cross,death_cross,962.5,153.54,8.14,24.43,776.39,11.92
NSE:ICICIBANK,LONG,20,2025-12-22T11:15:00+05:30,1368.2,2025-12-24T15:15:00+05:30,1359.0,golden_cross,death_cross,-184.0,123.75,5.45,16.36,-329.57,2.17
NSE:HINDUNILVR,LONG,30,2025-12-22T09:15:00+05:30,2285.9,2025-12-24T15:15:00+05:30,2283.0,golden_cross,death_cross,-87.0,215.45,13.71,41.12,-357.28,2.25
NSE:WIPRO,LONG,285,2025-12-17T09:15:00+05:30,260.88,2025-12-24T15:15:00+05:30,268.14,golden_cross,death_cross,2069.1,230.52,15.08,45.23,1778.28,7.25
NSE:BANKNIFTY,LONG,1.3405418766412047,2025-12-22T10:15:00+05:30,59239.45,2025-12-26T09:15:00+05:30,59115.3,golden_cross,death_cross,-166.43,68.06,3.17,15.87,-253.53,3.96
NSE:TATASTEEL,LONG,560,2025-12-22T11:15:00+05:30,169.59,2025-12-26T09:15:00+05:30,168.64,golden_cross,death_cross,-532.0,273.65,18.94,56.82,-881.41,3.92
NSE:BHARTIARTL,LONG,25,2025-12-22T10:15:00+05:30,2140.0,2025-12-26T10:15:00+05:30,2107.9,golden_cross,death_cross,-802.5,181.2,10.62,31.86,-1026.18,4.0
NSE:SENSEX,LONG,1.2106420901266888,2025-12-19T11:15:00+05:30,84916.46,2025-12-26T11:15:00+05:30,85086.22,golden_cross,death_cross,205.52,74.3,4.12,20.58,106.52,7.0
NSE:TCS,LONG,15,2025-12-17T10:15:00+05:30,3221.6,2025-12-26T11:15:00+05:30,3283.0,golden_cross,death_cross,921.0,171.48,9.76,29.27,710.49,9.04
NSE:HCLTECH,LONG,35,2025-12-22T12:15:00+05:30,1670.7,2025-12-26T11:15:00+05:30,1657.7,golden_cross,death_cross,-455.0,192.62,11.65,34.95,-694.21,3.96
NSE:ADANIGREEN,SHORT,95,2025-12-24T14:15:00+05:30,1014.9,2025-12-26T11:15:00+05:30,1022.9,death_cross,golden_cross,-760.0,278.31,19.36,58.08,-1115.75,1.88
NSE:NIFTY,LONG,4.435235813006898,2025-12-19T11:15:00+05:30,25943.95,2025-12-26T12:15:00+05:30,26042.15,golden_cross,death_cross,435.54,77.58,4.61,23.06,330.29,7.04
NSE:INFY,LONG,30,2025-12-17T12:15:00+05:30,1604.4,2025-12-26T14:15:00+05:30,1655.3,golden_cross,death_cross,1527.0,171.68,9.78,29.34,1316.2,9.08
NSE:ADANIGREEN,LONG,90,2025-12-26T12:15:00+05:30,1023.9,2025-12-26T15:15:00+05:30,1016.0,golden_cross,death_cross,-711.0,79.48,18.36,55.08,-863.91,0.12
NSE:ITC,LONG,115,2025-12-22T09:15:00+05:30,402.6,2025-12-29T09:15:00+05:30,402.7,golden_cross,death_cross,11.5,166.04,9.26,27.78,-191.58,7.0
NSE:TATASTEEL,SHORT,555,2025-12-26T10:15:00+05:30,168.29,2025-12-29T09:15:00+05:30,172.7,death_cross,golden_cross,-2447.55,273.61,18.92,56.77,-2796.86,2.96
NSE:HINDUNILVR,SHORT,30,2025-12-26T09:15:00+05:30,2282.9,2025-12-29T11:15:00+05:30,2291.0,death_cross,golden_cross,-243.0,215.63,13.72,41.17,-513.51,3.08
NSE:TATACONSUM,SHORT,35,2025-12-24T14:15:00+05:30,1179.4,2025-12-29T11:15:00+05:30,1187.7,death_cross,golden_cross,-290.5,155.22,8.28,24.85,-478.85,4.88
NSE:HINDUNILVR,SHORT,30,2025-12-29T12:15:00+05:30,2286.1,2025-12-29T14:15:00+05:30,2291.2,death_cross,golden_cross,-153.0,71.38,13.73,41.2,-279.31,0.08
NSE:SBIN,SHORT,50,2025-12-23T09:15:00+05:30,974.8,2025-12-30T13:15:00+05:30,973.4,death_cross,golden_cross,70.0,171.37,9.74,29.22,-140.33,7.17
NSE:LT,SHORT,20,2025-12-24T11:15:00+05:30,4060.6,2025-12-30T14:15:00+05:30,4052.2,death_cross,golden_cross,168.0,243.42,16.23,48.68,-140.32,6.12
NSE:BANKNIFTY,SHORT,1.3399097089750247,2025-12-26T10:15:00+05:30,59078.75,2025-12-30T15:15:00+05:30,59253.95,death_cross,golden_cross,-234.75,68.04,3.17,15.86,-321.82,4.21
NSE:TATACONSUM,LONG,35,2025-12-29T12:15:00+05:30,1188.9,2025-12-30T15:15:00+05:30,1173.8,golden_cross,death_cross,-528.5,155.06,8.27,24.81,-716.64,1.12
NSE:ADANIGREEN,SHORT,90,2025-12-29T09:15:00+05:30,1011.9,2025-12-31T11:15:00+05:30,1016.8,death_cross,golden_cross,-441.0,266.05,18.26,54.77,-780.09,2.08
NSE:TATACONSUM,SHORT,35,2025-12-31T09:15:00+05:30,1179.0,2025-12-31T11:15:00+05:30,1183.1,death_cross,golden_cross,-143.5,61.75,8.27,24.8,-238.32,0.08
NSE:NIFTY,SHORT,4.43081609642863,2025-12-26T13:15:00+05:30,26044.15,2025-12-31T12:15:00+05:30,26155.35,death_cross,golden_cross,-492.71,77.59,4.63,23.13,-598.05,4.96
NSE:SENSEX,SHORT,1.2102115938365126,2025-12-26T12:15:00+05:30,85034.42,2025-12-31T12:15:00+05:30,85312.23,death_cross,golden_cross,-336.21,74.3,4.12,20.62,-435.25,5.0
NSE:BHARTIARTL,SHORT,25,2025-12-26T11:15:00+05:30,2110.7,2025-12-31T14:15:00+05:30,2105.0,death_cross,golden_cross,142.5,180.23,10.54,31.62,-79.89,5.12
NSE:WIPRO,SHORT,285,2025-12-26T09:15:00+05:30,268.66,2026-01-01T11:15:00+05:30,266.55,death_cross,golden_cross,601.35,232.59,15.25,45.76,307.75,6.08
NSE:HCLTECH,SHORT,35,2025-12-26T12:15:00+05:30,1657.2,2026-01-01T13:15:00+05:30,1642.8,death_cross,golden_cross,504.0,191.44,11.55,34.65,266.36,6.04
NSE:TATACONSUM,LONG,35,2025-12-31T12:15:00+05:30,1189.9,2026-01-01T14:15:00+05:30,1177.4,golden_cross,death_cross,-437.5,155.23,8.29,24.86,-625.88,1.08
NSE:HCLTECH,LONG,35,2026-01-01T14:15:00+05:30,1633.0,2026-01-02T09:15:00+05:30,1630.6,golden_cross,death_cross,-84.0,190.07,11.42,34.27,-319.76,0.79
NSE:INFY,SHORT,30,2025-12-26T15:15:00+05:30,1657.0,2026-01-02T10:15:00+05:30,1639.0,death_cross,golden_cross,540.0,172.97,9.89,29.66,327.48,6.79
NSE:ICICIBANK,SHORT,20,2025-12-26T09:15:00+05:30,1356.3,2026-01-02T12:15:00+05:30,1350.8,death_cross,golden_cross,110.0,123.29,5.41,16.24,-34.94,7.12
NSE:TCS,SHORT,15,2025-12-26T12:15:00+05:30,3285.0,2026-01-02T13:15:00+05:30,3243.6,death_cross,golden_cross,621.0,171.9,9.79,29.38,409.92,7.04
NSE:BHARTIARTL,LONG,25,2025-12-31T15:15:00+05:30,2107.0,2026-01-02T13:15:00+05:30,2105.1,golden_cross,death_cross,-47.5,180.15,10.53,31.59,-269.77,1.92
NSE:INFY,LONG,30,2026-01-02T11:15:00+05:30,1639.3,2026-01-05T09:15:00+05:30,1591.2,golden_cross,death_cross,-1443.0,170.93,9.69,29.07,-1652.7,2.92
NSE:TCS,LONG,15,2026-01-02T14:15:00+05:30,3250.6,2026-01-05T09:15:00+05:30,3211.1,golden_cross,death_cross,-592.5,170.88,9.69,29.08,-802.15,2.79
NSE:HCLTECH,LONG,35,2026-01-02T10:15:00+05:30,1640.5,2026-01-05T09:15:00+05:30,1599.7,golden_cross,death_cross,-1428.0,189.26,11.34,34.02,-1662.62,2.96
NSE:WIPRO,LONG,285,2026-01-01T12:15:00+05:30,266.9,2026-01-05T11:15:00+05:30,264.4,golden_cross,death_cross,-712.5,231.45,15.14,45.43,-1004.51,3.96
NSE:TATACONSUM,SHORT,35,2026-01-01T15:15:00+05:30,1173.3,2026-01-05T12:15:00+05:30,1185.8,death_cross,golden_cross,-437.5,154.92,8.26,24.77,-625.44,3.88
NSE:SENSEX,LONG,1.2006807035121378,2025-12-31T13:15:00+05:30,85348.0,2026-01-06T10:15:00+05:30,85128.32,golden_cross,death_cross,-263.77,74.11,4.09,20.47,-362.44,5.88
NSE:BHARTIARTL,SHORT,25,2026-01-02T14:15:00+05:30,2106.5,2026-01-06T10:15:00+05:30,2114.1,death_cross,golden_cross,-190.0,180.4,10.55,31.65,-412.6,3.83
NSE:NIFTY,LONG,4.387227238752118,2025-12-31T13:15:00+05:30,26167.0,2026-01-06T12:15:00+05:30,26174.7,golden_cross,death_cross,33.78,77.42,4.59,22.96,-71.2,5.96
NSE:TCS,SHORT,15,2026-01-05T10:15:00+05:30,3223.3,2026-01-06T12:15:00+05:30,3239.9,death_cross,golden_cross,-249.0,170.88,9.69,29.08,-458.66,1.08
NSE:ADANIGREEN,LONG,90,2025-12-31T12:15:00+05:30,1016.3,2026-01-06T13:15:00+05:30,1015.8,golden_cross,death_cross,-45.0,266.36,18.29,54.87,-384.52,6.04
NSE:HCLTECH,SHORT,35,2026-01-05T10:15:00+05:30,1602.2,2026-01-07T09:15:00+05:30,1642.0,death_cross,golden_cross,-1393.0,189.41,11.35,34.06,-1627.83,1.96
NSE:WIPRO,SHORT,285,2026-01-05T12:15:00+05:30,264.0,2026-01-07T09:15:00+05:30,271.0,death_cross,golden_cross,-1995.0,232.71,15.25,45.74,-2288.7,1.88
NSE:INFY,SHORT,30,2026-01-05T10:15:00+05:30,1600.5,2026-01-07T10:15:00+05:30,1632.8,death_cross,golden_cross,-969.0,170.99,9.7,29.1,-1178.79,2.0
NSE:LT,LONG,20,2025-12-30T15:15:00+05:30,4056.0,2026-01-07T10:15:00+05:30,4133.1,golden_cross,death_cross,1542.0,245.01,16.38,49.13,1231.47,7.79
NSE:BANKNIFTY,LONG,1.3283930541081321,2025-12-31T09:15:00+05:30,59349.4,2026-01-07T12:15:00+05:30,59895.05,golden_cross,death_cross,724.84,68.11,3.17,15.84,637.72,7.12
NSE:LT,SHORT,20,2026-01-07T11:15:00+05:30,4132.1,2026-01-07T15:15:00+05:30,4150.1,death_cross,golden_cross,-360.0,76.35,16.56,49.69,-502.61,0.17
NSE:TATASTEEL,LONG,525,2025-12-29T10:15:00+05:30,173.06,2026-01-08T09:15:00+05:30,181.39,golden_cross,death_cross,4373.25,269.59,18.61,55.83,4029.23,9.96
NSE:TCS,LONG,15,2026-01-06T13:15:00+05:30,3240.2,2026-01-08T11:15:00+05:30,3221.7,golden_cross,death_cross,-277.5,170.86,9.69,29.08,-487.13,1.92
NSE:SBIN,LONG,50,2025-12-30T14:15:00+05:30,973.2,2026-01-08T11:15:00+05:30,998.75,golden_cross,death_cross,1277.5,172.6,9.86,29.58,1065.46,8.88
NSE:LT,LONG,20,2026-01-08T09:15:00+05:30,4159.8,2026-01-08T11:15:00+05:30,4124.7,golden_cross,death_cross,-702.0,76.32,16.57,49.71,-844.6,0.08
NSE:WIPRO,LONG,270,2026-01-07T10:15:00+05:30,270.65,2026-01-08T12:15:00+05:30,263.7,golden_cross,death_cross,-1876.5,223.59,14.43,43.28,-2157.8,1.08
NSE:INFY,LONG,30,2026-01-07T11:15:00+05:30,1629.1,2026-01-08T13:15:00+05:30,1613.0,golden_cross,death_cross,-483.0,171.25,9.73,29.18,-693.15,1.08
NSE:HINDUNILVR,LONG,30,2025-12-29T15:15:00+05:30,2295.9,2026-01-09T10:15:00+05:30,2372.5,golden_cross,death_cross,2298.0,218.59,14.01,42.02,2023.39,10.79
NSE:TATACONSUM,LONG,30,2026-01-05T13:15:00+05:30,1184.5,2026-01-09T11:15:00+05:30,1190.8,golden_cross,death_cross,189.0,142.3,7.13,21.38,18.2,3.92
NSE:ICICIBANK,LONG,20,2026-01-02T13:15:00+05:30,1352.2,2026-01-09T13:15:00+05:30,1403.8,golden_cross,death_cross,1032.0,124.3,5.51,16.54,885.65,7.0
NSE:SBIN,SHORT,50,2026-01-08T12:15:00+05:30,998.8,2026-01-12T13:15:00+05:30,1012.25,death_cross,golden_cross,-672.5,174.92,10.06,30.17,-887.64,4.04
NSE:HINDUNILVR,SHORT,30,2026-01-09T11:15:00+05:30,2371.4,2026-01-12T13:15:00+05:30,2402.2,death_cross,golden_cross,-924.0,222.34,14.32,42.96,-1203.62,3.08
NSE:ICICIBANK,SHORT,20,2026-01-09T14:15:00+05:30,1403.9,2026-01-12T15:15:00+05:30,1420.0,death_cross,golden_cross,-322.0,125.91,5.65,16.94,-470.51,3.04
NSE:TATASTEEL,SHORT,525,2026-01-08T10:15:00+05:30,180.24,2026-01-12T15:15:00+05:30,183.3,death_cross,golden_cross,-1606.5,275.34,19.09,57.26,-1958.18,4.21
NSE:TCS,SHORT,15,2026-01-08T12:15:00+05:30,3218.7,2026-01-13T09:15:00+05:30,3240.0,death_cross,golden_cross,-319.5,170.81,9.69,29.06,-529.06,4.88
NSE:HINDUNILVR,LONG,25,2026-01-12T14:15:00+05:30,2407.9,2026-01-13T13:15:00+05:30,2372.3,golden_cross,death_cross,-890.0,195.99,11.95,35.85,-1133.8,0.96
NSE:BANKNIFTY,SHORT,1.3282649999702834,2026-01-07T13:15:00+05:30,59833.8,2026-01-14T10:15:00+05:30,59575.0,death_cross,golden_cross,343.75,68.1,3.17,15.86,256.62,6.88
NSE:TCS,LONG,15,2026-01-13T10:15:00+05:30,3260.2,2026-01-14T12:15:00+05:30,3205.4,golden_cross,death_cross,-822.0,170.96,9.7,29.1,-1031.76,1.08
NSE:INFY,SHORT,30,2026-01-08T14:15:00+05:30,1613.4,2026-01-16T09:15:00+05:30,1673.7,death_cross,golden_cross,-1809.0,172.85,9.86,29.58,-2021.29,7.79
NSE:ICICIBANK,LONG,20,2026-01-13T09:15:00+05:30,1422.7,2026-01-16T09:15:00+05:30,1413.4,golden_cross,death_cross,-186.0,126.17,5.67,17.02,-334.86,3.0
NSE:WIPRO,SHORT,270,2026-01-08T13:15:00+05:30,262.9,2026-01-16T09:15:00+05:30,268.95,death_cross,golden_cross,-1633.5,222.82,14.36,43.08,-1913.76,7.83
NSE:NIFTY,SHORT,4.39019375560851,2026-01-06T13:15:00+05:30,26133.15,2026-01-16T11:15:00+05:30,25824.65,death_cross,golden_cross,1354.37,77.34,4.56,22.81,1249.66,9.92
NSE:SENSEX,SHORT,1.2006852324698307,2026-01-06T11:15:00+05:30,85046.72,2026-01-16T11:15:00+05:30,83986.29,death_cross,golden_cross,1273.24,74.02,4.06,20.3,1174.87,10.0
NSE:TATACONSUM,SHORT,30,2026-01-09T12:15:00+05:30,1185.9,2026-01-16T12:15:00+05:30,1189.8,death_cross,golden_cross,-117.0,142.34,7.13,21.38,-287.85,7.0
NSE:NIFTY,LONG,4.509674214072133,2026-01-16T12:15:00+05:30,25717.05,2026-01-16T13:15:00+05:30,25688.05,golden_cross,death_cross,-130.78,77.69,4.64,23.18,-236.29,0.04
NSE:WIPRO,LONG,255,2026-01-16T10:15:00+05:30,267.75,2026-01-19T09:15:00+05:30,250.0,golden_cross,death_cross,-4526.25,210.18,13.2,39.61,-4789.24,2.96
NSE:HINDUNILVR,SHORT,25,2026-01-13T14:15:00+05:30,2389.8,2026-01-19T10:15:00+05:30,2392.3,death_cross,golden_cross,-62.5,195.98,11.96,35.87,-306.31,5.83
NSE:TATACONSUM,LONG,30,2026-01-16T13:15:00+05:30,1190.0,2026-01-19T11:15:00+05:30,1180.5,golden_cross,death_cross,-285.0,142.18,7.11,21.33,-455.62,2.92
NSE:TATASTEEL,LONG,510,2026-01-13T09:15:00+05:30,182.24,2026-01-20T11:15:00+05:30,185.27,golden_cross,death_cross,1545.3,271.29,18.74,56.23,1199.04,7.08
NSE:BANKNIFTY,LONG,1.338284814473963,2026-01-14T11:15:00+05:30,59577.0,2026-01-20T12:15:00+05:30,59674.95,golden_cross,death_cross,131.08,68.21,3.19,15.96,43.72,6.04
NSE:TATACONSUM,SHORT,30,2026-01-19T12:15:00+05:30,1178.8,2026-01-20T12:15:00+05:30,1200.8,death_cross,golden_cross,-660.0,142.51,7.14,21.42,-831.06,1.0
NSE:HCLTECH,LONG,30,2026-01-07T10:15:00+05:30,1640.3,2026-01-21T09:15:00+05:30,1678.9,golden_cross,death_cross,1158.0,173.69,9.96,29.87,944.48,13.96
NSE:INFY,LONG,30,2026-01-16T10:15:00+05:30,1684.8,2026-01-21T10:15:00+05:30,1639.4,golden_cross,death_cross,-1362.0,174.05,9.97,29.92,-1575.94,5.0
NSE:SBIN,LONG,50,2026-01-12T14:15:00+05:30,1015.0,2026-01-21T10:15:00+05:30,1027.5,golden_cross,death_cross,625.0,176.57,10.21,30.64,407.58,8.83
NSE:TATACONSUM,LONG,30,2026-01-20T13:15:00+05:30,1196.1,2026-01-21T11:15:00+05:30,1179.3,golden_cross,death_cross,-504.0,142.36,7.13,21.38,-674.86,0.92
NSE:HINDUNILVR,LONG,25,2026-01-19T11:15:00+05:30,2397.5,2026-01-21T12:15:00+05:30,2385.1,golden_cross,death_cross,-310.0,196.02,11.96,35.87,-553.84,2.04
NSE:SBIN,SHORT,50,2026-01-21T11:15:00+05:30,1028.0,2026-01-22T10:15:00+05:30,1043.35,death_cross,golden_cross,-767.5,178.27,10.36,31.07,-987.2,0.96
NSE:TATASTEEL,SHORT,510,2026-01-20T12:15:00+05:30,185.25,2026-01-22T10:15:00+05:30,188.6,death_cross,golden_cross,-1708.5,275.13,19.07,57.2,-2059.89,1.92
NSE:INFY,SHORT,30,2026-01-21T11:15:00+05:30,1647.5,2026-01-22T11:15:00+05:30,1660.4,death_cross,golden_cross,-387.0,173.43,9.92,29.77,-600.13,1.0
NSE:HCLTECH,SHORT,30,2026-01-21T10:15:00+05:30,1676.0,2026-01-22T11:15:00+05:30,1698.5,death_cross,golden_cross,-675.0,175.68,10.12,30.37,-891.17,1.04
NSE:INFY,SHORT,25,2026-01-22T12:15:00+05:30,1655.2,2026-01-22T14:15:00+05:30,1663.2,death_cross,golden_cross,-200.0,61.8,8.3,24.89,-294.98,0.08
NSE:TCS,SHORT,15,2026-01-14T13:15:00+05:30,3189.3,2026-01-23T09:15:00+05:30,3180.8,death_cross,golden_cross,127.5,169.3,9.56,28.67,-80.02,8.83
NSE:HINDUNILVR,SHORT,25,2026-01-21T13:15:00+05:30,2364.9,2026-01-23T09:15:00+05:30,2407.5,death_cross,golden_cross,-1065.0,195.79,11.93,35.79,-1308.51,1.83
NSE:SBIN,LONG,45,2026-01-22T11:15:00+05:30,1043.0,2026-01-23T15:15:00+05:30,1028.4,golden_cross,death_cross,-657.0,166.76,9.32,27.96,-861.05,1.17
NSE:TCS,LONG,15,2026-01-23T10:15:00+05:30,3188.6,2026-01-27T12:15:00+05:30,3140.9,golden_cross,death_cross,-715.5,168.69,9.49,28.48,-922.16,4.08
NSE:SBIN,SHORT,45,2026-01-27T09:15:00+05:30,1041.0,2026-01-27T13:15:00+05:30,1044.1,death_cross,golden_cross,-139.5,63.72,9.38,28.15,-240.75,0.17
NSE:TCS,SHORT,15,2026-01-27T13:15:00+05:30,3142.7,2026-01-27T15:15:00+05:30,3167.0,death_cross,golden_cross,-364.5,63.84,9.46,28.39,-466.2,0.08
NSE:ICICIBANK,SHORT,20,2026-01-16T10:15:00+05:30,1416.0,2026-01-27T15:15:00+05:30,1367.1,death_cross,golden_cross,978.0,124.91,5.57,16.7,830.83,11.21
NSE:TATACONSUM,SHORT,30,2026-01-21T12:15:00+05:30,1173.5,2026-01-27T15:15:00+05:30,1189.5,death_cross,golden_cross,-480.0,141.94,7.09,21.27,-650.3,6.12
NSE:LT,SHORT,20,2026-01-08T12:15:00+05:30,4112.0,2026-01-27T15:15:00+05:30,3804.5,death_cross,golden_cross,6150.0,238.61,15.83,47.5,5848.06,19.12
NSE:BANKNIFTY,SHORT,1.3410175171626904,2026-01-20T13:15:00+05:30,59488.1,2026-01-28T09:15:00+05:30,59447.45,death_cross,golden_cross,54.51,68.19,3.19,15.95,-32.82,7.83
NSE:HINDUNILVR,LONG,25,2026-01-23T10:15:00+05:30,2424.7,2026-01-28T09:15:00+05:30,2362.6,golden_cross,death_cross,-1552.5,196.24,11.97,35.9,-1796.61,4.96
NSE:NIFTY,SHORT,4.506576694976392,2026-01-16T14:15:00+05:30,25682.45,2026-01-28T11:15:00+05:30,25313.8,death_cross,golden_cross,1661.35,77.59,4.6,22.98,1556.18,11.88
NSE:SENSEX,SHORT,1.2350791504546696,2026-01-16T12:15:00+05:30,83626.78,2026-01-28T11:15:00+05:30,82291.76,death_cross,golden_cross,1648.86,74.31,4.1,20.49,1549.95,11.96
NSE:INFY,LONG,25,2026-01-22T15:15:00+05:30,1662.8,2026-01-28T12:15:00+05:30,1654.5,golden_cross,death_cross,-207.5,155.3,8.29,24.88,-395.98,5.88
NSE:TCS,LONG,15,2026-01-28T09:15:00+05:30,3183.9,2026-01-29T11:15:00+05:30,3132.2,golden_cross,death_cross,-775.5,168.47,9.47,28.42,-981.86,1.08
NSE:WIPRO,SHORT,260,2026-01-19T10:15:00+05:30,248.5,2026-01-29T13:15:00+05:30,240.3,death_cross,golden_cross,2132.0,204.19,12.71,38.13,1876.97,10.12
NSE:ADANIGREEN,SHORT,90,2026-01-06T14:15:00+05:30,1019.7,2026-01-29T13:15:00+05:30,858.0,death_cross,golden_cross,14553.0,249.83,16.9,50.7,14235.57,22.96
NSE:HCLTECH,LONG,30,2026-01-22T12:15:00+05:30,1697.3,2026-01-30T10:15:00+05:30,1697.0,golden_cross,death_cross,-9.0,176.29,10.18,30.55,-226.02,7.92
NSE:WIPRO,LONG,275,2026-01-29T14:15:00+05:30,239.95,2026-01-30T11:15:00+05:30,236.85,golden_cross,death_cross,-852.5,208.9,13.11,39.34,-1113.85,0.88
NSE:ICICIBANK,LONG,20,2026-01-28T09:15:00+05:30,1370.3,2026-01-30T14:15:00+05:30,1355.8,golden_cross,death_cross,-290.0,123.74,5.45,16.36,-435.55,2.21
NSE:ITC,SHORT,115,2025-12-29T10:15:00+05:30,402.0,2026-01-30T14:15:00+05:30,322.05,death_cross,golden_cross,9194.25,154.97,8.33,24.98,9005.98,32.17
NSE:TATASTEEL,LONG,490,2026-01-22T11:15:00+05:30,188.37,2026-01-30T14:15:00+05:30,193.16,golden_cross,death_cross,2347.1,270.7,18.69,56.08,2001.62,8.12
NSE:BHARTIARTL,SHORT,25,2026-01-06T11:15:00+05:30,2094.4,2026-02-01T10:15:00+05:30,1973.0,death_cross,golden_cross,3035.0,175.9,10.17,30.51,2818.43,25.96
NSE:BANKNIFTY,LONG,1.3386503497556277,2026-01-28T10:15:00+05:30,59568.85,2026-02-01T12:15:00+05:30,58958.6,golden_cross,death_cross,-816.91,68.01,3.17,15.87,-903.96,4.08
NSE:NIFTY,LONG,4.640381982495666,2026-01-28T12:15:00+05:30,25276.25,2026-02-01T12:15:00+05:30,25119.95,golden_cross,death_cross,-725.29,77.91,4.68,23.39,-831.26,4.0
NSE:SENSEX,LONG,1.2762892753526789,2026-01-28T12:15:00+05:30,82137.34,2026-02-01T12:15:00+05:30,81724.97,golden_cross,death_cross,-526.3,74.67,4.18,20.91,-626.07,4.0
NSE:TCS,SHORT,15,2026-01-29T12:15:00+05:30,3145.0,2026-02-01T12:15:00+05:30,3187.3,death_cross,golden_cross,-634.5,168.73,9.5,28.5,-841.22,3.0
NSE:SBIN,LONG,45,2026-01-27T14:15:00+05:30,1053.2,2026-02-01T12:15:00+05:30,1044.9,golden_cross,death_cross,-373.5,168.07,9.44,28.32,-579.34,4.92
NSE:ITC,LONG,175,2026-01-30T15:15:00+05:30,322.3,2026-02-01T12:15:00+05:30,315.25,golden_cross,death_cross,-1233.75,187.2,11.16,33.47,-1465.58,1.88
NSE:WIPRO,SHORT,275,2026-01-30T12:15:00+05:30,236.25,2026-02-01T12:15:00+05:30,243.21,death_cross,golden_cross,-1914.0,209.79,13.19,39.56,-2176.53,2.0
NSE:BHARTIARTL,LONG,25,2026-02-01T11:15:00+05:30,1966.8,2026-02-01T12:15:00+05:30,1939.3,golden_cross,death_cross,-687.5,64.33,9.77,29.3,-790.89,0.04
NSE:ADANIGREEN,LONG,125,2026-01-29T14:15:00+05:30,858.9,2026-02-01T14:15:00+05:30,806.55,golden_cross,death_cross,-6543.75,294.96,20.82,62.45,-6921.98,3.0
NSE:LT,LONG,20,2026-01-28T09:15:00+05:30,3812.3,2026-02-01T15:15:00+05:30,3800.0,golden_cross,death_cross,-246.0,232.33,15.22,45.67,-539.23,4.25
NSE:LT,SHORT,20,2026-02-02T09:15:00+05:30,3896.9,2026-02-02T12:15:00+05:30,3917.8,death_cross,golden_cross,-418.0,74.7,15.63,46.89,-555.21,0.12
NSE:NIFTY,SHORT,4.656318642861589,2026-02-01T13:15:00+05:30,25011.75,2026-02-03T09:15:00+05:30,25671.0,death_cross,golden_cross,-3069.68,77.98,4.72,23.6,-3175.98,1.83
NSE:SENSEX,SHORT,1.280757753725507,2026-02-01T13:15:00+05:30,81363.4,2026-02-03T09:15:00+05:30,83575.78,death_cross,golden_cross,-2833.52,74.74,4.22,21.12,-2933.62,1.83
NSE:ICICIBANK,SHORT,20,2026-01-30T15:15:00+05:30,1357.0,2026-02-03T09:15:00+05:30,1390.1,death_cross,golden_cross,-662.0,124.23,5.49,16.48,-808.21,3.75
NSE:ADANIGREEN,SHORT,125,2026-02-01T15:15:00+05:30,807.5,2026-02-03T09:15:00+05:30,926.4,death_cross,golden_cross,-14862.5,305.09,21.67,65.02,-15254.28,1.75
NSE:BHARTIARTL,SHORT,25,2026-02-01T13:15:00+05:30,1947.6,2026-02-03T09:15:00+05:30,1988.0,death_cross,golden_cross,-1010.0,172.54,9.84,29.52,-1221.9,1.83
NSE:BANKNIFTY,SHORT,1.3417668192042695,2026-02-01T13:15:00+05:30,58758.8,2026-02-03T10:15:00+05:30,60131.45,death_cross,golden_cross,-1841.78,68.03,3.19,15.95,-1928.95,1.88
NSE:INFY,SHORT,25,2026-01-28T13:15:00+05:30,1656.5,2026-02-03T10:15:00+05:30,1671.8,death_cross,golden_cross,-382.5,155.62,8.32,24.96,-571.4,5.88
NSE:HCLTECH,SHORT,30,2026-01-30T11:15:00+05:30,1699.0,2026-02-03T10:15:00+05:30,1710.5,death_cross,golden_cross,-345.0,176.82,10.23,30.69,-562.73,3.96
NSE:TATACONSUM,SHORT,30,2026-01-28T09:15:00+05:30,1129.0,2026-02-03T10:15:00+05:30,1149.0,death_cross,golden_cross,-600.0,139.12,6.83,20.5,-766.45,6.04
NSE:TATASTEEL,SHORT,490,2026-01-30T15:15:00+05:30,192.58,2026-02-03T11:15:00+05:30,193.76,death_cross,golden_cross,-578.2,273.54,18.93,56.79,-927.46,3.83
NSE:HINDUNILVR,SHORT,25,2026-01-28T10:15:00+05:30,2370.1,2026-02-03T11:15:00+05:30,2382.4,death_cross,golden_cross,-307.5,195.18,11.88,35.64,-550.21,6.04
NSE:SBIN,SHORT,45,2026-02-01T13:15:00+05:30,1029.9,2026-02-03T12:15:00+05:30,1059.1,death_cross,golden_cross,-1314.0,167.69,9.4,28.2,-1519.29,1.96
NSE:ITC,SHORT,175,2026-02-01T13:15:00+05:30,313.05,2026-02-03T14:15:00+05:30,316.3,death_cross,golden_cross,-568.75,185.56,11.01,33.04,-798.36,2.04
NSE:INFY,LONG,25,2026-02-03T11:15:00+05:30,1673.9,2026-02-04T09:15:00+05:30,1550.1,golden_cross,death_cross,-3095.0,152.93,8.06,24.18,-3280.17,0.92
NSE:HCLTECH,LONG,30,2026-02-03T11:15:00+05:30,1718.0,2026-02-04T09:15:00+05:30,1610.3,golden_cross,death_cross,-3231.0,174.33,9.98,29.95,-3445.27,0.92
NSE:WIPRO,LONG,255,2026-02-01T13:15:00+05:30,244.04,2026-02-04T09:15:00+05:30,233.7,golden_cross,death_cross,-2636.7,198.7,12.18,36.55,-2884.13,2.83
NSE:TCS,LONG,15,2026-02-01T13:15:00+05:30,3200.0,2026-02-04T10:15:00+05:30,3031.4,golden_cross,death_cross,-2529.0,167.19,9.35,28.04,-2733.58,2.88
NSE:ITC,LONG,170,2026-02-03T15:15:00+05:30,316.95,2026-02-04T10:15:00+05:30,313.1,golden_cross,death_cross,-654.5,182.2,10.71,32.13,-879.54,0.79
NSE:HINDUNILVR,LONG,25,2026-02-03T12:15:00+05:30,2380.4,2026-02-05T15:15:00+05:30,2356.0,golden_cross,death_cross,-610.0,194.76,11.84,35.52,-852.12,2.12
NSE:ITC,SHORT,165,2026-02-04T11:15:00+05:30,313.6,2026-02-06T11:15:00+05:30,325.05,death_cross,golden_cross,-1889.25,180.37,10.54,31.61,-2111.77,2.0
NSE:HINDUNILVR,SHORT,25,2026-02-06T09:15:00+05:30,2339.0,2026-02-06T12:15:00+05:30,2381.3,death_cross,golden_cross,-1057.5,67.88,11.8,35.4,-1172.58,0.12
NSE:SBIN,LONG,40,2026-02-03T13:15:00+05:30,1065.1,2026-02-06T13:15:00+05:30,1058.9,golden_cross,death_cross,-248.0,157.56,8.5,25.49,-439.54,3.0
NSE:ICICIBANK,LONG,20,2026-02-03T10:15:00+05:30,1393.5,2026-02-09T13:15:00+05:30,1391.8,golden_cross,death_cross,-34.0,125.03,5.57,16.71,-181.32,6.12
NSE:ICICIBANK,SHORT,20,2026-02-09T14:15:00+05:30,1395.6,2026-02-10T10:15:00+05:30,1399.9,death_cross,golden_cross,-86.0,125.27,5.59,16.77,-233.63,0.83
NSE:TATACONSUM,LONG,30,2026-02-03T11:15:00+05:30,1155.9,2026-02-10T14:15:00+05:30,1151.9,golden_cross,death_cross,-120.0,140.07,6.92,20.77,-287.77,7.12
NSE:BHARTIARTL,LONG,25,2026-02-03T10:15:00+05:30,2001.5,2026-02-10T14:15:00+05:30,2012.1,golden_cross,death_cross,265.0,174.61,10.03,30.1,50.25,7.17
NSE:ITC,LONG,155,2026-02-06T12:15:00+05:30,325.0,2026-02-11T11:15:00+05:30,318.0,golden_cross,death_cross,-1085.0,173.96,9.97,29.9,-1298.83,4.96
NSE:SENSEX,LONG,1.2060194973112377,2026-02-03T10:15:00+05:30,83980.37,2026-02-12T12:15:00+05:30,83803.12,golden_cross,death_cross,-213.77,73.81,4.05,20.24,-311.86,9.08
NSE:HINDUNILVR,LONG,25,2026-02-06T13:15:00+05:30,2402.0,2026-02-12T12:15:00+05:30,2418.6,golden_cross,death_cross,415.0,197.02,12.05,36.15,169.78,5.96
NSE:NIFTY,LONG,4.394016510835922,2026-02-03T10:15:00+05:30,25784.2,2026-02-12T14:15:00+05:30,25807.45,golden_cross,death_cross,102.16,77.04,4.53,22.67,-2.08,9.17
NSE:BANKNIFTY,LONG,1.2784383021040946,2026-02-03T11:15:00+05:30,60165.15,2026-02-13T10:15:00+05:30,60314.6,golden_cross,death_cross,191.06,67.49,3.08,15.4,105.09,9.96
NSE:ADANIGREEN,LONG,90,2026-02-03T10:15:00+05:30,933.6,2026-02-13T10:15:00+05:30,954.95,golden_cross,death_cross,1921.5,251.86,17.0,50.99,1601.65,10.0
NSE:TATASTEEL,LONG,480,2026-02-03T12:15:00+05:30,193.74,2026-02-13T13:15:00+05:30,204.69,golden_cross,death_cross,5256.0,275.25,19.12,57.37,4904.25,10.04
NSE:ICICIBANK,LONG,15,2026-02-10T11:15:00+05:30,1398.4,2026-02-16T10:15:00+05:30,1405.9,golden_cross,death_cross,112.5,109.86,4.21,12.62,-14.19,5.96
NSE:BANKNIFTY,SHORT,1.2772756317855665,2026-02-13T11:15:00+05:30,60301.95,2026-02-16T13:15:00+05:30,60782.8,death_cross,golden_cross,-614.18,67.5,3.09,15.47,-700.23,3.08
NSE:ADANIGREEN,SHORT,90,2026-02-13T11:15:00+05:30,953.95,2026-02-16T13:15:00+05:30,992.45,death_cross,golden_cross,-3465.0,258.05,17.52,52.55,-3793.12,3.08
NSE:BHARTIARTL,SHORT,25,2026-02-10T15:15:00+05:30,2011.5,2026-02-16T14:15:00+05:30,2029.6,death_cross,golden_cross,-452.5,175.43,10.1,30.31,-668.34,5.96
NSE:ITC,SHORT,155,2026-02-11T12:15:00+05:30,317.15,2026-02-17T09:15:00+05:30,326.0,death_cross,golden_cross,-1371.75,174.01,9.97,29.91,-1585.63,5.88
NSE:NIFTY,SHORT,4.391900475369152,2026-02-12T15:15:00+05:30,25796.15,2026-02-17T12:15:00+05:30,25736.35,death_cross,golden_cross,262.64,77.01,4.53,22.63,158.47,4.88
NSE:SENSEX,SHORT,1.2057720573696693,2026-02-12T13:15:00+05:30,83739.74,2026-02-17T12:15:00+05:30,83498.03,death_cross,golden_cross,291.45,73.76,4.03,20.17,193.49,4.96
NSE:INFY,SHORT,25,2026-02-04T10:15:00+05:30,1536.1,2026-02-17T12:15:00+05:30,1417.5,death_cross,golden_cross,2965.0,144.96,7.38,22.15,2790.5,13.08
NSE:TATACONSUM,SHORT,30,2026-02-10T15:15:00+05:30,1153.0,2026-02-17T14:15:00+05:30,1149.0,death_cross,golden_cross,120.0,139.86,6.91,20.72,-47.49,6.96
NSE:INFY,LONG,30,2026-02-17T13:15:00+05:30,1397.5,2026-02-18T09:15:00+05:30,1353.5,golden_cross,death_cross,-1320.0,154.94,8.25,24.76,-1507.95,0.83
NSE:TATASTEEL,SHORT,485,2026-02-13T14:15:00+05:30,203.23,2026-02-18T10:15:00+05:30,209.13,death_cross,golden_cross,-2861.5,285.58,20.0,60.0,-3227.08,4.83
NSE:BHARTIARTL,LONG,25,2026-02-16T15:15:00+05:30,2030.0,2026-02-19T10:15:00+05:30,2015.3,golden_cross,death_cross,-367.5,175.54,10.11,30.34,-583.49,2.79
NSE:NIFTY,LONG,4.419474904727062,2026-02-17T13:15:00+05:30,25670.95,2026-02-19T12:15:00+05:30,25624.55,golden_cross,death_cross,-205.06,77.01,4.53,22.67,-309.28,1.96
NSE:SENSEX,LONG,1.2144047404614366,2026-02-17T13:15:00+05:30,83303.32,2026-02-19T12:15:00+05:30,83037.57,golden_cross,death_cross,-322.73,73.75,4.04,20.2,-420.72,1.96
NSE:ADANIGREEN,LONG,85,2026-02-16T14:15:00+05:30,991.6,2026-02-19T13:15:00+05:30,984.5,golden_cross,death_cross,-603.5,249.83,16.8,50.39,-920.51,2.96
NSE:BANKNIFTY,LONG,1.252620923743636,2026-02-16T14:15:00+05:30,60931.5,2026-02-19T15:15:00+05:30,60660.75,golden_cross,death_cross,-339.15,67.21,3.05,15.23,-424.64,3.04
NSE:SBIN,LONG,40,2026-02-06T14:15:00+05:30,1067.4,2026-02-20T09:15:00+05:30,1206.3,golden_cross,death_cross,5556.0,163.78,9.09,27.28,5355.84,13.79
NSE:BANKNIFTY,SHORT,1.2441392454770275,2026-02-20T09:15:00+05:30,61006.6,2026-02-20T13:15:00+05:30,61245.45,death_cross,golden_cross,-297.16,67.19,3.04,15.21,-382.6,0.17
NSE:SBIN,SHORT,40,2026-02-20T10:15:00+05:30,1203.5,2026-02-20T14:15:00+05:30,1216.0,death_cross,golden_cross,-500.0,64.2,9.68,29.03,-602.91,0.17
NSE:HINDUNILVR,SHORT,25,2026-02-12T13:15:00+05:30,2415.5,2026-02-23T09:15:00+05:30,2334.7,death_cross,golden_cross,2020.0,194.94,11.88,35.63,1777.56,10.83
NSE:ITC,LONG,145,2026-02-17T10:15:00+05:30,324.45,2026-02-23T10:15:00+05:30,326.4,golden_cross,death_cross,282.75,167.98,9.44,28.31,77.02,6.0
NSE:NIFTY,SHORT,4.4246213755293855,2026-02-19T13:15:00+05:30,25571.4,2026-02-23T11:15:00+05:30,25661.6,death_cross,golden_cross,-399.1,76.99,4.53,22.67,-503.3,3.92
NSE:ICICIBANK,SHORT,15,2026-02-16T11:15:00+05:30,1405.2,2026-02-23T11:15:00+05:30,1402.5,death_cross,golden_cross,40.5,109.93,4.21,12.63,-86.27,7.0
NSE:SENSEX,SHORT,1.215955107424906,2026-02-19T13:15:00+05:30,82852.14,2026-02-23T14:15:00+05:30,83279.78,death_cross,golden_cross,-519.99,73.74,4.04,20.2,-617.97,4.04
NSE:NIFTY,LONG,4.393778079691964,2026-02-23T12:15:00+05:30,25636.7,2026-02-24T09:15:00+05:30,25484.7,golden_cross,death_cross,-667.85,76.7,4.49,22.46,-771.51,0.88
NSE:SENSEX,LONG,1.2021537870753751,2026-02-23T15:15:00+05:30,83290.81,2026-02-24T09:15:00+05:30,82478.13,golden_cross,death_cross,-976.97,73.34,3.99,19.93,-1074.22,0.75
NSE:LT,LONG,20,2026-02-02T13:15:00+05:30,3909.9,2026-02-24T13:15:00+05:30,4259.8,golden_cross,death_cross,6998.0,244.17,16.34,49.02,6688.47,22.0
NSE:BANKNIFTY,LONG,1.2344516576490594,2026-02-20T14:15:00+05:30,61176.35,2026-02-24T14:15:00+05:30,61024.45,golden_cross,death_cross,-187.51,67.03,3.02,15.09,-272.65,4.0
NSE:BANKNIFTY,SHORT,1.2321007694370696,2026-02-24T15:15:00+05:30,61072.45,2026-02-25T09:15:00+05:30,61231.45,death_cross,golden_cross,-195.9,67.01,3.01,15.07,-281.0,0.75
NSE:BANKNIFTY,LONG,1.22633976987867,2026-02-25T10:15:00+05:30,61130.9,2026-02-25T11:15:00+05:30,61085.3,golden_cross,death_cross,-55.92,66.92,3.0,14.99,-140.82,0.04
NSE:SBIN,LONG,40,2026-02-20T15:15:00+05:30,1216.2,2026-02-25T11:15:00+05:30,1209.8,golden_cross,death_cross,-256.0,170.98,9.7,29.11,-465.8,4.83
NSE:ICICIBANK,SHORT,15,2026-02-23T12:15:00+05:30,1398.0,2026-02-25T13:15:00+05:30,1401.9,death_cross,golden_cross,-58.5,109.8,4.2,12.6,-185.1,2.04
NSE:TCS,SHORT,15,2026-02-04T11:15:00+05:30,3008.9,2026-02-26T11:15:00+05:30,2651.8,death_cross,golden_cross,5356.5,157.08,8.49,25.47,5165.45,22.0
NSE:TATACONSUM,LONG,30,2026-02-17T15:15:00+05:30,1148.0,2026-02-26T11:15:00+05:30,1159.0,golden_cross,death_cross,330.0,140.01,6.92,20.76,162.3,8.83
NSE:ICICIBANK,LONG,15,2026-02-25T14:15:00+05:30,1399.5,2026-02-27T10:15:00+05:30,1389.4,golden_cross,death_cross,-151.5,109.63,4.18,12.55,-277.86,1.83
NSE:HCLTECH,SHORT,30,2026-02-04T10:15:00+05:30,1610.2,2026-02-27T13:15:00+05:30,1391.2,death_cross,golden_cross,6570.0,162.69,9.0,27.01,6371.29,23.12
NSE:HINDUNILVR,LONG,25,2026-02-23T10:15:00+05:30,2342.4,2026-02-27T14:15:00+05:30,2339.5,golden_cross,death_cross,-72.5,193.2,11.7,35.11,-312.52,4.17
NSE:TCS,LONG,15,2026-02-26T12:15:00+05:30,2641.3,2026-03-02T09:15:00+05:30,2617.9,golden_cross,death_cross,-351.0,150.82,7.89,23.67,-533.37,3.88
NSE:HCLTECH,LONG,40,2026-02-27T14:15:00+05:30,1390.7,2026-03-02T09:15:00+05:30,1383.5,golden_cross,death_cross,-288.0,186.46,11.1,33.29,-518.85,2.79
NSE:TATASTEEL,LONG,455,2026-02-18T11:15:00+05:30,209.28,2026-03-02T10:15:00+05:30,209.96,golden_cross,death_cross,309.4,275.08,19.08,57.23,-41.98,11.96
NSE:INFY,SHORT,30,2026-02-18T10:15:00+05:30,1365.6,2026-03-04T11:15:00+05:30,1302.3,death_cross,golden_cross,1899.0,151.93,8.0,24.01,1715.06,14.04
NSE:BHARTIARTL,SHORT,25,2026-02-19T11:15:00+05:30,2005.7,2026-03-05T09:15:00+05:30,1907.6,death_cross,golden_cross,2452.5,171.66,9.78,29.35,2241.71,13.92
NSE:BHARTIARTL,LONG,25,2026-03-05T10:15:00+05:30,1920.0,2026-03-06T10:15:00+05:30,1887.4,golden_cross,death_cross,-815.0,168.96,9.52,28.56,-1022.04,1.0
NSE:INFY,LONG,35,2026-03-04T12:15:00+05:30,1304.7,2026-03-09T11:15:00+05:30,1296.5,golden_cross,death_cross,-287.0,164.32,9.1,27.31,-487.74,4.96
NSE:INFY,SHORT,35,2026-03-09T12:15:00+05:30,1300.9,2026-03-09T14:15:00+05:30,1315.8,death_cross,golden_cross,-521.5,63.28,9.16,27.48,-621.42,0.08
NSE:WIPRO,SHORT,255,2026-02-04T10:15:00+05:30,233.02,2026-03-09T14:15:00+05:30,198.96,death_cross,golden_cross,8685.3,184.89,11.02,33.05,8456.35,33.17
NSE:INFY,LONG,35,2026-03-09T15:15:00+05:30,1316.0,2026-03-10T10:15:00+05:30,1297.1,golden_cross,death_cross,-661.5,164.81,9.15,27.44,-862.89,0.79
NSE:ITC,SHORT,145,2026-02-23T11:15:00+05:30,324.65,2026-03-11T10:15:00+05:30,308.8,death_cross,golden_cross,2298.25,165.02,9.19,27.56,2096.49,15.96
NSE:HCLTECH,SHORT,40,2026-03-02T10:15:00+05:30,1377.2,2026-03-11T11:15:00+05:30,1363.0,death_cross,golden_cross,568.0,184.89,10.96,32.88,339.27,9.04
NSE:ITC,LONG,160,2026-03-11T11:15:00+05:30,308.9,2026-03-12T09:15:00+05:30,305.65,golden_cross,death_cross,-520.0,172.43,9.83,29.5,-731.76,0.92
NSE:ADANIGREEN,SHORT,85,2026-02-19T14:15:00+05:30,976.05,2026-03-12T11:15:00+05:30,869.35,death_cross,golden_cross,9069.5,236.76,15.69,47.06,8770.0,20.88
NSE:HCLTECH,SHORT,40,2026-03-11T12:15:00+05:30,1356.8,2026-03-12T14:15:00+05:30,1358.6,death_cross,golden_cross,-72.0,183.83,10.86,32.58,-299.28,1.08
NSE:HCLTECH,LONG,40,2026-03-12T15:15:00+05:30,1357.0,2026-03-13T09:15:00+05:30,1343.3,golden_cross,death_cross,-548.0,183.2,10.8,32.4,-774.4,0.75
NSE:ADANIGREEN,LONG,105,2026-03-12T12:15:00+05:30,872.4,2026-03-13T10:15:00+05:30,851.0,golden_cross,death_cross,-2247.0,264.38,18.1,54.29,-2583.77,0.92
NSE:WIPRO,LONG,345,2026-03-09T15:15:00+05:30,198.6,2026-03-13T12:15:00+05:30,197.39,golden_cross,death_cross,-417.45,214.97,13.66,40.98,-687.07,3.88
NSE:ADANIGREEN,SHORT,100,2026-03-13T11:15:00+05:30,861.1,2026-03-13T14:15:00+05:30,862.35,death_cross,golden_cross,-125.0,77.56,17.23,51.7,-271.5,0.12
NSE:HINDUNILVR,SHORT,25,2026-02-27T15:15:00+05:30,2340.0,2026-03-16T11:15:00+05:30,2166.7,death_cross,golden_cross,4332.5,188.0,11.27,33.8,4099.43,16.83
NSE:TATACONSUM,SHORT,30,2026-02-26T12:15:00+05:30,1162.0,2026-03-16T13:15:00+05:30,1090.3,death_cross,golden_cross,2151.0,138.05,6.76,20.27,1985.92,18.04
NSE:HINDUNILVR,SHORT,30,2026-03-16T12:15:00+05:30,2160.8,2026-03-16T14:15:00+05:30,2178.7,death_cross,golden_cross,-537.0,70.08,13.02,39.06,-659.16,0.08
NSE:ITC,SHORT,160,2026-03-12T10:15:00+05:30,306.75,2026-03-16T15:15:00+05:30,307.45,death_cross,golden_cross,-112.0,172.34,9.83,29.48,-323.65,4.21
NSE:ICICIBANK,SHORT,15,2026-02-27T11:15:00+05:30,1388.7,2026-03-17T10:15:00+05:30,1280.1,death_cross,golden_cross,1629.0,107.49,4.0,12.01,1505.49,17.96
NSE:ADANIGREEN,LONG,100,2026-03-13T15:15:00+05:30,863.0,2026-03-17T10:15:00+05:30,854.55,golden_cross,death_cross,-845.0,254.05,17.18,51.53,-1167.75,3.79
NSE:TATASTEEL,SHORT,455,2026-03-02T11:15:00+05:30,209.32,2026-03-17T11:15:00+05:30,191.17,death_cross,golden_cross,8258.25,265.0,18.22,54.67,7920.36,15.0
NSE:HINDUNILVR,LONG,30,2026-03-16T15:15:00+05:30,2165.4,2026-03-17T11:15:00+05:30,2151.8,golden_cross,death_cross,-408.0,207.08,12.95,38.85,-666.89,0.83
NSE:BHARTIARTL,SHORT,25,2026-03-06T11:15:00+05:30,1886.6,2026-03-17T12:15:00+05:30,1822.0,death_cross,golden_cross,1615.0,166.04,9.27,27.81,1411.88,11.04
NSE:SENSEX,SHORT,1.199877461394082,2026-02-24T10:15:00+05:30,82556.23,2026-03-17T13:15:00+05:30,76124.22,death_cross,golden_cross,7717.62,72.95,3.81,19.04,7621.83,21.12
NSE:NIFTY,SHORT,4.386161287334559,2026-02-24T10:15:00+05:30,25505.85,2026-03-17T14:15:00+05:30,23607.05,death_cross,golden_cross,8328.44,76.3,4.31,21.54,8226.3,21.17
NSE:ADANIGREEN,SHORT,100,2026-03-17T11:15:00+05:30,851.15,2026-03-17T14:15:00+05:30,869.9,death_cross,golden_cross,-1875.0,77.32,17.21,51.63,-2021.17,0.12
NSE:BANKNIFTY,SHORT,1.2288564393681805,2026-02-25T12:15:00+05:30,60891.45,2026-03-17T15:15:00+05:30,54838.75,death_cross,golden_cross,7437.9,66.58,2.84,14.22,7354.25,20.12
NSE:ITC,LONG,160,2026-03-17T09:15:00+05:30,306.05,2026-03-18T09:15:00+05:30,304.5,golden_cross,death_cross,-248.0,171.7,9.77,29.31,-458.78,1.0
NSE:HCLTECH,SHORT,40,2026-03-13T10:15:00+05:30,1348.1,2026-03-18T09:15:00+05:30,1366.6,death_cross,golden_cross,-740.0,183.85,10.86,32.58,-967.29,4.96
NSE:TATACONSUM,LONG,35,2026-03-16T14:15:00+05:30,1093.6,2026-03-18T09:15:00+05:30,1077.5,golden_cross,death_cross,-563.5,147.61,7.6,22.8,-741.51,1.79
NSE:INFY,SHORT,35,2026-03-10T11:15:00+05:30,1290.7,2026-03-18T10:15:00+05:30,1282.1,death_cross,golden_cross,301.0,163.17,9.0,27.01,101.81,7.96
NSE:TCS,SHORT,15,2026-03-02T10:15:00+05:30,2609.5,2026-03-18T10:15:00+05:30,2477.2,death_cross,golden_cross,1984.5,147.77,7.63,22.89,1806.21,16.0
NSE:LT,SHORT,20,2026-02-24T14:15:00+05:30,4259.1,2026-03-18T11:15:00+05:30,3617.7,death_cross,golden_cross,12828.0,237.23,15.75,47.26,12527.76,21.88
NSE:SBIN,SHORT,40,2026-02-25T12:15:00+05:30,1204.8,2026-03-18T13:15:00+05:30,1069.0,death_cross,golden_cross,5432.0,163.79,9.1,27.29,5231.83,21.04
NSE:ITC,LONG,155,2026-03-18T10:15:00+05:30,306.4,2026-03-18T14:15:00+05:30,304.1,golden_cross,death_cross,-356.5,63.84,9.46,28.39,-458.19,0.17
NSE:SBIN,LONG,50,2026-03-18T14:15:00+05:30,1070.2,2026-03-19T09:15:00+05:30,1052.0,golden_cross,death_cross,-910.0,181.11,10.61,31.83,-1133.55,0.79
NSE:BANKNIFTY,LONG,1.4996026081715153,2026-03-18T09:15:00+05:30,54787.25,2026-03-19T10:15:00+05:30,53760.6,golden_cross,death_cross,-1539.57,68.48,3.26,16.28,-1627.58,1.04
NSE:NIFTY,LONG,5.096798760579363,2026-03-17T15:15:00+05:30,23558.8,2026-03-19T10:15:00+05:30,23220.95,golden_cross,death_cross,-1721.95,78.42,4.77,23.84,-1828.99,1.79
NSE:SENSEX,LONG,1.4003594508551815,2026-03-17T14:15:00+05:30,76163.58,2026-03-19T10:15:00+05:30,74853.06,golden_cross,death_cross,-1835.2,74.86,4.23,21.15,-1935.44,1.83
NSE:INFY,LONG,35,2026-03-18T11:15:00+05:30,1281.0,2026-03-19T10:15:00+05:30,1231.1,golden_cross,death_cross,-1746.5,160.96,8.79,26.38,-1942.63,0.96
NSE:TCS,LONG,20,2026-03-18T11:15:00+05:30,2467.8,2026-03-19T10:15:00+05:30,2381.0,golden_cross,death_cross,-1736.0,171.02,9.7,29.09,-1945.81,0.96
NSE:LT,LONG,25,2026-03-18T12:15:00+05:30,3621.0,2026-03-19T10:15:00+05:30,3458.9,golden_cross,death_cross,-4052.5,260.12,17.7,53.1,-4383.42,0.92
NSE:ICICIBANK,LONG,20,2026-03-17T11:15:00+05:30,1280.3,2026-03-19T11:15:00+05:30,1268.2,golden_cross,death_cross,-242.0,119.79,5.1,15.29,-382.18,2.0
NSE:HCLTECH,LONG,40,2026-03-18T10:15:00+05:30,1373.8,2026-03-19T12:15:00+05:30,1324.0,golden_cross,death_cross,-1992.0,183.19,10.79,32.37,-2218.36,1.08
NSE:ADANIGREEN,LONG,95,2026-03-17T15:15:00+05:30,868.95,2026-03-19T13:15:00+05:30,858.65,golden_cross,death_cross,-978.5,245.58,16.41,49.24,-1289.73,1.92
NSE:SBIN,SHORT,50,2026-03-19T10:15:00+05:30,1047.7,2026-03-20T10:15:00+05:30,1074.0,death_cross,golden_cross,-1315.0,181.11,10.61,31.83,-1538.55,1.0
NSE:ADANIGREEN,SHORT,100,2026-03-19T14:15:00+05:30,852.4,2026-03-20T10:15:00+05:30,873.2,death_cross,golden_cross,-2080.0,255.04,17.26,51.77,-2404.06,0.83
NSE:ITC,SHORT,155,2026-03-18T15:15:00+05:30,304.0,2026-03-20T11:15:00+05:30,307.35,death_cross,golden_cross,-519.25,168.47,9.48,28.43,-725.62,1.83
NSE:HCLTECH,SHORT,40,2026-03-19T13:15:00+05:30,1322.8,2026-03-20T12:15:00+05:30,1340.5,death_cross,golden_cross,-708.0,181.56,10.65,31.96,-932.18,0.96
NSE:HCLTECH,LONG,40,2026-03-20T13:15:00+05:30,1345.7,2026-03-20T14:15:00+05:30,1330.8,golden_cross,death_cross,-596.0,66.0,10.71,32.12,-704.83,0.04
NSE:ITC,LONG,155,2026-03-20T12:15:00+05:30,306.45,2026-03-20T15:15:00+05:30,299.8,golden_cross,death_cross,-1030.75,63.65,9.4,28.19,-1131.98,0.12
NSE:INFY,SHORT,35,2026-03-19T11:15:00+05:30,1234.8,2026-03-23T09:15:00+05:30,1248.5,death_cross,golden_cross,-479.5,159.75,8.69,26.07,-674.01,3.92
NSE:SBIN,LONG,50,2026-03-20T11:15:00+05:30,1067.9,2026-03-23T09:15:00+05:30,1019.7,golden_cross,death_cross,-2410.0,179.3,10.44,31.31,-2631.05,2.92
NSE:BHARTIARTL,LONG,30,2026-03-17T13:15:00+05:30,1831.4,2026-03-23T09:15:00+05:30,1800.1,golden_cross,death_cross,-939.0,184.26,10.89,32.68,-1166.84,5.83
NSE:TATASTEEL,LONG,535,2026-03-17T12:15:00+05:30,192.2,2026-03-23T10:15:00+05:30,188.55,golden_cross,death_cross,-1952.75,289.63,20.37,61.11,-2323.87,5.92
NSE:TCS,SHORT,20,2026-03-19T11:15:00+05:30,2381.9,2026-03-24T11:15:00+05:30,2424.3,death_cross,golden_cross,-848.0,170.01,9.61,28.84,-1056.46,5.0
NSE:LT,SHORT,25,2026-03-19T11:15:00+05:30,3445.0,2026-03-24T13:15:00+05:30,3518.3,death_cross,golden_cross,-1832.5,256.71,17.41,52.22,-2158.85,5.08
NSE:NIFTY,SHORT,5.08267382622119,2026-03-19T11:15:00+05:30,23265.5,2026-03-25T09:15:00+05:30,23305.55,death_cross,golden_cross,-203.56,78.33,4.73,23.67,-310.3,5.92
NSE:SENSEX,SHORT,1.3953639328374539,2026-03-19T11:15:00+05:30,75053.35,2026-03-25T09:15:00+05:30,75274.75,death_cross,golden_cross,-308.93,74.78,4.2,20.98,-408.88,5.92
NSE:ICICIBANK,SHORT,20,2026-03-19T12:15:00+05:30,1266.9,2026-03-25T09:15:00+05:30,1265.4,death_cross,golden_cross,30.0,119.41,5.06,15.19,-109.67,5.88
NSE:TATASTEEL,SHORT,535,2026-03-23T11:15:00+05:30,188.25,2026-03-25T09:15:00+05:30,194.8,death_cross,golden_cross,-3504.25,291.12,20.49,61.48,-3877.34,1.92
NSE:HINDUNILVR,SHORT,30,2026-03-17T12:15:00+05:30,2157.6,2026-03-25T09:15:00+05:30,2135.3,death_cross,golden_cross,669.0,206.19,12.88,38.64,411.29,7.88
NSE:TATACONSUM,SHORT,30,2026-03-18T10:15:00+05:30,1084.3,2026-03-25T09:15:00+05:30,1065.4,death_cross,golden_cross,567.0,134.75,6.45,19.35,406.45,6.96
NSE:BANKNIFTY,SHORT,1.4902913646997622,2026-03-19T11:15:00+05:30,54040.7,2026-03-25T10:15:00+05:30,53987.2,death_cross,golden_cross,79.73,68.39,3.22,16.1,-7.98,5.96
NSE:ADANIGREEN,SHORT,95,2026-03-20T11:15:00+05:30,866.35,2026-03-25T10:15:00+05:30,864.8,death_cross,golden_cross,147.25,245.87,16.45,49.34,-164.4,4.96
NSE:SBIN,SHORT,50,2026-03-23T10:15:00+05:30,1018.9,2026-03-25T11:15:00+05:30,1065.0,death_cross,golden_cross,-2305.0,179.09,10.42,31.26,-2525.77,2.04
NSE:BHARTIARTL,SHORT,30,2026-03-23T10:15:00+05:30,1805.2,2026-03-25T11:15:00+05:30,1840.0,death_cross,golden_cross,-1044.0,184.73,10.94,32.81,-1272.47,2.04
NSE:TCS,LONG,20,2026-03-24T12:15:00+05:30,2414.0,2026-03-25T15:15:00+05:30,2377.9,golden_cross,death_cross,-722.0,169.68,9.58,28.75,-930.02,1.12
NSE:ITC,SHORT,155,2026-03-23T09:15:00+05:30,293.95,2026-03-25T15:15:00+05:30,295.75,death_cross,golden_cross,-279.0,164.72,9.14,27.42,-480.28,2.25
NSE:TCS,SHORT,20,2026-03-27T09:15:00+05:30,2408.0,2026-03-27T10:15:00+05:30,2413.7,death_cross,golden_cross,-114.0,64.18,9.64,28.93,-216.76,0.04
NSE:WIPRO,SHORT,345,2026-03-13T13:15:00+05:30,197.0,2026-03-27T10:15:00+05:30,190.59,death_cross,golden_cross,2211.45,211.56,13.37,40.12,1946.41,13.88
NSE:BANKNIFTY,LONG,1.488784553773607,2026-03-25T11:15:00+05:30,54090.05,2026-03-27T11:15:00+05:30,52492.15,golden_cross,death_cross,-2378.93,67.87,3.17,15.87,-2465.84,2.0
NSE:ADANIGREEN,LONG,95,2026-03-25T11:15:00+05:30,863.6,2026-03-27T11:15:00+05:30,832.55,golden_cross,death_cross,-2949.75,242.41,16.11,48.34,-3256.61,2.0
NSE:TATACONSUM,LONG,35,2026-03-25T10:15:00+05:30,1060.5,2026-03-27T11:15:00+05:30,1042.8,golden_cross,death_cross,-619.5,144.98,7.36,22.08,-793.93,2.04
NSE:SBIN,LONG,45,2026-03-25T12:15:00+05:30,1060.2,2026-03-27T12:15:00+05:30,1039.5,golden_cross,death_cross,-931.5,168.2,9.45,28.35,-1137.49,2.0
NSE:NIFTY,LONG,5.033237081324341,2026-03-25T10:15:00+05:30,23432.55,2026-03-27T13:15:00+05:30,22911.05,golden_cross,death_cross,-2624.83,77.66,4.67,23.33,-2730.48,2.12
NSE:SENSEX,LONG,1.377547466749637,2026-03-25T10:15:00+05:30,75728.12,2026-03-27T13:15:00+05:30,73889.32,golden_cross,death_cross,-2533.03,74.09,4.12,20.61,-2631.86,2.12
NSE:ICICIBANK,LONG,20,2026-03-25T10:15:00+05:30,1268.2,2026-03-27T13:15:00+05:30,1242.4,golden_cross,death_cross,-516.0,118.97,5.02,15.06,-655.05,2.12
NSE:HINDUNILVR,LONG,30,2026-03-25T10:15:00+05:30,2141.3,2026-03-27T13:15:00+05:30,2079.5,golden_cross,death_cross,-1854.0,203.98,12.66,37.99,-2108.63,2.12
NSE:TCS,LONG,20,2026-03-27T11:15:00+05:30,2414.6,2026-03-27T15:15:00+05:30,2387.5,golden_cross,death_cross,-542.0,64.07,9.6,28.81,-644.48,0.17
NSE:HCLTECH,LONG,35,2026-03-20T15:15:00+05:30,1339.9,2026-03-27T15:15:00+05:30,1360.1,golden_cross,death_cross,707.0,168.09,9.45,28.35,501.11,7.0
NSE:INFY,LONG,30,2026-03-23T10:15:00+05:30,1249.7,2026-03-30T09:15:00+05:30,1260.3,golden_cross,death_cross,318.0,146.78,7.53,22.59,141.1,6.96
NSE:TATASTEEL,LONG,495,2026-03-25T10:15:00+05:30,195.77,2026-03-30T09:15:00+05:30,190.0,golden_cross,death_cross,-2856.15,275.54,19.1,57.29,-3208.07,4.96
NSE:BHARTIARTL,LONG,25,2026-03-25T12:15:00+05:30,1836.2,2026-03-30T10:15:00+05:30,1796.4,golden_cross,death_cross,-995.0,164.12,9.08,27.24,-1195.45,4.92
NSE:WIPRO,LONG,365,2026-03-27T11:15:00+05:30,190.95,2026-03-30T13:15:00+05:30,187.81,golden_cross,death_cross,-1146.1,216.84,13.82,41.47,-1418.24,3.08
NSE:LT,LONG,25,2026-03-24T14:15:00+05:30,3518.7,2026-03-30T13:15:00+05:30,3510.8,golden_cross,death_cross,-197.5,258.43,17.57,52.72,-526.22,5.96
NSE:TATASTEEL,SHORT,490,2026-03-30T10:15:00+05:30,189.66,2026-04-01T09:15:00+05:30,197.72,death_cross,golden_cross,-3949.4,274.35,18.98,56.94,-4299.68,1.96
NSE:LT,SHORT,25,2026-03-30T14:15:00+05:30,3505.8,2026-04-01T09:15:00+05:30,3611.1,death_cross,golden_cross,-2632.5,261.04,17.79,53.38,-2964.71,1.79
NSE:INFY,SHORT,30,2026-03-30T10:15:00+05:30,1257.5,2026-04-01T10:15:00+05:30,1296.0,death_cross,golden_cross,-1155.0,148.34,7.66,22.98,-1333.98,2.0
NSE:TCS,SHORT,20,2026-03-30T09:15:00+05:30,2379.8,2026-04-01T10:15:00+05:30,2446.5,death_cross,golden_cross,-1334.0,170.49,9.65,28.96,-1543.1,2.04
NSE:WIPRO,SHORT,365,2026-03-30T14:15:00+05:30,187.87,2026-04-01T10:15:00+05:30,193.02,death_cross,golden_cross,-1879.75,217.76,13.9,41.71,-2153.12,1.83
NSE:ADANIGREEN,SHORT,95,2026-03-27T12:15:00+05:30,832.8,2026-04-01T12:15:00+05:30,853.95,death_cross,golden_cross,-2009.25,241.34,16.02,48.07,-2314.69,5.0
NSE:TATASTEEL,LONG,450,2026-04-01T10:15:00+05:30,197.13,2026-04-02T09:15:00+05:30,188.87,golden_cross,death_cross,-3717.0,256.43,17.37,52.11,-4042.91,0.96
NSE:LT,LONG,25,2026-04-01T10:15:00+05:30,3616.8,2026-04-02T10:15:00+05:30,3483.3,golden_cross,death_cross,-3337.5,260.63,17.75,53.25,-3669.13,1.0
NSE:INFY,LONG,30,2026-04-01T11:15:00+05:30,1297.7,2026-04-02T11:15:00+05:30,1266.4,golden_cross,death_cross,-939.0,148.68,7.69,23.08,-1118.45,1.0
NSE:ADANIGREEN,LONG,90,2026-04-01T13:15:00+05:30,853.0,2026-04-02T11:15:00+05:30,822.5,golden_cross,death_cross,-2745.0,230.9,15.08,45.24,-3036.22,0.92
NSE:HCLTECH,SHORT,35,2026-03-30T09:15:00+05:30,1346.6,2026-04-02T12:15:00+05:30,1378.2,death_cross,golden_cross,-1106.0,169.19,9.54,28.61,-1313.34,3.12
NSE:INFY,SHORT,30,2026-04-02T12:15:00+05:30,1273.6,2026-04-02T13:15:00+05:30,1294.5,death_cross,golden_cross,-627.0,60.71,7.7,23.11,-718.53,0.04
NSE:ADANIGREEN,SHORT,90,2026-04-02T12:15:00+05:30,822.1,2026-04-02T14:15:00+05:30,859.85,death_cross,golden_cross,-3397.5,73.5,15.14,45.41,-3531.55,0.08
NSE:LT,SHORT,25,2026-04-02T11:15:00+05:30,3504.3,2026-04-02T14:15:00+05:30,3616.8,death_cross,golden_cross,-2812.5,78.26,17.8,53.41,-2961.97,0.12
NSE:TATACONSUM,SHORT,35,2026-03-27T12:15:00+05:30,1049.8,2026-04-02T15:15:00+05:30,1044.9,death_cross,golden_cross,171.5,144.59,7.33,21.99,-2.41,6.12
NSE:TATASTEEL,SHORT,450,2026-04-02T10:15:00+05:30,188.68,2026-04-06T09:15:00+05:30,194.84,death_cross,golden_cross,-2772.0,255.12,17.26,51.78,-3096.15,3.96
NSE:BANKNIFTY,SHORT,1.483778480116981,2026-03-27T12:15:00+05:30,52615.65,2026-04-06T12:15:00+05:30,52224.25,death_cross,golden_cross,580.75,67.72,3.11,15.56,494.36,10.0
NSE:NIFTY,SHORT,5.050286802231649,2026-03-27T14:15:00+05:30,22814.4,2026-04-06T12:15:00+05:30,22860.7,death_cross,golden_cross,-233.83,77.53,4.61,23.07,-339.04,9.92
NSE:SENSEX,SHORT,1.3822220096176854,2026-03-27T14:15:00+05:30,73573.63,2026-04-06T12:15:00+05:30,73743.01,death_cross,golden_cross,-234.12,73.97,4.07,20.36,-332.53,9.92
NSE:SBIN,SHORT,45,2026-03-27T13:15:00+05:30,1036.8,2026-04-06T12:15:00+05:30,1026.0,death_cross,golden_cross,486.0,166.24,9.28,27.85,282.63,9.96
NSE:ITC,SHORT,155,2026-03-27T09:15:00+05:30,293.0,2026-04-06T12:15:00+05:30,293.45,death_cross,golden_cross,-69.75,164.15,9.09,27.27,-270.26,10.12
NSE:ICICIBANK,SHORT,20,2026-03-27T14:15:00+05:30,1234.4,2026-04-06T14:15:00+05:30,1233.6,death_cross,golden_cross,16.0,117.98,4.94,14.81,-121.72,10.0
NSE:HINDUNILVR,SHORT,30,2026-03-27T14:15:00+05:30,2071.5,2026-04-06T14:15:00+05:30,2084.3,death_cross,golden_cross,-384.0,201.7,12.47,37.4,-635.57,10.0
NSE:BHARTIARTL,SHORT,25,2026-03-30T11:15:00+05:30,1802.6,2026-04-07T09:15:00+05:30,1807.5,death_cross,golden_cross,-122.5,163.43,9.03,27.08,-322.03,7.92
NSE:INFY,LONG,30,2026-04-02T14:15:00+05:30,1304.7,2026-04-10T09:15:00+05:30,1289.0,golden_cross,death_cross,-471.0,149.63,7.78,23.34,-651.76,7.79
NSE:TCS,LONG,15,2026-04-01T11:15:00+05:30,2449.4,2026-04-10T12:15:00+05:30,2512.6,golden_cross,death_cross,948.0,145.77,7.44,22.33,772.46,9.04
NSE:HCLTECH,LONG,35,2026-04-02T13:15:00+05:30,1399.4,2026-04-13T10:15:00+05:30,1423.4,golden_cross,death_cross,840.0,172.85,9.88,29.64,627.63,10.88
NSE:ITC,LONG,155,2026-04-06T13:15:00+05:30,293.75,2026-04-13T12:15:00+05:30,299.25,golden_cross,death_cross,852.5,165.2,9.19,27.57,650.53,6.96
NSE:HINDUNILVR,LONG,30,2026-04-06T15:15:00+05:30,2083.6,2026-04-13T15:15:00+05:30,2121.0,golden_cross,death_cross,1122.0,203.21,12.61,37.84,868.33,7.0
NSE:HCLTECH,SHORT,35,2026-04-13T11:15:00+05:30,1422.9,2026-04-15T10:15:00+05:30,1448.7,death_cross,golden_cross,-903.0,174.88,10.05,30.15,-1118.09,1.96
NSE:TCS,SHORT,15,2026-04-10T13:15:00+05:30,2517.9,2026-04-15T12:15:00+05:30,2545.6,death_cross,golden_cross,-415.5,147.56,7.6,22.79,-593.44,4.96
NSE:ITC,SHORT,155,2026-04-13T13:15:00+05:30,299.05,2026-04-15T12:15:00+05:30,303.45,death_cross,golden_cross,-682.0,166.96,9.34,28.02,-886.31,1.96
NSE:INFY,SHORT,30,2026-04-10T10:15:00+05:30,1287.7,2026-04-15T14:15:00+05:30,1305.2,death_cross,golden_cross,-525.0,149.61,7.78,23.34,-705.72,5.17
NSE:BHARTIARTL,LONG,25,2026-04-07T10:15:00+05:30,1811.0,2026-04-16T09:15:00+05:30,1840.5,golden_cross,death_cross,737.5,164.52,9.13,27.39,536.47,8.96
NSE:HINDUNILVR,LONG,30,2026-04-15T09:15:00+05:30,2162.1,2026-04-16T14:15:00+05:30,2140.9,golden_cross,death_cross,-636.0,206.63,12.91,38.73,-894.26,1.21
NSE:HINDUNILVR,SHORT,30,2026-04-16T15:15:00+05:30,2139.1,2026-04-17T09:15:00+05:30,2204.6,death_cross,golden_cross,-1965.0,208.08,13.03,39.09,-2225.21,0.75
NSE:HCLTECH,LONG,35,2026-04-15T11:15:00+05:30,1451.5,2026-04-17T11:15:00+05:30,1433.2,golden_cross,death_cross,-640.5,175.37,10.1,30.29,-856.26,2.0
NSE:WIPRO,LONG,340,2026-04-01T11:15:00+05:30,193.41,2026-04-17T12:15:00+05:30,204.12,golden_cross,death_cross,3641.4,213.05,13.52,40.55,3374.29,16.04
NSE:BHARTIARTL,SHORT,25,2026-04-16T10:15:00+05:30,1843.0,2026-04-20T13:15:00+05:30,1853.3,death_cross,golden_cross,-257.5,165.83,9.24,27.72,-460.3,4.12
NSE:LT,LONG,25,2026-04-02T15:15:00+05:30,3610.0,2026-04-20T13:15:00+05:30,4034.6,golden_cross,death_cross,10615.0,274.71,19.11,57.33,10263.85,17.92
NSE:BHARTIARTL,LONG,25,2026-04-20T14:15:00+05:30,1845.4,2026-04-20T15:15:00+05:30,1842.0,golden_cross,death_cross,-85.0,63.44,9.22,27.66,-185.31,0.04
NSE:HCLTECH,SHORT,35,2026-04-17T12:15:00+05:30,1434.7,2026-04-21T11:15:00+05:30,1449.9,death_cross,golden_cross,-532.0,175.36,10.1,30.29,-747.74,3.96
NSE:LT,SHORT,20,2026-04-20T14:15:00+05:30,4053.6,2026-04-21T12:15:00+05:30,4083.1,death_cross,golden_cross,-590.0,244.01,16.27,48.82,-899.1,0.92
NSE:INFY,LONG,25,2026-04-15T15:15:00+05:30,1305.0,2026-04-22T09:15:00+05:30,1271.6,golden_cross,death_cross,-835.0,134.77,6.44,19.32,-995.54,6.75
NSE:HCLTECH,LONG,35,2026-04-21T12:15:00+05:30,1436.6,2026-04-22T09:15:00+05:30,1305.3,golden_cross,death_cross,-4595.5,170.12,9.6,28.79,-4804.0,0.88
NSE:LT,LONG,20,2026-04-21T13:15:00+05:30,4071.2,2026-04-22T09:15:00+05:30,4031.0,golden_cross,death_cross,-804.0,243.26,16.2,48.61,-1112.08,0.83
NSE:BHARTIARTL,LONG,25,2026-04-21T09:15:00+05:30,1858.8,2026-04-22T10:15:00+05:30,1841.4,golden_cross,death_cross,-435.0,165.96,9.25,27.75,-637.96,1.04
NSE:TCS,LONG,15,2026-04-15T13:15:00+05:30,2547.0,2026-04-22T11:15:00+05:30,2517.6,golden_cross,death_cross,-441.0,147.58,7.6,22.79,-618.97,6.92
NSE:NIFTY,LONG,5.014151657812532,2026-04-06T13:15:00+05:30,22911.4,2026-04-23T09:15:00+05:30,24275.35,golden_cross,death_cross,6839.05,115.47,4.73,23.66,6695.19,16.83
NSE:SENSEX,LONG,1.3710411658375214,2026-04-06T13:15:00+05:30,73931.81,2026-04-23T09:15:00+05:30,78055.96,golden_cross,death_cross,5654.38,107.24,4.17,20.84,5522.14,16.83
NSE:ICICIBANK,LONG,20,2026-04-06T15:15:00+05:30,1228.6,2026-04-23T10:15:00+05:30,1346.6,golden_cross,death_cross,2360.0,120.19,5.15,15.45,2219.21,16.79
NSE:ITC,LONG,150,2026-04-15T13:15:00+05:30,302.65,2026-04-23T10:15:00+05:30,304.65,golden_cross,death_cross,300.0,164.33,9.11,27.33,99.23,7.88
NSE:BANKNIFTY,LONG,1.499447011416567,2026-04-06T13:15:00+05:30,52394.55,2026-04-23T11:15:00+05:30,56570.8,golden_cross,death_cross,6262.07,94.71,3.27,16.34,6147.75,16.92
NSE:SBIN,LONG,45,2026-04-06T13:15:00+05:30,1022.3,2026-04-23T12:15:00+05:30,1087.9,golden_cross,death_cross,2952.0,168.43,9.5,28.49,2745.59,16.96
NSE:TATASTEEL,LONG,420,2026-04-06T10:15:00+05:30,194.16,2026-04-23T12:15:00+05:30,211.36,golden_cross,death_cross,7224.0,251.85,17.03,51.1,6904.02,17.08
NSE:SBIN,SHORT,45,2026-04-23T13:15:00+05:30,1090.95,2026-04-24T15:15:00+05:30,1100.95,death_cross,golden_cross,-450.0,172.77,9.86,29.59,-662.22,1.08
NSE:TATASTEEL,SHORT,420,2026-04-23T13:15:00+05:30,210.98,2026-04-27T10:15:00+05:30,214.5,death_cross,golden_cross,-1478.4,261.82,17.87,53.61,-1811.7,3.88
NSE:LT,SHORT,20,2026-04-22T10:15:00+05:30,4042.5,2026-04-27T11:15:00+05:30,4065.1,death_cross,golden_cross,-452.0,243.35,16.22,48.65,-760.21,5.04
NSE:WIPRO,SHORT,340,2026-04-17T13:15:00+05:30,204.36,2026-04-27T12:15:00+05:30,204.79,death_cross,golden_cross,-146.2,217.72,13.91,41.73,-419.57,9.96
NSE:TATACONSUM,LONG,35,2026-04-06T09:15:00+05:30,1034.2,2026-04-27T14:15:00+05:30,1161.1,golden_cross,death_cross,4441.5,148.18,7.68,23.05,4262.59,21.21
NSE:HINDUNILVR,LONG,25,2026-04-17T10:15:00+05:30,2226.1,2026-04-28T09:15:00+05:30,2310.9,golden_cross,death_cross,2120.0,189.01,11.34,34.03,1885.62,10.96
NSE:ITC,SHORT,150,2026-04-23T11:15:00+05:30,305.1,2026-04-28T11:15:00+05:30,304.4,death_cross,golden_cross,105.0,164.72,9.14,27.43,-96.29,5.0
NSE:BHARTIARTL,SHORT,25,2026-04-22T11:15:00+05:30,1838.3,2026-04-28T11:15:00+05:30,1834.4,death_cross,golden_cross,97.5,165.15,9.18,27.55,-104.38,6.0
NSE:SBIN,LONG,45,2026-04-27T09:15:00+05:30,1108.7,2026-04-28T12:15:00+05:30,1092.0,golden_cross,death_cross,-751.5,173.23,9.9,29.71,-964.35,1.12
NSE:LT,LONG,20,2026-04-27T12:15:00+05:30,4081.2,2026-04-28T14:15:00+05:30,4038.0,golden_cross,death_cross,-864.0,243.64,16.24,48.72,-1172.59,1.08
NSE:WIPRO,LONG,340,2026-04-27T13:15:00+05:30,204.54,2026-04-28T15:15:00+05:30,201.7,golden_cross,death_cross,-965.6,216.69,13.81,41.44,-1237.54,1.08
NSE:LT,SHORT,20,2026-04-28T15:15:00+05:30,4040.0,2026-04-29T09:15:00+05:30,4082.9,death_cross,golden_cross,-858.0,243.72,16.25,48.74,-1166.71,0.75
NSE:NIFTY,SHORT,5.024684008054796,2026-04-23T10:15:00+05:30,24191.85,2026-04-29T10:15:00+05:30,24288.15,death_cross,golden_cross,-483.88,115.68,4.87,24.36,-628.79,6.0
NSE:SENSEX,SHORT,1.374099531370159,2026-04-23T10:15:00+05:30,77773.97,2026-04-29T11:15:00+05:30,77848.84,death_cross,golden_cross,-102.88,107.39,4.28,21.38,-235.93,6.04
NSE:TCS,SHORT,15,2026-04-22T12:15:00+05:30,2523.3,2026-04-29T11:15:00+05:30,2481.1,death_cross,golden_cross,633.0,146.5,7.51,22.52,456.48,6.96
NSE:HINDUNILVR,SHORT,25,2026-04-28T10:15:00+05:30,2320.0,2026-04-29T13:15:00+05:30,2328.0,death_cross,golden_cross,-200.0,192.27,11.62,34.86,-438.75,1.12
NSE:TATACONSUM,SHORT,35,2026-04-27T15:15:00+05:30,1160.0,2026-04-29T14:15:00+05:30,1168.1,death_cross,golden_cross,-283.5,153.7,8.15,24.45,-469.79,1.96
NSE:NIFTY,LONG,4.977925655460004,2026-04-29T11:15:00+05:30,24293.15,2026-04-30T09:15:00+05:30,23828.6,golden_cross,death_cross,-2312.5,114.1,4.79,23.95,-2455.34,0.92
NSE:SENSEX,LONG,1.3681232785863193,2026-04-29T12:15:00+05:30,77941.77,2026-04-30T09:15:00+05:30,76437.59,golden_cross,death_cross,-2057.9,106.18,4.22,21.12,-2189.43,0.88
NSE:TATACONSUM,LONG,35,2026-04-29T15:15:00+05:30,1171.0,2026-04-30T09:15:00+05:30,1148.8,golden_cross,death_cross,-777.0,153.41,8.12,24.36,-962.89,0.75
NSE:TATASTEEL,LONG,410,2026-04-27T11:15:00+05:30,213.36,2026-04-30T10:15:00+05:30,211.0,golden_cross,death_cross,-967.6,256.54,17.4,52.2,-1293.74,2.96
NSE:ADANIGREEN,LONG,80,2026-04-02T15:15:00+05:30,853.0,2026-04-30T10:15:00+05:30,1207.95,golden_cross,death_cross,28396.0,244.21,16.49,49.46,28085.83,27.79
NSE:LT,LONG,20,2026-04-29T10:15:00+05:30,4099.4,2026-04-30T10:15:00+05:30,3997.6,golden_cross,death_cross,-2036.0,243.23,16.19,48.58,-2344.01,1.0
NSE:TCS,LONG,15,2026-04-29T12:15:00+05:30,2485.3,2026-04-30T11:15:00+05:30,2457.1,golden_cross,death_cross,-423.0,145.54,7.41,22.24,-598.2,0.96
NSE:INFY,SHORT,25,2026-04-22T10:15:00+05:30,1264.0,2026-04-30T13:15:00+05:30,1184.5,death_cross,golden_cross,1987.5,131.0,6.12,18.36,1832.01,8.12
NSE:ADANIGREEN,SHORT,80,2026-04-30T11:15:00+05:30,1221.35,2026-05-04T09:15:00+05:30,1259.7,death_cross,golden_cross,-3068.0,283.92,19.85,59.55,-3431.31,3.92
NSE:NIFTY,SHORT,4.978235111421968,2026-04-30T10:15:00+05:30,23799.9,2026-05-04T10:15:00+05:30,24227.25,death_cross,golden_cross,-2127.45,114.02,4.78,23.91,-2270.16,4.0
NSE:SENSEX,SHORT,1.3693527965138843,2026-04-30T10:15:00+05:30,76277.69,2026-05-04T10:15:00+05:30,77664.39,death_cross,golden_cross,-1898.88,106.1,4.22,21.08,-2030.28,4.0
NSE:TCS,LONG,15,2026-04-30T12:15:00+05:30,2468.7,2026-05-04T10:15:00+05:30,2446.0,golden_cross,death_cross,-340.5,145.08,7.37,22.12,-515.06,3.92
NSE:LT,SHORT,20,2026-04-30T11:15:00+05:30,3998.2,2026-05-04T10:15:00+05:30,4110.0,death_cross,golden_cross,-2236.0,243.5,16.22,48.65,-2544.36,3.96
NSE:HINDUNILVR,SHORT,25,2026-04-29T14:15:00+05:30,2313.7,2026-05-04T11:15:00+05:30,2338.8,death_cross,golden_cross,-627.5,192.43,11.63,34.89,-866.45,4.88
NSE:INFY,LONG,30,2026-04-30T14:15:00+05:30,1180.9,2026-05-04T12:15:00+05:30,1169.9,golden_cross,death_cross,-330.0,141.52,7.05,21.16,-499.73,3.92
NSE:TATACONSUM,SHORT,35,2026-04-30T10:15:00+05:30,1145.4,2026-05-04T12:15:00+05:30,1161.4,death_cross,golden_cross,-560.0,152.89,8.07,24.22,-745.19,4.08
NSE:BHARTIARTL,LONG,25,2026-04-28T12:15:00+05:30,1834.0,2026-05-04T12:15:00+05:30,1840.2,golden_cross,death_cross,155.0,165.19,9.19,27.56,-46.93,6.0
NSE:NIFTY,LONG,4.818929902117484,2026-05-04T11:15:00+05:30,24117.0,2026-05-05T09:15:00+05:30,23986.0,golden_cross,death_cross,-631.28,112.32,4.64,23.18,-771.42,0.92
NSE:SENSEX,LONG,1.324844717908542,2026-05-04T11:15:00+05:30,77312.35,2026-05-05T09:15:00+05:30,76843.98,golden_cross,death_cross,-620.52,104.56,4.08,20.42,-749.59,0.92
NSE:ITC,LONG,145,2026-04-28T12:15:00+05:30,305.3,2026-05-05T10:15:00+05:30,310.25,golden_cross,death_cross,717.75,162.26,8.93,26.78,519.79,6.92
NSE:TATACONSUM,LONG,30,2026-05-04T13:15:00+05:30,1161.7,2026-05-05T10:15:00+05:30,1152.2,golden_cross,death_cross,-285.0,140.29,6.94,20.83,-453.06,0.88
NSE:LT,LONG,20,2026-05-04T11:15:00+05:30,4109.0,2026-05-05T14:15:00+05:30,4059.6,golden_cross,death_cross,-988.0,244.75,16.34,49.01,-1298.1,1.12
NSE:INFY,SHORT,30,2026-05-04T13:15:00+05:30,1169.4,2026-05-05T15:15:00+05:30,1177.6,death_cross,golden_cross,-246.0,141.39,7.04,21.12,-415.55,1.08
NSE:LT,LONG,20,2026-05-05T15:15:00+05:30,4075.0,2026-05-06T09:15:00+05:30,3919.5,golden_cross,death_cross,-3110.0,241.04,15.99,47.97,-3414.99,0.75
NSE:NIFTY,SHORT,4.822633359186209,2026-05-05T10:15:00+05:30,23939.0,2026-05-06T10:15:00+05:30,24089.3,death_cross,golden_cross,-724.84,112.25,4.63,23.16,-864.89,1.0
NSE:INFY,LONG,30,2026-05-06T09:15:00+05:30,1179.4,2026-05-06T11:15:00+05:30,1171.7,golden_cross,death_cross,-231.0,59.6,7.05,21.16,-318.82,0.08
NSE:TATASTEEL,SHORT,405,2026-04-30T11:15:00+05:30,210.98,2026-05-06T11:15:00+05:30,213.73,death_cross,golden_cross,-1113.75,254.35,17.2,51.6,-1436.91,6.0
NSE:NIFTY,LONG,4.7580314868704905,2026-05-06T11:15:00+05:30,24082.8,2026-05-06T12:15:00+05:30,24040.65,golden_cross,death_cross,-200.55,111.63,4.58,22.9,-339.66,0.04
NSE:HINDUNILVR,LONG,25,2026-05-04T12:15:00+05:30,2326.6,2026-05-06T12:15:00+05:30,2298.4,golden_cross,death_cross,-705.0,191.67,11.56,34.69,-942.92,2.0
NSE:BANKNIFTY,SHORT,1.5017161472926577,2026-04-23T12:15:00+05:30,56396.95,2026-05-06T14:15:00+05:30,55940.8,death_cross,golden_cross,685.01,94.87,3.37,16.87,569.89,13.08
NSE:SENSEX,SHORT,1.3259206754365174,2026-05-05T10:15:00+05:30,76685.97,2026-05-06T14:15:00+05:30,77926.92,death_cross,golden_cross,-1645.4,104.53,4.1,20.5,-1774.53,1.17
NSE:SBIN,SHORT,45,2026-04-28T13:15:00+05:30,1092.65,2026-05-06T14:15:00+05:30,1093.3,death_cross,golden_cross,-29.25,172.44,9.84,29.51,-241.04,8.04
NSE:HINDUNILVR,SHORT,25,2026-05-06T13:15:00+05:30,2301.2,2026-05-06T14:15:00+05:30,2317.8,death_cross,golden_cross,-415.0,67.5,11.55,34.64,-528.69,0.04
NSE:ICICIBANK,SHORT,20,2026-04-23T11:15:00+05:30,1349.2,2026-05-07T09:15:00+05:30,1288.4,death_cross,golden_cross,1216.0,121.66,5.28,15.83,1073.24,13.92
NSE:HINDUNILVR,LONG,25,2026-05-06T15:15:00+05:30,2315.8,2026-05-07T09:15:00+05:30,2290.3,golden_cross,death_cross,-637.5,191.14,11.52,34.55,-874.7,0.75
NSE:TATACONSUM,SHORT,30,2026-05-05T11:15:00+05:30,1157.4,2026-05-08T09:15:00+05:30,1167.6,death_cross,golden_cross,-306.0,140.66,6.97,20.92,-474.56,2.92
NSE:ICICIBANK,LONG,20,2026-05-07T10:15:00+05:30,1287.6,2026-05-08T12:15:00+05:30,1263.9,golden_cross,death_cross,-474.0,119.87,5.1,15.31,-614.28,1.08
NSE:SENSEX,LONG,1.281316050642141,2026-05-06T15:15:00+05:30,77974.74,2026-05-08T13:15:00+05:30,77207.01,golden_cross,death_cross,-983.7,102.96,3.98,19.88,-1110.52,1.92
NSE:INFY,SHORT,30,2026-05-06T12:15:00+05:30,1169.4,2026-05-08T13:15:00+05:30,1178.0,death_cross,golden_cross,-258.0,141.4,7.04,21.13,-427.57,2.04
NSE:SBIN,LONG,40,2026-05-06T15:15:00+05:30,1099.0,2026-05-08T13:15:00+05:30,1020.9,golden_cross,death_cross,-3124.0,157.59,8.48,25.44,-3315.51,1.92
NSE:HCLTECH,SHORT,35,2026-04-22T10:15:00+05:30,1299.8,2026-05-08T13:15:00+05:30,1199.4,death_cross,golden_cross,3514.0,160.07,8.75,26.24,3318.94,16.12
NSE:BHARTIARTL,SHORT,25,2026-05-04T13:15:00+05:30,1830.1,2026-05-08T14:15:00+05:30,1834.4,death_cross,golden_cross,-107.5,164.94,9.16,27.48,-309.09,4.04
NSE:BANKNIFTY,LONG,1.5214394299915293,2026-05-06T15:15:00+05:30,56039.3,2026-05-08T15:15:00+05:30,55325.4,golden_cross,death_cross,-1086.16,94.65,3.39,16.94,-1201.14,2.0
NSE:NIFTY,LONG,4.734033177386529,2026-05-06T13:15:00+05:30,24133.35,2026-05-11T09:15:00+05:30,23893.4,golden_cross,death_cross,-1135.93,110.95,4.55,22.74,-1274.17,4.83
NSE:TATASTEEL,LONG,395,2026-05-06T12:15:00+05:30,213.6,2026-05-11T09:15:00+05:30,213.47,golden_cross,death_cross,-51.35,250.59,16.87,50.61,-369.42,4.88
NSE:BHARTIARTL,LONG,25,2026-05-08T15:15:00+05:30,1834.7,2026-05-11T09:15:00+05:30,1783.5,golden_cross,death_cross,-1280.0,163.74,9.05,27.14,-1479.92,2.75
NSE:HINDUNILVR,SHORT,25,2026-05-07T10:15:00+05:30,2285.5,2026-05-11T14:15:00+05:30,2303.8,death_cross,golden_cross,-457.5,190.66,11.47,34.42,-694.05,4.17
NSE:INFY,LONG,30,2026-05-08T14:15:00+05:30,1178.5,2026-05-12T09:15:00+05:30,1134.6,golden_cross,death_cross,-1317.0,140.34,6.94,20.82,-1485.1,3.79
NSE:HCLTECH,LONG,40,2026-05-08T14:15:00+05:30,1198.9,2026-05-12T09:15:00+05:30,1162.2,golden_cross,death_cross,-1468.0,168.19,9.44,28.33,-1673.97,3.79
NSE:ADANIGREEN,LONG,70,2026-05-04T10:15:00+05:30,1291.7,2026-05-12T12:15:00+05:30,1325.2,golden_cross,death_cross,2345.0,266.51,18.32,54.95,2005.21,8.08
NSE:HINDUNILVR,LONG,25,2026-05-11T15:15:00+05:30,2309.9,2026-05-12T13:15:00+05:30,2281.0,golden_cross,death_cross,-722.5,190.72,11.48,34.43,-959.13,0.92
NSE:TATASTEEL,SHORT,390,2026-05-11T10:15:00+05:30,213.9,2026-05-13T10:15:00+05:30,216.47,death_cross,golden_cross,-1002.3,249.72,16.78,50.35,-1319.16,2.0
NSE:ADANIGREEN,SHORT,70,2026-05-12T13:15:00+05:30,1302.3,2026-05-13T13:15:00+05:30,1380.6,death_cross,golden_cross,-5481.0,272.23,18.78,56.34,-5828.35,1.0
NSE:BHARTIARTL,SHORT,25,2026-05-11T10:15:00+05:30,1763.8,2026-05-14T09:15:00+05:30,1823.5,death_cross,golden_cross,-1492.5,162.9,8.97,26.9,-1691.27,2.96
NSE:LT,SHORT,20,2026-05-06T10:15:00+05:30,3929.9,2026-05-14T10:15:00+05:30,3955.0,death_cross,golden_cross,-502.0,238.41,15.77,47.31,-803.48,8.0
NSE:ITC,SHORT,145,2026-05-05T11:15:00+05:30,310.7,2026-05-14T11:15:00+05:30,307.65,death_cross,golden_cross,442.25,162.73,8.97,26.9,243.66,9.0
NSE:TATACONSUM,LONG,30,2026-05-08T10:15:00+05:30,1170.1,2026-05-14T14:15:00+05:30,1227.5,golden_cross,death_cross,1722.0,142.93,7.19,21.58,1550.3,6.17
NSE:NIFTY,SHORT,4.7242155630009055,2026-05-11T10:15:00+05:30,23914.6,2026-05-15T09:15:00+05:30,23800.25,death_cross,golden_cross,540.21,110.81,4.51,22.54,402.36,3.96
NSE:SENSEX,SHORT,1.2775802549130966,2026-05-08T14:15:00+05:30,77336.11,2026-05-15T10:15:00+05:30,75554.68,death_cross,golden_cross,2275.92,102.75,3.91,19.53,2149.73,6.83
NSE:TATACONSUM,SHORT,30,2026-05-14T15:15:00+05:30,1226.5,2026-05-15T10:15:00+05:30,1244.9,death_cross,golden_cross,-552.0,145.56,7.41,22.24,-727.22,0.79
NSE:BANKNIFTY,SHORT,1.5432022179609906,2026-05-11T09:15:00+05:30,54473.0,2026-05-15T12:15:00+05:30,54246.15,death_cross,golden_cross,350.08,94.53,3.36,16.78,235.41,4.12
NSE:ICICIBANK,SHORT,20,2026-05-08T13:15:00+05:30,1263.6,2026-05-15T13:15:00+05:30,1251.0,death_cross,golden_cross,252.0,119.0,5.03,15.09,112.89,7.0
NSE:HINDUNILVR,SHORT,25,2026-05-12T14:15:00+05:30,2259.3,2026-05-15T13:15:00+05:30,2282.4,death_cross,golden_cross,-577.5,189.34,11.35,34.06,-812.26,2.96
NSE:LT,LONG,20,2026-05-14T11:15:00+05:30,3979.0,2026-05-15T13:15:00+05:30,3920.8,golden_cross,death_cross,-1164.0,238.79,15.8,47.4,-1465.98,1.08
NSE:BANKNIFTY,LONG,1.5585232982401063,2026-05-15T13:15:00+05:30,54088.1,2026-05-15T14:15:00+05:30,53712.35,golden_cross,death_cross,-585.62,94.37,3.36,16.8,-700.15,0.04
NSE:NIFTY,LONG,4.775144450933134,2026-05-15T10:15:00+05:30,23743.55,2026-05-18T09:15:00+05:30,23362.4,golden_cross,death_cross,-1820.05,110.1,4.5,22.49,-1957.14,2.96
NSE:SENSEX,LONG,1.3356346766417186,2026-05-15T11:15:00+05:30,75579.34,2026-05-18T09:15:00+05:30,74335.29,golden_cross,death_cross,-1661.6,103.19,4.0,20.02,-1788.81,2.92
NSE:TATASTEEL,LONG,380,2026-05-13T11:15:00+05:30,216.8,2026-05-18T09:15:00+05:30,208.87,golden_cross,death_cross,-3013.4,243.1,16.18,48.53,-3321.2,4.92
NSE:HINDUNILVR,LONG,25,2026-05-15T14:15:00+05:30,2272.8,2026-05-18T09:15:00+05:30,2225.4,golden_cross,death_cross,-1185.0,188.18,11.25,33.74,-1418.16,2.79
NSE:ADANIGREEN,LONG,65,2026-05-13T14:15:00+05:30,1367.4,2026-05-18T09:15:00+05:30,1340.0,golden_cross,death_cross,-1781.0,258.82,17.6,52.79,-2110.21,4.79
NSE:TATACONSUM,LONG,30,2026-05-15T11:15:00+05:30,1239.3,2026-05-18T09:15:00+05:30,1218.0,golden_cross,death_cross,-639.0,145.1,7.37,22.12,-813.58,2.92
NSE:INFY,SHORT,30,2026-05-12T10:15:00+05:30,1131.8,2026-05-18T11:15:00+05:30,1139.5,death_cross,golden_cross,-231.0,138.87,6.81,20.44,-397.12,6.04
NSE:WIPRO,SHORT,335,2026-04-29T09:15:00+05:30,203.03,2026-05-18T11:15:00+05:30,191.94,death_cross,golden_cross,3715.15,209.88,13.23,39.69,3452.34,19.08
NSE:HCLTECH,SHORT,40,2026-05-12T10:15:00+05:30,1153.0,2026-05-18T14:15:00+05:30,1145.2,death_cross,golden_cross,312.0,165.26,9.19,27.58,109.97,6.17
NSE:TCS,SHORT,15,2026-05-04T11:15:00+05:30,2435.7,2026-05-18T15:15:00+05:30,2289.9,death_cross,golden_cross,2187.0,141.73,7.09,21.27,2016.91,14.17
NSE:ICICIBANK,SHORT,20,2026-05-15T14:15:00+05:30,1243.5,2026-05-18T15:15:00+05:30,1251.7,death_cross,golden_cross,-164.0,118.6,4.99,14.97,-302.56,3.04
NSE:NIFTY,SHORT,4.747640264096554,2026-05-18T10:15:00+05:30,23470.1,2026-05-19T09:15:00+05:30,23753.45,death_cross,golden_cross,-1345.24,110.01,4.48,22.42,-1482.16,0.96
NSE:SENSEX,SHORT,1.3276321349503106,2026-05-18T10:15:00+05:30,74691.57,2026-05-19T09:15:00+05:30,75684.53,death_cross,golden_cross,-1318.29,103.1,3.99,19.96,-1445.35,0.96
NSE:ADANIGREEN,SHORT,65,2026-05-18T10:15:00+05:30,1329.8,2026-05-19T09:15:00+05:30,1440.3,death_cross,golden_cross,-7182.5,263.75,18.01,54.02,-7518.27,0.96
NSE:LT,SHORT,20,2026-05-15T14:15:00+05:30,3909.0,2026-05-19T11:15:00+05:30,3944.0,death_cross,golden_cross,-700.0,237.71,15.71,47.12,-1000.54,3.88
NSE:NIFTY,LONG,4.635372058380564,2026-05-19T10:15:00+05:30,23719.75,2026-05-20T09:15:00+05:30,23500.55,golden_cross,death_cross,-1016.07,108.59,4.38,21.89,-1150.93,0.96
NSE:SENSEX,LONG,1.2933332499802974,2026-05-19T10:15:00+05:30,75558.18,2026-05-20T09:15:00+05:30,74797.99,golden_cross,death_cross,-983.18,101.72,3.89,19.45,-1108.24,0.96
NSE:ADANIGREEN,LONG,55,2026-05-19T10:15:00+05:30,1388.3,2026-05-20T09:15:00+05:30,1354.4,golden_cross,death_cross,-1864.5,230.9,15.08,45.25,-2155.74,0.96
NSE:ITC,LONG,150,2026-05-14T12:15:00+05:30,308.75,2026-05-20T11:15:00+05:30,307.55,golden_cross,death_cross,-180.0,165.87,9.24,27.73,-382.85,5.96
NSE:LT,LONG,20,2026-05-19T12:15:00+05:30,3942.4,2026-05-20T12:15:00+05:30,3912.3,golden_cross,death_cross,-602.0,237.74,15.71,47.13,-902.58,1.0
NSE:NIFTY,SHORT,4.617666295539953,2026-05-20T10:15:00+05:30,23562.2,2026-05-21T09:15:00+05:30,23767.45,death_cross,golden_cross,-947.78,108.52,4.37,21.86,-1082.52,0.96
NSE:SENSEX,SHORT,1.2884544239399935,2026-05-20T10:15:00+05:30,74986.73,2026-05-21T09:15:00+05:30,75566.46,death_cross,golden_cross,-746.96,101.64,3.88,19.4,-871.88,0.96
NSE:LT,SHORT,20,2026-05-20T13:15:00+05:30,3912.2,2026-05-21T09:15:00+05:30,3950.0,death_cross,golden_cross,-756.0,237.92,15.72,47.17,-1056.82,0.83
NSE:BANKNIFTY,SHORT,1.5544056682152643,2026-05-15T15:15:00+05:30,53782.3,2026-05-21T10:15:00+05:30,53664.1,death_cross,golden_cross,183.73,94.27,3.34,16.7,69.41,5.79
NSE:ADANIGREEN,SHORT,55,2026-05-20T10:15:00+05:30,1351.9,2026-05-21T10:15:00+05:30,1385.5,death_cross,golden_cross,-1848.0,230.57,15.06,45.17,-2138.79,1.0
NSE:BANKNIFTY,LONG,1.5608204863767818,2026-05-21T11:15:00+05:30,53605.6,2026-05-21T12:15:00+05:30,53290.2,golden_cross,death_cross,-492.28,94.06,3.34,16.68,-606.37,0.04
NSE:ADANIGREEN,LONG,55,2026-05-21T11:15:00+05:30,1375.1,2026-05-21T12:15:00+05:30,1367.0,golden_cross,death_cross,-445.5,73.73,15.08,45.24,-579.55,0.04
NSE:BHARTIARTL,LONG,25,2026-05-14T10:15:00+05:30,1829.1,2026-05-21T12:15:00+05:30,1898.0,golden_cross,death_cross,1722.5,166.54,9.32,27.95,1518.69,7.08
NSE:SENSEX,LONG,1.270853124852684,2026-05-21T10:15:00+05:30,75341.29,2026-05-21T13:15:00+05:30,75150.57,golden_cross,death_cross,-242.38,101.0,3.83,19.13,-366.33,0.12
NSE:ICICIBANK,SHORT,20,2026-05-19T09:15:00+05:30,1242.3,2026-05-21T15:15:00+05:30,1244.4,death_cross,golden_cross,-42.0,118.4,4.97,14.92,-180.29,2.25
NSE:BANKNIFTY,SHORT,1.5574292209200458,2026-05-21T13:15:00+05:30,53334.15,2026-05-22T09:15:00+05:30,54085.75,death_cross,golden_cross,-1170.56,94.03,3.35,16.73,-1284.67,0.83
NSE:SENSEX,SHORT,1.2698975095035672,2026-05-21T14:15:00+05:30,75110.38,2026-05-22T09:15:00+05:30,75691.5,death_cross,golden_cross,-737.96,100.95,3.83,19.15,-861.89,0.79
NSE:SBIN,SHORT,40,2026-05-08T14:15:00+05:30,1020.5,2026-05-22T09:15:00+05:30,957.9,death_cross,golden_cross,2504.0,150.88,7.91,23.74,2321.47,13.79
NSE:HCLTECH,LONG,40,2026-05-18T15:15:00+05:30,1146.5,2026-05-22T14:15:00+05:30,1162.7,golden_cross,death_cross,648.0,165.72,9.24,27.71,445.33,3.96
NSE:INFY,LONG,30,2026-05-18T12:15:00+05:30,1138.6,2026-05-22T15:15:00+05:30,1175.0,golden_cross,death_cross,1092.0,140.18,6.94,20.82,924.06,4.12
NSE:TCS,LONG,20,2026-05-19T09:15:00+05:30,2354.1,2026-05-22T15:15:00+05:30,2317.9,golden_cross,death_cross,-724.0,167.02,9.34,28.03,-928.39,3.25
NSE:SBIN,LONG,50,2026-05-22T10:15:00+05:30,953.7,2026-05-22T15:15:00+05:30,949.6,golden_cross,death_cross,-205.0,63.95,9.52,28.55,-307.01,0.21
NSE:TATASTEEL,SHORT,380,2026-05-18T10:15:00+05:30,208.87,2026-05-25T09:15:00+05:30,209.68,death_cross,golden_cross,-307.8,239.89,15.9,47.71,-611.31,6.96
NSE:HCLTECH,SHORT,40,2026-05-22T15:15:00+05:30,1167.0,2026-05-25T10:15:00+05:30,1176.6,death_cross,golden_cross,-384.0,167.33,9.37,28.12,-588.83,2.79
NSE:HINDUNILVR,SHORT,25,2026-05-18T10:15:00+05:30,2231.7,2026-05-25T12:15:00+05:30,2215.9,death_cross,golden_cross,395.0,186.66,11.12,33.36,163.87,7.08
NSE:ADANIGREEN,SHORT,55,2026-05-21T13:15:00+05:30,1367.9,2026-05-25T12:15:00+05:30,1399.4,death_cross,golden_cross,-1732.5,232.39,15.22,45.66,-2025.77,3.96
NSE:HCLTECH,LONG,40,2026-05-25T11:15:00+05:30,1171.5,2026-05-26T09:15:00+05:30,1166.0,golden_cross,death_cross,-220.0,167.05,9.35,28.05,-424.45,0.92
NSE:HCLTECH,SHORT,40,2026-05-26T10:15:00+05:30,1168.0,2026-05-26T11:15:00+05:30,1168.3,death_cross,golden_cross,-12.0,63.67,9.35,28.04,-113.05,0.04
NSE:HCLTECH,LONG,35,2026-05-26T12:15:00+05:30,1170.0,2026-05-26T13:15:00+05:30,1162.6,golden_cross,death_cross,-259.0,61.56,8.16,24.49,-353.22,0.04
NSE:WIPRO,LONG,370,2026-05-18T12:15:00+05:30,191.8,2026-05-27T12:15:00+05:30,201.64,golden_cross,death_cross,3640.8,224.62,14.56,43.67,3357.95,9.0
NSE:TATACONSUM,SHORT,30,2026-05-18T10:15:00+05:30,1225.2,2026-05-27T12:15:00+05:30,1202.1,death_cross,golden_cross,693.0,144.0,7.28,21.85,519.88,9.08
NSE:SENSEX,LONG,1.2504780124530612,2026-05-22T10:15:00+05:30,75589.63,2026-05-27T14:15:00+05:30,75869.3,golden_cross,death_cross,349.72,100.62,3.79,18.94,226.38,5.17
NSE:INFY,SHORT,30,2026-05-25T09:15:00+05:30,1173.7,2026-05-29T09:15:00+05:30,1207.5,death_cross,golden_cross,-1014.0,142.59,7.14,21.43,-1185.16,4.0
NSE:HCLTECH,SHORT,35,2026-05-26T14:15:00+05:30,1161.7,2026-05-29T09:15:00+05:30,1189.3,death_cross,golden_cross,-966.0,154.64,8.23,24.69,-1153.55,2.79
NSE:NIFTY,LONG,4.5458441748463745,2026-05-21T10:15:00+05:30,23697.05,2026-05-29T11:15:00+05:30,23835.7,golden_cross,death_cross,630.28,108.2,4.32,21.61,496.16,8.04
NSE:WIPRO,SHORT,370,2026-05-27T13:15:00+05:30,201.01,2026-05-29T11:15:00+05:30,204.99,death_cross,golden_cross,-1472.6,230.17,15.02,45.07,-1762.86,1.92
NSE:BANKNIFTY,LONG,1.514998616490297,2026-05-22T10:15:00+05:30,53982.45,2026-05-29T13:15:00+05:30,54512.05,golden_cross,death_cross,802.34,93.68,3.29,16.44,688.94,7.12
NSE:ICICIBANK,LONG,20,2026-05-22T09:15:00+05:30,1266.5,2026-05-29T13:15:00+05:30,1267.2,golden_cross,death_cross,14.0,119.44,5.07,15.2,-125.71,7.17
NSE:SBIN,LONG,45,2026-05-25T09:15:00+05:30,961.9,2026-05-29T14:15:00+05:30,962.5,golden_cross,death_cross,27.0,159.36,8.66,25.98,-167.0,4.21
NSE:TATASTEEL,LONG,375,2026-05-25T10:15:00+05:30,210.17,2026-05-29T14:15:00+05:30,207.78,golden_cross,death_cross,-896.25,237.36,15.67,47.02,-1196.3,4.17
NSE:TATACONSUM,LONG,30,2026-05-27T13:15:00+05:30,1205.5,2026-05-29T14:15:00+05:30,1173.1,golden_cross,death_cross,-972.0,142.5,7.14,21.41,-1143.04,2.04
NSE:TCS,SHORT,20,2026-05-25T09:15:00+05:30,2299.5,2026-06-01T10:15:00+05:30,2321.1,death_cross,golden_cross,-432.0,165.85,9.24,27.72,-634.82,7.04
NSE:ADANIGREEN,LONG,50,2026-05-25T13:15:00+05:30,1419.6,2026-06-01T14:15:00+05:30,1446.3,golden_cross,death_cross,1335.0,222.26,14.33,42.99,1055.42,7.04
NSE:LT,LONG,20,2026-05-21T10:15:00+05:30,3949.2,2026-06-01T14:15:00+05:30,4011.7,golden_cross,death_cross,1250.0,239.96,15.92,47.77,946.35,11.17
NSE:TCS,LONG,15,2026-06-01T11:15:00+05:30,2332.6,2026-06-03T11:15:00+05:30,2227.5,golden_cross,death_cross,-1576.5,139.26,6.84,20.52,-1743.12,2.0
NSE:WIPRO,LONG,355,2026-05-29T12:15:00+05:30,204.29,2026-06-03T12:15:00+05:30,204.08,golden_cross,death_cross,-74.55,224.23,14.5,43.49,-356.77,5.0
NSE:HCLTECH,LONG,35,2026-05-29T10:15:00+05:30,1186.9,2026-06-03T13:15:00+05:30,1179.7,golden_cross,death_cross,-252.0,155.19,8.28,24.85,-440.33,5.12
NSE:SBIN,SHORT,45,2026-05-29T15:15:00+05:30,965.3,2026-06-03T15:15:00+05:30,971.5,death_cross,golden_cross,-279.0,160.0,8.72,26.15,-473.86,5.0
NSE:TATASTEEL,SHORT,370,2026-05-29T15:15:00+05:30,210.19,2026-06-03T15:15:00+05:30,211.6,death_cross,golden_cross,-521.7,236.59,15.61,46.82,-820.71,5.0
NSE:BANKNIFTY,SHORT,1.5216384557658849,2026-05-29T14:15:00+05:30,54198.3,2026-06-04T09:15:00+05:30,54257.0,death_cross,golden_cross,-89.32,93.65,3.3,16.5,-202.77,5.79
NSE:BHARTIARTL,SHORT,25,2026-05-21T13:15:00+05:30,1883.4,2026-06-04T09:15:00+05:30,1825.3,death_cross,golden_cross,1452.5,166.05,9.27,27.82,1249.36,13.83
NSE:INFY,LONG,25,2026-05-29T10:15:00+05:30,1203.8,2026-06-04T10:15:00+05:30,1203.2,golden_cross,death_cross,-15.0,130.0,6.02,18.05,-169.07,6.0
NSE:ICICIBANK,SHORT,20,2026-05-29T14:15:00+05:30,1255.1,2026-06-04T11:15:00+05:30,1257.0,death_cross,golden_cross,-38.0,118.96,5.02,15.07,-177.06,5.88
NSE:BHARTIARTL,LONG,25,2026-06-04T10:15:00+05:30,1818.9,2026-06-04T12:15:00+05:30,1803.3,golden_cross,death_cross,-390.0,63.12,9.06,27.17,-489.34,0.08
NSE:TATASTEEL,LONG,365,2026-06-04T09:15:00+05:30,211.24,2026-06-05T09:15:00+05:30,208.0,golden_cross,death_cross,-1182.6,233.26,15.3,45.91,-1477.07,1.0
NSE:ADANIGREEN,SHORT,50,2026-06-01T15:15:00+05:30,1450.0,2026-06-05T10:15:00+05:30,1478.5,death_cross,golden_cross,-1425.0,225.95,14.64,43.93,-1709.52,3.79
NSE:HINDUNILVR,SHORT,25,2026-05-25T13:15:00+05:30,2202.0,2026-06-05T13:15:00+05:30,2112.9,death_cross,golden_cross,2227.5,182.83,10.79,32.36,2001.52,11.0
NSE:ITC,SHORT,150,2026-05-20T12:15:00+05:30,306.75,2026-06-08T10:15:00+05:30,281.7,death_cross,golden_cross,3757.5,160.93,8.83,26.48,3561.26,18.92
NSE:BANKNIFTY,LONG,1.516254931469368,2026-06-04T10:15:00+05:30,54257.4,2026-06-08T15:15:00+05:30,54007.35,golden_cross,death_cross,-379.14,93.33,3.28,16.42,-492.17,4.21
NSE:BHARTIARTL,SHORT,25,2026-06-04T13:15:00+05:30,1806.2,2026-06-08T15:15:00+05:30,1820.1,death_cross,golden_cross,-347.5,163.9,9.07,27.2,-547.66,4.08
NSE:ITC,LONG,175,2026-06-08T11:15:00+05:30,283.1,2026-06-09T09:15:00+05:30,278.65,golden_cross,death_cross,-778.75,172.43,9.83,29.49,-990.5,0.92
NSE:ITC,SHORT,170,2026-06-09T10:15:00+05:30,279.4,2026-06-10T09:15:00+05:30,283.25,death_cross,golden_cross,-654.5,169.47,9.57,28.7,-862.23,0.96
NSE:SENSEX,SHORT,1.248122953704068,2026-05-27T15:15:00+05:30,75913.09,2026-06-10T10:15:00+05:30,74418.89,death_cross,golden_cross,1864.95,100.48,3.75,18.76,1741.95,13.79
NSE:NIFTY,SHORT,4.552847384839566,2026-05-29T12:15:00+05:30,23769.25,2026-06-10T11:15:00+05:30,23395.4,death_cross,golden_cross,1702.08,108.08,4.29,21.47,1568.24,11.96
NSE:LT,SHORT,20,2026-06-01T15:15:00+05:30,4012.0,2026-06-10T12:15:00+05:30,3961.0,death_cross,golden_cross,1020.0,240.25,15.95,47.84,715.97,8.88
NSE:NIFTY,LONG,4.690476877490279,2026-06-10T12:15:00+05:30,23405.15,2026-06-10T15:15:00+05:30,23216.1,golden_cross,death_cross,-886.73,108.57,4.37,21.87,-1021.54,0.12
NSE:ADANIGREEN,LONG,45,2026-06-05T11:15:00+05:30,1487.5,2026-06-11T09:15:00+05:30,1487.7,golden_cross,death_cross,9.0,211.9,13.39,40.17,-256.46,5.92
NSE:LT,LONG,20,2026-06-10T13:15:00+05:30,3937.5,2026-06-11T09:15:00+05:30,3878.0,golden_cross,death_cross,-1190.0,236.91,15.63,46.89,-1489.44,0.83
NSE:SENSEX,LONG,1.2954910111137583,2026-06-10T11:15:00+05:30,74478.02,2026-06-11T10:15:00+05:30,73885.22,golden_cross,death_cross,-767.97,101.14,3.84,19.22,-892.17,0.96
NSE:SENSEX,LONG,1.2871373586721875,2026-06-11T11:15:00+05:30,74270.32,2026-06-11T14:15:00+05:30,73842.21,golden_cross,death_cross,-551.04,100.75,3.81,19.06,-674.66,0.12
NSE:SENSEX,SHORT,1.284311766502581,2026-06-11T15:15:00+05:30,73909.98,2026-06-12T09:15:00+05:30,74531.59,death_cross,golden_cross,-798.34,100.69,3.81,19.06,-921.91,0.75
NSE:NIFTY,SHORT,4.699091813973293,2026-06-11T09:15:00+05:30,23145.5,2026-06-12T10:15:00+05:30,23378.05,death_cross,golden_cross,-1092.77,108.5,4.37,21.86,-1227.51,1.04
NSE:BHARTIARTL,SHORT,25,2026-06-09T09:15:00+05:30,1808.3,2026-06-12T10:15:00+05:30,1809.9,death_cross,golden_cross,-40.0,163.65,9.05,27.14,-239.83,3.04
NSE:LT,SHORT,20,2026-06-11T10:15:00+05:30,3864.5,2026-06-12T11:15:00+05:30,3930.8,death_cross,golden_cross,-1326.0,236.48,15.59,46.77,-1624.84,1.04
NSE:TCS,SHORT,15,2026-06-03T12:15:00+05:30,2239.3,2026-06-15T09:15:00+05:30,2165.9,death_cross,golden_cross,1101.0,136.48,6.61,19.82,938.09,11.88
NSE:WIPRO,SHORT,355,2026-06-03T13:15:00+05:30,203.6,2026-06-15T11:15:00+05:30,181.72,death_cross,golden_cross,7767.4,214.55,13.68,41.04,7498.13,11.92
NSE:ADANIGREEN,SHORT,50,2026-06-11T10:15:00+05:30,1472.0,2026-06-15T11:15:00+05:30,1495.7,death_cross,golden_cross,-1185.0,228.11,14.84,44.52,-1472.46,4.04
NSE:INFY,SHORT,25,2026-06-04T11:15:00+05:30,1203.5,2026-06-16T09:15:00+05:30,1141.8,death_cross,golden_cross,1542.5,128.17,5.86,17.59,1390.88,11.92
NSE:HCLTECH,SHORT,35,2026-06-03T14:15:00+05:30,1179.6,2026-06-16T09:15:00+05:30,1155.3,death_cross,golden_cross,850.5,153.88,8.17,24.52,663.93,12.79
NSE:TATACONSUM,SHORT,30,2026-05-29T15:15:00+05:30,1173.4,2026-06-16T10:15:00+05:30,1130.2,death_cross,golden_cross,1296.0,139.83,6.91,20.73,1128.53,17.79
NSE:ADANIGREEN,LONG,45,2026-06-15T12:15:00+05:30,1494.0,2026-06-16T12:15:00+05:30,1478.0,golden_cross,death_cross,-720.0,211.8,13.37,40.12,-985.3,1.0
NSE:ADANIGREEN,LONG,45,2026-06-16T13:15:00+05:30,1488.0,2026-06-16T15:15:00+05:30,1481.7,golden_cross,death_cross,-283.5,70.72,13.36,40.09,-407.67,0.08
NSE:TATASTEEL,SHORT,365,2026-06-05T10:15:00+05:30,206.8,2026-06-17T13:15:00+05:30,199.08,death_cross,golden_cross,2817.8,227.54,14.81,44.44,2531.0,12.12
NSE:INFY,LONG,30,2026-06-16T10:15:00+05:30,1143.3,2026-06-18T11:15:00+05:30,1132.2,golden_cross,death_cross,-333.0,139.01,6.83,20.48,-499.32,2.04
NSE:TATACONSUM,LONG,30,2026-06-16T11:15:00+05:30,1130.0,2026-06-18T12:15:00+05:30,1109.6,golden_cross,death_cross,-612.0,137.84,6.72,20.16,-776.71,2.04
NSE:ADANIGREEN,SHORT,45,2026-06-17T09:15:00+05:30,1465.4,2026-06-18T13:15:00+05:30,1484.6,death_cross,golden_cross,-864.0,210.71,13.28,39.82,-1127.81,1.17
NSE:TCS,LONG,20,2026-06-15T10:15:00+05:30,2181.7,2026-06-19T09:15:00+05:30,2079.0,golden_cross,death_cross,-2054.0,157.98,8.52,25.56,-2246.06,3.96
NSE:HCLTECH,LONG,35,2026-06-16T10:15:00+05:30,1144.7,2026-06-19T09:15:00+05:30,1111.1,golden_cross,death_cross,-1176.0,150.95,7.9,23.69,-1358.53,2.96
NSE:WIPRO,LONG,440,2026-06-15T12:15:00+05:30,181.53,2026-06-19T09:15:00+05:30,176.6,golden_cross,death_cross,-2169.2,238.4,15.76,47.27,-2470.63,3.88
NSE:HINDUNILVR,LONG,25,2026-06-05T14:15:00+05:30,2120.2,2026-06-22T12:15:00+05:30,2186.0,golden_cross,death_cross,1645.0,182.64,10.77,32.3,1419.3,16.92
NSE:TATACONSUM,SHORT,30,2026-06-18T13:15:00+05:30,1107.2,2026-06-23T09:15:00+05:30,1123.0,death_cross,golden_cross,-474.0,137.51,6.69,20.07,-638.28,4.83
NSE:TATASTEEL,LONG,390,2026-06-17T14:15:00+05:30,198.92,2026-06-23T10:15:00+05:30,196.94,golden_cross,death_cross,-772.2,234.74,15.44,46.32,-1068.7,5.83
NSE:NIFTY,LONG,4.606037233326265,2026-06-12T11:15:00+05:30,23347.4,2026-06-23T12:15:00+05:30,23922.6,golden_cross,death_cross,2649.39,109.15,4.35,21.77,2514.12,11.04
NSE:SENSEX,LONG,1.2593435397830313,2026-06-12T10:15:00+05:30,74645.48,2026-06-23T12:15:00+05:30,76571.66,golden_cross,death_cross,2425.72,101.41,3.81,19.04,2301.46,11.08
NSE:TATACONSUM,LONG,30,2026-06-23T10:15:00+05:30,1121.4,2026-06-23T12:15:00+05:30,1106.8,golden_cross,death_cross,-438.0,58.93,6.68,20.05,-523.67,0.08
NSE:BANKNIFTY,LONG,1.4950701930354053,2026-06-09T09:15:00+05:30,54698.0,2026-06-23T13:15:00+05:30,57376.7,golden_cross,death_cross,4004.84,95.34,3.35,16.76,3889.39,14.17
NSE:SBIN,LONG,45,2026-06-04T09:15:00+05:30,980.05,2026-06-23T13:15:00+05:30,1026.3,golden_cross,death_cross,2081.25,163.3,9.03,27.09,1881.83,19.17
NSE:ITC,LONG,165,2026-06-10T10:15:00+05:30,284.4,2026-06-23T14:15:00+05:30,290.05,golden_cross,death_cross,932.25,168.39,9.48,28.44,725.95,13.17
NSE:ICICIBANK,LONG,20,2026-06-04T12:15:00+05:30,1248.8,2026-06-23T15:15:00+05:30,1335.5,golden_cross,death_cross,1734.0,120.43,5.17,15.51,1592.89,19.12
NSE:LT,LONG,20,2026-06-12T12:15:00+05:30,3932.3,2026-06-23T15:15:00+05:30,4169.8,golden_cross,death_cross,4750.0,242.84,16.2,48.61,4442.34,11.12
NSE:BANKNIFTY,SHORT,1.49718686534608,2026-06-23T14:15:00+05:30,57210.7,2026-06-24T11:15:00+05:30,58022.8,death_cross,golden_cross,-1215.87,95.49,3.45,17.25,-1332.06,0.88
NSE:ADANIGREEN,LONG,45,2026-06-18T14:15:00+05:30,1506.8,2026-06-24T11:15:00+05:30,1505.3,golden_cross,death_cross,-67.5,213.76,13.55,40.66,-335.47,5.88
NSE:BHARTIARTL,LONG,25,2026-06-12T11:15:00+05:30,1814.9,2026-06-24T11:15:00+05:30,1885.0,golden_cross,death_cross,1752.5,165.78,9.25,27.75,1549.72,12.0
NSE:SBIN,SHORT,45,2026-06-23T14:15:00+05:30,1024.65,2026-06-24T12:15:00+05:30,1041.7,death_cross,golden_cross,-767.25,166.52,9.3,27.9,-970.96,0.92
NSE:SENSEX,SHORT,1.258240159637663,2026-06-23T13:15:00+05:30,76534.58,2026-06-24T14:15:00+05:30,76937.51,death_cross,golden_cross,-506.98,101.46,3.86,19.31,-631.61,1.04
NSE:ADANIGREEN,SHORT,45,2026-06-24T12:15:00+05:30,1509.1,2026-06-24T14:15:00+05:30,1527.1,death_cross,golden_cross,-810.0,71.19,13.66,40.99,-935.84,0.08
NSE:NIFTY,SHORT,4.602328761103149,2026-06-23T13:15:00+05:30,23910.85,2026-06-25T09:15:00+05:30,24184.5,death_cross,golden_cross,-1259.43,109.23,4.43,22.14,-1395.22,1.83
NSE:TCS,SHORT,20,2026-06-19T10:15:00+05:30,2075.7,2026-06-25T09:15:00+05:30,2145.0,death_cross,golden_cross,-1386.0,157.04,8.44,25.32,-1576.8,5.96
NSE:LT,SHORT,15,2026-06-24T09:15:00+05:30,4200.5,2026-06-25T10:15:00+05:30,4230.7,death_cross,golden_cross,-453.0,203.7,12.65,37.94,-707.29,1.04
NSE:ITC,SHORT,165,2026-06-23T15:15:00+05:30,290.1,2026-06-25T11:15:00+05:30,291.15,death_cross,golden_cross,-173.25,169.72,9.59,28.77,-381.33,1.83
NSE:HINDUNILVR,SHORT,25,2026-06-22T13:15:00+05:30,2184.8,2026-06-25T11:15:00+05:30,2186.0,death_cross,golden_cross,-30.0,184.56,10.93,32.78,-258.26,2.92
NSE:TATACONSUM,SHORT,30,2026-06-23T13:15:00+05:30,1103.0,2026-06-25T12:15:00+05:30,1120.0,death_cross,golden_cross,-510.0,137.28,6.67,20.01,-673.95,1.96
NSE:ITC,LONG,165,2026-06-25T12:15:00+05:30,290.45,2026-06-25T14:15:00+05:30,289.7,golden_cross,death_cross,-123.75,64.06,9.57,28.72,-226.1,0.08
NSE:TCS,LONG,15,2026-06-25T10:15:00+05:30,2132.2,2026-06-25T15:15:00+05:30,2095.9,golden_cross,death_cross,-544.5,58.32,6.34,19.03,-628.19,0.21
NSE:ADANIGREEN,LONG,45,2026-06-24T15:15:00+05:30,1520.7,2026-06-29T09:15:00+05:30,1483.6,golden_cross,death_cross,-1669.5,213.49,13.52,40.56,-1937.06,4.75
NSE:ITC,SHORT,165,2026-06-25T15:15:00+05:30,290.0,2026-06-29T10:15:00+05:30,291.6,death_cross,golden_cross,-264.0,169.79,9.6,28.79,-472.17,3.79
NSE:NIFTY,LONG,4.490590311700483,2026-06-25T10:15:00+05:30,24196.05,2026-06-29T12:15:00+05:30,23962.7,golden_cross,death_cross,-1047.88,107.85,4.33,21.63,-1181.68,4.08
NSE:SENSEX,LONG,1.2428307714228424,2026-06-24T15:15:00+05:30,76976.82,2026-06-29T12:15:00+05:30,76755.49,golden_cross,death_cross,-275.08,100.94,3.82,19.11,-398.94,4.88
NSE:HINDUNILVR,LONG,25,2026-06-25T12:15:00+05:30,2182.0,2026-06-29T12:15:00+05:30,2159.7,golden_cross,death_cross,-557.5,183.79,10.85,32.56,-784.7,4.0
NSE:LT,LONG,15,2026-06-25T11:15:00+05:30,4261.5,2026-06-29T13:15:00+05:30,4178.0,golden_cross,death_cross,-1252.5,203.9,12.66,37.98,-1507.03,4.08
NSE:BANKNIFTY,LONG,1.4523168262594492,2026-06-24T12:15:00+05:30,58063.8,2026-06-29T14:15:00+05:30,57716.05,golden_cross,death_cross,-505.04,94.43,3.36,16.81,-619.65,5.08
NSE:SBIN,LONG,45,2026-06-24T13:15:00+05:30,1040.15,2026-06-29T14:15:00+05:30,1035.65,golden_cross,death_cross,-202.5,166.95,9.34,28.02,-406.81,5.04
NSE:TATACONSUM,LONG,30,2026-06-25T13:15:00+05:30,1123.6,2026-06-30T09:15:00+05:30,1073.8,golden_cross,death_cross,-1494.0,136.5,6.59,19.78,-1656.87,4.83
NSE:SBIN,SHORT,45,2026-06-29T15:15:00+05:30,1038.95,2026-06-30T10:15:00+05:30,1040.5,death_cross,golden_cross,-69.75,167.12,9.36,28.07,-274.3,0.79
NSE:ICICIBANK,LONG,20,2026-06-24T09:15:00+05:30,1368.7,2026-06-30T13:15:00+05:30,1366.9,golden_cross,death_cross,-36.0,123.93,5.47,16.41,-181.81,6.17
NSE:ADANIGREEN,SHORT,45,2026-06-29T10:15:00+05:30,1484.9,2026-07-01T11:15:00+05:30,1535.1,death_cross,golden_cross,-2259.0,214.32,13.59,40.77,-2527.68,2.04
NSE:BHARTIARTL,SHORT,25,2026-06-24T12:15:00+05:30,1890.0,2026-07-01T11:15:00+05:30,1877.4,death_cross,golden_cross,315.0,167.77,9.42,28.26,109.56,6.96
NSE:SENSEX,SHORT,1.2415298706430407,2026-06-29T13:15:00+05:30,76737.11,2026-07-01T12:15:00+05:30,77055.67,death_cross,golden_cross,-395.5,100.87,3.82,19.09,-519.29,1.96
NSE:ICICIBANK,SHORT,20,2026-06-30T14:15:00+05:30,1375.6,2026-07-01T12:15:00+05:30,1384.2,death_cross,golden_cross,-172.0,124.48,5.52,16.56,-318.56,0.92
NSE:HINDUNILVR,SHORT,25,2026-06-29T13:15:00+05:30,2159.5,2026-07-01T12:15:00+05:30,2176.6,death_cross,golden_cross,-427.5,183.62,10.84,32.52,-654.48,1.96
NSE:BANKNIFTY,SHORT,1.4475542149524376,2026-06-29T15:15:00+05:30,57828.05,2026-07-01T13:15:00+05:30,58019.6,death_cross,golden_cross,-277.28,94.36,3.35,16.77,-391.76,1.92
NSE:NIFTY,SHORT,4.48596857354406,2026-06-29T13:15:00+05:30,23958.35,2026-07-01T13:15:00+05:30,24035.3,death_cross,golden_cross,-345.2,107.74,4.31,21.53,-478.77,2.0
NSE:SBIN,SHORT,45,2026-06-30T11:15:00+05:30,1038.1,2026-07-01T13:15:00+05:30,1045.4,death_cross,golden_cross,-328.5,167.34,9.38,28.13,-533.34,1.08
NSE:ITC,SHORT,160,2026-06-29T11:15:00+05:30,290.2,2026-07-01T13:15:00+05:30,290.5,death_cross,golden_cross,-48.0,166.38,9.29,27.87,-251.54,2.08
NSE:ICICIBANK,SHORT,20,2026-07-01T13:15:00+05:30,1378.0,2026-07-02T09:15:00+05:30,1386.0,death_cross,golden_cross,-160.0,124.57,5.53,16.58,-306.68,0.83
NSE:ITC,LONG,160,2026-07-01T14:15:00+05:30,290.5,2026-07-02T10:15:00+05:30,288.8,golden_cross,death_cross,-272.0,166.15,9.27,27.81,-475.22,0.83
NSE:BHARTIARTL,LONG,25,2026-07-01T12:15:00+05:30,1881.5,2026-07-02T10:15:00+05:30,1858.8,golden_cross,death_cross,-567.5,167.08,9.35,28.05,-771.98,0.92
NSE:INFY,SHORT,30,2026-06-18T12:15:00+05:30,1132.3,2026-07-02T12:15:00+05:30,1038.9,death_cross,golden_cross,2802.0,135.3,6.51,19.54,2640.64,14.0
NSE:ITC,SHORT,160,2026-07-02T11:15:00+05:30,289.0,2026-07-02T12:15:00+05:30,290.1,death_cross,golden_cross,-176.0,63.51,9.27,27.8,-276.57,0.04
NSE:WIPRO,SHORT,440,2026-06-19T10:15:00+05:30,177.1,2026-07-02T12:15:00+05:30,173.98,death_cross,golden_cross,1372.8,234.68,15.45,46.34,1076.33,13.08
NSE:TATACONSUM,SHORT,30,2026-06-30T10:15:00+05:30,1082.0,2026-07-02T12:15:00+05:30,1102.4,death_cross,golden_cross,-612.0,136.0,6.55,19.66,-774.21,2.08
NSE:BHARTIARTL,SHORT,25,2026-07-02T11:15:00+05:30,1857.8,2026-07-02T14:15:00+05:30,1875.0,death_cross,golden_cross,-430.0,63.6,9.33,28.0,-530.93,0.12
NSE:TCS,SHORT,15,2026-06-29T09:15:00+05:30,2078.5,2026-07-02T15:15:00+05:30,2070.9,death_cross,golden_cross,114.0,132.29,6.22,18.67,-43.18,3.25
NSE:HCLTECH,SHORT,35,2026-06-19T10:15:00+05:30,1115.8,2026-07-03T09:15:00+05:30,1126.1,death_cross,golden_cross,-360.5,150.35,7.85,23.54,-542.24,13.96
NSE:TATASTEEL,SHORT,395,2026-06-23T11:15:00+05:30,194.36,2026-07-03T09:15:00+05:30,192.4,death_cross,golden_cross,774.2,232.83,15.28,45.83,480.26,9.92
NSE:SBIN,LONG,40,2026-07-01T14:15:00+05:30,1048.3,2026-07-03T13:15:00+05:30,1037.5,golden_cross,death_cross,-432.0,155.87,8.34,25.03,-621.25,1.96
NSE:ITC,LONG,160,2026-07-02T13:15:00+05:30,290.0,2026-07-06T09:15:00+05:30,288.0,golden_cross,death_cross,-320.0,165.92,9.25,27.74,-522.91,3.83
NSE:SBIN,SHORT,40,2026-07-03T14:15:00+05:30,1040.0,2026-07-06T12:15:00+05:30,1045.5,death_cross,golden_cross,-220.0,155.84,8.34,25.03,-409.21,2.92
NSE:TCS,LONG,15,2026-07-03T09:15:00+05:30,2093.5,2026-07-06T14:15:00+05:30,2058.5,golden_cross,death_cross,-525.0,132.38,6.23,18.68,-682.29,3.21
NSE:TCS,SHORT,15,2026-07-06T15:15:00+05:30,2059.0,2026-07-07T09:15:00+05:30,2104.3,death_cross,golden_cross,-679.5,132.58,6.24,18.73,-837.06,0.75
NSE:ADANIGREEN,LONG,40,2026-07-01T12:15:00+05:30,1539.7,2026-07-07T11:15:00+05:30,1534.9,golden_cross,death_cross,-192.0,199.81,12.3,36.9,-441.0,5.96
NSE:WIPRO,LONG,450,2026-07-02T13:15:00+05:30,173.98,2026-07-07T14:15:00+05:30,173.0,golden_cross,death_cross,-441.0,236.67,15.61,46.84,-740.13,5.04
NSE:TATASTEEL,LONG,405,2026-07-03T10:15:00+05:30,190.77,2026-07-08T09:15:00+05:30,189.16,golden_cross,death_cross,-652.05,234.17,15.39,46.16,-947.76,4.96
NSE:HINDUNILVR,LONG,25,2026-07-01T13:15:00+05:30,2180.0,2026-07-08T09:15:00+05:30,2170.4,golden_cross,death_cross,-240.0,184.0,10.88,32.63,-467.51,6.83
NSE:BANKNIFTY,LONG,1.435612647231155,2026-07-01T14:15:00+05:30,58037.0,2026-07-08T10:15:00+05:30,57990.1,golden_cross,death_cross,-67.33,94.09,3.33,16.66,-181.41,6.83
NSE:NIFTY,LONG,4.457133553979117,2026-07-01T14:15:00+05:30,24006.25,2026-07-08T11:15:00+05:30,24222.4,golden_cross,death_cross,963.41,107.96,4.3,21.5,829.65,6.88
NSE:SENSEX,LONG,1.2297645839068807,2026-07-01T13:15:00+05:30,77050.26,2026-07-08T11:15:00+05:30,77593.24,golden_cross,death_cross,667.74,100.91,3.8,19.02,544.0,6.92
NSE:ICICIBANK,LONG,20,2026-07-02T10:15:00+05:30,1388.9,2026-07-08T11:15:00+05:30,1400.7,golden_cross,death_cross,236.0,125.11,5.58,16.74,88.57,6.04
NSE:WIPRO,SHORT,450,2026-07-07T15:15:00+05:30,173.0,2026-07-08T11:15:00+05:30,175.04,death_cross,golden_cross,-918.0,237.24,15.66,46.99,-1217.88,0.83
NSE:TATACONSUM,LONG,30,2026-07-02T13:15:00+05:30,1112.0,2026-07-08T12:15:00+05:30,1105.7,golden_cross,death_cross,-189.0,137.08,6.65,19.96,-352.69,5.96
NSE:BHARTIARTL,LONG,25,2026-07-02T15:15:00+05:30,1872.9,2026-07-08T12:15:00+05:30,1889.3,golden_cross,death_cross,410.0,167.62,9.41,28.22,204.76,5.88
NSE:WIPRO,LONG,440,2026-07-08T12:15:00+05:30,174.9,2026-07-08T13:15:00+05:30,173.33,golden_cross,death_cross,-690.8,74.13,15.32,45.97,-826.21,0.04
NSE:TCS,LONG,15,2026-07-07T10:15:00+05:30,2113.0,2026-07-08T14:15:00+05:30,2062.2,golden_cross,death_cross,-762.0,132.78,6.26,18.79,-919.83,1.17
NSE:BHARTIARTL,SHORT,25,2026-07-08T13:15:00+05:30,1880.0,2026-07-09T10:15:00+05:30,1952.6,death_cross,golden_cross,-1815.0,169.74,9.58,28.74,-2023.06,0.88
NSE:INFY,LONG,35,2026-07-02T13:15:00+05:30,1039.0,2026-07-09T14:15:00+05:30,1048.3,golden_cross,death_cross,325.5,144.29,7.31,21.92,151.99,7.04
NSE:INFY,SHORT,35,2026-07-09T15:15:00+05:30,1055.3,2026-07-10T09:15:00+05:30,1069.3,death_cross,golden_cross,-490.0,145.8,7.44,22.31,-665.54,0.75
NSE:TATASTEEL,SHORT,405,2026-07-08T10:15:00+05:30,189.2,2026-07-10T09:15:00+05:30,192.48,death_cross,golden_cross,-1328.4,235.0,15.46,46.37,-1625.24,1.96
NSE:WIPRO,SHORT,440,2026-07-08T14:15:00+05:30,172.95,2026-07-10T09:15:00+05:30,176.19,death_cross,golden_cross,-1425.6,233.95,15.36,46.09,-1720.99,1.79
NSE:TATACONSUM,SHORT,30,2026-07-08T13:15:00+05:30,1088.4,2026-07-10T09:15:00+05:30,1116.5,death_cross,golden_cross,-843.0,136.7,6.61,19.84,-1006.16,1.83
NSE:ADANIGREEN,SHORT,40,2026-07-07T12:15:00+05:30,1526.5,2026-07-10T11:15:00+05:30,1542.8,death_cross,golden_cross,-652.0,199.61,12.28,36.83,-900.72,2.96
NSE:BANKNIFTY,SHORT,1.4385641354194538,2026-07-08T11:15:00+05:30,57792.2,2026-07-10T12:15:00+05:30,58078.9,death_cross,golden_cross,-412.44,94.04,3.33,16.67,-526.48,2.04
NSE:TCS,SHORT,15,2026-07-08T15:15:00+05:30,2059.6,2026-07-10T13:15:00+05:30,2068.5,death_cross,golden_cross,-133.5,131.95,6.19,18.58,-290.22,1.92
NSE:BHARTIARTL,LONG,20,2026-07-09T11:15:00+05:30,1942.9,2026-07-10T13:15:00+05:30,1915.8,golden_cross,death_cross,-542.0,148.93,7.72,23.15,-721.8,1.08
NSE:SBIN,SHORT,40,2026-07-06T13:15:00+05:30,1040.7,2026-07-10T14:15:00+05:30,1035.5,death_cross,golden_cross,208.0,155.4,8.3,24.91,19.38,4.04
NSE:NIFTY,SHORT,4.452510816143255,2026-07-08T12:15:00+05:30,24216.95,2026-07-10T15:15:00+05:30,24211.65,death_cross,golden_cross,23.6,107.93,4.31,21.56,-110.2,2.12
NSE:SENSEX,SHORT,1.2282477468605233,2026-07-08T12:15:00+05:30,77587.0,2026-07-10T15:15:00+05:30,77593.11,death_cross,golden_cross,-7.5,100.87,3.81,19.06,-131.25,2.12
NSE:ICICIBANK,SHORT,20,2026-07-08T12:15:00+05:30,1396.4,2026-07-10T15:15:00+05:30,1401.2,death_cross,golden_cross,-96.0,125.31,5.6,16.79,-243.69,2.12
NSE:BHARTIARTL,LONG,20,2026-07-10T14:15:00+05:30,1920.0,2026-07-13T09:15:00+05:30,1906.6,golden_cross,death_cross,-268.0,148.19,7.65,22.96,-446.81,2.79
NSE:TATASTEEL,LONG,390,2026-07-10T10:15:00+05:30,191.13,2026-07-13T10:15:00+05:30,186.8,golden_cross,death_cross,-1688.7,227.04,14.74,44.22,-1974.7,3.0
NSE:TATACONSUM,LONG,25,2026-07-10T10:15:00+05:30,1112.1,2026-07-13T10:15:00+05:30,1102.7,golden_cross,death_cross,-235.0,124.68,5.54,16.61,-381.82,3.0
NSE:NIFTY,SHORT,4.46693575403587,2026-07-13T09:15:00+05:30,24114.15,2026-07-13T11:15:00+05:30,24182.0,death_cross,golden_cross,-303.08,107.88,4.31,21.57,-436.85,0.08
NSE:SBIN,LONG,40,2026-07-10T15:15:00+05:30,1036.4,2026-07-14T10:15:00+05:30,1023.6,golden_cross,death_cross,-512.0,154.73,8.24,24.72,-699.69,3.79
NSE:BHARTIARTL,SHORT,20,2026-07-13T10:15:00+05:30,1899.3,2026-07-14T10:15:00+05:30,1933.8,death_cross,golden_cross,-690.0,148.37,7.67,23.0,-869.04,1.0
NSE:BANKNIFTY,LONG,1.4219965898148799,2026-07-10T13:15:00+05:30,58096.4,2026-07-14T11:15:00+05:30,57495.65,golden_cross,death_cross,-854.26,93.28,3.29,16.44,-967.27,3.92
NSE:NIFTY,LONG,4.429065245669286,2026-07-13T12:15:00+05:30,24222.0,2026-07-14T11:15:00+05:30,24091.9,golden_cross,death_cross,-576.22,107.32,4.28,21.4,-709.22,0.96
NSE:SENSEX,LONG,1.2315483808695495,2026-07-13T09:15:00+05:30,77272.81,2026-07-14T11:15:00+05:30,77205.79,golden_cross,death_cross,-82.54,100.75,3.8,19.02,-206.12,1.08
NSE:HCLTECH,LONG,35,2026-07-03T10:15:00+05:30,1142.3,2026-07-14T15:15:00+05:30,1164.6,golden_cross,death_cross,780.5,152.79,8.07,24.22,595.41,11.21
NSE:BANKNIFTY,SHORT,1.4207325611211363,2026-07-14T12:15:00+05:30,57469.3,2026-07-15T11:15:00+05:30,58079.85,death_cross,golden_cross,-867.43,93.22,3.28,16.42,-980.35,0.96
NSE:SENSEX,SHORT,1.230506014646316,2026-07-14T12:15:00+05:30,77171.26,2026-07-15T11:15:00+05:30,77569.87,death_cross,golden_cross,-490.49,100.7,3.81,19.04,-614.04,0.96
NSE:WIPRO,LONG,425,2026-07-10T10:15:00+05:30,175.27,2026-07-15T12:15:00+05:30,174.98,golden_cross,death_cross,-123.25,228.55,14.89,44.66,-411.34,5.08
NSE:INFY,LONG,35,2026-07-10T10:15:00+05:30,1069.5,2026-07-15T13:15:00+05:30,1079.4,golden_cross,death_cross,346.5,146.68,7.52,22.56,169.73,5.12
NSE:BANKNIFTY,LONG,1.4001496194941998,2026-07-15T12:15:00+05:30,57616.05,2026-07-15T15:15:00+05:30,57719.1,golden_cross,death_cross,144.29,92.71,3.23,16.15,32.2,0.12
NSE:SBIN,SHORT,40,2026-07-14T11:15:00+05:30,1021.4,2026-07-16T10:15:00+05:30,1031.0,death_cross,golden_cross,-384.0,154.39,8.21,24.63,-571.22,1.96
NSE:HCLTECH,SHORT,35,2026-07-15T09:15:00+05:30,1178.8,2026-07-16T10:15:00+05:30,1199.9,death_cross,golden_cross,-738.5,155.7,8.33,24.98,-927.5,1.04
NSE:SENSEX,SHORT,1.223799577022307,2026-07-15T12:15:00+05:30,77093.91,2026-07-16T11:15:00+05:30,77396.52,death_cross,golden_cross,-370.33,100.35,3.78,18.91,-493.37,0.96
NSE:INFY,SHORT,35,2026-07-15T14:15:00+05:30,1075.9,2026-07-16T11:15:00+05:30,1090.0,death_cross,golden_cross,-493.5,147.41,7.58,22.74,-671.23,0.88
NSE:WIPRO,SHORT,420,2026-07-15T13:15:00+05:30,175.16,2026-07-16T11:15:00+05:30,177.07,death_cross,golden_cross,-802.2,227.58,14.79,44.38,-1088.96,0.92
NSE:ADANIGREEN,LONG,40,2026-07-10T12:15:00+05:30,1526.0,2026-07-16T13:15:00+05:30,1553.0,golden_cross,death_cross,1080.0,199.91,12.32,36.95,830.83,6.04
NSE:SENSEX,LONG,1.2128014252781318,2026-07-16T12:15:00+05:30,77387.44,2026-07-16T14:15:00+05:30,77200.51,golden_cross,death_cross,-226.71,99.94,3.75,18.75,-349.15,0.08
NSE:ITC,SHORT,155,2026-07-06T10:15:00+05:30,288.45,2026-07-16T14:15:00+05:30,279.3,death_cross,golden_cross,1418.25,160.81,8.8,26.4,1222.24,10.17
NSE:NIFTY,SHORT,4.425552502758806,2026-07-14T12:15:00+05:30,24081.45,2026-07-17T09:15:00+05:30,24239.85,death_cross,golden_cross,-701.01,107.25,4.28,21.38,-833.92,2.88
NSE:SENSEX,SHORT,1.2103226504838998,2026-07-16T15:15:00+05:30,77258.32,2026-07-17T09:15:00+05:30,77812.21,death_cross,golden_cross,-670.39,99.89,3.75,18.77,-792.8,0.75
NSE:BHARTIARTL,LONG,20,2026-07-14T11:15:00+05:30,1935.1,2026-07-17T09:15:00+05:30,1914.4,golden_cross,death_cross,-414.0,148.71,7.7,23.1,-593.51,2.92
NSE:BANKNIFTY,SHORT,1.3996755546988924,2026-07-16T09:15:00+05:30,57658.5,2026-07-17T10:15:00+05:30,58062.6,death_cross,golden_cross,-565.61,92.67,3.24,16.2,-677.72,1.04
NSE:WIPRO,LONG,410,2026-07-16T12:15:00+05:30,177.7,2026-07-17T10:15:00+05:30,174.82,golden_cross,death_cross,-1180.8,223.83,14.45,43.36,-1462.44,0.92
NSE:HINDUNILVR,SHORT,25,2026-07-08T10:15:00+05:30,2175.0,2026-07-17T12:15:00+05:30,2139.9,death_cross,golden_cross,877.5,182.93,10.79,32.36,651.42,9.08
NSE:BHARTIARTL,SHORT,20,2026-07-17T10:15:00+05:30,1910.7,2026-07-20T11:15:00+05:30,1935.6,death_cross,golden_cross,-498.0,148.65,7.69,23.08,-677.42,3.04
NSE:LT,SHORT,15,2026-06-29T14:15:00+05:30,4169.8,2026-07-20T12:15:00+05:30,3840.0,death_cross,golden_cross,4947.0,196.27,12.01,36.04,4702.67,20.92
NSE:TATACONSUM,SHORT,25,2026-07-13T11:15:00+05:30,1095.2,2026-07-20T13:15:00+05:30,1092.0,death_cross,golden_cross,80.0,123.89,5.47,16.4,-65.76,7.08
NSE:INFY,LONG,35,2026-07-16T12:15:00+05:30,1091.5,2026-07-20T15:15:00+05:30,1087.6,golden_cross,death_cross,-136.5,147.89,7.63,22.88,-314.9,4.12
NSE:TATASTEEL,SHORT,390,2026-07-13T11:15:00+05:30,186.63,2026-07-20T15:15:00+05:30,186.5,death_cross,golden_cross,50.7,224.83,14.55,43.66,-232.34,7.17
NSE:WIPRO,SHORT,405,2026-07-17T11:15:00+05:30,174.95,2026-07-20T15:15:00+05:30,176.55,death_cross,golden_cross,-648.0,221.37,14.24,42.71,-926.31,3.17
NSE:TATACONSUM,LONG,25,2026-07-20T14:15:00+05:30,1091.9,2026-07-21T10:15:00+05:30,1084.7,golden_cross,death_cross,-180.0,123.61,5.44,16.32,-325.38,0.83
NSE:SENSEX,LONG,1.1911034894301011,2026-07-17T10:15:00+05:30,77841.32,2026-07-21T11:15:00+05:30,77450.14,golden_cross,death_cross,-465.94,99.17,3.7,18.5,-587.31,4.04
NSE:NIFTY,LONG,4.363079921941513,2026-07-17T10:15:00+05:30,24235.7,2026-07-21T12:15:00+05:30,24151.55,golden_cross,death_cross,-367.15,106.56,4.22,21.11,-499.05,4.08
NSE:ADANIGREEN,SHORT,40,2026-07-16T14:15:00+05:30,1543.6,2026-07-21T13:15:00+05:30,1553.4,death_cross,golden_cross,-392.0,200.82,12.39,37.16,-642.37,4.96
NSE:BANKNIFTY,LONG,1.3773195543654004,2026-07-17T11:15:00+05:30,58103.8,2026-07-21T14:15:00+05:30,57814.85,golden_cross,death_cross,-397.98,92.06,3.19,15.97,-509.2,4.12
NSE:TCS,LONG,15,2026-07-10T14:15:00+05:30,2072.1,2026-07-21T14:15:00+05:30,2221.0,golden_cross,death_cross,2233.5,134.52,6.44,19.32,2073.22,11.0
NSE:TATASTEEL,SHORT,390,2026-07-21T09:15:00+05:30,185.42,2026-07-21T14:15:00+05:30,187.37,death_cross,golden_cross,-760.5,72.74,14.54,43.62,-891.39,0.21
NSE:SBIN,LONG,40,2026-07-16T11:15:00+05:30,1029.7,2026-07-22T09:15:00+05:30,1028.4,golden_cross,death_cross,-52.0,154.61,8.23,24.7,-239.54,5.92
NSE:ITC,LONG,165,2026-07-16T15:15:00+05:30,279.8,2026-07-22T09:15:00+05:30,278.95,golden_cross,death_cross,-140.25,165.59,9.22,27.66,-342.72,5.75
NSE:ADANIGREEN,LONG,40,2026-07-21T14:15:00+05:30,1542.0,2026-07-22T09:15:00+05:30,1521.8,golden_cross,death_cross,-808.0,199.37,12.26,36.77,-1056.39,0.79
NSE:TATASTEEL,LONG,380,2026-07-21T15:15:00+05:30,187.3,2026-07-22T10:15:00+05:30,185.86,golden_cross,death_cross,-547.2,220.74,14.18,42.54,-824.66,0.79
NSE:TATACONSUM,SHORT,25,2026-07-21T11:15:00+05:30,1084.9,2026-07-22T13:15:00+05:30,1096.8,death_cross,golden_cross,-297.5,123.76,5.45,16.36,-443.08,1.08
NSE:LT,LONG,20,2026-07-20T13:15:00+05:30,3843.8,2026-07-22T13:15:00+05:30,3815.2,golden_cross,death_cross,-572.0,233.39,15.32,45.95,-866.66,2.0
NSE:ICICIBANK,LONG,20,2026-07-13T09:15:00+05:30,1399.7,2026-07-22T14:15:00+05:30,1442.7,golden_cross,death_cross,860.0,126.24,5.68,17.05,711.02,9.21
NSE:TATASTEEL,SHORT,380,2026-07-22T11:15:00+05:30,186.01,2026-07-22T14:15:00+05:30,186.56,death_cross,golden_cross,-209.0,72.13,14.16,42.47,-337.76,0.12
NSE:TATASTEEL,LONG,380,2026-07-22T15:15:00+05:30,185.99,2026-07-23T09:15:00+05:30,185.18,golden_cross,death_cross,-307.8,219.89,14.1,42.31,-584.1,0.75
NSE:ITC,SHORT,165,2026-07-22T10:15:00+05:30,279.35,2026-07-23T10:15:00+05:30,282.1,death_cross,golden_cross,-453.75,166.11,9.26,27.79,-656.91,1.0
NSE:BHARTIARTL,LONG,20,2026-07-20T12:15:00+05:30,1933.3,2026-07-23T12:15:00+05:30,1931.8,golden_cross,death_cross,-30.0,149.03,7.73,23.19,-209.95,3.0
NSE:TCS,SHORT,15,2026-07-21T15:15:00+05:30,2219.0,2026-07-23T13:15:00+05:30,2240.0,death_cross,golden_cross,-315.0,137.48,6.69,20.07,-479.23,1.92
NSE:WIPRO,SHORT,400,2026-07-21T09:15:00+05:30,176.02,2026-07-24T12:15:00+05:30,176.89,death_cross,golden_cross,-348.0,220.02,14.12,42.35,-624.49,3.12
NSE:HINDUNILVR,LONG,25,2026-07-17T13:15:00+05:30,2144.4,2026-07-24T14:15:00+05:30,2143.7,golden_cross,death_cross,-17.5,182.26,10.72,32.16,-242.64,7.04
NSE:TATACONSUM,LONG,25,2026-07-22T14:15:00+05:30,1095.0,2026-07-24T15:15:00+05:30,1092.0,golden_cross,death_cross,-75.0,123.89,5.47,16.4,-220.76,2.04
NSE:HINDUNILVR,SHORT,25,2026-07-24T15:15:00+05:30,2146.5,2026-07-27T09:15:00+05:30,2171.0,death_cross,golden_cross,-612.5,183.12,10.79,32.38,-838.79,2.75
NSE:INFY,SHORT,35,2026-07-21T09:15:00+05:30,1080.0,2026-07-27T11:15:00+05:30,1078.8,death_cross,golden_cross,42.0,147.09,7.56,22.67,-135.31,6.08
NSE:LT,SHORT,20,2026-07-22T14:15:00+05:30,3822.4,2026-07-27T11:15:00+05:30,3812.0,death_cross,golden_cross,208.0,232.79,15.27,45.81,-85.86,4.88
NSE:BANKNIFTY,SHORT,1.375356719669491,2026-07-21T15:15:00+05:30,57817.6,2026-07-27T13:15:00+05:30,57123.4,death_cross,golden_cross,954.77,91.94,3.16,15.81,843.86,5.92
NSE:NIFTY,SHORT,4.355570553481553,2026-07-21T13:15:00+05:30,24163.25,2026-07-27T13:15:00+05:30,23995.9,death_cross,golden_cross,728.9,106.44,4.2,20.98,597.29,6.0
NSE:SENSEX,SHORT,1.1908805153381004,2026-07-21T12:15:00+05:30,77364.2,2026-07-27T13:15:00+05:30,76850.88,death_cross,golden_cross,611.3,99.06,3.67,18.37,490.2,6.04
NSE:ICICIBANK,SHORT,20,2026-07-22T15:15:00+05:30,1439.7,2026-07-27T14:15:00+05:30,1445.1,death_cross,golden_cross,-108.0,127.25,5.77,17.31,-258.33,4.96
NSE:HINDUNILVR,LONG,25,2026-07-27T10:15:00+05:30,2177.0,2026-07-28T10:15:00+05:30,2080.0,golden_cross,death_cross,-2425.0,181.57,10.64,31.93,-2649.14,1.0
NSE:ICICIBANK,LONG,20,2026-07-27T15:15:00+05:30,1445.5,2026-07-28T11:15:00+05:30,1431.1,golden_cross,death_cross,-288.0,127.08,5.75,17.26,-438.1,0.83
NSE:TATACONSUM,LONG,25,2026-07-27T09:15:00+05:30,1104.1,2026-07-28T12:15:00+05:30,1083.2,golden_cross,death_cross,-522.5,123.93,5.47,16.4,-668.31,1.12
NSE:BANKNIFTY,LONG,1.4077974003754727,2026-07-27T14:15:00+05:30,57082.9,2026-07-28T13:15:00+05:30,56807.45,golden_cross,death_cross,-387.78,92.26,3.21,16.03,-499.27,0.96
NSE:TATASTEEL,SHORT,380,2026-07-23T10:15:00+05:30,184.8,2026-07-29T09:15:00+05:30,187.0,death_cross,golden_cross,-836.0,220.19,14.13,42.39,-1112.7,5.96
NSE:BHARTIARTL,SHORT,20,2026-07-23T13:15:00+05:30,1927.8,2026-07-29T09:15:00+05:30,1938.1,death_cross,golden_cross,-206.0,149.06,7.73,23.2,-385.99,5.83
NSE:BANKNIFTY,SHORT,1.4085611969306693,2026-07-28T14:15:00+05:30,56698.55,2026-07-29T10:15:00+05:30,57157.25,death_cross,golden_cross,-646.11,92.2,3.21,16.04,-757.56,0.83
NSE:ICICIBANK,SHORT,20,2026-07-28T12:15:00+05:30,1425.9,2026-07-29T13:15:00+05:30,1438.8,death_cross,golden_cross,-258.0,126.82,5.73,17.19,-407.73,1.04
NSE:ICICIBANK,LONG,20,2026-07-29T14:15:00+05:30,1438.7,2026-07-30T09:15:00+05:30,1429.4,golden_cross,death_cross,-186.0,126.89,5.74,17.21,-335.83,0.79
NSE:TATACONSUM,SHORT,25,2026-07-28T13:15:00+05:30,1083.6,2026-07-30T10:15:00+05:30,1101.0,death_cross,golden_cross,-435.0,123.85,5.46,16.38,-580.7,1.88
NSE:SBIN,SHORT,40,2026-07-22T10:15:00+05:30,1023.5,2026-07-30T12:15:00+05:30,1023.7,death_cross,golden_cross,-8.0,154.13,8.19,24.57,-194.88,8.08
NSE:TATACONSUM,LONG,25,2026-07-30T11:15:00+05:30,1095.0,2026-07-30T12:15:00+05:30,1091.5,golden_cross,death_cross,-87.5,56.82,5.47,16.4,-166.19,0.04
NSE:BANKNIFTY,LONG,1.3816751420021214,2026-07-29T11:15:00+05:30,57255.2,2026-07-30T13:15:00+05:30,56960.9,golden_cross,death_cross,-406.63,91.54,3.16,15.78,-517.1,1.08
NSE:ITC,LONG,160,2026-07-23T11:15:00+05:30,283.25,2026-07-31T09:15:00+05:30,282.8,golden_cross,death_cross,-72.0,163.78,9.06,27.17,-272.0,7.92
NSE:TCS,LONG,15,2026-07-23T14:15:00+05:30,2243.7,2026-07-31T12:15:00+05:30,2378.7,golden_cross,death_cross,2025.0,140.03,6.93,20.8,1857.24,7.92
NSE:ICICIBANK,SHORT,20,2026-07-30T10:15:00+05:30,1427.4,2026-07-31T14:15:00+05:30,1436.8,death_cross,golden_cross,-188.0,126.8,5.73,17.19,-337.71,1.17
NSE:ADANIGREEN,SHORT,40,2026-07-22T10:15:00+05:30,1524.7,2026-07-31T15:15:00+05:30,1378.0,death_cross,golden_cross,5868.0,191.71,11.61,34.83,5629.84,9.21
NSE:HINDUNILVR,SHORT,25,2026-07-28T11:15:00+05:30,2056.1,2026-08-03T09:15:00+05:30,2120.2,death_cross,golden_cross,-1602.5,179.27,10.44,31.32,-1823.53,5.92
NSE:ITC,SHORT,160,2026-07-31T10:15:00+05:30,281.55,2026-08-03T10:15:00+05:30,288.45,death_cross,golden_cross,-1104.0,164.56,9.12,27.36,-1305.04,3.0
NSE:TCS,SHORT,15,2026-07-31T13:15:00+05:30,2364.1,2026-08-03T11:15:00+05:30,2430.0,death_cross,golden_cross,-988.5,143.11,7.19,21.57,-1160.38,2.92
NSE:TATACONSUM,SHORT,25,2026-07-30T13:15:00+05:30,1092.5,2026-08-03T14:15:00+05:30,1099.8,death_cross,golden_cross,-182.5,124.05,5.48,16.44,-328.47,4.04
NSE:HINDUNILVR,LONG,25,2026-08-03T10:15:00+05:30,2116.2,2026-08-04T12:15:00+05:30,2084.1,golden_cross,death_cross,-802.5,179.88,10.5,31.5,-1024.38,1.08
NSE:TATACONSUM,LONG,25,2026-08-03T15:15:00+05:30,1110.0,2026-08-04T13:15:00+05:30,1085.0,golden_cross,death_cross,-625.0,124.16,5.49,16.46,-771.11,0.92
NSE:ADANIGREEN,LONG,45,2026-08-03T09:15:00+05:30,1407.6,2026-08-05T11:15:00+05:30,1380.1,golden_cross,death_cross,-1237.5,202.62,12.54,37.63,-1490.3,2.08
NSE:HCLTECH,LONG,35,2026-07-16T11:15:00+05:30,1193.5,2026-08-05T13:15:00+05:30,1340.2,golden_cross,death_cross,5134.5,161.29,8.87,26.6,4937.74,20.08
NSE:TCS,LONG,15,2026-08-03T12:15:00+05:30,2433.9,2026-08-05T14:15:00+05:30,2414.2,golden_cross,death_cross,-295.5,143.96,7.27,21.82,-468.55,2.08
NSE:TATACONSUM,SHORT,25,2026-08-04T14:15:00+05:30,1084.5,2026-08-06T09:15:00+05:30,1097.2,death_cross,golden_cross,-317.5,123.76,5.45,16.36,-463.08,1.79
NSE:ITC,LONG,150,2026-08-03T11:15:00+05:30,288.2,2026-08-06T10:15:00+05:30,284.35,golden_cross,death_cross,-577.5,158.61,8.59,25.76,-770.46,2.96
NSE:WIPRO,LONG,390,2026-07-24T13:15:00+05:30,177.71,2026-08-06T11:15:00+05:30,185.96,golden_cross,death_cross,3217.5,220.5,14.18,42.55,2940.27,12.92
NSE:BHARTIARTL,LONG,20,2026-07-29T10:15:00+05:30,1942.0,2026-08-06T14:15:00+05:30,1947.1,golden_cross,death_cross,102.0,149.56,7.78,23.33,-78.67,8.17
NSE:TATASTEEL,LONG,365,2026-07-29T10:15:00+05:30,187.67,2026-08-06T15:15:00+05:30,189.3,golden_cross,death_cross,594.95,215.98,13.76,41.28,323.93,8.21
NSE:TATACONSUM,LONG,25,2026-08-06T10:15:00+05:30,1100.0,2026-08-07T09:15:00+05:30,1084.7,golden_cross,death_cross,-382.5,123.85,5.46,16.39,-528.2,0.96
NSE:WIPRO,SHORT,390,2026-08-06T12:15:00+05:30,185.75,2026-08-07T11:15:00+05:30,186.92,death_cross,golden_cross,-456.3,224.67,14.53,43.6,-739.11,0.96
NSE:TCS,SHORT,15,2026-08-05T15:15:00+05:30,2413.0,2026-08-07T12:15:00+05:30,2434.8,death_cross,golden_cross,-327.0,143.96,7.27,21.82,-500.05,1.88
NSE:ICICIBANK,LONG,20,2026-07-31T15:15:00+05:30,1433.9,2026-08-07T12:15:00+05:30,1433.5,golden_cross,death_cross,-8.0,126.86,5.73,17.2,-157.8,6.88
NSE:HCLTECH,SHORT,35,2026-08-05T14:15:00+05:30,1340.0,2026-08-07T13:15:00+05:30,1353.4,death_cross,golden_cross,-469.0,167.92,9.43,28.28,-674.63,1.96
NSE:NIFTY,LONG,4.4123726607254214,2026-07-27T14:15:00+05:30,23987.15,2026-08-07T14:15:00+05:30,24554.55,golden_cross,death_cross,2503.58,108.11,4.28,21.42,2369.76,11.0
NSE:SENSEX,LONG,1.2056415694808476,2026-07-27T14:15:00+05:30,76822.38,2026-08-07T14:15:00+05:30,78491.91,golden_cross,death_cross,2012.85,100.41,3.75,18.73,1889.97,11.0
NSE:HINDUNILVR,SHORT,25,2026-08-04T13:15:00+05:30,2074.0,2026-08-07T14:15:00+05:30,2096.0,death_cross,golden_cross,-550.0,179.02,10.43,31.27,-770.72,3.04
NSE:HINDUNILVR,LONG,25,2026-08-07T15:15:00+05:30,2096.0,2026-08-10T09:15:00+05:30,2082.0,golden_cross,death_cross,-350.0,179.22,10.45,31.33,-571.0,2.75
NSE:BANKNIFTY,LONG,1.3751516308984535,2026-07-30T14:15:00+05:30,57151.9,2026-08-10T10:15:00+05:30,57716.0,golden_cross,death_cross,775.72,91.87,3.16,15.8,664.9,10.83
NSE:NIFTY,SHORT,4.403746795090408,2026-08-07T15:15:00+05:30,24570.65,2026-08-10T10:15:00+05:30,24602.35,death_cross,golden_cross,-139.6,108.14,4.33,21.65,-273.73,2.79
NSE:TATASTEEL,SHORT,365,2026-08-07T09:15:00+05:30,188.3,2026-08-10T11:15:00+05:30,191.22,death_cross,golden_cross,-1065.8,217.14,13.85,41.56,-1338.35,3.08
NSE:TATACONSUM,SHORT,25,2026-08-07T10:15:00+05:30,1081.8,2026-08-10T11:15:00+05:30,1100.9,death_cross,golden_cross,-477.5,123.8,5.46,16.37,-623.13,3.04
NSE:HINDUNILVR,SHORT,25,2026-08-10T10:15:00+05:30,2085.8,2026-08-10T12:15:00+05:30,2092.6,death_cross,golden_cross,-170.0,65.59,10.45,31.34,-277.37,0.08
NSE:WIPRO,LONG,385,2026-08-07T12:15:00+05:30,186.96,2026-08-10T12:15:00+05:30,185.51,golden_cross,death_cross,-558.25,222.52,14.34,43.02,-838.13,3.0
NSE:NIFTY,LONG,4.386186391601671,2026-08-10T11:15:00+05:30,24606.8,2026-08-11T09:15:00+05:30,24473.0,golden_cross,death_cross,-586.87,107.68,4.31,21.53,-720.38,0.92
NSE:SBIN,LONG,40,2026-07-30T13:15:00+05:30,1021.8,2026-08-11T10:15:00+05:30,1069.3,golden_cross,death_cross,1900.0,155.93,8.36,25.09,1710.61,11.88
NSE:TATASTEEL,LONG,355,2026-08-10T12:15:00+05:30,190.88,2026-08-11T10:15:00+05:30,188.33,golden_cross,death_cross,-905.25,212.79,13.46,40.39,-1171.89,0.92
NSE:TATACONSUM,LONG,20,2026-08-10T12:15:00+05:30,1097.7,2026-08-11T11:15:00+05:30,1078.0,golden_cross,death_cross,-394.0,111.51,4.35,13.05,-522.92,0.96
NSE:LT,LONG,20,2026-07-27T12:15:00+05:30,3822.3,2026-08-11T15:15:00+05:30,4037.4,golden_cross,death_cross,4302.0,237.49,15.72,47.16,4001.64,15.12
NSE:TCS,LONG,15,2026-08-07T13:15:00+05:30,2445.8,2026-08-12T10:15:00+05:30,2346.5,golden_cross,death_cross,-1489.5,143.12,7.19,21.57,-1661.38,4.88
NSE:INFY,LONG,30,2026-07-27T12:15:00+05:30,1080.5,2026-08-12T11:15:00+05:30,1166.0,golden_cross,death_cross,2565.0,137.83,6.74,20.22,2400.21,15.96
NSE:SBIN,SHORT,40,2026-08-11T11:15:00+05:30,1064.5,2026-08-12T11:15:00+05:30,1075.8,death_cross,golden_cross,-452.0,158.3,8.56,25.68,-644.54,1.0
NSE:HCLTECH,LONG,35,2026-08-07T14:15:00+05:30,1349.3,2026-08-12T13:15:00+05:30,1354.0,golden_cross,death_cross,164.5,168.26,9.46,28.38,-41.6,4.96
NSE:BANKNIFTY,SHORT,1.374004076097135,2026-08-10T11:15:00+05:30,57682.1,2026-08-12T15:15:00+05:30,57885.85,death_cross,golden_cross,-279.95,91.85,3.18,15.88,-390.86,2.17
NSE:BHARTIARTL,SHORT,20,2026-08-06T15:15:00+05:30,1948.0,2026-08-13T10:15:00+05:30,1960.2,death_cross,golden_cross,-244.0,150.01,7.82,23.45,-425.27,6.79
NSE:HINDUNILVR,SHORT,20,2026-08-10T13:15:00+05:30,2085.0,2026-08-13T14:15:00+05:30,2088.0,death_cross,golden_cross,-60.0,155.88,8.35,25.04,-249.26,3.04
NSE:TATACONSUM,SHORT,20,2026-08-11T12:15:00+05:30,1084.3,2026-08-13T14:15:00+05:30,1094.0,death_cross,golden_cross,-194.0,111.56,4.36,13.07,-322.98,2.08
NSE:LT,SHORT,20,2026-08-12T09:15:00+05:30,3997.7,2026-08-13T14:15:00+05:30,4051.2,death_cross,golden_cross,-1070.0,242.09,16.1,48.29,-1376.48,1.21
NSE:BANKNIFTY,LONG,1.3689190561879963,2026-08-13T09:15:00+05:30,57611.7,2026-08-14T10:15:00+05:30,57457.05,golden_cross,death_cross,-211.7,91.51,3.15,15.75,-322.11,1.04
NSE:SBIN,LONG,40,2026-08-12T12:15:00+05:30,1079.8,2026-08-14T10:15:00+05:30,1068.4,golden_cross,death_cross,-456.0,158.65,8.59,25.78,-649.02,1.92
NSE:WIPRO,SHORT,385,2026-08-10T13:15:00+05:30,185.53,2026-08-14T13:15:00+05:30,184.48,death_cross,golden_cross,404.25,221.4,14.25,42.74,125.87,4.0
NSE:ADANIGREEN,SHORT,45,2026-08-05T12:15:00+05:30,1383.6,2026-08-14T15:15:00+05:30,1348.0,death_cross,golden_cross,1602.0,199.6,12.29,36.88,1353.23,9.12
NSE:HCLTECH,LONG,30,2026-08-12T14:15:00+05:30,1360.0,2026-08-17T09:15:00+05:30,1340.1,golden_cross,death_cross,-597.0,153.19,8.1,24.3,-782.59,4.79
NSE:HINDUNILVR,LONG,20,2026-08-13T15:15:00+05:30,2092.0,2026-08-17T09:15:00+05:30,2059.7,golden_cross,death_cross,-646.0,155.45,8.3,24.91,-834.66,3.75
NSE:WIPRO,LONG,385,2026-08-14T14:15:00+05:30,184.0,2026-08-17T09:15:00+05:30,181.62,golden_cross,death_cross,-916.3,219.62,14.08,42.23,-1192.22,2.79
NSE:TATACONSUM,LONG,20,2026-08-13T15:15:00+05:30,1090.5,2026-08-17T10:15:00+05:30,1074.2,golden_cross,death_cross,-326.0,111.26,4.33,12.99,-454.58,3.79
NSE:TATASTEEL,SHORT,355,2026-08-11T11:15:00+05:30,187.1,2026-08-17T15:15:00+05:30,186.0,death_cross,golden_cross,390.5,210.28,13.25,39.74,127.24,6.17
NSE:BHARTIARTL,LONG,20,2026-08-13T11:15:00+05:30,1962.9,2026-08-18T10:15:00+05:30,1947.0,golden_cross,death_cross,-318.0,150.05,7.82,23.46,-499.33,4.96
NSE:TATASTEEL,LONG,360,2026-08-18T09:15:00+05:30,185.78,2026-08-19T10:15:00+05:30,184.43,golden_cross,death_cross,-486.0,211.27,13.33,39.98,-750.58,1.04
NSE:LT,LONG,20,2026-08-13T15:15:00+05:30,4070.7,2026-08-19T11:15:00+05:30,4035.9,golden_cross,death_cross,-696.0,243.35,16.21,48.64,-1004.2,5.83
NSE:BANKNIFTY,SHORT,1.367002350465363,2026-08-14T11:15:00+05:30,57457.55,2026-08-20T10:15:00+05:30,57679.6,death_cross,golden_cross,-303.54,91.45,3.15,15.74,-413.88,5.96
NSE:LT,SHORT,20,2026-08-19T12:15:00+05:30,4032.0,2026-08-20T11:15:00+05:30,4074.3,death_cross,golden_cross,-846.0,243.35,16.21,48.64,-1154.2,0.96
NSE:SENSEX,SHORT,1.2038926487311712,2026-08-07T15:15:00+05:30,78499.17,2026-08-20T14:15:00+05:30,77488.19,death_cross,golden_cross,1217.11,100.37,3.76,18.78,1094.2,12.96
NSE:WIPRO,SHORT,385,2026-08-17T10:15:00+05:30,181.45,2026-08-20T14:15:00+05:30,181.15,death_cross,golden_cross,115.5,218.25,13.96,41.88,-158.59,3.17
NSE:NIFTY,SHORT,4.384715819885171,2026-08-11T10:15:00+05:30,24451.25,2026-08-20T15:15:00+05:30,24231.85,death_cross,golden_cross,962.01,107.54,4.27,21.35,828.85,9.21
NSE:ICICIBANK,SHORT,20,2026-08-07T13:15:00+05:30,1429.2,2026-08-21T09:15:00+05:30,1415.0,death_cross,golden_cross,284.0,126.32,5.69,17.07,134.93,13.83
NSE:ADANIGREEN,SHORT,50,2026-08-17T09:15:00+05:30,1335.6,2026-08-21T12:15:00+05:30,1317.2,death_cross,golden_cross,920.0,210.45,13.26,39.79,656.49,4.12
NSE:ADANIGREEN,LONG,50,2026-08-21T13:15:00+05:30,1316.7,2026-08-24T10:15:00+05:30,1303.3,golden_cross,death_cross,-670.0,208.75,13.1,39.3,-931.15,2.88
NSE:INFY,SHORT,30,2026-08-12T12:15:00+05:30,1166.6,2026-08-24T11:15:00+05:30,1134.9,death_cross,golden_cross,951.0,139.78,6.9,20.71,783.6,11.96
NSE:TATASTEEL,SHORT,360,2026-08-19T11:15:00+05:30,183.55,2026-08-24T11:15:00+05:30,184.82,death_cross,golden_cross,-457.2,210.53,13.26,39.78,-720.77,5.0
NSE:BANKNIFTY,LONG,1.3561457792207543,2026-08-20T11:15:00+05:30,57613.25,2026-08-24T12:15:00+05:30,57276.35,golden_cross,death_cross,-456.89,90.96,3.12,15.58,-566.55,4.04
NSE:SENSEX,LONG,1.232890314957185,2026-08-20T15:15:00+05:30,77537.72,2026-08-24T12:15:00+05:30,77252.38,golden_cross,death_cross,-351.79,100.85,3.82,19.08,-475.55,3.88
NSE:NIFTY,LONG,4.457810356776103,2026-08-21T09:15:00+05:30,24235.7,2026-08-24T13:15:00+05:30,24151.1,golden_cross,death_cross,-377.13,107.85,4.31,21.57,-510.86,3.17
NSE:INFY,LONG,35,2026-08-24T12:15:00+05:30,1136.7,2026-08-25T09:15:00+05:30,1128.7,golden_cross,death_cross,-280.0,151.26,7.93,23.79,-462.97,0.88
NSE:WIPRO,LONG,385,2026-08-21T09:15:00+05:30,181.0,2026-08-25T10:15:00+05:30,179.36,golden_cross,death_cross,-631.4,217.35,13.87,41.62,-904.24,4.04
NSE:ADANIGREEN,SHORT,50,2026-08-24T11:15:00+05:30,1300.7,2026-08-25T12:15:00+05:30,1320.0,death_cross,golden_cross,-965.0,208.81,13.1,39.31,-1226.23,1.04
NSE:NIFTY,SHORT,4.446499939227815,2026-08-24T14:15:00+05:30,24182.8,2026-08-25T15:15:00+05:30,24334.55,death_cross,golden_cross,-674.76,107.79,4.31,21.57,-808.43,1.04
NSE:SENSEX,SHORT,1.231808561099862,2026-08-24T13:15:00+05:30,77220.91,2026-08-25T15:15:00+05:30,77656.09,death_cross,golden_cross,-536.06,100.79,3.82,19.08,-659.75,1.08
NSE:BANKNIFTY,SHORT,1.3527586497154171,2026-08-24T13:15:00+05:30,57339.95,2026-08-26T09:15:00+05:30,57903.55,death_cross,golden_cross,-762.41,90.92,3.12,15.59,-872.04,1.83
NSE:ITC,SHORT,150,2026-08-06T11:15:00+05:30,285.3,2026-08-26T09:15:00+05:30,272.45,death_cross,golden_cross,1927.5,155.95,8.37,25.1,1738.08,19.92
NSE:HINDUNILVR,SHORT,20,2026-08-17T10:15:00+05:30,2061.2,2026-08-26T09:15:00+05:30,2043.1,death_cross,golden_cross,362.0,154.32,8.21,24.63,174.85,8.96
NSE:SBIN,SHORT,40,2026-08-14T11:15:00+05:30,1070.1,2026-08-26T10:15:00+05:30,1056.2,death_cross,golden_cross,556.0,157.6,8.51,25.52,364.38,11.96
NSE:LT,LONG,20,2026-08-20T12:15:00+05:30,4080.2,2026-08-26T12:15:00+05:30,4050.1,golden_cross,death_cross,-602.0,243.87,16.26,48.78,-910.91,6.0
NSE:HINDUNILVR,LONG,25,2026-08-26T10:15:00+05:30,2038.8,2026-08-27T09:15:00+05:30,2005.2,golden_cross,death_cross,-840.0,175.54,10.11,30.33,-1055.98,0.96
NSE:NIFTY,LONG,4.384136085018482,2026-08-26T09:15:00+05:30,24342.95,2026-08-27T10:15:00+05:30,24155.85,golden_cross,death_cross,-820.27,106.88,4.25,21.26,-952.66,1.04
NSE:SENSEX,LONG,1.2132555753543155,2026-08-26T09:15:00+05:30,77859.61,2026-08-27T10:15:00+05:30,77257.72,golden_cross,death_cross,-730.25,100.02,3.76,18.82,-852.85,1.04
NSE:ITC,LONG,165,2026-08-26T10:15:00+05:30,272.2,2026-08-27T13:15:00+05:30,268.6,golden_cross,death_cross,-594.0,162.33,8.92,26.77,-792.02,1.12
NSE:BANKNIFTY,LONG,1.3234131749584008,2026-08-26T10:15:00+05:30,57954.45,2026-08-27T15:15:00+05:30,57509.95,golden_cross,death_cross,-588.26,90.09,3.06,15.28,-696.68,1.21
NSE:INFY,SHORT,35,2026-08-25T10:15:00+05:30,1125.6,2026-08-28T10:15:00+05:30,1140.9,death_cross,golden_cross,-535.5,151.32,7.93,23.8,-718.55,3.0
NSE:TCS,SHORT,15,2026-08-12T11:15:00+05:30,2315.1,2026-08-28T10:15:00+05:30,2330.8,death_cross,golden_cross,-235.5,140.59,6.97,20.91,-403.96,15.96
NSE:HCLTECH,SHORT,30,2026-08-17T10:15:00+05:30,1332.7,2026-08-28T10:15:00+05:30,1328.4,death_cross,golden_cross,129.0,151.83,7.98,23.95,-54.77,11.0
NSE:SBIN,LONG,40,2026-08-26T11:15:00+05:30,1056.9,2026-08-28T11:15:00+05:30,1045.9,golden_cross,death_cross,-440.0,156.63,8.41,25.23,-630.28,2.0
NSE:ADANIGREEN,LONG,45,2026-08-25T13:15:00+05:30,1322.2,2026-08-28T11:15:00+05:30,1308.6,golden_cross,death_cross,-612.0,194.73,11.84,35.52,-854.08,2.92
NSE:WIPRO,SHORT,385,2026-08-25T11:15:00+05:30,179.47,2026-08-28T12:15:00+05:30,181.3,death_cross,golden_cross,-704.55,217.53,13.89,41.67,-977.64,3.04
NSE:ICICIBANK,LONG,20,2026-08-21T10:15:00+05:30,1418.0,2026-08-28T14:15:00+05:30,1425.2,golden_cross,death_cross,144.0,126.31,5.69,17.06,-5.05,7.17
NSE:TATASTEEL,LONG,350,2026-08-24T12:15:00+05:30,185.51,2026-08-31T09:15:00+05:30,182.22,golden_cross,death_cross,-1151.5,206.24,12.87,38.61,-1409.22,6.88
NSE:WIPRO,LONG,375,2026-08-28T13:15:00+05:30,180.8,2026-08-31T10:15:00+05:30,176.46,golden_cross,death_cross,-1627.5,212.13,13.4,40.19,-1893.21,2.88
NSE:INFY,LONG,30,2026-08-28T11:15:00+05:30,1138.1,2026-08-31T12:15:00+05:30,1121.9,golden_cross,death_cross,-486.0,138.51,6.78,20.34,-651.63,3.04
NSE:ICICIBANK,SHORT,20,2026-08-31T09:15:00+05:30,1420.7,2026-08-31T12:15:00+05:30,1441.1,death_cross,golden_cross,-408.0,57.24,5.72,17.17,-488.14,0.12
NSE:BANKNIFTY,SHORT,1.3220686766089647,2026-08-28T09:15:00+05:30,57488.0,2026-08-31T15:15:00+05:30,58024.95,death_cross,golden_cross,-709.88,90.03,3.05,15.27,-818.24,3.25
NSE:INFY,SHORT,30,2026-08-31T13:15:00+05:30,1123.0,2026-09-01T09:15:00+05:30,1140.1,death_cross,golden_cross,-513.0,138.61,6.79,20.37,-678.77,0.83
NSE:WIPRO,SHORT,370,2026-08-31T11:15:00+05:30,178.15,2026-09-01T09:15:00+05:30,181.42,death_cross,golden_cross,-1209.9,211.06,13.3,39.91,-1474.18,0.92
NSE:BANKNIFTY,SHORT,1.3096970938336165,2026-09-01T09:15:00+05:30,57408.15,2026-09-01T10:15:00+05:30,57648.75,death_cross,golden_cross,-315.11,89.56,3.01,15.07,-422.75,0.04
NSE:BANKNIFTY,LONG,1.2972088249971794,2026-09-01T11:15:00+05:30,57635.9,2026-09-01T13:15:00+05:30,57178.5,golden_cross,death_cross,-593.34,89.0,2.98,14.89,-700.21,0.08
NSE:ICICIBANK,LONG,15,2026-08-31T13:15:00+05:30,1442.3,2026-09-02T09:15:00+05:30,1427.0,golden_cross,death_cross,-229.5,110.97,4.3,12.91,-357.69,1.83
NSE:WIPRO,LONG,355,2026-09-01T10:15:00+05:30,181.16,2026-09-02T11:15:00+05:30,177.62,golden_cross,death_cross,-1256.7,204.76,12.74,38.21,-1512.4,1.04
NSE:ITC,SHORT,165,2026-08-27T14:15:00+05:30,268.25,2026-09-02T12:15:00+05:30,267.85,death_cross,golden_cross,66.0,161.42,8.85,26.54,-130.8,5.92
NSE:ICICIBANK,SHORT,15,2026-09-02T10:15:00+05:30,1428.1,2026-09-03T09:15:00+05:30,1448.1,death_cross,golden_cross,-300.0,111.09,4.31,12.94,-428.35,0.96
NSE:INFY,LONG,30,2026-09-01T10:15:00+05:30,1143.9,2026-09-03T10:15:00+05:30,1126.7,golden_cross,death_cross,-516.0,138.86,6.81,20.44,-682.11,2.0
NSE:ITC,LONG,165,2026-09-02T13:15:00+05:30,267.8,2026-09-03T10:15:00+05:30,265.2,golden_cross,death_cross,-429.0,160.89,8.79,26.38,-625.07,0.88
NSE:HCLTECH,LONG,35,2026-08-28T11:15:00+05:30,1318.7,2026-09-03T10:15:00+05:30,1312.9,golden_cross,death_cross,-203.0,165.5,9.21,27.63,-405.34,5.96
NSE:ADANIGREEN,SHORT,45,2026-08-28T12:15:00+05:30,1307.5,2026-09-03T10:15:00+05:30,1293.1,death_cross,golden_cross,648.0,193.12,11.7,35.11,408.06,5.92
NSE:BANKNIFTY,SHORT,1.2935010120526331,2026-09-01T14:15:00+05:30,57261.4,2026-09-03T11:15:00+05:30,57597.25,death_cross,golden_cross,-434.42,88.93,2.97,14.86,-541.18,1.88
NSE:TCS,LONG,15,2026-08-28T11:15:00+05:30,2334.2,2026-09-04T09:15:00+05:30,2321.0,golden_cross,death_cross,-198.0,140.74,6.98,20.95,-366.67,6.92
NSE:ICICIBANK,LONG,15,2026-09-03T10:15:00+05:30,1437.7,2026-09-04T13:15:00+05:30,1430.5,golden_cross,death_cross,-108.0,110.95,4.3,12.91,-236.16,1.12
NSE:TATASTEEL,SHORT,350,2026-08-31T10:15:00+05:30,181.81,2026-09-04T13:15:00+05:30,188.96,death_cross,golden_cross,-2502.5,207.52,12.98,38.93,-2761.93,4.12
NSE:BANKNIFTY,LONG,1.2776432717064576,2026-09-03T12:15:00+05:30,57549.8,2026-09-07T09:15:00+05:30,57098.8,golden_cross,death_cross,-576.22,88.31,2.93,14.65,-682.1,3.88
NSE:ADANIGREEN,LONG,50,2026-09-03T11:15:00+05:30,1292.1,2026-09-08T09:15:00+05:30,1284.4,golden_cross,death_cross,-385.0,206.31,12.88,38.65,-642.84,4.92
NSE:HINDUNILVR,SHORT,20,2026-08-27T10:15:00+05:30,2008.5,2026-09-08T10:15:00+05:30,1986.9,death_cross,golden_cross,432.0,151.89,7.99,23.97,248.14,12.0
NSE:ITC,SHORT,165,2026-09-03T11:15:00+05:30,264.8,2026-09-08T13:15:00+05:30,265.15,death_cross,golden_cross,-57.75,160.3,8.74,26.23,-253.03,5.08
NSE:ADANIGREEN,SHORT,50,2026-09-08T10:15:00+05:30,1287.0,2026-09-08T14:15:00+05:30,1297.0,death_cross,golden_cross,-500.0,69.91,12.92,38.76,-621.59,0.17
NSE:TATASTEEL,LONG,320,2026-09-04T14:15:00+05:30,189.22,2026-09-08T15:15:00+05:30,184.15,golden_cross,death_cross,-1622.4,196.02,11.95,35.84,-1866.21,4.04
NSE:HINDUNILVR,LONG,25,2026-09-08T11:15:00+05:30,1984.0,2026-09-09T09:15:00+05:30,1950.8,golden_cross,death_cross,-830.0,172.5,9.84,29.51,-1041.85,0.92
NSE:TATASTEEL,SHORT,320,2026-09-09T09:15:00+05:30,184.49,2026-09-09T10:15:00+05:30,188.15,death_cross,golden_cross,-1171.2,68.09,11.92,35.77,-1286.98,0.04
NSE:TATASTEEL,LONG,310,2026-09-09T11:15:00+05:30,188.05,2026-09-11T09:15:00+05:30,182.48,golden_cross,death_cross,-1726.7,190.9,11.49,34.46,-1963.55,1.92
NSE:ADANIGREEN,LONG,45,2026-09-08T15:15:00+05:30,1292.0,2026-09-11T09:15:00+05:30,1285.4,golden_cross,death_cross,-297.0,192.04,11.6,34.79,-535.43,2.75
NSE:BHARTIARTL,SHORT,20,2026-08-18T11:15:00+05:30,1945.0,2026-09-11T09:15:00+05:30,1849.0,death_cross,golden_cross,1920.0,147.31,7.59,22.76,1742.34,23.92
NSE:TCS,SHORT,15,2026-09-04T10:15:00+05:30,2319.6,2026-09-15T09:15:00+05:30,2296.8,death_cross,golden_cross,342.0,140.05,6.92,20.77,174.25,10.96
NSE:BHARTIARTL,LONG,20,2026-09-11T10:15:00+05:30,1847.9,2026-09-15T09:15:00+05:30,1826.4,golden_cross,death_cross,-430.0,144.82,7.35,22.05,-604.22,3.96
NSE:INFY,SHORT,30,2026-09-03T11:15:00+05:30,1129.5,2026-09-15T10:15:00+05:30,1087.8,death_cross,golden_cross,1251.0,136.95,6.65,19.96,1087.44,11.96
NSE:HCLTECH,SHORT,35,2026-09-03T11:15:00+05:30,1317.6,2026-09-15T10:15:00+05:30,1283.0,death_cross,golden_cross,1211.0,164.18,9.1,27.31,1010.41,11.96
NSE:WIPRO,SHORT,355,2026-09-02T12:15:00+05:30,177.95,2026-09-15T10:15:00+05:30,172.03,death_cross,golden_cross,2101.6,201.03,12.42,37.27,1850.87,12.92
NSE:HINDUNILVR,SHORT,25,2026-09-09T10:15:00+05:30,1952.3,2026-09-15T11:15:00+05:30,1964.0,death_cross,golden_cross,-292.5,171.95,9.79,29.37,-503.61,6.04
NSE:ITC,SHORT,165,2026-09-08T14:15:00+05:30,263.95,2026-09-16T11:15:00+05:30,262.75,death_cross,golden_cross,198.0,159.69,8.69,26.07,3.55,7.88
NSE:WIPRO,LONG,380,2026-09-15T11:15:00+05:30,171.04,2026-09-16T11:15:00+05:30,166.99,golden_cross,death_cross,-1539.0,205.98,12.85,38.54,-1796.36,1.0
NSE:TATACONSUM,SHORT,20,2026-08-17T11:15:00+05:30,1072.0,2026-09-16T11:15:00+05:30,1009.8,death_cross,golden_cross,1244.0,109.3,4.16,12.49,1118.04,30.0
NSE:TCS,LONG,15,2026-09-15T10:15:00+05:30,2315.0,2026-09-16T12:15:00+05:30,2210.9,golden_cross,death_cross,-1561.5,138.69,6.79,20.37,-1727.34,1.08
NSE:INFY,LONG,35,2026-09-15T11:15:00+05:30,1081.5,2026-09-17T10:15:00+05:30,1050.6,golden_cross,death_cross,-1081.5,146.13,7.46,22.39,-1257.48,1.96
NSE:BHARTIARTL,SHORT,20,2026-09-15T10:15:00+05:30,1833.1,2026-09-17T10:15:00+05:30,1836.5,death_cross,golden_cross,-68.0,144.69,7.34,22.02,-242.05,2.0
NSE:TATASTEEL,SHORT,305,2026-09-11T10:15:00+05:30,182.61,2026-09-17T11:15:00+05:30,184.87,death_cross,golden_cross,-689.3,187.73,11.21,33.62,-921.86,6.04
NSE:HCLTECH,LONG,35,2026-09-15T11:15:00+05:30,1276.0,2026-09-17T12:15:00+05:30,1244.3,golden_cross,death_cross,-1109.5,161.24,8.82,26.46,-1306.02,2.04
NSE:HINDUNILVR,LONG,20,2026-09-15T12:15:00+05:30,1960.1,2026-09-17T15:15:00+05:30,1942.2,golden_cross,death_cross,-358.0,149.88,7.8,23.41,-539.1,2.12
NSE:ADANIGREEN,SHORT,45,2026-09-11T10:15:00+05:30,1281.5,2026-09-18T09:15:00+05:30,1295.2,death_cross,golden_cross,-616.5,192.02,11.6,34.79,-854.91,6.96
NSE:NIFTY,SHORT,4.378954574254216,2026-08-27T11:15:00+05:30,24154.85,2026-09-18T12:15:00+05:30,23330.05,death_cross,golden_cross,3611.76,106.62,4.16,20.79,3480.19,22.04
NSE:SBIN,SHORT,40,2026-08-28T12:15:00+05:30,1046.4,2026-09-18T12:15:00+05:30,992.7,death_cross,golden_cross,2148.0,153.6,8.16,24.47,1961.77,21.0
NSE:LT,SHORT,20,2026-08-26T13:15:00+05:30,4057.0,2026-09-18T12:15:00+05:30,3879.4,death_cross,golden_cross,3552.0,239.25,15.87,47.62,3249.26,22.96
NSE:BANKNIFTY,SHORT,1.276920350867065,2026-09-07T10:15:00+05:30,57049.8,2026-09-18T13:15:00+05:30,56401.85,death_cross,golden_cross,827.38,88.19,2.9,14.49,721.8,11.12
NSE:SENSEX,SHORT,1.21172047243644,2026-08-27T11:15:00+05:30,77256.52,2026-09-18T13:15:00+05:30,74606.31,death_cross,golden_cross,3211.31,99.79,3.68,18.4,3089.44,22.08
NSE:SENSEX,LONG,1.2968202282916257,2026-09-18T14:15:00+05:30,74562.0,2026-09-18T15:15:00+05:30,74294.96,golden_cross,death_cross,-346.3,101.48,3.86,19.3,-470.94,0.04
NSE:TATACONSUM,LONG,25,2026-09-16T12:15:00+05:30,1007.4,2026-09-18T15:15:00+05:30,996.0,golden_cross,death_cross,-285.0,118.81,5.01,15.03,-423.84,2.12
NSE:HCLTECH,SHORT,35,2026-09-17T13:15:00+05:30,1244.2,2026-09-21T09:15:00+05:30,1267.9,death_cross,golden_cross,-829.5,160.9,8.79,26.38,-1025.56,3.83
NSE:TATASTEEL,LONG,295,2026-09-17T12:15:00+05:30,185.17,2026-09-21T13:15:00+05:30,184.18,golden_cross,death_cross,-292.05,184.23,10.9,32.69,-519.86,4.04
NSE:HINDUNILVR,SHORT,20,2026-09-18T09:15:00+05:30,1951.0,2026-09-21T13:15:00+05:30,1958.3,death_cross,golden_cross,-146.0,150.02,7.82,23.46,-327.3,3.17
NSE:BHARTIARTL,LONG,20,2026-09-17T11:15:00+05:30,1842.9,2026-09-21T13:15:00+05:30,1833.0,golden_cross,death_cross,-198.0,144.84,7.35,22.06,-372.25,4.08
NSE:TATACONSUM,LONG,25,2026-09-21T09:15:00+05:30,1010.4,2026-09-21T15:15:00+05:30,1000.6,golden_cross,death_cross,-245.0,56.03,5.03,15.08,-321.14,0.25
NSE:SBIN,LONG,45,2026-09-18T13:15:00+05:30,992.4,2026-09-22T12:15:00+05:30,983.3,golden_cross,death_cross,-409.5,161.96,8.89,26.67,-607.02,3.96
NSE:BANKNIFTY,LONG,1.3053128849790876,2026-09-18T14:15:00+05:30,56360.2,2026-09-22T14:15:00+05:30,56280.95,golden_cross,death_cross,-103.45,88.58,2.94,14.7,-209.67,4.0
NSE:BANKNIFTY,SHORT,1.3049530604598194,2026-09-22T15:15:00+05:30,56215.55,2026-09-23T09:15:00+05:30,56475.3,death_cross,golden_cross,-338.96,88.53,2.94,14.71,-445.14,0.75
NSE:TATASTEEL,SHORT,295,2026-09-21T14:15:00+05:30,183.7,2026-09-23T09:15:00+05:30,186.98,death_cross,golden_cross,-967.6,184.72,10.94,32.81,-1196.06,1.79
NSE:SBIN,SHORT,45,2026-09-22T13:15:00+05:30,985.6,2026-09-23T12:15:00+05:30,995.0,death_cross,golden_cross,-423.0,162.2,8.91,26.74,-620.85,0.96
NSE:WIPRO,SHORT,375,2026-09-16T12:15:00+05:30,167.47,2026-09-23T12:15:00+05:30,165.35,death_cross,golden_cross,795.0,201.76,12.48,37.44,543.32,7.0
NSE:ADANIGREEN,LONG,45,2026-09-18T10:15:00+05:30,1290.8,2026-09-23T13:15:00+05:30,1293.5,golden_cross,death_cross,121.5,192.35,11.63,34.89,-117.37,5.12
NSE:HCLTECH,LONG,35,2026-09-21T10:15:00+05:30,1265.4,2026-09-23T15:15:00+05:30,1256.7,golden_cross,death_cross,-304.5,161.24,8.83,26.48,-501.05,2.21
NSE:BANKNIFTY,LONG,1.2880240508115741,2026-09-23T10:15:00+05:30,56609.85,2026-09-24T09:15:00+05:30,55594.6,golden_cross,death_cross,-1307.67,87.58,2.89,14.45,-1412.59,0.96
NSE:NIFTY,LONG,4.678801861857243,2026-09-18T13:15:00+05:30,23348.45,2026-09-24T09:15:00+05:30,23218.5,golden_cross,death_cross,-608.01,108.41,4.36,21.79,-742.56,5.83
NSE:SENSEX,LONG,1.2888704527417443,2026-09-21T09:15:00+05:30,74657.6,2026-09-24T09:15:00+05:30,74128.03,golden_cross,death_cross,-682.55,101.04,3.84,19.18,-806.6,3.0
NSE:SBIN,LONG,45,2026-09-23T13:15:00+05:30,996.0,2026-09-24T10:15:00+05:30,987.0,golden_cross,death_cross,-405.0,162.32,8.92,26.77,-603.01,0.88
NSE:LT,LONG,20,2026-09-18T13:15:00+05:30,3877.0,2026-09-24T11:15:00+05:30,3868.9,golden_cross,death_cross,-162.0,235.29,15.49,46.48,-459.26,5.92
NSE:ITC,LONG,165,2026-09-16T12:15:00+05:30,263.65,2026-09-28T10:15:00+05:30,266.25,golden_cross,death_cross,429.0,160.26,8.74,26.23,233.77,11.92
NSE:TATASTEEL,LONG,285,2026-09-23T10:15:00+05:30,187.6,2026-09-28T10:15:00+05:30,187.62,golden_cross,death_cross,5.7,181.96,10.69,32.08,-219.04,5.0
NSE:BANKNIFTY,SHORT,1.2863596471370045,2026-09-24T10:15:00+05:30,55588.25,2026-09-29T15:15:00+05:30,54259.95,death_cross,backtest_end,1708.67,87.4,2.83,14.13,1604.31,5.21
NSE:NIFTY,SHORT,4.673494970926625,2026-09-24T10:15:00+05:30,23216.55,2026-09-29T15:15:00+05:30,22716.2,death_cross,backtest_end,2338.38,108.21,4.29,21.47,2204.41,5.21
NSE:SENSEX,SHORT,1.287051776512956,2026-09-24T10:15:00+05:30,74138.27,2026-09-29T15:15:00+05:30,72529.07,death_cross,backtest_end,2071.12,100.85,3.78,18.88,1947.62,5.21
NSE:INFY,SHORT,35,2026-09-17T11:15:00+05:30,1056.9,2026-09-29T15:15:00+05:30,1015.4,death_cross,backtest_end,1452.5,143.62,7.25,21.76,1279.87,12.17
NSE:TCS,SHORT,15,2026-09-16T13:15:00+05:30,2195.1,2026-09-29T15:15:00+05:30,2032.4,death_cross,backtest_end,2440.5,133.41,6.34,19.02,2281.72,13.08
NSE:ICICIBANK,SHORT,15,2026-09-04T14:15:00+05:30,1423.7,2026-09-29T15:15:00+05:30,1292.2,death_cross,backtest_end,1972.5,108.25,4.07,12.22,1847.95,25.04
NSE:SBIN,SHORT,40,2026-09-24T11:15:00+05:30,987.9,2026-09-29T15:15:00+05:30,964.7,death_cross,backtest_end,928.0,149.85,7.81,23.43,746.91,5.17
NSE:ITC,SHORT,160,2026-09-28T11:15:00+05:30,266.6,2026-09-29T15:15:00+05:30,265.1,death_cross,backtest_end,240.0,157.65,8.51,25.52,48.32,1.17
NSE:HCLTECH,SHORT,35,2026-09-24T09:15:00+05:30,1254.4,2026-09-29T15:15:00+05:30,1222.0,death_cross,backtest_end,1134.0,159.36,8.67,26.0,939.97,5.25
NSE:TATASTEEL,SHORT,285,2026-09-28T11:15:00+05:30,186.44,2026-09-29T15:15:00+05:30,188.0,death_cross,golden_cross,-444.6,181.75,10.67,32.01,-669.03,1.17
NSE:HINDUNILVR,SHORT,20,2026-09-21T14:15:00+05:30,1951.0,2026-09-29T15:15:00+05:30,1863.8,death_cross,backtest_end,1744.0,147.78,7.63,22.89,1565.7,8.04
NSE:WIPRO,SHORT,385,2026-09-23T13:15:00+05:30,164.92,2026-09-29T15:15:00+05:30,156.79,death_cross,backtest_end,3130.05,200.53,12.39,37.16,2879.98,6.08
NSE:ADANIGREEN,SHORT,45,2026-09-23T14:15:00+05:30,1296.0,2026-09-29T15:15:00+05:30,1260.0,death_cross,backtest_end,1620.0,190.82,11.5,34.51,1383.17,6.04
NSE:TATACONSUM,SHORT,25,2026-09-22T09:15:00+05:30,1000.0,2026-09-29T15:15:00+05:30,967.7,death_cross,backtest_end,807.5,117.73,4.92,14.76,670.09,7.25
NSE:BHARTIARTL,SHORT,20,2026-09-21T14:15:00+05:30,1831.4,2026-09-29T15:15:00+05:30,1771.2,death_cross,backtest_end,1204.0,143.11,7.21,21.62,1032.07,8.04
NSE:LT,SHORT,20,2026-09-24T12:15:00+05:30,3877.9,2026-09-29T15:15:00+05:30,3749.1,death_cross,backtest_end,2576.0,232.44,15.25,45.76,2282.54,5.12
