instrument,side,qty,entry_time,entry_price,exit_time,exit_price,entry_reason,exit_reason,gross_pnl,commission,spread,slippage,net_pnl,holding_days
NSE:RELIANCE,SHORT,170,2023-10-03T09:15:00+05:30,580.83,2023-10-03T13:15:00+05:30,579.8,lorentzian_new_short,lorentzian_exit_short,174.25,81.99,19.73,59.19,13.34,0.17
NSE:ICICIBANK,SHORT,105,2023-10-04T09:15:00+05:30,925.9,2023-10-04T13:15:00+05:30,930.55,lorentzian_new_short,lorentzian_exit_short,-488.25,81.5,19.49,58.48,-647.72,0.17
NSE:TATASTEEL,SHORT,790,2023-10-04T09:15:00+05:30,126.0,2023-10-04T13:15:00+05:30,125.05,lorentzian_new_short,lorentzian_exit_short,750.5,82.23,19.83,59.5,588.93,0.17
NSE:SBIN,SHORT,165,2023-10-04T11:15:00+05:30,587.2,2023-10-04T15:15:00+05:30,585.2,lorentzian_new_short,lorentzian_exit_short,330.0,81.33,19.34,58.03,171.3,0.17
NSE:LT,SHORT,30,2023-10-04T11:15:00+05:30,3010.0,2023-10-04T15:15:00+05:30,3028.0,lorentzian_new_short,lorentzian_exit_short,-540.0,79.06,18.11,54.34,-691.52,0.17
NSE:INFY,LONG,65,2023-10-04T14:15:00+05:30,1445.1,2023-10-05T11:15:00+05:30,1461.55,lorentzian_new_long,lorentzian_exit_long,1069.25,273.0,18.89,56.68,720.68,0.88
NSE:HDFCBANK,LONG,255,2023-10-05T09:15:00+05:30,384.17,2023-10-05T13:15:00+05:30,385.37,lorentzian_new_long,lorentzian_exit_long,306.0,81.81,19.62,58.87,145.69,0.17
NSE:ICICIBANK,LONG,105,2023-10-05T09:15:00+05:30,940.9,2023-10-05T13:15:00+05:30,939.2,lorentzian_new_long,lorentzian_exit_long,-178.5,81.97,19.74,59.22,-339.43,0.17
NSE:TCS,LONG,25,2023-10-05T09:15:00+05:30,3590.45,2023-10-05T13:15:00+05:30,3583.35,lorentzian_new_long,lorentzian_exit_long,-177.5,78.79,17.93,53.8,-328.02,0.17
NSE:WIPRO,LONG,980,2023-10-05T09:15:00+05:30,101.67,2023-10-05T13:15:00+05:30,101.67,lorentzian_new_long,lorentzian_exit_long,-9.8,82.32,19.93,59.78,-171.83,0.17
NSE:HCLTECH,LONG,75,2023-10-05T10:15:00+05:30,1250.65,2023-10-05T14:15:00+05:30,1235.65,lorentzian_new_long,lorentzian_exit_long,-1125.0,79.94,18.65,55.94,-1279.53,0.17
NSE:LT,LONG,30,2023-10-05T12:15:00+05:30,3072.55,2023-10-06T09:15:00+05:30,3084.35,lorentzian_new_long,lorentzian_exit_long,354.0,268.35,18.47,55.41,11.76,0.88
NSE:SBIN,LONG,165,2023-10-06T09:15:00+05:30,594.55,2023-10-06T13:15:00+05:30,595.15,lorentzian_new_long,lorentzian_exit_long,99.0,81.8,19.63,58.89,-61.32,0.17
NSE:BANKNIFTY,LONG,2.250178236618123,2023-10-05T10:15:00+05:30,44308.0,2023-10-06T13:15:00+05:30,44440.9,lorentzian_new_long,lorentzian_exit_long,299.05,66.01,3.99,19.97,209.08,1.12
NSE:ITC,LONG,225,2023-10-06T09:15:00+05:30,442.0,2023-10-06T13:15:00+05:30,442.25,lorentzian_new_long,lorentzian_exit_long,56.25,82.27,19.9,59.69,-105.6,0.17
NSE:HDFCBANK,SHORT,260,2023-10-09T09:15:00+05:30,380.75,2023-10-09T13:15:00+05:30,378.49,lorentzian_new_short,lorentzian_exit_short,587.6,82.05,19.74,59.22,426.59,0.17
NSE:SBIN,SHORT,170,2023-10-09T09:15:00+05:30,586.25,2023-10-09T13:15:00+05:30,583.35,lorentzian_new_short,lorentzian_exit_short,493.0,82.29,19.88,59.65,331.17,0.17
NSE:BANKNIFTY,SHORT,2.2693209297369084,2023-10-09T09:15:00+05:30,44026.1,2023-10-09T13:15:00+05:30,43890.9,lorentzian_new_short,lorentzian_exit_short,306.81,65.99,3.99,19.95,216.88,0.17
NSE:BHARTIARTL,LONG,100,2023-10-10T09:15:00+05:30,950.05,2023-10-10T13:15:00+05:30,948.75,lorentzian_new_long,lorentzian_exit_long,-130.0,80.65,18.99,56.96,-286.6,0.17
NSE:BANKNIFTY,LONG,2.2602630190235447,2023-10-10T11:15:00+05:30,44298.2,2023-10-10T15:15:00+05:30,44378.4,lorentzian_new_long,lorentzian_exit_long,181.27,66.07,4.01,20.04,91.15,0.17
NSE:SBIN,LONG,165,2023-10-10T12:15:00+05:30,592.05,2023-10-11T09:15:00+05:30,595.0,lorentzian_new_long,lorentzian_exit_long,486.75,280.74,19.59,58.76,127.66,0.88
NSE:HDFCBANK,LONG,260,2023-10-11T09:15:00+05:30,382.45,2023-10-11T13:15:00+05:30,383.05,lorentzian_new_long,lorentzian_exit_long,156.0,82.29,19.9,59.71,-5.9,0.17
NSE:NIFTY,LONG,5.0327553864675005,2023-10-11T09:15:00+05:30,19810.4,2023-10-11T13:15:00+05:30,19803.2,lorentzian_new_long,lorentzian_exit_long,-36.24,65.96,3.99,19.94,-126.12,0.17
NSE:RELIANCE,LONG,170,2023-10-11T09:15:00+05:30,581.25,2023-10-11T13:15:00+05:30,583.4,lorentzian_new_long,lorentzian_exit_long,365.5,82.13,19.8,59.4,204.17,0.17
NSE:TATASTEEL,LONG,795,2023-10-11T09:15:00+05:30,125.45,2023-10-11T13:15:00+05:30,125.55,lorentzian_new_long,lorentzian_exit_long,79.5,82.37,19.95,59.86,-82.69,0.17
NSE:TCS,SHORT,25,2023-10-11T14:15:00+05:30,3607.25,2023-10-12T11:15:00+05:30,3558.45,lorentzian_new_short,lorentzian_exit_short,1220.0,262.11,17.91,53.74,886.24,0.88
NSE:HCLTECH,SHORT,75,2023-10-11T14:15:00+05:30,1244.6,2023-10-12T11:15:00+05:30,1232.8,lorentzian_new_short,lorentzian_exit_short,885.0,269.53,18.58,55.74,541.14,0.88
NSE:INFY,SHORT,65,2023-10-12T13:15:00+05:30,1477.4,2023-10-13T10:15:00+05:30,1430.05,lorentzian_new_short,lorentzian_exit_short,3077.75,272.9,18.9,56.7,2729.25,0.88
NSE:SENSEX,SHORT,1.5096898244956067,2023-10-13T09:15:00+05:30,66040.65,2023-10-13T13:15:00+05:30,66373.74,lorentzian_new_short,lorentzian_exit_short,-502.86,65.98,4.0,19.99,-592.83,0.17
NSE:NIFTY,SHORT,5.056488754417061,2023-10-13T09:15:00+05:30,19692.55,2023-10-13T13:15:00+05:30,19776.6,lorentzian_new_short,lorentzian_exit_short,-425.0,65.96,3.99,19.96,-514.9,0.17
NSE:ICICIBANK,SHORT,100,2023-10-13T09:15:00+05:30,946.6,2023-10-13T13:15:00+05:30,956.15,lorentzian_new_short,lorentzian_exit_short,-955.0,80.63,19.03,57.08,-1111.74,0.17
NSE:SBIN,SHORT,170,2023-10-13T09:15:00+05:30,575.7,2023-10-13T13:15:00+05:30,578.95,lorentzian_new_short,lorentzian_exit_short,-552.5,81.73,19.63,58.89,-712.75,0.17
NSE:RELIANCE,SHORT,170,2023-10-13T09:15:00+05:30,583.22,2023-10-13T13:15:00+05:30,587.49,lorentzian_new_short,lorentzian_new_long,-726.75,82.19,19.9,59.71,-888.55,0.17
NSE:TATASTEEL,SHORT,800,2023-10-13T09:15:00+05:30,124.65,2023-10-13T13:15:00+05:30,125.1,lorentzian_new_short,lorentzian_exit_short,-360.0,82.37,19.98,59.94,-522.29,0.17
NSE:HDFCBANK,SHORT,260,2023-10-16T09:15:00+05:30,381.67,2023-10-16T13:15:00+05:30,383.02,lorentzian_new_short,lorentzian_exit_short,-353.6,82.2,19.88,59.65,-515.33,0.17
NSE:BANKNIFTY,SHORT,2.2651755465691417,2023-10-13T09:15:00+05:30,44242.25,2023-10-17T09:15:00+05:30,44456.6,lorentzian_new_short,lorentzian_new_long,-485.54,66.08,4.02,20.09,-575.73,4.0
NSE:TATASTEEL,LONG,785,2023-10-16T12:15:00+05:30,126.9,2023-10-17T09:15:00+05:30,128.2,lorentzian_new_long,lorentzian_exit_long,1020.5,285.58,20.03,60.08,654.82,0.88
NSE:BHARTIARTL,SHORT,105,2023-10-16T14:15:00+05:30,946.25,2023-10-17T11:15:00+05:30,958.2,lorentzian_new_short,lorentzian_new_long,-1254.75,285.43,20.0,59.99,-1620.17,0.88
NSE:ICICIBANK,LONG,100,2023-10-17T09:15:00+05:30,958.15,2023-10-17T13:15:00+05:30,954.3,lorentzian_new_long,lorentzian_exit_long,-385.0,80.86,19.12,57.37,-542.36,0.17
NSE:BANKNIFTY,LONG,2.241342219704105,2023-10-17T09:15:00+05:30,44456.6,2023-10-17T13:15:00+05:30,44351.6,lorentzian_new_long,lorentzian_exit_long,-235.34,65.92,3.98,19.9,-325.14,0.17
NSE:INFY,LONG,70,2023-10-17T12:15:00+05:30,1451.0,2023-10-18T09:15:00+05:30,1451.15,lorentzian_new_long,lorentzian_exit_long,10.5,288.88,20.32,60.95,-359.64,0.88
NSE:HDFCBANK,LONG,255,2023-10-17T09:15:00+05:30,384.4,2023-10-18T10:15:00+05:30,380.39,lorentzian_new_long,lorentzian_new_short,-1022.55,279.92,19.5,58.51,-1380.48,1.04
NSE:TATACONSUM,SHORT,105,2023-10-17T14:15:00+05:30,907.9,2023-10-18T11:15:00+05:30,900.0,lorentzian_new_short,lorentzian_exit_short,829.5,274.01,18.98,56.95,479.56,0.88
NSE:RELIANCE,LONG,165,2023-10-13T13:15:00+05:30,587.49,2023-10-18T12:15:00+05:30,582.95,lorentzian_new_long,lorentzian_new_short,-749.1,277.79,19.31,57.94,-1104.14,4.96
NSE:ICICIBANK,SHORT,100,2023-10-18T09:15:00+05:30,947.8,2023-10-18T13:15:00+05:30,943.0,lorentzian_new_short,lorentzian_exit_short,480.0,80.57,18.91,56.72,323.79,0.17
NSE:HDFCBANK,SHORT,255,2023-10-18T10:15:00+05:30,380.39,2023-10-18T14:15:00+05:30,380.37,lorentzian_new_short,lorentzian_exit_short,6.37,81.39,19.4,58.2,-152.61,0.17
NSE:BANKNIFTY,SHORT,2.260688965355837,2023-10-18T10:15:00+05:30,43932.75,2023-10-18T14:15:00+05:30,43919.65,lorentzian_new_short,lorentzian_exit_short,29.62,65.89,3.97,19.86,-60.11,0.17
NSE:RELIANCE,SHORT,165,2023-10-18T12:15:00+05:30,582.95,2023-10-19T09:15:00+05:30,576.69,lorentzian_new_short,lorentzian_exit_short,1032.9,275.68,19.13,57.4,680.69,0.88
NSE:HINDUNILVR,LONG,40,2023-10-03T09:15:00+05:30,2491.0,2023-10-19T09:15:00+05:30,2545.5,lorentzian_new_long,lorentzian_new_short,2180.0,286.83,20.15,60.44,1812.58,16.0
NSE:BHARTIARTL,LONG,100,2023-10-17T11:15:00+05:30,958.2,2023-10-19T09:15:00+05:30,947.4,lorentzian_new_long,lorentzian_new_short,-1080.0,274.97,19.06,57.17,-1431.19,1.92
NSE:INFY,SHORT,70,2023-10-19T09:15:00+05:30,1432.05,2023-10-19T13:15:00+05:30,1436.0,lorentzian_new_short,lorentzian_exit_short,-276.5,82.55,20.08,60.23,-439.35,0.17
NSE:HINDUNILVR,SHORT,35,2023-10-19T09:15:00+05:30,2545.5,2023-10-19T13:15:00+05:30,2548.1,lorentzian_new_short,lorentzian_exit_short,-91.0,78.61,17.83,53.48,-240.92,0.17
NSE:TATASTEEL,SHORT,800,2023-10-19T09:15:00+05:30,125.0,2023-10-19T13:15:00+05:30,125.95,lorentzian_new_short,lorentzian_exit_short,-760.0,82.5,20.08,60.23,-922.8,0.17
NSE:BHARTIARTL,SHORT,100,2023-10-19T09:15:00+05:30,947.4,2023-10-19T13:15:00+05:30,942.85,lorentzian_new_short,lorentzian_exit_short,455.0,80.56,18.9,56.71,298.83,0.17
NSE:ITC,SHORT,220,2023-10-19T10:15:00+05:30,448.9,2023-10-19T14:15:00+05:30,450.75,lorentzian_new_short,lorentzian_exit_short,-407.0,82.03,19.79,59.38,-568.2,0.17
NSE:HCLTECH,LONG,75,2023-10-13T11:15:00+05:30,1250.2,2023-10-20T09:15:00+05:30,1250.15,lorentzian_new_long,lorentzian_new_short,-3.75,271.51,18.75,56.26,-350.27,6.92
NSE:HCLTECH,SHORT,75,2023-10-20T09:15:00+05:30,1250.15,2023-10-20T13:15:00+05:30,1257.4,lorentzian_new_short,lorentzian_exit_short,-543.75,80.28,18.81,56.42,-699.26,0.17
NSE:TCS,LONG,25,2023-10-20T11:15:00+05:30,3494.65,2023-10-20T15:15:00+05:30,3491.85,lorentzian_new_long,lorentzian_exit_long,-70.0,77.97,17.47,52.4,-217.84,0.17
NSE:WIPRO,SHORT,965,2023-10-13T09:15:00+05:30,102.72,2023-10-27T11:15:00+05:30,95.72,lorentzian_new_short,lorentzian_new_long,6755.0,275.43,19.15,57.45,6402.97,14.08
NSE:HCLTECH,LONG,75,2023-10-27T11:15:00+05:30,1261.3,2023-10-27T15:15:00+05:30,1267.5,lorentzian_new_long,lorentzian_exit_long,465.0,80.67,18.97,56.9,308.46,0.17
NSE:WIPRO,LONG,1105,2023-10-27T11:15:00+05:30,95.72,2023-10-27T15:15:00+05:30,95.72,lorentzian_new_long,lorentzian_exit_long,0.0,84.48,21.16,63.47,-169.1,0.17
NSE:TCS,SHORT,25,2023-10-23T11:15:00+05:30,3444.1,2023-10-30T10:15:00+05:30,3377.75,lorentzian_new_short,lorentzian_new_long,1658.75,252.52,17.05,51.16,1338.01,6.96
NSE:RELIANCE,LONG,170,2023-10-30T09:15:00+05:30,576.25,2023-10-30T13:15:00+05:30,578.98,lorentzian_new_long,lorentzian_exit_long,463.25,81.86,19.64,58.92,302.84,0.17
NSE:TCS,LONG,30,2023-10-30T10:15:00+05:30,3377.75,2023-10-30T14:15:00+05:30,3376.0,lorentzian_new_long,lorentzian_exit_long,-52.5,82.9,20.26,60.78,-216.44,0.17
NSE:BHARTIARTL,LONG,100,2023-10-30T10:15:00+05:30,925.15,2023-10-30T14:15:00+05:30,926.55,lorentzian_new_long,lorentzian_exit_long,140.0,79.85,18.52,55.55,-13.92,0.17
NSE:NIFTY,SHORT,5.028313279986171,2023-10-18T11:15:00+05:30,19700.8,2023-10-31T09:15:00+05:30,19103.35,lorentzian_new_short,lorentzian_new_long,3004.17,65.72,3.9,19.51,2915.03,12.92
NSE:ICICIBANK,LONG,105,2023-10-30T14:15:00+05:30,924.65,2023-10-31T11:15:00+05:30,922.05,lorentzian_new_long,lorentzian_exit_long,-273.0,278.62,19.39,58.17,-629.18,0.88
NSE:SENSEX,LONG,1.5492331497552148,2023-10-31T09:15:00+05:30,63973.48,2023-10-31T13:15:00+05:30,63992.45,lorentzian_new_long,lorentzian_exit_long,29.39,65.86,3.96,19.82,-60.26,0.17
NSE:NIFTY,LONG,5.337708280142381,2023-10-31T09:15:00+05:30,19103.35,2023-10-31T13:15:00+05:30,19110.6,lorentzian_new_long,lorentzian_exit_long,38.7,66.39,4.08,20.4,-52.17,0.17
NSE:BANKNIFTY,LONG,2.306285017465486,2023-10-31T09:15:00+05:30,43038.2,2023-10-31T13:15:00+05:30,42993.1,lorentzian_new_long,lorentzian_exit_long,-104.01,65.86,3.97,19.84,-193.69,0.17
NSE:BHARTIARTL,SHORT,105,2023-10-31T09:15:00+05:30,915.45,2023-10-31T13:15:00+05:30,917.3,lorentzian_new_short,lorentzian_exit_short,-194.25,81.09,19.24,57.73,-352.32,0.17
NSE:HDFCBANK,LONG,260,2023-10-30T11:15:00+05:30,371.79,2023-11-01T09:15:00+05:30,366.52,lorentzian_new_long,lorentzian_new_short,-1368.9,276.55,19.2,57.59,-1722.23,1.92
NSE:HDFCBANK,SHORT,260,2023-11-01T09:15:00+05:30,366.52,2023-11-01T13:15:00+05:30,367.37,lorentzian_new_short,lorentzian_exit_short,-218.4,80.8,19.08,57.24,-375.53,0.17
NSE:BANKNIFTY,SHORT,2.3195620600957416,2023-11-01T09:15:00+05:30,42708.6,2023-11-01T13:15:00+05:30,42669.1,lorentzian_new_short,lorentzian_exit_short,91.62,65.84,3.96,19.8,2.02,0.17
NSE:ICICIBANK,SHORT,105,2023-11-01T10:15:00+05:30,913.1,2023-11-01T14:15:00+05:30,914.95,lorentzian_new_short,lorentzian_exit_short,-194.25,81.0,19.19,57.58,-352.03,0.17
NSE:ADANIGREEN,SHORT,105,2023-10-12T14:15:00+05:30,947.25,2023-11-02T09:15:00+05:30,892.5,lorentzian_new_short,lorentzian_exit_short,5748.75,277.36,19.32,57.95,5394.12,20.79
NSE:HCLTECH,SHORT,75,2023-11-01T14:15:00+05:30,1256.45,2023-11-02T11:15:00+05:30,1270.0,lorentzian_new_short,lorentzian_exit_short,-1016.25,273.77,18.95,56.85,-1365.81,0.88
NSE:TCS,SHORT,30,2023-11-01T15:15:00+05:30,3311.1,2023-11-02T12:15:00+05:30,3365.0,lorentzian_new_short,lorentzian_exit_short,-1617.0,285.81,20.03,60.08,-1982.92,0.88
NSE:HDFCBANK,LONG,255,2023-11-02T09:15:00+05:30,371.21,2023-11-02T13:15:00+05:30,368.65,lorentzian_new_long,lorentzian_exit_long,-654.07,80.38,18.87,56.6,-809.92,0.17
NSE:ICICIBANK,LONG,100,2023-11-02T09:15:00+05:30,920.85,2023-11-02T13:15:00+05:30,917.6,lorentzian_new_long,lorentzian_exit_long,-325.0,79.56,18.38,55.15,-478.1,0.17
NSE:BHARTIARTL,LONG,100,2023-11-02T10:15:00+05:30,923.95,2023-11-02T14:15:00+05:30,924.4,lorentzian_new_long,lorentzian_exit_long,45.0,79.78,18.48,55.45,-108.71,0.17
NSE:HINDUNILVR,LONG,40,2023-11-02T14:15:00+05:30,2488.25,2023-11-03T11:15:00+05:30,2507.0,lorentzian_new_long,lorentzian_exit_long,750.0,285.11,19.98,59.94,384.97,0.88
NSE:NIFTY,LONG,5.290247656259501,2023-11-03T09:15:00+05:30,19264.9,2023-11-03T13:15:00+05:30,19254.95,lorentzian_new_long,lorentzian_exit_long,-52.64,66.37,4.08,20.38,-143.46,0.17
NSE:TCS,LONG,25,2023-11-03T09:15:00+05:30,3375.7,2023-11-03T13:15:00+05:30,3359.75,lorentzian_new_long,lorentzian_exit_long,-398.75,76.83,16.84,50.52,-542.93,0.17
NSE:INFY,LONG,70,2023-11-03T09:15:00+05:30,1383.3,2023-11-03T13:15:00+05:30,1389.35,lorentzian_new_long,lorentzian_exit_long,423.5,81.45,19.41,58.23,264.42,0.17
NSE:ITC,LONG,225,2023-11-03T09:15:00+05:30,433.45,2023-11-03T13:15:00+05:30,433.95,lorentzian_new_long,lorentzian_exit_long,112.5,81.61,19.52,58.55,-47.17,0.17
NSE:HCLTECH,LONG,75,2023-11-03T09:15:00+05:30,1280.05,2023-11-03T13:15:00+05:30,1265.95,lorentzian_new_long,lorentzian_exit_long,-1057.5,80.73,19.09,57.28,-1214.61,0.17
NSE:RELIANCE,LONG,170,2023-11-03T09:15:00+05:30,581.66,2023-11-06T13:15:00+05:30,584.58,lorentzian_new_long,lorentzian_exit_long,494.7,283.41,19.83,59.48,131.99,3.17
NSE:ADANIGREEN,LONG,110,2023-11-06T09:15:00+05:30,918.4,2023-11-06T13:15:00+05:30,924.25,lorentzian_new_long,lorentzian_exit_long,643.5,82.99,20.27,60.81,479.43,0.17
NSE:TATASTEEL,LONG,835,2023-11-06T12:15:00+05:30,118.7,2023-11-07T09:15:00+05:30,119.6,lorentzian_new_long,lorentzian_exit_long,751.5,284.19,19.9,59.69,387.72,0.88
NSE:ICICIBANK,SHORT,100,2023-11-07T11:15:00+05:30,932.45,2023-11-07T14:15:00+05:30,947.55,lorentzian_new_short,lorentzian_new_long,-1510.0,80.16,18.8,56.4,-1665.36,0.12
NSE:ICICIBANK,LONG,95,2023-11-07T14:15:00+05:30,947.55,2023-11-08T11:15:00+05:30,937.2,lorentzian_new_long,lorentzian_exit_long,-983.25,262.17,17.91,53.72,-1317.04,0.88
NSE:INFY,SHORT,70,2023-11-08T14:15:00+05:30,1392.0,2023-11-09T11:15:00+05:30,1382.05,lorentzian_new_short,lorentzian_exit_short,696.5,278.86,19.42,58.26,339.97,0.88
NSE:RELIANCE,SHORT,170,2023-11-09T10:15:00+05:30,581.0,2023-11-09T14:15:00+05:30,577.59,lorentzian_new_short,lorentzian_exit_short,579.7,81.97,19.7,59.09,418.94,0.17
NSE:SENSEX,LONG,1.5358051968734618,2023-11-03T09:15:00+05:30,64493.7,2023-11-10T09:15:00+05:30,64661.83,lorentzian_new_long,lorentzian_new_short,258.21,65.88,3.97,19.84,168.53,7.0
NSE:TCS,SHORT,25,2023-11-09T13:15:00+05:30,3362.25,2023-11-10T10:15:00+05:30,3328.0,lorentzian_new_short,lorentzian_exit_short,856.25,248.93,16.73,50.18,540.42,0.88
NSE:WIPRO,SHORT,1105,2023-11-09T13:15:00+05:30,95.33,2023-11-10T10:15:00+05:30,94.86,lorentzian_new_short,lorentzian_exit_short,508.3,296.63,21.02,63.05,127.61,0.88
NSE:SENSEX,SHORT,1.534410481517177,2023-11-10T09:15:00+05:30,64661.83,2023-11-10T13:15:00+05:30,64807.48,lorentzian_new_short,lorentzian_exit_short,-223.49,65.88,3.97,19.87,-313.21,0.17
NSE:HDFCBANK,SHORT,255,2023-11-10T09:15:00+05:30,370.73,2023-11-10T13:15:00+05:30,371.67,lorentzian_new_short,lorentzian_exit_short,-239.7,80.53,18.93,56.79,-395.96,0.17
NSE:NIFTY,SHORT,5.2598342039917405,2023-11-10T09:15:00+05:30,19349.1,2023-11-10T13:15:00+05:30,19391.75,lorentzian_new_short,lorentzian_exit_short,-224.33,66.36,4.08,20.38,-315.15,0.17
NSE:ITC,SHORT,225,2023-11-10T09:15:00+05:30,433.45,2023-11-10T13:15:00+05:30,435.6,lorentzian_new_short,lorentzian_exit_short,-483.75,81.61,19.55,58.66,-643.57,0.17
NSE:HINDUNILVR,SHORT,40,2023-11-10T09:15:00+05:30,2470.0,2023-11-10T13:15:00+05:30,2482.15,lorentzian_new_short,lorentzian_exit_short,-486.0,82.05,19.81,59.43,-647.29,0.17
NSE:HCLTECH,SHORT,75,2023-11-10T10:15:00+05:30,1255.7,2023-11-10T14:15:00+05:30,1255.6,lorentzian_new_short,lorentzian_exit_short,7.5,80.39,18.83,56.5,-148.23,0.17
NSE:TATACONSUM,LONG,110,2023-10-27T11:15:00+05:30,891.9,2023-11-13T11:15:00+05:30,918.1,lorentzian_new_long,lorentzian_exit_long,2882.0,284.16,19.91,59.73,2518.2,17.0
NSE:HDFCBANK,LONG,250,2023-11-10T15:15:00+05:30,373.38,2023-11-13T12:15:00+05:30,372.81,lorentzian_new_long,lorentzian_exit_long,-140.0,270.44,18.65,55.96,-485.06,2.88
NSE:ITC,LONG,220,2023-11-10T15:15:00+05:30,437.95,2023-11-13T12:15:00+05:30,435.65,lorentzian_new_long,lorentzian_exit_long,-506.0,276.74,19.22,57.66,-859.61,2.88
NSE:SENSEX,LONG,1.520331565172283,2023-11-13T09:15:00+05:30,65055.23,2023-11-13T13:15:00+05:30,64984.69,lorentzian_new_long,lorentzian_exit_long,-107.24,65.8,3.95,19.77,-196.77,0.17
NSE:NIFTY,LONG,5.211182361367067,2023-11-13T09:15:00+05:30,19469.45,2023-11-13T13:15:00+05:30,19455.35,lorentzian_new_long,lorentzian_exit_long,-73.48,66.28,4.06,20.28,-164.1,0.17
NSE:INFY,LONG,70,2023-11-13T09:15:00+05:30,1381.35,2023-11-13T13:15:00+05:30,1377.8,lorentzian_new_long,lorentzian_exit_long,-248.5,81.21,19.31,57.94,-406.97,0.17
NSE:WIPRO,LONG,1110,2023-11-13T09:15:00+05:30,95.38,2023-11-13T13:15:00+05:30,95.27,lorentzian_new_long,lorentzian_exit_long,-122.1,84.48,21.16,63.48,-291.22,0.17
NSE:RELIANCE,LONG,165,2023-11-15T09:15:00+05:30,586.14,2023-11-15T13:15:00+05:30,587.52,lorentzian_new_long,lorentzian_exit_long,228.52,81.35,19.37,58.1,69.71,0.17
NSE:TCS,LONG,25,2023-11-15T09:15:00+05:30,3387.85,2023-11-15T13:15:00+05:30,3395.05,lorentzian_new_long,lorentzian_exit_long,180.0,77.1,16.96,50.87,35.07,0.17
NSE:HCLTECH,LONG,70,2023-11-15T09:15:00+05:30,1281.65,2023-11-15T13:15:00+05:30,1274.8,lorentzian_new_long,lorentzian_exit_long,-479.5,78.68,17.9,53.69,-629.76,0.17
NSE:BHARTIARTL,LONG,100,2023-11-15T12:15:00+05:30,944.2,2023-11-16T09:15:00+05:30,944.8,lorentzian_new_long,lorentzian_exit_long,60.0,273.04,18.89,56.67,-288.6,0.88
NSE:SBIN,LONG,175,2023-10-27T09:15:00+05:30,555.5,2023-11-17T09:15:00+05:30,566.85,lorentzian_new_long,lorentzian_new_short,1986.25,281.24,19.64,58.92,1626.45,21.0
NSE:BANKNIFTY,LONG,2.285839634181896,2023-11-03T09:15:00+05:30,43339.55,2023-11-17T09:15:00+05:30,43727.1,lorentzian_new_long,lorentzian_new_short,885.88,65.97,3.98,19.9,796.02,14.0
NSE:ITC,SHORT,220,2023-11-16T14:15:00+05:30,437.95,2023-11-17T11:15:00+05:30,439.25,lorentzian_new_short,lorentzian_exit_short,-286.0,277.6,19.3,57.9,-640.79,0.88
NSE:TATACONSUM,SHORT,110,2023-11-16T14:15:00+05:30,918.9,2023-11-17T11:15:00+05:30,928.2,lorentzian_new_short,lorentzian_exit_short,-1023.0,288.99,20.32,60.95,-1393.26,0.88
NSE:HDFCBANK,SHORT,250,2023-11-17T09:15:00+05:30,375.06,2023-11-17T13:15:00+05:30,376.42,lorentzian_new_short,lorentzian_exit_short,-337.5,80.27,18.79,56.36,-492.92,0.17
NSE:ICICIBANK,SHORT,95,2023-11-17T09:15:00+05:30,931.85,2023-11-17T13:15:00+05:30,926.15,lorentzian_new_short,lorentzian_exit_short,541.5,78.37,17.65,52.95,392.53,0.17
NSE:SBIN,SHORT,175,2023-11-17T09:15:00+05:30,566.85,2023-11-17T13:15:00+05:30,564.3,lorentzian_new_short,lorentzian_exit_short,446.25,82.13,19.8,59.39,284.94,0.17
NSE:BANKNIFTY,SHORT,2.28373026713319,2023-11-17T09:15:00+05:30,43727.1,2023-11-17T13:15:00+05:30,43674.65,lorentzian_new_short,lorentzian_exit_short,119.78,65.99,3.99,19.96,29.84,0.17
NSE:RELIANCE,SHORT,165,2023-11-20T09:15:00+05:30,585.74,2023-11-20T13:15:00+05:30,586.08,lorentzian_new_short,lorentzian_exit_short,-55.28,81.27,19.33,58.0,-213.88,0.17
NSE:ADANIGREEN,SHORT,110,2023-11-20T09:15:00+05:30,922.0,2023-11-20T13:15:00+05:30,917.9,lorentzian_new_short,lorentzian_exit_short,451.0,82.92,20.24,60.72,287.13,0.17
NSE:TATACONSUM,LONG,105,2023-11-20T09:15:00+05:30,931.3,2023-11-20T13:15:00+05:30,934.2,lorentzian_new_long,lorentzian_exit_long,304.5,81.75,19.59,58.76,144.4,0.17
NSE:SENSEX,SHORT,1.5053420466995313,2023-11-20T10:15:00+05:30,65572.7,2023-11-20T14:15:00+05:30,65646.73,lorentzian_new_short,lorentzian_exit_short,-111.44,65.78,3.95,19.75,-200.92,0.17
NSE:HDFCBANK,LONG,245,2023-11-21T09:15:00+05:30,379.09,2023-11-21T13:15:00+05:30,379.21,lorentzian_new_long,lorentzian_exit_long,30.62,79.94,18.58,55.74,-123.63,0.17
NSE:RELIANCE,LONG,165,2023-11-21T09:15:00+05:30,593.12,2023-11-21T13:15:00+05:30,595.04,lorentzian_new_long,lorentzian_exit_long,315.97,81.78,19.6,58.81,155.77,0.17
NSE:TATACONSUM,SHORT,105,2023-11-21T09:15:00+05:30,926.15,2023-11-21T13:15:00+05:30,928.45,lorentzian_new_short,lorentzian_exit_short,-241.5,81.49,19.47,58.42,-400.88,0.17
NSE:TATACONSUM,LONG,105,2023-11-22T09:15:00+05:30,933.5,2023-11-22T13:15:00+05:30,924.75,lorentzian_new_long,lorentzian_exit_long,-918.75,81.48,19.51,58.53,-1078.28,0.17
NSE:HDFCBANK,SHORT,245,2023-11-22T12:15:00+05:30,377.55,2023-11-23T09:15:00+05:30,379.38,lorentzian_new_short,lorentzian_exit_short,-447.12,269.24,18.54,55.63,-790.54,0.88
NSE:LT,LONG,30,2023-11-03T09:15:00+05:30,2935.4,2023-11-23T10:15:00+05:30,3058.95,lorentzian_new_long,lorentzian_new_short,3706.5,262.68,17.98,53.95,3371.88,20.04
NSE:SENSEX,LONG,1.490084415172198,2023-11-23T09:15:00+05:30,66109.69,2023-11-23T13:15:00+05:30,66047.47,lorentzian_new_long,lorentzian_exit_long,-92.71,65.72,3.94,19.69,-182.07,0.17
NSE:ITC,LONG,215,2023-11-23T09:15:00+05:30,440.65,2023-11-23T13:15:00+05:30,440.3,lorentzian_new_long,lorentzian_exit_long,-75.25,80.57,18.94,56.82,-231.58,0.17
NSE:LT,SHORT,30,2023-11-23T10:15:00+05:30,3058.95,2023-11-23T14:15:00+05:30,3042.65,lorentzian_new_short,lorentzian_exit_short,489.0,79.51,18.3,54.91,336.27,0.17
NSE:ADANIGREEN,LONG,110,2023-11-23T14:15:00+05:30,931.55,2023-11-24T11:15:00+05:30,934.4,lorentzian_new_long,lorentzian_exit_long,313.5,291.19,20.53,61.58,-59.79,0.88
NSE:WIPRO,LONG,1050,2023-11-21T09:15:00+05:30,100.33,2023-11-24T12:15:00+05:30,99.42,lorentzian_new_long,lorentzian_new_short,-945.0,296.27,20.97,62.92,-1325.16,3.12
NSE:INFY,SHORT,70,2023-11-24T09:15:00+05:30,1444.35,2023-11-24T13:15:00+05:30,1437.35,lorentzian_new_short,lorentzian_exit_short,490.0,82.8,20.17,60.52,326.51,0.17
NSE:BANKNIFTY,LONG,2.2846745355062072,2023-11-24T10:15:00+05:30,43722.05,2023-11-24T14:15:00+05:30,43778.1,lorentzian_new_long,lorentzian_exit_long,128.06,66.02,4.0,19.99,38.05,0.17
NSE:HCLTECH,SHORT,70,2023-11-24T10:15:00+05:30,1311.6,2023-11-24T14:15:00+05:30,1310.0,lorentzian_new_short,lorentzian_exit_short,112.0,79.55,18.35,55.05,-40.96,0.17
NSE:ITC,SHORT,220,2023-11-24T12:15:00+05:30,437.45,2023-11-28T09:15:00+05:30,436.35,lorentzian_new_short,lorentzian_exit_short,242.0,276.73,19.22,57.67,-111.62,3.88
NSE:WIPRO,SHORT,1045,2023-11-24T12:15:00+05:30,99.42,2023-11-28T09:15:00+05:30,99.02,lorentzian_new_short,lorentzian_exit_short,428.45,293.53,20.74,62.21,51.97,3.88
NSE:ICICIBANK,LONG,100,2023-11-24T14:15:00+05:30,929.75,2023-11-28T11:15:00+05:30,923.75,lorentzian_new_long,lorentzian_exit_long,-600.0,269.14,18.54,55.6,-943.28,3.88
NSE:SBIN,LONG,180,2023-11-28T09:15:00+05:30,562.15,2023-11-28T13:15:00+05:30,563.45,lorentzian_new_long,lorentzian_exit_long,234.0,82.93,20.26,60.78,70.03,0.17
NSE:RELIANCE,SHORT,165,2023-11-28T09:15:00+05:30,594.77,2023-11-28T13:15:00+05:30,594.59,lorentzian_new_short,lorentzian_exit_short,30.52,81.79,19.62,58.87,-129.76,0.17
NSE:HINDUNILVR,SHORT,40,2023-11-28T15:15:00+05:30,2503.55,2023-11-29T12:15:00+05:30,2519.1,lorentzian_new_short,lorentzian_exit_short,-622.0,286.43,20.09,60.27,-988.79,0.88
NSE:TCS,LONG,25,2023-11-29T09:15:00+05:30,3507.9,2023-11-29T13:15:00+05:30,3512.3,lorentzian_new_long,lorentzian_exit_long,110.0,78.14,17.55,52.65,-38.34,0.17
NSE:HCLTECH,LONG,70,2023-11-29T09:15:00+05:30,1333.95,2023-11-29T13:15:00+05:30,1337.2,lorentzian_new_long,lorentzian_exit_long,227.5,80.18,18.7,56.09,72.53,0.17
NSE:WIPRO,LONG,1030,2023-11-29T09:15:00+05:30,101.06,2023-11-29T13:15:00+05:30,101.58,lorentzian_new_long,lorentzian_exit_long,525.3,84.04,20.87,62.62,357.77,0.17
NSE:TATASTEEL,LONG,780,2023-11-29T09:15:00+05:30,127.15,2023-11-29T13:15:00+05:30,127.65,lorentzian_new_long,lorentzian_exit_long,390.0,82.27,19.87,59.62,228.24,0.17
NSE:LT,LONG,30,2023-11-29T13:15:00+05:30,3085.5,2023-11-30T10:15:00+05:30,3081.95,lorentzian_new_long,lorentzian_exit_long,-106.5,268.74,18.5,55.51,-449.25,0.88
NSE:RELIANCE,SHORT,165,2023-11-30T09:15:00+05:30,596.22,2023-11-30T13:15:00+05:30,595.73,lorentzian_new_short,lorentzian_exit_short,80.85,81.87,19.67,59.0,-79.69,0.17
NSE:HINDUNILVR,LONG,35,2023-11-30T10:15:00+05:30,2534.0,2023-11-30T14:15:00+05:30,2545.95,lorentzian_new_long,lorentzian_exit_long,418.25,78.58,17.78,53.34,268.55,0.17
NSE:RELIANCE,LONG,160,2023-12-04T09:15:00+05:30,604.6,2023-12-04T13:15:00+05:30,604.91,lorentzian_new_long,lorentzian_exit_long,50.4,81.31,19.35,58.06,-108.32,0.17
NSE:INFY,SHORT,70,2023-12-05T11:15:00+05:30,1446.5,2023-12-05T15:15:00+05:30,1454.9,lorentzian_new_short,lorentzian_exit_short,-588.0,82.93,20.31,60.93,-752.17,0.17
NSE:HINDUNILVR,SHORT,35,2023-12-05T13:15:00+05:30,2562.3,2023-12-06T10:15:00+05:30,2580.1,lorentzian_new_short,lorentzian_exit_short,-623.0,263.18,18.0,54.0,-958.17,0.88
NSE:INFY,LONG,65,2023-12-06T09:15:00+05:30,1462.6,2023-12-06T13:15:00+05:30,1471.2,lorentzian_new_long,lorentzian_exit_long,559.0,80.87,19.07,57.21,401.85,0.17
NSE:WIPRO,LONG,1015,2023-12-06T09:15:00+05:30,102.97,2023-12-06T13:15:00+05:30,103.88,lorentzian_new_long,lorentzian_exit_long,913.5,84.3,21.0,62.99,745.22,0.17
NSE:BHARTIARTL,SHORT,90,2023-12-06T10:15:00+05:30,1016.15,2023-12-06T14:15:00+05:30,1024.7,lorentzian_new_short,lorentzian_exit_short,-769.5,79.48,18.37,55.1,-922.45,0.17
NSE:ICICIBANK,SHORT,90,2023-12-07T09:15:00+05:30,989.4,2023-12-07T13:15:00+05:30,999.75,lorentzian_new_short,lorentzian_exit_short,-931.5,78.65,17.9,53.71,-1081.76,0.17
NSE:ITC,LONG,215,2023-12-01T09:15:00+05:30,445.95,2023-12-08T10:15:00+05:30,455.85,lorentzian_new_long,lorentzian_new_short,2128.5,278.42,19.39,58.17,1772.52,7.04
NSE:ITC,SHORT,215,2023-12-08T10:15:00+05:30,455.85,2023-12-08T14:15:00+05:30,449.5,lorentzian_new_short,lorentzian_exit_short,1365.25,81.65,19.47,58.4,1205.74,0.17
NSE:TATASTEEL,SHORT,775,2023-12-08T12:15:00+05:30,128.8,2023-12-11T09:15:00+05:30,129.95,lorentzian_new_short,lorentzian_exit_short,-891.25,286.03,20.05,60.16,-1257.49,2.88
NSE:ITC,LONG,215,2023-12-12T09:15:00+05:30,456.5,2023-12-12T13:15:00+05:30,455.35,lorentzian_new_long,lorentzian_exit_long,-247.25,81.72,19.6,58.81,-407.39,0.17
NSE:TATASTEEL,LONG,755,2023-12-12T09:15:00+05:30,130.6,2023-12-12T13:15:00+05:30,130.45,lorentzian_new_long,lorentzian_exit_long,-113.25,81.92,19.71,59.13,-274.01,0.17
NSE:LT,SHORT,30,2023-12-12T09:15:00+05:30,3350.5,2023-12-12T13:15:00+05:30,3343.55,lorentzian_new_short,lorentzian_exit_short,208.5,82.61,20.08,60.25,45.56,0.17
NSE:HDFCBANK,LONG,240,2023-11-24T09:15:00+05:30,381.62,2023-12-12T14:15:00+05:30,408.31,lorentzian_new_long,lorentzian_new_short,6405.6,273.32,18.96,56.88,6056.44,18.21
NSE:NIFTY,LONG,5.106495016074546,2023-11-23T09:15:00+05:30,19836.55,2023-12-12T14:15:00+05:30,20903.2,lorentzian_new_long,lorentzian_new_short,5446.84,67.06,4.16,20.8,5354.82,19.21
NSE:RELIANCE,SHORT,160,2023-12-12T13:15:00+05:30,609.0,2023-12-13T10:15:00+05:30,605.14,lorentzian_new_short,lorentzian_exit_short,617.6,278.95,19.43,58.28,260.94,0.88
NSE:SENSEX,SHORT,1.4136167935283392,2023-12-12T14:15:00+05:30,69557.39,2023-12-13T11:15:00+05:30,69158.55,lorentzian_new_short,lorentzian_exit_short,563.81,65.68,3.92,19.61,474.6,0.88
NSE:HDFCBANK,SHORT,240,2023-12-12T14:15:00+05:30,408.31,2023-12-13T11:15:00+05:30,407.17,lorentzian_new_short,lorentzian_exit_short,276.0,280.59,19.57,58.71,-82.88,0.88
NSE:NIFTY,SHORT,5.101326338242446,2023-12-12T14:15:00+05:30,20903.2,2023-12-13T11:15:00+05:30,20784.3,lorentzian_new_short,lorentzian_exit_short,606.55,67.24,4.25,21.27,513.79,0.88
NSE:INFY,SHORT,65,2023-12-12T14:15:00+05:30,1476.2,2023-12-13T11:15:00+05:30,1435.95,lorentzian_new_short,lorentzian_exit_short,2616.25,273.28,18.93,56.79,2267.26,0.88
NSE:TATACONSUM,SHORT,105,2023-12-12T14:15:00+05:30,948.75,2023-12-13T11:15:00+05:30,949.5,lorentzian_new_short,lorentzian_exit_short,-78.75,284.62,19.93,59.79,-443.1,0.88
NSE:TCS,SHORT,25,2023-12-13T09:15:00+05:30,3590.05,2023-12-13T13:15:00+05:30,3584.35,lorentzian_new_short,lorentzian_exit_short,142.5,78.82,17.94,53.81,-8.07,0.17
NSE:ADANIGREEN,SHORT,100,2023-11-30T09:15:00+05:30,1015.35,2023-12-13T13:15:00+05:30,1419.75,lorentzian_new_short,lorentzian_exit_short,-40440.0,336.76,24.35,73.05,-40874.16,13.17
NSE:LT,LONG,30,2023-12-13T13:15:00+05:30,3392.9,2023-12-14T10:15:00+05:30,3411.15,lorentzian_new_long,lorentzian_exit_long,547.5,289.91,20.41,61.24,175.94,0.88
NSE:SENSEX,LONG,1.4024657745587688,2023-12-14T09:15:00+05:30,70447.83,2023-12-14T13:15:00+05:30,70528.67,lorentzian_new_long,lorentzian_exit_long,113.38,65.81,3.95,19.77,23.84,0.17
NSE:HDFCBANK,LONG,235,2023-12-14T09:15:00+05:30,413.56,2023-12-14T13:15:00+05:30,413.24,lorentzian_new_long,lorentzian_exit_long,-76.37,81.43,19.43,58.29,-235.53,0.17
NSE:NIFTY,LONG,5.061698846263624,2023-12-14T09:15:00+05:30,21168.05,2023-12-14T13:15:00+05:30,21195.0,lorentzian_new_long,lorentzian_exit_long,136.41,67.38,4.29,21.44,43.3,0.17
NSE:RELIANCE,LONG,160,2023-12-14T09:15:00+05:30,616.48,2023-12-14T13:15:00+05:30,617.51,lorentzian_new_long,lorentzian_exit_long,166.4,82.01,19.74,59.23,5.41,0.17
NSE:TCS,LONG,25,2023-12-14T09:15:00+05:30,3657.05,2023-12-14T13:15:00+05:30,3668.85,lorentzian_new_long,lorentzian_exit_long,295.0,79.51,18.31,54.94,142.23,0.17
NSE:INFY,LONG,70,2023-12-14T09:15:00+05:30,1483.45,2023-12-14T13:15:00+05:30,1496.9,lorentzian_new_long,lorentzian_exit_long,941.5,84.07,20.86,62.59,773.98,0.17
NSE:ADANIGREEN,LONG,40,2023-12-14T09:15:00+05:30,1482.9,2023-12-14T13:15:00+05:30,1505.55,lorentzian_new_long,lorentzian_exit_long,906.0,68.37,11.95,35.86,789.82,0.17
NSE:TATACONSUM,LONG,100,2023-12-14T09:15:00+05:30,957.6,2023-12-14T13:15:00+05:30,949.6,lorentzian_new_long,lorentzian_exit_long,-800.0,80.72,19.07,57.22,-957.01,0.17
NSE:BHARTIARTL,LONG,90,2023-12-14T09:15:00+05:30,1003.8,2023-12-14T13:15:00+05:30,1007.7,lorentzian_new_long,lorentzian_exit_long,351.0,79.14,18.1,54.31,199.44,0.17
NSE:TATACONSUM,SHORT,100,2023-12-14T14:15:00+05:30,951.3,2023-12-15T11:15:00+05:30,953.6,lorentzian_new_short,lorentzian_exit_short,-230.0,274.82,19.05,57.15,-581.02,0.88
NSE:ICICIBANK,LONG,90,2023-12-08T14:15:00+05:30,1012.0,2023-12-18T09:15:00+05:30,1022.4,lorentzian_new_long,lorentzian_new_short,936.0,266.52,18.31,54.93,596.24,9.79
NSE:BHARTIARTL,SHORT,95,2023-12-15T14:15:00+05:30,995.7,2023-12-18T11:15:00+05:30,985.05,lorentzian_new_short,lorentzian_exit_short,1011.75,272.15,18.82,56.45,664.33,2.88
NSE:ICICIBANK,SHORT,85,2023-12-18T09:15:00+05:30,1022.4,2023-12-18T13:15:00+05:30,1022.7,lorentzian_new_short,lorentzian_exit_short,-25.5,77.83,17.38,52.15,-172.86,0.17
NSE:HINDUNILVR,LONG,35,2023-12-18T09:15:00+05:30,2540.0,2023-12-18T13:15:00+05:30,2538.45,lorentzian_new_long,lorentzian_exit_long,-54.25,78.52,17.77,53.32,-203.87,0.17
NSE:WIPRO,SHORT,960,2023-12-19T09:15:00+05:30,109.42,2023-12-19T13:15:00+05:30,109.56,lorentzian_new_short,lorentzian_exit_short,-144.0,84.23,21.02,63.07,-312.32,0.17
NSE:ITC,LONG,215,2023-12-19T10:15:00+05:30,456.25,2023-12-20T13:15:00+05:30,452.25,lorentzian_new_long,lorentzian_new_short,-860.0,280.25,19.53,58.6,-1218.38,1.12
NSE:WIPRO,LONG,940,2023-12-20T09:15:00+05:30,111.67,2023-12-20T13:15:00+05:30,109.22,lorentzian_new_long,lorentzian_exit_long,-2303.0,83.54,20.76,62.29,-2469.6,0.17
NSE:TATASTEEL,SHORT,730,2023-12-20T11:15:00+05:30,134.25,2023-12-20T15:15:00+05:30,128.9,lorentzian_new_short,lorentzian_exit_short,3905.5,81.48,19.21,57.63,3747.18,0.17
NSE:HDFCBANK,SHORT,240,2023-12-20T15:15:00+05:30,411.19,2023-12-21T10:15:00+05:30,418.75,lorentzian_new_short,lorentzian_new_long,-1814.4,284.61,19.92,59.76,-2178.68,0.79
NSE:SBIN,SHORT,155,2023-12-20T13:15:00+05:30,638.6,2023-12-21T10:15:00+05:30,636.7,lorentzian_new_short,lorentzian_exit_short,294.5,282.77,19.77,59.3,-67.33,0.88
NSE:BANKNIFTY,SHORT,2.099937909975741,2023-12-20T13:15:00+05:30,47586.45,2023-12-21T10:15:00+05:30,47380.7,lorentzian_new_short,lorentzian_exit_short,432.06,65.99,3.99,19.94,342.14,0.88
NSE:ITC,SHORT,215,2023-12-20T13:15:00+05:30,452.25,2023-12-21T10:15:00+05:30,450.2,lorentzian_new_short,lorentzian_exit_short,440.75,278.7,19.4,58.21,84.43,0.88
NSE:HCLTECH,SHORT,70,2023-12-06T09:15:00+05:30,1330.7,2023-12-21T10:15:00+05:30,1440.75,lorentzian_new_short,lorentzian_exit_short,-7703.5,279.29,19.4,58.2,-8060.39,15.04
NSE:ADANIGREEN,SHORT,40,2023-12-20T13:15:00+05:30,1464.7,2023-12-21T10:15:00+05:30,1448.9,lorentzian_new_short,lorentzian_exit_short,632.0,192.59,11.65,34.96,392.79,0.88
NSE:LT,SHORT,25,2023-12-20T13:15:00+05:30,3462.7,2023-12-21T10:15:00+05:30,3376.0,lorentzian_new_short,lorentzian_exit_short,2167.5,252.95,17.1,51.29,1846.16,0.88
NSE:HDFCBANK,LONG,230,2023-12-21T10:15:00+05:30,418.75,2023-12-22T09:15:00+05:30,419.06,lorentzian_new_long,lorentzian_exit_long,72.45,277.25,19.27,57.81,-281.88,0.96
NSE:NIFTY,SHORT,5.0698934800443,2023-12-20T14:15:00+05:30,21142.35,2023-12-22T09:15:00+05:30,21350.65,lorentzian_new_short,lorentzian_new_long,-1056.06,67.42,4.31,21.54,-1149.33,1.79
NSE:SENSEX,LONG,1.389094774652725,2023-12-22T09:15:00+05:30,71143.05,2023-12-22T13:15:00+05:30,70984.51,lorentzian_new_long,lorentzian_exit_long,-220.23,65.77,3.95,19.74,-309.68,0.17
NSE:NIFTY,LONG,4.966760889187784,2023-12-22T09:15:00+05:30,21350.65,2023-12-22T13:15:00+05:30,21308.25,lorentzian_new_long,lorentzian_exit_long,-210.59,67.13,4.24,21.19,-303.14,0.17
NSE:SBIN,LONG,155,2023-12-22T09:15:00+05:30,648.8,2023-12-22T13:15:00+05:30,639.3,lorentzian_new_long,lorentzian_exit_long,-1472.5,82.22,19.97,59.9,-1634.58,0.17
NSE:BANKNIFTY,LONG,2.09193767804432,2023-12-22T09:15:00+05:30,47931.5,2023-12-22T13:15:00+05:30,47611.5,lorentzian_new_long,lorentzian_exit_long,-669.42,65.97,4.0,19.99,-759.38,0.17
NSE:TATACONSUM,LONG,95,2023-12-22T10:15:00+05:30,991.0,2023-12-22T14:15:00+05:30,992.95,lorentzian_new_long,lorentzian_exit_long,185.25,80.43,18.85,56.54,29.43,0.17
NSE:WIPRO,LONG,930,2023-12-22T11:15:00+05:30,110.19,2023-12-22T15:15:00+05:30,115.4,lorentzian_new_long,lorentzian_exit_long,4845.3,84.7,20.98,62.94,4676.68,0.17
NSE:INFY,LONG,65,2023-12-22T14:15:00+05:30,1560.7,2023-12-26T11:15:00+05:30,1545.0,lorentzian_new_long,lorentzian_exit_long,-1020.5,287.53,20.19,60.56,-1388.78,3.88
NSE:HCLTECH,LONG,55,2023-12-22T14:15:00+05:30,1461.35,2023-12-26T11:15:00+05:30,1465.15,lorentzian_new_long,lorentzian_exit_long,209.0,241.97,16.1,48.29,-97.36,3.88
NSE:LT,LONG,25,2023-12-22T14:15:00+05:30,3484.95,2023-12-26T11:15:00+05:30,3492.75,lorentzian_new_long,lorentzian_exit_long,195.0,256.96,17.44,52.33,-131.74,3.88
NSE:ADANIGREEN,LONG,40,2023-12-26T09:15:00+05:30,1563.05,2023-12-26T13:15:00+05:30,1557.05,lorentzian_new_long,lorentzian_exit_long,-240.0,69.17,12.48,37.44,-359.09,0.17
NSE:BHARTIARTL,LONG,90,2023-12-27T09:15:00+05:30,1009.35,2023-12-27T13:15:00+05:30,1019.2,lorentzian_new_long,lorentzian_exit_long,886.5,79.47,18.26,54.77,734.0,0.17
NSE:TCS,SHORT,25,2023-12-20T14:15:00+05:30,3779.6,2023-12-28T09:15:00+05:30,3819.5,lorentzian_new_short,lorentzian_new_long,-997.5,274.31,19.0,56.99,-1347.8,7.79
NSE:ICICIBANK,LONG,90,2023-12-28T09:15:00+05:30,1004.2,2023-12-28T13:15:00+05:30,999.65,lorentzian_new_long,lorentzian_exit_long,-409.5,78.94,18.03,54.1,-560.58,0.17
NSE:TCS,LONG,25,2023-12-28T09:15:00+05:30,3819.5,2023-12-28T13:15:00+05:30,3806.1,lorentzian_new_long,lorentzian_exit_long,-335.0,80.76,19.06,57.19,-492.01,0.17
NSE:ADANIGREEN,SHORT,40,2023-12-28T14:15:00+05:30,1560.1,2023-12-29T11:15:00+05:30,1572.05,lorentzian_new_short,lorentzian_exit_short,-478.0,202.39,12.53,37.59,-730.5,0.88
NSE:INFY,SHORT,65,2023-12-29T09:15:00+05:30,1548.0,2023-12-29T13:15:00+05:30,1544.5,lorentzian_new_short,lorentzian_exit_short,227.5,82.65,20.1,60.3,64.45,0.17
NSE:ADANIGREEN,LONG,40,2023-12-29T15:15:00+05:30,1603.0,2024-01-01T12:15:00+05:30,1609.0,lorentzian_new_long,lorentzian_exit_long,240.0,205.88,12.85,38.54,-17.27,2.88
NSE:BHARTIARTL,SHORT,95,2024-01-01T11:15:00+05:30,1010.4,2024-01-01T15:15:00+05:30,1012.0,lorentzian_new_short,lorentzian_exit_short,-152.0,81.04,19.21,57.64,-309.89,0.17
NSE:BANKNIFTY,SHORT,2.0745342270075096,2024-01-02T09:15:00+05:30,47968.65,2024-01-02T13:15:00+05:30,47867.8,lorentzian_new_short,lorentzian_exit_short,209.22,65.92,3.98,19.88,119.44,0.17
NSE:SENSEX,SHORT,1.3740213429964754,2024-01-02T10:15:00+05:30,71698.8,2024-01-02T14:15:00+05:30,71896.11,lorentzian_new_short,lorentzian_exit_short,-271.11,65.75,3.95,19.73,-360.54,0.17
NSE:NIFTY,SHORT,4.898062801173325,2024-01-02T10:15:00+05:30,21588.4,2024-01-02T14:15:00+05:30,21661.05,lorentzian_new_short,lorentzian_exit_short,-355.84,67.11,4.24,21.18,-448.38,0.17
NSE:WIPRO,SHORT,915,2024-01-02T10:15:00+05:30,116.9,2024-01-02T14:15:00+05:30,117.27,lorentzian_new_short,lorentzian_exit_short,-333.97,84.92,21.43,64.28,-504.6,0.17
NSE:HINDUNILVR,SHORT,35,2024-01-02T10:15:00+05:30,2624.0,2024-01-02T14:15:00+05:30,2612.55,lorentzian_new_short,lorentzian_exit_short,400.75,79.54,18.33,54.98,247.9,0.17
NSE:TATASTEEL,SHORT,740,2024-01-02T10:15:00+05:30,137.85,2024-01-02T14:15:00+05:30,139.4,lorentzian_new_short,lorentzian_exit_short,-1147.0,83.23,20.52,61.55,-1312.3,0.17
NSE:LT,SHORT,30,2024-01-02T10:15:00+05:30,3446.8,2024-01-02T14:15:00+05:30,3439.0,lorentzian_new_short,lorentzian_exit_short,234.0,83.63,20.66,61.97,67.74,0.17
NSE:HCLTECH,LONG,55,2023-12-27T09:15:00+05:30,1466.15,2024-01-03T09:15:00+05:30,1439.95,lorentzian_new_long,lorentzian_new_short,-1441.0,240.85,15.98,47.95,-1745.79,7.0
NSE:TCS,SHORT,25,2024-01-03T09:15:00+05:30,3702.05,2024-01-03T13:15:00+05:30,3705.05,lorentzian_new_short,lorentzian_exit_short,-75.0,79.82,18.52,55.55,-228.9,0.17
NSE:HCLTECH,SHORT,55,2024-01-03T09:15:00+05:30,1439.95,2024-01-03T13:15:00+05:30,1442.15,lorentzian_new_short,lorentzian_exit_short,-121.0,75.12,15.85,47.55,-259.53,0.17
NSE:BANKNIFTY,LONG,2.071252313665288,2024-01-04T10:15:00+05:30,48102.15,2024-01-04T14:15:00+05:30,48180.4,lorentzian_new_long,lorentzian_exit_long,162.08,65.97,3.99,19.94,72.17,0.17
NSE:ICICIBANK,SHORT,90,2024-01-01T09:15:00+05:30,995.6,2024-01-05T09:15:00+05:30,996.0,lorentzian_new_short,lorentzian_new_long,-36.0,262.31,17.92,53.77,-370.01,4.0
NSE:SBIN,SHORT,155,2023-12-29T09:15:00+05:30,643.0,2024-01-05T09:15:00+05:30,649.95,lorentzian_new_short,lorentzian_new_long,-1077.25,285.91,20.04,60.12,-1443.32,7.0
NSE:BHARTIARTL,LONG,90,2024-01-04T14:15:00+05:30,1048.05,2024-01-05T11:15:00+05:30,1051.85,lorentzian_new_long,lorentzian_exit_long,342.0,273.12,18.9,56.7,-6.71,0.88
NSE:NIFTY,LONG,4.845807144526762,2024-01-05T09:15:00+05:30,21728.95,2024-01-05T13:15:00+05:30,21649.2,lorentzian_new_long,lorentzian_exit_long,-386.45,66.96,4.2,21.02,-478.64,0.17
NSE:ICICIBANK,LONG,90,2024-01-05T09:15:00+05:30,996.0,2024-01-05T13:15:00+05:30,986.6,lorentzian_new_long,lorentzian_exit_long,-846.0,78.55,17.84,53.53,-995.93,0.17
NSE:SBIN,LONG,150,2024-01-05T09:15:00+05:30,649.95,2024-01-05T13:15:00+05:30,639.75,lorentzian_new_long,lorentzian_new_short,-1530.0,81.12,19.35,58.04,-1688.51,0.17
NSE:INFY,LONG,65,2024-01-05T09:15:00+05:30,1530.5,2024-01-05T13:15:00+05:30,1528.45,lorentzian_new_long,lorentzian_exit_long,-133.25,82.22,19.88,59.65,-295.01,0.17
NSE:TCS,LONG,25,2024-01-05T10:15:00+05:30,3724.0,2024-01-05T14:15:00+05:30,3736.35,lorentzian_new_long,lorentzian_exit_long,308.75,80.1,18.65,55.95,154.04,0.17
NSE:ITC,LONG,210,2023-12-26T09:15:00+05:30,458.1,2024-01-08T09:15:00+05:30,468.65,lorentzian_new_long,lorentzian_new_short,2215.5,279.23,19.46,58.39,1858.43,13.0
NSE:SBIN,SHORT,150,2024-01-05T13:15:00+05:30,639.75,2024-01-08T10:15:00+05:30,638.2,lorentzian_new_short,lorentzian_exit_short,232.5,276.13,19.17,57.51,-120.3,2.88
NSE:SENSEX,LONG,1.3620338801537641,2024-01-05T09:15:00+05:30,72065.92,2024-01-08T11:15:00+05:30,71618.7,lorentzian_new_long,lorentzian_new_short,-609.13,65.58,3.91,19.57,-698.2,3.08
NSE:ITC,SHORT,210,2024-01-08T09:15:00+05:30,468.65,2024-01-08T13:15:00+05:30,468.4,lorentzian_new_short,lorentzian_exit_short,52.5,81.88,19.68,59.03,-108.1,0.17
NSE:HCLTECH,LONG,55,2024-01-08T09:15:00+05:30,1445.25,2024-01-08T13:15:00+05:30,1447.3,lorentzian_new_long,lorentzian_exit_long,112.75,75.25,15.91,47.73,-26.13,0.17
NSE:TATACONSUM,SHORT,85,2024-01-08T09:15:00+05:30,1102.45,2024-01-08T13:15:00+05:30,1110.8,lorentzian_new_short,lorentzian_exit_short,-709.75,80.27,18.81,56.44,-865.28,0.17
NSE:SENSEX,SHORT,1.360819412350725,2024-01-08T11:15:00+05:30,71618.7,2024-01-08T15:15:00+05:30,71363.42,lorentzian_new_short,lorentzian_exit_short,347.39,65.53,3.89,19.46,258.51,0.17
NSE:NIFTY,SHORT,4.855756905046118,2024-01-08T11:15:00+05:30,21586.15,2024-01-08T15:15:00+05:30,21511.35,lorentzian_new_short,lorentzian_exit_short,363.21,66.91,4.19,20.93,271.19,0.17
NSE:RELIANCE,SHORT,150,2024-01-08T11:15:00+05:30,646.39,2024-01-08T15:15:00+05:30,646.84,lorentzian_new_short,lorentzian_exit_short,-67.5,81.38,19.4,58.2,-226.47,0.17
NSE:BANKNIFTY,SHORT,2.087957924162651,2024-01-08T11:15:00+05:30,47751.75,2024-01-08T15:15:00+05:30,47464.0,lorentzian_new_short,lorentzian_exit_short,600.81,65.94,3.98,19.88,511.02,0.17
NSE:ICICIBANK,SHORT,90,2024-01-08T14:15:00+05:30,982.4,2024-01-09T11:15:00+05:30,990.55,lorentzian_new_short,lorentzian_exit_short,-733.5,260.5,17.76,53.27,-1065.03,0.88
NSE:SENSEX,LONG,1.360537327747645,2024-01-11T09:15:00+05:30,71822.99,2024-01-11T13:15:00+05:30,71577.99,lorentzian_new_long,lorentzian_exit_long,-333.33,65.54,3.9,19.51,-422.28,0.17
NSE:NIFTY,LONG,4.848963931665916,2024-01-11T09:15:00+05:30,21672.15,2024-01-11T13:15:00+05:30,21606.3,lorentzian_new_long,lorentzian_exit_long,-319.3,66.93,4.2,20.99,-411.42,0.17
NSE:TATASTEEL,LONG,745,2024-01-11T09:15:00+05:30,134.85,2024-01-11T13:15:00+05:30,134.85,lorentzian_new_long,lorentzian_exit_long,0.0,82.61,20.09,60.28,-162.98,0.17
NSE:INFY,LONG,60,2024-01-12T09:15:00+05:30,1599.3,2024-01-12T13:15:00+05:30,1608.95,lorentzian_new_long,lorentzian_exit_long,579.0,81.19,19.25,57.75,420.82,0.17
NSE:WIPRO,LONG,915,2024-01-12T09:15:00+05:30,116.5,2024-01-12T13:15:00+05:30,116.36,lorentzian_new_long,lorentzian_exit_long,-123.53,84.74,21.31,63.92,-293.49,0.17
NSE:SBIN,LONG,150,2024-01-12T10:15:00+05:30,631.25,2024-01-12T14:15:00+05:30,632.9,lorentzian_new_long,lorentzian_exit_long,247.5,80.64,18.96,56.89,91.01,0.17
NSE:ITC,LONG,210,2024-01-12T14:15:00+05:30,465.95,2024-01-15T11:15:00+05:30,467.75,lorentzian_new_long,lorentzian_exit_long,378.0,280.99,19.61,58.82,18.58,2.88
NSE:HDFCBANK,LONG,230,2024-01-15T09:15:00+05:30,416.25,2024-01-15T13:15:00+05:30,417.19,lorentzian_new_long,lorentzian_exit_long,216.2,81.0,19.17,57.51,58.52,0.17
NSE:HINDUNILVR,LONG,35,2024-01-16T09:15:00+05:30,2577.0,2024-01-16T13:15:00+05:30,2579.55,lorentzian_new_long,lorentzian_exit_long,89.25,79.01,18.05,54.14,-61.96,0.17
NSE:ADANIGREEN,SHORT,35,2024-01-16T09:15:00+05:30,1679.9,2024-01-16T13:15:00+05:30,1680.9,lorentzian_new_short,lorentzian_exit_short,-35.0,67.93,11.76,35.29,-149.98,0.17
NSE:ICICIBANK,LONG,85,2024-01-11T09:15:00+05:30,992.0,2024-01-17T09:15:00+05:30,999.15,lorentzian_new_long,lorentzian_new_short,607.75,251.16,16.92,50.77,288.89,6.0
NSE:RELIANCE,LONG,145,2024-01-10T14:15:00+05:30,662.75,2024-01-17T09:15:00+05:30,685.2,lorentzian_new_long,lorentzian_new_short,3255.25,280.08,19.55,58.64,2896.99,6.79
NSE:TATACONSUM,LONG,85,2024-01-11T09:15:00+05:30,1116.45,2024-01-17T09:15:00+05:30,1137.95,lorentzian_new_long,lorentzian_new_short,1827.5,275.93,19.16,57.49,1474.92,6.0
NSE:SENSEX,SHORT,1.3460687504312792,2024-01-17T09:15:00+05:30,72282.22,2024-01-17T13:15:00+05:30,71788.78,lorentzian_new_short,lorentzian_exit_short,664.2,65.48,3.88,19.39,575.45,0.17
NSE:HDFCBANK,SHORT,240,2024-01-17T09:15:00+05:30,395.31,2024-01-17T13:15:00+05:30,387.84,lorentzian_new_short,lorentzian_exit_short,1794.0,80.52,18.8,56.39,1638.3,0.17
NSE:NIFTY,SHORT,4.803693629642741,2024-01-17T09:15:00+05:30,21791.0,2024-01-17T13:15:00+05:30,21657.1,lorentzian_new_short,lorentzian_exit_short,643.21,66.87,4.17,20.87,551.3,0.17
NSE:ICICIBANK,SHORT,85,2024-01-17T09:15:00+05:30,999.15,2024-01-17T13:15:00+05:30,986.1,lorentzian_new_short,lorentzian_exit_short,1109.25,77.06,16.87,50.62,964.69,0.17
NSE:SBIN,SHORT,150,2024-01-17T09:15:00+05:30,632.0,2024-01-17T13:15:00+05:30,629.25,lorentzian_new_short,lorentzian_exit_short,412.5,80.59,18.92,56.76,256.24,0.17
NSE:RELIANCE,SHORT,145,2024-01-17T09:15:00+05:30,685.2,2024-01-17T13:15:00+05:30,683.16,lorentzian_new_short,lorentzian_exit_short,295.08,82.2,19.84,59.52,133.51,0.17
NSE:BANKNIFTY,SHORT,2.134312704439111,2024-01-17T09:15:00+05:30,46953.35,2024-01-17T13:15:00+05:30,46320.15,lorentzian_new_short,lorentzian_exit_short,1351.45,66.0,3.98,19.91,1261.56,0.17
NSE:HINDUNILVR,SHORT,35,2024-01-17T09:15:00+05:30,2546.65,2024-01-17T13:15:00+05:30,2559.75,lorentzian_new_short,lorentzian_exit_short,-458.5,78.65,17.87,53.62,-608.63,0.17
NSE:TATASTEEL,SHORT,750,2024-01-17T09:15:00+05:30,134.35,2024-01-17T13:15:00+05:30,133.0,lorentzian_new_short,lorentzian_exit_short,1012.5,82.65,20.05,60.15,849.65,0.17
NSE:BHARTIARTL,SHORT,85,2024-01-17T11:15:00+05:30,1083.5,2024-01-17T15:15:00+05:30,1081.1,lorentzian_new_short,lorentzian_exit_short,204.0,79.65,18.4,55.2,50.76,0.17
NSE:ITC,SHORT,215,2024-01-18T09:15:00+05:30,461.55,2024-01-18T13:15:00+05:30,464.75,lorentzian_new_short,lorentzian_exit_short,-688.0,82.22,19.92,59.75,-849.88,0.17
NSE:WIPRO,SHORT,900,2024-01-18T09:15:00+05:30,118.22,2024-01-18T13:15:00+05:30,120.62,lorentzian_new_short,lorentzian_exit_short,-2169.0,84.84,21.5,64.49,-2339.82,0.17
NSE:TATACONSUM,SHORT,85,2024-01-17T09:15:00+05:30,1137.95,2024-01-19T09:15:00+05:30,1153.75,lorentzian_new_short,lorentzian_new_long,-1343.0,279.69,19.48,58.44,-1700.61,2.0
NSE:ICICIBANK,LONG,85,2024-01-19T09:15:00+05:30,1006.0,2024-01-19T13:15:00+05:30,1000.15,lorentzian_new_long,lorentzian_exit_long,-497.25,77.2,17.05,51.16,-642.65,0.17
NSE:SBIN,LONG,150,2024-01-19T09:15:00+05:30,632.7,2024-01-19T13:15:00+05:30,625.4,lorentzian_new_long,lorentzian_exit_long,-1095.0,80.34,18.87,56.61,-1250.82,0.17
NSE:TATACONSUM,LONG,80,2024-01-19T09:15:00+05:30,1153.75,2024-01-19T13:15:00+05:30,1153.5,lorentzian_new_long,lorentzian_exit_long,-20.0,79.73,18.46,55.37,-173.56,0.17
NSE:HINDUNILVR,LONG,35,2024-01-19T15:15:00+05:30,2567.8,2024-01-20T09:15:00+05:30,2495.0,lorentzian_new_long,lorentzian_new_short,-2548.0,260.23,17.72,53.16,-2879.11,0.75
NSE:NIFTY,LONG,4.8617476048662365,2024-01-20T09:15:00+05:30,21643.85,2024-01-20T13:15:00+05:30,21609.6,lorentzian_new_long,lorentzian_exit_long,-166.51,66.98,4.21,21.03,-258.73,0.17
NSE:HINDUNILVR,SHORT,35,2024-01-20T09:15:00+05:30,2495.0,2024-01-20T13:15:00+05:30,2477.4,lorentzian_new_short,lorentzian_exit_short,616.0,77.94,17.4,52.21,468.45,0.17
NSE:TCS,SHORT,25,2024-01-20T11:15:00+05:30,3889.45,2024-01-20T15:15:00+05:30,3859.3,lorentzian_new_short,lorentzian_exit_short,753.75,81.42,19.37,58.12,594.84,0.17
NSE:BANKNIFTY,LONG,2.206191569833512,2024-01-23T09:15:00+05:30,45993.7,2024-01-23T11:15:00+05:30,45143.85,lorentzian_new_long,lorentzian_new_short,-1874.93,66.02,4.02,20.11,-1965.08,0.08
NSE:ADANIGREEN,LONG,35,2024-01-20T14:15:00+05:30,1678.95,2024-01-23T11:15:00+05:30,1645.4,lorentzian_new_long,lorentzian_exit_long,-1174.25,192.51,11.64,34.91,-1413.3,2.88
NSE:NIFTY,SHORT,4.907546407937312,2024-01-23T11:15:00+05:30,21389.3,2024-01-23T15:15:00+05:30,21243.05,lorentzian_new_short,lorentzian_exit_short,717.73,66.92,4.18,20.92,625.7,0.17
NSE:SBIN,SHORT,155,2024-01-23T11:15:00+05:30,613.0,2024-01-23T15:15:00+05:30,606.0,lorentzian_new_short,lorentzian_exit_short,1085.0,80.62,18.89,56.68,928.81,0.17
NSE:BANKNIFTY,SHORT,2.20432484440906,2024-01-23T11:15:00+05:30,45143.85,2024-01-23T15:15:00+05:30,45006.35,lorentzian_new_short,lorentzian_exit_short,303.09,65.91,3.97,19.87,213.33,0.17
NSE:LT,SHORT,25,2024-01-23T11:15:00+05:30,3599.2,2024-01-23T15:15:00+05:30,3547.0,lorentzian_new_short,lorentzian_exit_short,1305.0,78.83,17.87,53.6,1154.71,0.17
NSE:ICICIBANK,LONG,85,2024-01-20T14:15:00+05:30,1009.95,2024-01-24T11:15:00+05:30,1001.7,lorentzian_new_long,lorentzian_new_short,-701.25,253.19,17.1,51.3,-1022.84,3.88
NSE:TATACONSUM,SHORT,80,2024-01-23T14:15:00+05:30,1146.3,2024-01-24T11:15:00+05:30,1148.05,lorentzian_new_short,lorentzian_exit_short,-140.0,267.1,18.35,55.06,-480.52,0.88
NSE:ICICIBANK,SHORT,85,2024-01-24T11:15:00+05:30,1001.7,2024-01-24T15:15:00+05:30,998.5,lorentzian_new_short,lorentzian_exit_short,272.0,77.19,17.0,51.01,126.8,0.17
NSE:HINDUNILVR,SHORT,35,2024-01-23T09:15:00+05:30,2437.75,2024-01-25T09:15:00+05:30,2463.9,lorentzian_new_short,lorentzian_new_long,-915.25,253.84,17.16,51.47,-1237.71,2.0
NSE:HCLTECH,LONG,50,2024-01-24T13:15:00+05:30,1560.2,2024-01-25T10:15:00+05:30,1550.0,lorentzian_new_long,lorentzian_exit_long,-510.0,235.98,15.55,46.65,-808.18,0.88
NSE:TATASTEEL,LONG,750,2024-01-24T13:15:00+05:30,135.15,2024-01-25T10:15:00+05:30,134.35,lorentzian_new_long,lorentzian_exit_long,-600.0,287.78,20.21,60.64,-968.63,0.88
NSE:HINDUNILVR,LONG,35,2024-01-25T09:15:00+05:30,2463.9,2024-01-25T13:15:00+05:30,2434.2,lorentzian_new_long,lorentzian_exit_long,-1039.5,77.3,17.14,51.43,-1185.37,0.17
NSE:RELIANCE,LONG,150,2024-01-25T13:15:00+05:30,675.77,2024-01-29T10:15:00+05:30,697.24,lorentzian_new_long,lorentzian_exit_long,3219.75,291.75,20.6,61.79,2845.62,3.88
NSE:SENSEX,LONG,1.370776926769108,2024-01-29T09:15:00+05:30,71397.88,2024-01-29T13:15:00+05:30,71885.99,lorentzian_new_long,lorentzian_exit_long,669.09,65.72,3.93,19.64,579.8,0.17
NSE:NIFTY,LONG,4.894572221288615,2024-01-29T09:15:00+05:30,21573.45,2024-01-29T13:15:00+05:30,21721.0,lorentzian_new_long,lorentzian_exit_long,722.19,67.18,4.24,21.19,629.59,0.17
NSE:ICICIBANK,LONG,85,2024-01-29T09:15:00+05:30,1027.85,2024-01-29T13:15:00+05:30,1017.45,lorentzian_new_long,lorentzian_exit_long,-884.0,77.74,17.39,52.16,-1031.28,0.17
NSE:BANKNIFTY,LONG,2.1934855118899934,2024-01-29T09:15:00+05:30,45463.9,2024-01-29T13:15:00+05:30,45439.35,lorentzian_new_long,lorentzian_exit_long,-53.85,65.96,3.99,19.94,-143.74,0.17
NSE:LT,LONG,25,2024-01-29T09:15:00+05:30,3669.7,2024-01-29T13:15:00+05:30,3697.65,lorentzian_new_long,lorentzian_exit_long,698.75,79.73,18.42,55.26,545.34,0.17
NSE:WIPRO,LONG,865,2024-01-30T09:15:00+05:30,119.97,2024-01-30T13:15:00+05:30,119.7,lorentzian_new_long,lorentzian_exit_long,-237.87,83.71,20.73,62.2,-404.51,0.17
NSE:INFY,LONG,60,2024-01-30T10:15:00+05:30,1677.3,2024-01-30T14:15:00+05:30,1651.1,lorentzian_new_long,lorentzian_new_short,-1572.0,82.22,19.97,59.91,-1734.1,0.17
NSE:SENSEX,SHORT,1.3832870595946392,2024-01-30T14:15:00+05:30,71170.07,2024-01-31T11:15:00+05:30,71781.09,lorentzian_new_short,lorentzian_exit_short,-845.22,65.76,3.95,19.77,-934.71,0.88
NSE:NIFTY,SHORT,4.934212246166844,2024-01-30T14:15:00+05:30,21527.35,2024-01-31T11:15:00+05:30,21716.8,lorentzian_new_short,lorentzian_exit_short,-934.79,67.23,4.27,21.34,-1027.62,0.88
NSE:INFY,SHORT,60,2024-01-30T14:15:00+05:30,1651.1,2024-01-31T11:15:00+05:30,1665.05,lorentzian_new_short,lorentzian_exit_short,-837.0,284.29,19.9,59.69,-1200.88,0.88
NSE:LT,SHORT,25,2024-01-30T14:15:00+05:30,3634.0,2024-01-31T11:15:00+05:30,3474.0,lorentzian_new_short,lorentzian_exit_short,4000.0,260.29,17.77,53.31,3668.63,0.88
NSE:BHARTIARTL,SHORT,80,2024-01-30T14:15:00+05:30,1159.3,2024-01-31T11:15:00+05:30,1167.25,lorentzian_new_short,lorentzian_exit_short,-636.0,270.0,18.61,55.84,-980.45,0.88
NSE:WIPRO,SHORT,875,2024-01-31T09:15:00+05:30,118.04,2024-01-31T13:15:00+05:30,119.03,lorentzian_new_short,lorentzian_exit_short,-861.87,83.66,20.74,62.23,-1028.51,0.17
NSE:SENSEX,LONG,1.3544602912551558,2024-02-01T09:15:00+05:30,71996.74,2024-02-01T13:15:00+05:30,71731.61,lorentzian_new_long,lorentzian_exit_long,-359.11,65.5,3.89,19.47,-447.97,0.17
NSE:NIFTY,LONG,4.829069529376018,2024-02-01T09:15:00+05:30,21783.9,2024-02-01T13:15:00+05:30,21722.25,lorentzian_new_long,lorentzian_exit_long,-297.71,66.95,4.2,21.01,-389.88,0.17
NSE:TCS,LONG,25,2024-02-01T09:15:00+05:30,3875.0,2024-02-01T13:15:00+05:30,3876.0,lorentzian_new_long,lorentzian_exit_long,25.0,81.35,19.38,58.13,-133.86,0.17
NSE:TATACONSUM,LONG,85,2024-02-01T13:15:00+05:30,1131.4,2024-02-02T10:15:00+05:30,1139.85,lorentzian_new_long,lorentzian_exit_long,718.25,277.61,19.31,57.92,363.42,0.88
NSE:HDFCBANK,LONG,265,2024-01-29T09:15:00+05:30,362.99,2024-02-02T13:15:00+05:30,363.77,lorentzian_new_long,lorentzian_new_short,208.02,277.13,19.26,57.78,-146.14,4.17
NSE:INFY,LONG,55,2024-02-02T09:15:00+05:30,1694.5,2024-02-02T13:15:00+05:30,1694.9,lorentzian_new_long,lorentzian_exit_long,22.0,80.05,18.64,55.93,-132.62,0.17
NSE:WIPRO,LONG,860,2024-02-02T09:15:00+05:30,119.36,2024-02-02T13:15:00+05:30,120.2,lorentzian_new_long,lorentzian_exit_long,718.1,83.59,20.6,61.81,552.1,0.17
NSE:HDFCBANK,SHORT,265,2024-02-02T13:15:00+05:30,363.77,2024-02-05T10:15:00+05:30,360.55,lorentzian_new_short,lorentzian_exit_short,854.62,276.36,19.19,57.58,501.49,2.88
NSE:BHARTIARTL,LONG,80,2024-02-02T11:15:00+05:30,1168.8,2024-02-05T10:15:00+05:30,1126.0,lorentzian_new_long,lorentzian_new_short,-3424.0,267.39,18.36,55.08,-3764.82,2.96
NSE:BANKNIFTY,SHORT,2.1693054590743674,2024-02-05T09:15:00+05:30,45904.6,2024-02-05T13:15:00+05:30,45932.0,lorentzian_new_short,lorentzian_exit_short,-59.44,65.94,3.98,19.92,-149.29,0.17
NSE:BHARTIARTL,SHORT,80,2024-02-05T10:15:00+05:30,1126.0,2024-02-05T14:15:00+05:30,1113.6,lorentzian_new_short,lorentzian_exit_short,992.0,78.88,17.92,53.75,841.45,0.17
NSE:RELIANCE,LONG,140,2024-02-02T09:15:00+05:30,727.2,2024-02-06T09:15:00+05:30,717.01,lorentzian_new_long,lorentzian_new_short,-1425.9,287.92,20.22,60.66,-1794.69,4.0
NSE:HCLTECH,SHORT,50,2024-02-05T14:15:00+05:30,1555.05,2024-02-06T11:15:00+05:30,1596.0,lorentzian_new_short,lorentzian_exit_short,-2047.5,238.36,15.76,47.27,-2348.88,0.88
NSE:RELIANCE,SHORT,140,2024-02-06T09:15:00+05:30,717.01,2024-02-06T13:15:00+05:30,714.09,lorentzian_new_short,lorentzian_exit_short,409.5,82.55,20.04,60.11,246.81,0.17
NSE:SBIN,SHORT,150,2024-02-06T10:15:00+05:30,640.3,2024-02-06T14:15:00+05:30,649.3,lorentzian_new_short,lorentzian_exit_short,-1350.0,81.14,19.34,58.03,-1508.52,0.17
NSE:HCLTECH,LONG,50,2024-02-06T12:15:00+05:30,1613.05,2024-02-07T09:15:00+05:30,1614.9,lorentzian_new_long,lorentzian_exit_long,92.5,242.47,16.14,48.42,-214.53,0.88
NSE:SBIN,LONG,145,2024-02-06T15:15:00+05:30,654.8,2024-02-07T12:15:00+05:30,672.5,lorentzian_new_long,lorentzian_exit_long,2566.5,276.8,19.25,57.74,2212.71,0.88
NSE:SENSEX,LONG,1.3404755901119576,2024-02-07T09:15:00+05:30,72414.67,2024-02-07T13:15:00+05:30,72255.86,lorentzian_new_long,lorentzian_exit_long,-212.88,65.44,3.88,19.39,-301.59,0.17
NSE:LT,LONG,30,2024-02-07T09:15:00+05:30,3430.95,2024-02-07T13:15:00+05:30,3408.85,lorentzian_new_long,lorentzian_exit_long,-663.0,83.29,20.52,61.56,-828.37,0.17
NSE:BANKNIFTY,LONG,2.160603249299912,2024-02-08T09:15:00+05:30,46020.6,2024-02-08T13:15:00+05:30,45373.9,lorentzian_new_long,lorentzian_exit_long,-1397.26,65.71,3.95,19.75,-1486.67,0.17
NSE:TATACONSUM,SHORT,85,2024-02-08T10:15:00+05:30,1135.0,2024-02-08T13:15:00+05:30,1135.1,lorentzian_new_short,lorentzian_exit_short,-8.5,81.2,19.3,57.89,-166.89,0.12
NSE:SENSEX,SHORT,1.3536216647580206,2024-02-08T10:15:00+05:30,71489.26,2024-02-08T14:15:00+05:30,71412.36,lorentzian_new_short,lorentzian_exit_short,104.09,65.41,3.87,19.34,15.47,0.17
NSE:NIFTY,SHORT,4.8216063593226375,2024-02-08T10:15:00+05:30,21737.0,2024-02-08T14:15:00+05:30,21714.75,lorentzian_new_short,lorentzian_exit_short,107.28,66.92,4.19,20.95,15.22,0.17
NSE:LT,SHORT,30,2024-02-08T10:15:00+05:30,3349.05,2024-02-08T14:15:00+05:30,3336.45,lorentzian_new_short,lorentzian_exit_short,378.0,82.59,20.06,60.17,215.19,0.17
NSE:WIPRO,SHORT,840,2024-02-08T11:15:00+05:30,122.94,2024-02-08T15:15:00+05:30,122.25,lorentzian_new_short,lorentzian_exit_short,579.6,83.56,20.6,61.79,413.66,0.17
NSE:BANKNIFTY,SHORT,2.177642638458191,2024-02-08T14:15:00+05:30,44979.85,2024-02-09T11:15:00+05:30,45387.5,lorentzian_new_short,lorentzian_exit_short,-887.72,65.67,3.94,19.68,-977.0,0.88
NSE:RELIANCE,LONG,140,2024-02-09T09:15:00+05:30,733.62,2024-02-09T13:15:00+05:30,732.23,lorentzian_new_long,lorentzian_exit_long,-196.0,83.34,20.52,61.57,-361.43,0.17
NSE:INFY,SHORT,55,2024-02-07T10:15:00+05:30,1700.75,2024-02-09T13:15:00+05:30,1675.0,lorentzian_new_short,lorentzian_exit_short,1416.25,269.34,18.57,55.7,1072.64,2.12
NSE:TATASTEEL,SHORT,710,2024-02-09T09:15:00+05:30,141.6,2024-02-09T13:15:00+05:30,141.1,lorentzian_new_short,lorentzian_exit_short,355.0,82.61,20.07,60.22,192.1,0.17
NSE:WIPRO,LONG,825,2024-02-12T09:15:00+05:30,125.0,2024-02-12T13:15:00+05:30,126.6,lorentzian_new_long,lorentzian_exit_long,1320.0,83.92,20.76,62.27,1153.05,0.17
NSE:ADANIGREEN,SHORT,35,2024-02-13T09:15:00+05:30,1796.0,2024-02-13T13:15:00+05:30,1785.6,lorentzian_new_short,lorentzian_exit_short,364.0,69.33,12.54,37.61,244.53,0.17
NSE:TCS,SHORT,20,2024-02-14T11:15:00+05:30,4072.1,2024-02-14T15:15:00+05:30,4107.95,lorentzian_new_short,lorentzian_exit_short,-717.0,75.95,16.36,49.08,-858.39,0.17
NSE:SENSEX,LONG,1.349064848110789,2024-02-14T14:15:00+05:30,71742.17,2024-02-15T11:15:00+05:30,71844.88,lorentzian_new_long,lorentzian_exit_long,138.56,65.43,3.87,19.37,49.88,0.88
NSE:TATASTEEL,LONG,710,2024-02-14T14:15:00+05:30,141.3,2024-02-15T11:15:00+05:30,142.15,lorentzian_new_long,lorentzian_exit_long,603.5,286.72,20.12,60.37,236.28,0.88
NSE:HDFCBANK,LONG,280,2024-02-15T09:15:00+05:30,350.4,2024-02-15T13:15:00+05:30,353.07,lorentzian_new_long,lorentzian_exit_long,749.0,81.99,19.7,59.09,588.22,0.17
NSE:INFY,LONG,60,2024-02-15T09:15:00+05:30,1681.0,2024-02-15T13:15:00+05:30,1674.4,lorentzian_new_long,lorentzian_exit_long,-396.0,82.63,20.13,60.4,-559.16,0.17
NSE:ADANIGREEN,LONG,30,2024-02-15T09:15:00+05:30,1921.95,2024-02-15T13:15:00+05:30,1890.35,lorentzian_new_long,lorentzian_exit_long,-948.0,67.25,11.44,34.31,-1061.0,0.17
NSE:TATACONSUM,LONG,80,2024-02-15T09:15:00+05:30,1140.35,2024-02-15T13:15:00+05:30,1133.25,lorentzian_new_long,lorentzian_exit_long,-568.0,79.19,18.19,54.57,-719.95,0.17
NSE:BHARTIARTL,LONG,80,2024-02-15T10:15:00+05:30,1125.15,2024-02-15T14:15:00+05:30,1119.7,lorentzian_new_long,lorentzian_exit_long,-436.0,78.8,17.96,53.88,-586.64,0.17
NSE:TCS,LONG,20,2024-02-16T09:15:00+05:30,4134.5,2024-02-16T13:15:00+05:30,4121.25,lorentzian_new_long,lorentzian_exit_long,-265.0,76.27,16.51,49.53,-407.31,0.17
NSE:HINDUNILVR,LONG,35,2024-02-19T09:15:00+05:30,2385.7,2024-02-19T13:15:00+05:30,2387.05,lorentzian_new_long,lorentzian_exit_long,47.25,76.64,16.7,50.11,-96.21,0.17
NSE:TCS,SHORT,20,2024-02-20T09:15:00+05:30,4062.0,2024-02-20T13:15:00+05:30,4020.65,lorentzian_new_short,lorentzian_exit_short,827.0,75.78,16.17,48.5,686.56,0.17
NSE:INFY,SHORT,60,2024-02-20T09:15:00+05:30,1679.2,2024-02-20T13:15:00+05:30,1671.9,lorentzian_new_short,lorentzian_exit_short,438.0,82.68,20.11,60.32,274.89,0.17
NSE:HCLTECH,SHORT,45,2024-02-20T09:15:00+05:30,1652.1,2024-02-20T13:15:00+05:30,1655.75,lorentzian_new_short,lorentzian_exit_short,-164.25,73.41,14.89,44.66,-297.21,0.17
NSE:TATASTEEL,SHORT,715,2024-02-20T09:15:00+05:30,140.7,2024-02-20T13:15:00+05:30,140.4,lorentzian_new_short,lorentzian_exit_short,214.5,82.64,20.1,60.3,51.46,0.17
NSE:WIPRO,SHORT,790,2024-02-20T13:15:00+05:30,132.35,2024-02-21T10:15:00+05:30,132.16,lorentzian_new_short,lorentzian_exit_short,146.15,295.33,20.9,62.69,-232.77,0.88
NSE:TATASTEEL,LONG,695,2024-02-21T09:15:00+05:30,144.5,2024-02-21T13:15:00+05:30,144.4,lorentzian_new_long,lorentzian_exit_long,-69.5,82.58,20.08,60.24,-232.39,0.17
NSE:LT,SHORT,30,2024-02-21T13:15:00+05:30,3318.0,2024-02-22T10:15:00+05:30,3286.6,lorentzian_new_short,lorentzian_exit_short,942.0,283.24,19.81,59.44,579.51,0.88
NSE:ADANIGREEN,SHORT,30,2024-02-21T14:15:00+05:30,1909.75,2024-02-22T11:15:00+05:30,1896.95,lorentzian_new_short,lorentzian_exit_short,384.0,190.0,11.42,34.26,148.32,0.88
NSE:SENSEX,SHORT,1.3308781425827247,2024-02-21T14:15:00+05:30,72759.91,2024-02-22T12:15:00+05:30,72320.31,lorentzian_new_short,lorentzian_exit_short,585.05,65.4,3.86,19.31,496.49,0.92
NSE:HDFCBANK,SHORT,275,2024-02-22T09:15:00+05:30,354.88,2024-02-22T13:15:00+05:30,354.88,lorentzian_new_short,lorentzian_exit_short,-0.0,81.6,19.52,58.55,-159.67,0.17
NSE:HCLTECH,LONG,45,2024-02-22T10:15:00+05:30,1663.4,2024-02-22T14:15:00+05:30,1687.35,lorentzian_new_long,lorentzian_exit_long,1077.75,73.89,15.08,45.24,943.55,0.17
NSE:TATACONSUM,SHORT,80,2024-02-22T11:15:00+05:30,1147.0,2024-02-22T15:15:00+05:30,1156.7,lorentzian_new_short,lorentzian_exit_short,-776.0,79.59,18.43,55.29,-929.31,0.17
NSE:SBIN,SHORT,125,2024-02-22T12:15:00+05:30,758.95,2024-02-23T09:15:00+05:30,768.35,lorentzian_new_short,lorentzian_exit_short,-1175.0,275.37,19.09,57.27,-1526.73,0.88
NSE:TCS,LONG,20,2024-02-22T14:15:00+05:30,4086.05,2024-02-23T11:15:00+05:30,4099.6,lorentzian_new_long,lorentzian_exit_long,271.0,245.03,16.37,49.11,-39.52,0.88
NSE:INFY,LONG,60,2024-02-22T14:15:00+05:30,1679.85,2024-02-23T11:15:00+05:30,1678.9,lorentzian_new_long,lorentzian_exit_long,-57.0,287.07,20.15,60.46,-424.68,0.88
NSE:ITC,LONG,235,2024-02-22T14:15:00+05:30,414.2,2024-02-23T11:15:00+05:30,412.55,lorentzian_new_long,lorentzian_exit_long,-387.75,279.06,19.43,58.29,-744.52,0.88
NSE:LT,LONG,30,2024-02-22T14:15:00+05:30,3366.5,2024-02-23T11:15:00+05:30,3368.55,lorentzian_new_long,lorentzian_exit_long,61.5,287.65,20.21,60.62,-306.97,0.88
NSE:WIPRO,LONG,780,2024-02-23T09:15:00+05:30,133.66,2024-02-23T13:15:00+05:30,133.93,lorentzian_new_long,lorentzian_exit_long,202.8,84.0,20.87,62.62,35.31,0.17
NSE:TCS,SHORT,20,2024-02-26T09:15:00+05:30,4006.35,2024-02-26T13:15:00+05:30,3998.75,lorentzian_new_short,lorentzian_exit_short,152.0,75.43,16.01,48.03,12.53,0.17
NSE:HCLTECH,SHORT,45,2024-02-26T09:15:00+05:30,1653.65,2024-02-26T13:15:00+05:30,1652.7,lorentzian_new_short,lorentzian_exit_short,42.75,73.42,14.88,44.64,-90.19,0.17
NSE:ADANIGREEN,LONG,30,2024-02-26T09:15:00+05:30,1959.65,2024-02-26T13:15:00+05:30,1986.15,lorentzian_new_long,lorentzian_exit_long,795.0,68.15,11.84,35.51,679.5,0.17
NSE:INFY,SHORT,60,2024-02-26T11:15:00+05:30,1646.55,2024-02-26T15:15:00+05:30,1660.0,lorentzian_new_short,lorentzian_exit_short,-807.0,82.07,19.84,59.52,-968.43,0.17
NSE:TATASTEEL,SHORT,705,2024-02-26T11:15:00+05:30,143.0,2024-02-26T15:15:00+05:30,142.45,lorentzian_new_short,lorentzian_exit_short,387.75,82.71,20.12,60.37,224.55,0.17
NSE:BANKNIFTY,LONG,2.0557361511045573,2024-02-23T09:15:00+05:30,47173.35,2024-02-27T09:15:00+05:30,46384.6,lorentzian_new_long,lorentzian_new_short,-1621.46,65.21,3.85,19.23,-1709.75,4.0
NSE:TATACONSUM,LONG,80,2024-02-26T13:15:00+05:30,1181.55,2024-02-27T10:15:00+05:30,1179.4,lorentzian_new_long,lorentzian_exit_long,-172.0,273.03,18.89,56.66,-520.58,0.88
NSE:ICICIBANK,SHORT,85,2024-02-02T14:15:00+05:30,1023.45,2024-02-27T13:15:00+05:30,1065.6,lorentzian_new_short,lorentzian_new_long,-3582.75,260.72,17.76,53.27,-3914.5,24.96
NSE:BANKNIFTY,SHORT,2.0539429319792624,2024-02-27T09:15:00+05:30,46384.6,2024-02-27T13:15:00+05:30,46644.35,lorentzian_new_short,lorentzian_exit_short,-533.51,65.15,3.82,19.11,-621.59,0.17
NSE:TCS,LONG,20,2024-02-27T09:15:00+05:30,4078.75,2024-02-28T09:15:00+05:30,4140.5,lorentzian_new_long,lorentzian_exit_long,1235.0,245.71,16.44,49.32,923.54,1.0
NSE:ICICIBANK,LONG,75,2024-02-27T13:15:00+05:30,1065.6,2024-02-28T10:15:00+05:30,1052.0,lorentzian_new_long,lorentzian_exit_long,-1020.0,239.69,15.88,47.65,-1323.22,0.88
NSE:BHARTIARTL,LONG,80,2024-02-27T14:15:00+05:30,1129.7,2024-02-28T11:15:00+05:30,1127.75,lorentzian_new_long,lorentzian_exit_long,-156.0,263.82,18.06,54.18,-492.06,0.88
NSE:INFY,LONG,55,2024-02-28T09:15:00+05:30,1679.5,2024-02-28T13:15:00+05:30,1673.65,lorentzian_new_long,lorentzian_exit_long,-321.75,79.66,18.44,55.33,-475.18,0.17
NSE:RELIANCE,SHORT,140,2024-02-28T10:15:00+05:30,732.44,2024-02-28T14:15:00+05:30,727.25,lorentzian_new_short,lorentzian_exit_short,726.6,83.29,20.44,61.31,561.56,0.17
NSE:WIPRO,SHORT,795,2024-02-28T10:15:00+05:30,130.9,2024-02-28T14:15:00+05:30,129.79,lorentzian_new_short,lorentzian_exit_short,882.45,83.82,20.72,62.17,715.73,0.17
NSE:ADANIGREEN,SHORT,30,2024-02-28T10:15:00+05:30,1928.0,2024-02-28T14:15:00+05:30,1917.3,lorentzian_new_short,lorentzian_exit_short,321.0,67.56,11.54,34.61,207.29,0.17
NSE:ICICIBANK,SHORT,75,2024-02-28T12:15:00+05:30,1045.75,2024-02-29T09:15:00+05:30,1040.3,lorentzian_new_short,lorentzian_exit_short,408.75,236.95,15.65,46.94,109.21,0.88
NSE:TATACONSUM,SHORT,80,2024-02-28T14:15:00+05:30,1167.85,2024-02-29T11:15:00+05:30,1184.75,lorentzian_new_short,lorentzian_exit_short,-1352.0,272.37,18.82,56.46,-1699.66,0.88
NSE:BHARTIARTL,SHORT,80,2024-02-29T13:15:00+05:30,1111.3,2024-03-01T10:15:00+05:30,1123.0,lorentzian_new_short,lorentzian_exit_short,-936.0,261.83,17.87,53.62,-1269.32,0.88
NSE:ITC,SHORT,240,2024-02-29T14:15:00+05:30,406.6,2024-03-01T11:15:00+05:30,411.5,lorentzian_new_short,lorentzian_exit_short,-1176.0,281.4,19.63,58.9,-1535.94,0.88
NSE:HCLTECH,LONG,45,2024-02-29T15:15:00+05:30,1670.0,2024-03-01T12:15:00+05:30,1649.95,lorentzian_new_long,lorentzian_exit_long,-902.25,229.21,14.94,44.82,-1191.22,0.88
NSE:SENSEX,LONG,1.3295636114203806,2024-03-01T09:15:00+05:30,73204.15,2024-03-01T13:15:00+05:30,73701.46,lorentzian_new_long,lorentzian_exit_long,661.21,65.61,3.91,19.53,572.15,0.17
NSE:NIFTY,LONG,4.720306608998425,2024-02-22T14:15:00+05:30,22206.7,2024-03-01T13:15:00+05:30,22330.6,lorentzian_new_long,lorentzian_exit_long,584.85,67.01,4.2,21.02,492.61,7.96
NSE:ICICIBANK,LONG,75,2024-03-01T09:15:00+05:30,1071.5,2024-03-01T13:15:00+05:30,1083.1,lorentzian_new_long,lorentzian_exit_long,870.0,75.77,16.16,48.48,729.59,0.17
NSE:SBIN,LONG,125,2024-03-01T09:15:00+05:30,756.8,2024-03-01T13:15:00+05:30,769.2,lorentzian_new_long,lorentzian_exit_long,1550.0,80.99,19.08,57.22,1392.71,0.17
NSE:BANKNIFTY,LONG,2.0309364164597485,2024-03-01T09:15:00+05:30,46604.9,2024-03-01T13:15:00+05:30,47161.6,lorentzian_new_long,lorentzian_exit_long,1130.62,65.18,3.81,19.04,1042.59,0.17
NSE:TATASTEEL,LONG,690,2024-03-01T09:15:00+05:30,145.75,2024-03-01T13:15:00+05:30,149.3,lorentzian_new_long,lorentzian_exit_long,2449.5,83.35,20.36,61.08,2284.72,0.17
NSE:ADANIGREEN,LONG,30,2024-03-01T09:15:00+05:30,1966.0,2024-03-01T13:15:00+05:30,1970.5,lorentzian_new_long,lorentzian_exit_long,135.0,68.03,11.81,35.43,19.74,0.17
NSE:RELIANCE,LONG,135,2024-03-01T11:15:00+05:30,742.75,2024-03-01T15:15:00+05:30,744.25,lorentzian_new_long,lorentzian_exit_long,202.5,82.6,20.07,60.22,39.6,0.17
NSE:HDFCBANK,LONG,275,2024-03-01T13:15:00+05:30,356.5,2024-03-02T11:15:00+05:30,357.7,lorentzian_new_long,lorentzian_exit_long,330.0,281.36,19.64,58.92,-29.92,0.92
NSE:WIPRO,LONG,805,2024-03-02T09:15:00+05:30,130.75,2024-03-04T10:15:00+05:30,130.68,lorentzian_new_long,lorentzian_exit_long,-60.37,296.99,21.04,63.13,-441.54,2.04
NSE:BHARTIARTL,LONG,75,2024-03-04T09:15:00+05:30,1145.6,2024-03-04T13:15:00+05:30,1137.9,lorentzian_new_long,lorentzian_exit_long,-577.5,77.32,17.13,51.38,-723.32,0.17
NSE:INFY,SHORT,60,2024-03-04T10:15:00+05:30,1643.6,2024-03-04T14:15:00+05:30,1637.65,lorentzian_new_short,lorentzian_exit_short,357.0,81.93,19.69,59.06,196.32,0.17
NSE:TCS,SHORT,20,2024-03-05T09:15:00+05:30,4006.35,2024-03-05T13:15:00+05:30,4011.75,lorentzian_new_short,lorentzian_exit_short,-108.0,75.45,16.04,48.11,-247.59,0.17
NSE:HCLTECH,SHORT,50,2024-03-05T09:15:00+05:30,1613.95,2024-03-05T13:15:00+05:30,1612.7,lorentzian_new_short,lorentzian_exit_short,62.5,75.64,16.13,48.4,-77.67,0.17
NSE:HINDUNILVR,SHORT,35,2024-03-05T09:15:00+05:30,2399.85,2024-03-05T13:15:00+05:30,2401.85,lorentzian_new_short,lorentzian_exit_short,-70.0,76.81,16.81,50.42,-214.03,0.17
NSE:ADANIGREEN,SHORT,30,2024-03-06T09:15:00+05:30,1919.25,2024-03-06T13:15:00+05:30,1914.85,lorentzian_new_short,lorentzian_exit_short,132.0,67.48,11.5,34.51,18.51,0.17
NSE:NIFTY,SHORT,4.731237678790207,2024-03-06T11:15:00+05:30,22259.2,2024-03-06T14:15:00+05:30,22473.3,lorentzian_new_short,lorentzian_new_long,-1012.96,67.06,4.23,21.16,-1105.42,0.12
NSE:RELIANCE,SHORT,140,2024-03-06T11:15:00+05:30,740.27,2024-03-06T15:15:00+05:30,750.72,lorentzian_new_short,lorentzian_exit_short,-1461.6,83.82,20.87,62.62,-1628.92,0.17
NSE:WIPRO,SHORT,810,2024-03-05T09:15:00+05:30,129.29,2024-03-07T09:15:00+05:30,128.3,lorentzian_new_short,lorentzian_new_long,801.9,294.92,20.86,62.59,423.52,2.0
NSE:NIFTY,LONG,4.637123003196418,2024-03-06T14:15:00+05:30,22473.3,2024-03-07T11:15:00+05:30,22486.6,lorentzian_new_long,lorentzian_exit_long,61.67,66.82,4.17,20.85,-30.16,0.88
NSE:TCS,LONG,20,2024-03-06T14:15:00+05:30,4068.55,2024-03-07T11:15:00+05:30,4102.9,lorentzian_new_long,lorentzian_exit_long,687.0,244.69,16.34,49.03,376.94,0.88
NSE:HCLTECH,LONG,45,2024-03-06T14:15:00+05:30,1644.85,2024-03-07T11:15:00+05:30,1640.6,lorentzian_new_long,lorentzian_exit_long,-191.25,227.43,14.78,44.35,-477.82,0.88
NSE:ICICIBANK,SHORT,75,2024-03-07T09:15:00+05:30,1089.45,2024-03-07T13:15:00+05:30,1087.0,lorentzian_new_short,lorentzian_exit_short,183.75,75.99,16.32,48.97,42.47,0.17
NSE:WIPRO,LONG,820,2024-03-07T09:15:00+05:30,128.3,2024-03-07T13:15:00+05:30,129.14,lorentzian_new_long,lorentzian_exit_long,688.8,84.48,21.11,63.33,519.88,0.17
NSE:HINDUNILVR,LONG,35,2024-03-07T09:15:00+05:30,2406.0,2024-03-07T13:15:00+05:30,2422.0,lorentzian_new_long,lorentzian_exit_long,560.0,77.04,16.9,50.69,415.37,0.17
NSE:LT,LONG,30,2024-03-01T09:15:00+05:30,3567.25,2024-03-07T14:15:00+05:30,3678.5,lorentzian_new_long,lorentzian_exit_long,3337.5,304.43,21.74,65.21,2946.12,6.21
NSE:ITC,LONG,230,2024-03-11T09:15:00+05:30,415.05,2024-03-11T10:15:00+05:30,414.5,lorentzian_new_long,lorentzian_exit_long,-126.5,80.81,19.08,57.24,-283.63,0.04
NSE:HDFCBANK,SHORT,275,2024-03-11T12:15:00+05:30,356.75,2024-03-11T13:15:00+05:30,357.0,lorentzian_new_short,lorentzian_exit_short,-68.75,81.78,19.63,58.88,-229.04,0.04
NSE:INFY,SHORT,60,2024-03-11T10:15:00+05:30,1588.15,2024-03-11T14:15:00+05:30,1598.9,lorentzian_new_short,lorentzian_exit_short,-645.0,80.83,19.12,57.37,-802.32,0.17
NSE:SENSEX,SHORT,1.3285787191386742,2024-03-11T11:15:00+05:30,73687.78,2024-03-11T15:15:00+05:30,73485.74,lorentzian_new_short,lorentzian_exit_short,268.43,65.61,3.91,19.55,179.35,0.17
NSE:SBIN,SHORT,125,2024-03-11T11:15:00+05:30,774.35,2024-03-11T15:15:00+05:30,773.95,lorentzian_new_short,lorentzian_exit_short,50.0,81.31,19.35,58.06,-108.73,0.17
NSE:BANKNIFTY,SHORT,2.0211141114314057,2024-03-11T11:15:00+05:30,47345.7,2024-03-11T15:15:00+05:30,47280.25,lorentzian_new_short,lorentzian_exit_short,132.28,65.2,3.82,19.12,44.13,0.17
NSE:NIFTY,SHORT,4.666851006350767,2024-03-11T14:15:00+05:30,22323.7,2024-03-12T11:15:00+05:30,22359.55,lorentzian_new_short,lorentzian_exit_short,-167.31,66.81,4.17,20.85,-259.14,0.88
NSE:HINDUNILVR,SHORT,35,2024-03-11T14:15:00+05:30,2385.2,2024-03-12T11:15:00+05:30,2376.65,lorentzian_new_short,lorentzian_exit_short,299.25,248.31,16.67,50.0,-15.73,0.88
NSE:HDFCBANK,LONG,265,2024-03-12T09:15:00+05:30,365.0,2024-03-12T13:15:00+05:30,365.19,lorentzian_new_long,lorentzian_exit_long,50.35,81.31,19.35,58.05,-108.36,0.17
NSE:ITC,SHORT,235,2024-03-12T09:15:00+05:30,402.95,2024-03-12T13:15:00+05:30,404.1,lorentzian_new_short,lorentzian_exit_short,-270.25,80.59,18.97,56.9,-426.71,0.17
NSE:TATASTEEL,SHORT,675,2024-03-12T10:15:00+05:30,152.25,2024-03-12T14:15:00+05:30,152.45,lorentzian_new_short,lorentzian_exit_short,-135.0,83.43,20.57,61.7,-300.7,0.17
NSE:TATACONSUM,LONG,75,2024-02-29T14:15:00+05:30,1191.65,2024-03-13T09:15:00+05:30,1203.95,lorentzian_new_long,lorentzian_new_short,922.5,262.71,17.97,53.9,587.92,12.79
NSE:BHARTIARTL,SHORT,75,2024-03-13T10:15:00+05:30,1185.85,2024-03-13T14:15:00+05:30,1170.25,lorentzian_new_short,lorentzian_exit_short,1170.0,78.47,17.67,53.01,1020.85,0.17
NSE:HCLTECH,SHORT,45,2024-03-13T11:15:00+05:30,1618.4,2024-03-13T15:15:00+05:30,1624.5,lorentzian_new_short,lorentzian_exit_short,-274.5,72.89,14.59,43.78,-405.76,0.17
NSE:WIPRO,SHORT,830,2024-03-13T12:15:00+05:30,127.0,2024-03-14T09:15:00+05:30,125.95,lorentzian_new_short,lorentzian_exit_short,871.5,296.36,20.99,62.98,491.16,0.88
NSE:TCS,SHORT,20,2024-03-13T14:15:00+05:30,4146.15,2024-03-14T11:15:00+05:30,4179.45,lorentzian_new_short,lorentzian_exit_short,-666.0,248.21,16.65,49.95,-980.82,0.88
NSE:INFY,LONG,60,2024-03-14T09:15:00+05:30,1636.75,2024-03-14T13:15:00+05:30,1648.4,lorentzian_new_long,lorentzian_exit_long,699.0,82.01,19.71,59.13,538.14,0.17
NSE:HCLTECH,LONG,45,2024-03-14T14:15:00+05:30,1677.95,2024-03-15T11:15:00+05:30,1658.8,lorentzian_new_long,lorentzian_exit_long,-861.75,230.05,15.02,45.05,-1151.86,0.88
NSE:WIPRO,LONG,820,2024-03-14T14:15:00+05:30,129.56,2024-03-15T11:15:00+05:30,127.42,lorentzian_new_long,lorentzian_exit_long,-1763.0,297.42,21.07,63.22,-2144.71,0.88
NSE:ADANIGREEN,LONG,30,2024-03-15T09:15:00+05:30,1914.55,2024-03-15T13:15:00+05:30,1906.05,lorentzian_new_long,lorentzian_exit_long,-255.0,67.37,11.46,34.39,-368.22,0.17
NSE:BHARTIARTL,LONG,75,2024-03-15T09:15:00+05:30,1200.95,2024-03-15T13:15:00+05:30,1215.2,lorentzian_new_long,lorentzian_exit_long,1068.75,79.25,18.12,54.36,917.01,0.17
NSE:TATACONSUM,SHORT,75,2024-03-13T09:15:00+05:30,1203.95,2024-03-15T14:15:00+05:30,1213.15,lorentzian_new_short,lorentzian_new_long,-690.0,264.63,18.13,54.38,-1027.14,2.21
NSE:TATACONSUM,LONG,75,2024-03-15T14:15:00+05:30,1213.15,2024-03-18T11:15:00+05:30,1189.8,lorentzian_new_long,lorentzian_exit_long,-1751.25,263.53,18.02,54.07,-2086.87,2.88
NSE:RELIANCE,LONG,140,2024-03-18T14:15:00+05:30,720.45,2024-03-19T11:15:00+05:30,709.7,lorentzian_new_long,lorentzian_exit_long,-1505.0,285.73,20.02,60.07,-1870.82,0.88
NSE:INFY,SHORT,60,2024-03-18T14:15:00+05:30,1603.7,2024-03-19T11:15:00+05:30,1571.55,lorentzian_new_short,lorentzian_exit_short,1929.0,274.69,19.05,57.15,1578.1,0.88
NSE:HDFCBANK,SHORT,270,2024-03-19T09:15:00+05:30,360.75,2024-03-19T13:15:00+05:30,360.52,lorentzian_new_short,lorentzian_exit_short,60.75,81.53,19.47,58.42,-98.67,0.17
NSE:HCLTECH,SHORT,45,2024-03-19T09:15:00+05:30,1619.75,2024-03-19T13:15:00+05:30,1609.65,lorentzian_new_short,lorentzian_exit_short,454.5,72.86,14.53,43.6,323.51,0.17
NSE:WIPRO,SHORT,825,2024-03-19T09:15:00+05:30,125.62,2024-03-19T13:15:00+05:30,124.35,lorentzian_new_short,lorentzian_exit_short,1051.88,83.66,20.62,61.87,885.72,0.17
NSE:TATACONSUM,SHORT,75,2024-03-19T09:15:00+05:30,1168.55,2024-03-19T13:15:00+05:30,1140.1,lorentzian_new_short,lorentzian_exit_short,2133.75,77.95,17.31,51.94,1986.54,0.17
NSE:SENSEX,LONG,1.346392957280234,2024-03-21T09:15:00+05:30,72845.62,2024-03-21T13:15:00+05:30,72592.71,lorentzian_new_long,lorentzian_exit_long,-340.52,65.61,3.92,19.58,-429.62,0.17
NSE:NIFTY,LONG,4.709196263018198,2024-03-21T09:15:00+05:30,22068.1,2024-03-21T13:15:00+05:30,21998.5,lorentzian_new_long,lorentzian_exit_long,-327.76,66.71,4.15,20.75,-419.37,0.17
NSE:ICICIBANK,LONG,75,2024-03-21T09:15:00+05:30,1094.25,2024-03-21T13:15:00+05:30,1085.5,lorentzian_new_long,lorentzian_exit_long,-656.25,75.94,16.35,49.04,-797.58,0.17
NSE:BANKNIFTY,LONG,2.0390224353650996,2024-03-21T09:15:00+05:30,46951.45,2024-03-21T13:15:00+05:30,46680.75,lorentzian_new_long,lorentzian_exit_long,-551.96,65.14,3.82,19.09,-640.01,0.17
NSE:ITC,LONG,220,2024-03-13T09:15:00+05:30,430.6,2024-03-21T13:15:00+05:30,421.0,lorentzian_new_long,lorentzian_exit_long,-2112.0,271.48,18.74,56.21,-2458.42,8.17
NSE:LT,LONG,30,2024-03-21T09:15:00+05:30,3580.85,2024-03-21T13:15:00+05:30,3577.95,lorentzian_new_long,lorentzian_exit_long,-87.0,85.04,21.48,64.43,-257.94,0.17
NSE:BHARTIARTL,SHORT,70,2024-03-21T13:15:00+05:30,1217.5,2024-03-22T10:15:00+05:30,1231.5,lorentzian_new_short,lorentzian_exit_short,-980.0,253.7,17.14,51.43,-1302.27,0.88
NSE:RELIANCE,SHORT,135,2024-03-26T09:15:00+05:30,720.92,2024-03-26T13:15:00+05:30,721.26,lorentzian_new_short,lorentzian_exit_short,-45.9,81.51,19.47,58.41,-205.28,0.17
NSE:RELIANCE,LONG,135,2024-03-27T09:15:00+05:30,737.52,2024-03-27T13:15:00+05:30,749.25,lorentzian_new_long,lorentzian_exit_long,1582.88,82.75,20.07,60.21,1419.84,0.17
NSE:TATASTEEL,SHORT,705,2024-03-20T10:15:00+05:30,146.0,2024-03-28T10:15:00+05:30,155.1,lorentzian_new_short,lorentzian_new_long,-6415.5,299.5,21.23,63.68,-6799.91,8.0
NSE:HDFCBANK,LONG,270,2024-03-27T14:15:00+05:30,360.21,2024-03-28T11:15:00+05:30,363.39,lorentzian_new_long,lorentzian_exit_long,857.25,280.17,19.54,58.61,498.93,0.88
NSE:SBIN,SHORT,130,2024-03-27T14:15:00+05:30,733.2,2024-03-28T11:15:00+05:30,747.8,lorentzian_new_short,lorentzian_exit_short,-1898.0,277.22,19.25,57.76,-2252.23,0.88
NSE:SBIN,LONG,125,2024-03-28T12:15:00+05:30,753.6,2024-04-01T09:15:00+05:30,759.9,lorentzian_new_long,lorentzian_exit_long,787.5,273.3,18.92,56.76,438.52,3.88
NSE:WIPRO,SHORT,860,2024-03-22T09:15:00+05:30,121.62,2024-04-01T09:15:00+05:30,120.7,lorentzian_new_short,lorentzian_new_long,795.5,294.65,20.84,62.52,417.49,10.0
NSE:ICICIBANK,SHORT,75,2024-04-02T09:15:00+05:30,1081.6,2024-04-02T13:15:00+05:30,1080.55,lorentzian_new_short,lorentzian_exit_short,78.75,75.79,16.22,48.65,-61.9,0.17
NSE:TATACONSUM,LONG,80,2024-04-02T13:15:00+05:30,1118.85,2024-04-03T10:15:00+05:30,1120.2,lorentzian_new_long,lorentzian_exit_long,108.0,262.17,17.91,53.74,-225.82,0.88
NSE:TCS,LONG,20,2024-04-03T10:15:00+05:30,3963.0,2024-04-03T14:15:00+05:30,3944.2,lorentzian_new_long,lorentzian_exit_long,-376.0,75.03,15.81,47.44,-514.29,0.17
NSE:WIPRO,LONG,870,2024-04-01T09:15:00+05:30,120.7,2024-04-03T15:15:00+05:30,120.94,lorentzian_new_long,lorentzian_exit_long,208.8,296.72,21.02,63.07,-172.01,2.25
NSE:BHARTIARTL,LONG,70,2024-04-03T11:15:00+05:30,1226.3,2024-04-03T15:15:00+05:30,1224.5,lorentzian_new_long,lorentzian_exit_long,-126.0,77.42,17.16,51.47,-272.04,0.17
NSE:RELIANCE,SHORT,135,2024-04-03T14:15:00+05:30,735.39,2024-04-04T11:15:00+05:30,728.59,lorentzian_new_short,lorentzian_exit_short,918.0,282.68,19.76,59.29,556.26,0.88
NSE:ITC,SHORT,220,2024-04-04T10:15:00+05:30,421.65,2024-04-04T14:15:00+05:30,422.55,lorentzian_new_short,lorentzian_exit_short,-198.0,79.91,18.57,55.72,-352.2,0.17
NSE:LT,SHORT,25,2024-04-04T10:15:00+05:30,3758.8,2024-04-04T14:15:00+05:30,3797.75,lorentzian_new_short,lorentzian_exit_short,-973.75,80.38,18.89,56.67,-1129.7,0.17
NSE:SBIN,SHORT,125,2024-04-04T11:15:00+05:30,759.45,2024-04-04T15:15:00+05:30,760.8,lorentzian_new_short,lorentzian_exit_short,-168.75,80.67,19.0,57.01,-325.43,0.17
NSE:BHARTIARTL,SHORT,70,2024-04-05T09:15:00+05:30,1202.2,2024-04-05T13:15:00+05:30,1195.85,lorentzian_new_short,lorentzian_exit_short,444.5,76.83,16.79,50.36,300.52,0.17
NSE:RELIANCE,SHORT,135,2024-04-04T12:15:00+05:30,729.08,2024-04-08T09:15:00+05:30,742.4,lorentzian_new_short,lorentzian_new_long,-1798.87,284.01,19.86,59.59,-2162.34,3.88
NSE:ITC,LONG,215,2024-04-05T13:15:00+05:30,430.1,2024-04-08T10:15:00+05:30,429.2,lorentzian_new_long,lorentzian_exit_long,-193.5,268.44,18.47,55.42,-535.84,2.88
NSE:RELIANCE,LONG,130,2024-04-08T09:15:00+05:30,742.4,2024-04-08T13:15:00+05:30,744.85,lorentzian_new_long,lorentzian_exit_long,318.5,81.31,19.33,58.0,159.86,0.17
NSE:HCLTECH,LONG,50,2024-04-08T09:15:00+05:30,1546.3,2024-04-08T13:15:00+05:30,1542.15,lorentzian_new_long,lorentzian_exit_long,-207.5,74.39,15.44,46.33,-343.66,0.17
NSE:HINDUNILVR,LONG,40,2024-04-01T09:15:00+05:30,2285.3,2024-04-08T13:15:00+05:30,2271.6,lorentzian_new_long,lorentzian_exit_long,-548.0,265.72,18.23,54.68,-886.63,7.17
NSE:ICICIBANK,LONG,70,2024-04-09T09:15:00+05:30,1097.75,2024-04-09T13:15:00+05:30,1106.8,lorentzian_new_long,lorentzian_exit_long,633.5,74.46,15.43,46.3,497.31,0.17
NSE:INFY,LONG,65,2024-04-09T09:15:00+05:30,1507.25,2024-04-09T13:15:00+05:30,1497.2,lorentzian_new_long,lorentzian_exit_long,-653.25,81.54,19.53,58.59,-812.91,0.17
NSE:SBIN,LONG,120,2024-04-09T10:15:00+05:30,770.25,2024-04-09T14:15:00+05:30,763.95,lorentzian_new_long,lorentzian_exit_long,-756.0,79.56,18.41,55.23,-909.2,0.17
NSE:TCS,SHORT,20,2024-04-09T12:15:00+05:30,3948.85,2024-04-10T09:15:00+05:30,3925.75,lorentzian_new_short,lorentzian_exit_short,462.0,238.1,15.75,47.25,160.9,0.88
NSE:BHARTIARTL,LONG,70,2024-04-10T09:15:00+05:30,1218.5,2024-04-10T13:15:00+05:30,1222.65,lorentzian_new_long,lorentzian_exit_long,290.5,77.35,17.09,51.26,144.8,0.17
NSE:WIPRO,SHORT,885,2024-04-10T10:15:00+05:30,119.0,2024-04-10T14:15:00+05:30,119.19,lorentzian_new_short,lorentzian_exit_short,-168.15,84.33,21.08,63.24,-336.8,0.17
NSE:LT,SHORT,25,2024-04-10T10:15:00+05:30,3763.35,2024-04-10T14:15:00+05:30,3753.0,lorentzian_new_short,lorentzian_exit_short,258.75,80.34,18.79,56.37,103.24,0.17
NSE:HDFCBANK,SHORT,260,2024-04-12T09:15:00+05:30,379.12,2024-04-12T13:15:00+05:30,379.93,lorentzian_new_short,lorentzian_exit_short,-208.0,81.96,19.74,59.21,-368.9,0.17
NSE:HCLTECH,SHORT,50,2024-04-12T09:15:00+05:30,1531.65,2024-04-12T13:15:00+05:30,1522.65,lorentzian_new_short,lorentzian_exit_short,450.0,74.16,15.27,45.81,314.75,0.17
NSE:ADANIGREEN,LONG,30,2024-04-01T09:15:00+05:30,1891.35,2024-04-12T14:15:00+05:30,1882.65,lorentzian_new_long,lorentzian_new_short,-261.0,188.96,11.32,33.97,-495.25,11.21
NSE:SENSEX,SHORT,1.3127635341730888,2024-04-12T12:15:00+05:30,74385.44,2024-04-15T09:15:00+05:30,73699.14,lorentzian_new_short,lorentzian_exit_short,900.95,65.54,3.89,19.44,812.08,2.88
NSE:NIFTY,SHORT,4.586346500210867,2024-04-12T12:15:00+05:30,22568.05,2024-04-15T09:15:00+05:30,22360.3,lorentzian_new_short,lorentzian_exit_short,952.81,66.64,4.12,20.61,861.45,2.88
NSE:ICICIBANK,SHORT,75,2024-04-12T12:15:00+05:30,1098.2,2024-04-15T09:15:00+05:30,1087.25,lorentzian_new_short,lorentzian_exit_short,821.25,245.21,16.39,49.17,510.48,2.88
NSE:INFY,SHORT,65,2024-04-12T12:15:00+05:30,1485.75,2024-04-15T09:15:00+05:30,1475.35,lorentzian_new_short,lorentzian_exit_short,676.0,276.96,19.25,57.74,322.05,2.88
NSE:TATASTEEL,LONG,620,2024-03-28T10:15:00+05:30,155.1,2024-04-15T09:15:00+05:30,162.1,lorentzian_new_long,lorentzian_new_short,4340.0,281.34,19.67,59.0,3979.99,17.96
NSE:SBIN,SHORT,120,2024-04-12T14:15:00+05:30,765.35,2024-04-15T11:15:00+05:30,760.65,lorentzian_new_short,lorentzian_exit_short,564.0,266.58,18.31,54.94,224.18,2.88
NSE:ADANIGREEN,SHORT,30,2024-04-12T14:15:00+05:30,1882.65,2024-04-15T11:15:00+05:30,1830.9,lorentzian_new_short,lorentzian_exit_short,1552.5,186.81,11.14,33.42,1321.13,2.88
NSE:RELIANCE,SHORT,135,2024-04-15T09:15:00+05:30,729.48,2024-04-15T13:15:00+05:30,737.85,lorentzian_new_short,lorentzian_exit_short,-1130.62,81.98,19.81,59.43,-1291.84,0.17
NSE:BANKNIFTY,SHORT,1.9819320677793346,2024-04-15T09:15:00+05:30,47981.95,2024-04-15T13:15:00+05:30,47960.7,lorentzian_new_short,lorentzian_exit_short,42.12,65.09,3.8,19.02,-45.8,0.17
NSE:TCS,LONG,20,2024-04-15T09:15:00+05:30,4034.85,2024-04-15T13:15:00+05:30,3923.95,lorentzian_new_long,lorentzian_new_short,-2218.0,75.01,15.92,47.75,-2356.68,0.17
NSE:ITC,SHORT,215,2024-04-15T09:15:00+05:30,425.3,2024-04-15T13:15:00+05:30,426.5,lorentzian_new_short,lorentzian_exit_short,-258.0,79.45,18.31,54.94,-410.7,0.17
NSE:TATASTEEL,SHORT,615,2024-04-15T09:15:00+05:30,162.1,2024-04-15T13:15:00+05:30,161.6,lorentzian_new_short,lorentzian_exit_short,307.5,82.32,19.91,59.72,145.55,0.17
NSE:TATACONSUM,SHORT,80,2024-04-15T09:15:00+05:30,1126.55,2024-04-15T13:15:00+05:30,1129.45,lorentzian_new_short,lorentzian_exit_short,-232.0,78.98,18.05,54.14,-383.17,0.17
NSE:TCS,SHORT,20,2024-04-15T13:15:00+05:30,3923.95,2024-04-16T10:15:00+05:30,3920.55,lorentzian_new_short,lorentzian_exit_short,68.0,237.47,15.69,47.07,-232.22,0.88
NSE:HINDUNILVR,SHORT,40,2024-04-09T11:15:00+05:30,2259.5,2024-04-16T15:15:00+05:30,2230.2,lorentzian_new_short,lorentzian_new_long,1172.0,262.6,17.96,53.88,837.56,7.17
NSE:TATACONSUM,LONG,80,2024-04-18T09:15:00+05:30,1142.75,2024-04-18T13:15:00+05:30,1144.05,lorentzian_new_long,lorentzian_exit_long,104.0,79.45,18.29,54.88,-48.63,0.17
NSE:TATACONSUM,SHORT,80,2024-04-19T09:15:00+05:30,1114.9,2024-04-19T13:15:00+05:30,1148.05,lorentzian_new_short,lorentzian_exit_short,-2652.0,78.81,18.1,54.31,-2803.23,0.17
NSE:HDFCBANK,LONG,255,2024-04-19T12:15:00+05:30,379.73,2024-04-22T09:15:00+05:30,379.89,lorentzian_new_long,lorentzian_exit_long,42.07,278.37,19.37,58.11,-313.78,2.88
NSE:ICICIBANK,LONG,75,2024-04-22T09:15:00+05:30,1074.95,2024-04-22T13:15:00+05:30,1083.35,lorentzian_new_long,lorentzian_exit_long,630.0,75.8,16.19,48.56,489.46,0.17
NSE:SBIN,LONG,125,2024-04-22T09:15:00+05:30,753.55,2024-04-22T13:15:00+05:30,762.55,lorentzian_new_long,lorentzian_exit_long,1125.0,80.72,18.95,56.85,968.47,0.17
NSE:TATASTEEL,LONG,615,2024-04-22T09:15:00+05:30,162.65,2024-04-22T13:15:00+05:30,162.1,lorentzian_new_long,lorentzian_exit_long,-338.25,82.36,19.97,59.92,-500.5,0.17
NSE:TATACONSUM,LONG,75,2024-04-22T09:15:00+05:30,1155.5,2024-04-22T13:15:00+05:30,1165.75,lorentzian_new_long,lorentzian_exit_long,768.75,77.96,17.41,52.23,621.15,0.17
NSE:HCLTECH,LONG,50,2024-04-22T10:15:00+05:30,1470.3,2024-04-22T14:15:00+05:30,1467.7,lorentzian_new_long,lorentzian_exit_long,-130.0,73.07,14.69,44.07,-261.83,0.17
NSE:RELIANCE,LONG,130,2024-04-23T09:15:00+05:30,741.57,2024-04-23T13:15:00+05:30,734.55,lorentzian_new_long,lorentzian_exit_long,-911.95,80.92,19.19,57.57,-1069.62,0.17
NSE:ITC,LONG,210,2024-04-23T09:15:00+05:30,428.8,2024-04-23T13:15:00+05:30,429.7,lorentzian_new_long,lorentzian_exit_long,189.0,78.99,18.03,54.09,37.89,0.17
NSE:ADANIGREEN,LONG,35,2024-04-23T09:15:00+05:30,1823.5,2024-04-23T13:15:00+05:30,1817.95,lorentzian_new_long,lorentzian_exit_long,-194.25,69.64,12.75,38.24,-314.87,0.17
NSE:RELIANCE,SHORT,130,2024-04-23T14:15:00+05:30,729.47,2024-04-24T11:15:00+05:30,731.25,lorentzian_new_short,lorentzian_exit_short,-232.05,274.16,18.99,56.97,-582.17,0.88
NSE:TCS,SHORT,20,2024-04-24T14:15:00+05:30,3830.75,2024-04-25T11:15:00+05:30,3856.95,lorentzian_new_short,lorentzian_exit_short,-524.0,234.02,15.38,46.13,-819.53,0.88
NSE:TATACONSUM,SHORT,80,2024-04-24T09:15:00+05:30,1112.35,2024-04-25T11:15:00+05:30,1097.4,lorentzian_new_short,lorentzian_exit_short,1196.0,259.48,17.68,53.03,865.81,1.08
NSE:SENSEX,SHORT,1.3354387088285153,2024-04-26T14:15:00+05:30,73728.69,2024-04-29T11:15:00+05:30,74368.16,lorentzian_new_short,lorentzian_exit_short,-853.97,65.76,3.96,19.78,-943.47,2.88
NSE:NIFTY,SHORT,4.657381474220171,2024-04-26T14:15:00+05:30,22408.25,2024-04-29T11:15:00+05:30,22558.7,lorentzian_new_short,lorentzian_exit_short,-700.7,66.87,4.19,20.94,-792.7,2.88
NSE:HCLTECH,SHORT,50,2024-04-26T14:15:00+05:30,1471.05,2024-04-29T11:15:00+05:30,1388.65,lorentzian_new_short,lorentzian_exit_short,4120.0,221.71,14.3,42.9,3841.1,2.88
NSE:SENSEX,LONG,1.301656391395577,2024-04-30T09:15:00+05:30,74919.54,2024-04-30T13:15:00+05:30,75065.26,lorentzian_new_long,lorentzian_exit_long,189.68,65.58,3.9,19.52,100.67,0.17
NSE:NIFTY,LONG,4.5572357338429095,2024-04-30T09:15:00+05:30,22727.25,2024-04-30T13:15:00+05:30,22768.05,lorentzian_new_long,lorentzian_exit_long,185.94,66.72,4.15,20.73,94.34,0.17
NSE:RELIANCE,LONG,130,2024-04-30T09:15:00+05:30,738.75,2024-04-30T13:15:00+05:30,739.59,lorentzian_new_long,lorentzian_exit_long,109.2,81.08,19.22,57.66,-48.75,0.17
NSE:BHARTIARTL,SHORT,65,2024-04-30T09:15:00+05:30,1326.35,2024-04-30T13:15:00+05:30,1326.4,lorentzian_new_short,lorentzian_exit_short,-3.25,77.59,17.24,51.73,-149.81,0.17
NSE:WIPRO,LONG,890,2024-04-26T09:15:00+05:30,117.72,2024-05-02T09:15:00+05:30,114.34,lorentzian_new_long,lorentzian_new_short,-3003.75,292.86,20.65,61.96,-3379.22,6.0
NSE:LT,SHORT,30,2024-04-30T14:15:00+05:30,3587.65,2024-05-02T11:15:00+05:30,3619.7,lorentzian_new_short,lorentzian_exit_short,-961.5,303.47,21.62,64.87,-1351.46,1.88
NSE:WIPRO,SHORT,885,2024-05-02T09:15:00+05:30,114.34,2024-05-02T13:15:00+05:30,114.47,lorentzian_new_short,lorentzian_exit_short,-110.62,82.87,20.25,60.75,-274.49,0.17
NSE:ADANIGREEN,SHORT,35,2024-05-02T09:15:00+05:30,1779.3,2024-05-02T13:15:00+05:30,1802.5,lorentzian_new_short,lorentzian_exit_short,-812.0,69.2,12.54,37.61,-931.35,0.17
NSE:BANKNIFTY,LONG,1.9992933860356585,2024-04-19T13:15:00+05:30,47542.45,2024-05-03T11:15:00+05:30,48914.45,lorentzian_new_long,lorentzian_new_short,2743.03,65.49,3.86,19.28,2654.4,13.92
NSE:TCS,LONG,20,2024-05-03T09:15:00+05:30,3866.1,2024-05-03T11:15:00+05:30,3802.8,lorentzian_new_long,lorentzian_new_short,-1266.0,74.09,15.34,46.01,-1401.44,0.08
NSE:RELIANCE,SHORT,130,2024-05-03T10:15:00+05:30,726.54,2024-05-03T14:15:00+05:30,716.97,lorentzian_new_short,lorentzian_exit_short,1244.75,80.41,18.77,56.3,1089.28,0.17
NSE:SENSEX,SHORT,1.3203439431408406,2024-05-03T11:15:00+05:30,73935.18,2024-05-03T15:15:00+05:30,73845.76,lorentzian_new_short,lorentzian_exit_short,118.07,65.57,3.9,19.51,29.08,0.17
NSE:HDFCBANK,SHORT,255,2024-05-03T11:15:00+05:30,380.71,2024-05-03T15:15:00+05:30,378.92,lorentzian_new_short,lorentzian_exit_short,459.0,81.39,19.37,58.11,300.13,0.17
NSE:NIFTY,SHORT,4.612251008923462,2024-05-03T11:15:00+05:30,22476.55,2024-05-03T15:15:00+05:30,22456.7,lorentzian_new_short,lorentzian_exit_short,91.55,66.71,4.14,20.72,-0.02,0.17
NSE:BANKNIFTY,SHORT,1.9973191129088046,2024-05-03T11:15:00+05:30,48914.45,2024-05-03T15:15:00+05:30,48877.85,lorentzian_new_short,lorentzian_exit_short,73.1,65.58,3.91,19.53,-15.92,0.17
NSE:TCS,SHORT,20,2024-05-03T11:15:00+05:30,3802.8,2024-05-03T15:15:00+05:30,3838.0,lorentzian_new_short,lorentzian_exit_short,-704.0,74.05,15.28,45.84,-839.18,0.17
NSE:ITC,SHORT,210,2024-05-03T11:15:00+05:30,435.25,2024-05-03T15:15:00+05:30,436.0,lorentzian_new_short,lorentzian_exit_short,-157.5,79.43,18.3,54.89,-310.11,0.17
NSE:TATASTEEL,SHORT,600,2024-05-03T13:15:00+05:30,166.3,2024-05-06T10:15:00+05:30,167.35,lorentzian_new_short,lorentzian_exit_short,-630.0,285.63,20.02,60.06,-995.71,2.88
NSE:TCS,LONG,20,2024-05-06T09:15:00+05:30,3922.6,2024-05-06T13:15:00+05:30,3926.7,lorentzian_new_long,lorentzian_exit_long,82.0,74.87,15.7,47.1,-55.67,0.17
NSE:INFY,LONG,70,2024-05-06T09:15:00+05:30,1433.1,2024-05-06T13:15:00+05:30,1432.95,lorentzian_new_long,lorentzian_exit_long,-10.5,82.55,20.06,60.19,-173.3,0.17
NSE:HINDUNILVR,LONG,40,2024-04-16T15:15:00+05:30,2230.2,2024-05-07T10:15:00+05:30,2361.4,lorentzian_new_long,lorentzian_exit_long,5248.0,266.83,18.37,55.1,4907.71,20.79
NSE:ITC,LONG,205,2024-05-07T09:15:00+05:30,445.15,2024-05-07T13:15:00+05:30,440.8,lorentzian_new_long,lorentzian_exit_long,-891.75,79.11,18.16,54.49,-1043.51,0.17
NSE:SBIN,SHORT,115,2024-05-07T10:15:00+05:30,797.1,2024-05-08T12:15:00+05:30,815.8,lorentzian_new_short,lorentzian_new_long,-2150.5,269.41,18.55,55.65,-2494.1,1.08
NSE:WIPRO,LONG,870,2024-05-08T09:15:00+05:30,116.22,2024-05-08T13:15:00+05:30,115.62,lorentzian_new_long,lorentzian_exit_long,-513.3,82.69,20.17,60.51,-676.67,0.17
NSE:SBIN,LONG,110,2024-05-08T12:15:00+05:30,815.8,2024-05-09T09:15:00+05:30,813.45,lorentzian_new_long,lorentzian_exit_long,-258.5,262.3,17.92,53.77,-592.49,0.88
NSE:BHARTIARTL,LONG,65,2024-05-08T12:15:00+05:30,1295.7,2024-05-09T09:15:00+05:30,1277.5,lorentzian_new_long,lorentzian_exit_long,-1183.0,249.08,16.73,50.18,-1498.98,0.88
NSE:RELIANCE,LONG,135,2024-05-08T13:15:00+05:30,709.41,2024-05-09T12:15:00+05:30,698.72,lorentzian_new_long,lorentzian_new_short,-1444.5,274.48,19.01,57.03,-1795.02,0.96
NSE:TCS,SHORT,20,2024-05-09T09:15:00+05:30,3916.9,2024-05-09T13:15:00+05:30,3949.5,lorentzian_new_short,lorentzian_exit_short,-652.0,74.85,15.73,47.2,-789.78,0.17
NSE:LT,SHORT,30,2024-05-09T09:15:00+05:30,3359.0,2024-05-09T13:15:00+05:30,3276.1,lorentzian_new_short,lorentzian_exit_short,2487.0,82.55,19.91,59.72,2324.83,0.17
NSE:WIPRO,SHORT,875,2024-05-09T10:15:00+05:30,115.0,2024-05-09T14:15:00+05:30,113.81,lorentzian_new_short,lorentzian_exit_short,1036.88,82.6,20.02,60.06,874.19,0.17
NSE:ADANIGREEN,LONG,35,2024-05-08T15:15:00+05:30,1788.0,2024-05-09T14:15:00+05:30,1708.95,lorentzian_new_long,lorentzian_new_short,-2766.75,199.34,12.24,36.72,-3015.05,0.96
NSE:TATACONSUM,SHORT,80,2024-05-09T10:15:00+05:30,1092.4,2024-05-09T14:15:00+05:30,1086.7,lorentzian_new_short,lorentzian_exit_short,456.0,77.97,17.43,52.3,308.3,0.17
NSE:ITC,SHORT,205,2024-05-09T11:15:00+05:30,432.6,2024-05-09T15:15:00+05:30,427.1,lorentzian_new_short,lorentzian_exit_short,1127.5,78.38,17.62,52.87,978.62,0.17
NSE:RELIANCE,SHORT,135,2024-05-09T12:15:00+05:30,698.72,2024-05-10T09:15:00+05:30,699.1,lorentzian_new_short,lorentzian_exit_short,-51.97,272.83,18.87,56.61,-400.28,0.88
NSE:INFY,LONG,65,2024-05-09T11:15:00+05:30,1449.15,2024-05-10T09:15:00+05:30,1425.2,lorentzian_new_long,lorentzian_new_short,-1556.75,270.86,18.68,56.05,-1902.34,0.92
NSE:INFY,SHORT,65,2024-05-10T09:15:00+05:30,1425.2,2024-05-10T13:15:00+05:30,1421.65,lorentzian_new_short,lorentzian_exit_short,230.75,79.84,18.5,55.51,76.9,0.17
NSE:SBIN,SHORT,110,2024-05-13T09:15:00+05:30,804.95,2024-05-13T13:15:00+05:30,812.4,lorentzian_new_short,lorentzian_exit_short,-819.5,78.46,17.79,53.37,-969.13,0.17
NSE:ADANIGREEN,SHORT,35,2024-05-09T14:15:00+05:30,1708.95,2024-05-13T13:15:00+05:30,1674.65,lorentzian_new_short,lorentzian_exit_short,1200.5,194.64,11.84,35.53,958.49,3.96
NSE:NIFTY,LONG,4.691026751298022,2024-05-14T09:15:00+05:30,22099.1,2024-05-14T13:15:00+05:30,22250.85,lorentzian_new_long,lorentzian_exit_long,711.86,66.81,4.16,20.8,620.08,0.17
NSE:TATASTEEL,LONG,600,2024-05-14T09:15:00+05:30,164.1,2024-05-14T13:15:00+05:30,165.4,lorentzian_new_long,lorentzian_exit_long,780.0,82.13,19.77,59.31,618.79,0.17
NSE:RELIANCE,LONG,135,2024-05-14T12:15:00+05:30,709.5,2024-05-15T09:15:00+05:30,709.99,lorentzian_new_long,lorentzian_exit_long,66.15,276.07,19.16,57.49,-286.57,0.88
NSE:WIPRO,LONG,885,2024-05-14T13:15:00+05:30,114.67,2024-05-15T10:15:00+05:30,114.67,lorentzian_new_long,lorentzian_exit_long,0.0,288.66,20.3,60.89,-369.84,0.88
NSE:LT,LONG,30,2024-05-14T13:15:00+05:30,3368.05,2024-05-15T10:15:00+05:30,3384.0,lorentzian_new_long,lorentzian_exit_long,478.5,288.19,20.26,60.77,109.29,0.88
NSE:SBIN,LONG,110,2024-05-15T09:15:00+05:30,819.7,2024-05-15T13:15:00+05:30,820.75,lorentzian_new_long,lorentzian_exit_long,115.5,79.01,18.04,54.13,-35.69,0.17
NSE:HINDUNILVR,SHORT,40,2024-05-15T09:15:00+05:30,2335.55,2024-05-15T13:15:00+05:30,2329.55,lorentzian_new_short,lorentzian_exit_short,240.0,80.11,18.66,55.98,85.25,0.17
NSE:SENSEX,LONG,1.3343667407666882,2024-05-16T09:15:00+05:30,73179.93,2024-05-16T13:15:00+05:30,72586.43,lorentzian_new_long,lorentzian_exit_long,-791.95,65.46,3.89,19.45,-880.75,0.17
NSE:ICICIBANK,LONG,70,2024-05-16T09:15:00+05:30,1129.3,2024-05-16T13:15:00+05:30,1114.65,lorentzian_new_long,lorentzian_exit_long,-1025.5,74.77,15.71,47.12,-1163.1,0.17
NSE:SBIN,SHORT,110,2024-05-16T11:15:00+05:30,812.5,2024-05-16T15:15:00+05:30,812.3,lorentzian_new_short,lorentzian_exit_short,22.0,78.7,17.87,53.62,-128.19,0.17
NSE:INFY,LONG,65,2024-05-14T13:15:00+05:30,1430.6,2024-05-16T15:15:00+05:30,1450.9,lorentzian_new_long,lorentzian_exit_long,1319.5,271.16,18.73,56.19,973.42,2.08
NSE:TATASTEEL,SHORT,605,2024-05-16T12:15:00+05:30,163.7,2024-05-17T09:15:00+05:30,165.9,lorentzian_new_short,lorentzian_new_long,-1331.0,284.82,19.94,59.82,-1695.58,0.88
NSE:RELIANCE,SHORT,135,2024-05-16T13:15:00+05:30,700.37,2024-05-17T10:15:00+05:30,714.45,lorentzian_new_short,lorentzian_exit_short,-1901.48,275.52,19.1,57.3,-2253.39,0.88
NSE:TATACONSUM,LONG,80,2024-05-16T14:15:00+05:30,1100.0,2024-05-17T11:15:00+05:30,1095.2,lorentzian_new_long,lorentzian_exit_long,-384.0,258.31,17.56,52.68,-712.55,0.88
NSE:ITC,LONG,210,2024-05-17T09:15:00+05:30,432.85,2024-05-17T13:15:00+05:30,435.05,lorentzian_new_long,lorentzian_exit_long,462.0,79.37,18.23,54.68,309.73,0.17
NSE:TATASTEEL,LONG,585,2024-05-17T09:15:00+05:30,165.9,2024-05-17T13:15:00+05:30,167.85,lorentzian_new_long,lorentzian_exit_long,1140.75,81.73,19.52,58.57,980.92,0.17
NSE:HCLTECH,LONG,60,2024-05-16T09:15:00+05:30,1354.5,2024-05-21T09:15:00+05:30,1328.9,lorentzian_new_long,lorentzian_new_short,-1536.0,242.16,16.1,48.3,-1842.56,5.0
NSE:SBIN,LONG,105,2024-05-21T09:15:00+05:30,831.3,2024-05-21T13:15:00+05:30,832.85,lorentzian_new_long,lorentzian_exit_long,162.75,78.01,17.47,52.42,14.84,0.17
NSE:INFY,SHORT,70,2024-05-21T09:15:00+05:30,1430.85,2024-05-21T13:15:00+05:30,1437.15,lorentzian_new_short,lorentzian_exit_short,-441.0,82.53,20.08,60.23,-603.83,0.17
NSE:HCLTECH,SHORT,60,2024-05-21T09:15:00+05:30,1328.9,2024-05-21T13:15:00+05:30,1347.0,lorentzian_new_short,lorentzian_exit_short,-1086.0,75.37,16.06,48.17,-1225.6,0.17
NSE:RELIANCE,LONG,125,2024-05-22T09:15:00+05:30,729.8,2024-05-22T13:15:00+05:30,731.89,lorentzian_new_long,lorentzian_exit_long,261.25,79.43,18.27,54.81,108.74,0.17
NSE:HINDUNILVR,LONG,40,2024-05-22T09:15:00+05:30,2361.5,2024-05-22T13:15:00+05:30,2367.9,lorentzian_new_long,lorentzian_exit_long,256.0,80.57,18.92,56.75,99.76,0.17
NSE:ICICIBANK,SHORT,70,2024-05-22T10:15:00+05:30,1108.4,2024-05-23T12:15:00+05:30,1130.25,lorentzian_new_short,lorentzian_new_long,-1529.5,237.38,15.67,47.01,-1829.56,1.08
NSE:SBIN,LONG,110,2024-05-23T09:15:00+05:30,827.35,2024-05-23T13:15:00+05:30,832.4,lorentzian_new_long,lorentzian_exit_long,555.5,79.44,18.26,54.77,403.04,0.17
NSE:BANKNIFTY,LONG,2.02701165133321,2024-05-23T09:15:00+05:30,48190.1,2024-05-23T13:15:00+05:30,48709.6,lorentzian_new_long,lorentzian_exit_long,1053.03,65.74,3.93,19.64,963.73,0.17
NSE:INFY,LONG,65,2024-05-23T09:15:00+05:30,1463.05,2024-05-23T13:15:00+05:30,1472.0,lorentzian_new_long,lorentzian_exit_long,581.75,80.88,19.08,57.23,424.55,0.17
NSE:TCS,LONG,20,2024-05-23T10:15:00+05:30,3864.55,2024-05-23T14:15:00+05:30,3897.9,lorentzian_new_long,lorentzian_exit_long,667.0,74.63,15.52,46.57,530.27,0.17
NSE:ICICIBANK,LONG,70,2024-05-23T12:15:00+05:30,1130.25,2024-05-24T09:15:00+05:30,1125.25,lorentzian_new_long,lorentzian_exit_long,-350.0,238.6,15.79,47.37,-651.76,0.88
NSE:TATACONSUM,SHORT,80,2024-05-24T09:15:00+05:30,1103.05,2024-05-24T13:15:00+05:30,1101.0,lorentzian_new_short,lorentzian_exit_short,164.0,78.29,17.63,52.9,15.18,0.17
NSE:WIPRO,SHORT,885,2024-05-27T09:15:00+05:30,113.97,2024-05-27T13:15:00+05:30,113.53,lorentzian_new_short,lorentzian_exit_short,389.4,82.72,20.13,60.4,226.15,0.17
NSE:ITC,SHORT,210,2024-05-27T13:15:00+05:30,433.5,2024-05-28T10:15:00+05:30,430.55,lorentzian_new_short,lorentzian_exit_short,619.5,264.72,18.15,54.44,282.2,0.88
NSE:TCS,SHORT,20,2024-05-27T14:15:00+05:30,3845.4,2024-05-28T11:15:00+05:30,3867.4,lorentzian_new_short,lorentzian_exit_short,-440.0,234.58,15.43,46.28,-736.28,0.88
NSE:INFY,SHORT,65,2024-05-28T15:15:00+05:30,1463.0,2024-05-29T12:15:00+05:30,1453.6,lorentzian_new_short,lorentzian_exit_short,611.0,273.75,18.96,56.87,261.42,0.88
NSE:SENSEX,SHORT,1.2948410867393665,2024-05-29T09:15:00+05:30,74735.62,2024-05-29T13:15:00+05:30,74646.2,lorentzian_new_short,lorentzian_exit_short,115.78,65.41,3.87,19.34,27.17,0.17
NSE:NIFTY,SHORT,4.582445856899528,2024-05-29T09:15:00+05:30,22757.65,2024-05-29T13:15:00+05:30,22752.35,lorentzian_new_short,lorentzian_exit_short,24.29,66.82,4.17,20.85,-67.56,0.17
NSE:ICICIBANK,SHORT,70,2024-05-29T09:15:00+05:30,1112.4,2024-05-29T13:15:00+05:30,1101.15,lorentzian_new_short,lorentzian_exit_short,787.5,74.59,15.49,46.48,650.93,0.17
NSE:BANKNIFTY,SHORT,2.0252749362855864,2024-05-29T09:15:00+05:30,48705.85,2024-05-29T13:15:00+05:30,48549.5,lorentzian_new_short,lorentzian_exit_short,316.65,65.75,3.94,19.7,227.27,0.17
NSE:HINDUNILVR,SHORT,40,2024-05-29T09:15:00+05:30,2377.2,2024-05-29T13:15:00+05:30,2377.25,lorentzian_new_short,lorentzian_exit_short,-2.0,80.71,19.02,57.05,-158.79,0.17
NSE:HCLTECH,LONG,55,2024-05-22T09:15:00+05:30,1344.7,2024-05-30T09:15:00+05:30,1336.45,lorentzian_new_long,lorentzian_new_short,-453.75,227.03,14.75,44.24,-739.76,8.0
NSE:SBIN,SHORT,110,2024-05-29T14:15:00+05:30,823.75,2024-05-30T11:15:00+05:30,823.95,lorentzian_new_short,lorentzian_exit_short,-22.0,264.54,18.12,54.37,-359.04,0.88
NSE:HCLTECH,SHORT,55,2024-05-30T09:15:00+05:30,1336.45,2024-05-30T13:15:00+05:30,1334.7,lorentzian_new_short,lorentzian_exit_short,96.25,73.1,14.69,44.07,-35.62,0.17
NSE:ICICIBANK,LONG,70,2024-05-30T13:15:00+05:30,1117.0,2024-05-31T10:15:00+05:30,1115.0,lorentzian_new_long,lorentzian_exit_long,-140.0,236.76,15.62,46.87,-439.25,0.88
NSE:ADANIGREEN,LONG,30,2024-05-14T11:15:00+05:30,1743.4,2024-05-31T13:15:00+05:30,1961.65,lorentzian_new_long,lorentzian_exit_long,6547.5,186.15,11.12,33.35,6316.89,17.08
NSE:BHARTIARTL,SHORT,65,2024-05-31T10:15:00+05:30,1356.3,2024-05-31T14:15:00+05:30,1364.55,lorentzian_new_short,lorentzian_exit_short,-536.25,78.31,17.69,53.06,-685.3,0.17
NSE:RELIANCE,SHORT,125,2024-05-29T09:15:00+05:30,725.01,2024-06-03T09:15:00+05:30,738.62,lorentzian_new_short,lorentzian_new_long,-1700.0,266.56,18.3,54.89,-2039.74,5.0
NSE:BANKNIFTY,LONG,2.016475839506373,2024-05-31T13:15:00+05:30,49030.75,2024-06-03T10:15:00+05:30,50539.0,lorentzian_new_long,lorentzian_exit_long,3041.35,66.25,4.02,20.08,2951.0,2.88
NSE:SENSEX,LONG,1.2719525115686148,2024-06-03T09:15:00+05:30,76101.77,2024-06-03T13:15:00+05:30,76329.58,lorentzian_new_long,lorentzian_exit_long,289.76,65.46,3.88,19.39,201.04,0.17
NSE:NIFTY,LONG,4.492731334555516,2024-06-03T09:15:00+05:30,23197.1,2024-06-03T13:15:00+05:30,23240.95,lorentzian_new_long,lorentzian_exit_long,197.01,66.84,4.17,20.86,105.13,0.17
NSE:SBIN,LONG,100,2024-06-03T09:15:00+05:30,887.2,2024-06-03T13:15:00+05:30,906.55,lorentzian_new_long,lorentzian_exit_long,1935.0,79.02,17.94,53.81,1784.23,0.17
NSE:ITC,LONG,210,2024-06-03T09:15:00+05:30,432.55,2024-06-03T13:15:00+05:30,430.25,lorentzian_new_long,lorentzian_exit_long,-483.0,79.08,18.12,54.36,-634.55,0.17
NSE:TATASTEEL,LONG,570,2024-06-03T09:15:00+05:30,172.6,2024-06-03T13:15:00+05:30,173.15,lorentzian_new_long,lorentzian_exit_long,313.5,81.96,19.71,59.12,152.7,0.17
NSE:BHARTIARTL,LONG,60,2024-06-03T09:15:00+05:30,1406.2,2024-06-03T13:15:00+05:30,1387.9,lorentzian_new_long,lorentzian_exit_long,-1098.0,76.62,16.76,50.29,-1241.68,0.17
NSE:RELIANCE,LONG,120,2024-06-03T09:15:00+05:30,738.62,2024-06-04T10:15:00+05:30,701.84,lorentzian_new_long,lorentzian_new_short,-4413.0,255.54,17.29,51.86,-4737.68,1.04
NSE:HDFCBANK,LONG,265,2024-05-14T09:15:00+05:30,364.65,2024-06-04T11:15:00+05:30,370.75,lorentzian_new_long,lorentzian_new_short,1616.5,279.57,19.49,58.46,1258.98,21.08
NSE:SBIN,SHORT,110,2024-06-04T10:15:00+05:30,815.1,2024-06-04T14:15:00+05:30,779.3,lorentzian_new_short,lorentzian_exit_short,3938.0,78.54,17.54,52.62,3789.31,0.17
NSE:RELIANCE,SHORT,120,2024-06-04T10:15:00+05:30,701.84,2024-06-04T14:15:00+05:30,699.79,lorentzian_new_short,lorentzian_exit_short,246.0,76.87,16.82,50.46,101.85,0.17
NSE:TATASTEEL,SHORT,610,2024-06-04T10:15:00+05:30,161.85,2024-06-04T14:15:00+05:30,160.1,lorentzian_new_short,lorentzian_exit_short,1067.5,81.93,19.64,58.92,907.02,0.17
NSE:BHARTIARTL,SHORT,65,2024-06-04T10:15:00+05:30,1298.0,2024-06-04T14:15:00+05:30,1309.5,lorentzian_new_short,lorentzian_exit_short,-747.5,76.99,16.95,50.85,-892.28,0.17
NSE:HDFCBANK,SHORT,265,2024-06-04T11:15:00+05:30,370.75,2024-06-04T15:15:00+05:30,372.44,lorentzian_new_short,lorentzian_exit_short,-447.85,81.86,19.69,59.08,-608.49,0.17
NSE:ICICIBANK,SHORT,70,2024-06-04T10:15:00+05:30,1095.95,2024-06-04T15:15:00+05:30,1076.0,lorentzian_new_short,lorentzian_exit_short,1396.5,74.15,15.2,45.61,1261.54,0.21
NSE:ITC,SHORT,215,2024-06-04T09:15:00+05:30,421.65,2024-06-05T09:15:00+05:30,430.7,lorentzian_new_short,lorentzian_new_long,-1945.75,266.91,18.33,54.98,-2285.97,1.0
NSE:ITC,LONG,205,2024-06-05T09:15:00+05:30,430.7,2024-06-05T13:15:00+05:30,427.0,lorentzian_new_long,lorentzian_exit_long,-758.5,78.1,17.58,52.75,-906.93,0.17
NSE:HCLTECH,LONG,55,2024-06-05T09:15:00+05:30,1339.0,2024-06-05T13:15:00+05:30,1340.5,lorentzian_new_long,lorentzian_exit_long,82.5,73.18,14.74,44.21,-49.63,0.17
NSE:TATACONSUM,LONG,75,2024-06-05T09:15:00+05:30,1151.0,2024-06-05T13:15:00+05:30,1142.0,lorentzian_new_long,lorentzian_exit_long,-675.0,77.43,17.2,51.59,-821.22,0.17
NSE:INFY,LONG,70,2024-06-05T10:15:00+05:30,1431.75,2024-06-05T14:15:00+05:30,1430.15,lorentzian_new_long,lorentzian_exit_long,-112.0,82.49,20.03,60.1,-274.62,0.17
NSE:WIPRO,LONG,895,2024-06-05T10:15:00+05:30,112.8,2024-06-05T14:15:00+05:30,112.83,lorentzian_new_long,lorentzian_exit_long,22.38,82.79,20.19,60.58,-141.19,0.17
NSE:ADANIGREEN,SHORT,35,2024-06-04T10:15:00+05:30,1687.6,2024-06-06T09:15:00+05:30,1901.2,lorentzian_new_short,lorentzian_new_long,-7476.0,203.27,12.56,37.68,-7729.51,1.96
NSE:HDFCBANK,LONG,255,2024-06-05T14:15:00+05:30,388.04,2024-06-06T11:15:00+05:30,388.54,lorentzian_new_long,lorentzian_exit_long,127.5,283.17,19.8,59.41,-234.89,0.88
NSE:TATASTEEL,LONG,575,2024-06-06T09:15:00+05:30,173.65,2024-06-06T13:15:00+05:30,172.45,lorentzian_new_long,lorentzian_exit_long,-690.0,82.19,19.9,59.7,-851.8,0.17
NSE:ADANIGREEN,LONG,30,2024-06-06T09:15:00+05:30,1901.2,2024-06-06T13:15:00+05:30,1871.35,lorentzian_new_long,lorentzian_exit_long,-895.5,67.05,11.32,33.95,-1007.82,0.17
NSE:BHARTIARTL,LONG,60,2024-06-06T09:15:00+05:30,1347.65,2024-06-06T13:15:00+05:30,1357.3,lorentzian_new_long,lorentzian_exit_long,579.0,75.86,16.23,48.69,438.22,0.17
NSE:SENSEX,SHORT,1.3340713687860302,2024-06-04T10:15:00+05:30,72708.46,2024-06-07T09:15:00+05:30,75592.68,lorentzian_new_short,lorentzian_new_long,-3847.76,65.61,3.96,19.78,-3937.11,2.96
NSE:NIFTY,SHORT,4.721551489001103,2024-06-04T10:15:00+05:30,22095.1,2024-06-07T09:15:00+05:30,22980.25,lorentzian_new_short,lorentzian_new_long,-4179.28,67.01,4.26,21.28,-4271.83,2.96
NSE:TCS,LONG,20,2024-06-06T14:15:00+05:30,3828.15,2024-06-07T11:15:00+05:30,3902.35,lorentzian_new_long,lorentzian_exit_long,1484.0,234.83,15.46,46.38,1187.33,0.88
NSE:SENSEX,LONG,1.2312427627062947,2024-06-07T09:15:00+05:30,75592.68,2024-06-07T13:15:00+05:30,76556.78,lorentzian_new_long,lorentzian_exit_long,1187.04,64.89,3.75,18.73,1099.67,0.17
NSE:NIFTY,LONG,4.354352232185476,2024-06-07T09:15:00+05:30,22980.25,2024-06-07T13:15:00+05:30,23243.7,lorentzian_new_long,lorentzian_exit_long,1147.15,66.2,4.03,20.13,1056.8,0.17
NSE:RELIANCE,LONG,115,2024-06-07T11:15:00+05:30,731.49,2024-06-07T15:15:00+05:30,732.77,lorentzian_new_long,lorentzian_exit_long,147.77,76.89,16.84,50.52,3.53,0.17
NSE:SBIN,LONG,115,2024-06-10T09:15:00+05:30,838.95,2024-06-10T13:15:00+05:30,837.45,lorentzian_new_long,lorentzian_exit_long,-172.5,81.15,19.28,57.84,-330.77,0.17
NSE:LT,SHORT,30,2024-06-04T10:15:00+05:30,3523.95,2024-06-11T09:15:00+05:30,3622.65,lorentzian_new_short,lorentzian_new_long,-2961.0,301.6,21.44,64.32,-3348.36,6.96
NSE:LT,LONG,30,2024-06-11T09:15:00+05:30,3622.65,2024-06-11T13:15:00+05:30,3628.0,lorentzian_new_long,lorentzian_exit_long,160.5,85.55,21.75,65.26,-12.06,0.17
NSE:ITC,SHORT,205,2024-06-12T09:15:00+05:30,431.5,2024-06-12T13:15:00+05:30,433.25,lorentzian_new_short,lorentzian_exit_short,-358.75,78.4,17.73,53.18,-508.06,0.17
NSE:INFY,SHORT,65,2024-06-12T13:15:00+05:30,1487.8,2024-06-13T10:15:00+05:30,1496.1,lorentzian_new_short,lorentzian_exit_short,-539.5,278.7,19.4,58.19,-895.78,0.88
NSE:TCS,SHORT,20,2024-06-12T14:15:00+05:30,3830.95,2024-06-13T11:15:00+05:30,3871.05,lorentzian_new_short,lorentzian_exit_short,-802.0,234.36,15.4,46.21,-1097.98,0.88
NSE:ADANIGREEN,SHORT,30,2024-06-12T14:15:00+05:30,1825.55,2024-06-13T11:15:00+05:30,1813.4,lorentzian_new_short,lorentzian_exit_short,364.5,184.41,10.92,32.75,136.42,0.88
NSE:TATACONSUM,SHORT,80,2024-06-13T09:15:00+05:30,1106.25,2024-06-13T13:15:00+05:30,1116.2,lorentzian_new_short,lorentzian_exit_short,-796.0,78.44,17.78,53.34,-945.56,0.17
NSE:INFY,LONG,65,2024-06-18T09:15:00+05:30,1498.25,2024-06-18T13:15:00+05:30,1500.15,lorentzian_new_long,lorentzian_exit_long,123.5,81.56,19.49,58.47,-36.02,0.17
NSE:BANKNIFTY,SHORT,2.133744255345363,2024-06-04T10:15:00+05:30,47714.95,2024-06-19T09:15:00+05:30,51091.6,lorentzian_new_short,lorentzian_new_long,-7204.91,66.66,4.22,21.08,-7296.87,14.96
NSE:TATACONSUM,LONG,75,2024-06-18T14:15:00+05:30,1127.0,2024-06-19T11:15:00+05:30,1115.05,lorentzian_new_long,lorentzian_exit_long,-896.25,250.05,16.82,50.45,-1213.57,0.88
NSE:ICICIBANK,LONG,70,2024-06-18T15:15:00+05:30,1125.75,2024-06-19T12:15:00+05:30,1142.55,lorentzian_new_long,lorentzian_exit_long,1176.0,239.48,15.88,47.63,873.0,0.88
NSE:BANKNIFTY,LONG,1.8503327221625405,2024-06-19T09:15:00+05:30,51091.6,2024-06-19T13:15:00+05:30,51571.9,lorentzian_new_long,lorentzian_exit_long,888.71,65.12,3.8,19.0,800.8,0.17
NSE:RELIANCE,SHORT,115,2024-06-19T13:15:00+05:30,729.72,2024-06-20T10:15:00+05:30,737.75,lorentzian_new_short,lorentzian_exit_short,-924.02,250.73,16.88,50.63,-1242.26,0.88
NSE:TATACONSUM,SHORT,75,2024-06-19T14:15:00+05:30,1105.4,2024-06-20T11:15:00+05:30,1099.7,lorentzian_new_short,lorentzian_exit_short,427.5,246.88,16.54,49.61,114.47,0.88
NSE:LT,SHORT,30,2024-06-19T14:15:00+05:30,3579.1,2024-06-20T11:15:00+05:30,3583.4,lorentzian_new_short,lorentzian_exit_short,-129.0,301.91,21.49,64.46,-516.86,0.88
NSE:BHARTIARTL,SHORT,60,2024-06-19T14:15:00+05:30,1392.0,2024-06-20T11:15:00+05:30,1381.15,lorentzian_new_short,lorentzian_exit_short,651.0,247.98,16.64,49.92,336.47,0.88
NSE:HINDUNILVR,LONG,40,2024-06-04T09:15:00+05:30,2407.25,2024-06-21T10:15:00+05:30,2441.8,lorentzian_new_long,lorentzian_new_short,1382.0,278.56,19.4,58.19,1025.85,17.04
NSE:TCS,LONG,20,2024-06-21T09:15:00+05:30,3859.0,2024-06-21T13:15:00+05:30,3820.5,lorentzian_new_long,lorentzian_exit_long,-770.0,74.18,15.36,46.08,-905.62,0.17
NSE:SBIN,SHORT,115,2024-06-21T12:15:00+05:30,832.6,2024-06-24T09:15:00+05:30,827.8,lorentzian_new_short,lorentzian_exit_short,552.0,275.27,19.09,57.28,200.35,2.88
NSE:NIFTY,SHORT,4.312838957314895,2024-06-24T09:15:00+05:30,23445.75,2024-06-24T13:15:00+05:30,23519.95,lorentzian_new_short,lorentzian_exit_short,-320.01,66.24,4.05,20.26,-410.56,0.17
NSE:HCLTECH,SHORT,50,2024-06-24T09:15:00+05:30,1433.3,2024-06-24T13:15:00+05:30,1440.5,lorentzian_new_short,lorentzian_exit_short,-360.0,72.48,14.37,43.11,-489.96,0.17
NSE:TATASTEEL,SHORT,560,2024-06-24T09:15:00+05:30,176.15,2024-06-24T13:15:00+05:30,178.15,lorentzian_new_short,lorentzian_exit_short,-1120.0,82.04,19.84,59.52,-1281.4,0.17
NSE:NIFTY,LONG,4.254236359380967,2024-06-25T12:15:00+05:30,23672.5,2024-06-26T09:15:00+05:30,23693.25,lorentzian_new_long,lorentzian_exit_long,88.28,66.17,4.03,20.15,-2.07,0.88
NSE:ITC,SHORT,205,2024-06-21T14:15:00+05:30,419.55,2024-06-26T10:15:00+05:30,425.4,lorentzian_new_short,lorentzian_new_long,-1199.25,255.7,17.32,51.96,-1524.24,4.83
NSE:HINDUNILVR,SHORT,40,2024-06-21T10:15:00+05:30,2441.8,2024-06-26T10:15:00+05:30,2455.45,lorentzian_new_short,lorentzian_new_long,-546.0,280.85,19.59,58.77,-905.21,5.0
NSE:LT,LONG,30,2024-06-26T09:15:00+05:30,3602.4,2024-06-26T13:15:00+05:30,3604.55,lorentzian_new_long,lorentzian_exit_long,64.5,85.31,21.62,64.86,-107.29,0.17
NSE:RELIANCE,LONG,115,2024-06-26T10:15:00+05:30,738.87,2024-06-26T14:15:00+05:30,759.23,lorentzian_new_long,lorentzian_exit_long,2341.4,77.82,17.23,51.68,2194.67,0.17
NSE:ITC,LONG,200,2024-06-26T10:15:00+05:30,425.4,2024-06-26T14:15:00+05:30,424.55,lorentzian_new_long,lorentzian_exit_long,-170.0,77.14,17.0,51.0,-315.13,0.17
NSE:HINDUNILVR,LONG,40,2024-06-26T10:15:00+05:30,2455.45,2024-06-26T14:15:00+05:30,2445.95,lorentzian_new_long,lorentzian_exit_long,-380.0,81.71,19.61,58.82,-540.13,0.17
NSE:HCLTECH,LONG,50,2024-06-27T15:15:00+05:30,1455.0,2024-06-28T12:15:00+05:30,1450.85,lorentzian_new_long,lorentzian_exit_long,-207.5,224.6,14.53,43.59,-490.22,0.88
NSE:SBIN,LONG,110,2024-06-28T09:15:00+05:30,860.85,2024-06-28T13:15:00+05:30,857.3,lorentzian_new_long,lorentzian_exit_long,-390.5,80.46,18.9,56.7,-546.56,0.17
NSE:TATASTEEL,LONG,555,2024-06-28T09:15:00+05:30,176.1,2024-06-28T13:15:00+05:30,175.01,lorentzian_new_long,lorentzian_exit_long,-604.95,81.47,19.49,58.46,-764.37,0.17
NSE:LT,SHORT,30,2024-07-01T09:15:00+05:30,3518.85,2024-07-01T13:15:00+05:30,3526.05,lorentzian_new_short,lorentzian_exit_short,-216.0,84.42,21.13,63.4,-384.96,0.17
NSE:ICICIBANK,SHORT,65,2024-07-02T11:15:00+05:30,1190.0,2024-07-02T15:15:00+05:30,1191.9,lorentzian_new_short,lorentzian_exit_short,-123.5,74.47,15.48,46.45,-259.9,0.17
NSE:SBIN,SHORT,115,2024-07-02T11:15:00+05:30,832.4,2024-07-02T15:15:00+05:30,827.6,lorentzian_new_short,lorentzian_exit_short,552.0,80.9,19.09,57.27,394.74,0.17
NSE:LT,LONG,25,2024-07-02T11:15:00+05:30,3617.0,2024-07-02T15:15:00+05:30,3623.0,lorentzian_new_long,lorentzian_exit_long,150.0,79.11,18.1,54.3,-1.51,0.17
NSE:BHARTIARTL,SHORT,60,2024-07-02T11:15:00+05:30,1439.0,2024-07-02T15:15:00+05:30,1419.05,lorentzian_new_short,lorentzian_exit_short,1197.0,77.55,17.15,51.44,1050.86,0.17
NSE:ITC,SHORT,200,2024-07-02T13:15:00+05:30,424.7,2024-07-03T10:15:00+05:30,429.0,lorentzian_new_short,lorentzian_exit_short,-860.0,252.93,17.07,51.22,-1181.22,0.88
NSE:TATACONSUM,LONG,75,2024-07-02T14:15:00+05:30,1105.05,2024-07-03T11:15:00+05:30,1134.8,lorentzian_new_long,lorentzian_exit_long,2231.25,249.64,16.8,50.4,1914.42,0.88
NSE:ICICIBANK,LONG,65,2024-07-04T09:15:00+05:30,1225.95,2024-07-04T13:15:00+05:30,1227.9,lorentzian_new_long,lorentzian_exit_long,126.75,75.32,15.95,47.85,-12.37,0.17
NSE:ITC,LONG,195,2024-07-04T10:15:00+05:30,430.55,2024-07-04T14:15:00+05:30,429.15,lorentzian_new_long,lorentzian_exit_long,-273.0,76.71,16.76,50.29,-416.77,0.17
NSE:LT,SHORT,30,2024-07-04T14:15:00+05:30,3572.6,2024-07-05T11:15:00+05:30,3628.35,lorentzian_new_short,lorentzian_exit_short,-1672.5,303.31,21.6,64.81,-2062.22,0.88
NSE:SENSEX,SHORT,1.1818329371498415,2024-07-05T09:15:00+05:30,79680.74,2024-07-05T13:15:00+05:30,79718.27,lorentzian_new_short,lorentzian_exit_short,-44.35,64.92,3.77,18.84,-131.88,0.17
NSE:HDFCBANK,SHORT,235,2024-07-05T09:15:00+05:30,414.67,2024-07-05T13:15:00+05:30,411.8,lorentzian_new_short,lorentzian_exit_short,673.28,81.5,19.42,58.27,514.09,0.17
NSE:BANKNIFTY,SHORT,1.8198607752624163,2024-07-05T09:15:00+05:30,52385.8,2024-07-05T13:15:00+05:30,52512.65,lorentzian_new_short,lorentzian_exit_short,-230.85,65.15,3.82,19.09,-318.91,0.17
NSE:TATASTEEL,SHORT,550,2024-07-05T09:15:00+05:30,174.87,2024-07-05T13:15:00+05:30,174.36,lorentzian_new_short,lorentzian_exit_short,280.5,81.08,19.21,57.62,122.59,0.17
NSE:ADANIGREEN,LONG,30,2024-07-09T09:15:00+05:30,1784.2,2024-07-09T13:15:00+05:30,1772.95,lorentzian_new_long,lorentzian_exit_long,-337.5,65.97,10.67,32.01,-446.15,0.17
NSE:LT,LONG,25,2024-07-09T09:15:00+05:30,3669.3,2024-07-09T13:15:00+05:30,3660.0,lorentzian_new_long,lorentzian_exit_long,-232.5,79.46,18.32,54.97,-385.26,0.17
NSE:HCLTECH,LONG,50,2024-07-04T10:15:00+05:30,1520.15,2024-07-10T09:15:00+05:30,1509.15,lorentzian_new_long,lorentzian_new_short,-550.0,231.48,15.15,45.44,-842.07,5.96
NSE:SBIN,SHORT,110,2024-07-10T09:15:00+05:30,848.6,2024-07-10T13:15:00+05:30,848.3,lorentzian_new_short,lorentzian_exit_short,33.0,80.1,18.67,56.0,-121.76,0.17
NSE:TCS,SHORT,20,2024-07-10T09:15:00+05:30,3957.7,2024-07-10T13:15:00+05:30,3904.05,lorentzian_new_short,lorentzian_exit_short,1073.0,75.03,15.72,47.17,935.08,0.17
NSE:HCLTECH,SHORT,50,2024-07-10T09:15:00+05:30,1509.15,2024-07-10T13:15:00+05:30,1507.55,lorentzian_new_short,lorentzian_exit_short,80.0,73.79,15.08,45.25,-54.12,0.17
NSE:BHARTIARTL,LONG,60,2024-07-10T09:15:00+05:30,1441.85,2024-07-10T13:15:00+05:30,1436.0,lorentzian_new_long,lorentzian_exit_long,-351.0,77.59,17.27,51.8,-497.66,0.17
NSE:RELIANCE,SHORT,110,2024-07-10T10:15:00+05:30,785.29,2024-07-10T14:15:00+05:30,792.5,lorentzian_new_short,lorentzian_exit_short,-793.1,77.7,17.36,52.07,-940.22,0.17
NSE:WIPRO,SHORT,755,2024-07-10T10:15:00+05:30,133.95,2024-07-10T14:15:00+05:30,133.93,lorentzian_new_short,lorentzian_exit_short,18.87,82.84,20.22,60.67,-144.87,0.17
NSE:ADANIGREEN,SHORT,30,2024-07-10T10:15:00+05:30,1743.05,2024-07-10T14:15:00+05:30,1758.8,lorentzian_new_short,lorentzian_exit_short,-472.5,65.66,10.51,31.52,-580.18,0.17
NSE:INFY,SHORT,60,2024-07-10T11:15:00+05:30,1644.35,2024-07-10T15:15:00+05:30,1645.0,lorentzian_new_short,lorentzian_exit_short,-39.0,81.98,19.74,59.21,-199.92,0.17
NSE:RELIANCE,LONG,105,2024-07-11T12:15:00+05:30,801.42,2024-07-12T09:15:00+05:30,788.83,lorentzian_new_long,lorentzian_exit_long,-1323.0,248.78,16.7,50.09,-1638.57,0.88
NSE:TATACONSUM,SHORT,75,2024-07-11T14:15:00+05:30,1134.0,2024-07-12T11:15:00+05:30,1143.1,lorentzian_new_short,lorentzian_exit_short,-682.5,252.96,17.08,51.23,-1003.77,0.88
NSE:NIFTY,LONG,4.1335943646965285,2024-07-12T09:15:00+05:30,24362.9,2024-07-12T13:15:00+05:30,24574.65,lorentzian_new_long,lorentzian_exit_long,875.29,66.28,4.05,20.23,784.73,0.17
NSE:INFY,LONG,55,2024-07-12T09:15:00+05:30,1688.0,2024-07-12T13:15:00+05:30,1715.75,lorentzian_new_long,lorentzian_exit_long,1526.25,80.36,18.72,56.16,1371.01,0.17
NSE:WIPRO,LONG,730,2024-07-12T09:15:00+05:30,138.43,2024-07-12T13:15:00+05:30,140.89,lorentzian_new_long,lorentzian_exit_long,1799.45,83.33,20.39,61.17,1634.56,0.17
NSE:SENSEX,LONG,1.166354799610842,2024-07-12T10:15:00+05:30,80625.41,2024-07-12T14:15:00+05:30,80449.3,lorentzian_new_long,lorentzian_exit_long,-205.41,64.87,3.76,18.79,-292.82,0.17
NSE:BANKNIFTY,LONG,1.8046964770134033,2024-07-12T10:15:00+05:30,52649.8,2024-07-12T14:15:00+05:30,52228.45,lorentzian_new_long,lorentzian_exit_long,-760.41,64.97,3.79,18.93,-848.09,0.17
NSE:HCLTECH,LONG,45,2024-07-12T10:15:00+05:30,1557.9,2024-07-12T14:15:00+05:30,1561.2,lorentzian_new_long,lorentzian_exit_long,148.5,71.95,14.04,42.11,20.4,0.17
NSE:SBIN,LONG,110,2024-07-15T09:15:00+05:30,867.0,2024-07-15T14:15:00+05:30,881.95,lorentzian_new_long,lorentzian_exit_long,1644.5,81.28,19.24,57.72,1486.26,0.21
NSE:TATASTEEL,LONG,570,2024-07-16T10:15:00+05:30,169.45,2024-07-16T14:15:00+05:30,167.03,lorentzian_new_long,lorentzian_exit_long,-1379.4,80.85,19.18,57.54,-1536.96,0.17
NSE:TATACONSUM,LONG,70,2024-07-16T10:15:00+05:30,1170.5,2024-07-16T14:15:00+05:30,1176.1,lorentzian_new_long,lorentzian_exit_long,392.0,76.19,16.43,49.28,250.1,0.17
NSE:RELIANCE,SHORT,105,2024-07-16T13:15:00+05:30,788.2,2024-07-18T10:15:00+05:30,780.04,lorentzian_new_short,lorentzian_exit_short,856.8,246.05,16.47,49.4,544.89,1.88
NSE:ADANIGREEN,LONG,30,2024-07-16T09:15:00+05:30,1784.5,2024-07-18T10:15:00+05:30,1739.15,lorentzian_new_long,lorentzian_new_short,-1360.5,180.7,10.57,31.71,-1583.48,2.04
NSE:TATASTEEL,SHORT,580,2024-07-18T10:15:00+05:30,164.59,2024-07-18T14:15:00+05:30,166.33,lorentzian_new_short,lorentzian_exit_short,-1009.2,80.91,19.19,57.58,-1166.89,0.17
NSE:ADANIGREEN,SHORT,30,2024-07-18T10:15:00+05:30,1739.15,2024-07-18T14:15:00+05:30,1747.0,lorentzian_new_short,lorentzian_exit_short,-235.5,65.6,10.46,31.38,-342.94,0.17
NSE:RELIANCE,LONG,105,2024-07-18T13:15:00+05:30,796.32,2024-07-19T10:15:00+05:30,780.9,lorentzian_new_long,lorentzian_new_short,-1618.58,247.28,16.56,49.68,-1932.1,0.88
NSE:RELIANCE,SHORT,105,2024-07-19T10:15:00+05:30,780.9,2024-07-19T14:15:00+05:30,777.25,lorentzian_new_short,lorentzian_exit_short,383.25,76.07,16.36,49.08,241.73,0.17
NSE:BHARTIARTL,SHORT,55,2024-07-19T11:15:00+05:30,1458.35,2024-07-19T15:15:00+05:30,1463.05,lorentzian_new_short,lorentzian_exit_short,-258.5,75.49,16.07,48.2,-398.26,0.17
NSE:SENSEX,SHORT,1.1613477116494928,2024-07-19T13:15:00+05:30,80721.64,2024-07-22T10:15:00+05:30,80580.54,lorentzian_new_short,lorentzian_exit_short,163.87,64.84,3.75,18.73,76.55,2.88
NSE:NIFTY,SHORT,4.130486291498305,2024-07-19T13:15:00+05:30,24570.65,2024-07-22T10:15:00+05:30,24532.05,lorentzian_new_short,lorentzian_exit_short,159.44,66.29,4.06,20.28,68.81,2.88
NSE:WIPRO,SHORT,735,2024-07-19T14:15:00+05:30,139.37,2024-07-22T11:15:00+05:30,127.15,lorentzian_new_short,lorentzian_exit_short,8978.03,280.13,19.59,58.77,8619.54,2.88
NSE:LT,SHORT,25,2024-07-22T09:15:00+05:30,3624.0,2024-07-22T13:15:00+05:30,3637.4,lorentzian_new_short,lorentzian_exit_short,-335.0,79.15,18.15,54.46,-486.77,0.17
NSE:LT,LONG,25,2024-07-23T09:15:00+05:30,3692.0,2024-07-23T12:15:00+05:30,3521.7,lorentzian_new_long,lorentzian_new_short,-4257.5,78.51,18.03,54.1,-4408.15,0.12
NSE:HCLTECH,SHORT,45,2024-07-23T09:15:00+05:30,1561.9,2024-07-23T13:15:00+05:30,1589.25,lorentzian_new_short,lorentzian_exit_short,-1230.75,72.05,14.18,42.54,-1359.52,0.17
NSE:BANKNIFTY,SHORT,1.8335633253470034,2024-07-23T12:15:00+05:30,51359.75,2024-07-24T09:15:00+05:30,51703.35,lorentzian_new_short,lorentzian_exit_short,-630.01,64.95,3.78,18.9,-717.64,0.88
NSE:LT,SHORT,25,2024-07-23T12:15:00+05:30,3521.7,2024-07-24T09:15:00+05:30,3506.0,lorentzian_new_short,lorentzian_exit_short,392.5,258.33,17.57,52.71,63.89,0.88
NSE:HINDUNILVR,SHORT,35,2024-07-24T09:15:00+05:30,2722.65,2024-07-24T13:15:00+05:30,2710.7,lorentzian_new_short,lorentzian_exit_short,418.25,80.76,19.02,57.05,261.42,0.17
NSE:TATACONSUM,SHORT,70,2024-07-25T11:15:00+05:30,1214.4,2024-07-25T15:15:00+05:30,1224.0,lorentzian_new_short,lorentzian_exit_short,-672.0,77.21,17.07,51.21,-817.48,0.17
NSE:SENSEX,LONG,1.164988714852528,2024-07-26T09:15:00+05:30,80534.87,2024-07-26T13:15:00+05:30,81200.37,lorentzian_new_long,lorentzian_exit_long,775.3,64.97,3.77,18.84,687.72,0.17
NSE:NIFTY,LONG,4.131924531161032,2024-07-26T09:15:00+05:30,24578.7,2024-07-26T13:15:00+05:30,24797.8,lorentzian_new_long,lorentzian_exit_long,905.3,66.44,4.08,20.4,814.38,0.17
NSE:HCLTECH,LONG,45,2024-07-26T09:15:00+05:30,1619.85,2024-07-26T13:15:00+05:30,1631.15,lorentzian_new_long,lorentzian_exit_long,508.5,73.04,14.63,43.89,376.95,0.17
NSE:WIPRO,LONG,860,2024-07-26T09:15:00+05:30,129.0,2024-07-26T13:15:00+05:30,131.15,lorentzian_new_long,lorentzian_exit_long,1849.0,86.83,22.37,67.12,1672.68,0.17
NSE:BHARTIARTL,LONG,55,2024-07-26T09:15:00+05:30,1487.0,2024-07-26T13:15:00+05:30,1500.6,lorentzian_new_long,lorentzian_exit_long,748.0,76.24,16.43,49.3,606.03,0.17
NSE:TATASTEEL,LONG,585,2024-07-26T09:15:00+05:30,161.01,2024-07-26T14:15:00+05:30,162.67,lorentzian_new_long,lorentzian_exit_long,971.1,80.68,18.94,56.81,814.68,0.21
NSE:ICICIBANK,SHORT,65,2024-07-22T09:15:00+05:30,1235.6,2024-07-29T09:15:00+05:30,1228.65,lorentzian_new_short,lorentzian_new_long,451.75,241.09,16.02,48.05,146.59,7.0
NSE:ICICIBANK,LONG,65,2024-07-29T09:15:00+05:30,1228.65,2024-07-29T12:15:00+05:30,1219.05,lorentzian_new_long,lorentzian_exit_long,-624.0,75.17,15.91,47.73,-762.81,0.12
NSE:RELIANCE,LONG,110,2024-07-29T09:15:00+05:30,757.14,2024-07-29T13:15:00+05:30,759.26,lorentzian_new_long,lorentzian_exit_long,233.75,76.62,16.68,50.04,90.41,0.17
NSE:BANKNIFTY,LONG,1.8042038161520129,2024-07-29T09:15:00+05:30,51798.95,2024-07-29T13:15:00+05:30,51345.35,lorentzian_new_long,lorentzian_exit_long,-818.39,64.67,3.72,18.61,-905.39,0.17
NSE:TCS,LONG,20,2024-07-12T09:15:00+05:30,4038.1,2024-07-30T10:15:00+05:30,4350.9,lorentzian_new_long,lorentzian_new_short,6256.0,249.1,16.78,50.33,5939.79,18.04
NSE:ITC,LONG,180,2024-07-18T12:15:00+05:30,469.75,2024-07-30T11:15:00+05:30,492.45,lorentzian_new_long,lorentzian_new_short,4086.0,255.28,17.32,51.96,3761.44,11.96
NSE:HDFCBANK,SHORT,245,2024-07-23T12:15:00+05:30,401.7,2024-07-30T12:15:00+05:30,405.62,lorentzian_new_short,lorentzian_new_long,-961.63,283.0,19.78,59.34,-1323.74,7.0
NSE:HINDUNILVR,LONG,35,2024-07-30T09:15:00+05:30,2730.0,2024-07-30T13:15:00+05:30,2710.0,lorentzian_new_long,lorentzian_exit_long,-700.0,80.68,19.04,57.12,-856.84,0.17
NSE:BHARTIARTL,SHORT,55,2024-07-30T09:15:00+05:30,1475.95,2024-07-30T13:15:00+05:30,1465.55,lorentzian_new_short,lorentzian_exit_short,572.0,75.77,16.18,48.53,431.51,0.17
NSE:TCS,SHORT,20,2024-07-30T10:15:00+05:30,4350.9,2024-07-30T14:15:00+05:30,4364.1,lorentzian_new_short,lorentzian_exit_short,-264.0,77.89,17.43,52.29,-411.61,0.17
NSE:ITC,SHORT,175,2024-07-30T11:15:00+05:30,492.45,2024-07-30T15:15:00+05:30,490.5,lorentzian_new_short,lorentzian_exit_short,341.25,77.55,17.2,51.6,194.89,0.17
NSE:HDFCBANK,LONG,240,2024-07-30T12:15:00+05:30,405.62,2024-07-31T09:15:00+05:30,406.7,lorentzian_new_long,lorentzian_exit_long,258.0,279.75,19.5,58.49,-99.74,0.88
NSE:HINDUNILVR,SHORT,35,2024-07-30T14:15:00+05:30,2691.9,2024-07-31T11:15:00+05:30,2690.0,lorentzian_new_short,lorentzian_exit_short,66.5,272.44,18.84,56.51,-281.29,0.88
NSE:TCS,LONG,20,2024-07-31T10:15:00+05:30,4391.6,2024-07-31T14:15:00+05:30,4383.95,lorentzian_new_long,lorentzian_exit_long,-153.0,78.11,17.55,52.65,-301.32,0.17
NSE:INFY,SHORT,50,2024-08-01T09:15:00+05:30,1857.6,2024-08-01T13:15:00+05:30,1851.7,lorentzian_new_short,lorentzian_exit_short,295.0,79.92,18.55,55.64,140.9,0.17
NSE:BHARTIARTL,LONG,55,2024-08-01T10:15:00+05:30,1504.5,2024-08-01T14:15:00+05:30,1505.1,lorentzian_new_long,lorentzian_exit_long,33.0,76.37,16.55,49.66,-109.59,0.17
NSE:SBIN,SHORT,110,2024-08-01T14:15:00+05:30,864.45,2024-08-02T11:15:00+05:30,850.7,lorentzian_new_short,lorentzian_exit_short,1512.5,272.67,18.87,56.6,1164.37,0.88
NSE:ICICIBANK,SHORT,65,2024-08-02T09:15:00+05:30,1192.25,2024-08-02T13:15:00+05:30,1200.4,lorentzian_new_short,lorentzian_exit_short,-529.75,74.55,15.55,46.66,-666.51,0.17
NSE:BANKNIFTY,SHORT,1.8059986348929127,2024-08-02T09:15:00+05:30,51247.65,2024-08-02T13:15:00+05:30,51500.95,lorentzian_new_short,lorentzian_exit_short,-457.46,64.64,3.71,18.56,-544.36,0.17
NSE:HCLTECH,SHORT,45,2024-08-02T09:15:00+05:30,1618.3,2024-08-02T13:15:00+05:30,1613.85,lorentzian_new_short,lorentzian_exit_short,200.25,72.85,14.54,43.63,69.22,0.17
NSE:WIPRO,SHORT,875,2024-08-02T09:15:00+05:30,128.93,2024-08-02T13:15:00+05:30,126.54,lorentzian_new_short,lorentzian_exit_short,2086.88,86.82,22.35,67.06,1910.64,0.17
NSE:TATASTEEL,SHORT,595,2024-08-02T09:15:00+05:30,158.93,2024-08-02T13:15:00+05:30,158.23,lorentzian_new_short,lorentzian_exit_short,416.5,80.5,18.87,56.61,260.51,0.17
NSE:LT,SHORT,25,2024-08-02T09:15:00+05:30,3698.1,2024-08-02T13:15:00+05:30,3683.75,lorentzian_new_short,lorentzian_exit_short,358.75,79.76,18.45,55.36,205.17,0.17
NSE:HDFCBANK,SHORT,240,2024-08-05T10:15:00+05:30,401.69,2024-08-05T13:15:00+05:30,404.31,lorentzian_new_short,lorentzian_exit_short,-630.0,81.22,19.34,58.03,-788.6,0.12
NSE:RELIANCE,SHORT,110,2024-07-31T09:15:00+05:30,752.72,2024-08-05T13:15:00+05:30,724.17,lorentzian_new_short,lorentzian_exit_short,3139.4,243.42,16.25,48.74,2830.99,5.17
NSE:ADANIGREEN,SHORT,30,2024-08-05T09:15:00+05:30,1834.6,2024-08-05T13:15:00+05:30,1788.95,lorentzian_new_short,lorentzian_exit_short,1369.5,66.51,10.87,32.61,1259.51,0.17
NSE:BHARTIARTL,SHORT,55,2024-08-05T09:15:00+05:30,1473.0,2024-08-05T13:15:00+05:30,1464.5,lorentzian_new_short,lorentzian_exit_short,467.5,75.72,16.16,48.47,327.15,0.17
NSE:LT,LONG,25,2024-08-07T10:15:00+05:30,3634.65,2024-08-07T14:15:00+05:30,3645.9,lorentzian_new_long,lorentzian_exit_long,281.25,79.31,18.2,54.6,129.14,0.17
NSE:INFY,LONG,55,2024-08-07T09:15:00+05:30,1783.85,2024-08-08T11:15:00+05:30,1766.8,lorentzian_new_long,lorentzian_exit_long,-937.75,280.21,19.53,58.59,-1296.07,1.08
NSE:HINDUNILVR,LONG,35,2024-08-01T09:15:00+05:30,2708.6,2024-08-08T12:15:00+05:30,2730.15,lorentzian_new_long,lorentzian_new_short,754.25,274.6,19.04,57.11,403.51,7.12
NSE:HDFCBANK,LONG,235,2024-08-08T10:15:00+05:30,409.93,2024-08-08T14:15:00+05:30,410.62,lorentzian_new_long,lorentzian_exit_long,162.15,81.2,19.28,57.85,3.82,0.17
NSE:BHARTIARTL,LONG,60,2024-08-08T11:15:00+05:30,1463.0,2024-08-08T15:15:00+05:30,1449.05,lorentzian_new_long,lorentzian_exit_long,-837.0,77.9,17.47,52.42,-984.79,0.17
NSE:HINDUNILVR,SHORT,35,2024-08-08T12:15:00+05:30,2730.15,2024-08-09T09:15:00+05:30,2732.8,lorentzian_new_short,lorentzian_exit_short,-92.75,275.61,19.12,57.36,-444.84,0.88
NSE:BANKNIFTY,LONG,1.820345403100764,2024-08-09T09:15:00+05:30,50545.6,2024-08-09T13:15:00+05:30,50588.5,lorentzian_new_long,lorentzian_exit_long,78.09,64.53,3.68,18.41,-8.53,0.17
NSE:ADANIGREEN,LONG,30,2024-08-09T09:15:00+05:30,1788.0,2024-08-09T13:15:00+05:30,1781.05,lorentzian_new_long,lorentzian_exit_long,-208.5,66.05,10.71,32.12,-317.37,0.17
NSE:SBIN,LONG,115,2024-08-09T13:15:00+05:30,825.7,2024-08-12T10:15:00+05:30,819.85,lorentzian_new_long,lorentzian_exit_long,-672.75,273.47,18.92,56.77,-1021.91,2.88
NSE:ADANIGREEN,SHORT,30,2024-08-12T09:15:00+05:30,1720.45,2024-08-12T13:15:00+05:30,1786.7,lorentzian_new_short,lorentzian_new_long,-1987.5,65.52,10.52,31.56,-2095.11,0.17
NSE:ICICIBANK,SHORT,65,2024-08-12T09:15:00+05:30,1159.25,2024-08-13T09:15:00+05:30,1177.3,lorentzian_new_short,lorentzian_new_long,-1173.25,231.99,15.19,45.56,-1465.99,1.0
NSE:ADANIGREEN,LONG,30,2024-08-12T13:15:00+05:30,1786.7,2024-08-13T10:15:00+05:30,1826.15,lorentzian_new_long,lorentzian_exit_long,1183.5,183.48,10.84,32.52,956.66,0.88
NSE:ICICIBANK,LONG,65,2024-08-13T09:15:00+05:30,1177.3,2024-08-13T13:15:00+05:30,1166.6,lorentzian_new_long,lorentzian_exit_long,-695.5,73.97,15.24,45.71,-830.41,0.17
NSE:BANKNIFTY,SHORT,1.8386912460301739,2024-08-13T12:15:00+05:30,50036.65,2024-08-14T09:15:00+05:30,49728.05,lorentzian_new_short,lorentzian_exit_short,567.42,64.49,3.67,18.34,480.92,0.88
NSE:ITC,SHORT,180,2024-08-13T13:15:00+05:30,490.25,2024-08-14T10:15:00+05:30,495.2,lorentzian_new_short,lorentzian_exit_short,-891.0,260.31,17.74,53.21,-1222.26,0.88
NSE:SBIN,SHORT,120,2024-08-13T14:15:00+05:30,796.9,2024-08-14T11:15:00+05:30,804.75,lorentzian_new_short,lorentzian_exit_short,-942.0,276.78,19.22,57.66,-1295.66,0.88
NSE:ICICIBANK,SHORT,65,2024-08-14T09:15:00+05:30,1156.85,2024-08-14T13:15:00+05:30,1161.85,lorentzian_new_short,lorentzian_exit_short,-325.0,73.72,15.07,45.21,-459.01,0.17
NSE:TATACONSUM,SHORT,70,2024-07-29T10:15:00+05:30,1186.55,2024-08-16T12:15:00+05:30,1187.85,lorentzian_new_short,lorentzian_new_long,-91.0,247.83,16.62,49.86,-405.31,18.08
NSE:SENSEX,LONG,1.1874139271008908,2024-08-16T09:15:00+05:30,79591.35,2024-08-16T13:15:00+05:30,80297.23,lorentzian_new_long,lorentzian_exit_long,838.17,65.11,3.8,18.99,750.28,0.17
NSE:WIPRO,LONG,900,2024-08-16T09:15:00+05:30,127.08,2024-08-16T13:15:00+05:30,128.54,lorentzian_new_long,lorentzian_exit_long,1318.5,87.89,23.01,69.02,1138.59,0.17
NSE:BANKNIFTY,LONG,1.8360400590639236,2024-08-16T11:15:00+05:30,50370.05,2024-08-16T15:15:00+05:30,50510.95,lorentzian_new_long,lorentzian_exit_long,258.7,64.64,3.7,18.52,171.83,0.17
NSE:TATACONSUM,LONG,70,2024-08-16T12:15:00+05:30,1187.85,2024-08-19T09:15:00+05:30,1176.5,lorentzian_new_long,lorentzian_exit_long,-794.5,247.1,16.55,49.65,-1107.8,2.88
NSE:HINDUNILVR,LONG,35,2024-08-16T14:15:00+05:30,2748.3,2024-08-19T11:15:00+05:30,2751.45,lorentzian_new_long,lorentzian_exit_long,110.25,277.02,19.25,57.75,-243.77,2.88
NSE:TATASTEEL,LONG,635,2024-08-16T14:15:00+05:30,149.81,2024-08-19T11:15:00+05:30,151.62,lorentzian_new_long,lorentzian_exit_long,1149.35,275.74,19.14,57.42,797.05,2.88
NSE:SBIN,LONG,115,2024-08-19T09:15:00+05:30,818.25,2024-08-19T13:15:00+05:30,815.9,lorentzian_new_long,lorentzian_exit_long,-270.25,80.29,18.79,56.38,-425.71,0.17
NSE:RELIANCE,LONG,115,2024-08-19T09:15:00+05:30,747.89,2024-08-19T13:15:00+05:30,743.91,lorentzian_new_long,lorentzian_exit_long,-457.13,77.38,17.16,51.47,-603.13,0.17
NSE:ICICIBANK,SHORT,65,2024-08-21T09:15:00+05:30,1169.5,2024-08-21T13:15:00+05:30,1169.2,lorentzian_new_short,lorentzian_exit_short,19.5,73.99,15.2,45.6,-115.3,0.17
NSE:BANKNIFTY,SHORT,1.8345316394086137,2024-08-21T09:15:00+05:30,50504.85,2024-08-21T13:15:00+05:30,50491.45,lorentzian_new_short,lorentzian_exit_short,24.58,64.64,3.71,18.53,-62.29,0.17
NSE:BHARTIARTL,SHORT,55,2024-08-12T12:15:00+05:30,1455.95,2024-08-22T09:15:00+05:30,1482.75,lorentzian_new_short,lorentzian_new_long,-1474.0,242.85,16.16,48.49,-1781.5,9.88
NSE:ICICIBANK,LONG,65,2024-08-22T09:15:00+05:30,1181.7,2024-08-22T13:15:00+05:30,1189.9,lorentzian_new_long,lorentzian_exit_long,533.0,74.42,15.42,46.25,396.91,0.17
NSE:BANKNIFTY,LONG,1.8184015984437458,2024-08-22T09:15:00+05:30,50918.7,2024-08-22T13:15:00+05:30,51017.4,lorentzian_new_long,lorentzian_exit_long,179.48,64.65,3.71,18.54,92.58,0.17
NSE:BHARTIARTL,LONG,55,2024-08-22T09:15:00+05:30,1482.75,2024-08-22T13:15:00+05:30,1489.8,lorentzian_new_long,lorentzian_exit_long,387.75,76.05,16.35,49.05,246.3,0.17
NSE:TCS,LONG,20,2024-08-07T09:15:00+05:30,4208.65,2024-08-23T09:15:00+05:30,4481.0,lorentzian_new_long,lorentzian_new_short,5447.0,255.84,17.38,52.14,5121.64,16.0
NSE:WIPRO,LONG,880,2024-08-22T09:15:00+05:30,131.74,2024-08-23T09:15:00+05:30,128.59,lorentzian_new_long,lorentzian_new_short,-2772.0,317.91,22.91,68.73,-3181.55,1.0
NSE:ADANIGREEN,SHORT,25,2024-08-22T14:15:00+05:30,1888.0,2024-08-23T11:15:00+05:30,1908.0,lorentzian_new_short,lorentzian_exit_short,-500.0,168.62,9.49,28.47,-706.58,0.88
NSE:WIPRO,SHORT,875,2024-08-23T09:15:00+05:30,128.59,2024-08-23T13:15:00+05:30,128.2,lorentzian_new_short,lorentzian_exit_short,341.25,86.83,22.47,67.41,164.54,0.17
NSE:HCLTECH,LONG,45,2024-08-07T09:15:00+05:30,1600.65,2024-08-23T14:15:00+05:30,1660.55,lorentzian_new_long,lorentzian_new_short,2695.5,226.0,14.68,44.03,2410.79,16.21
NSE:HDFCBANK,SHORT,240,2024-08-13T09:15:00+05:30,404.69,2024-08-26T09:15:00+05:30,411.34,lorentzian_new_short,lorentzian_new_long,-1596.0,280.88,19.58,58.75,-1955.22,13.0
NSE:TCS,SHORT,20,2024-08-23T09:15:00+05:30,4481.0,2024-08-26T09:15:00+05:30,4540.45,lorentzian_new_short,lorentzian_new_long,-1189.0,263.72,18.04,54.13,-1524.89,3.0
NSE:HDFCBANK,LONG,230,2024-08-26T09:15:00+05:30,411.34,2024-08-26T13:15:00+05:30,411.19,lorentzian_new_long,lorentzian_exit_long,-34.5,80.53,18.92,56.75,-190.71,0.17
NSE:ITC,SHORT,170,2024-08-27T10:15:00+05:30,502.35,2024-08-27T14:15:00+05:30,500.55,lorentzian_new_short,lorentzian_exit_short,306.0,77.28,17.05,51.15,160.52,0.17
NSE:HINDUNILVR,SHORT,30,2024-08-27T11:15:00+05:30,2791.9,2024-08-27T15:15:00+05:30,2767.0,lorentzian_new_short,lorentzian_exit_short,747.0,76.67,16.68,50.03,603.62,0.17
NSE:TATACONSUM,LONG,70,2024-08-26T14:15:00+05:30,1220.35,2024-08-29T11:15:00+05:30,1190.6,lorentzian_new_long,lorentzian_new_short,-2082.5,250.82,16.88,50.63,-2400.83,2.88
NSE:SBIN,SHORT,115,2024-08-28T15:15:00+05:30,807.95,2024-08-29T12:15:00+05:30,815.0,lorentzian_new_short,lorentzian_exit_short,-810.75,270.59,18.66,55.99,-1155.99,0.88
NSE:TATASTEEL,SHORT,625,2024-08-29T09:15:00+05:30,153.1,2024-08-29T13:15:00+05:30,151.87,lorentzian_new_short,lorentzian_exit_short,768.75,80.87,19.06,57.18,611.63,0.17
NSE:TATACONSUM,SHORT,65,2024-08-29T11:15:00+05:30,1190.6,2024-08-29T15:15:00+05:30,1195.0,lorentzian_new_short,lorentzian_exit_short,-286.0,74.49,15.51,46.52,-422.52,0.17
NSE:ITC,LONG,170,2024-08-29T12:15:00+05:30,507.05,2024-08-30T09:15:00+05:30,504.15,lorentzian_new_long,lorentzian_exit_long,-493.0,254.19,17.19,51.57,-815.95,0.88
NSE:LT,SHORT,25,2024-08-29T14:15:00+05:30,3670.85,2024-08-30T11:15:00+05:30,3690.0,lorentzian_new_short,lorentzian_exit_short,-478.75,267.66,18.4,55.21,-820.01,0.88
NSE:SBIN,LONG,115,2024-08-30T09:15:00+05:30,818.85,2024-08-30T13:15:00+05:30,814.9,lorentzian_new_long,lorentzian_exit_long,-454.25,80.26,18.79,56.36,-609.66,0.17
NSE:TATASTEEL,LONG,625,2024-08-30T10:15:00+05:30,155.06,2024-08-30T14:15:00+05:30,152.57,lorentzian_new_long,lorentzian_exit_long,-1556.25,80.91,19.23,57.68,-1714.07,0.17
NSE:HDFCBANK,SHORT,230,2024-08-30T15:15:00+05:30,406.44,2024-09-02T12:15:00+05:30,407.19,lorentzian_new_short,lorentzian_exit_short,-172.5,271.09,18.71,56.14,-518.45,2.88
NSE:ADANIGREEN,LONG,25,2024-09-02T09:15:00+05:30,1885.85,2024-09-02T13:15:00+05:30,1921.8,lorentzian_new_long,lorentzian_exit_long,898.75,64.07,9.52,28.56,796.6,0.17
NSE:TATACONSUM,LONG,65,2024-09-03T10:15:00+05:30,1215.6,2024-09-03T14:15:00+05:30,1198.0,lorentzian_new_long,lorentzian_exit_long,-1144.0,74.72,15.69,47.07,-1281.47,0.17
NSE:TCS,LONG,20,2024-08-26T09:15:00+05:30,4540.45,2024-09-04T09:15:00+05:30,4462.0,lorentzian_new_long,lorentzian_new_short,-1569.0,263.32,18.0,54.01,-1904.34,9.0
NSE:SENSEX,SHORT,1.1590401833798685,2024-09-04T09:15:00+05:30,82185.17,2024-09-04T13:15:00+05:30,82236.62,lorentzian_new_short,lorentzian_exit_short,-59.63,65.13,3.81,19.06,-147.63,0.17
NSE:SBIN,SHORT,115,2024-09-04T09:15:00+05:30,815.9,2024-09-04T13:15:00+05:30,817.2,lorentzian_new_short,lorentzian_exit_short,-149.5,80.28,18.78,56.34,-304.9,0.17
NSE:RELIANCE,SHORT,110,2024-09-04T09:15:00+05:30,755.76,2024-09-04T13:15:00+05:30,756.07,lorentzian_new_short,lorentzian_exit_short,-33.0,76.5,16.63,49.89,-176.02,0.17
NSE:TCS,SHORT,20,2024-09-04T09:15:00+05:30,4462.0,2024-09-04T13:15:00+05:30,4467.35,lorentzian_new_short,lorentzian_exit_short,-107.0,78.66,17.86,53.58,-257.09,0.17
NSE:INFY,SHORT,50,2024-09-04T09:15:00+05:30,1914.65,2024-09-04T13:15:00+05:30,1917.85,lorentzian_new_short,lorentzian_exit_short,-160.0,80.95,19.16,57.49,-317.6,0.17
NSE:ITC,SHORT,170,2024-09-04T09:15:00+05:30,506.75,2024-09-04T13:15:00+05:30,507.25,lorentzian_new_short,lorentzian_exit_short,-85.0,77.57,17.24,51.71,-231.52,0.17
NSE:WIPRO,SHORT,860,2024-09-04T09:15:00+05:30,131.24,2024-09-04T13:15:00+05:30,129.81,lorentzian_new_short,lorentzian_exit_short,1225.5,86.9,22.45,67.35,1048.8,0.17
NSE:TATASTEEL,SHORT,630,2024-09-04T09:15:00+05:30,151.07,2024-09-04T13:15:00+05:30,151.12,lorentzian_new_short,lorentzian_exit_short,-31.5,80.75,19.04,57.11,-188.4,0.17
NSE:TATACONSUM,SHORT,65,2024-09-04T09:15:00+05:30,1187.25,2024-09-04T13:15:00+05:30,1194.2,lorentzian_new_short,lorentzian_exit_short,-451.75,74.43,15.48,46.44,-588.1,0.17
NSE:BHARTIARTL,SHORT,55,2024-09-04T09:15:00+05:30,1551.0,2024-09-04T13:15:00+05:30,1554.7,lorentzian_new_short,lorentzian_exit_short,-203.5,77.28,17.08,51.24,-349.1,0.17
NSE:HDFCBANK,LONG,225,2024-09-05T09:15:00+05:30,411.9,2024-09-05T13:15:00+05:30,411.19,lorentzian_new_long,lorentzian_exit_long,-159.75,79.82,18.52,55.56,-313.65,0.17
NSE:RELIANCE,LONG,110,2024-09-05T09:15:00+05:30,757.98,2024-09-05T13:15:00+05:30,751.83,lorentzian_new_long,lorentzian_exit_long,-676.5,76.39,16.61,49.82,-819.32,0.17
NSE:HINDUNILVR,LONG,30,2024-08-29T12:15:00+05:30,2806.95,2024-09-05T13:15:00+05:30,2833.3,lorentzian_new_long,lorentzian_exit_long,790.5,251.1,16.92,50.76,471.72,7.04
NSE:RELIANCE,SHORT,110,2024-09-05T14:15:00+05:30,748.0,2024-09-06T11:15:00+05:30,735.99,lorentzian_new_short,lorentzian_exit_short,1321.1,244.43,16.32,48.97,1011.38,0.88
NSE:ICICIBANK,SHORT,60,2024-09-06T09:15:00+05:30,1227.55,2024-09-06T13:15:00+05:30,1214.9,lorentzian_new_short,lorentzian_exit_short,759.0,73.11,14.65,43.96,627.27,0.17
NSE:BANKNIFTY,SHORT,1.8177582886401364,2024-09-06T09:15:00+05:30,50987.5,2024-09-06T13:15:00+05:30,50816.95,lorentzian_new_short,lorentzian_exit_short,310.02,64.63,3.7,18.51,223.18,0.17
NSE:ADANIGREEN,SHORT,25,2024-09-06T14:15:00+05:30,1857.1,2024-09-09T11:15:00+05:30,1849.75,lorentzian_new_short,lorentzian_exit_short,183.75,166.09,9.27,27.8,-19.41,2.88
NSE:HINDUNILVR,LONG,30,2024-09-09T11:15:00+05:30,2898.2,2024-09-09T15:15:00+05:30,2920.0,lorentzian_new_long,lorentzian_exit_long,654.0,78.03,17.45,52.36,506.15,0.17
NSE:ITC,LONG,165,2024-09-09T12:15:00+05:30,510.6,2024-09-10T09:15:00+05:30,509.95,lorentzian_new_long,lorentzian_exit_long,-107.25,250.26,16.84,50.52,-424.86,0.88
NSE:TATACONSUM,SHORT,65,2024-09-06T09:15:00+05:30,1176.6,2024-09-10T09:15:00+05:30,1201.85,lorentzian_new_short,lorentzian_new_long,-1641.25,235.05,15.46,46.38,-1938.14,4.0
NSE:ICICIBANK,LONG,60,2024-09-09T13:15:00+05:30,1232.15,2024-09-10T10:15:00+05:30,1231.25,lorentzian_new_long,lorentzian_exit_long,-54.0,227.38,14.78,44.34,-340.5,0.88
NSE:NIFTY,SHORT,4.06995244331868,2024-09-04T09:15:00+05:30,25152.45,2024-09-10T12:15:00+05:30,25098.55,lorentzian_new_short,lorentzian_new_long,219.37,66.46,4.09,20.45,128.37,6.12
NSE:HCLTECH,SHORT,45,2024-08-23T14:15:00+05:30,1660.55,2024-09-10T12:15:00+05:30,1778.15,lorentzian_new_short,lorentzian_new_long,-5292.0,235.48,15.47,46.42,-5589.38,17.92
NSE:TATACONSUM,LONG,65,2024-09-10T09:15:00+05:30,1201.85,2024-09-10T13:15:00+05:30,1212.0,lorentzian_new_long,lorentzian_exit_long,659.75,74.92,15.69,47.07,522.07,0.17
NSE:BHARTIARTL,LONG,50,2024-09-10T09:15:00+05:30,1566.1,2024-09-10T13:15:00+05:30,1584.45,lorentzian_new_long,lorentzian_exit_long,917.5,75.06,15.75,47.26,779.43,0.17
NSE:NIFTY,LONG,4.083792249251546,2024-09-10T12:15:00+05:30,25098.55,2024-09-11T09:15:00+05:30,25055.95,lorentzian_new_long,lorentzian_exit_long,-173.97,66.46,4.1,20.48,-265.01,0.88
NSE:TCS,LONG,20,2024-09-10T12:15:00+05:30,4531.2,2024-09-11T09:15:00+05:30,4514.9,lorentzian_new_long,lorentzian_exit_long,-326.0,264.2,18.09,54.28,-662.57,0.88
NSE:HCLTECH,LONG,40,2024-09-10T12:15:00+05:30,1778.15,2024-09-11T09:15:00+05:30,1779.55,lorentzian_new_long,lorentzian_exit_long,56.0,221.26,14.23,42.69,-222.19,0.88
NSE:LT,LONG,25,2024-09-10T12:15:00+05:30,3615.25,2024-09-11T09:15:00+05:30,3592.55,lorentzian_new_long,lorentzian_exit_long,-567.5,263.41,18.02,54.06,-902.99,0.88
NSE:WIPRO,LONG,865,2024-09-10T13:15:00+05:30,131.54,2024-09-11T10:15:00+05:30,130.81,lorentzian_new_long,lorentzian_exit_long,-627.12,315.36,22.69,68.08,-1033.26,0.88
NSE:LT,SHORT,25,2024-09-11T13:15:00+05:30,3551.8,2024-09-12T10:15:00+05:30,3556.1,lorentzian_new_short,lorentzian_exit_short,-107.5,260.6,17.77,53.31,-439.18,0.88
NSE:SENSEX,SHORT,1.167923180780411,2024-09-06T09:15:00+05:30,81434.06,2024-09-12T11:15:00+05:30,81736.46,lorentzian_new_short,lorentzian_exit_short,-353.18,65.11,3.81,19.06,-441.16,6.08
NSE:NIFTY,SHORT,4.105637617662697,2024-09-11T14:15:00+05:30,24900.65,2024-09-12T11:15:00+05:30,25011.2,lorentzian_new_short,lorentzian_exit_short,-453.88,66.46,4.1,20.49,-544.93,0.88
NSE:TCS,SHORT,20,2024-09-11T14:15:00+05:30,4475.0,2024-09-12T11:15:00+05:30,4454.15,lorentzian_new_short,lorentzian_exit_short,417.0,261.54,17.86,53.57,84.02,0.88
NSE:WIPRO,SHORT,880,2024-09-11T14:15:00+05:30,128.43,2024-09-12T11:15:00+05:30,130.41,lorentzian_new_short,lorentzian_exit_short,-1751.2,316.38,22.78,68.33,-2158.69,0.88
NSE:ITC,SHORT,165,2024-09-12T11:15:00+05:30,511.15,2024-09-12T14:15:00+05:30,519.7,lorentzian_new_short,lorentzian_new_long,-1410.75,77.02,17.01,51.03,-1555.81,0.12
NSE:SENSEX,LONG,1.1492588115682993,2024-09-12T13:15:00+05:30,82373.86,2024-09-13T10:15:00+05:30,82951.83,lorentzian_new_long,lorentzian_exit_long,664.24,65.11,3.8,19.0,576.32,0.88
NSE:NIFTY,LONG,4.034555011103792,2024-09-12T13:15:00+05:30,25204.7,2024-09-13T10:15:00+05:30,25382.35,lorentzian_new_long,lorentzian_exit_long,716.74,66.44,4.08,20.41,625.81,0.88
NSE:WIPRO,LONG,840,2024-09-12T13:15:00+05:30,132.0,2024-09-13T10:15:00+05:30,137.01,lorentzian_new_long,lorentzian_exit_long,4212.6,313.92,22.6,67.79,3808.29,0.88
NSE:BHARTIARTL,LONG,50,2024-09-12T13:15:00+05:30,1622.9,2024-09-13T10:15:00+05:30,1634.55,lorentzian_new_long,lorentzian_exit_long,582.5,244.07,16.29,48.86,273.28,0.88
NSE:SBIN,LONG,115,2024-09-12T14:15:00+05:30,789.35,2024-09-13T11:15:00+05:30,788.15,lorentzian_new_long,lorentzian_exit_long,-138.0,264.73,18.14,54.42,-475.3,0.88
NSE:RELIANCE,LONG,115,2024-09-12T14:15:00+05:30,740.23,2024-09-13T11:15:00+05:30,739.01,lorentzian_new_long,lorentzian_exit_long,-139.15,252.17,17.01,51.03,-459.37,0.88
NSE:INFY,LONG,50,2024-09-12T14:15:00+05:30,1955.5,2024-09-13T11:15:00+05:30,1958.15,lorentzian_new_long,lorentzian_exit_long,132.5,280.57,19.57,58.7,-226.34,0.88
NSE:ITC,LONG,160,2024-09-12T14:15:00+05:30,519.7,2024-09-13T11:15:00+05:30,513.25,lorentzian_new_long,lorentzian_exit_long,-1032.0,246.86,16.53,49.58,-1344.97,0.88
NSE:LT,LONG,25,2024-09-12T14:15:00+05:30,3631.7,2024-09-13T11:15:00+05:30,3605.35,lorentzian_new_long,lorentzian_exit_long,-658.75,264.23,18.09,54.28,-995.35,0.88
NSE:TCS,LONG,20,2024-09-13T09:15:00+05:30,4512.55,2024-09-13T13:15:00+05:30,4540.0,lorentzian_new_long,lorentzian_exit_long,549.0,79.17,18.11,54.32,397.41,0.17
NSE:ADANIGREEN,LONG,25,2024-09-16T09:15:00+05:30,1892.6,2024-09-16T13:15:00+05:30,1926.6,lorentzian_new_long,lorentzian_exit_long,850.0,64.12,9.55,28.64,747.69,0.17
NSE:ITC,SHORT,160,2024-09-16T15:15:00+05:30,509.95,2024-09-17T12:15:00+05:30,508.5,lorentzian_new_short,lorentzian_exit_short,232.0,244.19,16.3,48.89,-77.37,0.88
NSE:TCS,SHORT,20,2024-09-18T09:15:00+05:30,4386.8,2024-09-18T13:15:00+05:30,4326.55,lorentzian_new_short,lorentzian_exit_short,1205.0,78.04,17.43,52.28,1057.25,0.17
NSE:INFY,SHORT,50,2024-09-18T09:15:00+05:30,1898.55,2024-09-18T13:15:00+05:30,1883.9,lorentzian_new_short,lorentzian_exit_short,732.5,80.61,18.91,56.74,576.24,0.17
NSE:HCLTECH,SHORT,40,2024-09-18T09:15:00+05:30,1772.05,2024-09-18T13:15:00+05:30,1745.0,lorentzian_new_short,lorentzian_exit_short,1082.0,72.11,14.07,42.2,953.62,0.17
NSE:TATASTEEL,SHORT,620,2024-09-18T09:15:00+05:30,152.22,2024-09-18T13:15:00+05:30,149.96,lorentzian_new_short,lorentzian_exit_short,1401.2,80.37,18.74,56.21,1245.89,0.17
NSE:TATACONSUM,SHORT,65,2024-09-18T10:15:00+05:30,1207.6,2024-09-18T14:15:00+05:30,1200.85,lorentzian_new_short,lorentzian_exit_short,438.75,74.84,15.65,46.96,301.29,0.17
NSE:NIFTY,SHORT,4.037149521358946,2024-09-18T13:15:00+05:30,25343.05,2024-09-19T10:15:00+05:30,25505.8,lorentzian_new_short,lorentzian_exit_short,-657.05,66.48,4.11,20.53,-748.16,0.88
NSE:RELIANCE,SHORT,115,2024-09-18T13:15:00+05:30,731.62,2024-09-19T10:15:00+05:30,728.69,lorentzian_new_short,lorentzian_exit_short,336.37,249.72,16.79,50.38,19.48,0.88
NSE:HINDUNILVR,SHORT,30,2024-09-16T09:15:00+05:30,2874.4,2024-09-19T10:15:00+05:30,2928.45,lorentzian_new_short,lorentzian_new_long,-1621.5,256.7,17.41,52.23,-1947.83,3.04
NSE:LT,LONG,25,2024-09-16T09:15:00+05:30,3639.75,2024-09-19T11:15:00+05:30,3693.6,lorentzian_new_long,lorentzian_new_short,1346.25,266.75,18.33,55.0,1006.16,3.08
NSE:HINDUNILVR,LONG,30,2024-09-19T10:15:00+05:30,2928.45,2024-09-19T13:15:00+05:30,2924.3,lorentzian_new_long,lorentzian_exit_long,-124.5,78.13,17.56,52.67,-272.86,0.12
NSE:LT,SHORT,25,2024-09-19T11:15:00+05:30,3693.6,2024-09-20T09:15:00+05:30,3734.4,lorentzian_new_short,lorentzian_exit_short,-1020.0,269.56,18.57,55.71,-1363.84,0.92
NSE:RELIANCE,LONG,115,2024-09-20T09:15:00+05:30,738.75,2024-09-20T13:15:00+05:30,742.12,lorentzian_new_long,lorentzian_exit_long,386.98,77.25,17.03,51.09,241.6,0.17
NSE:TATASTEEL,LONG,630,2024-09-20T09:15:00+05:30,152.0,2024-09-20T13:15:00+05:30,151.84,lorentzian_new_long,lorentzian_exit_long,-100.8,80.92,19.14,57.43,-258.29,0.17
NSE:LT,LONG,25,2024-09-20T10:15:00+05:30,3776.85,2024-09-20T14:15:00+05:30,3791.5,lorentzian_new_long,lorentzian_exit_long,366.25,80.58,18.92,56.76,209.98,0.17
NSE:SBIN,LONG,115,2024-09-23T10:15:00+05:30,803.0,2024-09-23T14:15:00+05:30,802.15,lorentzian_new_long,lorentzian_exit_long,-97.75,79.72,18.46,55.38,-251.31,0.17
NSE:TATACONSUM,SHORT,65,2024-09-23T14:15:00+05:30,1210.95,2024-09-24T11:15:00+05:30,1214.95,lorentzian_new_short,lorentzian_exit_short,-260.0,238.37,15.77,47.31,-561.44,0.88
NSE:HCLTECH,LONG,40,2024-09-24T14:15:00+05:30,1774.0,2024-09-25T11:15:00+05:30,1756.65,lorentzian_new_long,lorentzian_exit_long,-694.0,220.12,14.12,42.37,-970.61,0.88
NSE:WIPRO,LONG,850,2024-09-24T14:15:00+05:30,134.78,2024-09-25T11:15:00+05:30,133.01,lorentzian_new_long,lorentzian_exit_long,-1496.0,316.18,22.76,68.29,-1903.23,0.88
NSE:SBIN,SHORT,115,2024-09-25T09:15:00+05:30,792.05,2024-09-25T13:15:00+05:30,792.8,lorentzian_new_short,lorentzian_exit_short,-86.25,79.31,18.23,54.68,-238.46,0.17
NSE:RELIANCE,SHORT,115,2024-09-25T09:15:00+05:30,742.49,2024-09-25T13:15:00+05:30,747.99,lorentzian_new_short,lorentzian_exit_short,-632.5,77.34,17.14,51.42,-778.4,0.17
NSE:INFY,LONG,50,2024-09-26T09:15:00+05:30,1914.5,2024-09-26T13:15:00+05:30,1899.0,lorentzian_new_long,lorentzian_exit_long,-775.0,80.72,19.07,57.2,-931.99,0.17
NSE:LT,SHORT,25,2024-09-26T12:15:00+05:30,3747.95,2024-09-27T09:15:00+05:30,3700.0,lorentzian_new_short,lorentzian_exit_short,1198.75,269.95,18.62,55.86,854.32,0.88
NSE:TATACONSUM,LONG,65,2024-09-26T14:15:00+05:30,1213.25,2024-09-27T11:15:00+05:30,1208.7,lorentzian_new_long,lorentzian_exit_long,-295.75,238.09,15.74,47.23,-596.81,0.88
NSE:SBIN,LONG,115,2024-09-27T09:15:00+05:30,804.25,2024-09-27T13:15:00+05:30,801.55,lorentzian_new_long,lorentzian_exit_long,-310.5,79.71,18.47,55.4,-464.08,0.17
NSE:TCS,LONG,20,2024-09-27T09:15:00+05:30,4339.85,2024-09-27T13:15:00+05:30,4311.5,lorentzian_new_long,lorentzian_exit_long,-567.0,77.63,17.3,51.91,-713.84,0.17
NSE:RELIANCE,LONG,110,2024-09-27T13:15:00+05:30,755.22,2024-09-30T10:15:00+05:30,745.25,lorentzian_new_long,lorentzian_exit_long,-1096.15,246.62,16.51,49.52,-1408.79,2.88
NSE:HDFCBANK,SHORT,215,2024-09-27T14:15:00+05:30,437.75,2024-09-30T11:15:00+05:30,432.19,lorentzian_new_short,lorentzian_exit_short,1195.4,270.88,18.7,56.11,849.7,2.88
NSE:ICICIBANK,SHORT,60,2024-09-27T14:15:00+05:30,1307.15,2024-09-30T11:15:00+05:30,1277.05,lorentzian_new_short,lorentzian_exit_short,1806.0,235.29,15.51,46.52,1508.69,2.88
NSE:BANKNIFTY,SHORT,1.7258088206400113,2024-09-27T14:15:00+05:30,53833.0,2024-09-30T11:15:00+05:30,53103.15,lorentzian_new_short,lorentzian_exit_short,1259.58,64.63,3.69,18.46,1172.8,2.88
NSE:ADANIGREEN,SHORT,25,2024-09-27T14:15:00+05:30,1973.9,2024-09-30T11:15:00+05:30,1963.25,lorentzian_new_short,lorentzian_exit_short,266.25,172.49,9.84,29.53,54.39,2.88
NSE:SENSEX,SHORT,1.1221365693076395,2024-09-30T09:15:00+05:30,84876.91,2024-09-30T13:15:00+05:30,84378.01,lorentzian_new_short,lorentzian_exit_short,559.83,65.1,3.8,18.99,471.94,0.17
NSE:SBIN,SHORT,115,2024-09-30T09:15:00+05:30,793.2,2024-09-30T13:15:00+05:30,791.3,lorentzian_new_short,lorentzian_exit_short,218.5,79.34,18.22,54.67,66.28,0.17
NSE:TCS,SHORT,20,2024-09-30T09:15:00+05:30,4284.0,2024-09-30T13:15:00+05:30,4270.8,lorentzian_new_short,lorentzian_exit_short,264.0,77.38,17.11,51.33,118.18,0.17
NSE:BHARTIARTL,SHORT,50,2024-09-30T09:15:00+05:30,1711.1,2024-09-30T13:15:00+05:30,1706.35,lorentzian_new_short,lorentzian_exit_short,237.5,77.34,17.09,51.26,91.81,0.17
NSE:ITC,SHORT,160,2024-09-30T11:15:00+05:30,516.8,2024-09-30T15:15:00+05:30,518.25,lorentzian_new_short,lorentzian_exit_short,-232.0,76.36,16.56,49.68,-374.6,0.17
NSE:HINDUNILVR,LONG,30,2024-09-26T14:15:00+05:30,2985.25,2024-10-01T09:15:00+05:30,2936.6,lorentzian_new_long,lorentzian_new_short,-1459.5,260.65,17.77,53.3,-1791.22,4.79
NSE:HINDUNILVR,SHORT,30,2024-10-01T09:15:00+05:30,2936.6,2024-10-01T13:15:00+05:30,2931.1,lorentzian_new_short,lorentzian_exit_short,165.0,78.24,17.6,52.81,16.35,0.17
NSE:RELIANCE,SHORT,110,2024-10-01T10:15:00+05:30,732.47,2024-10-01T14:15:00+05:30,732.0,lorentzian_new_short,lorentzian_exit_short,51.15,75.59,16.11,48.33,-88.88,0.17
NSE:TATACONSUM,SHORT,65,2024-10-03T09:15:00+05:30,1175.75,2024-10-03T13:15:00+05:30,1156.0,lorentzian_new_short,lorentzian_exit_short,1283.75,74.05,15.16,45.47,1149.07,0.17
NSE:HCLTECH,SHORT,40,2024-10-03T11:15:00+05:30,1781.2,2024-10-03T15:15:00+05:30,1779.0,lorentzian_new_short,lorentzian_exit_short,88.0,72.31,14.24,42.72,-41.27,0.17
NSE:INFY,LONG,50,2024-10-04T10:15:00+05:30,1938.4,2024-10-04T14:15:00+05:30,1918.35,lorentzian_new_long,lorentzian_exit_long,-1002.5,81.07,19.28,57.85,-1160.71,0.17
NSE:WIPRO,LONG,835,2024-10-04T10:15:00+05:30,135.12,2024-10-04T14:15:00+05:30,133.24,lorentzian_new_long,lorentzian_exit_long,-1565.62,86.52,22.41,67.22,-1741.77,0.17
NSE:SBIN,LONG,110,2024-10-04T11:15:00+05:30,809.05,2024-10-04T15:15:00+05:30,797.25,lorentzian_new_long,lorentzian_exit_long,-1298.0,78.2,17.67,53.01,-1446.87,0.17
NSE:TCS,LONG,20,2024-10-04T11:15:00+05:30,4295.95,2024-10-04T15:15:00+05:30,4251.9,lorentzian_new_long,lorentzian_exit_long,-881.0,77.23,17.1,51.29,-1026.61,0.17
NSE:SBIN,SHORT,115,2024-10-07T10:15:00+05:30,784.25,2024-10-07T14:15:00+05:30,768.75,lorentzian_new_short,lorentzian_exit_short,1782.5,78.87,17.86,53.58,1632.19,0.17
NSE:TATASTEEL,SHORT,575,2024-10-01T10:15:00+05:30,165.86,2024-10-07T14:15:00+05:30,164.14,lorentzian_new_short,lorentzian_exit_short,989.0,273.91,18.98,56.92,639.19,6.17
NSE:WIPRO,SHORT,845,2024-10-08T09:15:00+05:30,131.03,2024-10-08T13:15:00+05:30,131.5,lorentzian_new_short,lorentzian_exit_short,-401.37,86.25,22.18,66.55,-576.36,0.17
NSE:ADANIGREEN,LONG,30,2024-10-08T12:15:00+05:30,1804.5,2024-10-09T09:15:00+05:30,1813.25,lorentzian_new_long,lorentzian_exit_long,262.5,183.71,10.85,32.56,35.37,0.88
NSE:LT,LONG,25,2024-10-08T12:15:00+05:30,3527.9,2024-10-09T09:15:00+05:30,3552.0,lorentzian_new_long,lorentzian_exit_long,602.5,259.77,17.7,53.1,271.93,0.88
NSE:SENSEX,LONG,1.1651757598561443,2024-10-09T09:15:00+05:30,82145.56,2024-10-09T13:15:00+05:30,81880.63,lorentzian_new_long,lorentzian_exit_long,-308.69,72.32,3.82,19.11,-403.95,0.17
NSE:NIFTY,LONG,4.035110174365758,2024-10-09T09:15:00+05:30,25171.0,2024-10-09T13:15:00+05:30,25109.55,lorentzian_new_long,lorentzian_exit_long,-247.96,73.88,4.06,20.29,-346.18,0.17
NSE:SBIN,LONG,115,2024-10-09T09:15:00+05:30,803.6,2024-10-09T13:15:00+05:30,797.2,lorentzian_new_long,lorentzian_exit_long,-736.0,79.56,18.41,55.23,-889.2,0.17
NSE:HCLTECH,LONG,35,2024-10-09T09:15:00+05:30,1812.45,2024-10-09T13:15:00+05:30,1816.7,lorentzian_new_long,lorentzian_exit_long,148.75,69.6,12.7,38.11,28.34,0.17
NSE:WIPRO,LONG,825,2024-10-09T09:15:00+05:30,133.79,2024-10-09T13:15:00+05:30,133.25,lorentzian_new_long,lorentzian_exit_long,-445.5,85.97,22.03,66.09,-619.6,0.17
NSE:BHARTIARTL,LONG,50,2024-10-09T10:15:00+05:30,1700.55,2024-10-09T13:15:00+05:30,1684.95,lorentzian_new_long,lorentzian_exit_long,-780.0,76.94,16.93,50.78,-924.65,0.12
NSE:ICICIBANK,LONG,60,2024-10-09T10:15:00+05:30,1259.3,2024-10-09T14:15:00+05:30,1243.15,lorentzian_new_long,lorentzian_exit_long,-969.0,73.55,15.01,45.04,-1102.61,0.17
NSE:LT,SHORT,25,2024-10-09T14:15:00+05:30,3483.7,2024-10-10T11:15:00+05:30,3497.45,lorentzian_new_short,lorentzian_exit_short,-343.75,257.1,17.45,52.36,-670.66,0.88
NSE:INFY,SHORT,50,2024-10-10T12:15:00+05:30,1929.25,2024-10-11T09:15:00+05:30,1929.85,lorentzian_new_short,lorentzian_exit_short,-30.0,277.55,19.3,57.89,-384.73,0.88
NSE:HDFCBANK,LONG,225,2024-10-10T13:15:00+05:30,414.12,2024-10-11T10:15:00+05:30,412.1,lorentzian_new_long,lorentzian_exit_long,-455.62,269.74,18.59,55.77,-799.73,0.88
NSE:TCS,SHORT,20,2024-10-10T13:15:00+05:30,4230.0,2024-10-11T10:15:00+05:30,4143.55,lorentzian_new_short,lorentzian_exit_short,1729.0,249.1,16.75,50.24,1412.91,0.88
NSE:WIPRO,SHORT,835,2024-10-10T13:15:00+05:30,131.5,2024-10-11T10:15:00+05:30,131.75,lorentzian_new_short,lorentzian_exit_short,-208.75,307.41,21.98,65.94,-604.08,0.88
NSE:ICICIBANK,SHORT,60,2024-10-11T09:15:00+05:30,1235.3,2024-10-11T13:15:00+05:30,1227.5,lorentzian_new_short,lorentzian_exit_short,468.0,73.29,14.78,44.33,335.6,0.17
NSE:WIPRO,LONG,810,2024-10-14T09:15:00+05:30,134.64,2024-10-14T13:15:00+05:30,137.6,lorentzian_new_long,lorentzian_exit_long,2397.6,86.32,22.05,66.15,2223.07,0.17
NSE:LT,LONG,25,2024-10-14T09:15:00+05:30,3548.6,2024-10-14T13:15:00+05:30,3565.95,lorentzian_new_long,lorentzian_exit_long,433.75,78.59,17.79,53.36,284.01,0.17
NSE:INFY,LONG,45,2024-10-14T10:15:00+05:30,1952.95,2024-10-14T14:15:00+05:30,1956.1,lorentzian_new_long,lorentzian_exit_long,141.75,78.22,17.59,52.77,-6.83,0.17
NSE:ITC,LONG,165,2024-10-14T11:15:00+05:30,496.75,2024-10-14T15:15:00+05:30,496.75,lorentzian_new_long,lorentzian_exit_long,0.0,76.09,16.39,49.18,-141.66,0.17
NSE:ICICIBANK,LONG,60,2024-10-15T09:15:00+05:30,1239.8,2024-10-15T13:15:00+05:30,1256.85,lorentzian_new_long,lorentzian_exit_long,1023.0,73.71,14.98,44.94,889.37,0.17
NSE:ADANIGREEN,SHORT,30,2024-10-15T13:15:00+05:30,1758.2,2024-10-16T10:15:00+05:30,1754.0,lorentzian_new_short,lorentzian_exit_short,126.0,180.21,10.54,31.61,-96.35,0.88
NSE:SENSEX,SHORT,1.1698891289403732,2024-10-16T11:15:00+05:30,81470.35,2024-10-16T15:15:00+05:30,81466.27,lorentzian_new_short,lorentzian_exit_short,4.77,72.28,3.81,19.06,-90.39,0.17
NSE:NIFTY,SHORT,4.057335669024965,2024-10-16T11:15:00+05:30,24948.05,2024-10-16T15:15:00+05:30,24959.9,lorentzian_new_short,lorentzian_exit_short,-48.08,73.84,4.05,20.25,-146.22,0.17
NSE:INFY,SHORT,45,2024-10-16T11:15:00+05:30,1935.0,2024-10-16T15:15:00+05:30,1918.1,lorentzian_new_short,lorentzian_exit_short,760.5,77.84,17.34,52.02,613.3,0.17
NSE:HDFCBANK,SHORT,220,2024-10-17T09:15:00+05:30,419.65,2024-10-17T13:15:00+05:30,417.59,lorentzian_new_short,lorentzian_exit_short,453.2,79.71,18.42,55.26,299.81,0.17
NSE:RELIANCE,LONG,120,2024-10-17T09:15:00+05:30,681.7,2024-10-17T13:15:00+05:30,677.55,lorentzian_new_long,lorentzian_exit_long,-498.0,75.89,16.31,48.93,-639.13,0.17
NSE:BANKNIFTY,SHORT,1.8302126895519586,2024-10-17T09:15:00+05:30,51401.0,2024-10-17T13:15:00+05:30,51260.35,lorentzian_new_short,lorentzian_exit_short,257.42,71.95,3.76,18.79,162.92,0.17
NSE:ITC,SHORT,165,2024-10-17T10:15:00+05:30,491.8,2024-10-17T14:15:00+05:30,488.85,lorentzian_new_short,lorentzian_exit_short,486.75,75.77,16.18,48.54,346.26,0.17
NSE:INFY,LONG,45,2024-10-17T12:15:00+05:30,1974.95,2024-10-18T09:15:00+05:30,1885.8,lorentzian_new_long,lorentzian_exit_long,-4011.75,256.49,17.37,52.12,-4337.73,0.88
NSE:BHARTIARTL,SHORT,45,2024-10-17T13:15:00+05:30,1705.45,2024-10-18T10:15:00+05:30,1697.55,lorentzian_new_short,lorentzian_exit_short,355.5,233.27,15.31,45.94,60.98,0.88
NSE:WIPRO,LONG,810,2024-10-18T09:15:00+05:30,137.57,2024-10-18T13:15:00+05:30,137.54,lorentzian_new_long,lorentzian_exit_long,-28.35,86.47,22.28,66.85,-203.95,0.17
NSE:BANKNIFTY,LONG,1.820537268940484,2024-10-18T11:15:00+05:30,51763.4,2024-10-18T15:15:00+05:30,52138.7,lorentzian_new_long,lorentzian_exit_long,683.25,72.15,3.78,18.92,588.4,0.17
NSE:TATASTEEL,LONG,620,2024-10-21T09:15:00+05:30,155.66,2024-10-21T13:15:00+05:30,154.85,lorentzian_new_long,lorentzian_exit_long,-502.2,81.07,19.25,57.75,-660.28,0.17
NSE:HCLTECH,SHORT,35,2024-10-21T14:15:00+05:30,1842.25,2024-10-22T11:15:00+05:30,1834.6,lorentzian_new_short,lorentzian_exit_short,267.75,206.11,12.87,38.61,10.16,0.88
NSE:TATASTEEL,SHORT,625,2024-10-22T09:15:00+05:30,152.36,2024-10-22T13:15:00+05:30,151.99,lorentzian_new_short,lorentzian_exit_short,231.25,80.75,19.02,57.07,74.42,0.17
NSE:SBIN,SHORT,110,2024-10-22T10:15:00+05:30,808.95,2024-10-22T14:15:00+05:30,788.7,lorentzian_new_short,lorentzian_exit_short,2227.5,78.42,17.57,52.72,2078.79,0.17
NSE:LT,SHORT,25,2024-10-22T10:15:00+05:30,3537.0,2024-10-22T14:15:00+05:30,3510.05,lorentzian_new_short,lorentzian_exit_short,673.75,78.32,17.62,52.85,524.96,0.17
NSE:BANKNIFTY,SHORT,1.8410965008010989,2024-10-22T12:15:00+05:30,51504.0,2024-10-23T09:15:00+05:30,51295.9,lorentzian_new_short,lorentzian_exit_short,383.13,72.14,3.79,18.93,288.28,0.88
NSE:ICICIBANK,SHORT,60,2024-10-23T09:15:00+05:30,1256.2,2024-10-23T13:15:00+05:30,1249.8,lorentzian_new_short,lorentzian_exit_short,384.0,73.74,15.04,45.11,250.12,0.17
NSE:INFY,LONG,45,2024-10-23T10:15:00+05:30,1874.85,2024-10-23T14:15:00+05:30,1873.2,lorentzian_new_long,lorentzian_exit_long,-74.25,76.91,16.87,50.6,-218.63,0.17
NSE:TCS,LONG,20,2024-10-23T11:15:00+05:30,4095.0,2024-10-23T15:15:00+05:30,4065.15,lorentzian_new_long,lorentzian_exit_long,-597.0,75.89,16.32,48.96,-738.18,0.17
NSE:ADANIGREEN,LONG,30,2024-10-23T14:15:00+05:30,1704.0,2024-10-24T11:15:00+05:30,1692.55,lorentzian_new_long,lorentzian_exit_long,-343.5,176.39,10.19,30.57,-560.64,0.88
NSE:TCS,SHORT,20,2024-10-24T09:15:00+05:30,4036.1,2024-10-24T13:15:00+05:30,4050.05,lorentzian_new_short,lorentzian_exit_short,-279.0,75.67,16.17,48.52,-419.36,0.17
NSE:RELIANCE,SHORT,120,2024-10-22T12:15:00+05:30,676.34,2024-10-28T09:15:00+05:30,1332.0,lorentzian_new_short,lorentzian_new_long,-78679.2,336.84,24.1,72.3,-79112.44,5.88
NSE:ICICIBANK,LONG,60,2024-10-28T09:15:00+05:30,1298.5,2024-10-28T13:15:00+05:30,1299.2,lorentzian_new_long,lorentzian_exit_long,42.0,74.67,15.59,46.76,-95.02,0.17
NSE:BANKNIFTY,LONG,1.849562444567632,2024-10-28T09:15:00+05:30,51423.65,2024-10-28T13:15:00+05:30,51328.25,lorentzian_new_long,lorentzian_exit_long,-176.45,72.19,3.8,19.0,-271.45,0.17
NSE:HINDUNILVR,LONG,35,2024-10-28T09:15:00+05:30,2569.5,2024-10-28T13:15:00+05:30,2578.2,lorentzian_new_long,lorentzian_exit_long,304.5,78.98,18.02,54.05,153.45,0.17
NSE:SENSEX,LONG,1.1869816251933138,2024-10-28T10:15:00+05:30,80221.26,2024-10-28T14:15:00+05:30,80033.23,lorentzian_new_long,lorentzian_exit_long,-223.19,72.21,3.8,19.02,-318.23,0.17
NSE:NIFTY,LONG,4.142603359838807,2024-10-28T10:15:00+05:30,24399.35,2024-10-28T14:15:00+05:30,24343.9,lorentzian_new_long,lorentzian_exit_long,-229.71,73.75,4.04,20.19,-327.69,0.17
NSE:TCS,LONG,20,2024-10-28T10:15:00+05:30,4103.55,2024-10-28T14:15:00+05:30,4093.0,lorentzian_new_long,lorentzian_exit_long,-211.0,76.07,16.39,49.18,-352.64,0.17
NSE:TATASTEEL,LONG,645,2024-10-28T10:15:00+05:30,148.66,2024-10-28T14:15:00+05:30,149.48,lorentzian_new_long,lorentzian_exit_long,528.9,81.15,19.23,57.69,370.83,0.17
NSE:INFY,SHORT,50,2024-10-29T09:15:00+05:30,1837.4,2024-10-29T13:15:00+05:30,1842.8,lorentzian_new_short,lorentzian_exit_short,-270.0,79.6,18.4,55.2,-423.2,0.17
NSE:TATACONSUM,LONG,80,2024-10-29T13:15:00+05:30,993.4,2024-10-30T10:15:00+05:30,1017.5,lorentzian_new_long,lorentzian_exit_long,1928.0,241.75,16.09,48.26,1621.9,0.88
NSE:LT,LONG,25,2024-10-30T09:15:00+05:30,3411.4,2024-10-30T13:15:00+05:30,3394.25,lorentzian_new_long,lorentzian_exit_long,-428.75,77.14,17.01,51.04,-573.94,0.17
NSE:HCLTECH,LONG,35,2024-10-23T10:15:00+05:30,1852.8,2024-10-30T14:15:00+05:30,1836.65,lorentzian_new_long,lorentzian_new_short,-565.25,206.67,12.91,38.74,-823.57,7.17
NSE:HCLTECH,SHORT,35,2024-10-30T14:15:00+05:30,1836.65,2024-10-31T11:15:00+05:30,1780.2,lorentzian_new_short,lorentzian_exit_short,1975.75,203.65,12.66,37.98,1721.46,0.88
NSE:BANKNIFTY,LONG,1.8150306850572995,2024-10-29T13:15:00+05:30,52252.9,2024-10-31T12:15:00+05:30,51450.15,lorentzian_new_long,lorentzian_new_short,-1457.02,71.84,3.76,18.82,-1551.44,1.96
NSE:TCS,SHORT,20,2024-10-31T09:15:00+05:30,3993.8,2024-10-31T13:15:00+05:30,3986.65,lorentzian_new_short,lorentzian_exit_short,143.0,75.34,15.96,47.88,3.81,0.17
NSE:WIPRO,SHORT,800,2024-10-31T09:15:00+05:30,138.5,2024-10-31T13:15:00+05:30,138.47,lorentzian_new_short,lorentzian_exit_short,28.0,86.25,22.16,66.47,-146.88,0.17
NSE:BANKNIFTY,SHORT,1.8132856065464658,2024-10-31T12:15:00+05:30,51450.15,2024-11-04T09:15:00+05:30,51301.55,lorentzian_new_short,lorentzian_exit_short,269.45,71.74,3.73,18.63,175.35,3.88
NSE:SENSEX,SHORT,1.206268057772815,2024-11-04T09:15:00+05:30,78675.62,2024-11-04T13:15:00+05:30,78598.99,lorentzian_new_short,lorentzian_exit_short,92.44,72.17,3.79,18.97,-2.5,0.17
NSE:NIFTY,SHORT,4.202772361387347,2024-11-04T09:15:00+05:30,23972.3,2024-11-04T13:15:00+05:30,23936.6,lorentzian_new_short,lorentzian_exit_short,150.04,73.71,4.03,20.14,52.17,0.17
NSE:ICICIBANK,SHORT,60,2024-11-04T09:15:00+05:30,1275.0,2024-11-04T13:15:00+05:30,1272.8,lorentzian_new_short,lorentzian_exit_short,132.0,74.15,15.29,45.86,-3.3,0.17
NSE:ITC,SHORT,170,2024-11-04T10:15:00+05:30,482.5,2024-11-04T14:15:00+05:30,484.8,lorentzian_new_short,lorentzian_exit_short,-391.0,76.14,16.44,49.33,-532.91,0.17
NSE:HDFCBANK,LONG,210,2024-10-29T13:15:00+05:30,440.6,2024-11-05T09:15:00+05:30,428.01,lorentzian_new_long,lorentzian_new_short,-2642.85,266.03,18.24,54.72,-2981.84,6.83
NSE:TATASTEEL,SHORT,660,2024-11-04T10:15:00+05:30,145.55,2024-11-05T09:15:00+05:30,150.18,lorentzian_new_short,lorentzian_new_long,-3055.8,280.25,19.52,58.55,-3414.12,0.96
NSE:HDFCBANK,SHORT,210,2024-11-05T09:15:00+05:30,428.01,2024-11-05T13:15:00+05:30,439.29,lorentzian_new_short,lorentzian_new_long,-2367.75,79.04,18.21,54.64,-2519.64,0.17
NSE:TATASTEEL,LONG,615,2024-11-05T09:15:00+05:30,150.18,2024-11-05T13:15:00+05:30,151.49,lorentzian_new_long,lorentzian_exit_long,805.65,79.98,18.55,55.66,651.46,0.17
NSE:TATACONSUM,LONG,80,2024-11-05T12:15:00+05:30,1008.2,2024-11-06T09:15:00+05:30,1006.8,lorentzian_new_long,lorentzian_exit_long,-112.0,242.27,16.12,48.36,-418.75,0.88
NSE:HDFCBANK,LONG,200,2024-11-05T13:15:00+05:30,439.29,2024-11-06T10:15:00+05:30,437.45,lorentzian_new_long,lorentzian_exit_long,-368.0,258.01,17.53,52.6,-696.15,0.88
NSE:BANKNIFTY,LONG,1.7936761859440666,2024-11-05T13:15:00+05:30,52110.1,2024-11-06T10:15:00+05:30,52321.75,lorentzian_new_long,lorentzian_exit_long,379.63,71.88,3.75,18.73,285.27,0.88
NSE:ADANIGREEN,LONG,30,2024-11-05T14:15:00+05:30,1645.25,2024-11-06T11:15:00+05:30,1690.85,lorentzian_new_long,lorentzian_exit_long,1368.0,174.24,10.01,30.02,1153.72,0.88
NSE:SENSEX,LONG,1.186238183633356,2024-11-06T09:15:00+05:30,80001.97,2024-11-06T13:15:00+05:30,80397.2,lorentzian_new_long,lorentzian_exit_long,468.84,72.28,3.81,19.03,373.72,0.17
NSE:NIFTY,LONG,4.134751102411268,2024-11-06T09:15:00+05:30,24379.25,2024-11-06T13:15:00+05:30,24484.7,lorentzian_new_long,lorentzian_exit_long,436.01,73.83,4.04,20.2,337.94,0.17
NSE:ICICIBANK,LONG,60,2024-11-06T09:15:00+05:30,1312.6,2024-11-06T13:15:00+05:30,1307.0,lorentzian_new_long,lorentzian_exit_long,-336.0,74.86,15.72,47.15,-473.73,0.17
NSE:TCS,LONG,20,2024-11-06T09:15:00+05:30,4082.0,2024-11-06T13:15:00+05:30,4139.0,lorentzian_new_long,lorentzian_exit_long,1140.0,76.3,16.44,49.33,997.93,0.17
NSE:HCLTECH,LONG,40,2024-11-06T09:15:00+05:30,1821.85,2024-11-06T13:15:00+05:30,1844.15,lorentzian_new_long,lorentzian_exit_long,892.0,73.14,14.66,43.99,760.2,0.17
NSE:WIPRO,LONG,795,2024-11-06T09:15:00+05:30,139.24,2024-11-06T13:15:00+05:30,140.57,lorentzian_new_long,lorentzian_exit_long,1061.32,86.52,22.25,66.74,885.83,0.17
NSE:ICICIBANK,SHORT,60,2024-11-07T09:15:00+05:30,1283.0,2024-11-07T13:15:00+05:30,1278.75,lorentzian_new_short,lorentzian_exit_short,255.0,74.31,15.37,46.11,119.2,0.17
NSE:TATASTEEL,SHORT,615,2024-11-07T13:15:00+05:30,151.45,2024-11-08T10:15:00+05:30,150.4,lorentzian_new_short,lorentzian_exit_short,645.75,269.37,18.56,55.69,302.13,0.88
NSE:ADANIGREEN,SHORT,30,2024-11-07T14:15:00+05:30,1642.4,2024-11-08T11:15:00+05:30,1615.4,lorentzian_new_short,lorentzian_exit_short,810.0,171.67,9.77,29.32,599.23,0.88
NSE:BHARTIARTL,SHORT,50,2024-11-07T14:15:00+05:30,1577.25,2024-11-08T11:15:00+05:30,1567.75,lorentzian_new_short,lorentzian_exit_short,475.0,237.83,15.73,47.17,174.27,0.88
NSE:BANKNIFTY,SHORT,1.8144776410876962,2024-11-08T10:15:00+05:30,51669.45,2024-11-08T14:15:00+05:30,51550.7,lorentzian_new_short,lorentzian_exit_short,215.47,71.87,3.75,18.73,121.13,0.17
NSE:SBIN,SHORT,110,2024-11-08T13:15:00+05:30,839.4,2024-11-11T10:15:00+05:30,853.25,lorentzian_new_short,lorentzian_exit_short,-1523.5,270.15,18.62,55.86,-1868.12,2.88
NSE:TATACONSUM,SHORT,80,2024-11-11T13:15:00+05:30,975.25,2024-11-12T10:15:00+05:30,976.95,lorentzian_new_short,lorentzian_exit_short,-136.0,236.69,15.62,46.85,-435.16,0.88
NSE:ICICIBANK,LONG,60,2024-11-12T09:15:00+05:30,1289.95,2024-11-12T13:15:00+05:30,1270.35,lorentzian_new_long,lorentzian_exit_long,-1176.0,74.14,15.36,46.09,-1311.59,0.17
NSE:HDFCBANK,SHORT,200,2024-11-12T10:15:00+05:30,434.27,2024-11-12T14:15:00+05:30,428.87,lorentzian_new_short,lorentzian_exit_short,1082.0,77.74,17.26,51.79,935.21,0.17
NSE:SENSEX,SHORT,1.2054855742794148,2024-11-12T12:15:00+05:30,79033.71,2024-11-13T09:15:00+05:30,78177.89,lorentzian_new_short,lorentzian_exit_short,1031.68,72.23,3.79,18.95,936.7,0.88
NSE:NIFTY,SHORT,4.215198786954038,2024-11-12T12:15:00+05:30,23993.9,2024-11-13T09:15:00+05:30,23694.55,lorentzian_new_short,lorentzian_exit_short,1261.82,73.77,4.02,20.1,1163.93,0.88
NSE:LT,SHORT,25,2024-11-12T13:15:00+05:30,3596.05,2024-11-13T10:15:00+05:30,3585.7,lorentzian_new_short,lorentzian_exit_short,258.75,262.62,17.95,53.86,-75.69,0.88
NSE:WIPRO,SHORT,790,2024-11-13T09:15:00+05:30,141.62,2024-11-13T13:15:00+05:30,142.24,lorentzian_new_short,lorentzian_exit_short,-485.85,86.67,22.43,67.28,-662.22,0.17
NSE:ICICIBANK,SHORT,60,2024-11-13T14:15:00+05:30,1252.45,2024-11-14T11:15:00+05:30,1254.05,lorentzian_new_short,lorentzian_exit_short,-96.0,230.25,15.04,45.12,-386.41,0.88
NSE:TCS,SHORT,20,2024-11-14T09:15:00+05:30,4124.8,2024-11-14T13:15:00+05:30,4146.45,lorentzian_new_short,lorentzian_exit_short,-433.0,76.3,16.54,49.63,-575.47,0.17
NSE:INFY,SHORT,50,2024-11-18T09:15:00+05:30,1817.8,2024-11-18T13:15:00+05:30,1820.8,lorentzian_new_short,lorentzian_exit_short,-150.0,79.24,18.19,54.58,-302.02,0.17
NSE:TATASTEEL,LONG,665,2024-11-18T11:15:00+05:30,141.12,2024-11-18T15:15:00+05:30,141.2,lorentzian_new_long,lorentzian_exit_long,53.2,80.29,18.77,56.32,-102.19,0.17
NSE:SENSEX,LONG,1.231644312704033,2024-11-19T09:15:00+05:30,78113.38,2024-11-19T13:15:00+05:30,78195.44,lorentzian_new_long,lorentzian_exit_long,101.07,72.54,3.85,19.25,5.42,0.17
NSE:HDFCBANK,LONG,205,2024-11-19T09:15:00+05:30,431.76,2024-11-19T13:15:00+05:30,435.98,lorentzian_new_long,lorentzian_exit_long,863.05,78.64,17.79,53.37,713.25,0.17
NSE:BANKNIFTY,LONG,1.8486359914199084,2024-11-19T09:15:00+05:30,50780.05,2024-11-19T13:15:00+05:30,50835.5,lorentzian_new_long,lorentzian_exit_long,102.51,71.93,3.76,18.79,8.04,0.17
NSE:HINDUNILVR,LONG,35,2024-11-19T09:15:00+05:30,2420.85,2024-11-19T13:15:00+05:30,2434.05,lorentzian_new_long,lorentzian_exit_long,462.0,77.2,16.99,50.98,316.84,0.17
NSE:LT,LONG,25,2024-11-19T09:15:00+05:30,3575.75,2024-11-19T13:15:00+05:30,3558.05,lorentzian_new_long,lorentzian_exit_long,-442.5,78.58,17.83,53.5,-592.42,0.17
NSE:SBIN,LONG,110,2024-11-19T09:15:00+05:30,816.8,2024-11-19T14:15:00+05:30,802.1,lorentzian_new_long,lorentzian_new_short,-1617.0,78.4,17.81,53.42,-1766.64,0.21
NSE:INFY,LONG,45,2024-11-19T11:15:00+05:30,1848.3,2024-11-19T15:15:00+05:30,1822.5,lorentzian_new_long,lorentzian_exit_long,-1161.0,76.18,16.52,49.56,-1303.26,0.17
NSE:NIFTY,LONG,4.317919813025348,2024-11-19T09:15:00+05:30,23691.85,2024-11-21T09:15:00+05:30,23308.75,lorentzian_new_long,lorentzian_new_short,-1654.2,73.76,4.06,20.29,-1752.31,2.0
NSE:SBIN,SHORT,110,2024-11-19T14:15:00+05:30,802.1,2024-11-21T11:15:00+05:30,778.05,lorentzian_new_short,lorentzian_exit_short,2645.5,256.08,17.38,52.14,2319.89,1.88
NSE:HCLTECH,SHORT,40,2024-11-18T09:15:00+05:30,1834.4,2024-11-21T11:15:00+05:30,1827.55,lorentzian_new_short,lorentzian_exit_short,274.0,225.88,14.65,43.94,-10.47,3.08
NSE:SENSEX,SHORT,1.2496393502987755,2024-11-21T09:15:00+05:30,76992.86,2024-11-21T13:15:00+05:30,77106.64,lorentzian_new_short,lorentzian_exit_short,-142.18,72.53,3.85,19.26,-237.82,0.17
NSE:NIFTY,SHORT,4.31393548834662,2024-11-21T09:15:00+05:30,23308.75,2024-11-21T13:15:00+05:30,23337.4,lorentzian_new_short,lorentzian_exit_short,-123.59,73.67,4.02,20.12,-221.41,0.17
NSE:BANKNIFTY,SHORT,1.8766590547804713,2024-11-21T09:15:00+05:30,50026.05,2024-11-21T13:15:00+05:30,50404.0,lorentzian_new_short,lorentzian_exit_short,-709.28,71.94,3.77,18.85,-803.84,0.17
NSE:TATASTEEL,SHORT,680,2024-11-21T09:15:00+05:30,137.82,2024-11-21T13:15:00+05:30,140.4,lorentzian_new_short,lorentzian_exit_short,-1754.4,80.35,18.92,56.76,-1910.42,0.17
NSE:HINDUNILVR,SHORT,35,2024-11-21T11:15:00+05:30,2392.35,2024-11-21T15:15:00+05:30,2384.0,lorentzian_new_short,lorentzian_exit_short,292.25,76.69,16.72,50.15,148.69,0.17
NSE:ICICIBANK,LONG,60,2024-11-22T09:15:00+05:30,1277.85,2024-11-22T13:15:00+05:30,1276.8,lorentzian_new_long,lorentzian_exit_long,-63.0,74.2,15.33,45.98,-198.52,0.17
NSE:TCS,LONG,20,2024-11-22T09:15:00+05:30,4131.85,2024-11-22T13:15:00+05:30,4216.1,lorentzian_new_long,lorentzian_exit_long,1685.0,76.81,16.7,50.09,1541.41,0.17
NSE:HCLTECH,LONG,35,2024-11-22T09:15:00+05:30,1871.4,2024-11-22T13:15:00+05:30,1889.5,lorentzian_new_long,lorentzian_exit_long,633.5,70.47,13.16,39.49,510.38,0.17
NSE:NIFTY,LONG,4.262631760099954,2024-11-22T10:15:00+05:30,23537.5,2024-11-22T14:15:00+05:30,23920.1,lorentzian_new_long,lorentzian_exit_long,1630.88,73.97,4.05,20.23,1532.64,0.17
NSE:BHARTIARTL,LONG,55,2024-11-22T11:15:00+05:30,1550.2,2024-11-22T15:15:00+05:30,1568.4,lorentzian_new_long,lorentzian_exit_long,1001.0,77.54,17.15,51.46,854.85,0.17
NSE:ITC,LONG,175,2024-11-22T12:15:00+05:30,466.45,2024-11-25T09:15:00+05:30,477.9,lorentzian_new_long,lorentzian_exit_long,2003.75,246.62,16.53,49.58,1691.02,2.88
NSE:TATASTEEL,LONG,630,2024-11-25T09:15:00+05:30,145.05,2024-11-25T13:15:00+05:30,144.85,lorentzian_new_long,lorentzian_exit_long,-126.0,79.37,18.26,54.79,-278.43,0.17
NSE:WIPRO,LONG,790,2024-11-19T09:15:00+05:30,140.82,2024-11-28T10:15:00+05:30,143.5,lorentzian_new_long,lorentzian_new_short,2113.25,312.57,22.46,67.39,1710.83,9.04
NSE:SENSEX,LONG,1.2319073107941318,2024-11-22T09:15:00+05:30,77908.62,2024-11-28T12:15:00+05:30,79236.12,lorentzian_new_long,lorentzian_new_short,1635.36,72.82,3.87,19.36,1539.3,6.12
NSE:TATACONSUM,LONG,80,2024-11-25T09:15:00+05:30,957.1,2024-11-28T12:15:00+05:30,945.85,lorentzian_new_long,lorentzian_new_short,-900.0,232.37,15.22,45.67,-1193.26,3.12
NSE:HCLTECH,SHORT,35,2024-11-28T09:15:00+05:30,1879.7,2024-11-28T13:15:00+05:30,1845.4,lorentzian_new_short,lorentzian_exit_short,1200.5,70.31,13.04,39.11,1078.04,0.17
NSE:ADANIGREEN,LONG,50,2024-11-28T09:15:00+05:30,1087.2,2024-11-28T13:15:00+05:30,1087.2,lorentzian_new_long,lorentzian_exit_long,0.0,66.36,10.87,32.62,-109.85,0.17
NSE:TCS,SHORT,20,2024-11-28T10:15:00+05:30,4277.45,2024-11-28T14:15:00+05:30,4245.7,lorentzian_new_short,lorentzian_exit_short,635.0,77.31,17.05,51.14,489.5,0.17
NSE:INFY,SHORT,45,2024-11-28T10:15:00+05:30,1871.4,2024-11-28T14:15:00+05:30,1855.55,lorentzian_new_short,lorentzian_exit_short,713.25,76.83,16.77,50.31,569.33,0.17
NSE:WIPRO,SHORT,785,2024-11-28T10:15:00+05:30,143.5,2024-11-28T14:15:00+05:30,142.79,lorentzian_new_short,lorentzian_exit_short,557.35,86.87,22.47,67.42,380.59,0.17
NSE:SENSEX,SHORT,1.2306369709543477,2024-11-28T12:15:00+05:30,79236.12,2024-11-29T09:15:00+05:30,79225.53,lorentzian_new_short,lorentzian_exit_short,13.03,72.86,3.9,19.5,-83.23,0.88
NSE:NIFTY,SHORT,4.247811178875272,2024-11-28T12:15:00+05:30,23979.35,2024-11-29T09:15:00+05:30,23969.0,lorentzian_new_short,lorentzian_exit_short,43.96,74.01,4.07,20.37,-54.48,0.88
NSE:ICICIBANK,SHORT,60,2024-11-28T12:15:00+05:30,1283.4,2024-11-29T09:15:00+05:30,1288.1,lorentzian_new_short,lorentzian_exit_short,-282.0,234.6,15.43,46.29,-578.32,0.88
NSE:TATACONSUM,SHORT,80,2024-11-28T12:15:00+05:30,945.85,2024-11-29T09:15:00+05:30,951.3,lorentzian_new_short,lorentzian_exit_short,-436.0,231.82,15.18,45.53,-728.52,0.88
NSE:LT,SHORT,25,2024-11-28T13:15:00+05:30,3666.45,2024-11-29T10:15:00+05:30,3738.4,lorentzian_new_short,lorentzian_exit_short,-1798.75,268.98,18.51,55.54,-2141.77,0.88
NSE:SENSEX,LONG,1.2155518595335286,2024-12-02T13:15:00+05:30,80151.18,2024-12-03T10:15:00+05:30,80752.8,lorentzian_new_long,lorentzian_exit_long,731.3,73.0,3.91,19.56,634.83,0.88
NSE:NIFTY,LONG,4.183163103717702,2024-12-03T09:15:00+05:30,24336.95,2024-12-03T13:15:00+05:30,24461.75,lorentzian_new_long,lorentzian_exit_long,522.06,74.11,4.08,20.41,423.45,0.17
NSE:BANKNIFTY,LONG,1.7724469465606505,2024-12-03T09:15:00+05:30,52515.2,2024-12-03T13:15:00+05:30,52706.25,lorentzian_new_long,lorentzian_exit_long,338.63,71.77,3.73,18.65,244.47,0.17
NSE:ITC,SHORT,175,2024-12-03T09:15:00+05:30,468.45,2024-12-03T13:15:00+05:30,471.45,lorentzian_new_short,lorentzian_exit_short,-525.0,76.13,16.45,49.34,-666.92,0.17
NSE:HCLTECH,LONG,40,2024-12-03T09:15:00+05:30,1885.25,2024-12-03T13:15:00+05:30,1883.6,lorentzian_new_long,lorentzian_exit_long,-66.0,73.76,15.08,45.23,-200.06,0.17
NSE:WIPRO,LONG,385,2024-12-03T09:15:00+05:30,291.35,2024-12-03T13:15:00+05:30,290.75,lorentzian_new_long,lorentzian_exit_long,-231.0,86.67,22.41,67.23,-407.31,0.17
NSE:LT,LONG,25,2024-12-03T10:15:00+05:30,3780.0,2024-12-03T14:15:00+05:30,3790.0,lorentzian_new_long,lorentzian_exit_long,250.0,80.58,18.93,56.77,93.72,0.17
NSE:TCS,LONG,20,2024-12-04T09:15:00+05:30,4367.9,2024-12-04T13:15:00+05:30,4376.65,lorentzian_new_long,lorentzian_exit_long,175.0,78.04,17.49,52.47,27.0,0.17
NSE:BHARTIARTL,SHORT,50,2024-12-04T09:15:00+05:30,1597.8,2024-12-04T13:15:00+05:30,1591.2,lorentzian_new_short,lorentzian_exit_short,330.0,75.34,15.95,47.83,190.88,0.17
NSE:ICICIBANK,LONG,55,2024-12-04T10:15:00+05:30,1314.6,2024-12-04T14:15:00+05:30,1316.4,lorentzian_new_long,lorentzian_exit_long,99.0,72.71,14.47,43.41,-31.59,0.17
NSE:TATASTEEL,SHORT,630,2024-12-04T11:15:00+05:30,144.61,2024-12-04T15:15:00+05:30,145.89,lorentzian_new_short,lorentzian_exit_short,-806.4,79.36,18.3,54.9,-958.97,0.17
NSE:HINDUNILVR,LONG,35,2024-11-22T13:15:00+05:30,2429.9,2024-12-05T10:15:00+05:30,2463.3,lorentzian_new_long,lorentzian_new_short,1169.0,253.35,17.13,51.38,847.14,12.88
NSE:HINDUNILVR,SHORT,35,2024-12-05T10:15:00+05:30,2463.3,2024-12-05T13:15:00+05:30,2500.65,lorentzian_new_short,lorentzian_new_long,-1307.25,77.67,17.37,52.12,-1454.42,0.12
NSE:HINDUNILVR,LONG,35,2024-12-05T13:15:00+05:30,2500.65,2024-12-06T10:15:00+05:30,2480.05,lorentzian_new_long,lorentzian_exit_long,-721.0,256.9,17.43,52.3,-1047.63,0.88
NSE:TATASTEEL,LONG,615,2024-12-05T13:15:00+05:30,147.3,2024-12-06T10:15:00+05:30,147.25,lorentzian_new_long,lorentzian_exit_long,-30.75,264.43,18.11,54.34,-367.64,0.88
NSE:BHARTIARTL,LONG,50,2024-12-05T14:15:00+05:30,1619.8,2024-12-06T11:15:00+05:30,1604.95,lorentzian_new_long,lorentzian_exit_long,-742.5,242.36,16.12,48.37,-1049.35,0.88
NSE:TATACONSUM,LONG,80,2024-12-06T09:15:00+05:30,968.0,2024-12-06T13:15:00+05:30,973.6,lorentzian_new_long,lorentzian_exit_long,448.0,74.62,15.53,46.6,311.25,0.17
NSE:ICICIBANK,SHORT,55,2024-12-09T09:15:00+05:30,1322.3,2024-12-09T13:15:00+05:30,1323.8,lorentzian_new_short,lorentzian_exit_short,-82.5,72.84,14.55,43.66,-213.55,0.17
NSE:HINDUNILVR,SHORT,35,2024-12-09T09:15:00+05:30,2393.6,2024-12-09T13:15:00+05:30,2400.1,lorentzian_new_short,lorentzian_exit_short,-227.5,76.74,16.78,50.33,-371.35,0.17
NSE:TATACONSUM,SHORT,80,2024-12-09T09:15:00+05:30,935.3,2024-12-09T13:15:00+05:30,932.4,lorentzian_new_short,lorentzian_exit_short,232.0,73.56,14.94,44.82,98.68,0.17
NSE:BHARTIARTL,SHORT,50,2024-12-10T10:15:00+05:30,1584.15,2024-12-10T14:15:00+05:30,1579.0,lorentzian_new_short,lorentzian_exit_short,257.5,75.1,15.82,47.45,119.14,0.17
NSE:SBIN,SHORT,105,2024-12-12T10:15:00+05:30,853.8,2024-12-12T14:15:00+05:30,853.9,lorentzian_new_short,lorentzian_exit_short,-10.5,78.8,17.93,53.79,-161.02,0.17
NSE:BHARTIARTL,LONG,50,2024-12-12T10:15:00+05:30,1598.7,2024-12-12T14:15:00+05:30,1610.55,lorentzian_new_long,lorentzian_exit_long,592.5,75.54,16.05,48.14,452.77,0.17
NSE:SENSEX,SHORT,1.2157423651962949,2024-12-13T09:15:00+05:30,80659.23,2024-12-13T13:15:00+05:30,81931.0,lorentzian_new_short,lorentzian_new_long,-1546.14,73.07,3.95,19.77,-1642.94,0.17
NSE:NIFTY,SHORT,4.197725048929638,2024-12-13T09:15:00+05:30,24353.1,2024-12-13T13:15:00+05:30,24727.75,lorentzian_new_short,lorentzian_new_long,-1572.68,74.17,4.12,20.6,-1671.57,0.17
NSE:BANKNIFTY,SHORT,1.7713692868398867,2024-12-13T09:15:00+05:30,52684.75,2024-12-13T13:15:00+05:30,53367.8,lorentzian_new_short,lorentzian_new_long,-1209.93,71.81,3.76,18.79,-1304.29,0.17
NSE:ITC,SHORT,175,2024-12-05T09:15:00+05:30,466.2,2024-12-13T13:15:00+05:30,471.95,lorentzian_new_short,lorentzian_new_long,-1006.25,245.64,16.42,49.25,-1317.56,8.17
NSE:TATASTEEL,SHORT,615,2024-12-13T09:15:00+05:30,146.53,2024-12-13T13:15:00+05:30,148.82,lorentzian_new_short,lorentzian_exit_short,-1408.35,79.05,18.16,54.49,-1560.06,0.17
NSE:LT,SHORT,20,2024-12-13T09:15:00+05:30,3832.0,2024-12-13T13:15:00+05:30,3879.15,lorentzian_new_short,lorentzian_exit_short,-943.0,74.27,15.42,46.27,-1078.96,0.17
NSE:HDFCBANK,SHORT,195,2024-12-13T10:15:00+05:30,458.46,2024-12-13T14:15:00+05:30,467.98,lorentzian_new_short,lorentzian_exit_short,-1854.45,78.83,18.07,54.2,-2005.54,0.17
NSE:INFY,LONG,45,2024-12-03T09:15:00+05:30,1882.25,2024-12-16T09:15:00+05:30,1996.6,lorentzian_new_long,lorentzian_exit_long,5145.75,256.71,17.45,52.36,4819.22,13.0
NSE:SENSEX,LONG,1.176878343613323,2024-12-13T13:15:00+05:30,81931.0,2024-12-16T10:15:00+05:30,81664.7,lorentzian_new_long,lorentzian_exit_long,-313.4,72.51,3.85,19.25,-409.01,2.88
NSE:NIFTY,LONG,4.066728516306494,2024-12-13T13:15:00+05:30,24727.75,2024-12-16T10:15:00+05:30,24627.5,lorentzian_new_long,lorentzian_exit_long,-407.69,73.58,4.01,20.07,-505.35,2.88
NSE:BANKNIFTY,LONG,1.724331156563173,2024-12-13T13:15:00+05:30,53367.8,2024-12-16T10:15:00+05:30,53413.65,lorentzian_new_long,lorentzian_exit_long,79.06,71.44,3.68,18.41,-14.47,2.88
NSE:ICICIBANK,LONG,55,2024-12-16T09:15:00+05:30,1346.65,2024-12-16T13:15:00+05:30,1347.7,lorentzian_new_long,lorentzian_exit_long,57.75,73.32,14.82,44.46,-74.85,0.17
NSE:SBIN,LONG,105,2024-12-16T09:15:00+05:30,864.0,2024-12-16T13:15:00+05:30,861.2,lorentzian_new_long,lorentzian_exit_long,-294.0,79.09,18.11,54.34,-445.55,0.17
NSE:TATACONSUM,LONG,80,2024-12-16T09:15:00+05:30,932.5,2024-12-16T13:15:00+05:30,918.8,lorentzian_new_long,lorentzian_exit_long,-1096.0,73.18,14.81,44.43,-1228.42,0.17
NSE:NIFTY,SHORT,4.080678074106462,2024-12-17T09:15:00+05:30,24519.75,2024-12-17T13:15:00+05:30,24336.3,lorentzian_new_short,lorentzian_exit_short,748.6,73.5,3.99,19.94,651.17,0.17
NSE:INFY,SHORT,45,2024-12-17T09:15:00+05:30,1977.95,2024-12-17T13:15:00+05:30,1969.4,lorentzian_new_short,lorentzian_exit_short,384.75,78.55,17.76,53.29,235.15,0.17
NSE:BHARTIARTL,SHORT,50,2024-12-17T09:15:00+05:30,1640.1,2024-12-17T13:15:00+05:30,1612.8,lorentzian_new_short,lorentzian_exit_short,1365.0,76.01,16.26,48.79,1223.93,0.17
NSE:ICICIBANK,SHORT,55,2024-12-17T10:15:00+05:30,1334.85,2024-12-17T14:15:00+05:30,1332.85,lorentzian_new_short,lorentzian_exit_short,110.0,73.07,14.67,44.02,-21.76,0.17
NSE:BANKNIFTY,SHORT,1.7303492582803874,2024-12-17T10:15:00+05:30,53173.85,2024-12-17T14:15:00+05:30,52806.65,lorentzian_new_short,lorentzian_exit_short,635.38,71.39,3.67,18.34,541.99,0.17
NSE:SBIN,SHORT,105,2024-12-17T14:15:00+05:30,849.65,2024-12-18T11:15:00+05:30,841.1,lorentzian_new_short,lorentzian_exit_short,897.75,260.34,17.75,53.26,566.4,0.88
NSE:TATACONSUM,SHORT,85,2024-12-17T14:15:00+05:30,905.8,2024-12-18T11:15:00+05:30,914.85,lorentzian_new_short,lorentzian_exit_short,-769.25,235.16,15.48,46.43,-1066.31,0.88
NSE:ADANIGREEN,SHORT,50,2024-12-18T09:15:00+05:30,1120.9,2024-12-18T13:15:00+05:30,1109.4,lorentzian_new_short,lorentzian_exit_short,575.0,66.92,11.15,33.45,463.48,0.17
NSE:HCLTECH,SHORT,35,2024-12-19T09:15:00+05:30,1932.6,2024-12-19T13:15:00+05:30,1939.4,lorentzian_new_short,lorentzian_exit_short,-238.0,71.06,13.55,40.66,-363.26,0.17
NSE:ITC,LONG,170,2024-12-13T13:15:00+05:30,471.95,2024-12-20T09:15:00+05:30,460.9,lorentzian_new_long,lorentzian_new_short,-1878.5,239.49,15.86,47.58,-2181.43,6.83
NSE:ITC,SHORT,170,2024-12-20T09:15:00+05:30,460.9,2024-12-20T13:15:00+05:30,464.3,lorentzian_new_short,lorentzian_exit_short,-578.0,74.85,15.73,47.19,-715.77,0.17
NSE:WIPRO,SHORT,365,2024-12-19T09:15:00+05:30,307.9,2024-12-23T11:15:00+05:30,308.45,lorentzian_new_short,lorentzian_exit_short,-200.75,313.14,22.5,67.49,-603.87,4.08
NSE:ICICIBANK,LONG,55,2024-12-23T09:15:00+05:30,1304.9,2024-12-23T13:15:00+05:30,1292.25,lorentzian_new_long,lorentzian_exit_long,-695.75,72.3,14.28,42.85,-825.18,0.17
NSE:SENSEX,LONG,1.2151626087642604,2024-12-27T09:15:00+05:30,79014.14,2024-12-27T13:15:00+05:30,78782.89,lorentzian_new_long,lorentzian_exit_long,-281.01,72.41,3.83,19.17,-376.42,0.17
NSE:NIFTY,LONG,4.2092640655811895,2024-12-27T09:15:00+05:30,23924.95,2024-12-27T13:15:00+05:30,23841.75,lorentzian_new_long,lorentzian_exit_long,-350.21,73.63,4.02,20.11,-447.97,0.17
NSE:BHARTIARTL,LONG,50,2024-12-27T09:15:00+05:30,1618.3,2024-12-27T13:15:00+05:30,1598.65,lorentzian_new_long,lorentzian_exit_long,-982.5,75.44,16.08,48.25,-1122.28,0.17
NSE:WIPRO,LONG,360,2024-12-27T10:15:00+05:30,310.4,2024-12-27T14:15:00+05:30,309.1,lorentzian_new_long,lorentzian_exit_long,-468.0,86.45,22.3,66.91,-643.66,0.17
NSE:ICICIBANK,LONG,55,2024-12-27T09:15:00+05:30,1313.95,2024-12-30T13:15:00+05:30,1294.95,lorentzian_new_long,lorentzian_new_short,-1045.0,222.66,14.35,43.05,-1325.05,3.17
NSE:HCLTECH,SHORT,35,2024-12-20T11:15:00+05:30,1914.5,2024-12-30T14:15:00+05:30,1932.65,lorentzian_new_short,lorentzian_new_long,-635.25,212.8,13.47,40.4,-901.91,10.12
NSE:ICICIBANK,SHORT,55,2024-12-30T13:15:00+05:30,1294.95,2024-12-31T10:15:00+05:30,1286.1,lorentzian_new_short,lorentzian_exit_short,486.75,220.84,14.2,42.59,209.13,0.88
NSE:HCLTECH,LONG,35,2024-12-30T14:15:00+05:30,1932.65,2024-12-31T11:15:00+05:30,1910.6,lorentzian_new_long,lorentzian_exit_long,-771.75,212.66,13.45,40.35,-1038.22,0.88
NSE:BHARTIARTL,SHORT,50,2024-12-30T14:15:00+05:30,1581.4,2024-12-31T11:15:00+05:30,1587.35,lorentzian_new_short,lorentzian_exit_short,-297.5,239.21,15.84,47.53,-600.09,0.88
NSE:WIPRO,SHORT,375,2024-12-31T09:15:00+05:30,295.65,2024-12-31T13:15:00+05:30,302.9,lorentzian_new_short,lorentzian_exit_short,-2718.75,86.46,22.45,67.34,-2894.99,0.17
NSE:SENSEX,SHORT,1.2237391531040016,2024-12-30T13:15:00+05:30,78153.69,2025-01-01T11:15:00+05:30,78426.72,lorentzian_new_short,lorentzian_new_long,-334.12,72.39,3.83,19.16,-429.5,1.92
NSE:NIFTY,SHORT,4.241090637256406,2024-12-30T13:15:00+05:30,23640.1,2025-01-01T13:15:00+05:30,23789.1,lorentzian_new_short,lorentzian_new_long,-631.92,73.61,4.02,20.12,-729.67,2.0
NSE:TATACONSUM,LONG,80,2025-01-01T10:15:00+05:30,921.0,2025-01-01T14:15:00+05:30,920.6,lorentzian_new_long,lorentzian_exit_long,-32.0,73.16,14.73,44.2,-164.09,0.17
NSE:LT,LONG,25,2025-01-01T10:15:00+05:30,3657.05,2025-01-01T14:15:00+05:30,3663.5,lorentzian_new_long,lorentzian_exit_long,161.25,79.47,18.3,54.9,8.57,0.17
NSE:SENSEX,LONG,1.2140188801775322,2025-01-01T11:15:00+05:30,78426.72,2025-01-01T15:15:00+05:30,78581.23,lorentzian_new_long,lorentzian_exit_long,187.58,72.3,3.81,19.06,92.4,0.17
NSE:NIFTY,LONG,4.183946223158806,2025-01-01T13:15:00+05:30,23789.1,2025-01-02T10:15:00+05:30,23943.65,lorentzian_new_long,lorentzian_exit_long,646.63,73.54,3.99,19.97,549.12,0.88
NSE:INFY,LONG,50,2025-01-02T09:15:00+05:30,1912.8,2025-01-02T13:15:00+05:30,1952.05,lorentzian_new_long,lorentzian_exit_long,1962.5,81.47,19.32,57.97,1803.73,0.17
NSE:TCS,LONG,20,2025-01-02T12:15:00+05:30,4161.85,2025-01-03T09:15:00+05:30,4118.0,lorentzian_new_long,lorentzian_exit_long,-877.0,247.21,16.56,49.68,-1190.45,0.88
NSE:HDFCBANK,LONG,195,2025-01-02T13:15:00+05:30,448.52,2025-01-03T10:15:00+05:30,440.02,lorentzian_new_long,lorentzian_new_short,-1657.5,255.79,17.33,51.98,-1982.6,0.88
NSE:BANKNIFTY,LONG,1.8053018059738262,2024-12-26T09:15:00+05:30,51265.5,2025-01-03T10:15:00+05:30,51214.45,lorentzian_new_long,lorentzian_exit_long,-92.16,71.54,3.7,18.5,-185.9,8.04
NSE:TATASTEEL,LONG,640,2025-01-02T13:15:00+05:30,138.12,2025-01-03T10:15:00+05:30,138.45,lorentzian_new_long,lorentzian_exit_long,211.2,259.81,17.7,53.1,-119.41,0.88
NSE:BHARTIARTL,LONG,50,2025-01-02T14:15:00+05:30,1609.6,2025-01-03T11:15:00+05:30,1602.25,lorentzian_new_long,lorentzian_exit_long,-367.5,241.61,16.06,48.18,-673.35,0.88
NSE:SBIN,LONG,115,2025-01-03T09:15:00+05:30,802.2,2025-01-03T13:15:00+05:30,795.7,lorentzian_new_long,lorentzian_exit_long,-747.5,79.5,18.38,55.13,-900.5,0.17
NSE:HDFCBANK,SHORT,195,2025-01-03T10:15:00+05:30,440.02,2025-01-03T14:15:00+05:30,437.23,lorentzian_new_short,lorentzian_exit_short,546.0,77.41,17.11,51.32,400.17,0.17
NSE:ITC,LONG,165,2024-12-24T10:15:00+05:30,478.7,2025-01-06T09:15:00+05:30,461.65,lorentzian_new_long,lorentzian_new_short,-2813.25,235.76,15.52,46.55,-3111.07,12.96
NSE:SBIN,SHORT,115,2025-01-06T09:15:00+05:30,788.9,2025-01-06T13:15:00+05:30,774.9,lorentzian_new_short,lorentzian_exit_short,1610.0,79.07,17.98,53.95,1459.0,0.17
NSE:BANKNIFTY,SHORT,1.8196395307558648,2025-01-06T09:15:00+05:30,50759.7,2025-01-06T13:15:00+05:30,49808.0,lorentzian_new_short,lorentzian_exit_short,1731.75,71.44,3.66,18.3,1638.35,0.17
NSE:ITC,SHORT,160,2025-01-06T09:15:00+05:30,461.65,2025-01-06T13:15:00+05:30,444.7,lorentzian_new_short,lorentzian_exit_short,2712.0,73.05,14.5,43.5,2580.94,0.17
NSE:TATASTEEL,SHORT,650,2025-01-06T09:15:00+05:30,135.75,2025-01-06T13:15:00+05:30,132.12,lorentzian_new_short,lorentzian_exit_short,2359.5,78.14,17.41,52.23,2211.71,0.17
NSE:SENSEX,SHORT,1.214985063693226,2025-01-06T10:15:00+05:30,78440.18,2025-01-06T14:15:00+05:30,77871.23,lorentzian_new_short,lorentzian_exit_short,691.27,72.25,3.8,18.99,596.22,0.17
NSE:NIFTY,SHORT,4.214755768084545,2025-01-06T10:15:00+05:30,23745.1,2025-01-06T14:15:00+05:30,23585.6,lorentzian_new_short,lorentzian_exit_short,672.25,73.51,3.99,19.95,574.8,0.17
NSE:TCS,SHORT,20,2025-01-06T11:15:00+05:30,4089.0,2025-01-06T15:15:00+05:30,4090.0,lorentzian_new_short,lorentzian_exit_short,-20.0,76.02,16.36,49.07,-161.46,0.17
NSE:LT,SHORT,25,2025-01-06T11:15:00+05:30,3620.0,2025-01-06T15:15:00+05:30,3607.15,lorentzian_new_short,lorentzian_exit_short,321.25,79.08,18.07,54.2,169.9,0.17
NSE:BHARTIARTL,SHORT,50,2025-01-06T11:15:00+05:30,1583.25,2025-01-06T15:15:00+05:30,1589.35,lorentzian_new_short,lorentzian_exit_short,-305.0,75.12,15.86,47.59,-443.57,0.17
NSE:HCLTECH,SHORT,35,2025-01-06T11:15:00+05:30,1940.25,2025-01-07T14:15:00+05:30,1913.1,lorentzian_new_short,lorentzian_exit_short,950.25,212.93,13.49,40.46,683.38,1.12
NSE:ICICIBANK,LONG,55,2025-01-07T13:15:00+05:30,1279.4,2025-01-08T10:15:00+05:30,1262.05,lorentzian_new_long,lorentzian_new_short,-954.25,218.53,13.98,41.93,-1228.69,0.88
NSE:INFY,SHORT,50,2025-01-08T09:15:00+05:30,1911.95,2025-01-08T13:15:00+05:30,1929.0,lorentzian_new_short,lorentzian_exit_short,-852.5,80.95,19.2,57.61,-1010.27,0.17
NSE:ICICIBANK,SHORT,55,2025-01-08T10:15:00+05:30,1262.05,2025-01-08T14:15:00+05:30,1263.45,lorentzian_new_short,lorentzian_exit_short,-77.0,71.67,13.89,41.67,-204.23,0.17
NSE:TCS,LONG,20,2025-01-08T14:15:00+05:30,4120.85,2025-01-09T11:15:00+05:30,4075.65,lorentzian_new_long,lorentzian_exit_long,-904.0,245.36,16.39,49.18,-1214.93,0.88
NSE:HCLTECH,LONG,35,2025-01-08T14:15:00+05:30,1935.05,2025-01-09T11:15:00+05:30,1937.45,lorentzian_new_long,lorentzian_exit_long,84.0,213.74,13.55,40.66,-183.95,0.88
NSE:WIPRO,LONG,365,2025-01-08T14:15:00+05:30,297.85,2025-01-09T11:15:00+05:30,293.4,lorentzian_new_long,lorentzian_exit_long,-1624.25,303.06,21.58,64.74,-2013.63,0.88
NSE:BHARTIARTL,LONG,50,2025-01-08T14:15:00+05:30,1599.3,2025-01-09T11:15:00+05:30,1601.5,lorentzian_new_long,lorentzian_exit_long,110.0,240.96,16.0,48.01,-194.98,0.88
NSE:INFY,LONG,45,2025-01-09T09:15:00+05:30,1945.4,2025-01-09T13:15:00+05:30,1925.45,lorentzian_new_long,lorentzian_exit_long,-897.75,77.8,17.42,52.26,-1045.22,0.17
NSE:ITC,LONG,170,2025-01-08T14:15:00+05:30,450.85,2025-01-13T09:15:00+05:30,441.55,lorentzian_new_long,lorentzian_new_short,-1581.0,231.83,15.17,45.51,-1873.51,4.79
NSE:WIPRO,LONG,355,2025-01-10T10:15:00+05:30,300.75,2025-01-13T09:15:00+05:30,294.4,lorentzian_new_long,lorentzian_new_short,-2254.25,298.08,21.13,63.38,-2636.84,2.96
NSE:ITC,SHORT,170,2025-01-13T09:15:00+05:30,441.55,2025-01-13T13:15:00+05:30,442.3,lorentzian_new_short,lorentzian_exit_short,-127.5,73.66,15.03,45.08,-261.27,0.17
NSE:WIPRO,SHORT,350,2025-01-13T09:15:00+05:30,294.4,2025-01-13T13:15:00+05:30,291.65,lorentzian_new_short,lorentzian_exit_short,962.5,83.45,20.51,61.54,797.0,0.17
NSE:HCLTECH,SHORT,40,2025-01-14T09:15:00+05:30,1810.95,2025-01-14T13:15:00+05:30,1824.2,lorentzian_new_short,lorentzian_exit_short,-530.0,72.77,14.54,43.62,-660.93,0.17
NSE:BHARTIARTL,LONG,50,2025-01-14T09:15:00+05:30,1617.25,2025-01-14T13:15:00+05:30,1586.8,lorentzian_new_long,lorentzian_new_short,-1522.5,75.26,16.02,48.06,-1661.85,0.17
NSE:SBIN,LONG,120,2025-01-14T10:15:00+05:30,752.25,2025-01-14T14:15:00+05:30,747.4,lorentzian_new_long,lorentzian_exit_long,-582.0,78.85,18.0,53.99,-732.83,0.17
NSE:HINDUNILVR,SHORT,35,2025-01-14T10:15:00+05:30,2415.5,2025-01-14T14:15:00+05:30,2366.55,lorentzian_new_short,lorentzian_exit_short,1713.25,76.88,16.74,50.21,1569.42,0.17
NSE:ADANIGREEN,LONG,55,2025-01-14T10:15:00+05:30,1001.85,2025-01-14T14:15:00+05:30,1007.5,lorentzian_new_long,lorentzian_exit_long,310.75,66.71,11.05,33.15,199.83,0.17
NSE:TCS,LONG,20,2025-01-10T11:15:00+05:30,4280.0,2025-01-15T09:15:00+05:30,4223.0,lorentzian_new_long,lorentzian_new_short,-1140.0,252.19,17.01,51.02,-1460.21,4.92
NSE:INFY,SHORT,45,2025-01-14T12:15:00+05:30,1933.95,2025-01-15T09:15:00+05:30,1950.65,lorentzian_new_short,lorentzian_exit_short,-751.5,257.44,17.48,52.44,-1078.86,0.88
NSE:TATASTEEL,LONG,715,2025-01-14T12:15:00+05:30,126.95,2025-01-15T09:15:00+05:30,127.61,lorentzian_new_long,lorentzian_exit_long,471.9,265.35,18.2,54.6,133.75,0.88
NSE:BANKNIFTY,LONG,1.921956729898932,2025-01-14T13:15:00+05:30,48907.35,2025-01-15T10:15:00+05:30,48997.05,lorentzian_new_long,lorentzian_exit_long,172.4,71.98,3.76,18.82,77.84,0.88
NSE:BHARTIARTL,SHORT,50,2025-01-14T13:15:00+05:30,1586.8,2025-01-15T10:15:00+05:30,1600.5,lorentzian_new_short,lorentzian_exit_short,-685.0,240.27,15.94,47.81,-989.02,0.88
NSE:TCS,SHORT,20,2025-01-15T09:15:00+05:30,4223.0,2025-01-15T13:15:00+05:30,4225.3,lorentzian_new_short,lorentzian_exit_short,-46.0,76.97,16.9,50.69,-190.56,0.17
NSE:SENSEX,LONG,1.2456234824944532,2025-01-16T09:15:00+05:30,76988.02,2025-01-16T13:15:00+05:30,77070.96,lorentzian_new_long,lorentzian_exit_long,103.31,72.46,3.84,19.19,7.82,0.17
NSE:NIFTY,LONG,4.3183834374887855,2025-01-16T09:15:00+05:30,23308.0,2025-01-16T13:15:00+05:30,23333.35,lorentzian_new_long,lorentzian_exit_long,109.47,73.71,4.03,20.14,11.59,0.17
NSE:ICICIBANK,LONG,55,2025-01-16T09:15:00+05:30,1245.9,2025-01-16T13:15:00+05:30,1250.85,lorentzian_new_long,lorentzian_exit_long,272.25,71.43,13.73,41.2,145.89,0.17
NSE:BHARTIARTL,LONG,50,2025-01-16T09:15:00+05:30,1621.6,2025-01-16T13:15:00+05:30,1626.9,lorentzian_new_long,lorentzian_exit_long,265.0,75.85,16.24,48.73,124.18,0.17
NSE:TATACONSUM,SHORT,75,2025-01-13T09:15:00+05:30,962.0,2025-01-17T12:15:00+05:30,955.05,lorentzian_new_short,lorentzian_new_long,521.25,222.86,14.38,43.13,240.88,4.12
NSE:ICICIBANK,SHORT,60,2025-01-17T09:15:00+05:30,1226.1,2025-01-17T13:15:00+05:30,1222.65,lorentzian_new_short,lorentzian_exit_short,207.0,73.11,14.69,44.08,75.12,0.17
NSE:BANKNIFTY,SHORT,1.936062770838821,2025-01-17T09:15:00+05:30,48591.1,2025-01-17T13:15:00+05:30,48474.0,lorentzian_new_short,lorentzian_exit_short,226.71,71.95,3.76,18.79,132.21,0.17
NSE:LT,LONG,25,2025-01-17T09:15:00+05:30,3560.0,2025-01-17T13:15:00+05:30,3558.0,lorentzian_new_long,lorentzian_exit_long,-50.0,78.55,17.8,53.38,-199.73,0.17
NSE:NIFTY,SHORT,4.3517674898278305,2025-01-17T10:15:00+05:30,23131.85,2025-01-17T14:15:00+05:30,23196.65,lorentzian_new_short,lorentzian_exit_short,-281.99,73.71,4.03,20.16,-379.89,0.17
NSE:TATACONSUM,LONG,80,2025-01-17T12:15:00+05:30,955.05,2025-01-20T09:15:00+05:30,947.1,lorentzian_new_long,lorentzian_exit_long,-636.0,232.28,15.22,45.65,-929.14,2.88
NSE:SENSEX,LONG,1.242589736839285,2025-01-20T11:15:00+05:30,77182.26,2025-01-20T15:15:00+05:30,77021.25,lorentzian_new_long,lorentzian_exit_long,-200.07,72.4,3.83,19.16,-295.46,0.17
NSE:HDFCBANK,LONG,205,2025-01-20T11:15:00+05:30,412.79,2025-01-20T15:15:00+05:30,413.21,lorentzian_new_long,lorentzian_exit_long,87.12,77.05,16.93,50.8,-57.66,0.17
NSE:NIFTY,LONG,4.296186893425591,2025-01-20T11:15:00+05:30,23342.95,2025-01-20T15:15:00+05:30,23337.05,lorentzian_new_long,lorentzian_exit_long,-25.35,73.59,4.01,20.05,-123.0,0.17
NSE:BANKNIFTY,LONG,1.9104593920296493,2025-01-20T11:15:00+05:30,49311.3,2025-01-20T15:15:00+05:30,49334.55,lorentzian_new_long,lorentzian_exit_long,44.42,72.0,3.77,18.85,-50.2,0.17
NSE:SENSEX,SHORT,1.2525942488484627,2025-01-21T10:15:00+05:30,76330.63,2025-01-21T14:15:00+05:30,75869.88,lorentzian_new_short,lorentzian_exit_short,577.13,72.34,3.81,19.06,481.92,0.17
NSE:NIFTY,SHORT,4.323783642624964,2025-01-21T10:15:00+05:30,23165.6,2025-01-21T14:15:00+05:30,23022.45,lorentzian_new_short,lorentzian_exit_short,618.95,73.54,3.99,19.97,521.45,0.17
NSE:ADANIGREEN,SHORT,55,2025-01-21T10:15:00+05:30,1050.4,2025-01-21T14:15:00+05:30,1046.7,lorentzian_new_short,lorentzian_exit_short,203.5,67.55,11.53,34.6,89.82,0.17
NSE:TCS,LONG,20,2025-01-22T10:15:00+05:30,4129.0,2025-01-22T14:15:00+05:30,4157.0,lorentzian_new_long,lorentzian_exit_long,560.0,76.47,16.57,49.72,417.25,0.17
NSE:INFY,LONG,50,2025-01-22T13:15:00+05:30,1861.5,2025-01-23T10:15:00+05:30,1873.25,lorentzian_new_long,lorentzian_exit_long,587.5,270.59,18.67,56.02,242.21,0.88
NSE:LT,SHORT,25,2025-01-22T14:15:00+05:30,3522.1,2025-01-23T11:15:00+05:30,3517.3,lorentzian_new_short,lorentzian_exit_short,120.0,258.68,17.6,52.8,-209.07,0.88
NSE:TATASTEEL,SHORT,710,2025-01-22T11:15:00+05:30,127.76,2025-01-24T09:15:00+05:30,130.77,lorentzian_new_short,lorentzian_new_long,-2137.1,267.26,18.36,55.07,-2477.79,1.92
NSE:TATASTEEL,LONG,675,2025-01-24T09:15:00+05:30,130.77,2025-01-24T13:15:00+05:30,130.92,lorentzian_new_long,lorentzian_exit_long,101.25,78.34,17.66,52.99,-47.75,0.17
NSE:NIFTY,LONG,4.3210074971765,2025-01-24T11:15:00+05:30,23300.8,2025-01-24T14:15:00+05:30,23077.5,lorentzian_new_long,lorentzian_new_short,-964.88,73.48,4.01,20.04,-1062.41,0.12
NSE:ICICIBANK,LONG,55,2025-01-20T12:15:00+05:30,1237.3,2025-01-24T14:15:00+05:30,1208.15,lorentzian_new_long,lorentzian_exit_long,-1603.25,212.71,13.45,40.35,-1869.76,4.08
NSE:HINDUNILVR,LONG,40,2025-01-24T10:15:00+05:30,2361.25,2025-01-24T14:15:00+05:30,2366.1,lorentzian_new_long,lorentzian_exit_long,194.0,80.54,18.91,56.73,37.82,0.17
NSE:WIPRO,LONG,345,2025-01-20T09:15:00+05:30,302.0,2025-01-27T10:15:00+05:30,312.1,lorentzian_new_long,lorentzian_new_short,3484.5,298.3,21.19,63.56,3101.46,7.04
NSE:NIFTY,SHORT,4.316918876786695,2025-01-24T14:15:00+05:30,23077.5,2025-01-27T11:15:00+05:30,22881.55,lorentzian_new_short,lorentzian_exit_short,845.9,73.38,3.97,19.84,748.71,2.88
NSE:HDFCBANK,SHORT,210,2025-01-27T09:15:00+05:30,408.44,2025-01-27T13:15:00+05:30,408.0,lorentzian_new_short,lorentzian_exit_short,92.4,77.42,17.15,51.44,-53.61,0.17
NSE:TCS,SHORT,20,2025-01-27T09:15:00+05:30,4109.95,2025-01-27T13:15:00+05:30,4055.1,lorentzian_new_short,lorentzian_exit_short,1097.0,76.1,16.33,48.99,955.58,0.17
NSE:INFY,SHORT,50,2025-01-27T09:15:00+05:30,1859.05,2025-01-27T13:15:00+05:30,1819.6,lorentzian_new_short,lorentzian_exit_short,1972.5,79.83,18.39,55.18,1819.1,0.17
NSE:HCLTECH,SHORT,40,2025-01-27T09:15:00+05:30,1751.05,2025-01-27T13:15:00+05:30,1723.85,lorentzian_new_short,lorentzian_exit_short,1088.0,71.81,13.9,41.7,960.59,0.17
NSE:TATASTEEL,SHORT,685,2025-01-27T09:15:00+05:30,128.76,2025-01-27T13:15:00+05:30,127.98,lorentzian_new_short,lorentzian_exit_short,534.3,78.25,17.59,52.76,385.7,0.17
NSE:WIPRO,SHORT,345,2025-01-27T10:15:00+05:30,312.1,2025-01-27T14:15:00+05:30,307.9,lorentzian_new_short,lorentzian_exit_short,1449.0,85.05,21.39,64.17,1278.39,0.17
NSE:BHARTIARTL,SHORT,50,2025-01-27T10:15:00+05:30,1611.5,2025-01-27T14:15:00+05:30,1602.4,lorentzian_new_short,lorentzian_exit_short,455.0,75.57,16.07,48.21,315.15,0.17
NSE:TATACONSUM,SHORT,75,2025-01-27T13:15:00+05:30,967.25,2025-01-28T10:15:00+05:30,970.65,lorentzian_new_short,lorentzian_exit_short,-255.0,224.66,14.53,43.6,-537.79,0.88
NSE:ITC,LONG,170,2025-01-17T10:15:00+05:30,438.35,2025-01-29T09:15:00+05:30,432.25,lorentzian_new_long,lorentzian_new_short,-1037.0,227.67,14.8,44.4,-1323.87,11.96
NSE:ITC,SHORT,170,2025-01-29T09:15:00+05:30,432.25,2025-01-29T13:15:00+05:30,433.75,lorentzian_new_short,lorentzian_exit_short,-255.0,73.12,14.72,44.17,-387.0,0.17
NSE:WIPRO,LONG,345,2025-01-29T13:15:00+05:30,313.8,2025-01-30T10:15:00+05:30,312.0,lorentzian_new_long,lorentzian_exit_long,-621.0,303.09,21.59,64.77,-1010.45,0.88
NSE:SENSEX,LONG,1.2514784574903353,2025-01-30T09:15:00+05:30,76782.61,2025-01-30T13:15:00+05:30,76507.84,lorentzian_new_long,lorentzian_exit_long,-343.87,72.41,3.84,19.18,-439.3,0.17
NSE:NIFTY,LONG,4.313026439021484,2025-01-30T09:15:00+05:30,23271.4,2025-01-30T13:15:00+05:30,23167.6,lorentzian_new_long,lorentzian_exit_long,-447.69,73.52,4.01,20.03,-545.24,0.17
NSE:TATACONSUM,LONG,75,2025-01-30T09:15:00+05:30,971.65,2025-01-30T13:15:00+05:30,961.05,lorentzian_new_long,lorentzian_exit_long,-795.0,72.66,14.5,43.49,-925.64,0.17
NSE:TCS,LONG,20,2025-01-30T10:15:00+05:30,4116.25,2025-01-30T14:15:00+05:30,4099.95,lorentzian_new_long,lorentzian_exit_long,-326.0,76.12,16.43,49.3,-467.85,0.17
NSE:LT,SHORT,25,2025-01-30T14:15:00+05:30,3421.0,2025-01-31T09:15:00+05:30,3561.95,lorentzian_new_short,lorentzian_new_long,-3523.75,257.39,17.46,52.37,-3850.96,0.79
NSE:ITC,LONG,165,2025-01-31T09:15:00+05:30,441.6,2025-01-31T13:15:00+05:30,446.9,lorentzian_new_long,lorentzian_exit_long,874.5,73.13,14.66,43.98,742.73,0.17
NSE:LT,LONG,25,2025-01-31T09:15:00+05:30,3561.95,2025-01-31T13:15:00+05:30,3572.65,lorentzian_new_long,lorentzian_exit_long,267.5,78.66,17.84,53.51,117.49,0.17
NSE:SBIN,LONG,120,2025-01-31T10:15:00+05:30,768.75,2025-01-31T14:15:00+05:30,772.8,lorentzian_new_long,lorentzian_exit_long,486.0,79.85,18.5,55.5,332.15,0.17
NSE:TATASTEEL,LONG,660,2025-01-31T10:15:00+05:30,134.09,2025-01-31T14:15:00+05:30,134.61,lorentzian_new_long,lorentzian_exit_long,343.2,78.49,17.73,53.2,193.77,0.17
NSE:HDFCBANK,LONG,205,2025-01-28T10:15:00+05:30,419.17,2025-02-01T12:15:00+05:30,420.55,lorentzian_new_long,lorentzian_new_short,283.92,254.4,17.21,51.64,-39.33,4.08
NSE:ADANIGREEN,LONG,55,2025-02-01T09:15:00+05:30,1038.75,2025-02-01T13:15:00+05:30,1008.0,lorentzian_new_long,lorentzian_exit_long,-1691.25,66.85,11.26,33.77,-1803.13,0.17
NSE:HDFCBANK,SHORT,205,2025-02-01T12:15:00+05:30,420.55,2025-02-03T09:15:00+05:30,419.51,lorentzian_new_short,lorentzian_exit_short,212.18,254.48,17.22,51.66,-111.19,1.88
NSE:ICICIBANK,SHORT,55,2025-02-01T12:15:00+05:30,1236.35,2025-02-03T09:15:00+05:30,1239.6,lorentzian_new_short,lorentzian_exit_short,-178.75,214.47,13.62,40.85,-447.69,1.88
NSE:WIPRO,SHORT,355,2025-02-01T12:15:00+05:30,304.25,2025-02-03T09:15:00+05:30,307.8,lorentzian_new_short,lorentzian_exit_short,-1260.25,304.67,21.73,65.18,-1651.83,1.88
NSE:TATASTEEL,SHORT,675,2025-02-01T12:15:00+05:30,131.15,2025-02-03T09:15:00+05:30,129.9,lorentzian_new_short,lorentzian_exit_short,843.75,258.87,17.62,52.86,514.39,1.88
NSE:LT,SHORT,25,2025-02-01T12:15:00+05:30,3414.05,2025-02-03T09:15:00+05:30,3313.05,lorentzian_new_short,lorentzian_exit_short,2525.0,249.82,16.82,50.45,2207.91,1.88
NSE:TCS,SHORT,20,2025-02-03T09:15:00+05:30,4021.95,2025-02-03T13:15:00+05:30,4059.9,lorentzian_new_short,lorentzian_exit_short,-759.0,75.6,16.16,48.49,-899.26,0.17
NSE:ADANIGREEN,SHORT,55,2025-02-03T09:15:00+05:30,979.75,2025-02-03T13:15:00+05:30,971.2,lorentzian_new_short,lorentzian_exit_short,470.25,66.16,10.73,32.19,361.17,0.17
NSE:INFY,SHORT,50,2025-02-03T09:15:00+05:30,1842.75,2025-02-04T09:15:00+05:30,1894.45,lorentzian_new_short,lorentzian_new_long,-2585.0,270.97,18.69,56.06,-2930.71,1.0
NSE:NIFTY,LONG,4.245652873500757,2025-02-04T09:15:00+05:30,23512.65,2025-02-04T13:15:00+05:30,23651.6,lorentzian_new_long,lorentzian_exit_long,589.93,73.6,4.0,20.02,492.3,0.17
NSE:ICICIBANK,LONG,55,2025-02-04T09:15:00+05:30,1277.3,2025-02-04T13:15:00+05:30,1261.7,lorentzian_new_long,lorentzian_exit_long,-858.0,71.71,13.96,41.89,-985.57,0.17
NSE:TCS,LONG,20,2025-02-04T09:15:00+05:30,4090.4,2025-02-04T13:15:00+05:30,4094.75,lorentzian_new_long,lorentzian_exit_long,87.0,76.06,16.37,49.11,-54.54,0.17
NSE:INFY,LONG,45,2025-02-04T09:15:00+05:30,1894.45,2025-02-04T13:15:00+05:30,1889.2,lorentzian_new_long,lorentzian_exit_long,-236.25,77.18,17.03,51.08,-381.53,0.17
NSE:WIPRO,LONG,335,2025-02-04T09:15:00+05:30,317.5,2025-02-04T13:15:00+05:30,315.85,lorentzian_new_long,lorentzian_exit_long,-552.75,84.53,21.22,63.65,-722.15,0.17
NSE:HINDUNILVR,SHORT,35,2025-02-04T09:15:00+05:30,2415.9,2025-02-04T13:15:00+05:30,2434.05,lorentzian_new_short,lorentzian_exit_short,-635.25,77.04,16.97,50.92,-780.19,0.17
NSE:TATASTEEL,LONG,670,2025-02-04T09:15:00+05:30,133.1,2025-02-04T13:15:00+05:30,133.4,lorentzian_new_long,lorentzian_exit_long,201.0,78.69,17.86,53.57,50.89,0.17
NSE:HDFCBANK,LONG,200,2025-02-04T12:15:00+05:30,429.12,2025-02-05T09:15:00+05:30,431.67,lorentzian_new_long,lorentzian_exit_long,508.0,254.4,17.22,51.65,184.74,0.88
NSE:HCLTECH,LONG,40,2025-02-04T13:15:00+05:30,1715.75,2025-02-05T10:15:00+05:30,1718.45,lorentzian_new_long,lorentzian_exit_long,108.0,215.77,13.74,41.21,-162.72,0.88
NSE:ADANIGREEN,LONG,55,2025-02-05T09:15:00+05:30,1000.6,2025-02-05T13:15:00+05:30,1010.9,lorentzian_new_long,lorentzian_exit_long,566.5,66.76,11.06,33.19,455.49,0.17
NSE:ITC,SHORT,170,2025-02-06T09:15:00+05:30,443.05,2025-02-06T13:15:00+05:30,439.8,lorentzian_new_short,lorentzian_exit_short,552.5,73.71,15.01,45.03,418.76,0.17
NSE:SBIN,SHORT,120,2025-02-01T12:15:00+05:30,755.65,2025-02-06T14:15:00+05:30,751.4,lorentzian_new_short,lorentzian_exit_short,510.0,264.05,18.08,54.25,173.61,5.08
NSE:BHARTIARTL,SHORT,50,2025-02-06T12:15:00+05:30,1632.0,2025-02-07T09:15:00+05:30,1699.9,lorentzian_new_short,lorentzian_new_long,-3395.0,248.51,16.66,49.98,-3710.15,0.88
NSE:BANKNIFTY,LONG,1.9324045657432405,2025-01-28T09:15:00+05:30,48725.4,2025-02-07T13:15:00+05:30,49915.0,lorentzian_new_long,lorentzian_new_short,2298.79,72.49,3.81,19.06,2203.42,10.17
NSE:BHARTIARTL,LONG,45,2025-02-07T09:15:00+05:30,1699.9,2025-02-07T13:15:00+05:30,1670.05,lorentzian_new_long,lorentzian_exit_long,-1343.25,73.78,15.16,45.49,-1477.69,0.17
NSE:ICICIBANK,SHORT,55,2025-02-07T10:15:00+05:30,1262.1,2025-02-07T14:15:00+05:30,1257.8,lorentzian_new_short,lorentzian_exit_short,236.5,71.65,13.86,41.58,109.41,0.17
NSE:SENSEX,SHORT,1.244239105950545,2025-02-03T09:15:00+05:30,76877.34,2025-02-10T10:15:00+05:30,77341.89,lorentzian_new_short,lorentzian_exit_short,-578.01,72.4,3.84,19.19,-673.44,7.04
NSE:NIFTY,SHORT,4.275911691048305,2025-02-07T13:15:00+05:30,23461.05,2025-02-10T10:15:00+05:30,23401.3,lorentzian_new_short,lorentzian_exit_short,255.49,73.59,4.01,20.04,157.85,2.88
NSE:BANKNIFTY,SHORT,1.9303620029860689,2025-02-07T13:15:00+05:30,49915.0,2025-02-10T10:15:00+05:30,49853.85,lorentzian_new_short,lorentzian_exit_short,118.04,72.55,3.85,19.26,22.38,2.88
NSE:TCS,SHORT,20,2025-02-07T14:15:00+05:30,4031.75,2025-02-10T11:15:00+05:30,4029.25,lorentzian_new_short,lorentzian_exit_short,50.0,242.28,16.12,48.37,-256.77,2.88
NSE:HDFCBANK,SHORT,200,2025-02-10T09:15:00+05:30,428.19,2025-02-10T13:15:00+05:30,428.8,lorentzian_new_short,lorentzian_exit_short,-122.0,77.39,17.14,51.42,-267.95,0.17
NSE:ADANIGREEN,SHORT,55,2025-02-10T09:15:00+05:30,971.3,2025-02-10T13:15:00+05:30,953.75,lorentzian_new_short,lorentzian_exit_short,965.25,65.96,10.59,31.76,856.93,0.17
NSE:TATASTEEL,SHORT,670,2025-02-11T09:15:00+05:30,132.86,2025-02-11T13:15:00+05:30,130.8,lorentzian_new_short,lorentzian_exit_short,1380.2,78.48,17.67,53.0,1231.06,0.17
NSE:WIPRO,SHORT,335,2025-02-11T10:15:00+05:30,313.85,2025-02-11T14:15:00+05:30,313.25,lorentzian_new_short,lorentzian_exit_short,201.0,84.24,21.01,63.02,32.73,0.17
NSE:TATACONSUM,SHORT,70,2025-02-11T13:15:00+05:30,1016.0,2025-02-12T10:15:00+05:30,1030.5,lorentzian_new_short,lorentzian_exit_short,-1015.0,222.39,14.33,42.98,-1294.7,0.88
NSE:INFY,SHORT,50,2025-02-12T10:15:00+05:30,1858.5,2025-02-12T14:15:00+05:30,1863.6,lorentzian_new_short,lorentzian_exit_short,-255.0,79.97,18.61,55.83,-409.41,0.17
NSE:TATACONSUM,LONG,70,2025-02-12T12:15:00+05:30,1038.2,2025-02-13T09:15:00+05:30,1022.0,lorentzian_new_long,lorentzian_exit_long,-1134.0,223.47,14.42,43.26,-1415.15,0.88
NSE:TATASTEEL,LONG,665,2025-02-13T09:15:00+05:30,135.92,2025-02-13T13:15:00+05:30,135.84,lorentzian_new_long,lorentzian_exit_long,-53.2,79.04,18.07,54.22,-204.53,0.17
NSE:HINDUNILVR,LONG,40,2025-02-14T10:15:00+05:30,2339.4,2025-02-14T14:15:00+05:30,2319.1,lorentzian_new_long,lorentzian_exit_long,-812.0,79.95,18.63,55.9,-966.48,0.17
NSE:TATASTEEL,SHORT,680,2025-02-17T09:15:00+05:30,132.51,2025-02-17T13:15:00+05:30,133.51,lorentzian_new_short,lorentzian_exit_short,-680.0,79.0,18.09,54.27,-831.36,0.17
NSE:TATACONSUM,SHORT,70,2025-02-17T09:15:00+05:30,1009.5,2025-02-17T13:15:00+05:30,1017.1,lorentzian_new_short,lorentzian_exit_short,-532.0,72.14,14.19,42.56,-660.89,0.17
NSE:HDFCBANK,LONG,200,2025-02-17T13:15:00+05:30,427.18,2025-02-18T10:15:00+05:30,426.82,lorentzian_new_long,lorentzian_exit_long,-70.0,252.93,17.08,51.24,-391.25,0.88
NSE:WIPRO,LONG,340,2025-02-18T13:15:00+05:30,311.1,2025-02-19T10:15:00+05:30,314.5,lorentzian_new_long,lorentzian_exit_long,1156.0,299.41,21.27,63.81,771.51,0.88
NSE:HINDUNILVR,SHORT,40,2025-02-19T09:15:00+05:30,2276.7,2025-02-19T13:15:00+05:30,2253.0,lorentzian_new_short,lorentzian_exit_short,948.0,79.23,18.12,54.36,796.29,0.17
NSE:TATASTEEL,LONG,655,2025-02-19T09:15:00+05:30,136.3,2025-02-19T13:15:00+05:30,136.07,lorentzian_new_long,lorentzian_exit_long,-150.65,78.62,17.84,53.52,-300.63,0.17
NSE:ICICIBANK,LONG,55,2025-02-19T10:15:00+05:30,1252.6,2025-02-19T14:15:00+05:30,1262.1,lorentzian_new_long,lorentzian_exit_long,522.5,71.63,13.83,41.49,395.55,0.17
NSE:SBIN,LONG,125,2025-02-19T10:15:00+05:30,731.25,2025-02-19T14:15:00+05:30,727.5,lorentzian_new_long,lorentzian_exit_long,-468.75,79.28,18.23,54.7,-620.97,0.17
NSE:BANKNIFTY,LONG,1.9469080491343422,2025-02-19T10:15:00+05:30,49502.25,2025-02-19T14:15:00+05:30,49579.25,lorentzian_new_long,lorentzian_exit_long,149.91,72.6,3.86,19.29,54.17,0.17
NSE:LT,LONG,25,2025-02-19T10:15:00+05:30,3260.9,2025-02-19T14:15:00+05:30,3276.55,lorentzian_new_long,lorentzian_exit_long,391.25,76.04,16.34,49.03,249.83,0.17
NSE:HDFCBANK,SHORT,200,2025-02-20T09:15:00+05:30,422.51,2025-02-20T13:15:00+05:30,422.25,lorentzian_new_short,lorentzian_exit_short,53.0,76.98,16.9,50.69,-91.56,0.17
NSE:ICICIBANK,SHORT,55,2025-02-21T09:15:00+05:30,1227.0,2025-02-21T13:15:00+05:30,1232.6,lorentzian_new_short,lorentzian_exit_short,-308.0,71.01,13.53,40.58,-433.12,0.17
NSE:BANKNIFTY,SHORT,1.9749245507679831,2025-02-21T09:15:00+05:30,48827.35,2025-02-21T13:15:00+05:30,48951.8,lorentzian_new_short,lorentzian_exit_short,-245.78,72.59,3.86,19.31,-341.54,0.17
NSE:WIPRO,SHORT,345,2025-02-21T09:15:00+05:30,308.05,2025-02-21T13:15:00+05:30,306.45,lorentzian_new_short,lorentzian_exit_short,552.0,84.62,21.2,63.6,382.58,0.17
NSE:SBIN,SHORT,125,2025-02-21T13:15:00+05:30,722.4,2025-02-24T10:15:00+05:30,714.8,lorentzian_new_short,lorentzian_exit_short,950.0,262.69,17.97,53.89,615.45,2.88
NSE:TATASTEEL,SHORT,650,2025-02-24T13:15:00+05:30,137.1,2025-02-25T10:15:00+05:30,137.54,lorentzian_new_short,lorentzian_exit_short,-286.0,261.52,17.85,53.55,-618.93,0.88
NSE:BHARTIARTL,SHORT,45,2025-02-17T09:15:00+05:30,1692.1,2025-02-25T11:15:00+05:30,1638.9,lorentzian_new_short,lorentzian_new_long,2394.0,229.52,14.99,44.97,2104.52,8.08
NSE:LT,SHORT,25,2025-02-25T09:15:00+05:30,3225.7,2025-02-25T13:15:00+05:30,3236.15,lorentzian_new_short,lorentzian_exit_short,-261.25,75.64,16.15,48.46,-401.51,0.17
NSE:HINDUNILVR,LONG,40,2025-02-25T11:15:00+05:30,2265.55,2025-02-25T15:15:00+05:30,2254.0,lorentzian_new_long,lorentzian_exit_long,-462.0,79.01,18.08,54.23,-613.32,0.17
NSE:BHARTIARTL,LONG,45,2025-02-25T11:15:00+05:30,1638.9,2025-02-25T15:15:00+05:30,1638.45,lorentzian_new_long,lorentzian_exit_long,-20.25,73.19,14.75,44.24,-152.43,0.17
NSE:ITC,LONG,185,2025-02-25T13:15:00+05:30,406.2,2025-02-27T10:15:00+05:30,401.2,lorentzian_new_long,lorentzian_exit_long,-925.0,229.18,14.94,44.81,-1213.93,1.88
NSE:ADANIGREEN,LONG,65,2025-02-25T13:15:00+05:30,851.5,2025-02-27T10:15:00+05:30,842.8,lorentzian_new_long,lorentzian_exit_long,-565.5,185.55,11.01,33.04,-795.1,1.88
NSE:HDFCBANK,LONG,200,2025-02-27T09:15:00+05:30,425.12,2025-02-27T13:15:00+05:30,427.06,lorentzian_new_long,lorentzian_exit_long,390.0,77.28,17.04,51.13,244.55,0.17
NSE:ICICIBANK,LONG,55,2025-02-27T10:15:00+05:30,1227.85,2025-02-27T14:15:00+05:30,1221.95,lorentzian_new_long,lorentzian_exit_long,-324.5,70.91,13.47,40.42,-449.3,0.17
NSE:ADANIGREEN,SHORT,65,2025-02-27T13:15:00+05:30,822.9,2025-02-28T10:15:00+05:30,796.0,lorentzian_new_short,lorentzian_exit_short,1748.5,179.93,10.52,31.57,1526.48,0.88
NSE:HINDUNILVR,SHORT,40,2025-02-28T09:15:00+05:30,2205.1,2025-02-28T13:15:00+05:30,2197.0,lorentzian_new_short,lorentzian_exit_short,324.0,78.27,17.61,52.83,175.3,0.17
NSE:BHARTIARTL,SHORT,45,2025-02-28T09:15:00+05:30,1615.8,2025-02-28T13:15:00+05:30,1581.4,lorentzian_new_short,lorentzian_exit_short,1548.0,72.72,14.39,43.16,1417.73,0.17
NSE:TATACONSUM,SHORT,70,2025-02-28T11:15:00+05:30,982.25,2025-02-28T14:15:00+05:30,962.7,lorentzian_new_short,lorentzian_exit_short,1368.5,71.34,13.61,40.84,1242.7,0.12
NSE:ICICIBANK,SHORT,55,2025-02-28T12:15:00+05:30,1205.95,2025-03-03T09:15:00+05:30,1206.95,lorentzian_new_short,lorentzian_exit_short,-55.0,210.6,13.27,39.81,-318.69,2.88
NSE:HDFCBANK,SHORT,200,2025-03-03T13:15:00+05:30,424.37,2025-03-04T10:15:00+05:30,426.1,lorentzian_new_short,lorentzian_exit_short,-347.0,252.17,17.01,51.03,-667.2,0.88
NSE:SBIN,LONG,130,2025-03-04T09:15:00+05:30,714.0,2025-03-04T13:15:00+05:30,717.4,lorentzian_new_long,lorentzian_exit_long,442.0,80.04,18.61,55.82,287.53,0.17
NSE:TCS,LONG,25,2025-03-04T10:15:00+05:30,3537.6,2025-03-04T14:15:00+05:30,3535.9,lorentzian_new_long,lorentzian_exit_long,-42.5,78.36,17.68,53.05,-191.59,0.17
NSE:TATASTEEL,LONG,630,2025-03-04T10:15:00+05:30,140.5,2025-03-04T14:15:00+05:30,139.4,lorentzian_new_long,lorentzian_exit_long,-693.0,78.2,17.63,52.9,-841.73,0.17
NSE:SENSEX,SHORT,1.2735167752714316,2025-02-24T09:15:00+05:30,74582.74,2025-03-05T11:15:00+05:30,73802.86,lorentzian_new_short,lorentzian_new_long,993.19,72.16,3.78,18.9,898.36,9.08
NSE:NIFTY,LONG,4.517952891669707,2025-03-05T09:15:00+05:30,22239.0,2025-03-05T13:15:00+05:30,22326.8,lorentzian_new_long,lorentzian_exit_long,396.68,73.73,4.03,20.13,298.78,0.17
NSE:ICICIBANK,LONG,55,2025-03-05T09:15:00+05:30,1216.6,2025-03-05T13:15:00+05:30,1216.55,lorentzian_new_long,lorentzian_exit_long,-2.75,70.78,13.38,40.15,-127.06,0.17
NSE:ADANIGREEN,LONG,70,2025-03-05T10:15:00+05:30,825.15,2025-03-05T14:15:00+05:30,848.0,lorentzian_new_long,lorentzian_exit_long,1599.5,68.02,11.71,35.14,1484.64,0.17
NSE:SENSEX,LONG,1.299110092666526,2025-03-05T11:15:00+05:30,73802.86,2025-03-05T15:15:00+05:30,73771.38,lorentzian_new_long,lorentzian_exit_long,-40.9,72.42,3.83,19.17,-136.33,0.17
NSE:INFY,LONG,50,2025-03-05T11:15:00+05:30,1720.25,2025-03-05T15:15:00+05:30,1707.0,lorentzian_new_long,lorentzian_exit_long,-662.5,77.33,17.14,51.41,-808.37,0.17
NSE:BHARTIARTL,LONG,45,2025-03-05T11:15:00+05:30,1615.0,2025-03-05T15:15:00+05:30,1610.0,lorentzian_new_long,lorentzian_exit_long,-225.0,72.75,14.51,43.54,-355.8,0.17
NSE:ITC,LONG,185,2025-03-05T12:15:00+05:30,401.35,2025-03-06T09:15:00+05:30,401.0,lorentzian_new_long,lorentzian_exit_long,-64.75,228.08,14.84,44.53,-352.2,0.88
NSE:HINDUNILVR,LONG,40,2025-03-05T13:15:00+05:30,2176.35,2025-03-06T10:15:00+05:30,2200.1,lorentzian_new_long,lorentzian_exit_long,950.0,257.59,17.51,52.52,622.39,0.88
NSE:HCLTECH,LONG,45,2025-03-06T09:15:00+05:30,1589.3,2025-03-06T13:15:00+05:30,1583.0,lorentzian_new_long,lorentzian_exit_long,-283.5,72.33,14.28,42.83,-412.93,0.17
NSE:LT,LONG,25,2025-03-06T13:15:00+05:30,3261.55,2025-03-07T10:15:00+05:30,3270.15,lorentzian_new_long,lorentzian_exit_long,215.0,244.57,16.33,48.99,-94.89,0.88
NSE:INFY,SHORT,50,2025-03-07T09:15:00+05:30,1697.75,2025-03-07T13:15:00+05:30,1680.65,lorentzian_new_short,lorentzian_exit_short,855.0,77.06,16.89,50.68,710.37,0.17
NSE:LT,SHORT,25,2025-03-10T09:15:00+05:30,3204.25,2025-03-10T13:15:00+05:30,3193.35,lorentzian_new_short,lorentzian_exit_short,272.5,75.42,15.99,47.98,133.11,0.17
NSE:INFY,LONG,50,2025-03-10T10:15:00+05:30,1713.95,2025-03-10T14:15:00+05:30,1704.1,lorentzian_new_long,lorentzian_exit_long,-492.5,77.26,17.09,51.27,-638.12,0.17
NSE:WIPRO,SHORT,380,2025-03-10T14:15:00+05:30,280.95,2025-03-11T11:15:00+05:30,275.75,lorentzian_new_short,lorentzian_exit_short,1976.0,298.06,21.15,63.46,1593.32,0.88
NSE:SENSEX,SHORT,1.2951326109199797,2025-03-11T09:15:00+05:30,73924.57,2025-03-11T13:15:00+05:30,74140.88,lorentzian_new_short,lorentzian_exit_short,-280.15,72.41,3.84,19.18,-375.57,0.17
NSE:NIFTY,SHORT,4.494254389469327,2025-03-11T09:15:00+05:30,22422.55,2025-03-11T13:15:00+05:30,22501.55,lorentzian_new_short,lorentzian_exit_short,-355.05,73.74,4.04,20.19,-453.01,0.17
NSE:SBIN,SHORT,125,2025-03-11T09:15:00+05:30,728.55,2025-03-11T13:15:00+05:30,731.05,lorentzian_new_short,lorentzian_exit_short,-312.5,79.32,18.25,54.73,-464.8,0.17
NSE:TCS,SHORT,25,2025-03-11T09:15:00+05:30,3580.75,2025-03-11T13:15:00+05:30,3557.1,lorentzian_new_short,lorentzian_exit_short,591.25,78.71,17.84,53.53,441.16,0.17
NSE:INFY,SHORT,55,2025-03-11T09:15:00+05:30,1651.55,2025-03-11T13:15:00+05:30,1657.7,lorentzian_new_short,lorentzian_exit_short,-338.25,79.24,18.2,54.6,-490.29,0.17
NSE:HCLTECH,SHORT,45,2025-03-11T09:15:00+05:30,1550.15,2025-03-11T13:15:00+05:30,1552.9,lorentzian_new_short,lorentzian_exit_short,-123.75,71.79,13.96,41.89,-251.4,0.17
NSE:TATASTEEL,SHORT,585,2025-03-11T09:15:00+05:30,150.01,2025-03-11T13:15:00+05:30,151.18,lorentzian_new_short,lorentzian_exit_short,-684.45,78.18,17.62,52.86,-833.1,0.17
NSE:ADANIGREEN,SHORT,70,2025-03-11T09:15:00+05:30,821.4,2025-03-11T13:15:00+05:30,819.75,lorentzian_new_short,lorentzian_exit_short,115.5,67.46,11.49,34.46,2.09,0.17
NSE:HINDUNILVR,SHORT,40,2025-03-11T14:15:00+05:30,2215.95,2025-03-12T11:15:00+05:30,2227.8,lorentzian_new_short,lorentzian_exit_short,-474.0,260.69,17.78,53.32,-805.79,0.88
NSE:ICICIBANK,LONG,55,2025-03-12T09:15:00+05:30,1247.15,2025-03-12T13:15:00+05:30,1244.8,lorentzian_new_long,lorentzian_exit_long,-129.25,71.34,13.71,41.12,-255.41,0.17
NSE:BHARTIARTL,SHORT,45,2025-03-12T13:15:00+05:30,1636.2,2025-03-13T10:15:00+05:30,1648.65,lorentzian_new_short,lorentzian_exit_short,-560.25,227.43,14.78,44.35,-846.81,0.88
NSE:ADANIGREEN,LONG,70,2025-03-12T14:15:00+05:30,857.0,2025-03-13T11:15:00+05:30,877.55,lorentzian_new_long,lorentzian_exit_long,1438.5,197.95,12.14,36.43,1191.99,0.88
NSE:SENSEX,LONG,1.2837013201981986,2025-03-13T09:15:00+05:30,74291.17,2025-03-13T13:15:00+05:30,73952.95,lorentzian_new_long,lorentzian_exit_long,-434.17,72.2,3.81,19.03,-529.21,0.17
NSE:NIFTY,LONG,4.449791204017747,2025-03-13T09:15:00+05:30,22545.1,2025-03-13T13:15:00+05:30,22432.3,lorentzian_new_long,lorentzian_exit_long,-501.94,73.49,4.0,20.01,-599.45,0.17
NSE:BANKNIFTY,LONG,1.9652277771020437,2025-02-27T09:15:00+05:30,48895.0,2025-03-13T13:15:00+05:30,48123.65,lorentzian_new_long,lorentzian_exit_long,-1515.88,72.15,3.81,19.07,-1610.91,14.17
NSE:TATASTEEL,LONG,570,2025-03-13T09:15:00+05:30,151.83,2025-03-13T13:15:00+05:30,151.16,lorentzian_new_long,lorentzian_exit_long,-381.9,77.59,17.27,51.81,-528.57,0.17
NSE:LT,LONG,25,2025-03-13T09:15:00+05:30,3214.9,2025-03-13T13:15:00+05:30,3200.4,lorentzian_new_long,lorentzian_exit_long,-362.5,75.42,16.04,48.11,-502.08,0.17
NSE:INFY,LONG,55,2025-03-18T09:15:00+05:30,1607.85,2025-03-18T13:15:00+05:30,1598.55,lorentzian_new_long,lorentzian_exit_long,-511.5,78.22,17.64,52.91,-660.26,0.17
NSE:HINDUNILVR,LONG,40,2025-03-18T09:15:00+05:30,2197.9,2025-03-18T13:15:00+05:30,2195.0,lorentzian_new_long,lorentzian_exit_long,-116.0,78.15,17.57,52.71,-264.44,0.17
NSE:HDFCBANK,LONG,195,2025-03-12T09:15:00+05:30,426.17,2025-03-18T14:15:00+05:30,432.71,lorentzian_new_long,lorentzian_exit_long,1277.25,249.14,16.75,50.24,961.11,6.21
NSE:TCS,LONG,25,2025-03-18T10:15:00+05:30,3531.2,2025-03-18T14:15:00+05:30,3554.0,lorentzian_new_long,lorentzian_exit_long,570.0,78.48,17.71,53.14,420.67,0.17
NSE:SBIN,LONG,125,2025-03-18T14:15:00+05:30,736.35,2025-03-19T11:15:00+05:30,746.65,lorentzian_new_long,lorentzian_exit_long,1287.5,269.03,18.54,55.61,944.32,0.88
NSE:TATACONSUM,LONG,75,2025-03-19T10:15:00+05:30,955.0,2025-03-19T14:15:00+05:30,949.8,lorentzian_new_long,lorentzian_exit_long,-390.0,72.33,14.29,42.86,-519.48,0.17
NSE:BHARTIARTL,LONG,45,2025-03-20T09:15:00+05:30,1664.85,2025-03-20T13:15:00+05:30,1695.0,lorentzian_new_long,lorentzian_exit_long,1356.75,73.99,15.12,45.36,1222.28,0.17
NSE:INFY,SHORT,55,2025-03-21T09:15:00+05:30,1592.9,2025-03-21T13:15:00+05:30,1592.8,lorentzian_new_short,lorentzian_exit_short,5.5,78.08,17.52,52.56,-142.66,0.17
NSE:INFY,LONG,55,2025-03-25T09:15:00+05:30,1622.0,2025-03-25T13:15:00+05:30,1631.85,lorentzian_new_long,lorentzian_exit_long,541.75,78.8,17.9,53.69,391.37,0.17
NSE:WIPRO,LONG,405,2025-03-20T09:15:00+05:30,268.45,2025-03-25T13:15:00+05:30,272.8,lorentzian_new_long,lorentzian_exit_long,1761.75,306.59,21.92,65.76,1367.48,5.17
NSE:TATASTEEL,SHORT,550,2025-03-25T11:15:00+05:30,156.92,2025-03-25T15:15:00+05:30,156.27,lorentzian_new_short,lorentzian_exit_short,357.5,77.6,17.23,51.68,211.0,0.17
NSE:ADANIGREEN,SHORT,65,2025-03-25T11:15:00+05:30,934.3,2025-03-25T15:15:00+05:30,918.0,lorentzian_new_short,lorentzian_exit_short,1059.5,68.53,12.04,36.12,942.81,0.17
NSE:TATACONSUM,SHORT,75,2025-03-26T10:15:00+05:30,958.05,2025-03-26T14:15:00+05:30,960.05,lorentzian_new_short,lorentzian_exit_short,-150.0,72.53,14.39,43.16,-280.08,0.17
NSE:SBIN,SHORT,120,2025-03-26T12:15:00+05:30,767.1,2025-03-27T09:15:00+05:30,769.05,lorentzian_new_short,lorentzian_exit_short,-234.0,267.99,18.43,55.3,-575.72,0.88
NSE:INFY,SHORT,55,2025-03-26T13:15:00+05:30,1607.25,2025-03-27T10:15:00+05:30,1614.0,lorentzian_new_short,lorentzian_exit_short,-371.25,260.03,17.72,53.15,-702.15,0.88
NSE:SENSEX,SHORT,1.225854755152789,2025-03-26T14:15:00+05:30,77366.46,2025-03-27T11:15:00+05:30,77642.46,lorentzian_new_short,lorentzian_exit_short,-338.34,72.17,3.8,19.0,-433.31,0.88
NSE:NIFTY,SHORT,4.243284364337902,2025-03-26T14:15:00+05:30,23501.45,2025-03-27T11:15:00+05:30,23600.5,lorentzian_new_short,lorentzian_exit_short,-420.3,73.46,4.0,19.99,-517.74,0.88
NSE:HINDUNILVR,SHORT,40,2025-03-27T09:15:00+05:30,2241.75,2025-03-27T13:15:00+05:30,2247.5,lorentzian_new_short,lorentzian_exit_short,-230.0,78.82,17.96,53.87,-380.65,0.17
NSE:ADANIGREEN,LONG,65,2025-03-27T13:15:00+05:30,951.3,2025-03-28T10:15:00+05:30,962.7,lorentzian_new_long,lorentzian_exit_long,741.0,201.32,12.44,37.32,489.91,0.88
NSE:HCLTECH,LONG,45,2025-03-18T09:15:00+05:30,1552.95,2025-03-28T12:15:00+05:30,1597.25,lorentzian_new_long,lorentzian_new_short,1993.5,220.51,14.18,42.53,1716.29,10.12
NSE:TCS,SHORT,25,2025-03-28T10:15:00+05:30,3630.0,2025-03-28T14:15:00+05:30,3607.05,lorentzian_new_short,lorentzian_exit_short,573.75,79.15,18.09,54.28,422.23,0.17
NSE:HCLTECH,SHORT,45,2025-03-28T12:15:00+05:30,1597.25,2025-04-01T09:15:00+05:30,1569.7,lorentzian_new_short,lorentzian_exit_short,1239.75,221.4,14.25,42.75,961.34,3.88
NSE:WIPRO,SHORT,415,2025-03-28T13:15:00+05:30,262.6,2025-04-01T10:15:00+05:30,260.45,lorentzian_new_short,lorentzian_exit_short,892.25,304.27,21.71,65.12,501.15,3.88
NSE:ICICIBANK,SHORT,50,2025-03-25T12:15:00+05:30,1334.3,2025-04-01T14:15:00+05:30,1319.6,lorentzian_new_short,lorentzian_exit_short,735.0,210.53,13.27,39.81,471.39,7.08
NSE:ADANIGREEN,SHORT,65,2025-04-01T10:15:00+05:30,930.25,2025-04-01T14:15:00+05:30,918.8,lorentzian_new_short,lorentzian_exit_short,744.25,68.46,12.02,36.06,627.71,0.17
NSE:LT,SHORT,25,2025-04-01T10:15:00+05:30,3445.0,2025-04-01T14:15:00+05:30,3437.9,lorentzian_new_short,lorentzian_exit_short,177.5,77.54,17.21,51.62,31.13,0.17
NSE:ITC,SHORT,180,2025-04-01T12:15:00+05:30,406.75,2025-04-02T09:15:00+05:30,407.3,lorentzian_new_short,lorentzian_exit_short,-99.0,225.96,14.65,43.96,-383.58,0.88
NSE:HINDUNILVR,LONG,40,2025-03-28T09:15:00+05:30,2285.85,2025-04-02T09:15:00+05:30,2212.4,lorentzian_new_long,lorentzian_new_short,-2938.0,263.29,17.99,53.98,-3273.27,5.0
NSE:BANKNIFTY,SHORT,1.8426768971558067,2025-03-26T12:15:00+05:30,51275.25,2025-04-03T13:15:00+05:30,51559.8,lorentzian_new_short,lorentzian_new_long,-524.33,72.09,3.79,18.95,-619.16,8.04
NSE:HDFCBANK,SHORT,190,2025-03-26T12:15:00+05:30,451.96,2025-04-04T09:15:00+05:30,457.73,lorentzian_new_short,lorentzian_new_long,-1094.4,255.28,17.28,51.85,-1418.81,8.88
NSE:SBIN,LONG,115,2025-04-03T13:15:00+05:30,782.05,2025-04-04T10:15:00+05:30,778.45,lorentzian_new_long,lorentzian_exit_long,-414.0,262.58,17.95,53.84,-748.36,0.88
NSE:BANKNIFTY,LONG,1.8205347768221618,2025-04-03T13:15:00+05:30,51559.8,2025-04-04T10:15:00+05:30,51686.7,lorentzian_new_long,lorentzian_exit_long,231.03,71.96,3.76,18.8,136.51,0.88
NSE:HINDUNILVR,SHORT,40,2025-04-02T09:15:00+05:30,2212.4,2025-04-04T10:15:00+05:30,2255.75,lorentzian_new_short,lorentzian_new_long,-1734.0,261.87,17.87,53.62,-2067.36,2.04
NSE:HDFCBANK,LONG,185,2025-04-04T09:15:00+05:30,457.73,2025-04-04T13:15:00+05:30,456.15,lorentzian_new_long,lorentzian_exit_long,-291.38,76.96,16.91,50.72,-435.96,0.17
NSE:TATASTEEL,SHORT,600,2025-04-04T09:15:00+05:30,144.79,2025-04-04T13:15:00+05:30,140.56,lorentzian_new_short,lorentzian_exit_short,2538.0,77.65,17.12,51.36,2391.87,0.17
NSE:HINDUNILVR,LONG,35,2025-04-04T10:15:00+05:30,2255.75,2025-04-04T14:15:00+05:30,2244.7,lorentzian_new_long,lorentzian_exit_long,-386.75,74.92,15.75,47.25,-524.67,0.17
NSE:TATACONSUM,LONG,70,2025-03-27T15:15:00+05:30,977.45,2025-04-07T10:15:00+05:30,1044.75,lorentzian_new_long,lorentzian_new_short,4711.0,220.08,14.16,42.47,4434.3,10.79
NSE:SBIN,SHORT,120,2025-04-04T14:15:00+05:30,768.1,2025-04-07T11:15:00+05:30,735.45,lorentzian_new_short,lorentzian_exit_short,3918.0,263.33,18.04,54.13,3582.5,2.88
NSE:BANKNIFTY,SHORT,1.892602039988997,2025-04-07T09:15:00+05:30,49668.4,2025-04-07T13:15:00+05:30,49581.05,lorentzian_new_short,lorentzian_exit_short,165.32,71.93,3.76,18.78,70.84,0.17
NSE:HINDUNILVR,SHORT,35,2025-04-07T09:15:00+05:30,2211.2,2025-04-07T13:15:00+05:30,2260.15,lorentzian_new_short,lorentzian_new_long,-1713.25,74.59,15.65,46.95,-1850.44,0.17
NSE:TATACONSUM,SHORT,70,2025-04-07T10:15:00+05:30,1044.75,2025-04-07T13:15:00+05:30,1042.65,lorentzian_new_short,lorentzian_exit_short,147.0,72.97,14.61,43.84,15.59,0.12
NSE:BHARTIARTL,SHORT,45,2025-04-07T09:15:00+05:30,1708.4,2025-04-07T13:15:00+05:30,1670.15,lorentzian_new_short,lorentzian_exit_short,1721.25,74.18,15.2,45.61,1586.25,0.17
NSE:HINDUNILVR,LONG,35,2025-04-07T13:15:00+05:30,2260.15,2025-04-08T10:15:00+05:30,2279.0,lorentzian_new_long,lorentzian_exit_long,659.75,239.62,15.89,47.66,356.58,0.88
NSE:ITC,LONG,180,2025-04-08T09:15:00+05:30,408.9,2025-04-08T13:15:00+05:30,413.5,lorentzian_new_long,lorentzian_exit_long,828.0,73.38,14.8,44.41,695.41,0.17
NSE:HCLTECH,LONG,50,2025-04-08T13:15:00+05:30,1413.05,2025-04-08T15:15:00+05:30,1402.9,lorentzian_new_long,lorentzian_exit_long,-507.5,71.96,14.08,42.24,-635.78,0.08
NSE:NIFTY,LONG,4.390007217037223,2025-04-08T13:15:00+05:30,22598.4,2025-04-09T10:15:00+05:30,22374.55,lorentzian_new_long,lorentzian_exit_long,-982.7,73.09,3.95,19.74,-1079.49,0.88
NSE:TCS,SHORT,25,2025-04-09T09:15:00+05:30,3240.0,2025-04-09T13:15:00+05:30,3251.6,lorentzian_new_short,lorentzian_exit_short,-290.0,75.77,16.23,48.69,-430.68,0.17
NSE:INFY,SHORT,65,2025-04-09T09:15:00+05:30,1388.95,2025-04-09T13:15:00+05:30,1397.3,lorentzian_new_short,lorentzian_exit_short,-542.75,79.06,18.11,54.33,-694.25,0.17
NSE:TATACONSUM,LONG,70,2025-04-09T10:15:00+05:30,1083.5,2025-04-09T14:15:00+05:30,1088.5,lorentzian_new_long,lorentzian_exit_long,350.0,74.03,15.2,45.61,215.15,0.17
NSE:HDFCBANK,SHORT,190,2025-04-07T09:15:00+05:30,439.77,2025-04-11T09:15:00+05:30,450.48,lorentzian_new_short,lorentzian_new_long,-2033.0,251.24,16.91,50.74,-2351.9,4.0
NSE:LT,SHORT,25,2025-04-09T13:15:00+05:30,3070.0,2025-04-11T10:15:00+05:30,3123.05,lorentzian_new_short,lorentzian_exit_short,-1326.25,235.28,15.48,46.45,-1623.46,1.88
NSE:HDFCBANK,LONG,180,2025-04-11T09:15:00+05:30,450.48,2025-04-11T13:15:00+05:30,452.17,lorentzian_new_long,lorentzian_exit_long,304.2,75.87,16.25,48.74,163.34,0.17
NSE:ICICIBANK,LONG,50,2025-04-11T09:15:00+05:30,1316.15,2025-04-11T13:15:00+05:30,1316.1,lorentzian_new_long,lorentzian_exit_long,-2.5,70.39,13.16,39.48,-125.54,0.17
NSE:TATASTEEL,LONG,670,2025-04-11T09:15:00+05:30,132.88,2025-04-11T13:15:00+05:30,132.79,lorentzian_new_long,lorentzian_exit_long,-60.3,78.56,17.8,53.4,-210.06,0.17
NSE:ADANIGREEN,LONG,70,2025-04-11T09:15:00+05:30,892.85,2025-04-11T13:15:00+05:30,886.3,lorentzian_new_long,lorentzian_exit_long,-458.5,69.1,12.45,37.36,-577.41,0.17
NSE:LT,LONG,25,2025-04-15T09:15:00+05:30,3260.0,2025-04-15T13:15:00+05:30,3256.9,lorentzian_new_long,lorentzian_exit_long,-77.5,75.9,16.29,48.88,-218.57,0.17
NSE:WIPRO,LONG,445,2025-04-16T14:15:00+05:30,247.95,2025-04-17T09:15:00+05:30,233.55,lorentzian_new_long,lorentzian_new_short,-6408.0,301.71,21.43,64.28,-6795.42,0.79
NSE:INFY,SHORT,65,2025-04-17T09:15:00+05:30,1380.8,2025-04-17T13:15:00+05:30,1415.7,lorentzian_new_short,lorentzian_exit_short,-2268.5,78.98,18.18,54.53,-2420.19,0.17
NSE:WIPRO,SHORT,445,2025-04-17T09:15:00+05:30,233.55,2025-04-17T13:15:00+05:30,236.8,lorentzian_new_short,lorentzian_exit_short,-1446.25,83.93,20.93,62.79,-1613.9,0.17
NSE:BHARTIARTL,LONG,45,2025-04-08T11:15:00+05:30,1734.0,2025-04-22T12:15:00+05:30,1848.9,lorentzian_new_long,lorentzian_new_short,5170.5,241.91,16.12,48.37,4864.1,14.04
NSE:BHARTIARTL,SHORT,45,2025-04-22T12:15:00+05:30,1848.9,2025-04-23T09:15:00+05:30,1843.0,lorentzian_new_short,lorentzian_exit_short,265.5,247.72,16.61,49.84,-48.68,0.88
NSE:ADANIGREEN,SHORT,65,2025-04-23T10:15:00+05:30,935.3,2025-04-24T09:15:00+05:30,961.35,lorentzian_new_short,lorentzian_new_long,-1693.25,200.25,12.33,36.98,-1942.81,0.96
NSE:BHARTIARTL,LONG,45,2025-04-23T14:15:00+05:30,1882.3,2025-04-24T11:15:00+05:30,1851.3,lorentzian_new_long,lorentzian_exit_long,-1395.0,249.93,16.8,50.4,-1712.14,0.88
NSE:ADANIGREEN,LONG,60,2025-04-24T09:15:00+05:30,961.35,2025-04-24T13:15:00+05:30,966.0,lorentzian_new_long,lorentzian_exit_long,279.0,67.61,11.56,34.69,165.13,0.17
NSE:SBIN,LONG,120,2025-04-15T09:15:00+05:30,769.6,2025-04-25T09:15:00+05:30,801.05,lorentzian_new_long,lorentzian_new_short,3774.0,272.29,18.85,56.54,3426.32,10.0
NSE:SBIN,SHORT,120,2025-04-25T09:15:00+05:30,801.05,2025-04-25T13:15:00+05:30,800.75,lorentzian_new_short,lorentzian_exit_short,36.0,81.08,19.22,57.66,-121.96,0.17
NSE:ITC,SHORT,175,2025-04-25T09:15:00+05:30,426.7,2025-04-25T13:15:00+05:30,424.95,lorentzian_new_short,lorentzian_exit_short,306.25,73.5,14.9,44.71,173.14,0.17
NSE:BHARTIARTL,SHORT,45,2025-04-25T09:15:00+05:30,1824.0,2025-04-25T13:15:00+05:30,1821.0,lorentzian_new_short,lorentzian_exit_short,135.0,76.12,16.4,49.21,-6.73,0.17
NSE:NIFTY,SHORT,4.098974350710472,2025-04-25T10:15:00+05:30,23940.35,2025-04-25T14:15:00+05:30,24052.95,lorentzian_new_short,lorentzian_exit_short,-461.54,73.05,3.93,19.67,-558.2,0.17
NSE:ICICIBANK,SHORT,50,2025-04-25T10:15:00+05:30,1397.6,2025-04-25T14:15:00+05:30,1405.9,lorentzian_new_short,lorentzian_exit_short,-415.0,71.86,14.02,42.05,-542.93,0.17
NSE:ADANIGREEN,SHORT,65,2025-04-25T10:15:00+05:30,910.9,2025-04-25T14:15:00+05:30,913.1,lorentzian_new_short,lorentzian_exit_short,-143.0,68.08,11.86,35.57,-258.5,0.17
NSE:LT,SHORT,25,2025-04-17T09:15:00+05:30,3168.0,2025-04-28T11:15:00+05:30,3333.6,lorentzian_new_short,lorentzian_new_long,-4140.0,244.06,16.25,48.76,-4449.08,11.08
NSE:HCLTECH,SHORT,45,2025-04-28T09:15:00+05:30,1546.6,2025-04-28T13:15:00+05:30,1552.0,lorentzian_new_short,lorentzian_exit_short,-243.0,71.75,13.94,41.83,-370.52,0.17
NSE:LT,LONG,25,2025-04-28T11:15:00+05:30,3333.6,2025-04-28T15:15:00+05:30,3325.0,lorentzian_new_long,lorentzian_exit_long,-215.0,76.51,16.65,49.94,-358.1,0.17
NSE:SBIN,LONG,120,2025-04-28T12:15:00+05:30,821.0,2025-04-29T09:15:00+05:30,819.55,lorentzian_new_long,lorentzian_exit_long,-174.0,281.91,19.69,59.06,-534.65,0.88
NSE:ADANIGREEN,LONG,60,2025-04-29T09:15:00+05:30,941.6,2025-04-29T13:15:00+05:30,926.6,lorentzian_new_long,lorentzian_exit_long,-900.0,66.85,11.21,33.63,-1011.69,0.17
NSE:HDFCBANK,SHORT,170,2025-04-25T11:15:00+05:30,474.27,2025-04-30T10:15:00+05:30,481.05,lorentzian_new_short,lorentzian_new_long,-1151.75,243.69,16.24,48.72,-1460.4,4.96
NSE:SBIN,SHORT,120,2025-04-30T09:15:00+05:30,793.1,2025-04-30T13:15:00+05:30,790.0,lorentzian_new_short,lorentzian_exit_short,372.0,80.72,19.0,56.99,215.29,0.17
NSE:HDFCBANK,LONG,165,2025-04-30T10:15:00+05:30,481.05,2025-04-30T14:15:00+05:30,482.25,lorentzian_new_long,lorentzian_exit_long,198.0,75.23,15.89,47.68,59.19,0.17
NSE:TCS,LONG,25,2025-04-17T13:15:00+05:30,3296.0,2025-04-30T15:15:00+05:30,3431.8,lorentzian_new_long,lorentzian_new_short,3395.0,249.78,16.82,50.46,3077.94,13.08
NSE:SENSEX,SHORT,1.19675981974684,2025-04-25T10:15:00+05:30,78886.36,2025-05-02T09:15:00+05:30,81157.71,lorentzian_new_short,lorentzian_new_long,-2718.26,72.16,3.83,19.15,-2813.4,6.96
NSE:BHARTIARTL,LONG,45,2025-04-30T13:15:00+05:30,1855.0,2025-05-02T10:15:00+05:30,1844.9,lorentzian_new_long,lorentzian_exit_long,-454.5,248.18,16.65,49.95,-769.28,1.88
NSE:TCS,SHORT,25,2025-04-30T15:15:00+05:30,3431.8,2025-05-02T12:15:00+05:30,3432.9,lorentzian_new_short,lorentzian_exit_short,-27.5,253.84,17.16,51.49,-349.98,1.88
NSE:SENSEX,LONG,1.1287040539490127,2025-05-02T09:15:00+05:30,81157.71,2025-05-02T13:15:00+05:30,80574.54,lorentzian_new_long,lorentzian_exit_long,-658.23,71.16,3.65,18.25,-751.3,0.17
NSE:NIFTY,LONG,3.9693495757720756,2025-05-02T09:15:00+05:30,24581.95,2025-05-02T13:15:00+05:30,24373.55,lorentzian_new_long,lorentzian_exit_long,-827.21,72.7,3.89,19.43,-923.23,0.17
NSE:ADANIGREEN,SHORT,65,2025-05-02T10:15:00+05:30,918.6,2025-05-02T14:15:00+05:30,906.45,lorentzian_new_short,lorentzian_exit_short,789.75,68.19,11.86,35.59,674.11,0.17
NSE:ITC,LONG,170,2025-05-05T09:15:00+05:30,434.0,2025-05-05T13:15:00+05:30,436.55,lorentzian_new_long,lorentzian_exit_long,433.5,73.33,14.8,44.4,300.97,0.17
NSE:HCLTECH,LONG,45,2025-05-05T09:15:00+05:30,1588.7,2025-05-05T13:15:00+05:30,1576.3,lorentzian_new_long,lorentzian_exit_long,-558.0,72.24,14.24,42.73,-687.21,0.17
NSE:ADANIGREEN,LONG,60,2025-05-05T09:15:00+05:30,936.75,2025-05-05T14:15:00+05:30,962.5,lorentzian_new_long,lorentzian_exit_long,1545.0,67.45,11.4,34.19,1431.97,0.21
NSE:HINDUNILVR,LONG,35,2025-05-05T11:15:00+05:30,2343.9,2025-05-05T15:15:00+05:30,2346.5,lorentzian_new_long,lorentzian_exit_long,91.0,76.14,16.42,49.25,-50.81,0.17
NSE:BANKNIFTY,SHORT,1.720753210506827,2025-04-25T09:15:00+05:30,54669.75,2025-05-07T11:15:00+05:30,54337.5,lorentzian_new_short,lorentzian_exit_short,571.72,71.94,3.75,18.76,477.28,12.08
NSE:SENSEX,SHORT,1.1298794207850535,2025-05-07T09:15:00+05:30,80410.34,2025-05-07T13:15:00+05:30,80710.89,lorentzian_new_short,lorentzian_exit_short,-339.59,71.13,3.64,18.2,-432.56,0.17
NSE:ADANIGREEN,SHORT,65,2025-05-07T09:15:00+05:30,911.3,2025-05-07T13:15:00+05:30,915.75,lorentzian_new_short,lorentzian_exit_short,-289.25,68.1,11.88,35.63,-404.85,0.17
NSE:TATACONSUM,SHORT,65,2025-05-07T09:15:00+05:30,1144.0,2025-05-07T13:15:00+05:30,1146.5,lorentzian_new_short,lorentzian_exit_short,-162.5,73.42,14.89,44.66,-295.47,0.17
NSE:BANKNIFTY,LONG,1.7264965980242595,2025-05-08T09:15:00+05:30,54763.5,2025-05-08T13:15:00+05:30,54540.2,lorentzian_new_long,lorentzian_exit_long,-385.53,72.0,3.77,18.87,-480.17,0.17
NSE:ICICIBANK,LONG,45,2025-04-28T09:15:00+05:30,1431.3,2025-05-09T09:15:00+05:30,1404.6,lorentzian_new_long,lorentzian_new_short,-1201.5,205.03,12.76,38.28,-1457.58,11.0
NSE:HINDUNILVR,SHORT,35,2025-05-08T12:15:00+05:30,2347.3,2025-05-09T09:15:00+05:30,2317.4,lorentzian_new_short,lorentzian_exit_short,1046.5,244.48,16.33,48.98,736.72,0.88
NSE:NIFTY,SHORT,4.001551955158875,2025-05-08T15:15:00+05:30,24154.1,2025-05-09T12:15:00+05:30,24009.25,lorentzian_new_short,lorentzian_exit_short,579.62,72.61,3.85,19.27,483.88,0.88
NSE:BANKNIFTY,SHORT,1.7374809963269084,2025-05-08T15:15:00+05:30,54141.75,2025-05-09T12:15:00+05:30,53615.1,lorentzian_new_short,lorentzian_exit_short,915.04,71.92,3.74,18.72,820.66,0.88
NSE:BHARTIARTL,SHORT,45,2025-05-08T15:15:00+05:30,1864.5,2025-05-09T12:15:00+05:30,1839.7,lorentzian_new_short,lorentzian_exit_short,1116.0,248.28,16.67,50.01,801.05,0.88
NSE:HDFCBANK,SHORT,165,2025-05-09T09:15:00+05:30,475.32,2025-05-09T13:15:00+05:30,473.02,lorentzian_new_short,lorentzian_exit_short,379.5,74.82,15.65,46.94,242.09,0.17
NSE:ICICIBANK,SHORT,45,2025-05-09T09:15:00+05:30,1404.6,2025-05-09T13:15:00+05:30,1390.0,lorentzian_new_short,lorentzian_exit_short,657.0,69.43,12.58,37.73,537.26,0.17
NSE:TATASTEEL,SHORT,625,2025-05-09T09:15:00+05:30,142.26,2025-05-09T13:15:00+05:30,142.7,lorentzian_new_short,lorentzian_exit_short,-275.0,78.56,17.81,53.43,-424.8,0.17
NSE:ITC,SHORT,170,2025-05-07T09:15:00+05:30,432.3,2025-05-12T09:15:00+05:30,433.85,lorentzian_new_short,lorentzian_new_long,-263.5,226.77,14.72,44.17,-549.17,5.0
NSE:SENSEX,LONG,1.1074690966610912,2025-05-12T09:15:00+05:30,81648.08,2025-05-12T13:15:00+05:30,82216.68,lorentzian_new_long,lorentzian_exit_long,629.71,71.14,3.63,18.15,536.79,0.17
NSE:HDFCBANK,LONG,165,2025-05-12T09:15:00+05:30,487.95,2025-05-12T13:15:00+05:30,488.73,lorentzian_new_long,lorentzian_exit_long,127.88,75.61,16.12,48.35,-12.2,0.17
NSE:NIFTY,LONG,3.9354089678712265,2025-05-12T09:15:00+05:30,24682.65,2025-05-12T13:15:00+05:30,24866.2,lorentzian_new_long,lorentzian_exit_long,722.34,72.93,3.9,19.5,626.02,0.17
NSE:SBIN,LONG,120,2025-05-12T09:15:00+05:30,795.15,2025-05-12T13:15:00+05:30,801.0,lorentzian_new_long,lorentzian_exit_long,702.0,81.03,19.15,57.46,544.35,0.17
NSE:TCS,LONG,25,2025-05-12T09:15:00+05:30,3536.8,2025-05-12T13:15:00+05:30,3609.8,lorentzian_new_long,lorentzian_exit_long,1825.0,78.89,17.87,53.6,1674.65,0.17
NSE:ITC,LONG,170,2025-05-12T09:15:00+05:30,433.85,2025-05-12T13:15:00+05:30,434.55,lorentzian_new_long,lorentzian_exit_long,119.0,73.23,14.76,44.29,-13.28,0.17
NSE:WIPRO,LONG,420,2025-04-23T10:15:00+05:30,241.45,2025-05-12T13:15:00+05:30,257.7,lorentzian_new_long,lorentzian_exit_long,6825.0,295.58,20.96,62.89,6445.56,19.12
NSE:HINDUNILVR,LONG,35,2025-05-12T09:15:00+05:30,2385.5,2025-05-12T13:15:00+05:30,2379.5,lorentzian_new_long,lorentzian_exit_long,-210.0,76.57,16.68,50.03,-353.28,0.17
NSE:TATASTEEL,LONG,600,2025-05-12T09:15:00+05:30,147.74,2025-05-12T13:15:00+05:30,151.25,lorentzian_new_long,lorentzian_exit_long,2106.0,79.05,17.94,53.82,1955.2,0.17
NSE:ADANIGREEN,LONG,65,2025-05-12T09:15:00+05:30,934.95,2025-05-12T13:15:00+05:30,935.1,lorentzian_new_long,lorentzian_exit_long,9.75,68.62,12.16,36.47,-107.49,0.17
NSE:BHARTIARTL,SHORT,45,2025-05-13T11:15:00+05:30,1840.2,2025-05-13T15:15:00+05:30,1824.5,lorentzian_new_short,lorentzian_exit_short,706.5,76.34,16.49,49.47,564.2,0.17
NSE:ITC,SHORT,170,2025-05-13T12:15:00+05:30,426.8,2025-05-14T09:15:00+05:30,430.8,lorentzian_new_short,lorentzian_exit_short,-680.0,225.19,14.58,43.74,-963.51,0.88
NSE:BANKNIFTY,SHORT,1.7352477203703038,2025-05-14T12:15:00+05:30,54682.95,2025-05-15T09:15:00+05:30,54562.75,lorentzian_new_short,lorentzian_exit_short,208.58,72.16,3.79,18.96,113.66,0.88
NSE:HDFCBANK,SHORT,165,2025-05-14T12:15:00+05:30,477.12,2025-05-15T13:15:00+05:30,485.68,lorentzian_new_short,lorentzian_new_long,-1410.75,239.77,15.89,47.66,-1714.06,1.04
NSE:TATACONSUM,LONG,65,2025-05-15T12:15:00+05:30,1145.9,2025-05-16T09:15:00+05:30,1147.9,lorentzian_new_long,lorentzian_exit_long,130.0,228.8,14.91,44.73,-158.44,0.88
NSE:HDFCBANK,LONG,160,2025-05-15T13:15:00+05:30,485.68,2025-05-16T10:15:00+05:30,483.25,lorentzian_new_long,lorentzian_exit_long,-388.0,235.43,15.5,46.51,-685.44,0.88
NSE:BANKNIFTY,LONG,1.7139767319130912,2025-05-15T13:15:00+05:30,55427.7,2025-05-16T10:15:00+05:30,55273.5,lorentzian_new_long,lorentzian_exit_long,-264.3,72.14,3.79,18.97,-359.21,0.88
NSE:ITC,LONG,165,2025-05-15T13:15:00+05:30,434.65,2025-05-16T10:15:00+05:30,435.05,lorentzian_new_long,lorentzian_exit_long,66.0,222.59,14.35,43.05,-213.99,0.88
NSE:INFY,SHORT,55,2025-05-19T09:15:00+05:30,1572.0,2025-05-19T13:15:00+05:30,1566.1,lorentzian_new_short,lorentzian_exit_short,324.5,77.65,17.26,51.78,177.81,0.17
NSE:WIPRO,SHORT,430,2025-05-19T11:15:00+05:30,251.79,2025-05-19T15:15:00+05:30,251.55,lorentzian_new_short,lorentzian_exit_short,103.2,85.35,21.64,64.93,-68.73,0.17
NSE:SENSEX,LONG,1.0999914987633164,2025-05-15T13:15:00+05:30,82689.65,2025-05-20T12:15:00+05:30,81491.89,lorentzian_new_long,lorentzian_new_short,-1317.53,70.85,3.61,18.06,-1410.04,4.96
NSE:NIFTY,LONG,3.896236477415715,2025-05-15T13:15:00+05:30,25091.0,2025-05-20T12:15:00+05:30,24790.7,lorentzian_new_long,lorentzian_new_short,-1170.04,72.67,3.89,19.44,-1266.03,4.96
NSE:HDFCBANK,SHORT,160,2025-05-20T09:15:00+05:30,479.32,2025-05-20T13:15:00+05:30,479.57,lorentzian_new_short,lorentzian_exit_short,-40.0,74.23,15.34,46.03,-175.6,0.17
NSE:TATACONSUM,SHORT,65,2025-05-20T09:15:00+05:30,1136.1,2025-05-20T13:15:00+05:30,1133.6,lorentzian_new_short,lorentzian_exit_short,162.5,73.22,14.75,44.26,30.27,0.17
NSE:SENSEX,SHORT,1.0989079383095497,2025-05-20T12:15:00+05:30,81491.89,2025-05-21T09:15:00+05:30,81767.73,lorentzian_new_short,lorentzian_exit_short,-303.12,70.78,3.59,17.94,-395.43,0.88
NSE:NIFTY,SHORT,3.892517119727576,2025-05-20T12:15:00+05:30,24790.7,2025-05-21T09:15:00+05:30,24869.2,lorentzian_new_short,lorentzian_exit_short,-305.56,72.61,3.87,19.33,-401.37,0.88
NSE:BANKNIFTY,SHORT,1.7204918376351528,2025-05-20T12:15:00+05:30,55009.65,2025-05-21T09:15:00+05:30,55260.3,lorentzian_new_short,lorentzian_exit_short,-431.24,72.13,3.79,18.97,-526.13,0.88
NSE:HINDUNILVR,SHORT,35,2025-05-20T12:15:00+05:30,2357.4,2025-05-21T09:15:00+05:30,2366.4,lorentzian_new_short,lorentzian_exit_short,-315.0,246.88,16.53,49.6,-628.01,0.88
NSE:SBIN,SHORT,125,2025-05-20T13:15:00+05:30,785.7,2025-05-21T10:15:00+05:30,788.75,lorentzian_new_short,lorentzian_exit_short,-381.25,281.85,19.68,59.04,-741.83,0.88
NSE:LT,SHORT,20,2025-05-20T14:15:00+05:30,3571.4,2025-05-21T11:15:00+05:30,3581.8,lorentzian_new_short,lorentzian_exit_short,-208.0,222.12,14.31,42.92,-487.35,0.88
NSE:HDFCBANK,LONG,160,2025-05-21T09:15:00+05:30,485.4,2025-05-21T13:15:00+05:30,481.6,lorentzian_new_long,lorentzian_exit_long,-608.0,74.4,15.47,46.42,-744.29,0.17
NSE:TATACONSUM,LONG,65,2025-05-21T10:15:00+05:30,1148.5,2025-05-21T14:15:00+05:30,1138.4,lorentzian_new_long,lorentzian_exit_long,-656.5,73.32,14.86,44.59,-789.28,0.17
NSE:ICICIBANK,LONG,45,2025-05-15T13:15:00+05:30,1453.0,2025-05-22T11:15:00+05:30,1428.3,lorentzian_new_long,lorentzian_new_short,-1111.5,207.29,12.97,38.9,-1370.66,6.92
NSE:HDFCBANK,SHORT,160,2025-05-22T09:15:00+05:30,478.23,2025-05-22T13:15:00+05:30,477.9,lorentzian_new_short,lorentzian_exit_short,52.0,74.16,15.3,45.89,-83.36,0.17
NSE:TCS,SHORT,25,2025-05-22T09:15:00+05:30,3485.7,2025-05-22T13:15:00+05:30,3469.2,lorentzian_new_short,lorentzian_exit_short,412.5,77.89,17.39,52.16,265.06,0.17
NSE:ITC,SHORT,170,2025-05-22T09:15:00+05:30,425.9,2025-05-22T13:15:00+05:30,424.45,lorentzian_new_short,lorentzian_exit_short,246.5,72.7,14.46,43.37,115.97,0.17
NSE:ICICIBANK,SHORT,45,2025-05-22T11:15:00+05:30,1428.3,2025-05-22T15:15:00+05:30,1440.0,lorentzian_new_short,lorentzian_exit_short,-526.5,69.89,12.91,38.72,-648.02,0.17
NSE:TATACONSUM,SHORT,65,2025-05-22T12:15:00+05:30,1121.5,2025-05-23T09:15:00+05:30,1145.9,lorentzian_new_short,lorentzian_exit_short,-1586.0,227.02,14.74,44.21,-1871.97,0.88
NSE:INFY,LONG,55,2025-05-23T09:15:00+05:30,1583.8,2025-05-23T13:15:00+05:30,1572.5,lorentzian_new_long,lorentzian_exit_long,-621.5,77.72,17.36,52.08,-768.66,0.17
NSE:SENSEX,LONG,1.089363774566824,2025-05-23T10:15:00+05:30,81843.95,2025-05-23T14:15:00+05:30,81726.19,lorentzian_new_long,lorentzian_exit_long,-128.28,70.64,3.56,17.82,-220.3,0.17
NSE:NIFTY,LONG,3.8608947310487163,2025-05-23T10:15:00+05:30,24890.1,2025-05-23T14:15:00+05:30,24850.75,lorentzian_new_long,lorentzian_exit_long,-151.93,72.46,3.84,19.2,-247.43,0.17
NSE:ICICIBANK,LONG,45,2025-05-23T10:15:00+05:30,1449.2,2025-05-23T14:15:00+05:30,1449.6,lorentzian_new_long,lorentzian_exit_long,18.0,70.19,13.04,39.13,-104.37,0.17
NSE:BANKNIFTY,LONG,1.7016881079147534,2025-05-23T10:15:00+05:30,55309.25,2025-05-23T14:15:00+05:30,55391.25,lorentzian_new_long,lorentzian_exit_long,139.54,72.0,3.77,18.84,44.93,0.17
NSE:TCS,LONG,25,2025-05-23T10:15:00+05:30,3527.9,2025-05-23T14:15:00+05:30,3514.1,lorentzian_new_long,lorentzian_exit_long,-345.0,78.19,17.61,52.81,-493.61,0.17
NSE:WIPRO,LONG,430,2025-05-23T10:15:00+05:30,250.08,2025-05-23T14:15:00+05:30,247.47,lorentzian_new_long,lorentzian_exit_long,-1122.3,84.78,21.39,64.18,-1292.66,0.17
NSE:LT,LONG,20,2025-05-23T10:15:00+05:30,3612.8,2025-05-23T14:15:00+05:30,3600.0,lorentzian_new_long,lorentzian_exit_long,-256.0,72.59,14.43,43.28,-386.3,0.17
NSE:ICICIBANK,SHORT,45,2025-05-27T10:15:00+05:30,1449.5,2025-05-27T14:15:00+05:30,1447.9,lorentzian_new_short,lorentzian_exit_short,72.0,70.18,13.04,39.11,-50.34,0.17
NSE:SBIN,LONG,120,2025-05-27T11:15:00+05:30,800.7,2025-05-27T15:15:00+05:30,794.25,lorentzian_new_long,lorentzian_exit_long,-774.0,80.84,19.14,57.42,-931.4,0.17
NSE:SENSEX,SHORT,1.093800401833366,2025-05-27T13:15:00+05:30,81311.17,2025-05-28T10:15:00+05:30,81346.89,lorentzian_new_short,lorentzian_exit_short,-39.07,70.61,3.56,17.79,-131.03,0.88
NSE:TATASTEEL,SHORT,560,2025-05-27T14:15:00+05:30,161.7,2025-05-28T11:15:00+05:30,160.86,lorentzian_new_short,lorentzian_exit_short,470.4,263.82,18.06,54.19,134.33,0.88
NSE:HINDUNILVR,SHORT,35,2025-05-28T15:15:00+05:30,2365.0,2025-05-29T12:15:00+05:30,2362.2,lorentzian_new_short,lorentzian_exit_short,98.0,246.98,16.55,49.64,-215.16,0.88
NSE:TATASTEEL,LONG,550,2025-05-29T12:15:00+05:30,163.77,2025-05-30T09:15:00+05:30,161.95,lorentzian_new_long,lorentzian_exit_long,-1001.0,262.28,17.91,53.74,-1334.94,0.88
NSE:INFY,SHORT,55,2025-05-30T09:15:00+05:30,1561.1,2025-05-30T13:15:00+05:30,1567.0,lorentzian_new_short,lorentzian_exit_short,-324.5,77.48,17.2,51.61,-470.8,0.17
NSE:HCLTECH,LONG,45,2025-05-08T11:15:00+05:30,1597.7,2025-05-30T14:15:00+05:30,1635.7,lorentzian_new_long,lorentzian_new_short,1710.0,224.69,14.55,43.65,1427.11,22.12
NSE:TCS,SHORT,25,2025-05-30T14:15:00+05:30,3461.7,2025-06-02T11:15:00+05:30,3442.0,lorentzian_new_short,lorentzian_exit_short,492.5,254.88,17.26,51.78,168.58,2.88
NSE:HCLTECH,SHORT,45,2025-05-30T14:15:00+05:30,1635.7,2025-06-02T11:15:00+05:30,1629.0,lorentzian_new_short,lorentzian_exit_short,301.5,226.36,14.69,44.07,16.38,2.88
NSE:NIFTY,SHORT,3.8992897704600233,2025-06-02T09:15:00+05:30,24581.75,2025-06-02T13:15:00+05:30,24693.85,lorentzian_new_short,lorentzian_exit_short,-437.11,72.45,3.84,19.21,-532.61,0.17
NSE:WIPRO,SHORT,430,2025-06-02T09:15:00+05:30,247.12,2025-06-02T13:15:00+05:30,247.76,lorentzian_new_short,lorentzian_exit_short,-275.2,84.67,21.28,63.84,-444.99,0.17
NSE:TATASTEEL,SHORT,560,2025-06-02T09:15:00+05:30,158.4,2025-06-02T13:15:00+05:30,159.08,lorentzian_new_short,lorentzian_exit_short,-380.8,78.49,17.78,53.34,-530.4,0.17
NSE:ADANIGREEN,LONG,60,2025-05-26T09:15:00+05:30,1002.25,2025-06-03T12:15:00+05:30,995.5,lorentzian_new_long,lorentzian_new_short,-405.0,196.36,11.99,35.96,-649.3,8.12
NSE:LT,SHORT,20,2025-06-03T09:15:00+05:30,3641.9,2025-06-03T13:15:00+05:30,3628.9,lorentzian_new_short,lorentzian_exit_short,260.0,72.85,14.54,43.62,128.98,0.17
NSE:ADANIGREEN,SHORT,60,2025-06-03T12:15:00+05:30,995.5,2025-06-04T09:15:00+05:30,989.9,lorentzian_new_short,lorentzian_exit_short,336.0,195.48,11.91,35.74,92.87,0.88
NSE:BHARTIARTL,LONG,45,2025-05-15T13:15:00+05:30,1855.9,2025-06-04T13:15:00+05:30,1876.0,lorentzian_new_long,lorentzian_exit_long,904.5,249.68,16.79,50.38,587.65,20.0
NSE:SENSEX,LONG,1.0916201047301273,2025-06-05T09:15:00+05:30,81353.9,2025-06-05T13:15:00+05:30,81315.17,lorentzian_new_long,lorentzian_exit_long,-42.28,70.56,3.55,17.76,-134.15,0.17
NSE:NIFTY,LONG,3.8540912006655503,2025-06-05T09:15:00+05:30,24732.25,2025-06-05T13:15:00+05:30,24713.55,lorentzian_new_long,lorentzian_exit_long,-72.07,72.27,3.81,19.06,-167.21,0.17
NSE:ADANIGREEN,LONG,60,2025-06-05T09:15:00+05:30,1014.9,2025-06-05T13:15:00+05:30,1006.1,lorentzian_new_long,lorentzian_exit_long,-528.0,68.51,12.13,36.38,-645.02,0.17
NSE:ICICIBANK,LONG,45,2025-06-05T10:15:00+05:30,1443.7,2025-06-05T14:15:00+05:30,1455.0,lorentzian_new_long,lorentzian_exit_long,508.5,70.24,13.04,39.13,386.08,0.17
NSE:HCLTECH,LONG,45,2025-06-05T11:15:00+05:30,1651.0,2025-06-05T15:15:00+05:30,1632.3,lorentzian_new_long,lorentzian_exit_long,-841.5,73.14,14.77,44.32,-973.74,0.17
NSE:HINDUNILVR,LONG,35,2025-06-05T11:15:00+05:30,2376.9,2025-06-05T15:15:00+05:30,2376.0,lorentzian_new_long,lorentzian_exit_long,-31.5,76.51,16.64,49.91,-174.55,0.17
NSE:INFY,LONG,55,2025-06-05T12:15:00+05:30,1557.5,2025-06-06T09:15:00+05:30,1548.0,lorentzian_new_long,lorentzian_exit_long,-522.5,252.97,17.08,51.24,-843.79,0.88
NSE:WIPRO,LONG,430,2025-06-05T12:15:00+05:30,248.0,2025-06-06T09:15:00+05:30,248.39,lorentzian_new_long,lorentzian_exit_long,167.7,300.31,21.34,64.03,-217.99,0.88
NSE:SBIN,LONG,115,2025-06-09T09:15:00+05:30,820.3,2025-06-09T13:15:00+05:30,821.05,lorentzian_new_long,lorentzian_exit_long,86.25,80.47,18.88,56.63,-69.73,0.17
NSE:TCS,LONG,25,2025-06-09T09:15:00+05:30,3423.2,2025-06-09T13:15:00+05:30,3422.8,lorentzian_new_long,lorentzian_exit_long,-10.0,77.36,17.12,51.34,-155.82,0.17
NSE:BHARTIARTL,SHORT,45,2025-06-09T09:15:00+05:30,1855.1,2025-06-09T13:15:00+05:30,1862.6,lorentzian_new_short,lorentzian_exit_short,-337.5,76.64,16.73,50.19,-481.06,0.17
NSE:ITC,LONG,170,2025-06-09T11:15:00+05:30,423.2,2025-06-09T15:15:00+05:30,423.0,lorentzian_new_long,lorentzian_exit_long,-34.0,72.55,14.39,43.16,-164.09,0.17
NSE:ICICIBANK,SHORT,45,2025-06-10T09:15:00+05:30,1420.3,2025-06-10T13:15:00+05:30,1423.6,lorentzian_new_short,lorentzian_exit_short,-148.5,69.74,12.8,38.39,-269.43,0.17
NSE:TATACONSUM,LONG,65,2025-06-10T09:15:00+05:30,1123.8,2025-06-10T13:15:00+05:30,1119.1,lorentzian_new_long,lorentzian_exit_long,-305.5,72.86,14.58,43.74,-436.67,0.17
NSE:HDFCBANK,SHORT,155,2025-06-11T09:15:00+05:30,489.57,2025-06-11T13:15:00+05:30,488.57,lorentzian_new_short,lorentzian_exit_short,155.0,73.94,15.16,45.48,20.42,0.17
NSE:TATACONSUM,SHORT,65,2025-06-11T12:15:00+05:30,1107.6,2025-06-12T09:15:00+05:30,1099.1,lorentzian_new_short,lorentzian_exit_short,552.5,222.48,14.34,43.03,272.65,0.88
NSE:SBIN,SHORT,120,2025-06-12T09:15:00+05:30,811.8,2025-06-12T13:15:00+05:30,802.8,lorentzian_new_short,lorentzian_exit_short,1080.0,81.46,19.38,58.13,921.04,0.17
NSE:HINDUNILVR,SHORT,35,2025-06-12T09:15:00+05:30,2350.0,2025-06-12T13:15:00+05:30,2334.8,lorentzian_new_short,lorentzian_exit_short,532.0,76.15,16.4,49.19,390.26,0.17
NSE:SENSEX,SHORT,1.0787919020676815,2025-06-12T10:15:00+05:30,82197.32,2025-06-12T14:15:00+05:30,81722.19,lorentzian_new_short,lorentzian_exit_short,512.57,70.52,3.54,17.68,420.83,0.17
NSE:NIFTY,SHORT,3.799132253420686,2025-06-12T10:15:00+05:30,25046.15,2025-06-12T14:15:00+05:30,24887.55,lorentzian_new_short,lorentzian_exit_short,602.54,72.22,3.79,18.97,507.56,0.17
NSE:BANKNIFTY,SHORT,1.6734862160544242,2025-06-12T10:15:00+05:30,56268.1,2025-06-12T14:15:00+05:30,56076.9,lorentzian_new_short,lorentzian_exit_short,319.97,71.97,3.76,18.8,225.44,0.17
NSE:ITC,SHORT,170,2025-06-12T10:15:00+05:30,421.1,2025-06-12T14:15:00+05:30,421.0,lorentzian_new_short,lorentzian_exit_short,17.0,72.43,14.32,42.95,-112.69,0.17
NSE:TCS,SHORT,25,2025-06-12T13:15:00+05:30,3428.6,2025-06-13T10:15:00+05:30,3436.5,lorentzian_new_short,lorentzian_exit_short,-197.5,253.86,17.16,51.49,-520.01,0.88
NSE:LT,SHORT,20,2025-06-12T10:15:00+05:30,3655.1,2025-06-16T10:15:00+05:30,3643.3,lorentzian_new_short,lorentzian_new_long,236.0,225.32,14.6,43.79,-47.7,4.0
NSE:NIFTY,LONG,3.8407129689481625,2025-06-16T10:15:00+05:30,24906.75,2025-06-16T14:15:00+05:30,24950.7,lorentzian_new_long,lorentzian_exit_long,168.8,72.41,3.83,19.15,73.41,0.17
NSE:LT,LONG,20,2025-06-16T10:15:00+05:30,3643.3,2025-06-16T14:15:00+05:30,3629.9,lorentzian_new_long,lorentzian_exit_long,-268.0,72.81,14.55,43.64,-398.99,0.17
NSE:BHARTIARTL,LONG,45,2025-06-12T09:15:00+05:30,1863.2,2025-06-16T14:15:00+05:30,1861.9,lorentzian_new_long,lorentzian_exit_long,-58.5,249.41,16.76,50.29,-374.96,4.21
NSE:ICICIBANK,LONG,45,2025-06-16T11:15:00+05:30,1423.5,2025-06-16T15:15:00+05:30,1427.9,lorentzian_new_long,lorentzian_exit_long,198.0,69.83,12.83,38.49,76.84,0.17
NSE:HDFCBANK,LONG,160,2025-06-16T12:15:00+05:30,484.57,2025-06-17T09:15:00+05:30,480.43,lorentzian_new_long,lorentzian_exit_long,-664.0,234.75,15.44,46.32,-960.51,0.88
NSE:TCS,SHORT,25,2025-06-18T12:15:00+05:30,3470.4,2025-06-19T09:15:00+05:30,3432.9,lorentzian_new_short,lorentzian_exit_short,937.5,254.84,17.26,51.77,613.63,0.88
NSE:ICICIBANK,SHORT,45,2025-06-19T09:15:00+05:30,1413.4,2025-06-19T13:15:00+05:30,1410.3,lorentzian_new_short,lorentzian_exit_short,139.5,69.61,12.71,38.12,19.07,0.17
NSE:HCLTECH,SHORT,40,2025-06-19T09:15:00+05:30,1704.2,2025-06-19T13:15:00+05:30,1707.8,lorentzian_new_short,lorentzian_exit_short,-144.0,71.24,13.65,40.94,-269.83,0.17
NSE:TATACONSUM,LONG,65,2025-06-19T10:15:00+05:30,1082.7,2025-06-19T14:15:00+05:30,1089.7,lorentzian_new_long,lorentzian_exit_long,455.0,72.13,14.12,42.36,326.38,0.17
NSE:ICICIBANK,LONG,45,2025-06-20T10:15:00+05:30,1425.9,2025-06-20T14:15:00+05:30,1425.0,lorentzian_new_long,lorentzian_exit_long,-40.5,69.8,12.83,38.49,-161.62,0.17
NSE:SBIN,LONG,120,2025-06-20T10:15:00+05:30,795.5,2025-06-20T14:15:00+05:30,796.95,lorentzian_new_long,lorentzian_exit_long,174.0,80.89,19.11,57.33,16.67,0.17
NSE:BANKNIFTY,LONG,1.6815210970134926,2025-06-20T10:15:00+05:30,56132.9,2025-06-20T14:15:00+05:30,56240.95,lorentzian_new_long,lorentzian_exit_long,181.69,72.08,3.78,18.9,86.93,0.17
NSE:ITC,LONG,175,2025-06-20T10:15:00+05:30,418.1,2025-06-20T14:15:00+05:30,418.65,lorentzian_new_long,lorentzian_exit_long,96.25,73.02,14.64,43.93,-35.34,0.17
NSE:HCLTECH,LONG,40,2025-06-20T11:15:00+05:30,1735.6,2025-06-20T15:15:00+05:30,1736.9,lorentzian_new_long,lorentzian_exit_long,52.0,71.68,13.89,41.67,-75.24,0.17
NSE:INFY,LONG,50,2025-06-16T12:15:00+05:30,1629.6,2025-06-23T09:15:00+05:30,1580.8,lorentzian_new_long,lorentzian_new_short,-2440.0,241.69,16.05,48.16,-2745.89,6.88
NSE:ITC,SHORT,175,2025-06-23T09:15:00+05:30,414.5,2025-06-23T13:15:00+05:30,417.15,lorentzian_new_short,lorentzian_exit_short,-463.75,72.8,14.55,43.66,-594.76,0.17
NSE:LT,SHORT,20,2025-06-23T11:15:00+05:30,3610.8,2025-06-23T15:15:00+05:30,3579.0,lorentzian_new_short,lorentzian_exit_short,636.0,72.61,14.38,43.14,505.87,0.17
NSE:WIPRO,SHORT,405,2025-06-23T09:15:00+05:30,262.4,2025-06-24T09:15:00+05:30,268.2,lorentzian_new_short,lorentzian_new_long,-2349.0,302.1,21.49,64.47,-2737.06,1.0
NSE:ADANIGREEN,SHORT,55,2025-06-12T11:15:00+05:30,1029.5,2025-06-24T09:15:00+05:30,987.4,lorentzian_new_short,lorentzian_new_long,2315.5,186.22,11.09,33.28,2084.9,11.92
NSE:TATASTEEL,LONG,580,2025-06-23T13:15:00+05:30,152.96,2025-06-24T10:15:00+05:30,155.6,lorentzian_new_long,lorentzian_exit_long,1531.2,261.89,17.9,53.69,1197.73,0.88
NSE:WIPRO,LONG,385,2025-06-24T09:15:00+05:30,268.2,2025-06-24T13:15:00+05:30,265.43,lorentzian_new_long,lorentzian_exit_long,-1066.45,83.29,20.54,61.63,-1231.92,0.17
NSE:ADANIGREEN,LONG,60,2025-06-24T09:15:00+05:30,987.4,2025-06-24T13:15:00+05:30,984.5,lorentzian_new_long,lorentzian_exit_long,-174.0,68.03,11.83,35.49,-289.36,0.17
NSE:LT,LONG,20,2025-06-24T09:15:00+05:30,3676.0,2025-06-24T13:15:00+05:30,3608.0,lorentzian_new_long,lorentzian_exit_long,-1360.0,72.72,14.57,43.7,-1491.0,0.17
NSE:HCLTECH,SHORT,40,2025-06-24T13:15:00+05:30,1693.0,2025-06-25T10:15:00+05:30,1713.0,lorentzian_new_short,lorentzian_exit_short,-800.0,214.58,13.62,40.87,-1069.08,0.88
NSE:INFY,SHORT,50,2025-06-23T09:15:00+05:30,1580.8,2025-06-25T12:15:00+05:30,1617.7,lorentzian_new_short,lorentzian_new_long,-1845.0,240.98,15.99,47.98,-2149.95,2.12
NSE:INFY,LONG,50,2025-06-25T12:15:00+05:30,1617.7,2025-06-26T09:15:00+05:30,1610.1,lorentzian_new_long,lorentzian_exit_long,-380.0,242.5,16.14,48.42,-687.06,0.88
NSE:HINDUNILVR,LONG,35,2025-06-26T09:15:00+05:30,2285.6,2025-06-26T13:15:00+05:30,2280.5,lorentzian_new_long,lorentzian_exit_long,-178.5,75.34,15.98,47.94,-317.77,0.17
NSE:SBIN,SHORT,120,2025-06-26T10:15:00+05:30,791.85,2025-06-27T09:15:00+05:30,806.35,lorentzian_new_short,lorentzian_new_long,-1740.0,276.38,19.18,57.54,-2093.09,0.96
NSE:LT,LONG,20,2025-06-26T13:15:00+05:30,3657.7,2025-06-27T10:15:00+05:30,3691.7,lorentzian_new_long,lorentzian_exit_long,680.0,226.42,14.7,44.1,394.79,0.88
NSE:ITC,LONG,170,2025-06-26T14:15:00+05:30,420.0,2025-06-27T11:15:00+05:30,420.0,lorentzian_new_long,lorentzian_exit_long,0.0,221.81,14.28,42.84,-278.93,0.88
NSE:SBIN,LONG,115,2025-06-27T09:15:00+05:30,806.35,2025-06-27T13:15:00+05:30,804.45,lorentzian_new_long,lorentzian_exit_long,-218.5,79.82,18.52,55.57,-372.42,0.17
NSE:TATACONSUM,SHORT,65,2025-06-27T14:15:00+05:30,1124.6,2025-06-30T11:15:00+05:30,1096.9,lorentzian_new_short,lorentzian_exit_short,1800.5,223.45,14.44,43.32,1519.29,2.88
NSE:ITC,SHORT,170,2025-06-30T12:15:00+05:30,416.25,2025-07-01T09:15:00+05:30,416.7,lorentzian_new_short,lorentzian_exit_short,-76.5,220.49,14.16,42.48,-353.63,0.88
NSE:TATASTEEL,SHORT,565,2025-07-01T09:15:00+05:30,158.2,2025-07-01T13:15:00+05:30,159.79,lorentzian_new_short,lorentzian_exit_short,-898.35,78.76,17.97,53.9,-1048.98,0.17
NSE:TCS,SHORT,25,2025-07-01T13:15:00+05:30,3419.8,2025-07-02T09:15:00+05:30,3468.8,lorentzian_new_short,lorentzian_new_long,-1225.0,254.59,17.22,51.66,-1548.48,0.83
NSE:NIFTY,LONG,3.8267812727830854,2025-06-20T10:15:00+05:30,25016.55,2025-07-02T13:15:00+05:30,25415.3,lorentzian_new_long,lorentzian_new_short,1525.93,72.73,3.86,19.3,1430.04,12.12
NSE:TCS,LONG,25,2025-07-02T09:15:00+05:30,3468.8,2025-07-02T13:15:00+05:30,3431.8,lorentzian_new_long,lorentzian_exit_long,-925.0,77.5,17.25,51.75,-1071.51,0.17
NSE:LT,SHORT,20,2025-07-02T10:15:00+05:30,3633.1,2025-07-02T14:15:00+05:30,3600.1,lorentzian_new_short,lorentzian_exit_short,660.0,72.77,14.47,43.4,529.37,0.17
NSE:TATASTEEL,LONG,540,2025-07-02T11:15:00+05:30,164.14,2025-07-02T15:15:00+05:30,165.95,lorentzian_new_long,lorentzian_exit_long,977.4,78.72,17.82,53.47,827.38,0.17
NSE:ICICIBANK,SHORT,45,2025-07-01T10:15:00+05:30,1434.9,2025-07-03T09:15:00+05:30,1442.9,lorentzian_new_short,lorentzian_new_long,-360.0,207.06,12.95,38.85,-618.86,1.96
NSE:SENSEX,SHORT,1.0696964994348341,2025-07-02T13:15:00+05:30,83288.46,2025-07-03T10:15:00+05:30,83758.56,lorentzian_new_short,lorentzian_exit_short,-502.86,70.67,3.57,17.87,-594.98,0.88
NSE:HDFCBANK,SHORT,150,2025-07-02T13:15:00+05:30,495.2,2025-07-03T10:15:00+05:30,501.5,lorentzian_new_short,lorentzian_new_long,-945.0,229.33,14.95,44.85,-1234.14,0.88
NSE:NIFTY,SHORT,3.8228399400529236,2025-07-02T13:15:00+05:30,25415.3,2025-07-03T10:15:00+05:30,25554.2,lorentzian_new_short,lorentzian_exit_short,-530.99,72.79,3.9,19.48,-627.17,0.88
NSE:SBIN,SHORT,115,2025-07-02T13:15:00+05:30,810.5,2025-07-03T10:15:00+05:30,811.25,lorentzian_new_short,lorentzian_exit_short,-86.25,270.38,18.65,55.95,-431.23,0.88
NSE:BANKNIFTY,SHORT,1.6607206707457551,2025-07-02T13:15:00+05:30,56888.15,2025-07-03T10:15:00+05:30,57103.6,lorentzian_new_short,lorentzian_exit_short,-357.8,72.08,3.79,18.93,-452.6,0.88
NSE:ICICIBANK,LONG,45,2025-07-03T09:15:00+05:30,1442.9,2025-07-03T13:15:00+05:30,1428.0,lorentzian_new_long,lorentzian_exit_long,-670.5,69.89,12.92,38.76,-792.07,0.17
NSE:HDFCBANK,LONG,150,2025-07-03T10:15:00+05:30,501.5,2025-07-03T14:15:00+05:30,496.55,lorentzian_new_long,lorentzian_exit_long,-742.5,73.5,14.97,44.91,-875.88,0.17
NSE:TATASTEEL,SHORT,550,2025-07-04T11:15:00+05:30,162.8,2025-07-04T15:15:00+05:30,163.1,lorentzian_new_short,lorentzian_exit_short,-165.0,78.77,17.92,53.77,-315.47,0.17
NSE:ADANIGREEN,SHORT,60,2025-07-04T11:15:00+05:30,1000.9,2025-07-04T15:15:00+05:30,998.1,lorentzian_new_short,lorentzian_exit_short,168.0,68.36,11.99,35.98,51.67,0.17
NSE:TATACONSUM,LONG,65,2025-07-07T10:15:00+05:30,1100.1,2025-07-07T14:15:00+05:30,1099.7,lorentzian_new_long,lorentzian_exit_long,-26.0,72.4,14.3,42.9,-155.59,0.17
NSE:HCLTECH,SHORT,40,2025-07-08T09:15:00+05:30,1691.7,2025-07-08T13:15:00+05:30,1711.0,lorentzian_new_short,lorentzian_exit_short,-772.0,71.1,13.61,40.83,-897.54,0.17
NSE:TCS,SHORT,25,2025-07-08T10:15:00+05:30,3399.2,2025-07-08T14:15:00+05:30,3407.5,lorentzian_new_short,lorentzian_exit_short,-207.5,77.17,17.02,51.05,-352.73,0.17
NSE:SENSEX,LONG,1.056741248104192,2025-07-08T14:15:00+05:30,83748.2,2025-07-09T11:15:00+05:30,83750.23,lorentzian_new_long,lorentzian_exit_long,2.15,70.49,3.54,17.7,-89.59,0.88
NSE:LT,LONG,20,2025-07-08T14:15:00+05:30,3610.3,2025-07-09T11:15:00+05:30,3577.0,lorentzian_new_long,lorentzian_exit_long,-666.0,222.91,14.37,43.12,-946.41,0.88
NSE:ADANIGREEN,LONG,60,2025-07-09T09:15:00+05:30,998.0,2025-07-09T13:15:00+05:30,997.9,lorentzian_new_long,lorentzian_exit_long,-6.0,68.3,11.98,35.93,-122.2,0.17
NSE:ITC,LONG,170,2025-07-09T11:15:00+05:30,419.9,2025-07-09T15:15:00+05:30,419.1,lorentzian_new_long,lorentzian_exit_long,-136.0,72.32,14.26,42.79,-265.37,0.17
NSE:BHARTIARTL,SHORT,40,2025-07-10T09:15:00+05:30,1987.4,2025-07-10T13:15:00+05:30,1973.3,lorentzian_new_short,lorentzian_exit_short,564.0,75.18,15.84,47.53,425.45,0.17
NSE:INFY,SHORT,45,2025-07-10T13:15:00+05:30,1613.5,2025-07-11T10:15:00+05:30,1594.3,lorentzian_new_short,lorentzian_exit_short,864.0,223.47,14.44,43.31,582.79,0.88
NSE:WIPRO,LONG,380,2025-06-25T12:15:00+05:30,269.54,2025-07-11T10:15:00+05:30,259.15,lorentzian_new_long,lorentzian_new_short,-3948.2,286.67,20.09,60.27,-4315.23,15.92
NSE:TATASTEEL,LONG,555,2025-07-10T13:15:00+05:30,161.0,2025-07-11T10:15:00+05:30,160.21,lorentzian_new_long,lorentzian_exit_long,-438.45,261.26,17.83,53.48,-771.02,0.88
NSE:TATACONSUM,SHORT,65,2025-07-10T15:15:00+05:30,1086.0,2025-07-11T12:15:00+05:30,1080.6,lorentzian_new_short,lorentzian_exit_short,351.0,219.6,14.08,42.25,75.07,0.88
NSE:SENSEX,SHORT,1.067438076618826,2025-07-11T09:15:00+05:30,82825.28,2025-07-11T13:15:00+05:30,82558.69,lorentzian_new_short,lorentzian_exit_short,284.57,70.46,3.53,17.65,192.93,0.17
NSE:HDFCBANK,SHORT,145,2025-07-11T09:15:00+05:30,498.6,2025-07-11T13:15:00+05:30,496.6,lorentzian_new_short,lorentzian_exit_short,290.0,72.66,14.43,43.29,159.62,0.17
NSE:ICICIBANK,SHORT,45,2025-07-11T10:15:00+05:30,1415.3,2025-07-11T13:15:00+05:30,1419.8,lorentzian_new_short,lorentzian_exit_short,-202.5,69.66,12.76,38.27,-323.19,0.12
NSE:LT,SHORT,20,2025-07-11T10:15:00+05:30,3555.5,2025-07-11T14:15:00+05:30,3541.5,lorentzian_new_short,lorentzian_exit_short,280.0,72.24,14.19,42.58,150.98,0.17
NSE:SBIN,LONG,115,2025-07-15T09:15:00+05:30,820.5,2025-07-15T13:15:00+05:30,815.4,lorentzian_new_long,lorentzian_exit_long,-586.5,80.29,18.81,56.44,-742.04,0.17
NSE:HDFCBANK,LONG,145,2025-07-15T10:15:00+05:30,499.0,2025-07-15T14:15:00+05:30,499.3,lorentzian_new_long,lorentzian_exit_long,43.5,72.71,14.48,43.43,-87.12,0.17
NSE:INFY,LONG,50,2025-07-15T11:15:00+05:30,1590.7,2025-07-15T14:15:00+05:30,1584.9,lorentzian_new_long,lorentzian_exit_long,-290.0,75.15,15.88,47.63,-428.66,0.12
NSE:WIPRO,SHORT,380,2025-07-11T10:15:00+05:30,259.15,2025-07-16T09:15:00+05:30,259.7,lorentzian_new_short,lorentzian_new_long,-209.0,282.24,19.72,59.15,-570.1,4.96
NSE:ICICIBANK,LONG,45,2025-07-15T14:15:00+05:30,1431.3,2025-07-16T11:15:00+05:30,1423.8,lorentzian_new_long,lorentzian_exit_long,-337.5,205.93,12.85,38.54,-594.82,0.88
NSE:SBIN,LONG,115,2025-07-16T09:15:00+05:30,819.5,2025-07-16T13:15:00+05:30,833.8,lorentzian_new_long,lorentzian_exit_long,1644.5,80.89,19.01,57.04,1487.56,0.17
NSE:WIPRO,LONG,375,2025-07-16T09:15:00+05:30,259.7,2025-07-16T13:15:00+05:30,262.5,lorentzian_new_long,lorentzian_exit_long,1050.0,81.82,19.58,58.75,889.85,0.17
NSE:TATASTEEL,SHORT,565,2025-07-16T09:15:00+05:30,157.11,2025-07-16T13:15:00+05:30,157.56,lorentzian_new_short,lorentzian_exit_short,-254.25,78.5,17.78,53.34,-403.87,0.17
NSE:BANKNIFTY,LONG,1.6423535085524779,2025-07-16T12:15:00+05:30,57249.6,2025-07-17T09:15:00+05:30,56992.6,lorentzian_new_long,lorentzian_exit_long,-422.08,71.85,3.75,18.76,-516.45,0.88
NSE:ICICIBANK,SHORT,45,2025-07-17T09:15:00+05:30,1413.0,2025-07-17T13:15:00+05:30,1417.8,lorentzian_new_short,lorentzian_exit_short,-216.0,69.62,12.74,38.22,-336.58,0.17
NSE:TATACONSUM,LONG,65,2025-07-17T10:15:00+05:30,1092.6,2025-07-17T14:15:00+05:30,1105.4,lorentzian_new_long,lorentzian_exit_long,832.0,72.47,14.29,42.86,702.38,0.17
NSE:NIFTY,LONG,3.827437512440075,2025-07-15T10:15:00+05:30,25221.4,2025-07-18T09:15:00+05:30,25013.3,lorentzian_new_long,lorentzian_new_short,-796.49,72.43,3.85,19.23,-891.99,2.96
NSE:TATASTEEL,LONG,555,2025-07-17T12:15:00+05:30,159.07,2025-07-18T09:15:00+05:30,161.84,lorentzian_new_long,lorentzian_exit_long,1537.35,260.93,17.81,53.43,1205.18,0.88
NSE:HDFCBANK,SHORT,150,2025-07-18T09:15:00+05:30,493.52,2025-07-18T13:15:00+05:30,491.05,lorentzian_new_short,lorentzian_exit_short,371.25,73.27,14.77,44.31,238.91,0.17
NSE:SBIN,SHORT,115,2025-07-18T09:15:00+05:30,823.2,2025-07-18T13:15:00+05:30,823.7,lorentzian_new_short,lorentzian_exit_short,-57.5,80.57,18.94,56.82,-213.83,0.17
NSE:BANKNIFTY,SHORT,1.6577024846594517,2025-07-18T09:15:00+05:30,56408.9,2025-07-18T13:15:00+05:30,56303.9,lorentzian_new_short,lorentzian_exit_short,174.06,71.8,3.74,18.68,79.83,0.17
NSE:HINDUNILVR,SHORT,30,2025-07-18T09:15:00+05:30,2498.3,2025-07-18T13:15:00+05:30,2485.2,lorentzian_new_short,lorentzian_exit_short,393.0,73.59,14.95,44.85,259.61,0.17
NSE:ITC,SHORT,170,2025-07-18T11:15:00+05:30,420.75,2025-07-18T15:15:00+05:30,422.0,lorentzian_new_short,lorentzian_exit_short,-212.5,72.42,14.33,42.98,-342.23,0.17
NSE:ICICIBANK,LONG,40,2025-07-18T14:15:00+05:30,1426.2,2025-07-21T11:15:00+05:30,1459.6,lorentzian_new_long,lorentzian_exit_long,1336.0,191.3,11.54,34.63,1098.53,2.88
NSE:INFY,SHORT,50,2025-07-21T09:15:00+05:30,1580.4,2025-07-21T13:15:00+05:30,1583.0,lorentzian_new_short,lorentzian_exit_short,-130.0,75.06,15.82,47.45,-268.33,0.17
NSE:TATACONSUM,SHORT,65,2025-07-21T09:15:00+05:30,1082.8,2025-07-21T13:15:00+05:30,1090.4,lorentzian_new_short,lorentzian_exit_short,-494.0,72.04,14.13,42.38,-622.54,0.17
NSE:BANKNIFTY,LONG,1.648330936761235,2025-07-21T11:15:00+05:30,56777.9,2025-07-21T15:15:00+05:30,56916.75,lorentzian_new_long,lorentzian_exit_long,228.87,71.88,3.75,18.74,134.5,0.17
NSE:LT,LONG,20,2025-07-21T11:15:00+05:30,3502.8,2025-07-21T15:15:00+05:30,3503.0,lorentzian_new_long,lorentzian_exit_long,4.0,71.89,14.01,42.03,-123.94,0.17
NSE:NIFTY,SHORT,3.8237261122631088,2025-07-18T09:15:00+05:30,25013.3,2025-07-22T09:15:00+05:30,25111.05,lorentzian_new_short,lorentzian_new_long,-373.77,72.39,3.83,19.17,-469.16,4.0
NSE:SENSEX,LONG,1.071581308277028,2025-07-15T10:15:00+05:30,82684.54,2025-07-22T13:15:00+05:30,82270.29,lorentzian_new_long,lorentzian_exit_long,-443.9,70.42,3.54,17.68,-535.53,7.12
NSE:NIFTY,LONG,3.7902140722949955,2025-07-22T09:15:00+05:30,25111.05,2025-07-22T13:15:00+05:30,25086.45,lorentzian_new_long,lorentzian_exit_long,-93.24,72.23,3.81,19.03,-188.3,0.17
NSE:ADANIGREEN,SHORT,60,2025-07-22T13:15:00+05:30,1018.3,2025-07-23T10:15:00+05:30,1030.5,lorentzian_new_short,lorentzian_exit_short,-732.0,199.79,12.29,36.88,-980.96,0.88
NSE:BHARTIARTL,LONG,40,2025-07-15T11:15:00+05:30,1931.8,2025-07-23T13:15:00+05:30,1936.0,lorentzian_new_long,lorentzian_exit_long,168.0,235.04,15.47,46.41,-128.92,8.08
NSE:SENSEX,SHORT,1.0721754524675187,2025-07-24T11:15:00+05:30,82140.73,2025-07-24T15:15:00+05:30,82147.36,lorentzian_new_short,lorentzian_exit_short,-7.11,70.38,3.52,17.61,-98.63,0.17
NSE:NIFTY,SHORT,3.7920401175168537,2025-07-24T11:15:00+05:30,25049.45,2025-07-24T15:15:00+05:30,25051.9,lorentzian_new_short,lorentzian_exit_short,-9.29,72.2,3.8,19.0,-104.29,0.17
NSE:BANKNIFTY,SHORT,1.6541932326273485,2025-07-25T10:15:00+05:30,56657.75,2025-07-25T14:15:00+05:30,56551.9,lorentzian_new_short,lorentzian_exit_short,175.1,71.86,3.75,18.73,80.76,0.17
NSE:TATASTEEL,SHORT,550,2025-07-25T12:15:00+05:30,161.79,2025-07-28T09:15:00+05:30,161.4,lorentzian_new_short,lorentzian_exit_short,214.5,260.64,17.78,53.33,-117.24,2.88
NSE:WIPRO,SHORT,390,2025-07-28T09:15:00+05:30,252.6,2025-07-28T13:15:00+05:30,249.75,lorentzian_new_short,lorentzian_exit_short,1111.5,81.85,19.59,58.77,951.29,0.17
NSE:LT,SHORT,20,2025-07-28T09:15:00+05:30,3428.9,2025-07-28T13:15:00+05:30,3423.4,lorentzian_new_short,lorentzian_exit_short,110.0,71.36,13.7,41.11,-16.18,0.17
NSE:BHARTIARTL,SHORT,40,2025-07-28T09:15:00+05:30,1916.5,2025-07-28T13:15:00+05:30,1892.5,lorentzian_new_short,lorentzian_exit_short,960.0,74.16,15.24,45.71,824.9,0.17
NSE:ADANIGREEN,LONG,60,2025-07-29T09:15:00+05:30,1008.1,2025-07-29T13:15:00+05:30,1011.6,lorentzian_new_long,lorentzian_exit_long,210.0,68.58,12.12,36.35,92.95,0.17
NSE:LT,LONG,20,2025-07-29T11:15:00+05:30,3445.3,2025-07-29T15:15:00+05:30,3488.0,lorentzian_new_long,lorentzian_exit_long,854.0,71.73,13.87,41.6,726.8,0.17
NSE:BHARTIARTL,LONG,40,2025-07-29T11:15:00+05:30,1921.8,2025-07-29T15:15:00+05:30,1913.7,lorentzian_new_long,lorentzian_exit_long,-324.0,74.2,15.34,46.03,-459.57,0.17
NSE:SENSEX,LONG,1.080646202418147,2025-07-30T09:15:00+05:30,81405.87,2025-07-30T13:15:00+05:30,81511.43,lorentzian_new_long,lorentzian_exit_long,114.07,70.38,3.52,17.61,22.57,0.17
NSE:NIFTY,LONG,3.8193596265574863,2025-07-30T09:15:00+05:30,24843.05,2025-07-30T13:15:00+05:30,24859.95,lorentzian_new_long,lorentzian_exit_long,64.55,72.19,3.8,18.98,-30.42,0.17
NSE:HINDUNILVR,SHORT,35,2025-07-25T11:15:00+05:30,2408.2,2025-07-30T14:15:00+05:30,2439.1,lorentzian_new_short,lorentzian_exit_short,-1081.5,251.74,16.97,50.9,-1401.1,5.12
NSE:SENSEX,SHORT,1.0879814091069973,2025-07-31T09:15:00+05:30,80877.71,2025-07-31T12:15:00+05:30,81625.13,lorentzian_new_short,lorentzian_new_long,-813.18,70.39,3.54,17.68,-904.79,0.12
NSE:NIFTY,SHORT,3.8443605117310957,2025-07-31T09:15:00+05:30,24673.6,2025-07-31T12:15:00+05:30,24900.15,lorentzian_new_short,lorentzian_new_long,-870.94,72.2,3.81,19.06,-966.01,0.12
NSE:ICICIBANK,SHORT,40,2025-07-31T09:15:00+05:30,1466.1,2025-07-31T12:15:00+05:30,1491.0,lorentzian_new_short,lorentzian_new_long,-996.0,67.94,11.83,35.49,-1111.25,0.12
NSE:HINDUNILVR,LONG,30,2025-07-31T09:15:00+05:30,2525.1,2025-07-31T13:15:00+05:30,2537.1,lorentzian_new_long,lorentzian_exit_long,360.0,74.0,15.19,45.56,225.25,0.17
NSE:ADANIGREEN,SHORT,60,2025-07-31T09:15:00+05:30,997.0,2025-07-31T13:15:00+05:30,995.6,lorentzian_new_short,lorentzian_exit_short,84.0,68.28,11.96,35.87,-32.1,0.17
NSE:ITC,LONG,170,2025-07-31T10:15:00+05:30,410.85,2025-07-31T14:15:00+05:30,412.1,lorentzian_new_long,lorentzian_exit_long,212.5,71.88,13.99,41.97,84.66,0.17
NSE:SENSEX,LONG,1.0669675309596323,2025-07-31T12:15:00+05:30,81625.13,2025-08-01T09:15:00+05:30,81174.37,lorentzian_new_long,lorentzian_exit_long,-480.95,70.01,3.47,17.37,-571.81,0.88
NSE:NIFTY,LONG,3.7707039021821482,2025-07-31T12:15:00+05:30,24900.15,2025-08-01T09:15:00+05:30,24745.65,lorentzian_new_long,lorentzian_new_short,-582.57,71.78,3.74,18.72,-676.82,0.88
NSE:ICICIBANK,LONG,40,2025-07-31T12:15:00+05:30,1491.0,2025-08-01T09:15:00+05:30,1483.5,lorentzian_new_long,lorentzian_exit_long,-300.0,195.37,11.9,35.69,-542.96,0.88
NSE:BANKNIFTY,LONG,1.6659409870379334,2025-07-31T12:15:00+05:30,56306.55,2025-08-01T09:15:00+05:30,55982.0,lorentzian_new_long,lorentzian_exit_long,-540.68,71.77,3.74,18.71,-634.9,0.88
NSE:NIFTY,SHORT,3.7669771266969154,2025-08-01T09:15:00+05:30,24745.65,2025-08-01T13:15:00+05:30,24651.75,lorentzian_new_short,lorentzian_exit_short,353.72,71.72,3.72,18.61,259.67,0.17
NSE:TATACONSUM,LONG,65,2025-08-01T10:15:00+05:30,1078.0,2025-08-01T14:15:00+05:30,1069.2,lorentzian_new_long,lorentzian_exit_long,-572.0,71.73,13.96,41.87,-699.56,0.17
NSE:HDFCBANK,LONG,150,2025-07-21T10:15:00+05:30,498.7,2025-08-04T09:15:00+05:30,499.68,lorentzian_new_long,lorentzian_new_short,146.25,229.53,14.98,44.93,-143.18,13.96
NSE:SENSEX,SHORT,1.0743812914938131,2025-08-01T14:15:00+05:30,80531.25,2025-08-04T11:15:00+05:30,80908.15,lorentzian_new_short,lorentzian_exit_short,-404.93,69.99,3.47,17.34,-495.74,2.88
NSE:BANKNIFTY,SHORT,1.6759811749167577,2025-08-01T14:15:00+05:30,55591.55,2025-08-04T11:15:00+05:30,55635.65,lorentzian_new_short,lorentzian_exit_short,-73.91,71.72,3.73,18.64,-168.0,2.88
NSE:LT,SHORT,20,2025-08-01T14:15:00+05:30,3584.0,2025-08-04T11:15:00+05:30,3623.9,lorentzian_new_short,lorentzian_exit_short,-798.0,223.38,14.42,43.25,-1079.05,2.88
NSE:HDFCBANK,SHORT,145,2025-08-04T09:15:00+05:30,499.68,2025-08-04T13:15:00+05:30,497.65,lorentzian_new_short,lorentzian_exit_short,293.63,72.72,14.46,43.38,163.06,0.17
NSE:TATACONSUM,SHORT,65,2025-08-04T10:15:00+05:30,1063.4,2025-08-04T14:15:00+05:30,1071.7,lorentzian_new_short,lorentzian_exit_short,-539.5,71.6,13.88,41.63,-666.61,0.17
NSE:SBIN,SHORT,115,2025-07-23T09:15:00+05:30,813.5,2025-08-05T09:15:00+05:30,798.8,lorentzian_new_short,lorentzian_new_long,1690.5,269.04,18.54,55.62,1347.29,13.0
NSE:TATASTEEL,LONG,560,2025-08-04T12:15:00+05:30,159.55,2025-08-05T09:15:00+05:30,159.32,lorentzian_new_long,lorentzian_exit_long,-128.8,261.57,17.86,53.57,-461.8,0.88
NSE:ICICIBANK,SHORT,40,2025-08-04T13:15:00+05:30,1466.7,2025-08-05T10:15:00+05:30,1448.3,lorentzian_new_short,lorentzian_exit_short,736.0,192.64,11.66,34.98,496.72,0.88
NSE:TCS,LONG,30,2025-08-04T13:15:00+05:30,3059.4,2025-08-05T10:15:00+05:30,3047.5,lorentzian_new_long,lorentzian_exit_long,-357.0,266.74,18.32,54.96,-697.02,0.88
NSE:HCLTECH,LONG,45,2025-08-04T13:15:00+05:30,1471.9,2025-08-05T10:15:00+05:30,1478.4,lorentzian_new_long,lorentzian_exit_long,292.5,210.64,13.28,39.83,28.76,0.88
NSE:BHARTIARTL,LONG,40,2025-08-04T13:15:00+05:30,1919.5,2025-08-05T10:15:00+05:30,1933.7,lorentzian_new_long,lorentzian_exit_long,568.0,234.36,15.41,46.24,271.99,0.88
NSE:SBIN,LONG,120,2025-08-05T09:15:00+05:30,798.8,2025-08-05T13:15:00+05:30,797.1,lorentzian_new_long,lorentzian_exit_long,-204.0,80.93,19.15,57.45,-361.53,0.17
NSE:ITC,SHORT,170,2025-08-06T09:15:00+05:30,412.3,2025-08-06T13:15:00+05:30,411.5,lorentzian_new_short,lorentzian_exit_short,136.0,71.89,14.0,42.01,8.09,0.17
NSE:TCS,SHORT,30,2025-08-06T10:15:00+05:30,3030.9,2025-08-06T14:15:00+05:30,3035.0,lorentzian_new_short,lorentzian_exit_short,-123.0,79.26,18.2,54.59,-275.05,0.17
NSE:HCLTECH,SHORT,45,2025-08-06T15:15:00+05:30,1459.9,2025-08-07T12:15:00+05:30,1461.4,lorentzian_new_short,lorentzian_exit_short,-67.5,209.22,13.15,39.44,-329.3,0.88
NSE:TATASTEEL,SHORT,565,2025-08-07T09:15:00+05:30,157.36,2025-08-07T13:15:00+05:30,158.37,lorentzian_new_short,lorentzian_exit_short,-570.65,78.57,17.84,53.52,-720.58,0.17
NSE:SBIN,SHORT,120,2025-08-07T12:15:00+05:30,794.95,2025-08-08T09:15:00+05:30,801.8,lorentzian_new_short,lorentzian_exit_short,-822.0,276.11,19.16,57.48,-1174.76,0.88
NSE:HINDUNILVR,SHORT,30,2025-08-07T12:15:00+05:30,2497.9,2025-08-08T09:15:00+05:30,2502.9,lorentzian_new_short,lorentzian_exit_short,-150.0,229.85,15.0,45.01,-439.86,0.88
NSE:HCLTECH,LONG,45,2025-08-07T14:15:00+05:30,1475.4,2025-08-08T11:15:00+05:30,1473.3,lorentzian_new_long,lorentzian_exit_long,-94.5,210.59,13.27,39.81,-358.16,0.88
NSE:TATASTEEL,LONG,550,2025-08-07T14:15:00+05:30,159.88,2025-08-08T11:15:00+05:30,157.51,lorentzian_new_long,lorentzian_exit_long,-1303.5,257.21,17.46,52.37,-1630.53,0.88
NSE:BHARTIARTL,SHORT,45,2025-08-08T09:15:00+05:30,1867.5,2025-08-08T13:15:00+05:30,1864.9,lorentzian_new_short,lorentzian_exit_short,117.0,76.81,16.8,50.39,-26.99,0.17
NSE:SBIN,LONG,115,2025-08-11T09:15:00+05:30,819.4,2025-08-11T13:15:00+05:30,823.7,lorentzian_new_long,lorentzian_exit_long,494.5,80.55,18.9,56.69,338.36,0.17
NSE:ITC,LONG,170,2025-08-11T09:15:00+05:30,416.15,2025-08-11T13:15:00+05:30,416.7,lorentzian_new_long,lorentzian_exit_long,93.5,72.16,14.16,42.48,-35.29,0.17
NSE:BANKNIFTY,SHORT,1.6871486595844305,2025-08-07T13:15:00+05:30,55124.3,2025-08-11T14:15:00+05:30,55518.95,lorentzian_new_short,lorentzian_new_long,-665.83,71.7,3.73,18.67,-759.94,4.04
NSE:SENSEX,LONG,1.0674828807581693,2025-08-11T14:15:00+05:30,80588.66,2025-08-12T11:15:00+05:30,80488.94,lorentzian_new_long,lorentzian_exit_long,-106.45,69.82,3.44,17.19,-196.9,0.88
NSE:HDFCBANK,LONG,145,2025-08-11T14:15:00+05:30,498.93,2025-08-12T11:15:00+05:30,494.9,lorentzian_new_long,lorentzian_exit_long,-583.63,223.31,14.41,43.23,-864.57,0.88
NSE:NIFTY,LONG,3.801976000158438,2025-08-11T14:15:00+05:30,24585.95,2025-08-12T11:15:00+05:30,24561.75,lorentzian_new_long,lorentzian_exit_long,-92.01,71.78,3.74,18.69,-186.21,0.88
NSE:BANKNIFTY,LONG,1.661508783973672,2025-08-11T14:15:00+05:30,55518.95,2025-08-12T11:15:00+05:30,55265.2,lorentzian_new_long,lorentzian_exit_long,-421.61,71.38,3.68,18.41,-515.08,0.88
NSE:TCS,LONG,30,2025-08-12T09:15:00+05:30,3075.1,2025-08-12T13:15:00+05:30,3043.3,lorentzian_new_long,lorentzian_exit_long,-954.0,79.44,18.36,55.07,-1106.86,0.17
NSE:WIPRO,LONG,405,2025-08-12T09:15:00+05:30,245.01,2025-08-12T13:15:00+05:30,242.25,lorentzian_new_long,lorentzian_exit_long,-1117.8,81.85,19.73,59.2,-1278.59,0.17
NSE:HINDUNILVR,LONG,30,2025-08-12T09:15:00+05:30,2532.0,2025-08-12T13:15:00+05:30,2491.0,lorentzian_new_long,lorentzian_exit_long,-1230.0,73.62,15.07,45.21,-1363.9,0.17
NSE:LT,LONG,20,2025-08-12T09:15:00+05:30,3715.0,2025-08-12T13:15:00+05:30,3704.4,lorentzian_new_long,lorentzian_exit_long,-212.0,73.33,14.84,44.52,-344.68,0.17
NSE:TATASTEEL,LONG,535,2025-08-12T09:15:00+05:30,161.05,2025-08-14T09:15:00+05:30,157.15,lorentzian_new_long,lorentzian_new_short,-2086.5,252.46,17.02,51.07,-2407.05,2.0
NSE:INFY,SHORT,50,2025-08-01T09:15:00+05:30,1491.8,2025-08-14T10:15:00+05:30,1467.8,lorentzian_new_short,lorentzian_new_long,1200.0,227.48,14.8,44.39,913.33,13.04
NSE:INFY,LONG,55,2025-08-14T10:15:00+05:30,1467.8,2025-08-14T13:15:00+05:30,1450.0,lorentzian_new_long,lorentzian_exit_long,-979.0,75.37,16.05,48.14,-1118.56,0.12
NSE:TATASTEEL,SHORT,535,2025-08-14T09:15:00+05:30,157.15,2025-08-14T13:15:00+05:30,155.95,lorentzian_new_short,lorentzian_exit_short,642.0,76.79,16.75,50.25,498.21,0.17
NSE:BHARTIARTL,LONG,45,2025-08-14T09:15:00+05:30,1872.6,2025-08-14T13:15:00+05:30,1872.9,lorentzian_new_long,lorentzian_exit_long,13.5,76.9,16.85,50.56,-130.82,0.17
NSE:ITC,SHORT,170,2025-08-14T10:15:00+05:30,413.15,2025-08-14T14:15:00+05:30,411.45,lorentzian_new_short,lorentzian_exit_short,289.0,71.94,14.02,42.05,160.99,0.17
NSE:LT,SHORT,20,2025-08-14T10:15:00+05:30,3653.1,2025-08-14T14:15:00+05:30,3677.7,lorentzian_new_short,lorentzian_exit_short,-492.0,72.98,14.66,43.98,-623.63,0.17
NSE:HINDUNILVR,SHORT,30,2025-08-14T14:15:00+05:30,2479.4,2025-08-18T10:15:00+05:30,2581.1,lorentzian_new_short,lorentzian_new_long,-3051.0,232.06,15.18,45.54,-3343.79,3.83
NSE:ICICIBANK,LONG,40,2025-08-18T09:15:00+05:30,1447.0,2025-08-18T13:15:00+05:30,1434.6,lorentzian_new_long,lorentzian_exit_long,-496.0,67.46,11.53,34.58,-609.56,0.17
NSE:ADANIGREEN,LONG,60,2025-08-18T09:15:00+05:30,952.2,2025-08-18T13:15:00+05:30,947.6,lorentzian_new_long,lorentzian_exit_long,-276.0,67.26,11.4,34.2,-388.85,0.17
NSE:TCS,SHORT,30,2025-08-18T11:15:00+05:30,3004.5,2025-08-18T15:15:00+05:30,3013.0,lorentzian_new_short,lorentzian_exit_short,-255.0,78.99,18.05,54.16,-406.2,0.17
NSE:INFY,SHORT,55,2025-08-18T11:15:00+05:30,1431.9,2025-08-18T15:15:00+05:30,1436.0,lorentzian_new_short,lorentzian_exit_short,-225.5,74.97,15.77,47.32,-363.57,0.17
NSE:HDFCBANK,SHORT,145,2025-08-20T09:15:00+05:30,496.62,2025-08-20T13:15:00+05:30,497.55,lorentzian_new_short,lorentzian_exit_short,-134.13,72.59,14.42,43.25,-264.38,0.17
NSE:INFY,LONG,50,2025-08-20T09:15:00+05:30,1471.7,2025-08-20T13:15:00+05:30,1485.9,lorentzian_new_long,lorentzian_exit_long,710.0,73.34,14.79,44.36,577.51,0.17
NSE:TCS,LONG,30,2025-08-20T10:15:00+05:30,3059.4,2025-08-20T14:15:00+05:30,3101.1,lorentzian_new_long,lorentzian_exit_long,1251.0,79.91,18.48,55.44,1097.17,0.17
NSE:HCLTECH,SHORT,45,2025-08-19T09:15:00+05:30,1474.2,2025-08-20T14:15:00+05:30,1497.4,lorentzian_new_short,lorentzian_new_long,-1044.0,211.8,13.37,40.12,-1309.29,1.21
NSE:TATASTEEL,LONG,520,2025-08-20T10:15:00+05:30,161.52,2025-08-20T14:15:00+05:30,161.86,lorentzian_new_long,lorentzian_exit_long,176.8,76.85,16.82,50.45,32.68,0.17
NSE:ICICIBANK,SHORT,40,2025-08-20T09:15:00+05:30,1428.5,2025-08-21T09:15:00+05:30,1443.6,lorentzian_new_short,lorentzian_new_long,-604.0,190.84,11.49,34.47,-840.79,1.0
NSE:HCLTECH,LONG,45,2025-08-20T14:15:00+05:30,1497.4,2025-08-21T11:15:00+05:30,1496.0,lorentzian_new_long,lorentzian_exit_long,-63.0,212.82,13.47,40.41,-329.7,0.88
NSE:SBIN,SHORT,115,2025-08-22T09:15:00+05:30,822.7,2025-08-22T13:15:00+05:30,818.05,lorentzian_new_short,lorentzian_exit_short,534.75,80.51,18.87,56.61,378.77,0.17
NSE:BANKNIFTY,SHORT,1.6575299083011805,2025-08-22T09:15:00+05:30,55342.4,2025-08-22T13:15:00+05:30,55284.85,lorentzian_new_short,lorentzian_exit_short,95.39,71.34,3.67,18.34,2.05,0.17
NSE:TCS,SHORT,30,2025-08-22T09:15:00+05:30,3065.9,2025-08-22T13:15:00+05:30,3065.1,lorentzian_new_short,lorentzian_exit_short,24.0,79.62,18.39,55.18,-129.19,0.17
NSE:HCLTECH,SHORT,45,2025-08-22T09:15:00+05:30,1471.5,2025-08-22T13:15:00+05:30,1470.5,lorentzian_new_short,lorentzian_exit_short,45.0,70.54,13.24,39.72,-78.49,0.17
NSE:TATACONSUM,SHORT,65,2025-08-22T09:15:00+05:30,1085.4,2025-08-22T13:15:00+05:30,1090.3,lorentzian_new_short,lorentzian_exit_short,-318.5,72.09,14.14,42.43,-447.16,0.17
NSE:NIFTY,SHORT,3.7452065342290193,2025-08-22T10:15:00+05:30,24909.05,2025-08-22T14:15:00+05:30,24873.3,lorentzian_new_short,lorentzian_exit_short,133.89,71.75,3.73,18.64,39.77,0.17
NSE:ADANIGREEN,SHORT,60,2025-08-22T11:15:00+05:30,961.8,2025-08-22T15:15:00+05:30,961.5,lorentzian_new_short,lorentzian_exit_short,18.0,67.54,11.54,34.62,-95.7,0.17
NSE:ICICIBANK,LONG,40,2025-08-21T09:15:00+05:30,1443.6,2025-08-25T09:15:00+05:30,1425.0,lorentzian_new_long,lorentzian_new_short,-744.0,190.69,11.47,34.42,-980.59,4.0
NSE:ICICIBANK,SHORT,40,2025-08-25T09:15:00+05:30,1425.0,2025-08-25T13:15:00+05:30,1433.0,lorentzian_new_short,lorentzian_exit_short,-320.0,67.31,11.43,34.3,-433.04,0.17
NSE:HDFCBANK,LONG,75,2025-08-26T09:15:00+05:30,969.1,2025-08-26T13:15:00+05:30,972.8,lorentzian_new_long,lorentzian_exit_long,277.5,72.9,14.56,43.69,146.35,0.17
NSE:BHARTIARTL,SHORT,40,2025-08-26T09:15:00+05:30,1913.5,2025-08-26T13:15:00+05:30,1911.1,lorentzian_new_short,lorentzian_exit_short,96.0,74.17,15.3,45.9,-39.36,0.17
NSE:TCS,LONG,30,2025-08-25T10:15:00+05:30,3147.5,2025-08-28T09:15:00+05:30,3104.2,lorentzian_new_long,lorentzian_new_short,-1299.0,271.64,18.76,56.27,-1645.66,2.96
NSE:ITC,LONG,175,2025-08-26T13:15:00+05:30,403.0,2025-08-28T10:15:00+05:30,401.6,lorentzian_new_long,lorentzian_exit_long,-245.0,219.61,14.08,42.24,-520.94,1.88
NSE:HCLTECH,SHORT,45,2025-08-28T09:15:00+05:30,1453.0,2025-08-28T13:15:00+05:30,1455.4,lorentzian_new_short,lorentzian_exit_short,-108.0,70.25,13.09,39.26,-230.6,0.17
NSE:WIPRO,SHORT,390,2025-08-28T09:15:00+05:30,250.9,2025-08-28T13:15:00+05:30,251.69,lorentzian_new_short,lorentzian_exit_short,-308.1,81.71,19.6,58.8,-468.21,0.17
NSE:TCS,SHORT,25,2025-08-28T09:15:00+05:30,3104.2,2025-08-29T11:15:00+05:30,3093.0,lorentzian_new_short,lorentzian_exit_short,280.0,235.27,15.49,46.48,-17.24,1.08
NSE:INFY,SHORT,50,2025-08-29T09:15:00+05:30,1478.4,2025-08-29T13:15:00+05:30,1473.2,lorentzian_new_short,lorentzian_exit_short,260.0,73.24,14.76,44.27,127.73,0.17
NSE:LT,LONG,20,2025-08-29T10:15:00+05:30,3607.7,2025-08-29T14:15:00+05:30,3600.0,lorentzian_new_long,lorentzian_exit_long,-154.0,72.59,14.42,43.25,-284.25,0.17
NSE:SENSEX,SHORT,1.0515816363572077,2025-08-22T09:15:00+05:30,81620.58,2025-09-02T09:15:00+05:30,80685.66,lorentzian_new_short,lorentzian_new_long,983.14,69.75,3.41,17.07,892.91,11.0
NSE:ICICIBANK,LONG,40,2025-09-01T14:15:00+05:30,1411.8,2025-09-02T11:15:00+05:30,1404.5,lorentzian_new_long,lorentzian_exit_long,-292.0,188.33,11.27,33.8,-525.39,0.88
NSE:SENSEX,LONG,1.0747999946851252,2025-09-02T09:15:00+05:30,80685.66,2025-09-02T13:15:00+05:30,80131.17,lorentzian_new_long,lorentzian_exit_long,-595.97,69.89,3.46,17.28,-686.6,0.17
NSE:NIFTY,LONG,3.774116704672419,2025-09-02T09:15:00+05:30,24728.75,2025-09-02T13:15:00+05:30,24561.3,lorentzian_new_long,lorentzian_exit_long,-631.98,71.62,3.72,18.6,-725.92,0.17
NSE:SBIN,LONG,115,2025-09-02T09:15:00+05:30,809.6,2025-09-02T13:15:00+05:30,803.6,lorentzian_new_long,lorentzian_exit_long,-690.0,79.82,18.55,55.66,-844.02,0.17
NSE:BANKNIFTY,LONG,1.6957297932083841,2025-09-02T09:15:00+05:30,54096.9,2025-09-02T13:15:00+05:30,53652.5,lorentzian_new_long,lorentzian_exit_long,-753.58,71.18,3.65,18.27,-846.68,0.17
NSE:TATASTEEL,LONG,535,2025-09-02T09:15:00+05:30,157.25,2025-09-02T13:15:00+05:30,157.88,lorentzian_new_long,lorentzian_exit_long,337.05,76.95,16.86,50.58,192.66,0.17
NSE:ADANIGREEN,LONG,60,2025-09-02T09:15:00+05:30,939.6,2025-09-02T13:15:00+05:30,934.95,lorentzian_new_long,lorentzian_exit_long,-279.0,66.99,11.25,33.74,-390.98,0.17
NSE:TATACONSUM,LONG,65,2025-09-02T09:15:00+05:30,1090.1,2025-09-02T13:15:00+05:30,1088.0,lorentzian_new_long,lorentzian_exit_long,-136.5,72.13,14.16,42.47,-265.27,0.17
NSE:BHARTIARTL,LONG,45,2025-09-02T09:15:00+05:30,1907.6,2025-09-02T13:15:00+05:30,1880.2,lorentzian_new_long,lorentzian_new_short,-1233.0,77.1,17.05,51.14,-1378.28,0.17
NSE:TCS,LONG,25,2025-09-02T11:15:00+05:30,3149.6,2025-09-02T15:15:00+05:30,3112.0,lorentzian_new_long,lorentzian_exit_long,-940.0,74.68,15.65,46.96,-1077.3,0.17
NSE:ICICIBANK,SHORT,40,2025-09-02T13:15:00+05:30,1394.0,2025-09-03T10:15:00+05:30,1391.1,lorentzian_new_short,lorentzian_exit_short,116.0,186.92,11.14,33.42,-115.48,0.88
NSE:BHARTIARTL,SHORT,40,2025-09-02T13:15:00+05:30,1880.2,2025-09-03T10:15:00+05:30,1873.7,lorentzian_new_short,lorentzian_exit_short,260.0,229.97,15.02,45.05,-30.03,0.88
NSE:SENSEX,SHORT,1.0728047869412616,2025-09-02T14:15:00+05:30,80197.63,2025-09-03T11:15:00+05:30,80276.7,lorentzian_new_short,lorentzian_exit_short,-84.83,69.85,3.44,17.22,-175.33,0.88
NSE:LT,SHORT,20,2025-09-02T14:15:00+05:30,3578.2,2025-09-03T11:15:00+05:30,3577.4,lorentzian_new_short,lorentzian_exit_short,16.0,222.16,14.31,42.93,-263.4,0.88
NSE:TCS,SHORT,25,2025-09-03T10:15:00+05:30,3091.2,2025-09-03T14:15:00+05:30,3098.6,lorentzian_new_short,lorentzian_exit_short,-185.0,74.45,15.47,46.42,-321.35,0.17
NSE:SENSEX,LONG,1.060356230649914,2025-09-04T09:15:00+05:30,80974.29,2025-09-04T13:15:00+05:30,80824.15,lorentzian_new_long,lorentzian_exit_long,-159.2,69.76,3.43,17.16,-249.55,0.17
NSE:NIFTY,LONG,3.7287226702874494,2025-09-04T09:15:00+05:30,24835.7,2025-09-04T13:15:00+05:30,24765.5,lorentzian_new_long,lorentzian_exit_long,-261.76,71.51,3.7,18.49,-355.46,0.17
NSE:ICICIBANK,LONG,40,2025-09-04T09:15:00+05:30,1407.0,2025-09-04T13:15:00+05:30,1405.7,lorentzian_new_long,lorentzian_exit_long,-52.0,67.02,11.25,33.75,-164.02,0.17
NSE:LT,LONG,20,2025-09-04T09:15:00+05:30,3597.0,2025-09-04T13:15:00+05:30,3577.7,lorentzian_new_long,lorentzian_exit_long,-386.0,72.44,14.35,43.05,-515.84,0.17
NSE:TATACONSUM,SHORT,65,2025-09-04T10:15:00+05:30,1076.7,2025-09-04T14:15:00+05:30,1071.0,lorentzian_new_short,lorentzian_exit_short,370.5,71.84,13.96,41.88,242.82,0.17
NSE:HINDUNILVR,LONG,30,2025-08-18T10:15:00+05:30,2581.1,2025-09-05T09:15:00+05:30,2655.0,lorentzian_new_long,lorentzian_new_short,2217.0,237.52,15.71,47.12,1916.65,17.96
NSE:ADANIGREEN,SHORT,60,2025-09-04T14:15:00+05:30,928.05,2025-09-05T11:15:00+05:30,917.5,lorentzian_new_short,lorentzian_exit_short,633.0,186.13,11.07,33.22,402.57,0.88
NSE:ITC,SHORT,175,2025-09-05T09:15:00+05:30,406.55,2025-09-05T13:15:00+05:30,406.7,lorentzian_new_short,lorentzian_exit_short,-26.25,72.28,14.23,42.7,-155.45,0.17
NSE:HINDUNILVR,SHORT,30,2025-09-05T09:15:00+05:30,2655.0,2025-09-05T13:15:00+05:30,2640.1,lorentzian_new_short,lorentzian_exit_short,447.0,75.24,15.89,47.66,308.22,0.17
NSE:SENSEX,SHORT,1.0631378161679221,2025-09-05T10:15:00+05:30,80528.4,2025-09-05T14:15:00+05:30,80710.28,lorentzian_new_short,lorentzian_exit_short,-193.36,69.74,3.43,17.14,-283.67,0.17
NSE:NIFTY,SHORT,3.73607738414426,2025-09-05T10:15:00+05:30,24691.95,2025-09-05T14:15:00+05:30,24735.55,lorentzian_new_short,lorentzian_exit_short,-162.89,71.49,3.69,18.47,-256.54,0.17
NSE:BHARTIARTL,LONG,40,2025-09-05T13:15:00+05:30,1906.5,2025-09-08T10:15:00+05:30,1893.3,lorentzian_new_long,lorentzian_exit_long,-528.0,232.07,15.2,45.6,-820.86,2.88
NSE:ADANIGREEN,LONG,60,2025-09-08T09:15:00+05:30,938.5,2025-09-08T13:15:00+05:30,939.3,lorentzian_new_long,lorentzian_exit_long,48.0,67.06,11.27,33.8,-64.13,0.17
NSE:LT,SHORT,20,2025-09-08T14:15:00+05:30,3532.6,2025-09-09T11:15:00+05:30,3535.0,lorentzian_new_short,lorentzian_exit_short,-48.0,220.21,14.14,42.41,-324.75,0.88
NSE:SENSEX,LONG,1.0467428191447004,2025-09-10T09:15:00+05:30,81519.51,2025-09-10T13:15:00+05:30,81418.86,lorentzian_new_long,lorentzian_exit_long,-105.35,69.63,3.41,17.06,-195.46,0.17
NSE:NIFTY,LONG,3.6790085509138,2025-09-10T09:15:00+05:30,25005.45,2025-09-10T13:15:00+05:30,24962.85,lorentzian_new_long,lorentzian_exit_long,-156.73,71.38,3.68,18.38,-250.16,0.17
NSE:HCLTECH,LONG,45,2025-09-10T09:15:00+05:30,1460.0,2025-09-10T13:15:00+05:30,1463.8,lorentzian_new_long,lorentzian_exit_long,171.0,70.41,13.16,39.47,47.97,0.17
NSE:TATACONSUM,LONG,65,2025-09-10T09:15:00+05:30,1085.1,2025-09-10T13:15:00+05:30,1095.1,lorentzian_new_long,lorentzian_exit_long,650.0,72.25,14.17,42.51,521.07,0.17
NSE:LT,LONG,20,2025-09-10T09:15:00+05:30,3559.3,2025-09-10T13:15:00+05:30,3548.6,lorentzian_new_long,lorentzian_exit_long,-214.0,72.23,14.22,42.65,-343.09,0.17
NSE:ITC,LONG,170,2025-09-10T14:15:00+05:30,413.25,2025-09-11T11:15:00+05:30,416.2,lorentzian_new_long,lorentzian_exit_long,501.5,219.78,14.1,42.3,225.31,0.88
NSE:TCS,LONG,25,2025-09-10T09:15:00+05:30,3106.5,2025-09-15T10:15:00+05:30,3099.7,lorentzian_new_long,lorentzian_new_short,-170.0,235.56,15.52,46.55,-467.62,5.04
NSE:WIPRO,SHORT,390,2025-09-15T09:15:00+05:30,250.5,2025-09-15T13:15:00+05:30,250.85,lorentzian_new_short,lorentzian_exit_short,-136.5,81.64,19.55,58.66,-296.35,0.17
NSE:TCS,SHORT,25,2025-09-15T10:15:00+05:30,3099.7,2025-09-15T14:15:00+05:30,3111.9,lorentzian_new_short,lorentzian_exit_short,-305.0,74.53,15.53,46.59,-441.65,0.17
NSE:TATACONSUM,SHORT,65,2025-09-16T14:15:00+05:30,1091.4,2025-09-17T09:15:00+05:30,1120.2,lorentzian_new_short,lorentzian_new_long,-1872.0,223.01,14.38,43.13,-2152.52,0.79
NSE:TCS,LONG,25,2025-09-16T14:15:00+05:30,3147.2,2025-09-17T11:15:00+05:30,3170.0,lorentzian_new_long,lorentzian_exit_long,570.0,238.58,15.79,47.38,268.24,0.88
NSE:WIPRO,LONG,380,2025-09-16T14:15:00+05:30,254.19,2025-09-17T11:15:00+05:30,254.75,lorentzian_new_long,lorentzian_exit_long,212.8,278.02,19.34,58.02,-142.58,0.88
NSE:TATACONSUM,LONG,60,2025-09-17T09:15:00+05:30,1120.2,2025-09-17T13:15:00+05:30,1132.8,lorentzian_new_long,lorentzian_exit_long,756.0,71.11,13.52,40.55,630.82,0.17
NSE:HINDUNILVR,LONG,30,2025-09-18T10:15:00+05:30,2596.0,2025-09-18T14:15:00+05:30,2587.6,lorentzian_new_long,lorentzian_exit_long,-252.0,74.58,15.55,46.65,-388.78,0.17
NSE:HINDUNILVR,SHORT,30,2025-09-19T11:15:00+05:30,2565.0,2025-09-19T15:15:00+05:30,2564.0,lorentzian_new_short,lorentzian_exit_short,30.0,74.32,15.39,46.16,-105.87,0.17
NSE:HCLTECH,SHORT,45,2025-09-19T14:15:00+05:30,1466.0,2025-09-22T11:15:00+05:30,1448.0,lorentzian_new_short,lorentzian_exit_short,810.0,208.78,13.11,39.34,548.76,2.88
NSE:INFY,SHORT,50,2025-09-22T09:15:00+05:30,1507.5,2025-09-22T13:15:00+05:30,1495.1,lorentzian_new_short,lorentzian_exit_short,620.0,73.73,15.01,45.04,486.22,0.17
NSE:WIPRO,SHORT,385,2025-09-22T09:15:00+05:30,250.74,2025-09-22T13:15:00+05:30,250.67,lorentzian_new_short,lorentzian_exit_short,26.95,81.22,19.3,57.91,-131.49,0.17
NSE:ITC,SHORT,170,2025-09-17T10:15:00+05:30,411.95,2025-09-23T09:15:00+05:30,403.75,lorentzian_new_short,lorentzian_exit_short,1394.0,217.12,13.87,41.6,1121.41,5.96
NSE:BANKNIFTY,SHORT,1.6443562763620123,2025-09-22T14:15:00+05:30,55273.65,2025-09-23T11:15:00+05:30,55317.9,lorentzian_new_short,lorentzian_exit_short,-72.76,71.12,3.64,18.19,-165.71,0.88
NSE:LT,SHORT,20,2025-09-22T14:15:00+05:30,3638.8,2025-09-23T11:15:00+05:30,3633.7,lorentzian_new_short,lorentzian_exit_short,102.0,224.75,14.55,43.63,-180.93,0.88
NSE:ICICIBANK,SHORT,40,2025-09-19T09:15:00+05:30,1405.1,2025-09-23T13:15:00+05:30,1397.1,lorentzian_new_short,lorentzian_exit_short,320.0,187.66,11.21,33.63,87.5,4.17
NSE:HDFCBANK,SHORT,75,2025-09-23T10:15:00+05:30,956.9,2025-09-23T14:15:00+05:30,957.6,lorentzian_new_short,lorentzian_exit_short,-52.5,72.5,14.36,43.08,-182.43,0.17
NSE:ADANIGREEN,LONG,60,2025-09-11T10:15:00+05:30,988.75,2025-09-24T09:15:00+05:30,1097.7,lorentzian_new_long,lorentzian_new_short,6537.0,201.75,12.52,37.56,6285.17,12.96
NSE:INFY,SHORT,50,2025-09-24T09:15:00+05:30,1490.8,2025-09-24T13:15:00+05:30,1491.3,lorentzian_new_short,lorentzian_exit_short,-25.0,73.47,14.91,44.73,-158.12,0.17
NSE:ADANIGREEN,SHORT,60,2025-09-24T09:15:00+05:30,1097.7,2025-09-24T13:15:00+05:30,1104.4,lorentzian_new_short,lorentzian_exit_short,-402.0,70.44,13.21,39.64,-525.29,0.17
NSE:LT,LONG,20,2025-09-24T10:15:00+05:30,3669.6,2025-09-24T14:15:00+05:30,3673.5,lorentzian_new_long,lorentzian_exit_long,78.0,73.09,14.69,44.06,-53.83,0.17
NSE:TATACONSUM,LONG,60,2025-09-24T12:15:00+05:30,1138.9,2025-09-25T09:15:00+05:30,1140.0,lorentzian_new_long,lorentzian_exit_long,66.0,215.07,13.67,41.02,-203.76,0.88
NSE:LT,SHORT,20,2025-09-25T14:15:00+05:30,3645.5,2025-09-26T09:15:00+05:30,3703.7,lorentzian_new_short,lorentzian_new_long,-1164.0,226.55,14.7,44.1,-1449.34,0.79
NSE:SBIN,SHORT,110,2025-09-25T14:15:00+05:30,861.2,2025-09-26T11:15:00+05:30,856.5,lorentzian_new_short,lorentzian_exit_short,517.0,273.05,18.89,56.68,168.37,0.88
NSE:TATASTEEL,SHORT,495,2025-09-26T09:15:00+05:30,170.33,2025-09-26T13:15:00+05:30,168.15,lorentzian_new_short,lorentzian_exit_short,1079.1,76.84,16.75,50.26,935.24,0.17
NSE:LT,LONG,20,2025-09-26T09:15:00+05:30,3703.7,2025-09-26T13:15:00+05:30,3741.5,lorentzian_new_long,lorentzian_exit_long,756.0,73.52,14.89,44.67,622.91,0.17
NSE:ITC,LONG,175,2025-09-26T12:15:00+05:30,404.8,2025-09-29T09:15:00+05:30,406.5,lorentzian_new_long,lorentzian_exit_long,297.5,220.88,14.2,42.59,19.83,2.88
NSE:TATACONSUM,SHORT,60,2025-09-29T09:15:00+05:30,1108.3,2025-09-29T13:15:00+05:30,1122.0,lorentzian_new_short,lorentzian_exit_short,-822.0,70.69,13.38,40.15,-946.22,0.17
NSE:SBIN,LONG,110,2025-09-29T14:15:00+05:30,870.9,2025-09-30T11:15:00+05:30,874.05,lorentzian_new_long,lorentzian_exit_long,346.5,276.4,19.19,57.58,-6.68,0.88
NSE:BANKNIFTY,SHORT,1.6459083286424807,2025-09-24T10:15:00+05:30,55121.15,2025-10-01T09:15:00+05:30,54940.65,lorentzian_new_short,lorentzian_new_long,297.09,71.07,3.62,18.12,204.28,6.96
NSE:BANKNIFTY,LONG,1.6550228638496198,2025-10-01T09:15:00+05:30,54940.65,2025-10-01T13:15:00+05:30,55337.95,lorentzian_new_long,lorentzian_exit_long,657.54,71.28,3.65,18.25,564.36,0.17
NSE:ICICIBANK,LONG,40,2025-10-01T10:15:00+05:30,1371.3,2025-10-01T14:15:00+05:30,1371.0,lorentzian_new_long,lorentzian_exit_long,-12.0,66.53,10.97,32.91,-122.41,0.17
NSE:SENSEX,LONG,1.0521888141074356,2025-10-01T11:15:00+05:30,80912.37,2025-10-01T15:15:00+05:30,81034.47,lorentzian_new_long,lorentzian_exit_long,128.47,69.64,3.41,17.04,38.39,0.17
NSE:HDFCBANK,LONG,75,2025-10-01T11:15:00+05:30,969.2,2025-10-01T15:15:00+05:30,965.8,lorentzian_new_long,lorentzian_exit_long,-255.0,72.75,14.51,43.54,-385.8,0.17
NSE:NIFTY,LONG,3.698929760429942,2025-10-01T11:15:00+05:30,24803.35,2025-10-01T15:15:00+05:30,24853.4,lorentzian_new_long,lorentzian_exit_long,185.13,71.39,3.67,18.37,91.7,0.17
NSE:ADANIGREEN,LONG,60,2025-10-01T13:15:00+05:30,1053.7,2025-10-03T10:15:00+05:30,1066.6,lorentzian_new_long,lorentzian_exit_long,774.0,204.44,12.72,38.17,518.67,1.88
NSE:WIPRO,LONG,400,2025-10-01T14:15:00+05:30,240.8,2025-10-03T11:15:00+05:30,239.51,lorentzian_new_long,lorentzian_exit_long,-516.0,276.66,19.21,57.64,-869.51,1.88
NSE:HINDUNILVR,LONG,30,2025-10-01T15:15:00+05:30,2535.0,2025-10-03T12:15:00+05:30,2528.7,lorentzian_new_long,lorentzian_exit_long,-189.0,231.95,15.19,45.57,-481.72,1.88
NSE:LT,LONG,20,2025-10-03T09:15:00+05:30,3680.3,2025-10-03T13:15:00+05:30,3687.0,lorentzian_new_long,lorentzian_exit_long,134.0,73.18,14.73,44.2,1.88,0.17
NSE:HCLTECH,LONG,45,2025-10-06T09:15:00+05:30,1410.5,2025-10-06T13:15:00+05:30,1419.9,lorentzian_new_long,lorentzian_exit_long,423.0,69.69,12.74,38.21,302.36,0.17
NSE:HINDUNILVR,SHORT,30,2025-10-08T09:15:00+05:30,2495.2,2025-10-08T13:15:00+05:30,2511.6,lorentzian_new_short,lorentzian_exit_short,-492.0,73.62,15.02,45.06,-625.7,0.17
NSE:SBIN,SHORT,110,2025-10-08T10:15:00+05:30,859.0,2025-10-08T14:15:00+05:30,858.55,lorentzian_new_short,lorentzian_exit_short,49.5,80.5,18.89,56.68,-106.57,0.17
NSE:BANKNIFTY,SHORT,1.6379290885469409,2025-10-08T10:15:00+05:30,55857.55,2025-10-08T14:15:00+05:30,55990.5,lorentzian_new_short,lorentzian_exit_short,-217.76,71.29,3.66,18.32,-311.03,0.17
NSE:ADANIGREEN,SHORT,60,2025-10-08T10:15:00+05:30,1037.7,2025-10-08T14:15:00+05:30,1043.3,lorentzian_new_short,lorentzian_exit_short,-336.0,69.17,12.49,37.46,-455.11,0.17
NSE:TATASTEEL,SHORT,505,2025-10-06T10:15:00+05:30,170.07,2025-10-09T09:15:00+05:30,176.06,lorentzian_new_short,lorentzian_new_long,-3024.95,257.59,17.48,52.44,-3352.46,2.96
NSE:TATASTEEL,LONG,465,2025-10-09T09:15:00+05:30,176.06,2025-10-09T13:15:00+05:30,175.61,lorentzian_new_long,lorentzian_exit_long,-209.25,75.99,16.35,49.06,-350.66,0.17
NSE:SBIN,LONG,105,2025-10-10T09:15:00+05:30,879.25,2025-10-10T13:15:00+05:30,880.45,lorentzian_new_long,lorentzian_exit_long,126.0,79.77,18.48,55.43,-27.68,0.17
NSE:TATASTEEL,SHORT,475,2025-10-13T09:15:00+05:30,172.22,2025-10-13T13:15:00+05:30,172.63,lorentzian_new_short,lorentzian_exit_short,-194.75,76.05,16.38,49.14,-336.32,0.17
NSE:WIPRO,LONG,385,2025-10-14T10:15:00+05:30,248.91,2025-10-14T14:15:00+05:30,248.73,lorentzian_new_long,lorentzian_exit_long,-69.3,80.96,19.16,57.48,-226.89,0.17
NSE:SBIN,SHORT,105,2025-10-14T11:15:00+05:30,875.75,2025-10-14T15:15:00+05:30,876.0,lorentzian_new_short,lorentzian_exit_short,-26.25,79.61,18.39,55.18,-179.43,0.17
NSE:LT,SHORT,20,2025-10-14T12:15:00+05:30,3738.7,2025-10-15T09:15:00+05:30,3786.0,lorentzian_new_short,lorentzian_exit_short,-946.0,230.43,15.05,45.15,-1236.63,0.88
NSE:HINDUNILVR,LONG,30,2025-10-15T09:15:00+05:30,2523.2,2025-10-15T13:15:00+05:30,2523.9,lorentzian_new_long,lorentzian_exit_long,21.0,73.89,15.14,45.42,-113.45,0.17
NSE:SENSEX,LONG,1.03287529291861,2025-10-15T10:15:00+05:30,82462.39,2025-10-15T14:15:00+05:30,82614.27,lorentzian_new_long,lorentzian_exit_long,156.87,69.65,3.41,17.05,66.76,0.17
NSE:NIFTY,LONG,3.6309939655109136,2025-10-15T10:15:00+05:30,25292.6,2025-10-15T14:15:00+05:30,25327.95,lorentzian_new_long,lorentzian_exit_long,128.36,71.4,3.68,18.38,34.9,0.17
NSE:LT,LONG,20,2025-10-15T10:15:00+05:30,3818.3,2025-10-15T14:15:00+05:30,3835.2,lorentzian_new_long,lorentzian_exit_long,338.0,74.21,15.31,45.92,202.56,0.17
NSE:ITC,SHORT,180,2025-10-14T11:15:00+05:30,398.35,2025-10-16T09:15:00+05:30,401.2,lorentzian_new_short,lorentzian_new_long,-513.0,223.1,14.39,43.18,-793.66,1.92
NSE:ITC,LONG,175,2025-10-16T09:15:00+05:30,401.2,2025-10-16T13:15:00+05:30,404.15,lorentzian_new_long,lorentzian_exit_long,516.25,72.09,14.09,42.28,387.78,0.17
NSE:ADANIGREEN,LONG,60,2025-10-16T09:15:00+05:30,1058.3,2025-10-16T13:15:00+05:30,1063.1,lorentzian_new_long,lorentzian_exit_long,288.0,69.66,12.73,38.19,167.42,0.17
NSE:HDFCBANK,LONG,70,2025-10-16T12:15:00+05:30,986.8,2025-10-17T09:15:00+05:30,997.25,lorentzian_new_long,lorentzian_exit_long,731.5,217.41,13.89,41.67,458.54,0.88
NSE:TATACONSUM,LONG,60,2025-09-30T14:15:00+05:30,1128.8,2025-10-17T09:15:00+05:30,1153.9,lorentzian_new_long,lorentzian_exit_long,1506.0,215.21,13.7,41.09,1236.0,16.79
NSE:WIPRO,SHORT,395,2025-10-17T09:15:00+05:30,243.0,2025-10-17T13:15:00+05:30,239.96,lorentzian_new_short,lorentzian_exit_short,1200.8,80.95,19.08,57.23,1043.54,0.17
NSE:TCS,SHORT,30,2025-10-14T10:15:00+05:30,2978.2,2025-10-20T09:15:00+05:30,3000.3,lorentzian_new_short,lorentzian_new_long,-663.0,262.48,17.94,53.81,-997.23,5.96
NSE:TCS,LONG,25,2025-10-20T09:15:00+05:30,3000.3,2025-10-20T13:15:00+05:30,3015.0,lorentzian_new_long,lorentzian_exit_long,367.5,73.74,15.04,45.11,233.61,0.17
NSE:ICICIBANK,SHORT,40,2025-10-20T14:15:00+05:30,1390.2,2025-10-23T10:15:00+05:30,1384.4,lorentzian_new_short,lorentzian_exit_short,232.0,186.44,11.1,33.3,1.17,2.83
NSE:INFY,LONG,55,2025-10-06T12:15:00+05:30,1466.8,2025-10-23T12:15:00+05:30,1542.5,lorentzian_new_long,lorentzian_exit_long,4163.5,246.74,16.55,49.65,3850.56,17.0
NSE:TATASTEEL,LONG,465,2025-10-23T09:15:00+05:30,175.07,2025-10-23T13:15:00+05:30,174.42,lorentzian_new_long,lorentzian_exit_long,-302.25,75.81,16.25,48.75,-443.06,0.17
NSE:BHARTIARTL,LONG,40,2025-10-03T11:15:00+05:30,1888.0,2025-10-23T14:15:00+05:30,2004.6,lorentzian_new_long,lorentzian_new_short,4664.0,235.8,15.57,46.71,4365.92,20.12
NSE:SBIN,LONG,105,2025-10-16T13:15:00+05:30,890.75,2025-10-24T10:15:00+05:30,905.9,lorentzian_new_long,lorentzian_new_short,1590.75,272.64,18.86,56.59,1242.65,7.88
NSE:WIPRO,LONG,395,2025-10-23T09:15:00+05:30,245.95,2025-10-24T13:15:00+05:30,242.45,lorentzian_new_long,lorentzian_new_short,-1382.5,277.61,19.29,57.88,-1737.28,1.17
NSE:HINDUNILVR,SHORT,30,2025-10-24T09:15:00+05:30,2510.0,2025-10-24T13:15:00+05:30,2511.9,lorentzian_new_short,lorentzian_exit_short,-57.0,73.74,15.07,45.2,-191.01,0.17
NSE:SBIN,SHORT,105,2025-10-24T10:15:00+05:30,905.9,2025-10-24T14:15:00+05:30,904.85,lorentzian_new_short,lorentzian_exit_short,110.25,80.72,19.01,57.04,-46.52,0.17
NSE:BANKNIFTY,SHORT,1.5760180206718393,2025-10-24T10:15:00+05:30,57855.05,2025-10-24T14:15:00+05:30,57709.0,lorentzian_new_short,lorentzian_exit_short,230.18,71.19,3.64,18.21,137.13,0.17
NSE:ADANIGREEN,SHORT,60,2025-10-24T11:15:00+05:30,1034.7,2025-10-24T15:15:00+05:30,1031.8,lorentzian_new_short,lorentzian_exit_short,174.0,69.07,12.4,37.2,55.33,0.17
NSE:HDFCBANK,SHORT,70,2025-10-24T12:15:00+05:30,997.75,2025-10-27T09:15:00+05:30,1007.0,lorentzian_new_short,lorentzian_exit_short,-647.5,219.12,14.03,42.1,-922.75,2.88
NSE:BHARTIARTL,SHORT,40,2025-10-23T14:15:00+05:30,2004.6,2025-10-27T09:15:00+05:30,2065.7,lorentzian_new_short,lorentzian_new_long,-2444.0,244.23,16.28,48.84,-2753.36,3.79
NSE:WIPRO,SHORT,390,2025-10-24T13:15:00+05:30,242.45,2025-10-27T10:15:00+05:30,244.17,lorentzian_new_short,lorentzian_exit_short,-670.8,274.07,18.98,56.93,-1020.78,2.88
NSE:TATACONSUM,SHORT,60,2025-10-23T14:15:00+05:30,1159.0,2025-10-27T10:15:00+05:30,1169.2,lorentzian_new_short,lorentzian_new_long,-612.0,218.41,13.97,41.91,-886.28,3.83
NSE:BHARTIARTL,LONG,40,2025-10-27T09:15:00+05:30,2065.7,2025-10-27T13:15:00+05:30,2078.4,lorentzian_new_long,lorentzian_exit_long,508.0,76.47,16.58,49.73,365.23,0.17
NSE:TATACONSUM,LONG,60,2025-10-27T10:15:00+05:30,1169.2,2025-10-27T14:15:00+05:30,1169.5,lorentzian_new_long,lorentzian_exit_long,18.0,71.93,14.03,42.1,-110.06,0.17
NSE:INFY,SHORT,55,2025-10-28T09:15:00+05:30,1498.7,2025-10-28T13:15:00+05:30,1493.5,lorentzian_new_short,lorentzian_exit_short,286.0,76.23,16.46,49.37,143.94,0.17
NSE:TCS,SHORT,25,2025-10-28T10:15:00+05:30,3053.0,2025-10-28T14:15:00+05:30,3059.2,lorentzian_new_short,lorentzian_exit_short,-155.0,74.11,15.28,45.84,-290.23,0.17
NSE:HCLTECH,SHORT,45,2025-10-28T10:15:00+05:30,1519.2,2025-10-28T14:15:00+05:30,1522.9,lorentzian_new_short,lorentzian_exit_short,-166.5,71.31,13.69,41.07,-292.56,0.17
NSE:ADANIGREEN,LONG,60,2025-10-29T09:15:00+05:30,1051.0,2025-10-29T13:15:00+05:30,1120.2,lorentzian_new_long,lorentzian_exit_long,4152.0,70.61,13.03,39.08,4029.28,0.17
NSE:INFY,LONG,55,2025-10-29T10:15:00+05:30,1514.6,2025-10-29T14:15:00+05:30,1509.8,lorentzian_new_long,lorentzian_exit_long,-264.0,76.48,16.63,49.9,-407.02,0.17
NSE:HCLTECH,LONG,45,2025-10-29T10:15:00+05:30,1548.0,2025-10-29T14:15:00+05:30,1557.0,lorentzian_new_long,lorentzian_exit_long,405.0,71.87,13.97,41.92,277.24,0.17
NSE:INFY,SHORT,55,2025-10-30T10:15:00+05:30,1498.5,2025-10-30T14:15:00+05:30,1493.7,lorentzian_new_short,lorentzian_exit_short,264.0,76.23,16.46,49.37,121.94,0.17
NSE:BHARTIARTL,SHORT,40,2025-10-30T09:15:00+05:30,2071.0,2025-10-31T13:15:00+05:30,2065.8,lorentzian_new_short,lorentzian_exit_short,208.0,246.99,16.55,49.64,-105.18,1.17
NSE:TATACONSUM,SHORT,60,2025-10-31T12:15:00+05:30,1164.2,2025-11-03T09:15:00+05:30,1159.4,lorentzian_new_short,lorentzian_exit_short,288.0,218.03,13.94,41.82,14.2,2.88
NSE:ITC,SHORT,170,2025-11-03T09:15:00+05:30,417.75,2025-11-03T13:15:00+05:30,414.15,lorentzian_new_short,lorentzian_exit_short,612.0,72.19,14.14,42.43,483.24,0.17
NSE:HCLTECH,SHORT,45,2025-11-03T09:15:00+05:30,1532.9,2025-11-03T13:15:00+05:30,1539.5,lorentzian_new_short,lorentzian_exit_short,-297.0,71.53,13.83,41.48,-423.84,0.17
NSE:TATACONSUM,LONG,55,2025-11-03T13:15:00+05:30,1197.1,2025-11-04T10:15:00+05:30,1167.0,lorentzian_new_long,lorentzian_exit_long,-1655.5,207.74,13.0,39.01,-1915.25,0.88
NSE:LT,SHORT,15,2025-11-04T09:15:00+05:30,3956.6,2025-11-04T13:15:00+05:30,3945.9,lorentzian_new_short,lorentzian_exit_short,160.5,68.11,11.85,35.56,44.98,0.17
NSE:TATASTEEL,SHORT,450,2025-11-04T11:15:00+05:30,179.97,2025-11-04T15:15:00+05:30,179.35,lorentzian_new_short,lorentzian_exit_short,279.0,75.73,16.17,48.51,138.6,0.17
NSE:SBIN,LONG,100,2025-10-27T15:15:00+05:30,926.9,2025-11-07T09:15:00+05:30,945.75,lorentzian_new_long,lorentzian_new_short,1885.0,271.08,18.73,56.18,1539.01,10.75
NSE:ICICIBANK,SHORT,40,2025-10-28T09:15:00+05:30,1360.0,2025-11-07T11:15:00+05:30,1340.4,lorentzian_new_short,lorentzian_new_long,784.0,183.1,10.8,32.4,557.69,10.08
NSE:SBIN,SHORT,100,2025-11-07T09:15:00+05:30,945.75,2025-11-07T13:15:00+05:30,961.25,lorentzian_new_short,lorentzian_exit_short,-1550.0,80.64,19.07,57.21,-1706.92,0.17
NSE:BHARTIARTL,SHORT,40,2025-11-07T09:15:00+05:30,2011.5,2025-11-07T13:15:00+05:30,2007.4,lorentzian_new_short,lorentzian_exit_short,164.0,75.55,16.08,48.23,24.15,0.17
NSE:ICICIBANK,LONG,45,2025-11-07T11:15:00+05:30,1340.4,2025-11-07T15:15:00+05:30,1342.6,lorentzian_new_long,lorentzian_exit_long,99.0,68.49,12.07,36.22,-17.78,0.17
NSE:BANKNIFTY,LONG,1.5778807683532274,2025-11-07T12:15:00+05:30,57873.4,2025-11-10T09:15:00+05:30,57977.75,lorentzian_new_long,lorentzian_exit_long,164.65,71.27,3.66,18.28,71.45,2.88
NSE:TATASTEEL,LONG,450,2025-11-07T12:15:00+05:30,180.5,2025-11-10T09:15:00+05:30,180.56,lorentzian_new_long,lorentzian_exit_long,27.0,243.68,16.25,48.74,-281.67,2.88
NSE:TATACONSUM,SHORT,55,2025-11-07T13:15:00+05:30,1160.0,2025-11-10T10:15:00+05:30,1162.2,lorentzian_new_short,lorentzian_exit_short,-121.0,205.07,12.77,38.32,-377.15,2.88
NSE:TCS,LONG,25,2025-11-10T09:15:00+05:30,3019.7,2025-11-10T13:15:00+05:30,3028.0,lorentzian_new_long,lorentzian_exit_long,207.5,73.87,15.12,45.36,73.16,0.17
NSE:INFY,LONG,55,2025-11-10T09:15:00+05:30,1503.0,2025-11-10T13:15:00+05:30,1518.4,lorentzian_new_long,lorentzian_exit_long,847.0,76.58,16.62,49.85,703.95,0.17
NSE:HCLTECH,LONG,45,2025-11-10T09:15:00+05:30,1532.0,2025-11-10T13:15:00+05:30,1538.1,lorentzian_new_long,lorentzian_exit_long,274.5,71.58,13.82,41.45,147.66,0.17
NSE:WIPRO,LONG,390,2025-11-10T10:15:00+05:30,240.57,2025-11-10T14:15:00+05:30,239.94,lorentzian_new_long,lorentzian_exit_long,-245.7,80.2,18.74,56.22,-400.86,0.17
NSE:BHARTIARTL,LONG,40,2025-11-11T09:15:00+05:30,2048.8,2025-11-11T13:15:00+05:30,2045.9,lorentzian_new_long,lorentzian_exit_long,-116.0,76.05,16.38,49.14,-257.57,0.17
NSE:SENSEX,SHORT,1.0134725964272198,2025-10-24T13:15:00+05:30,84106.79,2025-11-12T09:15:00+05:30,84363.72,lorentzian_new_short,lorentzian_new_long,-260.39,69.64,3.41,17.07,-350.53,18.83
NSE:NIFTY,SHORT,3.567099480460705,2025-10-24T13:15:00+05:30,25755.4,2025-11-12T09:15:00+05:30,25839.85,lorentzian_new_short,lorentzian_new_long,-301.24,71.39,3.68,18.4,-394.72,18.83
NSE:SENSEX,LONG,1.0062435602514368,2025-11-12T09:15:00+05:30,84363.72,2025-11-12T13:15:00+05:30,84517.16,lorentzian_new_long,lorentzian_exit_long,154.4,69.58,3.4,16.99,64.43,0.17
NSE:HDFCBANK,LONG,70,2025-11-12T09:15:00+05:30,993.55,2025-11-12T13:15:00+05:30,991.9,lorentzian_new_long,lorentzian_exit_long,-115.5,71.68,13.9,41.69,-242.77,0.17
NSE:NIFTY,LONG,3.540211549973111,2025-11-12T09:15:00+05:30,25839.85,2025-11-12T13:15:00+05:30,25893.3,lorentzian_new_long,lorentzian_exit_long,189.22,71.32,3.66,18.31,95.93,0.17
NSE:SBIN,LONG,100,2025-11-12T09:15:00+05:30,957.95,2025-11-12T13:15:00+05:30,958.8,lorentzian_new_long,lorentzian_exit_long,85.0,80.99,19.17,57.5,-72.66,0.17
NSE:ADANIGREEN,LONG,60,2025-11-12T09:15:00+05:30,1088.3,2025-11-12T13:15:00+05:30,1073.8,lorentzian_new_long,lorentzian_exit_long,-870.0,69.97,12.97,38.92,-991.86,0.17
NSE:HDFCBANK,SHORT,70,2025-11-13T09:15:00+05:30,985.4,2025-11-13T13:15:00+05:30,984.95,lorentzian_new_short,lorentzian_exit_short,31.5,71.51,13.79,41.38,-95.18,0.17
NSE:SENSEX,SHORT,1.0094665590134406,2025-11-14T09:15:00+05:30,84158.0,2025-11-14T13:15:00+05:30,84122.45,lorentzian_new_short,lorentzian_exit_short,35.89,69.56,3.4,16.99,-54.06,0.17
NSE:NIFTY,SHORT,3.5521334234115933,2025-11-14T09:15:00+05:30,25780.05,2025-11-14T13:15:00+05:30,25774.4,lorentzian_new_short,lorentzian_exit_short,20.07,71.3,3.66,18.31,-73.21,0.17
NSE:TCS,SHORT,25,2025-11-14T09:15:00+05:30,3085.9,2025-11-14T13:15:00+05:30,3088.0,lorentzian_new_short,lorentzian_exit_short,-52.5,74.39,15.43,46.3,-188.63,0.17
NSE:INFY,SHORT,55,2025-11-14T09:15:00+05:30,1504.5,2025-11-14T13:15:00+05:30,1490.4,lorentzian_new_short,lorentzian_exit_short,775.5,76.31,16.47,49.42,633.3,0.17
NSE:ICICIBANK,SHORT,40,2025-11-14T11:15:00+05:30,1368.5,2025-11-14T15:15:00+05:30,1373.2,lorentzian_new_short,lorentzian_exit_short,-188.0,66.51,10.97,32.9,-298.37,0.17
NSE:ITC,LONG,175,2025-11-17T09:15:00+05:30,409.4,2025-11-17T13:15:00+05:30,407.5,lorentzian_new_long,lorentzian_exit_long,-332.5,72.36,14.3,42.89,-462.04,0.17
NSE:HINDUNILVR,LONG,30,2025-11-17T09:15:00+05:30,2427.0,2025-11-17T13:15:00+05:30,2422.9,lorentzian_new_long,lorentzian_exit_long,-123.0,72.83,14.55,43.65,-254.03,0.17
NSE:TATACONSUM,LONG,55,2025-11-17T09:15:00+05:30,1165.9,2025-11-17T13:15:00+05:30,1178.3,lorentzian_new_long,lorentzian_exit_long,682.0,70.0,12.89,38.68,560.43,0.17
NSE:HDFCBANK,LONG,70,2025-11-17T13:15:00+05:30,996.85,2025-11-18T10:15:00+05:30,995.9,lorentzian_new_long,lorentzian_exit_long,-66.5,218.14,13.95,41.85,-340.44,0.88
NSE:HDFCBANK,SHORT,70,2025-11-19T09:15:00+05:30,986.9,2025-11-19T13:15:00+05:30,989.5,lorentzian_new_short,lorentzian_exit_short,-182.0,71.56,13.83,41.5,-308.9,0.17
NSE:TCS,LONG,25,2025-11-19T09:15:00+05:30,3130.9,2025-11-19T13:15:00+05:30,3144.0,lorentzian_new_long,lorentzian_exit_long,327.5,74.88,15.69,47.06,189.87,0.17
NSE:INFY,LONG,55,2025-11-19T09:15:00+05:30,1527.9,2025-11-19T13:15:00+05:30,1538.7,lorentzian_new_long,lorentzian_exit_long,594.0,76.99,16.87,50.6,449.55,0.17
NSE:ITC,SHORT,175,2025-11-19T09:15:00+05:30,403.95,2025-11-19T13:15:00+05:30,404.25,lorentzian_new_short,lorentzian_exit_short,-52.5,72.12,14.14,42.43,-181.19,0.17
NSE:TATACONSUM,SHORT,60,2025-11-19T09:15:00+05:30,1157.0,2025-11-19T13:15:00+05:30,1162.8,lorentzian_new_short,lorentzian_exit_short,-348.0,71.69,13.92,41.76,-475.37,0.17
NSE:WIPRO,LONG,380,2025-11-19T10:15:00+05:30,245.0,2025-11-19T14:15:00+05:30,246.05,lorentzian_new_long,lorentzian_exit_long,399.0,80.13,18.66,55.98,244.23,0.17
NSE:ADANIGREEN,SHORT,65,2025-11-19T10:15:00+05:30,1055.0,2025-11-19T14:15:00+05:30,1070.7,lorentzian_new_short,lorentzian_exit_short,-1020.5,71.44,13.82,41.45,-1147.21,0.17
NSE:SENSEX,LONG,0.9949236225977117,2025-11-20T09:15:00+05:30,85333.98,2025-11-20T13:15:00+05:30,85739.07,lorentzian_new_long,lorentzian_exit_long,403.03,69.63,3.4,17.02,312.97,0.17
NSE:HDFCBANK,LONG,70,2025-11-20T09:15:00+05:30,995.3,2025-11-20T13:15:00+05:30,1007.65,lorentzian_new_long,lorentzian_exit_long,864.5,72.0,14.02,42.06,736.41,0.17
NSE:NIFTY,LONG,3.5058397332485525,2025-11-20T09:15:00+05:30,26099.65,2025-11-20T13:15:00+05:30,26224.65,lorentzian_new_long,lorentzian_exit_long,438.23,71.38,3.67,18.34,344.84,0.17
NSE:TATACONSUM,LONG,55,2025-11-20T09:15:00+05:30,1175.6,2025-11-20T13:15:00+05:30,1173.7,lorentzian_new_long,lorentzian_exit_long,-104.5,69.96,12.92,38.76,-226.14,0.17
NSE:HINDUNILVR,SHORT,30,2025-11-21T09:15:00+05:30,2422.9,2025-11-21T13:15:00+05:30,2441.6,lorentzian_new_short,lorentzian_exit_short,-561.0,72.86,14.59,43.78,-692.23,0.17
NSE:SBIN,SHORT,95,2025-11-21T10:15:00+05:30,972.95,2025-11-21T14:15:00+05:30,972.95,lorentzian_new_short,lorentzian_exit_short,-0.0,79.78,18.49,55.46,-153.72,0.17
NSE:SENSEX,SHORT,1.0039215526635152,2025-11-24T14:15:00+05:30,84879.97,2025-11-25T11:15:00+05:30,84937.32,lorentzian_new_short,lorentzian_exit_short,-57.57,69.63,3.41,17.05,-147.66,0.88
NSE:NIFTY,SHORT,3.5387062133345526,2025-11-24T14:15:00+05:30,25954.4,2025-11-25T11:15:00+05:30,25981.4,lorentzian_new_short,lorentzian_exit_short,-95.55,71.38,3.68,18.38,-188.98,0.88
NSE:HDFCBANK,SHORT,70,2025-11-24T15:15:00+05:30,997.85,2025-11-25T12:15:00+05:30,995.75,lorentzian_new_short,lorentzian_exit_short,147.0,218.19,13.96,41.87,-127.01,0.88
NSE:INFY,SHORT,55,2025-11-25T09:15:00+05:30,1537.9,2025-11-25T13:15:00+05:30,1536.4,lorentzian_new_short,lorentzian_exit_short,82.5,77.01,16.91,50.73,-62.14,0.17
NSE:SBIN,LONG,95,2025-11-25T14:15:00+05:30,983.75,2025-11-26T11:15:00+05:30,993.0,lorentzian_new_long,lorentzian_exit_long,878.75,271.74,18.78,56.34,531.89,0.88
NSE:BHARTIARTL,SHORT,40,2025-11-26T09:15:00+05:30,2116.4,2025-11-26T13:15:00+05:30,2130.7,lorentzian_new_short,lorentzian_exit_short,-572.0,77.08,16.99,50.97,-717.03,0.17
NSE:TATASTEEL,LONG,480,2025-11-26T10:15:00+05:30,168.94,2025-11-26T14:15:00+05:30,169.9,lorentzian_new_long,lorentzian_exit_long,460.8,75.91,16.26,48.79,319.83,0.17
NSE:TATACONSUM,SHORT,55,2025-11-25T10:15:00+05:30,1168.8,2025-11-27T09:15:00+05:30,1185.3,lorentzian_new_short,lorentzian_new_long,-907.5,207.07,12.95,38.84,-1166.36,1.96
NSE:ICICIBANK,LONG,40,2025-11-26T14:15:00+05:30,1375.5,2025-11-27T11:15:00+05:30,1388.3,lorentzian_new_long,lorentzian_exit_long,512.0,185.94,11.06,33.17,281.84,0.88
NSE:SENSEX,LONG,0.9901122253607718,2025-11-27T09:15:00+05:30,85915.12,2025-11-27T13:15:00+05:30,85631.59,lorentzian_new_long,lorentzian_exit_long,-280.73,69.53,3.4,16.99,-370.63,0.17
NSE:HDFCBANK,LONG,70,2025-11-27T09:15:00+05:30,1015.5,2025-11-27T13:15:00+05:30,1011.35,lorentzian_new_long,lorentzian_exit_long,-290.5,72.17,14.19,42.56,-419.42,0.17
NSE:NIFTY,LONG,3.487335242106288,2025-11-27T09:15:00+05:30,26282.7,2025-11-27T13:15:00+05:30,26180.5,lorentzian_new_long,lorentzian_exit_long,-356.41,71.24,3.66,18.3,-449.6,0.17
NSE:SBIN,SHORT,95,2025-11-27T09:15:00+05:30,979.2,2025-11-27T13:15:00+05:30,968.95,lorentzian_new_short,lorentzian_exit_short,973.75,79.92,18.51,55.52,819.8,0.17
NSE:BANKNIFTY,LONG,1.529108688982118,2025-11-27T09:15:00+05:30,59765.9,2025-11-27T13:15:00+05:30,59665.4,lorentzian_new_long,lorentzian_exit_long,-153.68,71.22,3.65,18.26,-246.81,0.17
NSE:INFY,LONG,50,2025-11-27T09:15:00+05:30,1569.3,2025-11-27T13:15:00+05:30,1558.4,lorentzian_new_long,lorentzian_exit_long,-545.0,74.7,15.64,46.92,-682.25,0.17
NSE:HINDUNILVR,LONG,30,2025-11-27T09:15:00+05:30,2444.7,2025-11-27T13:15:00+05:30,2442.4,lorentzian_new_long,lorentzian_exit_long,-69.0,73.03,14.66,43.98,-200.67,0.17
NSE:TATACONSUM,LONG,55,2025-11-27T09:15:00+05:30,1185.3,2025-11-27T13:15:00+05:30,1176.0,lorentzian_new_long,lorentzian_exit_long,-511.5,70.03,12.99,38.96,-633.48,0.17
NSE:LT,LONG,15,2025-11-27T09:15:00+05:30,4104.7,2025-11-27T13:15:00+05:30,4100.9,lorentzian_new_long,lorentzian_exit_long,-57.0,68.88,12.31,36.93,-175.12,0.17
NSE:TCS,SHORT,25,2025-11-27T12:15:00+05:30,3130.0,2025-11-28T09:15:00+05:30,3141.0,lorentzian_new_short,lorentzian_exit_short,-275.0,237.36,15.68,47.03,-575.07,0.88
NSE:TATACONSUM,SHORT,55,2025-11-27T14:15:00+05:30,1176.8,2025-11-28T11:15:00+05:30,1172.2,lorentzian_new_short,lorentzian_exit_short,253.0,206.68,12.92,38.76,-5.35,0.88
NSE:ITC,LONG,175,2025-11-27T15:15:00+05:30,405.0,2025-11-28T12:15:00+05:30,404.0,lorentzian_new_long,lorentzian_exit_long,-175.0,220.46,14.16,42.47,-452.09,0.88
NSE:SBIN,LONG,95,2025-12-01T09:15:00+05:30,985.0,2025-12-01T13:15:00+05:30,974.0,lorentzian_new_long,lorentzian_exit_long,-1045.0,79.88,18.61,55.83,-1199.32,0.17
NSE:ITC,SHORT,175,2025-12-01T09:15:00+05:30,401.6,2025-12-01T13:15:00+05:30,403.9,lorentzian_new_short,lorentzian_exit_short,-402.5,72.0,14.1,42.29,-530.88,0.17
NSE:BHARTIARTL,SHORT,40,2025-12-01T12:15:00+05:30,2093.8,2025-12-02T09:15:00+05:30,2102.6,lorentzian_new_short,lorentzian_exit_short,-352.0,249.68,16.79,50.36,-668.82,0.88
NSE:SENSEX,SHORT,0.9933261652706656,2025-12-02T09:15:00+05:30,85265.13,2025-12-02T13:15:00+05:30,85182.92,lorentzian_new_short,lorentzian_exit_short,81.66,69.49,3.39,16.93,-8.14,0.17
NSE:NIFTY,SHORT,3.5001103791329706,2025-12-02T09:15:00+05:30,26058.7,2025-12-02T13:15:00+05:30,26045.05,lorentzian_new_short,lorentzian_exit_short,47.78,71.2,3.65,18.24,-45.31,0.17
NSE:ICICIBANK,SHORT,40,2025-12-02T09:15:00+05:30,1373.1,2025-12-02T13:15:00+05:30,1374.5,lorentzian_new_short,lorentzian_exit_short,-56.0,66.56,10.99,32.97,-166.52,0.17
NSE:BANKNIFTY,SHORT,1.5325160919384953,2025-12-02T09:15:00+05:30,59472.45,2025-12-02T13:15:00+05:30,59448.95,lorentzian_new_short,lorentzian_exit_short,36.01,71.19,3.64,18.22,-57.04,0.17
NSE:TCS,LONG,25,2025-12-03T09:15:00+05:30,3165.0,2025-12-03T13:15:00+05:30,3183.2,lorentzian_new_long,lorentzian_exit_long,455.0,75.22,15.87,47.61,316.3,0.17
NSE:HINDUNILVR,SHORT,30,2025-12-03T09:15:00+05:30,2454.9,2025-12-03T13:15:00+05:30,2466.0,lorentzian_new_short,lorentzian_exit_short,-333.0,73.18,14.76,44.29,-465.23,0.17
NSE:TATASTEEL,SHORT,490,2025-12-03T09:15:00+05:30,165.9,2025-12-03T13:15:00+05:30,166.47,lorentzian_new_short,lorentzian_exit_short,-279.3,75.87,16.29,48.86,-420.31,0.17
NSE:LT,SHORT,15,2025-12-03T09:15:00+05:30,3994.5,2025-12-03T13:15:00+05:30,3978.9,lorentzian_new_short,lorentzian_exit_short,234.0,68.3,11.96,35.88,117.86,0.17
NSE:HCLTECH,SHORT,40,2025-11-21T13:15:00+05:30,1613.3,2025-12-04T09:15:00+05:30,1666.3,lorentzian_new_short,lorentzian_new_long,-2120.0,209.06,13.12,39.36,-2381.54,12.83
NSE:ICICIBANK,LONG,40,2025-12-03T14:15:00+05:30,1392.2,2025-12-04T11:15:00+05:30,1383.5,lorentzian_new_long,lorentzian_exit_long,-348.0,186.53,11.1,33.31,-578.94,0.88
NSE:HDFCBANK,LONG,70,2025-12-04T09:15:00+05:30,1002.1,2025-12-04T13:15:00+05:30,994.1,lorentzian_new_long,lorentzian_exit_long,-560.0,71.76,13.97,41.92,-687.66,0.17
NSE:HCLTECH,LONG,40,2025-12-04T09:15:00+05:30,1666.3,2025-12-04T13:15:00+05:30,1650.5,lorentzian_new_long,lorentzian_exit_long,-632.0,70.51,13.27,39.8,-755.58,0.17
NSE:ITC,SHORT,175,2025-12-02T10:15:00+05:30,401.55,2025-12-05T13:15:00+05:30,404.75,lorentzian_new_short,lorentzian_new_long,-560.0,219.97,14.11,42.33,-836.41,3.12
NSE:NIFTY,LONG,3.487029324842492,2025-12-05T10:15:00+05:30,26143.5,2025-12-05T14:15:00+05:30,26188.65,lorentzian_new_long,lorentzian_exit_long,157.44,71.23,3.65,18.25,64.31,0.17
NSE:BANKNIFTY,LONG,1.528242393159133,2025-12-05T10:15:00+05:30,59601.55,2025-12-05T14:15:00+05:30,59778.95,lorentzian_new_long,lorentzian_exit_long,271.11,71.23,3.65,18.24,177.98,0.17
NSE:SBIN,LONG,100,2025-12-05T10:15:00+05:30,960.45,2025-12-08T09:15:00+05:30,964.15,lorentzian_new_long,lorentzian_exit_long,370.0,276.97,19.25,57.74,16.05,2.96
NSE:TATACONSUM,LONG,55,2025-12-05T12:15:00+05:30,1160.9,2025-12-08T09:15:00+05:30,1158.2,lorentzian_new_long,lorentzian_exit_long,-148.5,204.88,12.76,38.27,-404.4,2.88
NSE:LT,LONG,15,2025-12-05T12:15:00+05:30,4035.9,2025-12-08T09:15:00+05:30,4009.1,lorentzian_new_long,lorentzian_exit_long,-402.0,197.26,12.07,36.2,-647.53,2.88
NSE:ITC,LONG,170,2025-12-05T13:15:00+05:30,404.75,2025-12-08T10:15:00+05:30,404.9,lorentzian_new_long,lorentzian_exit_long,25.5,216.08,13.76,41.29,-245.63,2.88
NSE:SENSEX,SHORT,0.9969785662503156,2025-12-08T13:15:00+05:30,84944.62,2025-12-09T10:15:00+05:30,84782.82,lorentzian_new_short,lorentzian_exit_short,161.31,69.48,3.38,16.92,71.52,0.88
NSE:NIFTY,SHORT,3.5203312513856106,2025-12-08T13:15:00+05:30,25914.4,2025-12-09T10:15:00+05:30,25865.0,lorentzian_new_short,lorentzian_exit_short,173.9,71.2,3.65,18.23,80.83,0.88
NSE:SBIN,SHORT,100,2025-12-08T13:15:00+05:30,952.85,2025-12-09T10:15:00+05:30,962.05,lorentzian_new_short,lorentzian_exit_short,-920.0,275.99,19.15,57.45,-1272.58,0.88
NSE:BANKNIFTY,SHORT,1.5440810937488973,2025-12-08T13:15:00+05:30,59105.1,2025-12-09T10:15:00+05:30,59246.55,lorentzian_new_short,lorentzian_exit_short,-218.41,71.23,3.65,18.27,-311.57,0.88
NSE:ITC,SHORT,170,2025-12-08T13:15:00+05:30,401.0,2025-12-09T10:15:00+05:30,404.45,lorentzian_new_short,lorentzian_exit_short,-586.5,215.33,13.69,41.08,-856.6,0.88
NSE:TATACONSUM,SHORT,55,2025-12-08T13:15:00+05:30,1146.9,2025-12-09T10:15:00+05:30,1140.5,lorentzian_new_short,lorentzian_exit_short,352.0,202.9,12.58,37.74,98.77,0.88
NSE:LT,SHORT,15,2025-12-08T13:15:00+05:30,3992.1,2025-12-09T10:15:00+05:30,3990.0,lorentzian_new_short,lorentzian_exit_short,31.5,196.18,11.97,35.92,-212.57,0.88
NSE:ICICIBANK,SHORT,40,2025-12-09T09:15:00+05:30,1381.2,2025-12-09T13:15:00+05:30,1375.0,lorentzian_new_short,lorentzian_exit_short,248.0,66.66,11.02,33.07,137.24,0.17
NSE:TCS,SHORT,25,2025-12-09T09:15:00+05:30,3184.2,2025-12-09T13:15:00+05:30,3212.5,lorentzian_new_short,lorentzian_exit_short,-707.5,75.3,15.99,47.98,-846.77,0.17
NSE:INFY,SHORT,50,2025-12-09T09:15:00+05:30,1589.3,2025-12-09T13:15:00+05:30,1600.1,lorentzian_new_short,lorentzian_exit_short,-540.0,75.24,15.95,47.84,-679.03,0.17
NSE:WIPRO,SHORT,360,2025-12-09T10:15:00+05:30,258.89,2025-12-09T14:15:00+05:30,257.51,lorentzian_new_short,lorentzian_exit_short,496.8,80.02,18.59,55.77,342.42,0.17
NSE:ADANIGREEN,LONG,65,2025-12-10T09:15:00+05:30,1013.9,2025-12-10T13:15:00+05:30,993.3,lorentzian_new_long,lorentzian_exit_long,-1339.0,70.04,13.05,39.14,-1461.23,0.17
NSE:ADANIGREEN,SHORT,65,2025-12-10T15:15:00+05:30,987.5,2025-12-11T12:15:00+05:30,1012.9,lorentzian_new_short,lorentzian_exit_short,-1651.0,207.74,13.0,39.01,-1910.75,0.88
NSE:TATASTEEL,LONG,490,2025-12-11T09:15:00+05:30,164.44,2025-12-11T14:15:00+05:30,166.28,lorentzian_new_long,lorentzian_exit_long,901.6,75.86,16.21,48.62,760.92,0.21
NSE:BANKNIFTY,LONG,1.532591878367546,2025-12-11T11:15:00+05:30,59345.5,2025-12-11T15:15:00+05:30,59204.6,lorentzian_new_long,lorentzian_exit_long,-215.94,71.09,3.63,18.17,-308.83,0.17
NSE:SENSEX,LONG,0.9958013474606441,2025-12-12T09:15:00+05:30,85116.65,2025-12-12T13:15:00+05:30,85268.94,lorentzian_new_long,lorentzian_exit_long,151.65,69.54,3.39,16.97,61.75,0.17
NSE:NIFTY,LONG,3.51330683840288,2025-12-12T09:15:00+05:30,25989.15,2025-12-12T13:15:00+05:30,26042.9,lorentzian_new_long,lorentzian_exit_long,188.84,71.27,3.66,18.28,95.63,0.17
NSE:ADANIGREEN,LONG,60,2025-12-12T09:15:00+05:30,1032.8,2025-12-12T13:15:00+05:30,1040.1,lorentzian_new_long,lorentzian_exit_long,438.0,69.17,12.44,37.31,319.08,0.17
NSE:LT,LONG,15,2025-12-12T09:15:00+05:30,4077.3,2025-12-12T13:15:00+05:30,4081.4,lorentzian_new_long,lorentzian_exit_long,61.5,68.77,12.24,36.71,-56.23,0.17
NSE:BHARTIARTL,LONG,40,2025-12-12T14:15:00+05:30,2083.1,2025-12-15T11:15:00+05:30,2071.0,lorentzian_new_long,lorentzian_exit_long,-484.0,247.81,16.62,49.85,-798.28,2.88
NSE:TATACONSUM,LONG,55,2025-12-15T10:15:00+05:30,1165.8,2025-12-15T14:15:00+05:30,1158.4,lorentzian_new_long,lorentzian_exit_long,-407.0,69.68,12.78,38.35,-527.81,0.17
NSE:ITC,LONG,170,2025-12-15T13:15:00+05:30,402.45,2025-12-16T10:15:00+05:30,405.1,lorentzian_new_long,lorentzian_exit_long,450.5,215.65,13.73,41.19,179.94,0.88
NSE:SENSEX,SHORT,1.0008314890299208,2025-12-16T09:15:00+05:30,84750.37,2025-12-16T13:15:00+05:30,84767.57,lorentzian_new_short,lorentzian_exit_short,-17.21,69.52,3.39,16.97,-107.1,0.17
NSE:TATACONSUM,LONG,55,2025-12-16T10:15:00+05:30,1174.4,2025-12-16T14:15:00+05:30,1169.7,lorentzian_new_long,lorentzian_exit_long,-258.5,69.89,12.89,38.68,-379.96,0.17
NSE:TATASTEEL,SHORT,480,2025-12-16T11:15:00+05:30,170.05,2025-12-16T15:15:00+05:30,169.8,lorentzian_new_short,lorentzian_exit_short,120.0,75.96,16.31,48.94,-21.21,0.17
NSE:ADANIGREEN,SHORT,60,2025-12-16T13:15:00+05:30,1026.1,2025-12-17T10:15:00+05:30,1023.4,lorentzian_new_short,lorentzian_exit_short,162.0,199.77,12.3,36.89,-86.95,0.88
NSE:ITC,SHORT,170,2025-12-17T11:15:00+05:30,399.9,2025-12-17T15:15:00+05:30,400.25,lorentzian_new_short,lorentzian_exit_short,-59.5,71.16,13.6,40.81,-185.07,0.17
NSE:TCS,LONG,25,2025-12-18T09:15:00+05:30,3239.9,2025-12-18T13:15:00+05:30,3271.6,lorentzian_new_long,lorentzian_exit_long,792.5,75.97,16.28,48.84,651.41,0.17
NSE:WIPRO,LONG,355,2025-12-18T09:15:00+05:30,264.02,2025-12-18T13:15:00+05:30,262.08,lorentzian_new_long,lorentzian_exit_long,-688.7,80.04,18.68,56.03,-843.44,0.17
NSE:LT,SHORT,15,2025-12-18T10:15:00+05:30,4043.4,2025-12-18T14:15:00+05:30,4031.8,lorentzian_new_short,lorentzian_exit_short,174.0,68.57,12.11,36.34,56.98,0.17
NSE:NIFTY,SHORT,3.5300557143163767,2025-12-16T09:15:00+05:30,25892.85,2025-12-19T09:15:00+05:30,25935.6,lorentzian_new_short,lorentzian_new_long,-150.91,71.26,3.66,18.3,-244.13,3.0
NSE:SENSEX,LONG,0.9978101458209785,2025-12-19T09:15:00+05:30,84899.98,2025-12-19T13:15:00+05:30,84950.25,lorentzian_new_long,lorentzian_exit_long,50.16,69.51,3.39,16.95,-39.68,0.17
NSE:SENSEX,LONG,0.9914458909510061,2025-12-22T09:15:00+05:30,85405.06,2025-12-22T13:15:00+05:30,85461.3,lorentzian_new_long,lorentzian_exit_long,55.76,69.5,3.39,16.94,-34.07,0.17
NSE:TATASTEEL,LONG,480,2025-12-22T09:15:00+05:30,170.65,2025-12-22T13:15:00+05:30,169.61,lorentzian_new_long,lorentzian_exit_long,-499.2,75.93,16.33,49.0,-640.46,0.17
NSE:ADANIGREEN,LONG,60,2025-12-22T09:15:00+05:30,1023.1,2025-12-22T13:15:00+05:30,1019.5,lorentzian_new_long,lorentzian_exit_long,-216.0,68.77,12.26,36.77,-333.8,0.17
NSE:ITC,LONG,170,2025-12-22T11:15:00+05:30,403.45,2025-12-22T15:15:00+05:30,402.85,lorentzian_new_long,lorentzian_exit_long,-102.0,71.34,13.71,41.12,-228.17,0.17
NSE:HDFCBANK,SHORT,70,2025-12-10T10:15:00+05:30,993.2,2025-12-23T14:15:00+05:30,997.2,lorentzian_new_short,lorentzian_new_long,-280.0,217.98,13.93,41.8,-553.71,13.17
NSE:HINDUNILVR,LONG,30,2025-12-23T14:15:00+05:30,2303.6,2025-12-24T11:15:00+05:30,2292.1,lorentzian_new_long,lorentzian_exit_long,-345.0,216.36,13.79,41.36,-616.51,0.88
NSE:INFY,SHORT,50,2025-12-24T09:15:00+05:30,1662.5,2025-12-24T13:15:00+05:30,1663.9,lorentzian_new_short,lorentzian_exit_short,-70.0,76.5,16.63,49.9,-213.03,0.17
NSE:NIFTY,LONG,3.514852404832378,2025-12-19T09:15:00+05:30,25935.6,2025-12-26T09:15:00+05:30,26091.45,lorentzian_new_long,lorentzian_new_short,547.79,71.31,3.66,18.29,454.53,7.0
NSE:HDFCBANK,LONG,70,2025-12-23T14:15:00+05:30,997.2,2025-12-26T12:15:00+05:30,990.2,lorentzian_new_long,lorentzian_new_short,-490.0,217.76,13.91,41.74,-763.41,2.92
NSE:SENSEX,SHORT,0.9929697196520217,2025-12-26T09:15:00+05:30,85239.79,2025-12-26T13:15:00+05:30,85034.86,lorentzian_new_short,lorentzian_exit_short,203.49,69.47,3.38,16.91,113.73,0.17
NSE:NIFTY,SHORT,3.511226038343354,2025-12-26T09:15:00+05:30,26091.45,2025-12-26T13:15:00+05:30,26044.15,lorentzian_new_short,lorentzian_exit_short,166.08,71.3,3.66,18.31,72.81,0.17
NSE:ICICIBANK,SHORT,40,2025-12-26T09:15:00+05:30,1356.3,2025-12-26T13:15:00+05:30,1350.3,lorentzian_new_short,lorentzian_exit_short,240.0,66.31,10.83,32.48,130.39,0.17
NSE:TATASTEEL,SHORT,480,2025-12-26T09:15:00+05:30,168.64,2025-12-26T13:15:00+05:30,169.23,lorentzian_new_short,lorentzian_exit_short,-283.2,75.75,16.22,48.65,-423.82,0.17
NSE:BHARTIARTL,SHORT,35,2025-12-26T09:15:00+05:30,2111.3,2025-12-26T13:15:00+05:30,2105.8,lorentzian_new_short,lorentzian_exit_short,192.5,73.23,14.76,44.28,60.23,0.17
NSE:TCS,SHORT,25,2025-12-26T10:15:00+05:30,3289.7,2025-12-26T14:15:00+05:30,3281.5,lorentzian_new_short,lorentzian_exit_short,205.0,76.17,16.43,49.28,63.12,0.17
NSE:HDFCBANK,SHORT,70,2025-12-26T12:15:00+05:30,990.2,2025-12-29T09:15:00+05:30,993.5,lorentzian_new_short,lorentzian_exit_short,-231.0,217.45,13.89,41.66,-503.99,2.88
NSE:ITC,SHORT,165,2025-12-26T12:15:00+05:30,404.05,2025-12-29T09:15:00+05:30,402.7,lorentzian_new_short,lorentzian_exit_short,222.75,211.03,13.31,39.93,-41.53,2.88
NSE:TATASTEEL,LONG,465,2025-12-29T09:15:00+05:30,172.7,2025-12-29T13:15:00+05:30,171.86,lorentzian_new_long,lorentzian_exit_long,-390.6,75.39,16.02,48.07,-530.08,0.17
NSE:BANKNIFTY,SHORT,1.5397509146853254,2025-12-29T10:15:00+05:30,58869.6,2025-12-30T14:15:00+05:30,59196.0,lorentzian_new_short,lorentzian_new_long,-502.57,71.08,3.64,18.18,-595.47,1.17
NSE:SBIN,LONG,95,2025-12-17T09:15:00+05:30,976.5,2025-12-30T15:15:00+05:30,973.1,lorentzian_new_long,lorentzian_exit_long,-323.0,268.97,18.52,55.56,-666.05,13.25
NSE:LT,LONG,15,2025-12-30T13:15:00+05:30,4062.8,2025-12-31T10:15:00+05:30,4063.0,lorentzian_new_long,lorentzian_exit_long,3.0,198.57,12.19,36.57,-244.33,0.88
NSE:BANKNIFTY,LONG,1.5212317446932264,2025-12-30T14:15:00+05:30,59196.0,2025-12-31T11:15:00+05:30,59514.6,lorentzian_new_long,lorentzian_exit_long,484.66,71.01,3.61,18.06,391.99,0.88
NSE:TATACONSUM,SHORT,55,2025-12-30T15:15:00+05:30,1173.8,2025-12-31T12:15:00+05:30,1189.9,lorentzian_new_short,lorentzian_exit_short,-885.5,207.66,13.0,39.0,-1145.16,0.88
NSE:SENSEX,LONG,0.9975121875861687,2025-12-31T10:15:00+05:30,84965.3,2025-12-31T14:15:00+05:30,85193.11,lorentzian_new_long,lorentzian_exit_long,227.24,69.56,3.39,16.97,137.32,0.17
NSE:WIPRO,SHORT,345,2025-12-24T09:15:00+05:30,269.41,2026-01-01T09:15:00+05:30,265.35,lorentzian_new_short,lorentzian_new_long,1400.7,268.04,18.45,55.35,1058.87,8.0
NSE:WIPRO,LONG,355,2026-01-01T09:15:00+05:30,265.35,2026-01-01T14:15:00+05:30,267.55,lorentzian_new_long,lorentzian_exit_long,781.0,80.62,18.92,56.75,624.7,0.21
NSE:HDFCBANK,LONG,65,2026-01-02T11:15:00+05:30,998.75,2026-01-02T15:15:00+05:30,1000.25,lorentzian_new_long,lorentzian_exit_long,97.5,70.11,12.99,38.98,-24.58,0.17
NSE:ICICIBANK,LONG,40,2026-01-02T11:15:00+05:30,1350.0,2026-01-02T15:15:00+05:30,1355.1,lorentzian_new_long,lorentzian_exit_long,204.0,66.29,10.82,32.46,94.43,0.17
NSE:WIPRO,LONG,355,2026-01-02T09:15:00+05:30,268.95,2026-01-05T09:15:00+05:30,263.2,lorentzian_new_long,lorentzian_new_short,-2041.25,273.21,18.89,56.67,-2390.02,3.0
NSE:WIPRO,SHORT,350,2026-01-05T09:15:00+05:30,263.2,2026-01-05T13:15:00+05:30,263.65,lorentzian_new_short,lorentzian_exit_short,-157.5,79.68,18.44,55.32,-310.94,0.17
NSE:HDFCBANK,SHORT,70,2026-01-05T11:15:00+05:30,983.85,2026-01-05T15:15:00+05:30,978.5,lorentzian_new_short,lorentzian_exit_short,374.5,71.45,13.74,41.21,248.11,0.17
NSE:TATACONSUM,LONG,50,2026-01-05T13:15:00+05:30,1184.5,2026-01-06T10:15:00+05:30,1191.4,lorentzian_new_long,lorentzian_exit_long,345.0,195.11,11.88,35.64,102.37,0.88
NSE:SENSEX,SHORT,0.9935697740813407,2026-01-05T14:15:00+05:30,85440.23,2026-01-06T11:15:00+05:30,85046.72,lorentzian_new_short,lorentzian_exit_short,390.98,69.53,3.39,16.94,301.13,0.88
NSE:NIFTY,SHORT,3.4936819990452506,2026-01-06T09:15:00+05:30,26243.25,2026-01-06T13:15:00+05:30,26133.15,lorentzian_new_short,lorentzian_exit_short,384.65,71.31,3.66,18.3,291.38,0.17
NSE:HCLTECH,SHORT,40,2025-12-09T10:15:00+05:30,1670.5,2026-01-07T09:15:00+05:30,1642.0,lorentzian_new_short,lorentzian_new_long,1140.0,210.28,13.25,39.75,876.72,28.96
NSE:ADANIGREEN,SHORT,60,2026-01-06T13:15:00+05:30,1015.8,2026-01-07T10:15:00+05:30,1020.1,lorentzian_new_short,lorentzian_exit_short,-258.0,198.89,12.22,36.65,-505.75,0.88
NSE:TCS,LONG,25,2026-01-06T14:15:00+05:30,3255.1,2026-01-07T11:15:00+05:30,3280.0,lorentzian_new_long,lorentzian_exit_long,622.5,244.63,16.34,49.01,312.52,0.88
NSE:HCLTECH,LONG,40,2026-01-07T09:15:00+05:30,1642.0,2026-01-07T13:15:00+05:30,1644.2,lorentzian_new_long,lorentzian_exit_long,88.0,70.37,13.14,39.43,-34.95,0.17
NSE:WIPRO,LONG,340,2026-01-07T09:15:00+05:30,271.0,2026-01-07T13:15:00+05:30,269.75,lorentzian_new_long,lorentzian_exit_long,-425.0,79.55,18.39,55.16,-578.1,0.17
NSE:LT,SHORT,15,2026-01-07T09:15:00+05:30,4130.0,2026-01-07T13:15:00+05:30,4144.4,lorentzian_new_short,lorentzian_exit_short,-216.0,69.05,12.41,37.23,-334.7,0.17
NSE:SBIN,SHORT,90,2026-01-07T13:15:00+05:30,1004.95,2026-01-08T10:15:00+05:30,1004.65,lorentzian_new_short,lorentzian_exit_short,27.0,264.11,18.09,54.26,-309.45,0.88
NSE:TATASTEEL,SHORT,435,2026-01-07T13:15:00+05:30,183.3,2026-01-08T10:15:00+05:30,180.24,lorentzian_new_short,lorentzian_exit_short,1331.1,238.76,15.81,47.44,1029.08,0.88
NSE:WIPRO,SHORT,345,2026-01-08T10:15:00+05:30,265.7,2026-01-08T14:15:00+05:30,262.0,lorentzian_new_short,lorentzian_exit_short,1276.5,79.42,18.21,54.62,1124.25,0.17
NSE:HINDUNILVR,SHORT,30,2026-01-09T09:15:00+05:30,2374.9,2026-01-09T13:15:00+05:30,2364.1,lorentzian_new_short,lorentzian_exit_short,324.0,72.29,14.22,42.65,194.84,0.17
NSE:TATACONSUM,SHORT,50,2026-01-09T11:15:00+05:30,1190.8,2026-01-09T15:15:00+05:30,1178.9,lorentzian_new_short,lorentzian_exit_short,595.0,68.15,11.85,35.55,479.46,0.17
NSE:ICICIBANK,SHORT,40,2026-01-09T09:15:00+05:30,1412.9,2026-01-12T13:15:00+05:30,1416.6,lorentzian_new_short,lorentzian_exit_short,-148.0,188.91,11.32,33.95,-382.18,3.17
NSE:BANKNIFTY,SHORT,1.5095635096413929,2026-01-07T09:15:00+05:30,59912.45,2026-01-13T09:15:00+05:30,59552.85,lorentzian_new_short,lorentzian_new_long,542.84,70.98,3.61,18.03,450.22,6.0
NSE:HINDUNILVR,LONG,30,2026-01-12T13:15:00+05:30,2402.2,2026-01-13T10:15:00+05:30,2395.7,lorentzian_new_long,lorentzian_exit_long,-195.0,223.09,14.39,43.18,-475.67,0.88
NSE:TATASTEEL,LONG,445,2026-01-12T13:15:00+05:30,182.54,2026-01-13T10:15:00+05:30,183.93,lorentzian_new_long,lorentzian_exit_long,618.55,244.3,16.31,48.92,309.02,0.88
NSE:TCS,LONG,25,2026-01-12T15:15:00+05:30,3243.0,2026-01-13T12:15:00+05:30,3257.3,lorentzian_new_long,lorentzian_exit_long,357.5,243.69,16.25,48.75,48.81,0.88
NSE:ICICIBANK,LONG,40,2026-01-13T09:15:00+05:30,1422.7,2026-01-13T13:15:00+05:30,1435.4,lorentzian_new_long,lorentzian_exit_long,508.0,67.4,11.43,34.3,394.87,0.17
NSE:BANKNIFTY,LONG,1.5262161136824544,2026-01-13T09:15:00+05:30,59552.85,2026-01-13T13:15:00+05:30,59343.3,lorentzian_new_long,lorentzian_exit_long,-319.82,71.05,3.63,18.15,-412.64,0.17
NSE:HINDUNILVR,SHORT,30,2026-01-13T12:15:00+05:30,2369.9,2026-01-14T09:15:00+05:30,2369.8,lorentzian_new_short,lorentzian_exit_short,3.0,221.14,14.22,42.66,-275.01,0.88
NSE:ICICIBANK,SHORT,40,2026-01-16T09:15:00+05:30,1413.4,2026-01-16T13:15:00+05:30,1415.6,lorentzian_new_short,lorentzian_exit_short,-88.0,67.13,11.32,33.95,-200.4,0.17
NSE:INFY,LONG,50,2026-01-01T11:15:00+05:30,1635.1,2026-01-16T13:15:00+05:30,1682.6,lorentzian_new_long,lorentzian_exit_long,2375.0,247.29,16.59,49.77,2061.36,15.08
NSE:WIPRO,LONG,345,2026-01-16T09:15:00+05:30,268.95,2026-01-16T13:15:00+05:30,267.55,lorentzian_new_long,lorentzian_exit_long,-483.0,79.76,18.51,55.53,-636.8,0.17
NSE:WIPRO,SHORT,370,2026-01-19T09:15:00+05:30,250.0,2026-01-19T13:15:00+05:30,246.15,lorentzian_new_short,lorentzian_exit_short,1424.5,79.71,18.36,55.07,1271.36,0.17
NSE:TCS,SHORT,25,2026-01-19T10:15:00+05:30,3169.3,2026-01-19T14:15:00+05:30,3162.6,lorentzian_new_short,lorentzian_exit_short,167.5,75.11,15.83,47.49,29.07,0.17
NSE:HINDUNILVR,LONG,30,2026-01-19T13:15:00+05:30,2412.0,2026-01-20T10:15:00+05:30,2426.4,lorentzian_new_long,lorentzian_exit_long,432.0,224.39,14.52,43.55,149.54,0.88
NSE:BANKNIFTY,LONG,1.507772807978946,2026-01-16T09:15:00+05:30,60008.45,2026-01-20T13:15:00+05:30,59488.1,lorentzian_new_long,lorentzian_new_short,-784.57,70.84,3.6,18.02,-877.03,4.17
NSE:SBIN,LONG,90,2026-01-13T09:15:00+05:30,1022.45,2026-01-21T10:15:00+05:30,1027.5,lorentzian_new_long,lorentzian_new_short,454.5,268.11,18.45,55.35,112.59,8.04
NSE:BANKNIFTY,SHORT,1.5062626441202864,2026-01-20T13:15:00+05:30,59488.1,2026-01-21T10:15:00+05:30,58627.1,lorentzian_new_short,lorentzian_exit_short,1296.89,70.73,3.56,17.79,1204.81,0.88
NSE:TATASTEEL,SHORT,440,2026-01-20T13:15:00+05:30,184.38,2026-01-21T10:15:00+05:30,182.5,lorentzian_new_short,lorentzian_exit_short,827.2,242.45,16.14,48.43,520.18,0.88
NSE:INFY,SHORT,50,2026-01-20T14:15:00+05:30,1657.9,2026-01-21T11:15:00+05:30,1647.5,lorentzian_new_short,lorentzian_exit_short,520.0,246.74,16.53,49.58,207.15,0.88
NSE:HCLTECH,SHORT,40,2026-01-20T14:15:00+05:30,1683.6,2026-01-21T11:15:00+05:30,1677.5,lorentzian_new_short,lorentzian_exit_short,244.0,212.51,13.44,40.33,-22.29,0.88
NSE:HINDUNILVR,SHORT,30,2026-01-20T14:15:00+05:30,2377.1,2026-01-21T11:15:00+05:30,2384.5,lorentzian_new_short,lorentzian_exit_short,-222.0,221.88,14.28,42.85,-501.02,0.88
NSE:SBIN,SHORT,90,2026-01-21T10:15:00+05:30,1027.5,2026-01-21T14:15:00+05:30,1028.0,lorentzian_new_short,lorentzian_exit_short,-45.0,79.8,18.5,55.5,-198.79,0.17
NSE:TATACONSUM,SHORT,55,2026-01-21T13:15:00+05:30,1160.8,2026-01-22T10:15:00+05:30,1182.7,lorentzian_new_short,lorentzian_exit_short,-1204.5,206.45,12.89,38.67,-1462.51,0.88
NSE:SENSEX,LONG,1.0316925896356552,2026-01-22T09:15:00+05:30,82574.07,2026-01-22T13:15:00+05:30,81941.9,lorentzian_new_long,lorentzian_exit_long,-652.21,69.48,3.39,16.97,-742.05,0.17
NSE:NIFTY,LONG,3.6245302671386224,2026-01-22T09:15:00+05:30,25376.0,2026-01-22T13:15:00+05:30,25178.35,lorentzian_new_long,lorentzian_exit_long,-716.39,71.25,3.66,18.32,-809.62,0.17
NSE:SBIN,LONG,90,2026-01-22T09:15:00+05:30,1047.75,2026-01-22T13:15:00+05:30,1043.75,lorentzian_new_long,lorentzian_exit_long,-360.0,80.33,18.82,56.47,-515.63,0.17
NSE:TCS,LONG,25,2026-01-22T09:15:00+05:30,3149.8,2026-01-22T13:15:00+05:30,3129.5,lorentzian_new_long,lorentzian_exit_long,-507.5,74.81,15.7,47.09,-645.1,0.17
NSE:TATASTEEL,LONG,435,2026-01-22T09:15:00+05:30,187.97,2026-01-22T13:15:00+05:30,188.22,lorentzian_new_long,lorentzian_exit_long,108.75,76.05,16.36,49.09,-32.76,0.17
NSE:BHARTIARTL,LONG,40,2026-01-22T09:15:00+05:30,2012.9,2026-01-22T13:15:00+05:30,1991.0,lorentzian_new_long,lorentzian_exit_long,-876.0,75.33,16.02,48.05,-1015.39,0.17
NSE:HCLTECH,LONG,35,2026-01-23T09:15:00+05:30,1707.4,2026-01-23T13:15:00+05:30,1701.2,lorentzian_new_long,lorentzian_exit_long,-217.0,68.2,11.93,35.79,-332.92,0.17
NSE:HINDUNILVR,LONG,30,2026-01-23T09:15:00+05:30,2407.5,2026-01-23T13:15:00+05:30,2418.9,lorentzian_new_long,lorentzian_exit_long,342.0,72.75,14.48,43.44,211.33,0.17
NSE:WIPRO,LONG,385,2026-01-23T09:15:00+05:30,242.8,2026-01-27T09:15:00+05:30,233.65,lorentzian_new_long,lorentzian_new_short,-3522.75,267.23,18.34,55.03,-3863.35,4.0
NSE:SBIN,SHORT,90,2026-01-23T13:15:00+05:30,1033.65,2026-01-27T10:15:00+05:30,1037.75,lorentzian_new_short,lorentzian_exit_short,-369.0,270.32,18.64,55.93,-713.89,3.88
NSE:TCS,SHORT,25,2026-01-27T10:15:00+05:30,3133.8,2026-01-27T14:15:00+05:30,3159.5,lorentzian_new_short,lorentzian_exit_short,-642.5,74.86,15.73,47.2,-780.29,0.17
NSE:INFY,LONG,50,2026-01-23T09:15:00+05:30,1670.2,2026-01-28T10:15:00+05:30,1660.0,lorentzian_new_long,lorentzian_new_short,-510.0,248.2,16.65,49.95,-824.8,5.04
NSE:HDFCBANK,LONG,70,2026-01-28T09:15:00+05:30,936.25,2026-01-28T11:15:00+05:30,936.0,lorentzian_new_long,lorentzian_exit_long,-17.5,70.29,13.11,39.32,-140.22,0.08
NSE:SBIN,LONG,85,2026-01-27T14:15:00+05:30,1053.2,2026-01-28T11:15:00+05:30,1059.4,lorentzian_new_long,lorentzian_exit_long,527.0,262.63,17.96,53.87,192.54,0.88
NSE:LT,LONG,20,2026-01-27T15:15:00+05:30,3804.5,2026-01-28T12:15:00+05:30,3796.0,lorentzian_new_long,lorentzian_exit_long,-170.0,232.06,15.2,45.6,-462.86,0.88
NSE:SENSEX,LONG,1.0282574457810458,2026-01-28T09:15:00+05:30,82130.43,2026-01-28T13:15:00+05:30,81898.33,lorentzian_new_long,lorentzian_exit_long,-238.66,69.37,3.37,16.87,-328.27,0.17
NSE:NIFTY,LONG,3.6109202956201787,2026-01-28T09:15:00+05:30,25248.1,2026-01-28T13:15:00+05:30,25209.05,lorentzian_new_long,lorentzian_exit_long,-141.01,71.16,3.64,18.22,-234.03,0.17
NSE:ICICIBANK,LONG,40,2026-01-28T09:15:00+05:30,1370.3,2026-01-28T13:15:00+05:30,1364.6,lorentzian_new_long,lorentzian_exit_long,-228.0,66.45,10.94,32.82,-338.21,0.17
NSE:TCS,LONG,25,2026-01-28T09:15:00+05:30,3183.9,2026-01-28T13:15:00+05:30,3189.5,lorentzian_new_long,lorentzian_exit_long,140.0,75.29,15.93,47.8,0.97,0.17
NSE:TATACONSUM,SHORT,55,2026-01-28T09:15:00+05:30,1129.0,2026-01-28T13:15:00+05:30,1123.7,lorentzian_new_short,lorentzian_exit_short,291.5,69.07,12.39,37.17,172.87,0.17
NSE:INFY,SHORT,50,2026-01-28T10:15:00+05:30,1660.0,2026-01-28T14:15:00+05:30,1665.9,lorentzian_new_short,lorentzian_exit_short,-295.0,76.47,16.63,49.89,-437.99,0.17
NSE:HINDUNILVR,SHORT,30,2026-01-28T10:15:00+05:30,2370.1,2026-01-28T14:15:00+05:30,2378.6,lorentzian_new_short,lorentzian_exit_short,-255.0,72.28,14.25,42.74,-384.26,0.17
NSE:WIPRO,SHORT,385,2026-01-27T09:15:00+05:30,233.65,2026-01-29T13:15:00+05:30,240.3,lorentzian_new_short,lorentzian_new_long,-2560.25,266.09,18.25,54.74,-2899.33,2.17
NSE:ADANIGREEN,LONG,70,2026-01-22T09:15:00+05:30,906.6,2026-01-30T09:15:00+05:30,860.2,lorentzian_new_long,lorentzian_exit_long,-3248.0,200.81,12.37,37.1,-3498.28,8.0
NSE:WIPRO,LONG,360,2026-01-29T13:15:00+05:30,240.3,2026-01-30T10:15:00+05:30,236.55,lorentzian_new_long,lorentzian_exit_long,-1350.0,253.99,17.17,51.5,-1672.66,0.88
NSE:TCS,SHORT,25,2026-01-30T09:15:00+05:30,3113.9,2026-01-30T13:15:00+05:30,3132.1,lorentzian_new_short,lorentzian_exit_short,-455.0,74.67,15.62,46.84,-592.13,0.17
NSE:TATACONSUM,SHORT,55,2026-01-29T09:15:00+05:30,1112.1,2026-02-01T10:15:00+05:30,1141.0,lorentzian_new_short,lorentzian_new_long,-1589.5,200.95,12.39,37.18,-1840.02,3.04
NSE:ICICIBANK,SHORT,40,2026-01-30T14:15:00+05:30,1355.8,2026-02-01T11:15:00+05:30,1360.2,lorentzian_new_short,lorentzian_exit_short,-176.0,183.87,10.86,32.59,-403.32,1.88
NSE:BANKNIFTY,LONG,1.5350907320685363,2026-01-27T14:15:00+05:30,59153.45,2026-02-01T12:15:00+05:30,58958.6,lorentzian_new_long,lorentzian_new_short,-299.11,71.03,3.63,18.13,-391.9,4.92
NSE:SENSEX,SHORT,1.0293541395032009,2026-02-01T12:15:00+05:30,81724.97,2026-02-02T09:15:00+05:30,80854.09,lorentzian_new_short,lorentzian_exit_short,896.44,69.3,3.35,16.74,807.06,0.88
NSE:NIFTY,SHORT,3.620052721465838,2026-02-01T12:15:00+05:30,25119.95,2026-02-02T09:15:00+05:30,24826.15,lorentzian_new_short,lorentzian_exit_short,1063.57,71.09,3.62,18.08,970.79,0.88
NSE:BANKNIFTY,SHORT,1.533536792878212,2026-02-01T12:15:00+05:30,58958.6,2026-02-02T09:15:00+05:30,58254.05,lorentzian_new_short,lorentzian_exit_short,1080.45,70.95,3.59,17.97,987.93,0.88
NSE:TCS,LONG,25,2026-02-01T12:15:00+05:30,3187.3,2026-02-02T09:15:00+05:30,3167.5,lorentzian_new_long,lorentzian_exit_long,-495.0,239.71,15.89,47.66,-798.26,0.88
NSE:ADANIGREEN,SHORT,70,2026-02-01T12:15:00+05:30,832.95,2026-02-02T09:15:00+05:30,830.7,lorentzian_new_short,lorentzian_exit_short,157.5,192.53,11.65,34.94,-81.61,0.88
NSE:INFY,LONG,50,2026-02-01T13:15:00+05:30,1656.0,2026-02-02T10:15:00+05:30,1633.0,lorentzian_new_long,lorentzian_exit_long,-1150.0,245.96,16.45,49.33,-1461.74,0.88
NSE:LT,SHORT,15,2026-02-01T14:15:00+05:30,3820.6,2026-02-02T11:15:00+05:30,3907.8,lorentzian_new_short,lorentzian_exit_short,-1308.0,192.05,11.59,34.78,-1546.42,0.88
NSE:HDFCBANK,SHORT,75,2026-02-01T15:15:00+05:30,918.05,2026-02-02T12:15:00+05:30,923.9,lorentzian_new_short,lorentzian_exit_short,-438.75,216.67,13.81,41.44,-710.68,0.88
NSE:HINDUNILVR,SHORT,30,2026-02-02T11:15:00+05:30,2342.0,2026-02-03T09:15:00+05:30,2349.5,lorentzian_new_short,lorentzian_new_long,-225.0,219.55,14.07,42.22,-500.84,0.92
NSE:BHARTIARTL,SHORT,40,2026-02-01T12:15:00+05:30,1939.3,2026-02-03T09:15:00+05:30,1988.0,lorentzian_new_short,lorentzian_new_long,-1948.0,237.84,15.71,47.13,-2248.68,1.88
NSE:SENSEX,LONG,1.0161865180790621,2026-02-03T09:15:00+05:30,83575.78,2026-02-03T13:15:00+05:30,83878.92,lorentzian_new_long,lorentzian_exit_long,308.05,69.62,3.4,17.02,218.01,0.17
NSE:HDFCBANK,LONG,70,2026-02-03T09:15:00+05:30,947.6,2026-02-03T13:15:00+05:30,949.9,lorentzian_new_long,lorentzian_exit_long,161.0,70.62,13.28,39.85,37.25,0.17
NSE:NIFTY,LONG,3.58004851375572,2026-02-03T09:15:00+05:30,25671.0,2026-02-03T13:15:00+05:30,25775.15,lorentzian_new_long,lorentzian_exit_long,372.86,71.47,3.68,18.42,279.29,0.17
NSE:ICICIBANK,LONG,40,2026-02-03T09:15:00+05:30,1390.1,2026-02-03T13:15:00+05:30,1391.9,lorentzian_new_long,lorentzian_exit_long,72.0,66.82,11.13,33.38,-39.33,0.17
NSE:BANKNIFTY,LONG,1.526088037635913,2026-02-03T09:15:00+05:30,59891.8,2026-02-03T13:15:00+05:30,60165.7,lorentzian_new_long,lorentzian_exit_long,418.0,71.35,3.66,18.32,324.66,0.17
NSE:HINDUNILVR,LONG,30,2026-02-03T09:15:00+05:30,2349.5,2026-02-03T13:15:00+05:30,2385.8,lorentzian_new_long,lorentzian_exit_long,1089.0,72.35,14.21,42.62,959.82,0.17
NSE:TATASTEEL,LONG,425,2026-02-03T09:15:00+05:30,192.6,2026-02-03T13:15:00+05:30,194.3,lorentzian_new_long,lorentzian_exit_long,722.5,76.26,16.44,49.33,580.47,0.17
NSE:TATACONSUM,LONG,50,2026-02-01T10:15:00+05:30,1141.0,2026-02-03T13:15:00+05:30,1154.6,lorentzian_new_long,lorentzian_exit_long,680.0,190.63,11.48,34.43,443.46,2.12
NSE:BHARTIARTL,LONG,40,2026-02-03T09:15:00+05:30,1988.0,2026-02-03T13:15:00+05:30,1999.3,lorentzian_new_long,lorentzian_exit_long,452.0,75.36,15.95,47.85,312.85,0.17
NSE:TCS,SHORT,25,2026-02-04T09:15:00+05:30,3048.7,2026-02-04T13:15:00+05:30,3004.9,lorentzian_new_short,lorentzian_exit_short,1095.0,73.99,15.13,45.4,960.47,0.17
NSE:HCLTECH,SHORT,35,2026-01-30T09:15:00+05:30,1694.3,2026-02-04T13:15:00+05:30,1614.8,lorentzian_new_short,lorentzian_exit_short,2782.5,191.62,11.58,34.75,2544.55,5.17
NSE:WIPRO,SHORT,365,2026-02-04T09:15:00+05:30,233.7,2026-02-04T13:15:00+05:30,232.85,lorentzian_new_short,lorentzian_exit_short,310.25,77.24,17.03,51.09,164.89,0.17
NSE:BHARTIARTL,SHORT,40,2026-02-05T13:15:00+05:30,1987.1,2026-02-06T10:15:00+05:30,2021.7,lorentzian_new_short,lorentzian_exit_short,-1384.0,241.42,16.04,48.11,-1689.56,0.88
NSE:SENSEX,SHORT,1.026011881845062,2026-02-06T09:15:00+05:30,82987.28,2026-02-06T13:15:00+05:30,83337.14,lorentzian_new_short,lorentzian_exit_short,-358.96,69.62,3.41,17.07,-449.06,0.17
NSE:HDFCBANK,SHORT,70,2026-02-06T09:15:00+05:30,944.15,2026-02-06T13:15:00+05:30,941.25,lorentzian_new_short,lorentzian_exit_short,203.0,70.48,13.2,39.59,79.73,0.17
NSE:NIFTY,SHORT,3.6127372066410017,2026-02-06T09:15:00+05:30,25515.8,2026-02-06T13:15:00+05:30,25612.3,lorentzian_new_short,lorentzian_exit_short,-348.63,71.48,3.69,18.47,-442.27,0.17
NSE:HINDUNILVR,SHORT,30,2026-02-06T09:15:00+05:30,2339.0,2026-02-06T13:15:00+05:30,2402.0,lorentzian_new_short,lorentzian_new_long,-1890.0,72.06,14.22,42.67,-2018.95,0.17
NSE:SBIN,SHORT,85,2026-02-06T10:15:00+05:30,1056.8,2026-02-06T14:15:00+05:30,1067.4,lorentzian_new_short,lorentzian_exit_short,-901.0,78.92,18.06,54.17,-1052.14,0.17
NSE:ITC,LONG,205,2026-01-19T13:15:00+05:30,333.65,2026-02-06T14:15:00+05:30,325.85,lorentzian_new_long,lorentzian_exit_long,-1599.0,213.48,13.52,40.56,-1866.56,18.04
NSE:BHARTIARTL,LONG,35,2026-02-06T12:15:00+05:30,2029.0,2026-02-09T09:15:00+05:30,2047.9,lorentzian_new_long,lorentzian_exit_long,661.5,221.64,14.27,42.81,382.78,2.88
NSE:HINDUNILVR,LONG,30,2026-02-06T13:15:00+05:30,2402.0,2026-02-09T10:15:00+05:30,2415.7,lorentzian_new_long,lorentzian_exit_long,411.0,223.71,14.45,43.36,129.48,2.88
NSE:SENSEX,LONG,1.0094135522831393,2026-02-09T09:15:00+05:30,83908.34,2026-02-09T13:15:00+05:30,83997.25,lorentzian_new_long,lorentzian_exit_long,89.75,69.51,3.39,16.95,-0.1,0.17
NSE:NIFTY,LONG,3.555629595331341,2026-02-09T09:15:00+05:30,25801.6,2026-02-09T13:15:00+05:30,25844.4,lorentzian_new_long,lorentzian_exit_long,152.18,71.38,3.67,18.36,58.77,0.17
NSE:SBIN,LONG,80,2026-02-09T09:15:00+05:30,1128.6,2026-02-09T13:15:00+05:30,1142.5,lorentzian_new_long,lorentzian_exit_long,1112.0,79.34,18.17,54.51,959.98,0.17
NSE:TCS,LONG,25,2026-02-10T10:15:00+05:30,2993.7,2026-02-10T14:15:00+05:30,2983.8,lorentzian_new_long,lorentzian_exit_long,-247.5,73.51,14.94,44.83,-380.78,0.17
NSE:BHARTIARTL,SHORT,35,2026-02-10T13:15:00+05:30,2011.1,2026-02-11T10:15:00+05:30,2004.5,lorentzian_new_short,lorentzian_exit_short,231.0,219.29,14.05,42.16,-44.51,0.88
NSE:TCS,SHORT,25,2026-02-11T12:15:00+05:30,2925.8,2026-02-12T09:15:00+05:30,2798.0,lorentzian_new_short,lorentzian_exit_short,3195.0,221.9,14.31,42.93,2915.86,0.88
NSE:SENSEX,SHORT,1.0085961580246623,2026-02-12T09:15:00+05:30,83976.24,2026-02-12T13:15:00+05:30,83739.74,lorentzian_new_short,lorentzian_exit_short,238.53,69.48,3.38,16.92,148.75,0.17
NSE:NIFTY,SHORT,3.595504531508425,2026-02-13T09:15:00+05:30,25531.75,2026-02-13T13:15:00+05:30,25534.6,lorentzian_new_short,lorentzian_exit_short,-10.25,71.36,3.67,18.36,-103.64,0.17
NSE:BANKNIFTY,SHORT,1.5180789746474355,2026-02-13T09:15:00+05:30,60421.0,2026-02-13T13:15:00+05:30,60297.15,lorentzian_new_short,lorentzian_exit_short,188.01,71.33,3.67,18.33,94.69,0.17
NSE:TATASTEEL,SHORT,405,2026-02-13T09:15:00+05:30,203.97,2026-02-13T13:15:00+05:30,204.69,lorentzian_new_short,lorentzian_exit_short,-291.6,76.33,16.55,49.65,-434.14,0.17
NSE:ADANIGREEN,SHORT,60,2026-02-13T09:15:00+05:30,950.8,2026-02-13T13:15:00+05:30,953.6,lorentzian_new_short,lorentzian_exit_short,-168.0,67.32,11.43,34.28,-281.02,0.17
NSE:TATACONSUM,SHORT,50,2026-02-13T10:15:00+05:30,1142.0,2026-02-13T14:15:00+05:30,1136.9,lorentzian_new_short,lorentzian_exit_short,255.0,67.31,11.39,34.18,142.11,0.17
NSE:ADANIGREEN,LONG,60,2026-02-16T11:15:00+05:30,983.6,2026-02-16T15:15:00+05:30,991.8,lorentzian_new_long,lorentzian_exit_long,492.0,68.14,11.85,35.56,376.45,0.17
NSE:BHARTIARTL,LONG,35,2026-02-16T13:15:00+05:30,2026.5,2026-02-17T10:15:00+05:30,2027.0,lorentzian_new_long,lorentzian_exit_long,17.5,220.78,14.19,42.56,-260.03,0.88
NSE:NIFTY,LONG,3.5697856503472125,2026-02-16T14:15:00+05:30,25686.75,2026-02-17T11:15:00+05:30,25721.7,lorentzian_new_long,lorentzian_exit_long,124.76,71.36,3.67,18.35,31.38,0.88
NSE:INFY,LONG,55,2026-02-17T09:15:00+05:30,1405.3,2026-02-17T13:15:00+05:30,1397.5,lorentzian_new_long,lorentzian_exit_long,-429.0,74.32,15.42,46.25,-564.98,0.17
NSE:TATASTEEL,LONG,395,2026-02-18T09:15:00+05:30,206.97,2026-02-18T13:15:00+05:30,209.53,lorentzian_new_long,lorentzian_exit_long,1011.2,76.3,16.45,49.36,869.09,0.17
NSE:TATACONSUM,LONG,50,2026-02-18T09:15:00+05:30,1150.0,2026-02-18T13:15:00+05:30,1164.0,lorentzian_new_long,lorentzian_exit_long,700.0,67.67,11.57,34.71,586.05,0.17
NSE:HINDUNILVR,LONG,30,2026-02-19T09:15:00+05:30,2332.1,2026-02-19T13:15:00+05:30,2283.4,lorentzian_new_long,lorentzian_new_short,-1461.0,71.44,13.85,41.54,-1587.83,0.17
NSE:SENSEX,SHORT,1.0222609337980775,2026-02-19T11:15:00+05:30,82998.79,2026-02-19T15:15:00+05:30,82348.18,lorentzian_new_short,lorentzian_exit_short,665.09,69.5,3.38,16.9,575.31,0.17
NSE:NIFTY,SHORT,3.5826148245102276,2026-02-19T11:15:00+05:30,25603.5,2026-02-19T15:15:00+05:30,25416.45,lorentzian_new_short,lorentzian_exit_short,670.13,71.31,3.66,18.28,576.88,0.17
NSE:SBIN,LONG,75,2026-02-11T10:15:00+05:30,1170.1,2026-02-19T15:15:00+05:30,1203.0,lorentzian_new_long,lorentzian_new_short,2467.5,260.72,17.8,53.39,2135.58,8.21
NSE:BHARTIARTL,SHORT,35,2026-02-19T11:15:00+05:30,2005.7,2026-02-19T15:15:00+05:30,1981.7,lorentzian_new_short,lorentzian_exit_short,840.0,71.89,13.96,41.87,712.29,0.17
NSE:WIPRO,LONG,390,2026-02-17T11:15:00+05:30,217.68,2026-02-20T09:15:00+05:30,210.33,lorentzian_new_long,lorentzian_new_short,-2866.5,248.84,16.69,50.08,-3182.1,2.92
NSE:HINDUNILVR,SHORT,30,2026-02-19T13:15:00+05:30,2283.4,2026-02-20T10:15:00+05:30,2312.6,lorentzian_new_short,lorentzian_exit_short,-876.0,216.41,13.79,41.36,-1147.56,0.88
NSE:TATASTEEL,SHORT,405,2026-02-19T14:15:00+05:30,205.41,2026-02-20T11:15:00+05:30,208.5,lorentzian_new_short,lorentzian_exit_short,-1251.45,249.5,16.76,50.29,-1568.01,0.88
NSE:ADANIGREEN,SHORT,60,2026-02-19T14:15:00+05:30,976.05,2026-02-20T11:15:00+05:30,975.7,lorentzian_new_short,lorentzian_exit_short,21.0,193.26,11.71,35.13,-219.1,0.88
NSE:SBIN,SHORT,75,2026-02-19T15:15:00+05:30,1203.0,2026-02-20T12:15:00+05:30,1206.2,lorentzian_new_short,lorentzian_exit_short,-240.0,263.94,18.07,54.21,-576.21,0.88
NSE:WIPRO,SHORT,390,2026-02-20T09:15:00+05:30,210.33,2026-02-20T13:15:00+05:30,210.01,lorentzian_new_short,lorentzian_exit_short,124.8,76.1,16.39,49.18,-16.88,0.17
NSE:HINDUNILVR,LONG,30,2026-02-20T11:15:00+05:30,2329.0,2026-02-20T15:15:00+05:30,2318.3,lorentzian_new_long,lorentzian_exit_long,-321.0,71.73,13.94,41.83,-448.5,0.17
NSE:ICICIBANK,SHORT,40,2026-02-17T09:15:00+05:30,1400.0,2026-02-23T09:15:00+05:30,1406.9,lorentzian_new_short,lorentzian_new_long,-276.0,187.91,11.23,33.68,-508.83,6.0
NSE:NIFTY,LONG,3.589119151862027,2026-02-23T09:15:00+05:30,25717.35,2026-02-23T13:15:00+05:30,25630.7,lorentzian_new_long,lorentzian_exit_long,-311.0,71.42,3.69,18.43,-404.54,0.17
NSE:ICICIBANK,LONG,40,2026-02-23T09:15:00+05:30,1406.9,2026-02-23T13:15:00+05:30,1398.1,lorentzian_new_long,lorentzian_exit_long,-352.0,66.93,11.22,33.66,-463.81,0.17
NSE:SBIN,LONG,75,2026-02-23T09:15:00+05:30,1229.7,2026-02-23T13:15:00+05:30,1222.0,lorentzian_new_long,lorentzian_exit_long,-577.5,79.54,18.39,55.16,-730.59,0.17
NSE:TCS,LONG,30,2026-02-19T09:15:00+05:30,2740.3,2026-02-24T09:15:00+05:30,2590.5,lorentzian_new_long,lorentzian_new_short,-4494.0,241.18,15.99,47.98,-4799.15,5.0
NSE:LT,LONG,15,2026-02-03T09:15:00+05:30,4060.2,2026-02-24T11:15:00+05:30,4344.9,lorentzian_new_long,lorentzian_new_short,4270.5,202.91,12.61,37.82,4017.16,21.08
NSE:SENSEX,LONG,1.0257158638970247,2026-02-23T09:15:00+05:30,83278.43,2026-02-24T13:15:00+05:30,82283.85,lorentzian_new_long,lorentzian_new_short,-1020.16,69.46,3.4,16.98,-1109.99,1.17
NSE:HDFCBANK,LONG,70,2026-02-23T09:15:00+05:30,922.05,2026-02-24T13:15:00+05:30,916.7,lorentzian_new_long,lorentzian_new_short,-374.5,206.19,12.87,38.61,-632.17,1.17
NSE:TCS,SHORT,30,2026-02-24T09:15:00+05:30,2590.5,2026-02-24T13:15:00+05:30,2585.4,lorentzian_new_short,lorentzian_exit_short,153.0,74.58,15.53,46.58,16.31,0.17
NSE:ITC,SHORT,200,2026-02-19T14:15:00+05:30,325.8,2026-02-24T13:15:00+05:30,324.35,lorentzian_new_short,lorentzian_exit_short,290.0,207.6,13.0,39.01,30.39,4.96
NSE:LT,SHORT,15,2026-02-24T11:15:00+05:30,4344.9,2026-02-24T15:15:00+05:30,4271.0,lorentzian_new_short,lorentzian_exit_short,1108.5,70.1,12.92,38.77,986.71,0.17
NSE:SENSEX,SHORT,1.0246644567000436,2026-02-24T13:15:00+05:30,82283.85,2026-02-25T10:15:00+05:30,82759.25,lorentzian_new_short,lorentzian_exit_short,-487.13,69.41,3.38,16.91,-576.83,0.88
NSE:NIFTY,SHORT,3.612323141546211,2026-02-24T13:15:00+05:30,25440.5,2026-02-25T10:15:00+05:30,25616.0,lorentzian_new_short,lorentzian_exit_short,-633.96,71.41,3.69,18.44,-727.51,0.88
NSE:ADANIGREEN,LONG,60,2026-02-24T15:15:00+05:30,984.0,2026-02-25T12:15:00+05:30,962.7,lorentzian_new_long,lorentzian_exit_long,-1278.0,193.02,11.68,35.04,-1517.74,0.88
NSE:TATACONSUM,LONG,50,2026-02-23T11:15:00+05:30,1176.6,2026-02-25T12:15:00+05:30,1162.5,lorentzian_new_long,lorentzian_new_short,-705.0,193.15,11.7,35.09,-944.93,2.04
NSE:TATASTEEL,LONG,375,2026-02-25T09:15:00+05:30,214.88,2026-02-25T13:15:00+05:30,214.33,lorentzian_new_long,lorentzian_exit_long,-206.25,75.54,16.1,48.29,-346.17,0.17
NSE:SBIN,SHORT,75,2026-02-25T12:15:00+05:30,1204.8,2026-02-26T09:15:00+05:30,1197.7,lorentzian_new_short,lorentzian_exit_short,532.5,263.32,18.02,54.06,197.11,0.88
NSE:HCLTECH,SHORT,45,2026-02-18T09:15:00+05:30,1454.6,2026-02-26T09:15:00+05:30,1399.7,lorentzian_new_short,lorentzian_new_long,2470.5,205.67,12.84,38.53,2213.45,8.0
NSE:TATACONSUM,SHORT,50,2026-02-25T12:15:00+05:30,1162.5,2026-02-26T09:15:00+05:30,1171.3,lorentzian_new_short,lorentzian_exit_short,-440.0,192.83,11.67,35.01,-679.51,0.88
NSE:TCS,LONG,30,2026-02-26T09:15:00+05:30,2661.0,2026-02-26T13:15:00+05:30,2646.3,lorentzian_new_long,lorentzian_exit_long,-441.0,75.21,15.92,47.77,-579.9,0.17
NSE:HINDUNILVR,SHORT,30,2026-03-02T09:15:00+05:30,2315.3,2026-03-02T13:15:00+05:30,2313.2,lorentzian_new_short,lorentzian_exit_short,63.0,71.68,13.89,41.66,-64.22,0.17
NSE:TATASTEEL,SHORT,380,2026-03-02T09:15:00+05:30,212.95,2026-03-02T13:15:00+05:30,210.21,lorentzian_new_short,lorentzian_exit_short,1041.2,75.65,16.08,48.24,901.23,0.17
NSE:BHARTIARTL,LONG,40,2026-03-04T13:15:00+05:30,1912.9,2026-03-05T10:15:00+05:30,1920.0,lorentzian_new_long,lorentzian_exit_long,284.0,233.48,15.33,45.99,-10.8,0.88
NSE:WIPRO,LONG,420,2026-03-06T10:15:00+05:30,196.92,2026-03-06T14:15:00+05:30,195.43,lorentzian_new_long,lorentzian_exit_long,-625.8,76.17,16.48,49.44,-767.89,0.17
NSE:LT,LONG,15,2026-03-05T14:15:00+05:30,4023.7,2026-03-09T09:15:00+05:30,3782.9,lorentzian_new_long,lorentzian_new_short,-3612.0,193.52,11.71,35.13,-3852.36,3.79
NSE:BHARTIARTL,SHORT,40,2026-03-06T14:15:00+05:30,1871.3,2026-03-09T11:15:00+05:30,1863.7,lorentzian_new_short,lorentzian_exit_short,304.0,229.12,14.94,44.82,15.12,2.88
NSE:ADANIGREEN,LONG,65,2026-03-11T09:15:00+05:30,865.5,2026-03-11T13:15:00+05:30,856.75,lorentzian_new_long,lorentzian_exit_long,-568.75,66.87,11.19,33.58,-680.39,0.17
NSE:TATASTEEL,LONG,415,2026-03-11T09:15:00+05:30,195.95,2026-03-12T09:15:00+05:30,191.23,lorentzian_new_long,lorentzian_new_short,-1958.8,241.83,16.07,48.2,-2264.9,1.0
NSE:TATASTEEL,SHORT,415,2026-03-12T09:15:00+05:30,191.23,2026-03-12T13:15:00+05:30,193.22,lorentzian_new_short,lorentzian_exit_short,-825.85,75.23,15.95,47.86,-964.89,0.17
NSE:HINDUNILVR,LONG,30,2026-03-13T10:15:00+05:30,2172.9,2026-03-13T14:15:00+05:30,2161.9,lorentzian_new_long,lorentzian_exit_long,-330.0,70.08,13.0,39.01,-452.1,0.17
NSE:TATACONSUM,LONG,50,2026-03-06T09:15:00+05:30,1120.5,2026-03-13T15:15:00+05:30,1082.0,lorentzian_new_long,lorentzian_exit_long,-1925.0,185.65,11.01,33.04,-2154.7,7.25
NSE:WIPRO,SHORT,415,2026-03-13T12:15:00+05:30,197.39,2026-03-16T09:15:00+05:30,196.48,lorentzian_new_short,lorentzian_exit_short,377.65,244.74,16.35,49.04,67.53,2.88
NSE:HDFCBANK,SHORT,70,2026-02-24T13:15:00+05:30,916.7,2026-03-16T13:15:00+05:30,830.8,lorentzian_new_short,lorentzian_new_long,6013.0,198.61,12.23,36.7,5765.46,20.0
NSE:ICICIBANK,SHORT,40,2026-02-27T10:15:00+05:30,1389.4,2026-03-16T14:15:00+05:30,1274.8,lorentzian_new_short,lorentzian_new_long,4584.0,181.21,10.66,31.97,4360.17,17.17
NSE:HDFCBANK,LONG,85,2026-03-16T13:15:00+05:30,830.8,2026-03-17T10:15:00+05:30,840.15,lorentzian_new_long,lorentzian_exit_long,794.75,220.9,14.2,42.61,517.04,0.88
NSE:ICICIBANK,LONG,45,2026-03-16T14:15:00+05:30,1274.8,2026-03-17T11:15:00+05:30,1280.3,lorentzian_new_long,lorentzian_exit_long,247.5,190.88,11.5,34.49,10.63,0.88
NSE:ITC,LONG,215,2026-03-16T14:15:00+05:30,308.5,2026-03-17T11:15:00+05:30,306.75,lorentzian_new_long,lorentzian_exit_long,-376.25,210.15,13.23,39.68,-639.31,0.88
NSE:SENSEX,LONG,1.103960672516075,2026-03-17T09:15:00+05:30,75852.55,2026-03-17T13:15:00+05:30,76124.22,lorentzian_new_long,lorentzian_exit_long,299.91,69.31,3.36,16.78,210.47,0.17
NSE:NIFTY,LONG,3.8754805923496916,2026-03-17T09:15:00+05:30,23525.85,2026-03-17T13:15:00+05:30,23600.0,lorentzian_new_long,lorentzian_exit_long,287.37,71.26,3.65,18.26,194.19,0.17
NSE:TATASTEEL,LONG,410,2026-03-17T09:15:00+05:30,192.13,2026-03-17T13:15:00+05:30,193.56,lorentzian_new_long,lorentzian_exit_long,586.3,75.13,15.81,47.44,447.92,0.17
NSE:BHARTIARTL,LONG,40,2026-03-17T09:15:00+05:30,1814.7,2026-03-17T13:15:00+05:30,1831.4,lorentzian_new_long,lorentzian_exit_long,668.0,72.97,14.58,43.75,536.69,0.17
NSE:LT,SHORT,20,2026-03-09T09:15:00+05:30,3782.9,2026-03-17T14:15:00+05:30,3547.0,lorentzian_new_short,lorentzian_new_long,4718.0,225.68,14.66,43.98,4433.68,8.21
NSE:INFY,SHORT,60,2026-02-18T09:15:00+05:30,1353.5,2026-03-18T09:15:00+05:30,1274.6,lorentzian_new_short,lorentzian_new_long,4734.0,238.0,15.77,47.31,4432.93,28.0
NSE:SENSEX,LONG,1.0999723795014638,2026-03-18T09:15:00+05:30,76318.35,2026-03-19T09:15:00+05:30,74920.33,lorentzian_new_long,lorentzian_new_short,-1537.78,68.95,3.33,16.64,-1626.7,1.0
NSE:INFY,LONG,65,2026-03-18T09:15:00+05:30,1274.6,2026-03-19T09:15:00+05:30,1237.5,lorentzian_new_long,lorentzian_new_short,-2411.5,244.76,16.33,48.99,-2721.57,1.0
NSE:LT,LONG,20,2026-03-17T14:15:00+05:30,3547.0,2026-03-19T09:15:00+05:30,3488.1,lorentzian_new_long,lorentzian_new_short,-1178.0,219.57,14.07,42.21,-1453.85,1.79
NSE:ICICIBANK,SHORT,45,2026-03-19T09:15:00+05:30,1261.0,2026-03-19T13:15:00+05:30,1261.5,lorentzian_new_short,lorentzian_exit_short,-22.5,67.2,11.35,34.05,-135.11,0.17
NSE:BANKNIFTY,SHORT,1.7117529419131732,2026-03-19T09:15:00+05:30,53639.9,2026-03-19T13:15:00+05:30,53700.3,lorentzian_new_short,lorentzian_exit_short,-103.39,71.37,3.67,18.37,-196.81,0.17
NSE:INFY,SHORT,65,2026-03-19T09:15:00+05:30,1237.5,2026-03-19T13:15:00+05:30,1226.0,lorentzian_new_short,lorentzian_exit_short,747.5,75.5,16.01,48.04,607.95,0.17
NSE:ITC,SHORT,220,2026-03-19T09:15:00+05:30,300.3,2026-03-19T13:15:00+05:30,299.4,lorentzian_new_short,lorentzian_exit_short,198.0,70.47,13.19,39.58,74.75,0.17
NSE:HINDUNILVR,SHORT,30,2026-03-19T09:15:00+05:30,2100.8,2026-03-19T13:15:00+05:30,2080.6,lorentzian_new_short,lorentzian_exit_short,606.0,69.37,12.54,37.63,486.45,0.17
NSE:TATACONSUM,SHORT,55,2026-03-19T09:15:00+05:30,1052.8,2026-03-19T13:15:00+05:30,1044.3,lorentzian_new_short,lorentzian_exit_short,467.5,67.58,11.53,34.6,353.79,0.17
NSE:LT,SHORT,20,2026-03-19T09:15:00+05:30,3488.1,2026-03-19T13:15:00+05:30,3444.7,lorentzian_new_short,lorentzian_exit_short,868.0,71.73,13.87,41.6,740.81,0.17
NSE:BHARTIARTL,LONG,40,2026-03-18T09:15:00+05:30,1846.4,2026-03-19T14:15:00+05:30,1827.4,lorentzian_new_long,lorentzian_new_short,-760.0,226.48,14.7,44.09,-1045.26,1.21
NSE:BHARTIARTL,SHORT,40,2026-03-19T14:15:00+05:30,1827.4,2026-03-20T11:15:00+05:30,1850.0,lorentzian_new_short,lorentzian_exit_short,-904.0,226.65,14.71,44.13,-1189.49,0.88
NSE:SBIN,LONG,85,2026-03-20T09:15:00+05:30,1076.9,2026-03-20T13:15:00+05:30,1064.7,lorentzian_new_long,lorentzian_exit_long,-1037.0,79.17,18.2,54.61,-1188.98,0.17
NSE:SENSEX,SHORT,1.098850509580919,2026-03-19T09:15:00+05:30,74920.33,2026-03-23T13:15:00+05:30,73074.16,lorentzian_new_short,lorentzian_exit_short,2028.66,68.78,3.25,16.26,1940.37,4.17
NSE:SBIN,SHORT,90,2026-03-23T09:15:00+05:30,1019.7,2026-03-23T13:15:00+05:30,1042.2,lorentzian_new_short,lorentzian_exit_short,-2025.0,79.68,18.56,55.67,-2178.91,0.17
NSE:ITC,SHORT,225,2026-03-23T09:15:00+05:30,293.95,2026-03-23T13:15:00+05:30,291.5,lorentzian_new_short,lorentzian_exit_short,551.25,70.47,13.17,39.52,428.09,0.17
NSE:ADANIGREEN,SHORT,65,2026-03-19T14:15:00+05:30,852.4,2026-03-23T13:15:00+05:30,818.9,lorentzian_new_short,lorentzian_exit_short,2177.5,183.68,10.86,32.59,1950.36,3.96
NSE:HCLTECH,LONG,50,2026-02-26T09:15:00+05:30,1399.7,2026-03-24T10:15:00+05:30,1377.5,lorentzian_new_long,lorentzian_exit_long,-1110.0,217.52,13.89,41.66,-1383.06,26.04
NSE:NIFTY,SHORT,3.932046372249988,2026-03-19T09:15:00+05:30,23236.65,2026-03-24T12:15:00+05:30,22990.5,lorentzian_new_short,lorentzian_new_long,967.87,71.21,3.64,18.18,874.85,5.12
NSE:INFY,LONG,65,2026-03-24T09:15:00+05:30,1265.1,2026-03-24T13:15:00+05:30,1290.7,lorentzian_new_long,lorentzian_exit_long,1664.0,76.66,16.61,49.84,1520.89,0.17
NSE:LT,LONG,20,2026-03-24T09:15:00+05:30,3419.0,2026-03-24T13:15:00+05:30,3518.3,lorentzian_new_long,lorentzian_exit_long,1986.0,71.87,13.87,41.62,1858.63,0.17
NSE:SENSEX,LONG,1.134888339910437,2026-03-24T12:15:00+05:30,74245.9,2026-03-25T09:15:00+05:30,75274.75,lorentzian_new_long,lorentzian_exit_long,1167.63,69.64,3.39,16.97,1077.63,0.88
NSE:ICICIBANK,LONG,45,2026-03-25T09:15:00+05:30,1265.4,2026-03-25T13:15:00+05:30,1259.7,lorentzian_new_long,lorentzian_exit_long,-256.5,67.2,11.36,34.09,-369.15,0.17
NSE:BANKNIFTY,LONG,1.7055876553056017,2026-03-25T09:15:00+05:30,53718.75,2026-03-25T13:15:00+05:30,53907.65,lorentzian_new_long,lorentzian_exit_long,322.19,71.39,3.67,18.36,228.77,0.17
NSE:ITC,LONG,220,2026-03-25T09:15:00+05:30,296.2,2026-03-25T13:15:00+05:30,296.75,lorentzian_new_long,lorentzian_exit_long,121.0,70.2,13.04,39.13,-1.38,0.17
NSE:HINDUNILVR,LONG,30,2026-03-25T09:15:00+05:30,2135.3,2026-03-25T13:15:00+05:30,2141.4,lorentzian_new_long,lorentzian_exit_long,183.0,69.83,12.83,38.49,61.85,0.17
NSE:TATASTEEL,LONG,405,2026-03-25T09:15:00+05:30,194.8,2026-03-25T13:15:00+05:30,196.6,lorentzian_new_long,lorentzian_exit_long,729.0,75.22,15.85,47.56,590.38,0.17
NSE:ADANIGREEN,LONG,70,2026-03-25T09:15:00+05:30,863.85,2026-03-25T13:15:00+05:30,856.4,lorentzian_new_long,lorentzian_exit_long,-521.5,68.36,12.04,36.13,-638.03,0.17
NSE:TATACONSUM,LONG,55,2026-03-25T09:15:00+05:30,1065.4,2026-03-25T13:15:00+05:30,1063.7,lorentzian_new_long,lorentzian_exit_long,-93.5,67.83,11.71,35.13,-208.17,0.17
NSE:BHARTIARTL,LONG,40,2026-03-25T11:15:00+05:30,1840.0,2026-03-25T15:15:00+05:30,1834.0,lorentzian_new_long,lorentzian_exit_long,-240.0,73.07,14.7,44.09,-371.86,0.17
NSE:HDFCBANK,SHORT,95,2026-03-27T09:15:00+05:30,763.55,2026-03-27T13:15:00+05:30,762.25,lorentzian_new_short,lorentzian_exit_short,123.5,72.76,14.5,43.49,-7.24,0.17
NSE:TATACONSUM,SHORT,55,2026-03-27T09:15:00+05:30,1035.6,2026-03-27T13:15:00+05:30,1047.3,lorentzian_new_short,lorentzian_exit_short,-643.5,67.32,11.46,34.37,-756.64,0.17
NSE:NIFTY,LONG,4.012084259444261,2026-03-24T12:15:00+05:30,22990.5,2026-03-30T09:15:00+05:30,22596.75,lorentzian_new_long,lorentzian_new_short,-1579.76,71.13,3.66,18.29,-1672.83,5.88
NSE:ICICIBANK,SHORT,50,2026-03-27T14:15:00+05:30,1234.4,2026-03-30T11:15:00+05:30,1218.1,lorentzian_new_short,lorentzian_exit_short,815.0,199.33,12.26,36.79,566.62,2.88
NSE:SENSEX,SHORT,1.1725826041929341,2026-03-30T09:15:00+05:30,72775.44,2026-03-30T13:15:00+05:30,72226.54,lorentzian_new_short,lorentzian_exit_short,643.63,69.63,3.4,17.0,553.59,0.17
NSE:NIFTY,SHORT,4.008186758735268,2026-03-30T09:15:00+05:30,22596.75,2026-03-30T13:15:00+05:30,22420.5,lorentzian_new_short,lorentzian_exit_short,706.44,71.01,3.61,18.04,613.78,0.17
NSE:TCS,SHORT,35,2026-03-19T09:15:00+05:30,2394.7,2026-03-30T13:15:00+05:30,2352.3,lorentzian_new_short,lorentzian_exit_short,1484.0,247.64,16.61,49.84,1169.9,11.17
NSE:INFY,SHORT,65,2026-03-30T09:15:00+05:30,1260.3,2026-03-30T13:15:00+05:30,1245.6,lorentzian_new_short,lorentzian_exit_short,955.5,76.01,16.29,48.87,814.34,0.17
NSE:HCLTECH,SHORT,50,2026-03-30T09:15:00+05:30,1346.6,2026-03-30T13:15:00+05:30,1338.7,lorentzian_new_short,lorentzian_exit_short,395.0,70.9,13.43,40.28,270.39,0.17
NSE:HINDUNILVR,SHORT,30,2026-03-30T09:15:00+05:30,2067.2,2026-03-30T13:15:00+05:30,2050.2,lorentzian_new_short,lorentzian_exit_short,510.0,69.02,12.35,37.06,391.57,0.17
NSE:TATASTEEL,SHORT,420,2026-03-30T09:15:00+05:30,190.0,2026-03-30T13:15:00+05:30,193.04,lorentzian_new_short,lorentzian_exit_short,-1276.8,75.41,16.09,48.26,-1416.56,0.17
NSE:ITC,SHORT,225,2026-03-30T10:15:00+05:30,290.0,2026-03-30T14:15:00+05:30,288.15,lorentzian_new_short,lorentzian_exit_short,416.25,70.17,13.01,39.03,294.05,0.17
NSE:ADANIGREEN,SHORT,70,2026-03-30T10:15:00+05:30,818.45,2026-03-30T14:15:00+05:30,807.05,lorentzian_new_short,lorentzian_exit_short,798.0,67.34,11.38,34.14,685.15,0.17
NSE:LT,SHORT,20,2026-03-30T09:15:00+05:30,3526.0,2026-04-01T09:15:00+05:30,3611.1,lorentzian_new_short,lorentzian_new_long,-1702.0,221.88,14.27,42.82,-1980.97,2.0
NSE:BHARTIARTL,SHORT,40,2026-03-30T15:15:00+05:30,1789.2,2026-04-01T12:15:00+05:30,1799.3,lorentzian_new_short,lorentzian_exit_short,-404.0,222.67,14.35,43.06,-684.08,1.88
NSE:BANKNIFTY,SHORT,1.7452345743359217,2026-03-27T09:15:00+05:30,52629.1,2026-04-01T13:15:00+05:30,51732.9,lorentzian_new_short,lorentzian_new_long,1564.08,71.31,3.64,18.21,1470.91,5.17
NSE:TCS,LONG,35,2026-04-01T09:15:00+05:30,2461.5,2026-04-01T13:15:00+05:30,2415.7,lorentzian_new_long,lorentzian_exit_long,-1603.0,77.11,17.07,51.21,-1748.39,0.17
NSE:TATASTEEL,LONG,395,2026-04-01T09:15:00+05:30,197.72,2026-04-01T13:15:00+05:30,195.67,lorentzian_new_long,lorentzian_exit_long,-809.75,74.49,15.54,46.62,-946.4,0.17
NSE:BANKNIFTY,LONG,1.803816130222999,2026-04-01T13:15:00+05:30,51732.9,2026-04-02T09:15:00+05:30,50172.3,lorentzian_new_long,lorentzian_new_short,-2815.04,98.29,3.68,18.38,-2935.38,0.83
NSE:LT,LONG,20,2026-04-01T09:15:00+05:30,3611.1,2026-04-02T09:15:00+05:30,3484.6,lorentzian_new_long,lorentzian_new_short,-2530.0,221.02,14.19,42.57,-2807.78,1.0
NSE:HINDUNILVR,SHORT,35,2026-04-02T09:15:00+05:30,2034.9,2026-04-02T13:15:00+05:30,2055.5,lorentzian_new_short,lorentzian_exit_short,-721.0,72.35,14.32,42.95,-850.62,0.17
NSE:TATASTEEL,SHORT,410,2026-04-02T09:15:00+05:30,188.87,2026-04-02T13:15:00+05:30,193.99,lorentzian_new_short,lorentzian_exit_short,-2099.2,74.63,15.7,47.09,-2236.62,0.17
NSE:LT,SHORT,20,2026-04-02T09:15:00+05:30,3484.6,2026-04-02T13:15:00+05:30,3599.0,lorentzian_new_short,lorentzian_exit_short,-2288.0,71.91,14.17,42.5,-2416.58,0.17
NSE:BANKNIFTY,SHORT,1.8015924949873001,2026-04-02T09:15:00+05:30,50172.3,2026-04-02T14:15:00+05:30,51674.35,lorentzian_new_short,lorentzian_new_long,-2706.08,98.22,3.67,18.35,-2826.32,0.21
NSE:INFY,SHORT,65,2026-04-02T09:15:00+05:30,1263.2,2026-04-02T14:15:00+05:30,1304.7,lorentzian_new_short,lorentzian_new_long,-2697.5,76.32,16.69,50.07,-2840.58,0.21
NSE:HCLTECH,LONG,50,2026-04-01T09:15:00+05:30,1380.6,2026-04-06T10:15:00+05:30,1407.7,lorentzian_new_long,lorentzian_exit_long,1355.0,217.95,13.94,41.82,1081.28,5.04
NSE:INFY,LONG,65,2026-04-02T14:15:00+05:30,1304.7,2026-04-06T11:15:00+05:30,1310.0,lorentzian_new_long,lorentzian_exit_long,344.5,251.96,17.0,50.99,24.55,3.88
NSE:TATACONSUM,LONG,55,2026-04-02T14:15:00+05:30,1043.0,2026-04-06T11:15:00+05:30,1033.4,lorentzian_new_long,lorentzian_exit_long,-528.0,190.07,11.42,34.26,-763.75,3.88
NSE:TCS,LONG,30,2026-04-06T09:15:00+05:30,2460.8,2026-04-06T13:15:00+05:30,2471.6,lorentzian_new_long,lorentzian_exit_long,324.0,73.31,14.8,44.39,191.5,0.17
NSE:WIPRO,LONG,415,2026-04-06T09:15:00+05:30,197.38,2026-04-06T13:15:00+05:30,197.01,lorentzian_new_long,lorentzian_exit_long,-153.55,76.03,16.37,49.1,-295.05,0.17
NSE:HINDUNILVR,LONG,30,2026-04-06T14:15:00+05:30,2084.3,2026-04-07T11:15:00+05:30,2065.7,lorentzian_new_long,lorentzian_exit_long,-558.0,201.52,12.45,37.35,-809.32,0.88
NSE:ICICIBANK,LONG,50,2026-04-07T14:15:00+05:30,1244.6,2026-04-08T11:15:00+05:30,1307.4,lorentzian_new_long,lorentzian_exit_long,3140.0,204.69,12.76,38.28,2884.27,0.88
NSE:TATASTEEL,LONG,380,2026-04-07T14:15:00+05:30,198.24,2026-04-08T11:15:00+05:30,204.54,lorentzian_new_long,lorentzian_exit_long,2394.0,233.03,15.31,45.92,2099.75,0.88
NSE:BHARTIARTL,LONG,40,2026-04-07T14:15:00+05:30,1829.6,2026-04-08T11:15:00+05:30,1857.9,lorentzian_new_long,lorentzian_exit_long,1132.0,226.95,14.75,44.25,846.05,0.88
NSE:INFY,SHORT,60,2026-04-09T09:15:00+05:30,1318.3,2026-04-09T13:15:00+05:30,1328.2,lorentzian_new_short,lorentzian_exit_short,-594.0,75.12,15.88,47.64,-732.63,0.17
NSE:TCS,SHORT,30,2026-04-10T09:15:00+05:30,2511.0,2026-04-10T13:15:00+05:30,2517.9,lorentzian_new_short,lorentzian_exit_short,-207.0,73.76,15.09,45.26,-341.11,0.17
NSE:HDFCBANK,LONG,95,2026-04-02T14:15:00+05:30,752.95,2026-04-13T09:15:00+05:30,791.2,lorentzian_new_long,lorentzian_new_short,3633.75,225.87,14.67,44.01,3349.2,10.79
NSE:SBIN,LONG,85,2026-04-06T14:15:00+05:30,1034.7,2026-04-13T09:15:00+05:30,1035.9,lorentzian_new_long,lorentzian_new_short,102.0,258.7,17.6,52.8,-227.1,6.79
NSE:BANKNIFTY,LONG,1.6946932713320713,2026-04-02T14:15:00+05:30,51674.35,2026-04-13T09:15:00+05:30,54741.0,lorentzian_new_long,lorentzian_new_short,5197.03,99.23,3.61,18.03,5076.16,10.79
NSE:HDFCBANK,SHORT,95,2026-04-13T09:15:00+05:30,791.2,2026-04-13T13:15:00+05:30,794.7,lorentzian_new_short,lorentzian_exit_short,-332.5,73.71,15.07,45.2,-466.48,0.17
NSE:SBIN,SHORT,85,2026-04-13T09:15:00+05:30,1035.9,2026-04-13T13:15:00+05:30,1064.75,lorentzian_new_short,lorentzian_new_long,-2452.25,78.4,17.86,53.57,-2602.07,0.17
NSE:TATASTEEL,SHORT,380,2026-04-13T09:15:00+05:30,201.85,2026-04-13T13:15:00+05:30,205.26,lorentzian_new_short,lorentzian_exit_short,-1295.8,74.32,15.47,46.41,-1432.0,0.17
NSE:BANKNIFTY,SHORT,1.6922078539423446,2026-04-13T09:15:00+05:30,54741.0,2026-04-15T09:15:00+05:30,56503.1,lorentzian_new_short,lorentzian_new_long,-2981.84,99.49,3.76,18.82,-3103.92,2.0
NSE:SBIN,LONG,80,2026-04-13T13:15:00+05:30,1064.75,2026-04-15T10:15:00+05:30,1069.5,lorentzian_new_long,lorentzian_exit_long,380.0,252.83,17.07,51.22,58.87,1.88
NSE:SENSEX,LONG,1.1689527363676133,2026-04-02T14:15:00+05:30,73473.59,2026-04-15T13:15:00+05:30,78075.99,lorentzian_new_long,lorentzian_exit_long,5379.99,98.38,3.54,17.72,5260.35,12.96
NSE:NIFTY,LONG,4.006253872231948,2026-04-02T14:15:00+05:30,22760.4,2026-04-15T13:15:00+05:30,24226.6,lorentzian_new_long,lorentzian_exit_long,5873.97,101.62,3.76,18.82,5749.76,12.96
NSE:TATASTEEL,LONG,360,2026-04-15T09:15:00+05:30,209.47,2026-04-15T13:15:00+05:30,208.47,lorentzian_new_long,lorentzian_exit_long,-360.0,73.68,15.05,45.14,-493.86,0.17
NSE:TCS,LONG,30,2026-04-16T09:15:00+05:30,2571.5,2026-04-16T13:15:00+05:30,2570.1,lorentzian_new_long,lorentzian_exit_long,-42.0,74.38,15.42,46.27,-178.08,0.17
NSE:INFY,LONG,60,2026-04-16T09:15:00+05:30,1320.7,2026-04-16T13:15:00+05:30,1310.6,lorentzian_new_long,lorentzian_exit_long,-606.0,74.96,15.79,47.36,-744.11,0.17
NSE:BHARTIARTL,SHORT,40,2026-04-16T09:15:00+05:30,1840.5,2026-04-16T13:15:00+05:30,1834.4,lorentzian_new_short,lorentzian_exit_short,244.0,73.13,14.7,44.1,112.07,0.17
NSE:BHARTIARTL,LONG,40,2026-04-20T09:15:00+05:30,1848.5,2026-04-20T13:15:00+05:30,1853.3,lorentzian_new_long,lorentzian_exit_long,192.0,73.32,14.81,44.42,59.46,0.17
NSE:TCS,SHORT,30,2026-04-22T09:15:00+05:30,2565.0,2026-04-22T13:15:00+05:30,2543.6,lorentzian_new_short,lorentzian_exit_short,642.0,74.28,15.33,45.98,506.42,0.17
NSE:INFY,SHORT,65,2026-04-22T09:15:00+05:30,1271.6,2026-04-22T13:15:00+05:30,1267.7,lorentzian_new_short,lorentzian_exit_short,253.5,76.31,16.51,49.52,111.16,0.17
NSE:HCLTECH,SHORT,55,2026-04-22T09:15:00+05:30,1305.3,2026-04-22T13:15:00+05:30,1288.5,lorentzian_new_short,lorentzian_exit_short,924.0,72.44,14.27,42.8,794.49,0.17
NSE:BANKNIFTY,LONG,1.5846654592215803,2026-04-15T09:15:00+05:30,56503.1,2026-04-23T09:15:00+05:30,56767.7,lorentzian_new_long,lorentzian_new_short,419.3,97.85,3.59,17.95,299.92,8.0
NSE:SENSEX,SHORT,1.1675184444439268,2026-04-23T09:15:00+05:30,78055.96,2026-04-23T13:15:00+05:30,77772.69,lorentzian_new_short,lorentzian_exit_short,330.72,98.51,3.64,18.19,210.38,0.17
NSE:HDFCBANK,SHORT,95,2026-04-23T09:15:00+05:30,794.6,2026-04-23T13:15:00+05:30,784.35,lorentzian_new_short,lorentzian_exit_short,973.75,73.74,15.0,45.0,840.01,0.17
NSE:NIFTY,SHORT,3.9923834595595813,2026-04-23T09:15:00+05:30,24275.35,2026-04-23T13:15:00+05:30,24209.2,lorentzian_new_short,lorentzian_exit_short,264.1,101.77,3.87,19.36,139.1,0.17
NSE:ICICIBANK,SHORT,45,2026-04-23T09:15:00+05:30,1352.3,2026-04-23T13:15:00+05:30,1350.0,lorentzian_new_short,lorentzian_exit_short,103.5,68.64,12.16,36.48,-13.78,0.17
NSE:SBIN,SHORT,80,2026-04-23T09:15:00+05:30,1097.0,2026-04-23T13:15:00+05:30,1090.95,lorentzian_new_short,lorentzian_exit_short,484.0,78.1,17.5,52.51,335.89,0.17
NSE:BANKNIFTY,SHORT,1.5825466074823429,2026-04-23T09:15:00+05:30,56767.7,2026-04-23T13:15:00+05:30,56263.35,lorentzian_new_short,lorentzian_exit_short,798.16,97.76,3.58,17.89,678.93,0.17
NSE:BHARTIARTL,SHORT,40,2026-04-23T09:15:00+05:30,1834.6,2026-04-23T13:15:00+05:30,1837.4,lorentzian_new_short,lorentzian_exit_short,-112.0,73.07,14.69,44.06,-243.82,0.17
NSE:WIPRO,SHORT,410,2026-04-24T09:15:00+05:30,198.97,2026-04-24T13:15:00+05:30,198.52,lorentzian_new_short,lorentzian_exit_short,184.5,75.94,16.3,48.89,43.37,0.17
NSE:ADANIGREEN,SHORT,50,2026-04-24T10:15:00+05:30,1168.6,2026-04-24T14:15:00+05:30,1239.2,lorentzian_new_short,lorentzian_new_long,-3530.0,68.03,12.04,36.12,-3646.18,0.17
NSE:HINDUNILVR,SHORT,30,2026-04-24T11:15:00+05:30,2304.4,2026-04-24T15:15:00+05:30,2325.0,lorentzian_new_short,lorentzian_exit_short,-618.0,71.61,13.89,41.66,-745.16,0.17
NSE:ITC,SHORT,220,2026-04-24T12:15:00+05:30,302.65,2026-04-27T09:15:00+05:30,305.0,lorentzian_new_short,lorentzian_exit_short,-517.0,211.72,13.37,40.1,-782.19,2.88
NSE:ADANIGREEN,LONG,45,2026-04-24T14:15:00+05:30,1239.2,2026-04-27T11:15:00+05:30,1240.2,lorentzian_new_long,lorentzian_exit_long,45.0,187.11,11.16,33.47,-186.74,2.88
NSE:SBIN,LONG,80,2026-04-27T09:15:00+05:30,1108.7,2026-04-27T13:15:00+05:30,1112.2,lorentzian_new_long,lorentzian_exit_long,280.0,78.54,17.77,53.3,130.39,0.17
NSE:TATASTEEL,LONG,350,2026-04-27T11:15:00+05:30,213.36,2026-04-27T15:15:00+05:30,213.28,lorentzian_new_long,lorentzian_exit_long,-28.0,73.51,14.93,44.8,-161.24,0.17
NSE:WIPRO,LONG,395,2026-04-27T12:15:00+05:30,204.79,2026-04-28T09:15:00+05:30,205.36,lorentzian_new_long,lorentzian_exit_long,225.15,243.14,16.2,48.6,-82.8,0.88
NSE:TCS,LONG,30,2026-04-28T09:15:00+05:30,2479.0,2026-04-28T13:15:00+05:30,2434.7,lorentzian_new_long,lorentzian_exit_long,-1329.0,73.03,14.74,44.22,-1461.0,0.17
NSE:TATACONSUM,SHORT,50,2026-04-28T09:15:00+05:30,1154.5,2026-04-28T13:15:00+05:30,1148.1,lorentzian_new_short,lorentzian_exit_short,320.0,67.52,11.51,34.54,206.42,0.17
NSE:BHARTIARTL,LONG,40,2026-04-28T10:15:00+05:30,1843.6,2026-04-28T14:15:00+05:30,1839.4,lorentzian_new_long,lorentzian_exit_long,-168.0,73.14,14.73,44.2,-300.07,0.17
NSE:ITC,LONG,210,2026-04-29T09:15:00+05:30,311.85,2026-04-29T13:15:00+05:30,315.45,lorentzian_new_long,lorentzian_exit_long,756.0,70.5,13.17,39.52,632.81,0.17
NSE:HINDUNILVR,LONG,25,2026-04-29T13:15:00+05:30,2328.0,2026-04-30T10:15:00+05:30,2230.8,lorentzian_new_long,lorentzian_new_short,-2430.0,189.96,11.4,34.19,-2665.55,0.88
NSE:SBIN,SHORT,80,2026-04-30T09:15:00+05:30,1075.45,2026-04-30T13:15:00+05:30,1069.65,lorentzian_new_short,lorentzian_exit_short,464.0,77.49,17.16,51.48,317.86,0.17
NSE:ADANIGREEN,SHORT,45,2026-04-30T09:15:00+05:30,1211.2,2026-04-30T13:15:00+05:30,1217.7,lorentzian_new_short,lorentzian_exit_short,-292.5,66.43,10.93,32.79,-402.65,0.17
NSE:HINDUNILVR,SHORT,25,2026-04-30T10:15:00+05:30,2230.8,2026-04-30T14:15:00+05:30,2246.5,lorentzian_new_short,lorentzian_exit_short,-392.5,66.88,11.19,33.58,-504.16,0.17
NSE:LT,SHORT,15,2026-04-30T09:15:00+05:30,4021.7,2026-05-04T09:15:00+05:30,4099.8,lorentzian_new_short,lorentzian_new_long,-1171.5,198.59,12.18,36.55,-1418.82,4.0
NSE:SENSEX,LONG,1.1785595567961058,2026-05-04T09:15:00+05:30,77502.68,2026-05-04T13:15:00+05:30,77249.17,lorentzian_new_long,lorentzian_exit_long,-298.78,98.49,3.65,18.24,-419.15,0.17
NSE:NIFTY,LONG,4.014659090343626,2026-05-04T09:15:00+05:30,24175.2,2026-05-04T13:15:00+05:30,24103.75,lorentzian_new_long,lorentzian_exit_long,-286.85,101.71,3.88,19.38,-411.82,0.17
NSE:HINDUNILVR,LONG,25,2026-05-04T09:15:00+05:30,2346.9,2026-05-04T13:15:00+05:30,2314.2,lorentzian_new_long,lorentzian_exit_long,-817.5,67.65,11.65,34.96,-931.76,0.17
NSE:ADANIGREEN,LONG,40,2026-05-04T09:15:00+05:30,1259.7,2026-05-04T13:15:00+05:30,1295.1,lorentzian_new_long,lorentzian_exit_long,1416.0,65.36,10.22,30.66,1309.76,0.17
NSE:LT,LONG,15,2026-05-04T09:15:00+05:30,4099.8,2026-05-04T13:15:00+05:30,4107.7,lorentzian_new_long,lorentzian_exit_long,118.5,68.91,12.31,36.93,0.35,0.17
NSE:HDFCBANK,LONG,95,2026-05-04T10:15:00+05:30,785.25,2026-05-04T14:15:00+05:30,778.9,lorentzian_new_long,lorentzian_exit_long,-603.25,73.32,14.86,44.58,-736.01,0.17
NSE:BANKNIFTY,LONG,1.6431103437530707,2026-05-06T09:15:00+05:30,55087.25,2026-05-06T13:15:00+05:30,55083.45,lorentzian_new_long,lorentzian_exit_long,-6.24,98.17,3.62,18.1,-126.14,0.17
NSE:WIPRO,SHORT,410,2026-05-06T12:15:00+05:30,198.83,2026-05-07T09:15:00+05:30,198.33,lorentzian_new_short,lorentzian_exit_short,205.0,244.06,16.28,48.85,-104.2,0.88
NSE:ICICIBANK,LONG,50,2026-05-06T14:15:00+05:30,1278.9,2026-05-07T11:15:00+05:30,1287.6,lorentzian_new_long,lorentzian_exit_long,435.0,205.7,12.83,38.5,177.97,0.88
NSE:SBIN,LONG,80,2026-05-06T14:15:00+05:30,1093.3,2026-05-07T11:15:00+05:30,1091.0,lorentzian_new_long,lorentzian_exit_long,-184.0,257.32,17.47,52.42,-511.22,0.88
NSE:ITC,SHORT,215,2026-05-07T14:15:00+05:30,307.25,2026-05-08T11:15:00+05:30,307.05,lorentzian_new_short,lorentzian_exit_short,43.0,209.89,13.21,39.62,-219.72,0.88
NSE:TATACONSUM,LONG,45,2026-05-08T09:15:00+05:30,1167.6,2026-05-08T13:15:00+05:30,1176.9,lorentzian_new_long,lorentzian_exit_long,418.5,65.84,10.55,31.65,310.46,0.17
NSE:TATASTEEL,LONG,350,2026-05-06T14:15:00+05:30,215.44,2026-05-11T09:15:00+05:30,213.47,lorentzian_new_long,lorentzian_new_short,-689.5,230.0,15.01,45.04,-979.54,4.79
NSE:SBIN,SHORT,85,2026-05-08T13:15:00+05:30,1020.9,2026-05-11T10:15:00+05:30,976.3,lorentzian_new_short,lorentzian_exit_short,3791.0,251.49,16.98,50.93,3471.61,2.88
NSE:BANKNIFTY,SHORT,1.6410284520703367,2026-05-08T13:15:00+05:30,55080.5,2026-05-11T10:15:00+05:30,54647.45,lorentzian_new_short,lorentzian_exit_short,710.65,98.08,3.6,18.01,590.96,2.88
NSE:SENSEX,SHORT,1.1914036882802936,2026-05-11T09:15:00+05:30,76316.39,2026-05-11T13:15:00+05:30,76462.58,lorentzian_new_short,lorentzian_exit_short,-174.17,98.41,3.64,18.2,-294.43,0.17
NSE:TATASTEEL,SHORT,345,2026-05-11T09:15:00+05:30,213.47,2026-05-11T13:15:00+05:30,213.2,lorentzian_new_short,lorentzian_exit_short,93.15,73.15,14.72,44.16,-38.88,0.17
NSE:LT,SHORT,15,2026-05-06T09:15:00+05:30,3919.5,2026-05-11T13:15:00+05:30,3944.2,lorentzian_new_short,lorentzian_exit_short,-370.5,194.23,11.8,35.39,-611.92,5.17
NSE:ADANIGREEN,SHORT,40,2026-05-12T11:15:00+05:30,1329.6,2026-05-12T15:15:00+05:30,1315.0,lorentzian_new_short,lorentzian_exit_short,584.0,65.91,10.58,31.74,475.78,0.17
NSE:BHARTIARTL,SHORT,40,2026-05-04T10:15:00+05:30,1856.9,2026-05-13T10:15:00+05:30,1783.3,lorentzian_new_short,lorentzian_new_long,2944.0,224.71,14.56,43.68,2661.04,9.0
NSE:HINDUNILVR,SHORT,25,2026-05-12T14:15:00+05:30,2259.3,2026-05-13T11:15:00+05:30,2284.6,lorentzian_new_short,lorentzian_exit_short,-632.5,189.41,11.36,34.08,-867.35,0.88
NSE:TATASTEEL,LONG,340,2026-05-13T10:15:00+05:30,216.47,2026-05-13T14:15:00+05:30,219.94,lorentzian_new_long,lorentzian_exit_long,1179.8,73.48,14.84,44.51,1046.97,0.17
NSE:BHARTIARTL,LONG,40,2026-05-13T10:15:00+05:30,1783.3,2026-05-13T14:15:00+05:30,1790.8,lorentzian_new_long,lorentzian_exit_long,300.0,72.43,14.3,42.89,170.39,0.17
NSE:ADANIGREEN,LONG,40,2026-05-13T11:15:00+05:30,1361.4,2026-05-13T15:15:00+05:30,1364.7,lorentzian_new_long,lorentzian_exit_long,132.0,66.43,10.9,32.71,21.95,0.17
NSE:ITC,LONG,215,2026-05-13T12:15:00+05:30,305.5,2026-05-14T09:15:00+05:30,306.35,lorentzian_new_long,lorentzian_exit_long,182.75,209.3,13.15,39.46,-79.16,0.88
NSE:LT,LONG,15,2026-05-13T13:15:00+05:30,3935.0,2026-05-14T10:15:00+05:30,3955.0,lorentzian_new_long,lorentzian_exit_long,300.0,194.62,11.84,35.5,58.04,0.88
NSE:HDFCBANK,SHORT,100,2026-05-11T09:15:00+05:30,769.1,2026-05-14T11:15:00+05:30,769.7,lorentzian_new_short,lorentzian_new_long,-60.0,234.13,15.39,46.16,-355.68,3.08
NSE:NIFTY,LONG,4.060654878953914,2026-05-15T09:15:00+05:30,23800.25,2026-05-15T13:15:00+05:30,23722.35,lorentzian_new_long,lorentzian_exit_long,-316.33,101.46,3.86,19.3,-440.95,0.17
NSE:TCS,LONG,35,2026-05-15T09:15:00+05:30,2290.1,2026-05-15T13:15:00+05:30,2271.5,lorentzian_new_long,lorentzian_exit_long,-651.0,75.26,15.97,47.9,-790.13,0.17
NSE:WIPRO,LONG,425,2026-05-15T09:15:00+05:30,190.95,2026-05-15T13:15:00+05:30,189.92,lorentzian_new_long,lorentzian_exit_long,-437.75,75.68,16.19,48.56,-578.18,0.17
NSE:HDFCBANK,LONG,100,2026-05-14T11:15:00+05:30,769.7,2026-05-18T09:15:00+05:30,756.85,lorentzian_new_long,lorentzian_new_short,-1285.0,232.86,15.27,45.8,-1578.92,3.92
NSE:HINDUNILVR,LONG,25,2026-05-15T12:15:00+05:30,2289.3,2026-05-18T09:15:00+05:30,2225.4,lorentzian_new_long,lorentzian_new_short,-1597.5,188.67,11.29,33.86,-1831.32,2.88
NSE:TATASTEEL,SHORT,345,2026-05-15T13:15:00+05:30,217.09,2026-05-18T10:15:00+05:30,208.87,lorentzian_new_short,lorentzian_exit_short,2835.9,226.22,14.7,44.09,2550.9,2.88
NSE:HDFCBANK,SHORT,100,2026-05-18T09:15:00+05:30,756.85,2026-05-18T13:15:00+05:30,769.75,lorentzian_new_short,lorentzian_exit_short,-1290.0,73.96,15.27,45.8,-1425.02,0.17
NSE:NIFTY,SHORT,4.1179405504942475,2026-05-18T09:15:00+05:30,23362.4,2026-05-18T13:15:00+05:30,23624.85,lorentzian_new_short,lorentzian_exit_short,-1080.75,101.43,3.87,19.35,-1205.4,0.17
NSE:HINDUNILVR,SHORT,25,2026-05-18T09:15:00+05:30,2225.4,2026-05-18T13:15:00+05:30,2249.5,lorentzian_new_short,lorentzian_exit_short,-602.5,66.85,11.19,33.56,-714.1,0.17
NSE:ADANIGREEN,SHORT,40,2026-05-18T09:15:00+05:30,1340.0,2026-05-18T13:15:00+05:30,1362.1,lorentzian_new_short,lorentzian_exit_short,-884.0,66.15,10.81,32.43,-993.38,0.17
NSE:TATACONSUM,SHORT,45,2026-05-18T09:15:00+05:30,1218.0,2026-05-18T13:15:00+05:30,1230.5,lorentzian_new_short,lorentzian_exit_short,-562.5,66.56,11.02,33.05,-673.13,0.17
NSE:LT,SHORT,15,2026-05-18T09:15:00+05:30,3862.0,2026-05-18T13:15:00+05:30,3907.3,lorentzian_new_short,lorentzian_exit_short,-679.5,67.66,11.65,34.96,-793.78,0.17
NSE:INFY,LONG,70,2026-05-18T11:15:00+05:30,1139.5,2026-05-18T15:15:00+05:30,1145.6,lorentzian_new_long,lorentzian_exit_long,427.0,75.44,16.0,47.99,287.58,0.17
NSE:HCLTECH,LONG,60,2026-05-18T11:15:00+05:30,1144.4,2026-05-18T15:15:00+05:30,1146.5,lorentzian_new_long,lorentzian_exit_long,126.0,71.44,13.75,41.24,-0.42,0.17
NSE:SENSEX,LONG,1.1974716754849208,2026-05-19T09:15:00+05:30,75684.53,2026-05-19T13:15:00+05:30,75544.97,lorentzian_new_long,lorentzian_exit_long,-167.12,98.15,3.62,18.11,-287.0,0.17
NSE:NIFTY,LONG,3.9995529439101003,2026-05-19T09:15:00+05:30,23753.45,2026-05-19T13:15:00+05:30,23717.35,lorentzian_new_long,lorentzian_exit_long,-144.38,100.63,3.8,18.99,-267.8,0.17
NSE:ADANIGREEN,LONG,35,2026-05-19T09:15:00+05:30,1440.3,2026-05-19T13:15:00+05:30,1391.0,lorentzian_new_long,lorentzian_exit_long,-1725.5,64.47,9.91,29.73,-1829.61,0.17
NSE:SENSEX,SHORT,1.2078390671858876,2026-05-20T09:15:00+05:30,74797.99,2026-05-20T13:15:00+05:30,75293.88,lorentzian_new_short,lorentzian_exit_short,-598.96,98.11,3.63,18.13,-718.82,0.17
NSE:NIFTY,SHORT,4.031232682732288,2026-05-20T09:15:00+05:30,23500.55,2026-05-20T13:15:00+05:30,23651.95,lorentzian_new_short,lorentzian_exit_short,-610.33,100.58,3.8,19.01,-733.72,0.17
NSE:ITC,SHORT,215,2026-05-20T09:15:00+05:30,308.75,2026-05-20T13:15:00+05:30,306.95,lorentzian_new_short,lorentzian_exit_short,387.0,70.57,13.24,39.71,263.48,0.17
NSE:ADANIGREEN,SHORT,40,2026-05-20T09:15:00+05:30,1354.4,2026-05-20T13:15:00+05:30,1363.1,lorentzian_new_short,lorentzian_exit_short,-348.0,66.32,10.87,32.61,-457.8,0.17
NSE:ICICIBANK,SHORT,50,2026-05-11T09:15:00+05:30,1258.2,2026-05-21T09:15:00+05:30,1244.7,lorentzian_new_short,lorentzian_new_long,675.0,202.14,12.51,37.54,422.8,10.0
NSE:SENSEX,LONG,1.1860720906886681,2026-05-21T09:15:00+05:30,75566.46,2026-05-21T13:15:00+05:30,75150.57,lorentzian_new_long,lorentzian_exit_long,-493.28,97.42,3.58,17.88,-612.15,0.17
NSE:NIFTY,LONG,3.9551849934421823,2026-05-21T09:15:00+05:30,23767.45,2026-05-21T13:15:00+05:30,23652.15,lorentzian_new_long,lorentzian_exit_long,-456.03,99.9,3.75,18.76,-578.44,0.17
NSE:SBIN,LONG,95,2026-05-21T09:15:00+05:30,953.4,2026-05-21T13:15:00+05:30,951.2,lorentzian_new_long,lorentzian_exit_long,-209.0,79.06,18.09,54.28,-360.44,0.17
NSE:BANKNIFTY,LONG,1.6911483680537103,2026-05-21T09:15:00+05:30,53796.5,2026-05-21T13:15:00+05:30,53334.15,lorentzian_new_long,lorentzian_exit_long,-781.9,98.03,3.62,18.12,-901.67,0.17
NSE:LT,LONG,15,2026-05-21T09:15:00+05:30,3950.0,2026-05-21T13:15:00+05:30,3923.5,lorentzian_new_long,lorentzian_exit_long,-397.5,67.97,11.81,35.43,-512.71,0.17
NSE:HDFCBANK,LONG,95,2026-05-22T09:15:00+05:30,773.85,2026-05-22T13:15:00+05:30,767.1,lorentzian_new_long,lorentzian_exit_long,-641.25,72.93,14.64,43.92,-772.73,0.17
NSE:TATASTEEL,LONG,370,2026-05-22T09:15:00+05:30,210.28,2026-05-22T13:15:00+05:30,208.9,lorentzian_new_long,lorentzian_exit_long,-510.6,74.48,15.51,46.53,-647.11,0.17
NSE:HINDUNILVR,LONG,25,2026-05-22T11:15:00+05:30,2217.1,2026-05-22T15:15:00+05:30,2205.0,lorentzian_new_long,lorentzian_exit_long,-302.5,66.65,11.06,33.17,-413.37,0.17
NSE:ICICIBANK,LONG,50,2026-05-21T09:15:00+05:30,1244.7,2026-05-25T13:15:00+05:30,1283.7,lorentzian_new_long,lorentzian_exit_long,1950.0,203.46,12.64,37.93,1695.97,4.17
NSE:TCS,SHORT,35,2026-05-26T13:15:00+05:30,2276.6,2026-05-27T10:15:00+05:30,2279.6,lorentzian_new_short,lorentzian_exit_short,-105.0,240.34,15.95,47.84,-409.13,0.88
NSE:HDFCBANK,SHORT,95,2026-05-27T09:15:00+05:30,764.5,2026-05-27T13:15:00+05:30,759.4,lorentzian_new_short,lorentzian_exit_short,484.5,72.77,14.48,43.43,353.83,0.17
NSE:WIPRO,SHORT,400,2026-05-27T12:15:00+05:30,201.64,2026-05-29T09:15:00+05:30,206.1,lorentzian_new_short,lorentzian_new_long,-1784.0,244.5,16.31,48.93,-2093.74,1.88
NSE:ICICIBANK,SHORT,50,2026-05-27T13:15:00+05:30,1270.6,2026-05-29T10:15:00+05:30,1280.3,lorentzian_new_short,lorentzian_exit_short,-485.0,204.9,12.75,38.26,-740.92,1.88
NSE:TCS,LONG,35,2026-05-29T09:15:00+05:30,2322.5,2026-05-29T13:15:00+05:30,2283.5,lorentzian_new_long,lorentzian_exit_long,-1365.0,75.46,16.12,48.36,-1504.94,0.17
NSE:INFY,LONG,65,2026-05-29T09:15:00+05:30,1207.5,2026-05-29T13:15:00+05:30,1189.6,lorentzian_new_long,lorentzian_exit_long,-1163.5,74.53,15.58,46.74,-1300.35,0.17
NSE:WIPRO,LONG,380,2026-05-29T09:15:00+05:30,206.1,2026-05-29T13:15:00+05:30,205.15,lorentzian_new_long,lorentzian_exit_long,-361.0,74.7,15.63,46.88,-498.21,0.17
NSE:HINDUNILVR,SHORT,25,2026-05-29T09:15:00+05:30,2189.7,2026-05-29T13:15:00+05:30,2170.6,lorentzian_new_short,lorentzian_exit_short,477.5,66.46,10.9,32.7,367.43,0.17
NSE:SENSEX,SHORT,1.1783389162562539,2026-05-29T12:15:00+05:30,75544.44,2026-06-01T09:15:00+05:30,74836.74,lorentzian_new_short,lorentzian_exit_short,833.91,97.3,3.54,17.72,715.35,2.88
NSE:NIFTY,SHORT,3.9306224662117666,2026-05-29T12:15:00+05:30,23769.25,2026-06-01T09:15:00+05:30,23553.15,lorentzian_new_short,lorentzian_exit_short,849.41,99.78,3.72,18.6,727.3,2.88
NSE:TCS,SHORT,35,2026-05-29T14:15:00+05:30,2253.3,2026-06-01T10:15:00+05:30,2321.1,lorentzian_new_short,lorentzian_new_long,-2373.0,241.22,16.01,48.03,-2678.26,2.83
NSE:BANKNIFTY,SHORT,1.6620242147544846,2026-05-29T14:15:00+05:30,54198.3,2026-06-01T11:15:00+05:30,53938.35,lorentzian_new_short,lorentzian_exit_short,432.04,97.91,3.59,17.97,312.56,2.88
NSE:TATASTEEL,SHORT,370,2026-05-29T14:15:00+05:30,207.78,2026-06-01T11:15:00+05:30,207.85,lorentzian_new_short,lorentzian_exit_short,-25.9,234.02,15.38,46.13,-321.43,2.88
NSE:ADANIGREEN,SHORT,35,2026-06-01T09:15:00+05:30,1447.8,2026-06-01T13:15:00+05:30,1446.9,lorentzian_new_short,lorentzian_exit_short,31.5,65.06,10.13,30.39,-74.08,0.17
NSE:TCS,LONG,30,2026-06-01T10:15:00+05:30,2321.1,2026-06-01T14:15:00+05:30,2296.7,lorentzian_new_long,lorentzian_exit_long,-732.0,71.53,13.85,41.56,-858.95,0.17
NSE:SBIN,SHORT,95,2026-06-01T12:15:00+05:30,955.5,2026-06-02T09:15:00+05:30,946.5,lorentzian_new_short,lorentzian_exit_short,855.0,263.85,18.07,54.21,518.87,0.88
NSE:LT,SHORT,15,2026-06-01T13:15:00+05:30,4011.8,2026-06-02T10:15:00+05:30,3934.0,lorentzian_new_short,lorentzian_exit_short,1167.0,195.49,11.92,35.76,923.84,0.88
NSE:WIPRO,SHORT,385,2026-06-03T11:15:00+05:30,202.99,2026-06-03T15:15:00+05:30,203.9,lorentzian_new_short,lorentzian_exit_short,-350.35,74.77,15.67,47.0,-487.78,0.17
NSE:BANKNIFTY,LONG,1.6758489249823931,2026-06-03T13:15:00+05:30,53937.15,2026-06-04T10:15:00+05:30,54257.4,lorentzian_new_long,lorentzian_exit_long,536.69,98.39,3.63,18.13,416.55,0.88
NSE:INFY,SHORT,70,2026-05-29T14:15:00+05:30,1160.6,2026-06-04T13:15:00+05:30,1203.6,lorentzian_new_short,lorentzian_exit_short,-3010.0,247.26,16.55,49.65,-3323.45,5.96
NSE:HCLTECH,SHORT,60,2026-06-04T09:15:00+05:30,1170.4,2026-06-04T13:15:00+05:30,1168.5,lorentzian_new_short,lorentzian_exit_short,114.0,71.94,14.03,42.1,-14.08,0.17
NSE:ADANIGREEN,LONG,35,2026-06-05T09:15:00+05:30,1463.0,2026-06-05T13:15:00+05:30,1503.2,lorentzian_new_long,lorentzian_exit_long,1407.0,65.65,10.38,31.15,1299.82,0.17
NSE:ITC,SHORT,215,2026-05-22T09:15:00+05:30,303.95,2026-06-08T11:15:00+05:30,283.1,lorentzian_new_short,lorentzian_new_long,4482.75,203.05,12.62,37.86,4229.22,17.08
NSE:HINDUNILVR,LONG,25,2026-06-05T14:15:00+05:30,2120.2,2026-06-08T11:15:00+05:30,2103.6,lorentzian_new_long,lorentzian_exit_long,-415.0,180.5,10.56,31.68,-637.74,2.88
NSE:ICICIBANK,SHORT,50,2026-06-08T09:15:00+05:30,1244.1,2026-06-08T13:15:00+05:30,1251.3,lorentzian_new_short,lorentzian_exit_short,-360.0,69.15,12.48,37.43,-479.06,0.17
NSE:BHARTIARTL,SHORT,40,2026-05-21T13:15:00+05:30,1883.4,2026-06-08T13:15:00+05:30,1811.6,lorentzian_new_short,lorentzian_exit_short,2872.0,227.15,14.78,44.34,2585.73,18.0
NSE:ITC,LONG,250,2026-06-08T11:15:00+05:30,283.1,2026-06-08T15:15:00+05:30,280.0,lorentzian_new_long,lorentzian_exit_long,-775.0,71.92,14.08,42.23,-903.23,0.17
NSE:ICICIBANK,LONG,50,2026-06-09T09:15:00+05:30,1267.4,2026-06-10T09:15:00+05:30,1286.0,lorentzian_new_long,lorentzian_exit_long,930.0,204.93,12.77,38.3,674.0,1.0
NSE:TATACONSUM,SHORT,50,2026-06-08T09:15:00+05:30,1117.4,2026-06-10T09:15:00+05:30,1128.5,lorentzian_new_short,lorentzian_new_long,-555.0,187.96,11.23,33.69,-787.87,2.0
NSE:SENSEX,LONG,1.2086027603606688,2026-06-10T09:15:00+05:30,74242.89,2026-06-10T13:15:00+05:30,74306.93,lorentzian_new_long,lorentzian_exit_long,77.4,97.78,3.59,17.95,-41.92,0.17
NSE:HDFCBANK,LONG,95,2026-06-10T12:15:00+05:30,753.9,2026-06-11T09:15:00+05:30,741.5,lorentzian_new_long,lorentzian_exit_long,-1178.0,221.08,14.21,42.62,-1455.91,0.88
NSE:NIFTY,LONG,4.022750430346675,2026-06-10T12:15:00+05:30,23405.15,2026-06-11T09:15:00+05:30,23145.5,lorentzian_new_long,lorentzian_new_short,-1044.51,99.68,3.75,18.73,-1166.66,0.88
NSE:ADANIGREEN,SHORT,35,2026-06-10T14:15:00+05:30,1481.5,2026-06-11T11:15:00+05:30,1465.6,lorentzian_new_short,lorentzian_exit_short,556.5,177.71,10.31,30.94,337.53,0.88
NSE:BHARTIARTL,SHORT,45,2026-06-10T14:15:00+05:30,1774.6,2026-06-11T11:15:00+05:30,1787.8,lorentzian_new_short,lorentzian_exit_short,-594.0,241.31,16.03,48.09,-899.44,0.88
NSE:SENSEX,SHORT,1.2158409274596016,2026-06-11T09:15:00+05:30,73766.53,2026-06-11T13:15:00+05:30,74042.31,lorentzian_new_short,lorentzian_exit_short,-335.3,97.73,3.59,17.97,-454.6,0.17
NSE:NIFTY,SHORT,4.017623603881719,2026-06-11T09:15:00+05:30,23145.5,2026-06-11T13:15:00+05:30,23218.75,lorentzian_new_short,lorentzian_exit_short,-294.29,99.58,3.73,18.63,-416.23,0.17
NSE:LT,SHORT,15,2026-06-11T09:15:00+05:30,3878.0,2026-06-11T13:15:00+05:30,3875.0,lorentzian_new_short,lorentzian_exit_short,45.0,67.7,11.63,34.89,-69.22,0.17
NSE:HINDUNILVR,LONG,25,2026-06-10T09:15:00+05:30,2193.7,2026-06-11T14:15:00+05:30,2140.2,lorentzian_new_long,lorentzian_new_short,-1337.5,183.63,10.83,32.5,-1564.47,1.21
NSE:HINDUNILVR,SHORT,25,2026-06-11T14:15:00+05:30,2140.2,2026-06-12T11:15:00+05:30,2154.6,lorentzian_new_short,lorentzian_exit_short,-360.0,182.47,10.74,32.21,-585.42,0.88
NSE:NIFTY,LONG,3.9659132620862674,2026-06-12T09:15:00+05:30,23342.65,2026-06-12T13:15:00+05:30,23527.5,lorentzian_new_long,lorentzian_exit_long,733.1,99.72,3.72,18.59,611.07,0.17
NSE:LT,LONG,15,2026-06-12T09:15:00+05:30,3942.9,2026-06-12T13:15:00+05:30,4012.6,lorentzian_new_long,lorentzian_exit_long,1045.5,68.34,11.93,35.8,929.42,0.17
NSE:WIPRO,SHORT,395,2026-06-05T09:15:00+05:30,196.74,2026-06-15T09:15:00+05:30,181.1,lorentzian_new_short,lorentzian_new_long,6177.8,228.51,14.92,44.77,5889.59,10.0
NSE:BHARTIARTL,LONG,40,2026-06-12T14:15:00+05:30,1822.8,2026-06-15T11:15:00+05:30,1838.0,lorentzian_new_long,lorentzian_exit_long,608.0,225.8,14.64,43.93,323.62,2.88
NSE:TCS,LONG,35,2026-06-15T09:15:00+05:30,2165.9,2026-06-15T13:15:00+05:30,2168.4,lorentzian_new_long,lorentzian_exit_long,87.5,73.94,15.17,45.51,-47.12,0.17
NSE:WIPRO,LONG,460,2026-06-15T09:15:00+05:30,181.1,2026-06-15T13:15:00+05:30,181.6,lorentzian_new_long,lorentzian_exit_long,230.0,76.63,16.68,50.05,86.64,0.17
NSE:HINDUNILVR,LONG,25,2026-06-15T09:15:00+05:30,2178.6,2026-06-15T13:15:00+05:30,2170.5,lorentzian_new_long,lorentzian_exit_long,-202.5,66.34,10.87,32.62,-312.33,0.17
NSE:ADANIGREEN,LONG,35,2026-06-15T09:15:00+05:30,1485.0,2026-06-15T13:15:00+05:30,1494.2,lorentzian_new_long,lorentzian_exit_long,322.0,65.61,10.43,31.28,214.68,0.17
NSE:INFY,LONG,65,2026-06-15T10:15:00+05:30,1147.8,2026-06-15T14:15:00+05:30,1134.7,lorentzian_new_long,lorentzian_exit_long,-851.5,73.25,14.84,44.51,-984.1,0.17
NSE:HCLTECH,SHORT,65,2026-06-11T09:15:00+05:30,1096.9,2026-06-16T09:15:00+05:30,1155.3,lorentzian_new_short,lorentzian_new_long,-3796.0,226.09,14.64,43.92,-4080.65,5.0
NSE:HCLTECH,LONG,55,2026-06-16T09:15:00+05:30,1155.3,2026-06-16T13:15:00+05:30,1149.3,lorentzian_new_long,lorentzian_exit_long,-330.0,69.5,12.68,38.03,-450.2,0.17
NSE:ADANIGREEN,SHORT,35,2026-06-17T10:15:00+05:30,1460.9,2026-06-17T14:15:00+05:30,1464.8,lorentzian_new_short,lorentzian_exit_short,-136.5,65.23,10.24,30.72,-242.69,0.17
NSE:TATASTEEL,LONG,385,2026-06-15T09:15:00+05:30,198.99,2026-06-18T11:15:00+05:30,199.45,lorentzian_new_long,lorentzian_exit_long,177.1,233.58,15.34,46.02,-117.84,3.08
NSE:TATACONSUM,LONG,50,2026-06-10T09:15:00+05:30,1128.5,2026-06-18T11:15:00+05:30,1111.3,lorentzian_new_long,lorentzian_new_short,-860.0,187.64,11.2,33.6,-1092.44,8.08
NSE:INFY,SHORT,65,2026-06-18T09:15:00+05:30,1134.6,2026-06-18T13:15:00+05:30,1131.4,lorentzian_new_short,lorentzian_exit_short,208.0,73.18,14.73,44.19,75.9,0.17
NSE:TATACONSUM,SHORT,50,2026-06-18T11:15:00+05:30,1111.3,2026-06-18T15:15:00+05:30,1111.0,lorentzian_new_short,lorentzian_exit_short,15.0,66.78,11.11,33.33,-96.23,0.17
NSE:ADANIGREEN,LONG,35,2026-06-18T12:15:00+05:30,1492.9,2026-06-19T09:15:00+05:30,1515.9,lorentzian_new_long,lorentzian_exit_long,805.0,180.09,10.53,31.59,582.79,0.88
NSE:TCS,SHORT,35,2026-06-19T09:15:00+05:30,2079.0,2026-06-19T13:15:00+05:30,2081.6,lorentzian_new_short,lorentzian_exit_short,-91.0,72.85,14.56,43.69,-222.1,0.17
NSE:WIPRO,SHORT,475,2026-06-19T09:15:00+05:30,176.6,2026-06-19T13:15:00+05:30,178.94,lorentzian_new_short,lorentzian_exit_short,-1111.5,76.84,16.89,50.66,-1255.89,0.17
NSE:ITC,SHORT,240,2026-06-18T11:15:00+05:30,289.4,2026-06-19T15:15:00+05:30,293.9,lorentzian_new_short,lorentzian_new_long,-1080.0,218.77,14.0,42.0,-1354.77,1.17
NSE:TATASTEEL,SHORT,385,2026-06-19T11:15:00+05:30,197.31,2026-06-19T15:15:00+05:30,199.28,lorentzian_new_short,lorentzian_exit_short,-758.45,74.02,15.27,45.81,-893.55,0.17
NSE:ITC,LONG,230,2026-06-19T15:15:00+05:30,293.9,2026-06-22T12:15:00+05:30,290.3,lorentzian_new_long,lorentzian_exit_long,-828.0,212.5,13.44,40.31,-1094.25,2.88
NSE:SBIN,LONG,95,2026-06-03T14:15:00+05:30,971.0,2026-06-23T13:15:00+05:30,1026.3,lorentzian_new_long,lorentzian_new_short,5253.5,273.58,18.97,56.92,4904.02,19.96
NSE:HCLTECH,SHORT,60,2026-06-23T09:15:00+05:30,1114.0,2026-06-23T13:15:00+05:30,1115.1,lorentzian_new_short,lorentzian_exit_short,-66.0,70.76,13.37,40.12,-190.26,0.17
NSE:WIPRO,SHORT,465,2026-06-23T09:15:00+05:30,177.53,2026-06-23T13:15:00+05:30,175.04,lorentzian_new_short,lorentzian_exit_short,1157.85,76.22,16.39,49.18,1016.05,0.17
NSE:HINDUNILVR,SHORT,25,2026-06-23T09:15:00+05:30,2172.8,2026-06-23T13:15:00+05:30,2166.2,lorentzian_new_short,lorentzian_exit_short,165.0,66.33,10.85,32.54,55.28,0.17
NSE:TATACONSUM,LONG,45,2026-06-23T09:15:00+05:30,1123.0,2026-06-23T13:15:00+05:30,1103.0,lorentzian_new_long,lorentzian_exit_long,-900.0,64.75,10.02,30.05,-1004.82,0.17
NSE:SENSEX,LONG,1.1972793086005011,2026-06-12T09:15:00+05:30,74531.59,2026-06-23T14:15:00+05:30,76229.14,lorentzian_new_long,lorentzian_new_short,2032.44,98.52,3.61,18.05,1912.26,11.21
NSE:ICICIBANK,LONG,45,2026-06-23T10:15:00+05:30,1367.8,2026-06-23T14:15:00+05:30,1337.8,lorentzian_new_long,lorentzian_new_short,-1350.0,68.51,12.18,36.53,-1467.21,0.17
NSE:ADANIGREEN,SHORT,35,2026-06-23T11:15:00+05:30,1493.0,2026-06-23T15:15:00+05:30,1510.5,lorentzian_new_short,lorentzian_exit_short,-612.5,65.66,10.51,31.54,-720.21,0.17
NSE:BANKNIFTY,SHORT,1.5809898948240537,2026-06-23T12:15:00+05:30,57436.05,2026-06-24T09:15:00+05:30,57658.35,lorentzian_new_short,lorentzian_exit_short,-351.45,98.36,3.64,18.2,-471.64,0.88
NSE:SBIN,SHORT,90,2026-06-23T13:15:00+05:30,1026.3,2026-06-24T10:15:00+05:30,1029.5,lorentzian_new_short,lorentzian_exit_short,-288.0,268.75,18.5,55.51,-630.76,0.88
NSE:SENSEX,SHORT,1.1956277587588573,2026-06-23T14:15:00+05:30,76229.14,2026-06-24T11:15:00+05:30,76855.22,lorentzian_new_short,lorentzian_exit_short,-748.56,98.56,3.66,18.3,-869.08,0.88
NSE:NIFTY,SHORT,3.9107497204942776,2026-06-23T14:15:00+05:30,23827.7,2026-06-24T11:15:00+05:30,23980.95,lorentzian_new_short,lorentzian_exit_short,-599.32,99.71,3.74,18.7,-721.46,0.88
NSE:ICICIBANK,SHORT,45,2026-06-23T14:15:00+05:30,1337.8,2026-06-24T11:15:00+05:30,1374.2,lorentzian_new_short,lorentzian_exit_short,-1638.0,198.87,12.2,36.61,-1885.68,0.88
NSE:INFY,SHORT,75,2026-06-19T09:15:00+05:30,1043.7,2026-06-24T13:15:00+05:30,1063.0,lorentzian_new_short,lorentzian_new_long,-1447.5,238.82,15.8,47.4,-1749.52,5.17
NSE:BHARTIARTL,SHORT,40,2026-06-24T09:15:00+05:30,1881.3,2026-06-24T13:15:00+05:30,1890.5,lorentzian_new_short,lorentzian_exit_short,-368.0,73.75,15.09,45.26,-502.1,0.17
NSE:HDFCBANK,LONG,90,2026-06-24T10:15:00+05:30,789.25,2026-06-24T14:15:00+05:30,792.45,lorentzian_new_long,lorentzian_exit_long,288.0,72.32,14.24,42.71,158.74,0.17
NSE:BANKNIFTY,LONG,1.5568979843151356,2026-06-24T11:15:00+05:30,58022.8,2026-06-24T15:15:00+05:30,58172.7,lorentzian_new_long,lorentzian_exit_long,233.38,98.2,3.62,18.09,113.47,0.17
NSE:SBIN,LONG,90,2026-06-24T12:15:00+05:30,1041.7,2026-06-25T09:15:00+05:30,1049.4,lorentzian_new_long,lorentzian_exit_long,693.0,272.21,18.82,56.46,345.51,0.88
NSE:TCS,LONG,35,2026-06-24T12:15:00+05:30,2105.0,2026-06-25T09:15:00+05:30,2145.0,lorentzian_new_long,lorentzian_exit_long,1400.0,228.32,14.88,44.62,1112.18,0.88
NSE:INFY,LONG,70,2026-06-24T13:15:00+05:30,1063.0,2026-06-25T10:15:00+05:30,1054.8,lorentzian_new_long,lorentzian_exit_long,-574.0,227.91,14.82,44.47,-861.21,0.88
NSE:SENSEX,LONG,1.164016759901688,2026-06-25T09:15:00+05:30,77554.89,2026-06-25T13:15:00+05:30,77361.11,lorentzian_new_long,lorentzian_exit_long,-225.56,97.92,3.61,18.03,-345.13,0.17
NSE:NIFTY,LONG,3.823311020803423,2026-06-25T09:15:00+05:30,24184.5,2026-06-25T13:15:00+05:30,24139.15,lorentzian_new_long,lorentzian_exit_long,-173.39,99.18,3.7,18.48,-294.74,0.17
NSE:HCLTECH,LONG,60,2026-06-25T09:15:00+05:30,1125.2,2026-06-25T13:15:00+05:30,1110.5,lorentzian_new_long,lorentzian_exit_long,-882.0,70.74,13.41,40.24,-1006.4,0.17
NSE:HINDUNILVR,LONG,25,2026-06-25T09:15:00+05:30,2190.0,2026-06-25T13:15:00+05:30,2187.3,lorentzian_new_long,lorentzian_exit_long,-67.5,66.48,10.94,32.83,-177.75,0.17
NSE:HCLTECH,SHORT,60,2026-06-25T14:15:00+05:30,1099.7,2026-06-29T11:15:00+05:30,1099.6,lorentzian_new_short,lorentzian_exit_short,6.0,209.76,13.2,39.59,-256.55,3.88
NSE:TCS,SHORT,35,2026-06-29T09:15:00+05:30,2078.5,2026-06-29T13:15:00+05:30,2086.0,lorentzian_new_short,lorentzian_exit_short,-262.5,72.86,14.58,43.73,-393.66,0.17
NSE:ADANIGREEN,SHORT,35,2026-06-29T09:15:00+05:30,1483.6,2026-06-29T13:15:00+05:30,1501.4,lorentzian_new_short,lorentzian_exit_short,-623.0,65.54,10.45,31.34,-730.33,0.17
NSE:SBIN,SHORT,90,2026-06-29T11:15:00+05:30,1035.0,2026-06-29T15:15:00+05:30,1038.95,lorentzian_new_short,lorentzian_exit_short,-355.5,80.05,18.67,56.0,-510.22,0.17
NSE:LT,SHORT,15,2026-06-29T12:15:00+05:30,4199.1,2026-06-30T09:15:00+05:30,4167.9,lorentzian_new_short,lorentzian_exit_short,468.0,202.56,12.55,37.65,215.24,0.88
NSE:HINDUNILVR,SHORT,25,2026-06-29T14:15:00+05:30,2152.6,2026-06-30T11:15:00+05:30,2119.0,lorentzian_new_short,lorentzian_exit_short,840.0,181.73,10.68,32.04,615.55,0.88
NSE:ICICIBANK,LONG,45,2026-06-25T09:15:00+05:30,1389.0,2026-06-30T13:15:00+05:30,1366.9,lorentzian_new_long,lorentzian_new_short,-994.5,201.01,12.4,37.2,-1245.12,5.17
NSE:INFY,SHORT,75,2026-06-30T09:15:00+05:30,1011.4,2026-06-30T13:15:00+05:30,1005.3,lorentzian_new_short,lorentzian_exit_short,457.5,73.9,15.13,45.38,323.09,0.17
NSE:ITC,SHORT,230,2026-06-30T10:15:00+05:30,288.7,2026-06-30T14:15:00+05:30,287.1,lorentzian_new_short,lorentzian_exit_short,368.0,70.58,13.24,39.73,244.45,0.17
NSE:BHARTIARTL,LONG,40,2026-06-30T11:15:00+05:30,1867.4,2026-06-30T15:15:00+05:30,1855.0,lorentzian_new_long,lorentzian_exit_long,-496.0,73.38,14.89,44.67,-628.94,0.17
NSE:ICICIBANK,SHORT,45,2026-06-30T13:15:00+05:30,1366.9,2026-07-01T10:15:00+05:30,1376.7,lorentzian_new_short,lorentzian_exit_short,-441.0,200.36,12.35,37.04,-690.74,0.88
NSE:BANKNIFTY,SHORT,1.5722705209985766,2026-06-30T13:15:00+05:30,57527.45,2026-07-01T10:15:00+05:30,57883.0,lorentzian_new_short,lorentzian_exit_short,-559.02,98.16,3.63,18.15,-678.96,0.88
NSE:ADANIGREEN,LONG,35,2026-07-01T10:15:00+05:30,1532.7,2026-07-01T14:15:00+05:30,1535.9,lorentzian_new_long,lorentzian_exit_long,112.0,66.14,10.74,32.22,2.9,0.17
NSE:SBIN,LONG,90,2026-07-01T14:15:00+05:30,1048.3,2026-07-02T11:15:00+05:30,1046.8,lorentzian_new_long,lorentzian_exit_long,-135.0,272.67,18.86,56.57,-483.1,0.88
NSE:BANKNIFTY,LONG,1.5449233168555916,2026-07-02T09:15:00+05:30,58107.6,2026-07-02T13:15:00+05:30,57910.3,lorentzian_new_long,lorentzian_exit_long,-304.81,97.6,3.58,17.92,-423.92,0.17
NSE:INFY,LONG,70,2026-07-02T09:15:00+05:30,1033.0,2026-07-02T13:15:00+05:30,1039.0,lorentzian_new_long,lorentzian_exit_long,420.0,72.81,14.5,43.51,289.18,0.17
NSE:WIPRO,LONG,480,2026-07-02T10:15:00+05:30,174.09,2026-07-02T14:15:00+05:30,174.14,lorentzian_new_long,lorentzian_exit_long,24.0,76.66,16.72,50.15,-119.52,0.17
NSE:TATACONSUM,LONG,45,2026-07-02T11:15:00+05:30,1100.5,2026-07-02T15:15:00+05:30,1108.0,lorentzian_new_long,lorentzian_exit_long,337.5,64.75,9.94,29.81,233.0,0.17
NSE:ICICIBANK,LONG,40,2026-07-02T12:15:00+05:30,1399.7,2026-07-03T09:15:00+05:30,1410.6,lorentzian_new_long,lorentzian_exit_long,436.0,188.01,11.24,33.72,203.02,0.88
NSE:TCS,LONG,35,2026-07-03T09:15:00+05:30,2093.5,2026-07-03T13:15:00+05:30,2095.2,lorentzian_new_long,lorentzian_exit_long,59.5,73.04,14.66,43.98,-72.18,0.17
NSE:ITC,LONG,230,2026-07-03T09:15:00+05:30,291.1,2026-07-03T13:15:00+05:30,289.85,lorentzian_new_long,lorentzian_exit_long,-287.5,70.72,13.36,40.09,-411.66,0.17
NSE:HCLTECH,LONG,55,2026-07-03T09:15:00+05:30,1126.1,2026-07-03T13:15:00+05:30,1141.8,lorentzian_new_long,lorentzian_exit_long,863.5,69.28,12.47,37.42,744.33,0.17
NSE:SBIN,SHORT,90,2026-07-03T12:15:00+05:30,1038.3,2026-07-06T09:15:00+05:30,1042.3,lorentzian_new_short,lorentzian_exit_short,-360.0,271.24,18.73,56.18,-706.14,2.88
NSE:ADANIGREEN,SHORT,35,2026-07-07T09:15:00+05:30,1517.7,2026-07-07T13:15:00+05:30,1528.8,lorentzian_new_short,lorentzian_exit_short,-388.5,65.95,10.66,31.99,-497.1,0.17
NSE:TATASTEEL,LONG,400,2026-07-02T15:15:00+05:30,188.5,2026-07-08T09:15:00+05:30,189.16,lorentzian_new_long,lorentzian_new_short,264.0,230.98,15.11,45.32,-27.4,5.75
NSE:SENSEX,SHORT,1.157899301151245,2026-07-08T09:15:00+05:30,77667.46,2026-07-08T13:15:00+05:30,76528.56,lorentzian_new_short,lorentzian_exit_short,1318.73,97.79,3.57,17.85,1199.51,0.17
NSE:NIFTY,SHORT,3.8027165542277075,2026-07-08T09:15:00+05:30,24238.2,2026-07-08T13:15:00+05:30,23897.6,lorentzian_new_short,lorentzian_exit_short,1295.21,99.06,3.66,18.3,1174.18,0.17
NSE:BANKNIFTY,SHORT,1.5424130178776883,2026-07-08T09:15:00+05:30,57928.15,2026-07-08T13:15:00+05:30,56852.65,lorentzian_new_short,lorentzian_exit_short,1658.87,97.45,3.54,17.7,1540.17,0.17
NSE:ITC,SHORT,235,2026-07-08T09:15:00+05:30,281.35,2026-07-08T13:15:00+05:30,282.35,lorentzian_new_short,lorentzian_exit_short,-235.0,70.52,13.25,39.74,-358.51,0.17
NSE:HINDUNILVR,SHORT,25,2026-07-08T09:15:00+05:30,2170.4,2026-07-08T13:15:00+05:30,2145.4,lorentzian_new_short,lorentzian_exit_short,625.0,66.28,10.79,32.37,515.56,0.17
NSE:TATASTEEL,SHORT,400,2026-07-08T09:15:00+05:30,189.16,2026-07-08T13:15:00+05:30,186.9,lorentzian_new_short,lorentzian_exit_short,904.0,73.81,15.04,45.13,770.02,0.17
NSE:TATACONSUM,SHORT,45,2026-07-08T10:15:00+05:30,1109.3,2026-07-08T14:15:00+05:30,1088.3,lorentzian_new_short,lorentzian_exit_short,945.0,64.73,9.89,29.67,840.71,0.17
NSE:ICICIBANK,SHORT,40,2026-07-08T11:15:00+05:30,1400.7,2026-07-08T15:15:00+05:30,1383.1,lorentzian_new_short,lorentzian_exit_short,704.0,66.9,11.14,33.41,592.56,0.17
NSE:BHARTIARTL,SHORT,40,2026-07-08T11:15:00+05:30,1901.1,2026-07-08T15:15:00+05:30,1885.5,lorentzian_new_short,lorentzian_exit_short,624.0,73.96,15.15,45.44,489.45,0.17
NSE:HDFCBANK,SHORT,85,2026-07-08T13:15:00+05:30,812.8,2026-07-09T10:15:00+05:30,819.0,lorentzian_new_short,lorentzian_exit_short,-527.0,217.3,13.87,41.61,-799.78,0.88
NSE:TCS,SHORT,35,2026-07-09T09:15:00+05:30,2032.5,2026-07-09T13:15:00+05:30,2054.9,lorentzian_new_short,lorentzian_exit_short,-784.0,72.32,14.31,42.92,-913.55,0.17
NSE:HCLTECH,SHORT,55,2026-07-09T09:15:00+05:30,1137.0,2026-07-09T13:15:00+05:30,1158.9,lorentzian_new_short,lorentzian_exit_short,-1204.5,69.32,12.63,37.88,-1324.33,0.17
NSE:BHARTIARTL,LONG,40,2026-07-09T09:15:00+05:30,1953.9,2026-07-09T13:15:00+05:30,1931.9,lorentzian_new_long,lorentzian_exit_long,-880.0,74.49,15.54,46.63,-1016.67,0.17
NSE:BANKNIFTY,LONG,1.5693721469228574,2026-07-10T09:15:00+05:30,57911.5,2026-07-10T13:15:00+05:30,58096.4,lorentzian_new_long,lorentzian_exit_long,290.18,98.54,3.64,18.21,169.79,0.17
NSE:TCS,LONG,35,2026-07-10T09:15:00+05:30,2091.8,2026-07-10T13:15:00+05:30,2068.5,lorentzian_new_long,lorentzian_exit_long,-815.5,72.77,14.56,43.68,-946.51,0.17
NSE:HCLTECH,LONG,55,2026-07-10T09:15:00+05:30,1171.5,2026-07-10T13:15:00+05:30,1157.0,lorentzian_new_long,lorentzian_exit_long,-797.5,69.68,12.81,38.42,-918.41,0.17
NSE:TATASTEEL,LONG,395,2026-07-10T09:15:00+05:30,192.48,2026-07-10T13:15:00+05:30,190.29,lorentzian_new_long,lorentzian_exit_long,-865.05,73.75,15.12,45.36,-999.28,0.17
NSE:TATASTEEL,SHORT,400,2026-07-13T09:15:00+05:30,187.84,2026-07-13T13:15:00+05:30,187.41,lorentzian_new_short,lorentzian_exit_short,172.0,73.67,15.01,45.03,38.29,0.17
NSE:ADANIGREEN,LONG,35,2026-07-13T09:15:00+05:30,1570.5,2026-07-13T13:15:00+05:30,1551.1,lorentzian_new_long,lorentzian_exit_long,-679.0,66.38,10.93,32.78,-789.08,0.17
NSE:SBIN,SHORT,90,2026-07-14T09:15:00+05:30,1020.5,2026-07-14T13:15:00+05:30,1018.0,lorentzian_new_short,lorentzian_exit_short,225.0,79.56,18.35,55.04,72.06,0.17
NSE:ICICIBANK,LONG,40,2026-07-15T09:15:00+05:30,1423.5,2026-07-15T13:15:00+05:30,1415.4,lorentzian_new_long,lorentzian_exit_long,-324.0,67.18,11.36,34.07,-436.6,0.17
NSE:WIPRO,SHORT,470,2026-07-15T09:15:00+05:30,176.27,2026-07-15T13:15:00+05:30,175.16,lorentzian_new_short,lorentzian_exit_short,521.7,76.37,16.52,49.55,379.27,0.17
NSE:INFY,SHORT,70,2026-07-15T09:15:00+05:30,1085.1,2026-07-15T14:15:00+05:30,1075.9,lorentzian_new_short,lorentzian_exit_short,644.0,73.93,15.13,45.38,509.56,0.21
NSE:TATASTEEL,LONG,395,2026-07-14T10:15:00+05:30,189.66,2026-07-15T14:15:00+05:30,185.4,lorentzian_new_long,lorentzian_new_short,-1682.7,227.88,14.81,44.44,-1969.84,1.17
NSE:ADANIGREEN,SHORT,30,2026-07-15T11:15:00+05:30,1566.0,2026-07-15T15:15:00+05:30,1564.8,lorentzian_new_short,lorentzian_exit_short,36.0,63.76,9.39,28.18,-65.33,0.17
NSE:ITC,LONG,235,2026-07-16T12:15:00+05:30,280.0,2026-07-17T09:15:00+05:30,280.2,lorentzian_new_long,lorentzian_exit_long,47.0,209.42,13.16,39.49,-215.07,0.88
NSE:SBIN,LONG,90,2026-07-17T09:15:00+05:30,1040.2,2026-07-17T13:15:00+05:30,1039.4,lorentzian_new_long,lorentzian_exit_long,-72.0,80.18,18.72,56.15,-227.04,0.17
NSE:INFY,LONG,70,2026-07-17T09:15:00+05:30,1101.0,2026-07-17T13:15:00+05:30,1100.5,lorentzian_new_long,lorentzian_exit_long,-35.0,74.35,15.41,46.23,-171.0,0.17
NSE:HDFCBANK,LONG,85,2026-07-17T14:15:00+05:30,819.1,2026-07-20T09:15:00+05:30,783.5,lorentzian_new_long,lorentzian_new_short,-3026.0,214.73,13.62,40.87,-3295.22,2.79
NSE:HINDUNILVR,LONG,25,2026-07-17T12:15:00+05:30,2139.9,2026-07-20T09:15:00+05:30,2133.2,lorentzian_new_long,lorentzian_exit_long,-167.5,181.85,10.68,32.05,-392.08,2.88
NSE:LT,LONG,15,2026-07-17T12:15:00+05:30,3803.9,2026-07-20T09:15:00+05:30,3827.1,lorentzian_new_long,lorentzian_exit_long,348.0,190.3,11.45,34.34,111.91,2.88
NSE:HDFCBANK,SHORT,85,2026-07-20T09:15:00+05:30,783.5,2026-07-20T13:15:00+05:30,780.8,lorentzian_new_short,lorentzian_exit_short,229.5,70.66,13.3,39.89,105.66,0.17
NSE:ITC,SHORT,235,2026-07-21T12:15:00+05:30,279.8,2026-07-22T09:15:00+05:30,278.95,lorentzian_new_short,lorentzian_exit_short,199.75,209.03,13.13,39.39,-61.8,0.88
NSE:SENSEX,SHORT,1.184489259765988,2026-07-22T09:15:00+05:30,76933.6,2026-07-22T13:15:00+05:30,76683.99,lorentzian_new_short,lorentzian_exit_short,295.66,98.51,3.64,18.2,175.32,0.17
NSE:NIFTY,SHORT,3.883823432761195,2026-07-22T09:15:00+05:30,24033.45,2026-07-22T13:15:00+05:30,23973.35,lorentzian_new_short,lorentzian_exit_short,233.42,99.76,3.73,18.64,111.28,0.17
NSE:SBIN,SHORT,90,2026-07-22T09:15:00+05:30,1028.4,2026-07-22T13:15:00+05:30,1020.0,lorentzian_new_short,lorentzian_exit_short,756.0,79.77,18.44,55.31,602.49,0.17
NSE:BANKNIFTY,SHORT,1.5885091602309622,2026-07-22T09:15:00+05:30,57320.4,2026-07-22T13:15:00+05:30,57022.35,lorentzian_new_short,lorentzian_exit_short,473.46,98.46,3.63,18.16,353.2,0.17
NSE:TCS,SHORT,30,2026-07-22T09:15:00+05:30,2214.5,2026-07-22T13:15:00+05:30,2209.1,lorentzian_new_short,lorentzian_exit_short,162.0,70.6,13.27,39.81,38.31,0.17
NSE:ICICIBANK,SHORT,40,2026-07-23T09:15:00+05:30,1442.2,2026-07-23T13:15:00+05:30,1432.5,lorentzian_new_short,lorentzian_exit_short,388.0,67.51,11.5,34.5,274.5,0.17
NSE:ITC,LONG,235,2026-07-23T11:15:00+05:30,283.25,2026-07-23T15:15:00+05:30,281.55,lorentzian_new_long,lorentzian_exit_long,-399.5,70.55,13.27,39.82,-523.14,0.17
NSE:LT,SHORT,15,2026-07-23T12:15:00+05:30,3784.0,2026-07-24T09:15:00+05:30,3722.0,lorentzian_new_short,lorentzian_exit_short,930.0,188.17,11.26,33.78,696.79,0.88
NSE:TATASTEEL,SHORT,395,2026-07-15T14:15:00+05:30,185.4,2026-07-24T10:15:00+05:30,181.98,lorentzian_new_short,lorentzian_exit_short,1350.9,224.28,14.51,43.53,1068.57,8.83
NSE:BHARTIARTL,SHORT,40,2026-07-23T13:15:00+05:30,1927.8,2026-07-24T10:15:00+05:30,1879.9,lorentzian_new_short,lorentzian_exit_short,1916.0,232.23,15.23,45.69,1622.84,0.88
NSE:TATACONSUM,LONG,50,2026-07-22T12:15:00+05:30,1096.0,2026-07-24T13:15:00+05:30,1087.5,lorentzian_new_long,lorentzian_new_short,-425.0,184.48,10.92,32.75,-653.15,2.04
NSE:TATACONSUM,SHORT,50,2026-07-24T13:15:00+05:30,1087.5,2026-07-27T10:15:00+05:30,1102.2,lorentzian_new_short,lorentzian_exit_short,-735.0,184.85,10.95,32.85,-963.64,2.88
NSE:SENSEX,LONG,1.1911338422972468,2026-07-27T09:15:00+05:30,76651.18,2026-07-27T13:15:00+05:30,76850.88,lorentzian_new_long,lorentzian_exit_long,237.87,98.74,3.66,18.28,117.18,0.17
NSE:NIFTY,LONG,3.9047113443535313,2026-07-27T09:15:00+05:30,23933.3,2026-07-27T13:15:00+05:30,23995.9,lorentzian_new_long,lorentzian_exit_long,244.43,99.96,3.74,18.71,122.02,0.17
NSE:SBIN,LONG,90,2026-07-27T09:15:00+05:30,1019.8,2026-07-27T13:15:00+05:30,1021.2,lorentzian_new_long,lorentzian_exit_long,126.0,79.58,18.37,55.11,-27.06,0.17
NSE:INFY,LONG,70,2026-07-27T09:15:00+05:30,1072.3,2026-07-27T13:15:00+05:30,1079.0,lorentzian_new_long,lorentzian_exit_long,469.0,73.79,15.06,45.18,334.97,0.17
NSE:HINDUNILVR,SHORT,25,2026-07-28T09:15:00+05:30,2107.0,2026-07-28T13:15:00+05:30,2038.6,lorentzian_new_short,lorentzian_exit_short,1710.0,65.65,10.36,31.09,1602.89,0.17
NSE:ITC,SHORT,230,2026-07-28T11:15:00+05:30,282.5,2026-07-28T15:15:00+05:30,285.0,lorentzian_new_short,lorentzian_exit_short,-575.0,70.14,13.05,39.16,-697.35,0.17
NSE:ITC,LONG,225,2026-07-29T09:15:00+05:30,287.85,2026-07-29T13:15:00+05:30,287.0,lorentzian_new_long,lorentzian_exit_long,-191.25,69.97,12.93,38.8,-312.96,0.17
NSE:BHARTIARTL,LONG,40,2026-07-29T09:15:00+05:30,1938.1,2026-07-29T13:15:00+05:30,1954.0,lorentzian_new_long,lorentzian_exit_long,636.0,74.71,15.57,46.71,499.02,0.17
NSE:ITC,SHORT,225,2026-07-30T13:15:00+05:30,284.0,2026-07-31T10:15:00+05:30,281.55,lorentzian_new_short,lorentzian_exit_short,551.25,204.49,12.72,38.17,295.86,0.88
NSE:ICICIBANK,LONG,40,2026-08-03T09:15:00+05:30,1445.4,2026-08-03T13:15:00+05:30,1448.7,lorentzian_new_long,lorentzian_exit_long,132.0,67.62,11.58,34.73,18.08,0.17
NSE:ITC,LONG,220,2026-08-03T09:15:00+05:30,291.55,2026-08-03T13:15:00+05:30,286.55,lorentzian_new_long,lorentzian_exit_long,-1100.0,69.49,12.72,38.15,-1220.36,0.17
NSE:HINDUNILVR,LONG,25,2026-08-03T09:15:00+05:30,2120.2,2026-08-03T13:15:00+05:30,2113.9,lorentzian_new_long,lorentzian_exit_long,-157.5,65.84,10.59,31.76,-265.68,0.17
NSE:HDFCBANK,LONG,90,2026-08-03T10:15:00+05:30,755.55,2026-08-03T14:15:00+05:30,751.2,lorentzian_new_long,lorentzian_exit_long,-391.5,71.05,13.56,40.68,-516.8,0.17
NSE:TATACONSUM,LONG,45,2026-08-03T12:15:00+05:30,1094.3,2026-08-04T09:15:00+05:30,1098.0,lorentzian_new_long,lorentzian_exit_long,166.5,172.74,9.87,29.6,-45.71,0.88
NSE:TCS,LONG,30,2026-07-27T09:15:00+05:30,2310.8,2026-08-04T11:15:00+05:30,2450.9,lorentzian_new_long,lorentzian_exit_long,4203.0,221.55,14.29,42.86,3924.31,8.08
NSE:HDFCBANK,SHORT,90,2026-08-04T11:15:00+05:30,740.45,2026-08-04T15:15:00+05:30,742.0,lorentzian_new_short,lorentzian_exit_short,-139.5,70.7,13.34,40.03,-263.57,0.17
NSE:ICICIBANK,SHORT,40,2026-08-04T13:15:00+05:30,1433.7,2026-08-05T10:15:00+05:30,1448.4,lorentzian_new_short,lorentzian_exit_short,-588.0,191.28,11.53,34.59,-825.39,0.88
NSE:HINDUNILVR,SHORT,25,2026-08-04T13:15:00+05:30,2074.0,2026-08-05T10:15:00+05:30,2090.0,lorentzian_new_short,lorentzian_exit_short,-400.0,178.84,10.41,31.23,-620.48,0.88
NSE:TATACONSUM,SHORT,50,2026-08-04T13:15:00+05:30,1085.0,2026-08-05T10:15:00+05:30,1089.9,lorentzian_new_short,lorentzian_exit_short,-245.0,183.99,10.87,32.62,-472.49,0.88
NSE:ICICIBANK,SHORT,40,2026-08-05T12:15:00+05:30,1433.8,2026-08-06T09:15:00+05:30,1451.7,lorentzian_new_short,lorentzian_new_long,-716.0,191.44,11.54,34.63,-953.61,0.88
NSE:TATACONSUM,LONG,45,2026-08-05T15:15:00+05:30,1096.3,2026-08-06T12:15:00+05:30,1096.8,lorentzian_new_long,lorentzian_exit_long,22.5,172.79,9.87,29.61,-189.77,0.88
NSE:ICICIBANK,LONG,40,2026-08-06T09:15:00+05:30,1451.7,2026-08-06T13:15:00+05:30,1458.8,lorentzian_new_long,lorentzian_exit_long,284.0,67.75,11.64,34.93,169.68,0.17
NSE:TCS,SHORT,30,2026-08-06T14:15:00+05:30,2374.9,2026-08-07T11:15:00+05:30,2435.2,lorentzian_new_short,lorentzian_exit_short,-1809.0,223.62,14.43,43.29,-2090.34,0.88
NSE:TATASTEEL,SHORT,395,2026-08-06T14:15:00+05:30,189.6,2026-08-07T11:15:00+05:30,188.19,lorentzian_new_short,lorentzian_exit_short,556.95,228.91,14.92,44.77,268.35,0.88
NSE:BHARTIARTL,SHORT,40,2026-08-07T09:15:00+05:30,1947.6,2026-08-07T13:15:00+05:30,1953.9,lorentzian_new_short,lorentzian_exit_short,-252.0,74.67,15.61,46.82,-389.1,0.17
NSE:ICICIBANK,SHORT,40,2026-08-07T13:15:00+05:30,1429.2,2026-08-10T10:15:00+05:30,1423.0,lorentzian_new_short,lorentzian_exit_short,248.0,189.89,11.41,34.23,12.48,2.88
NSE:TCS,LONG,30,2026-08-10T09:15:00+05:30,2457.9,2026-08-10T13:15:00+05:30,2437.1,lorentzian_new_long,lorentzian_exit_long,-624.0,73.01,14.69,44.05,-755.75,0.17
NSE:TATASTEEL,LONG,390,2026-08-10T10:15:00+05:30,191.78,2026-08-10T14:15:00+05:30,190.14,lorentzian_new_long,lorentzian_exit_long,-639.6,73.38,14.89,44.68,-772.56,0.17
NSE:TATACONSUM,LONG,45,2026-08-10T11:15:00+05:30,1100.9,2026-08-10T15:15:00+05:30,1108.7,lorentzian_new_long,lorentzian_exit_long,351.0,64.76,9.94,29.83,246.47,0.17
NSE:BANKNIFTY,LONG,1.581949028672879,2026-08-03T09:15:00+05:30,57780.7,2026-08-11T09:15:00+05:30,57214.8,lorentzian_new_long,lorentzian_new_short,-895.22,98.21,3.64,18.19,-1015.27,8.0
NSE:SENSEX,SHORT,1.1696891761532051,2026-08-11T09:15:00+05:30,78156.36,2026-08-11T13:15:00+05:30,78191.81,lorentzian_new_short,lorentzian_exit_short,-41.47,98.69,3.66,18.29,-162.1,0.17
NSE:SBIN,SHORT,85,2026-08-11T09:15:00+05:30,1064.4,2026-08-11T13:15:00+05:30,1068.8,lorentzian_new_short,lorentzian_exit_short,-374.0,79.11,18.13,54.4,-525.64,0.17
NSE:BANKNIFTY,SHORT,1.5799040116673548,2026-08-11T09:15:00+05:30,57214.8,2026-08-11T13:15:00+05:30,57412.2,lorentzian_new_short,lorentzian_exit_short,-311.87,98.12,3.62,18.11,-431.73,0.17
NSE:ADANIGREEN,LONG,35,2026-08-03T09:15:00+05:30,1407.6,2026-08-11T13:15:00+05:30,1364.6,lorentzian_new_long,lorentzian_exit_long,-1505.0,171.06,9.7,29.11,-1714.87,8.17
NSE:WIPRO,SHORT,455,2026-08-11T10:15:00+05:30,183.74,2026-08-11T14:15:00+05:30,183.9,lorentzian_new_short,lorentzian_exit_short,-72.8,76.67,16.73,50.18,-216.38,0.17
NSE:TATASTEEL,SHORT,395,2026-08-11T10:15:00+05:30,188.33,2026-08-11T14:15:00+05:30,187.59,lorentzian_new_short,lorentzian_exit_short,292.3,73.4,14.85,44.55,159.5,0.17
NSE:TATACONSUM,SHORT,50,2026-08-11T11:15:00+05:30,1078.0,2026-08-11T15:15:00+05:30,1078.0,lorentzian_new_short,lorentzian_exit_short,-0.0,66.2,10.78,32.34,-109.32,0.17
NSE:LT,LONG,15,2026-07-27T09:15:00+05:30,3833.9,2026-08-12T09:15:00+05:30,3997.7,lorentzian_new_long,lorentzian_new_short,2457.0,193.49,11.75,35.24,2216.52,16.0
NSE:ADANIGREEN,SHORT,35,2026-08-12T09:15:00+05:30,1334.7,2026-08-12T13:15:00+05:30,1328.2,lorentzian_new_short,lorentzian_exit_short,227.5,63.65,9.32,27.96,126.57,0.17
NSE:NIFTY,SHORT,3.850333957316025,2026-08-12T10:15:00+05:30,24302.9,2026-08-12T14:15:00+05:30,24361.7,lorentzian_new_short,lorentzian_exit_short,-226.4,99.91,3.75,18.74,-348.79,0.17
NSE:TCS,SHORT,30,2026-08-12T10:15:00+05:30,2346.5,2026-08-12T14:15:00+05:30,2339.0,lorentzian_new_short,lorentzian_exit_short,225.0,72.0,14.06,42.17,96.78,0.17
NSE:HCLTECH,SHORT,45,2026-08-12T10:15:00+05:30,1348.6,2026-08-12T14:15:00+05:30,1360.0,lorentzian_new_short,lorentzian_exit_short,-513.0,68.62,12.19,36.57,-630.38,0.17
NSE:BHARTIARTL,LONG,40,2026-08-12T15:15:00+05:30,1945.0,2026-08-13T12:15:00+05:30,1950.7,lorentzian_new_long,lorentzian_exit_long,228.0,236.27,15.58,46.75,-70.6,0.88
NSE:HINDUNILVR,LONG,25,2026-08-13T14:15:00+05:30,2088.0,2026-08-14T11:15:00+05:30,2079.2,lorentzian_new_long,lorentzian_exit_long,-220.0,178.91,10.42,31.25,-440.59,0.88
NSE:INFY,LONG,65,2026-08-10T09:15:00+05:30,1188.0,2026-08-17T10:15:00+05:30,1140.9,lorentzian_new_long,lorentzian_new_short,-3061.5,231.58,15.14,45.41,-3353.63,7.04
NSE:WIPRO,SHORT,460,2026-08-17T09:15:00+05:30,181.62,2026-08-17T13:15:00+05:30,181.93,lorentzian_new_short,lorentzian_exit_short,-142.6,76.66,16.72,50.17,-286.15,0.17
NSE:HINDUNILVR,SHORT,25,2026-08-17T09:15:00+05:30,2059.7,2026-08-17T13:15:00+05:30,2063.1,lorentzian_new_short,lorentzian_exit_short,-85.0,65.35,10.31,30.92,-191.58,0.17
NSE:TATASTEEL,LONG,400,2026-08-17T13:15:00+05:30,186.04,2026-08-18T10:15:00+05:30,184.81,lorentzian_new_long,lorentzian_exit_long,-492.0,228.01,14.83,44.5,-779.34,0.88
NSE:BANKNIFTY,LONG,1.5588358496803247,2026-08-17T14:15:00+05:30,57711.95,2026-08-18T11:15:00+05:30,57350.55,lorentzian_new_long,lorentzian_exit_long,-563.36,97.57,3.59,17.94,-682.46,0.88
NSE:BHARTIARTL,SHORT,40,2026-08-18T09:15:00+05:30,1940.5,2026-08-18T13:15:00+05:30,1944.7,lorentzian_new_short,lorentzian_exit_short,-168.0,74.57,15.54,46.62,-304.73,0.17
NSE:TATACONSUM,SHORT,50,2026-08-18T12:15:00+05:30,1068.4,2026-08-19T09:15:00+05:30,1065.2,lorentzian_new_short,lorentzian_exit_short,160.0,181.66,10.67,32.0,-64.34,0.88
NSE:BANKNIFTY,SHORT,1.5649990354936623,2026-08-19T10:15:00+05:30,57049.9,2026-08-19T14:15:00+05:30,57156.9,lorentzian_new_short,lorentzian_exit_short,-167.45,97.49,3.57,17.87,-286.39,0.17
NSE:INFY,SHORT,65,2026-08-17T10:15:00+05:30,1140.9,2026-08-20T09:15:00+05:30,1139.4,lorentzian_new_short,lorentzian_new_long,97.5,227.83,14.82,44.47,-189.62,2.96
NSE:HDFCBANK,LONG,90,2026-08-20T09:15:00+05:30,727.5,2026-08-20T13:15:00+05:30,725.5,lorentzian_new_long,lorentzian_exit_long,-180.0,70.23,13.08,39.23,-302.53,0.17
NSE:BANKNIFTY,LONG,1.543226770753054,2026-08-20T09:15:00+05:30,57669.75,2026-08-20T13:15:00+05:30,57548.35,lorentzian_new_long,lorentzian_exit_long,-187.35,97.22,3.56,17.78,-305.91,0.17
NSE:TCS,LONG,30,2026-08-20T09:15:00+05:30,2310.5,2026-08-20T13:15:00+05:30,2300.0,lorentzian_new_long,lorentzian_exit_long,-315.0,71.54,13.83,41.49,-441.87,0.17
NSE:INFY,LONG,60,2026-08-20T09:15:00+05:30,1139.4,2026-08-20T13:15:00+05:30,1134.5,lorentzian_new_long,lorentzian_exit_long,-294.0,71.21,13.64,40.93,-419.78,0.17
NSE:HCLTECH,LONG,45,2026-08-20T09:15:00+05:30,1336.3,2026-08-20T13:15:00+05:30,1324.8,lorentzian_new_long,lorentzian_exit_long,-517.5,68.25,11.97,35.92,-633.65,0.17
NSE:WIPRO,LONG,455,2026-08-20T09:15:00+05:30,181.57,2026-08-20T13:15:00+05:30,180.97,lorentzian_new_long,lorentzian_exit_long,-273.0,76.24,16.5,49.49,-415.22,0.17
NSE:ITC,SHORT,225,2026-08-06T09:15:00+05:30,284.8,2026-08-20T14:15:00+05:30,270.8,lorentzian_new_short,lorentzian_new_long,3150.0,201.81,12.5,37.5,2898.19,14.21
NSE:ITC,LONG,245,2026-08-20T14:15:00+05:30,270.8,2026-08-21T12:15:00+05:30,269.65,lorentzian_new_long,lorentzian_exit_long,-281.75,210.29,13.24,39.72,-545.0,0.92
NSE:ICICIBANK,LONG,40,2026-08-21T09:15:00+05:30,1415.0,2026-08-21T13:15:00+05:30,1418.4,lorentzian_new_long,lorentzian_exit_long,136.0,67.19,11.33,34.0,23.48,0.17
NSE:ADANIGREEN,LONG,35,2026-08-21T09:15:00+05:30,1319.2,2026-08-21T13:15:00+05:30,1316.7,lorentzian_new_long,lorentzian_exit_long,-87.5,63.45,9.23,27.68,-187.85,0.17
NSE:HCLTECH,SHORT,45,2026-08-21T14:15:00+05:30,1306.0,2026-08-24T12:15:00+05:30,1318.5,lorentzian_new_short,lorentzian_exit_short,-562.5,194.41,11.81,35.43,-804.15,2.92
NSE:TATASTEEL,LONG,395,2026-08-24T10:15:00+05:30,185.21,2026-08-24T14:15:00+05:30,185.31,lorentzian_new_long,lorentzian_exit_long,39.5,73.0,14.64,43.91,-92.04,0.17
NSE:SENSEX,SHORT,1.1812844424657132,2026-08-24T12:15:00+05:30,77252.38,2026-08-25T09:15:00+05:30,77203.4,lorentzian_new_short,lorentzian_exit_short,57.86,98.59,3.65,18.25,-62.63,0.88
NSE:NIFTY,SHORT,3.857732010359805,2026-08-24T12:15:00+05:30,24166.15,2026-08-25T09:15:00+05:30,24141.2,lorentzian_new_short,lorentzian_exit_short,96.25,99.7,3.73,18.64,-25.81,0.88
NSE:HDFCBANK,SHORT,90,2026-08-24T12:15:00+05:30,725.4,2026-08-25T10:15:00+05:30,725.6,lorentzian_new_short,lorentzian_exit_short,-18.0,208.25,13.06,39.18,-278.48,0.92
NSE:NIFTY,LONG,3.829978165388738,2026-08-25T15:15:00+05:30,24334.55,2026-08-26T12:15:00+05:30,24269.2,lorentzian_new_long,lorentzian_exit_long,-250.29,99.56,3.72,18.62,-372.19,0.88
NSE:SENSEX,LONG,1.1712695974939744,2026-08-26T09:15:00+05:30,77859.61,2026-08-26T13:15:00+05:30,77614.25,lorentzian_new_long,lorentzian_exit_long,-287.38,98.41,3.64,18.21,-407.64,0.17
NSE:SBIN,LONG,85,2026-08-26T09:15:00+05:30,1057.1,2026-08-26T13:15:00+05:30,1055.0,lorentzian_new_long,lorentzian_exit_long,-178.5,78.82,17.95,53.86,-329.13,0.17
NSE:HCLTECH,LONG,45,2026-08-26T09:15:00+05:30,1313.4,2026-08-26T13:15:00+05:30,1299.9,lorentzian_new_long,lorentzian_exit_long,-607.5,67.86,11.76,35.28,-722.4,0.17
NSE:LT,SHORT,15,2026-08-12T09:15:00+05:30,3997.7,2026-08-27T10:15:00+05:30,4033.9,lorentzian_new_short,lorentzian_exit_short,-543.0,197.04,12.05,36.14,-788.23,15.04
NSE:NIFTY,SHORT,3.834710872933017,2026-08-26T15:15:00+05:30,24207.75,2026-08-27T12:15:00+05:30,24194.1,lorentzian_new_short,lorentzian_exit_short,52.34,99.48,3.71,18.56,-69.41,0.88
NSE:HCLTECH,SHORT,45,2026-08-27T09:15:00+05:30,1283.3,2026-08-27T13:15:00+05:30,1291.1,lorentzian_new_short,lorentzian_exit_short,-351.0,67.58,11.58,34.75,-464.92,0.17
NSE:HINDUNILVR,SHORT,25,2026-08-27T09:15:00+05:30,2005.2,2026-08-27T13:15:00+05:30,2008.4,lorentzian_new_short,lorentzian_exit_short,-80.0,64.87,10.03,30.1,-185.01,0.17
NSE:SENSEX,SHORT,1.1762927543628297,2026-08-27T14:15:00+05:30,77181.61,2026-08-28T11:15:00+05:30,77027.69,lorentzian_new_short,lorentzian_exit_short,181.05,98.32,3.63,18.14,60.96,0.88
NSE:BANKNIFTY,SHORT,1.5428003720945986,2026-08-28T09:15:00+05:30,57488.0,2026-08-28T13:15:00+05:30,57416.3,lorentzian_new_short,lorentzian_exit_short,110.62,97.15,3.55,17.73,-7.8,0.17
NSE:HCLTECH,LONG,45,2026-08-28T09:15:00+05:30,1327.9,2026-08-28T13:15:00+05:30,1308.4,lorentzian_new_long,lorentzian_exit_long,-877.5,68.01,11.86,35.59,-992.96,0.17
NSE:ITC,SHORT,250,2026-08-28T11:15:00+05:30,266.35,2026-08-31T09:15:00+05:30,264.8,lorentzian_new_short,lorentzian_exit_short,387.5,210.66,13.28,39.84,123.73,2.92
NSE:TATASTEEL,SHORT,395,2026-08-28T11:15:00+05:30,184.62,2026-08-31T09:15:00+05:30,182.22,lorentzian_new_short,lorentzian_exit_short,948.0,224.08,14.49,43.47,665.96,2.92
NSE:HDFCBANK,LONG,90,2026-08-31T09:15:00+05:30,730.35,2026-08-31T13:15:00+05:30,710.6,lorentzian_new_long,lorentzian_new_short,-1777.5,69.86,12.97,38.91,-1899.23,0.17
NSE:SBIN,SHORT,90,2026-08-31T09:15:00+05:30,1036.1,2026-08-31T13:15:00+05:30,1041.3,lorentzian_new_short,lorentzian_exit_short,-468.0,80.1,18.7,56.09,-622.88,0.17
NSE:ADANIGREEN,SHORT,40,2026-08-31T09:15:00+05:30,1293.5,2026-08-31T13:15:00+05:30,1273.9,lorentzian_new_short,lorentzian_exit_short,784.0,65.38,10.27,30.81,677.54,0.17
NSE:WIPRO,SHORT,470,2026-08-31T10:15:00+05:30,176.46,2026-09-01T09:15:00+05:30,181.42,lorentzian_new_short,lorentzian_new_long,-2331.2,250.22,16.82,50.46,-2648.7,0.96
NSE:ICICIBANK,LONG,40,2026-08-31T12:15:00+05:30,1441.1,2026-09-01T10:15:00+05:30,1439.1,lorentzian_new_long,lorentzian_exit_long,-80.0,191.16,11.52,34.56,-317.24,0.92
NSE:HDFCBANK,SHORT,90,2026-08-31T13:15:00+05:30,710.6,2026-09-01T11:15:00+05:30,711.7,lorentzian_new_short,lorentzian_exit_short,-99.0,205.38,12.8,38.4,-355.58,0.92
NSE:BANKNIFTY,LONG,1.5283896155935504,2026-08-31T15:15:00+05:30,58024.95,2026-09-01T12:15:00+05:30,57500.35,lorentzian_new_long,lorentzian_exit_long,-801.79,96.73,3.53,17.66,-919.71,0.88
NSE:WIPRO,LONG,440,2026-09-01T09:15:00+05:30,181.42,2026-09-01T13:15:00+05:30,180.7,lorentzian_new_long,lorentzian_exit_long,-316.8,75.24,15.93,47.8,-455.78,0.17
NSE:TATASTEEL,LONG,395,2026-09-01T10:15:00+05:30,186.65,2026-09-01T14:15:00+05:30,183.16,lorentzian_new_long,lorentzian_exit_long,-1378.55,72.79,14.61,43.82,-1509.77,0.17
NSE:ICICIBANK,SHORT,40,2026-09-01T13:15:00+05:30,1426.8,2026-09-02T11:15:00+05:30,1427.0,lorentzian_new_short,lorentzian_exit_short,-8.0,189.98,11.42,34.25,-243.64,0.92
NSE:TATASTEEL,SHORT,395,2026-09-02T09:15:00+05:30,182.95,2026-09-02T13:15:00+05:30,182.8,lorentzian_new_short,lorentzian_exit_short,59.25,72.67,14.45,43.34,-71.2,0.17
NSE:WIPRO,SHORT,445,2026-09-02T10:15:00+05:30,177.66,2026-09-02T14:15:00+05:30,177.38,lorentzian_new_short,lorentzian_exit_short,124.6,75.06,15.8,47.4,-13.65,0.17
NSE:NIFTY,SHORT,3.8621492880010106,2026-08-31T09:15:00+05:30,24017.85,2026-09-03T09:15:00+05:30,23991.15,lorentzian_new_short,lorentzian_new_long,103.12,99.44,3.71,18.54,-18.57,3.0
NSE:BANKNIFTY,SHORT,1.5349785779998213,2026-09-01T13:15:00+05:30,57178.5,2026-09-03T09:15:00+05:30,57654.8,lorentzian_new_short,lorentzian_new_long,-731.11,96.66,3.53,17.63,-848.92,1.83
NSE:SENSEX,LONG,1.1828398684247818,2026-09-03T09:15:00+05:30,76805.79,2026-09-03T13:15:00+05:30,76602.32,lorentzian_new_long,lorentzian_exit_long,-240.67,98.24,3.63,18.15,-360.69,0.17
NSE:NIFTY,LONG,3.8656758732101637,2026-09-03T09:15:00+05:30,23991.15,2026-09-03T13:15:00+05:30,23913.3,lorentzian_new_long,lorentzian_exit_long,-300.94,99.27,3.7,18.52,-422.44,0.17
NSE:ICICIBANK,LONG,40,2026-09-03T09:15:00+05:30,1448.1,2026-09-03T13:15:00+05:30,1438.3,lorentzian_new_long,lorentzian_exit_long,-392.0,67.5,11.55,34.64,-505.69,0.17
NSE:BANKNIFTY,LONG,1.5076175671514256,2026-09-03T09:15:00+05:30,57654.8,2026-09-03T13:15:00+05:30,57508.25,lorentzian_new_long,lorentzian_exit_long,-220.94,96.04,3.47,17.36,-337.81,0.17
NSE:TATASTEEL,LONG,395,2026-09-03T09:15:00+05:30,184.3,2026-09-03T13:15:00+05:30,183.55,lorentzian_new_long,lorentzian_exit_long,-296.25,72.77,14.53,43.59,-427.14,0.17
NSE:HDFCBANK,LONG,90,2026-09-04T10:15:00+05:30,712.95,2026-09-04T14:15:00+05:30,714.85,lorentzian_new_long,lorentzian_exit_long,171.0,69.86,12.85,38.55,49.73,0.17
NSE:BANKNIFTY,SHORT,1.5163993972581742,2026-09-07T09:15:00+05:30,57098.8,2026-09-07T13:15:00+05:30,57098.55,lorentzian_new_short,lorentzian_exit_short,0.38,95.96,3.46,17.32,-116.36,0.17
NSE:TCS,SHORT,30,2026-09-07T09:15:00+05:30,2283.0,2026-09-07T13:15:00+05:30,2265.0,lorentzian_new_short,lorentzian_exit_short,540.0,71.3,13.64,40.93,414.12,0.17
NSE:INFY,SHORT,65,2026-09-07T09:15:00+05:30,1099.8,2026-09-07T13:15:00+05:30,1089.3,lorentzian_new_short,lorentzian_exit_short,682.5,72.35,14.23,42.69,553.23,0.17
NSE:HCLTECH,SHORT,45,2026-09-07T09:15:00+05:30,1272.4,2026-09-07T13:15:00+05:30,1266.4,lorentzian_new_short,lorentzian_exit_short,270.0,67.36,11.42,34.27,156.94,0.17
NSE:HDFCBANK,SHORT,90,2026-09-08T09:15:00+05:30,707.2,2026-09-08T13:15:00+05:30,704.75,lorentzian_new_short,lorentzian_exit_short,220.5,69.62,12.71,38.12,100.05,0.17
NSE:HINDUNILVR,LONG,25,2026-09-08T10:15:00+05:30,1986.9,2026-09-08T14:15:00+05:30,1980.1,lorentzian_new_long,lorentzian_exit_long,-170.0,64.66,9.92,29.75,-274.33,0.17
NSE:TATASTEEL,SHORT,385,2026-09-10T12:15:00+05:30,185.6,2026-09-11T09:15:00+05:30,182.48,lorentzian_new_short,lorentzian_exit_short,1201.2,220.51,14.17,42.51,924.0,0.88
NSE:ADANIGREEN,LONG,35,2026-09-09T09:15:00+05:30,1329.0,2026-09-11T09:15:00+05:30,1285.4,lorentzian_new_long,lorentzian_new_short,-1526.0,164.93,9.15,27.45,-1727.53,2.0
NSE:BHARTIARTL,LONG,40,2026-09-10T13:15:00+05:30,1839.9,2026-09-11T10:15:00+05:30,1847.9,lorentzian_new_long,lorentzian_exit_long,320.0,227.03,14.75,44.25,33.97,0.88
NSE:ADANIGREEN,SHORT,40,2026-09-11T09:15:00+05:30,1285.4,2026-09-11T13:15:00+05:30,1280.7,lorentzian_new_short,lorentzian_exit_short,188.0,65.31,10.26,30.79,81.63,0.17
NSE:HDFCBANK,LONG,90,2026-09-11T13:15:00+05:30,703.2,2026-09-15T10:15:00+05:30,720.85,lorentzian_new_long,lorentzian_exit_long,1588.5,205.43,12.82,38.45,1331.8,3.88
NSE:HINDUNILVR,SHORT,30,2026-09-09T09:15:00+05:30,1950.8,2026-09-15T10:15:00+05:30,1962.2,lorentzian_new_short,lorentzian_new_long,-342.0,193.6,11.74,35.22,-582.56,6.04
NSE:BHARTIARTL,SHORT,40,2026-09-11T15:15:00+05:30,1831.1,2026-09-15T12:15:00+05:30,1831.0,lorentzian_new_short,lorentzian_exit_short,4.0,225.91,14.65,43.95,-280.5,3.88
NSE:TCS,LONG,30,2026-09-15T09:15:00+05:30,2296.8,2026-09-15T13:15:00+05:30,2271.7,lorentzian_new_long,lorentzian_exit_long,-753.0,71.27,13.71,41.12,-879.09,0.17
NSE:INFY,LONG,65,2026-09-15T09:15:00+05:30,1083.7,2026-09-15T13:15:00+05:30,1075.0,lorentzian_new_long,lorentzian_exit_long,-565.5,71.87,14.03,42.09,-693.49,0.17
NSE:WIPRO,LONG,465,2026-09-15T09:15:00+05:30,171.74,2026-09-15T13:15:00+05:30,169.86,lorentzian_new_long,lorentzian_exit_long,-874.2,75.1,15.88,47.65,-1012.83,0.17
NSE:BANKNIFTY,SHORT,1.5211475805729129,2026-09-08T11:15:00+05:30,56844.3,2026-09-16T10:15:00+05:30,56182.05,lorentzian_new_short,lorentzian_exit_short,1007.38,95.86,3.44,17.19,890.89,7.96
NSE:SENSEX,SHORT,1.188259279570921,2026-09-03T15:15:00+05:30,76152.86,2026-09-16T11:15:00+05:30,74352.5,lorentzian_new_short,lorentzian_exit_short,2139.29,98.07,3.58,17.88,2019.76,12.83
NSE:NIFTY,SHORT,3.899070819918604,2026-09-08T10:15:00+05:30,23677.65,2026-09-16T11:15:00+05:30,23233.05,lorentzian_new_short,lorentzian_exit_short,1733.53,99.12,3.66,18.29,1612.46,8.04
NSE:TCS,SHORT,30,2026-09-16T09:15:00+05:30,2233.9,2026-09-16T13:15:00+05:30,2195.1,lorentzian_new_short,lorentzian_exit_short,1164.0,70.74,13.29,39.86,1040.11,0.17
NSE:WIPRO,SHORT,470,2026-09-16T11:15:00+05:30,166.99,2026-09-16T15:15:00+05:30,166.89,lorentzian_new_short,lorentzian_exit_short,47.0,74.86,15.69,47.08,-90.63,0.17
NSE:HCLTECH,LONG,45,2026-09-15T09:15:00+05:30,1278.0,2026-09-17T09:15:00+05:30,1240.6,lorentzian_new_long,lorentzian_new_short,-1683.0,189.2,11.33,34.0,-1917.53,2.0
NSE:SBIN,LONG,90,2026-09-17T09:15:00+05:30,997.0,2026-09-17T13:15:00+05:30,987.4,lorentzian_new_long,lorentzian_exit_long,-864.0,78.58,17.86,53.58,-1014.02,0.17
NSE:ITC,LONG,250,2026-09-17T09:15:00+05:30,267.35,2026-09-17T13:15:00+05:30,265.95,lorentzian_new_long,lorentzian_exit_long,-350.0,70.66,13.33,40.0,-473.99,0.17
NSE:TATASTEEL,LONG,390,2026-09-17T14:15:00+05:30,187.15,2026-09-18T11:15:00+05:30,186.96,lorentzian_new_long,lorentzian_exit_long,-74.1,225.27,14.59,43.77,-357.73,0.88
NSE:ADANIGREEN,LONG,35,2026-09-18T09:15:00+05:30,1295.2,2026-09-18T13:15:00+05:30,1319.2,lorentzian_new_long,lorentzian_exit_long,840.0,63.42,9.15,27.45,739.98,0.17
NSE:HINDUNILVR,LONG,25,2026-09-15T10:15:00+05:30,1962.2,2026-09-18T15:15:00+05:30,1932.0,lorentzian_new_long,lorentzian_new_short,-755.0,171.37,9.74,29.21,-965.31,3.21
NSE:ITC,SHORT,250,2026-09-18T15:15:00+05:30,262.3,2026-09-21T12:15:00+05:30,266.85,lorentzian_new_short,lorentzian_exit_short,-1137.5,210.22,13.23,39.69,-1400.63,2.88
NSE:HCLTECH,SHORT,45,2026-09-17T09:15:00+05:30,1240.6,2026-09-21T12:15:00+05:30,1276.2,lorentzian_new_short,lorentzian_new_long,-1602.0,189.1,11.33,33.98,-1836.41,4.12
NSE:WIPRO,LONG,470,2026-09-18T15:15:00+05:30,166.83,2026-09-21T12:15:00+05:30,164.38,lorentzian_new_long,lorentzian_exit_long,-1151.5,236.2,15.57,46.7,-1449.97,2.88
NSE:HINDUNILVR,SHORT,25,2026-09-18T15:15:00+05:30,1932.0,2026-09-21T12:15:00+05:30,1953.7,lorentzian_new_short,lorentzian_exit_short,-542.5,171.12,9.71,29.14,-752.47,2.88
NSE:HCLTECH,LONG,45,2026-09-21T12:15:00+05:30,1276.2,2026-09-22T09:15:00+05:30,1257.3,lorentzian_new_long,lorentzian_exit_long,-850.5,189.88,11.4,34.2,-1085.98,0.88
NSE:BANKNIFTY,LONG,1.5434226685461427,2026-09-21T13:15:00+05:30,56599.4,2026-09-22T10:15:00+05:30,56362.05,lorentzian_new_long,lorentzian_exit_long,-366.33,96.21,3.49,17.43,-483.46,0.88
NSE:TATACONSUM,LONG,50,2026-09-17T12:15:00+05:30,1017.1,2026-09-22T10:15:00+05:30,993.3,lorentzian_new_long,lorentzian_new_short,-1190.0,174.92,10.05,30.16,-1405.13,4.92
NSE:ITC,LONG,240,2026-09-22T09:15:00+05:30,267.55,2026-09-22T13:15:00+05:30,265.9,lorentzian_new_long,lorentzian_exit_long,-396.0,69.72,12.8,38.41,-516.93,0.17
NSE:LT,LONG,15,2026-09-17T11:15:00+05:30,3862.3,2026-09-22T13:15:00+05:30,3886.8,lorentzian_new_long,lorentzian_new_short,367.5,192.27,11.62,34.87,128.74,5.08
NSE:TATACONSUM,SHORT,50,2026-09-22T10:15:00+05:30,993.3,2026-09-22T14:15:00+05:30,988.2,lorentzian_new_short,lorentzian_exit_short,255.0,64.69,9.91,29.72,150.68,0.17
NSE:SBIN,SHORT,90,2026-09-22T12:15:00+05:30,983.3,2026-09-23T09:15:00+05:30,989.0,lorentzian_new_short,lorentzian_exit_short,-513.0,260.42,17.75,53.25,-844.42,0.88
NSE:LT,SHORT,15,2026-09-22T13:15:00+05:30,3886.8,2026-09-23T10:15:00+05:30,3923.0,lorentzian_new_short,lorentzian_exit_short,-543.0,193.35,11.71,35.14,-783.21,0.88
NSE:LT,LONG,15,2026-09-23T11:15:00+05:30,3944.0,2026-09-23T15:15:00+05:30,3929.9,lorentzian_new_long,lorentzian_exit_long,-211.5,67.99,11.81,35.43,-326.73,0.17
NSE:SENSEX,LONG,1.2332705602506056,2026-09-22T09:15:00+05:30,75006.3,2026-09-24T09:15:00+05:30,74128.03,lorentzian_new_long,lorentzian_new_short,-1083.14,98.73,3.68,18.39,-1203.95,2.0
NSE:ADANIGREEN,SHORT,40,2026-09-23T14:15:00+05:30,1296.0,2026-09-24T11:15:00+05:30,1297.0,lorentzian_new_short,lorentzian_exit_short,-40.0,178.39,10.37,31.12,-259.88,0.88
NSE:SENSEX,SHORT,1.2316894933815334,2026-09-24T09:15:00+05:30,74128.03,2026-09-24T13:15:00+05:30,73661.85,lorentzian_new_short,lorentzian_exit_short,574.19,98.6,3.64,18.2,453.75,0.17
NSE:HDFCBANK,SHORT,90,2026-09-24T09:15:00+05:30,727.55,2026-09-24T13:15:00+05:30,728.45,lorentzian_new_short,lorentzian_exit_short,-81.0,70.28,13.1,39.31,-203.7,0.17
NSE:BANKNIFTY,SHORT,1.5626478608237306,2026-09-24T09:15:00+05:30,55594.6,2026-09-24T13:15:00+05:30,55452.0,lorentzian_new_short,lorentzian_exit_short,222.83,96.12,3.47,17.35,105.89,0.17
NSE:LT,SHORT,15,2026-09-24T09:15:00+05:30,3883.0,2026-09-24T13:15:00+05:30,3856.9,lorentzian_new_short,lorentzian_exit_short,391.5,67.7,11.61,34.83,277.36,0.17
NSE:TATASTEEL,SHORT,385,2026-09-28T09:15:00+05:30,187.4,2026-09-28T13:15:00+05:30,186.22,lorentzian_new_short,lorentzian_exit_short,454.3,72.6,14.38,43.15,324.16,0.17
NSE:HINDUNILVR,SHORT,25,2026-09-28T10:15:00+05:30,1901.3,2026-09-28T14:15:00+05:30,1900.8,lorentzian_new_short,lorentzian_exit_short,12.5,63.95,9.51,28.52,-89.47,0.17
NSE:ITC,SHORT,240,2026-09-28T14:15:00+05:30,266.15,2026-09-29T11:15:00+05:30,266.6,lorentzian_new_short,lorentzian_exit_short,-108.0,205.22,12.79,38.36,-364.36,0.88
NSE:NIFTY,LONG,4.026495109988208,2026-09-18T09:15:00+05:30,23327.6,2026-09-29T15:15:00+05:30,22716.2,lorentzian_new_long,backtest_end,-2461.8,98.82,3.71,18.54,-2582.86,11.25
NSE:ICICIBANK,SHORT,40,2026-09-04T09:15:00+05:30,1425.9,2026-09-29T15:15:00+05:30,1292.2,lorentzian_new_short,backtest_end,5348.0,183.55,10.87,32.62,5120.96,25.25
NSE:INFY,SHORT,65,2026-09-17T09:15:00+05:30,1054.1,2026-09-29T15:15:00+05:30,1015.4,lorentzian_new_short,lorentzian_new_long,2515.5,212.42,13.45,40.36,2249.27,12.25
NSE:INFY,LONG,70,2026-09-29T15:15:00+05:30,1015.4,2026-09-29T15:15:00+05:30,1015.4,lorentzian_new_long,backtest_end,0.0,72.25,14.22,42.65,-129.11,0.0
NSE:BHARTIARTL,SHORT,45,2026-09-24T12:15:00+05:30,1806.2,2026-09-29T15:15:00+05:30,1771.2,lorentzian_new_short,backtest_end,1575.0,241.9,16.1,48.29,1268.71,5.12
