instrument,side,qty,entry_time,entry_price,exit_time,exit_price,entry_reason,exit_reason,gross_pnl,commission,spread,slippage,net_pnl,holding_days
NSE:TATACONSUM,SHORT,110,2023-10-03T09:15:00+05:30,871.45,2023-10-05T09:15:00+05:30,862.5,lorentzian_new_short,lorentzian_exit_short,984.5,275.01,19.07,57.22,633.2,2.0
NSE:HINDUNILVR,LONG,35,2023-10-05T09:15:00+05:30,2520.5,2023-10-09T09:15:00+05:30,2500.15,lorentzian_new_long,lorentzian_exit_long,-712.25,258.45,17.57,52.72,-1040.99,4.0
NSE:INFY,LONG,65,2023-10-06T09:15:00+05:30,1480.35,2023-10-10T09:15:00+05:30,1489.25,lorentzian_new_long,lorentzian_exit_long,578.5,277.58,19.3,57.91,223.71,4.0
NSE:SENSEX,LONG,1.511241784050734,2023-10-06T09:15:00+05:30,65972.83,2023-10-10T09:15:00+05:30,66070.46,lorentzian_new_long,lorentzian_exit_long,147.54,65.98,3.99,19.95,57.61,4.0
NSE:SBIN,SHORT,170,2023-10-09T09:15:00+05:30,582.95,2023-10-11T09:15:00+05:30,593.55,lorentzian_new_short,lorentzian_exit_short,-1802.0,285.52,20.0,60.0,-2167.52,2.0
NSE:TCS,LONG,25,2023-10-09T09:15:00+05:30,3654.95,2023-10-11T09:15:00+05:30,3625.0,lorentzian_new_long,lorentzian_exit_long,-748.75,265.43,18.2,54.6,-1086.98,2.0
NSE:ADANIGREEN,SHORT,105,2023-10-09T09:15:00+05:30,942.45,2023-10-11T09:15:00+05:30,965.8,lorentzian_new_short,lorentzian_exit_short,-2451.75,285.97,20.04,60.11,-2817.86,2.0
NSE:ICICIBANK,LONG,100,2023-10-10T09:15:00+05:30,954.7,2023-10-12T09:15:00+05:30,952.5,lorentzian_new_long,lorentzian_exit_long,-220.0,275.08,19.07,57.22,-571.37,2.0
NSE:TATACONSUM,LONG,110,2023-10-10T09:15:00+05:30,886.7,2023-10-12T09:15:00+05:30,893.85,lorentzian_new_long,lorentzian_exit_long,786.5,280.72,19.59,58.76,427.44,2.0
NSE:BANKNIFTY,LONG,2.2384248390644452,2023-10-11T09:15:00+05:30,44540.65,2023-10-13T09:15:00+05:30,44340.5,lorentzian_new_long,lorentzian_exit_long,-448.02,65.9,3.98,19.9,-537.79,2.0
NSE:WIPRO,LONG,945,2023-10-11T09:15:00+05:30,105.42,2023-10-13T09:15:00+05:30,102.62,lorentzian_new_long,lorentzian_exit_long,-2636.55,281.79,19.66,58.98,-2996.98,2.0
NSE:RELIANCE,LONG,170,2023-10-11T13:15:00+05:30,586.26,2023-10-13T13:15:00+05:30,587.33,lorentzian_new_long,lorentzian_exit_long,180.2,284.82,19.95,59.85,-184.42,2.0
NSE:ITC,LONG,220,2023-10-12T09:15:00+05:30,452.1,2023-10-16T09:15:00+05:30,449.5,lorentzian_new_long,lorentzian_exit_long,-572.0,283.59,19.84,59.51,-934.93,4.0
NSE:INFY,SHORT,70,2023-10-13T09:15:00+05:30,1425.55,2023-10-17T09:15:00+05:30,1451.0,lorentzian_new_short,lorentzian_exit_short,-1781.5,287.02,20.14,60.41,-2149.06,4.0
NSE:TCS,SHORT,25,2023-10-13T09:15:00+05:30,3568.5,2023-10-17T09:15:00+05:30,3520.2,lorentzian_new_short,lorentzian_exit_short,1207.5,259.97,17.72,53.17,876.64,4.0
NSE:HCLTECH,LONG,75,2023-10-16T09:15:00+05:30,1270.5,2023-10-18T09:15:00+05:30,1274.65,lorentzian_new_long,lorentzian_exit_long,311.25,275.22,19.09,57.27,-40.33,2.0
NSE:TATASTEEL,LONG,780,2023-10-17T09:15:00+05:30,127.6,2023-10-19T09:15:00+05:30,125.6,lorentzian_new_long,lorentzian_new_short,-1560.0,282.71,19.75,59.25,-1921.71,2.0
NSE:RELIANCE,SHORT,170,2023-10-19T09:15:00+05:30,578.0,2023-10-23T09:15:00+05:30,574.16,lorentzian_new_short,lorentzian_exit_short,651.95,280.73,19.59,58.76,292.87,4.0
NSE:SENSEX,SHORT,1.517356613969313,2023-10-19T09:15:00+05:30,65744.82,2023-10-23T09:15:00+05:30,65112.37,lorentzian_new_short,lorentzian_exit_short,959.65,65.93,3.97,19.86,869.89,4.0
NSE:BANKNIFTY,SHORT,2.261494253914947,2023-10-19T09:15:00+05:30,43849.2,2023-10-23T09:15:00+05:30,43616.15,lorentzian_new_short,lorentzian_exit_short,527.04,65.84,3.96,19.78,437.47,4.0
NSE:ICICIBANK,SHORT,105,2023-10-19T09:15:00+05:30,939.05,2023-10-23T09:15:00+05:30,940.35,lorentzian_new_short,lorentzian_exit_short,-136.5,282.43,19.73,59.2,-497.86,4.0
NSE:TATASTEEL,SHORT,775,2023-10-19T09:15:00+05:30,125.6,2023-10-23T09:15:00+05:30,121.05,lorentzian_new_short,lorentzian_exit_short,3526.25,275.28,19.12,57.35,3174.51,4.0
NSE:WIPRO,SHORT,975,2023-10-19T09:15:00+05:30,98.72,2023-10-23T09:15:00+05:30,96.65,lorentzian_new_short,lorentzian_exit_short,2013.37,274.65,19.05,57.14,1662.54,4.0
NSE:NIFTY,SHORT,5.075464261217377,2023-10-19T09:15:00+05:30,19643.7,2023-10-23T09:15:00+05:30,19432.8,lorentzian_new_short,lorentzian_exit_short,1070.42,65.92,3.97,19.83,980.7,4.0
NSE:LT,SHORT,30,2023-10-19T09:15:00+05:30,3055.5,2023-10-23T09:15:00+05:30,2972.7,lorentzian_new_short,lorentzian_exit_short,2484.0,263.9,18.08,54.25,2147.76,4.0
NSE:HINDUNILVR,SHORT,35,2023-10-20T09:15:00+05:30,2486.05,2023-10-25T09:15:00+05:30,2467.0,lorentzian_new_short,lorentzian_exit_short,666.75,255.72,17.34,52.01,341.69,5.0
NSE:ITC,SHORT,220,2023-10-20T09:15:00+05:30,439.35,2023-10-25T09:15:00+05:30,427.4,lorentzian_new_short,lorentzian_exit_short,2629.0,274.83,19.07,57.21,2277.9,5.0
NSE:BHARTIARTL,SHORT,105,2023-10-20T09:15:00+05:30,942.05,2023-10-25T09:15:00+05:30,919.4,lorentzian_new_short,lorentzian_exit_short,2378.25,280.14,19.55,58.64,2019.93,5.0
NSE:HCLTECH,SHORT,80,2023-10-23T13:15:00+05:30,1234.95,2023-10-26T13:15:00+05:30,1230.15,lorentzian_new_short,lorentzian_exit_short,384.0,282.24,19.72,59.16,22.87,3.0
NSE:HCLTECH,LONG,75,2023-10-30T09:15:00+05:30,1263.0,2023-11-01T09:15:00+05:30,1266.15,lorentzian_new_long,lorentzian_exit_long,236.25,273.9,18.97,56.91,-113.52,2.0
NSE:RELIANCE,LONG,170,2023-10-30T09:15:00+05:30,580.4,2023-11-01T09:15:00+05:30,575.85,lorentzian_new_long,lorentzian_exit_long,-773.5,281.61,19.66,58.97,-1133.74,2.0
NSE:ADANIGREEN,LONG,105,2023-10-30T13:15:00+05:30,913.8,2023-11-01T13:15:00+05:30,883.0,lorentzian_new_long,lorentzian_exit_long,-3234.0,273.02,18.87,56.6,-3582.49,2.0
NSE:TATACONSUM,LONG,110,2023-11-01T09:15:00+05:30,911.25,2023-11-03T09:15:00+05:30,917.0,lorentzian_new_long,lorentzian_exit_long,632.5,286.56,20.11,60.33,265.5,2.0
NSE:INFY,LONG,70,2023-11-03T09:15:00+05:30,1389.55,2023-11-07T09:15:00+05:30,1402.9,lorentzian_new_long,lorentzian_exit_long,934.5,280.27,19.55,58.64,576.04,4.0
NSE:SENSEX,LONG,1.5613321991868578,2023-11-03T09:15:00+05:30,64448.57,2023-11-07T09:15:00+05:30,64761.03,lorentzian_new_long,lorentzian_exit_long,487.85,66.21,4.03,20.17,397.44,4.0
NSE:HINDUNILVR,LONG,35,2023-11-03T09:15:00+05:30,2507.05,2023-11-07T09:15:00+05:30,2497.0,lorentzian_new_long,lorentzian_exit_long,-351.75,257.78,17.51,52.54,-679.59,4.0
NSE:BANKNIFTY,LONG,2.2980061194371157,2023-11-03T09:15:00+05:30,43342.3,2023-11-07T09:15:00+05:30,43386.55,lorentzian_new_long,lorentzian_exit_long,101.69,65.96,3.99,19.93,11.81,4.0
NSE:ICICIBANK,LONG,105,2023-11-03T09:15:00+05:30,930.6,2023-11-07T09:15:00+05:30,934.35,lorentzian_new_long,lorentzian_exit_long,393.75,280.7,19.58,58.75,34.72,4.0
NSE:NIFTY,LONG,5.229000964613127,2023-11-03T09:15:00+05:30,19253.9,2023-11-07T09:15:00+05:30,19366.8,lorentzian_new_long,lorentzian_exit_long,590.35,66.23,4.04,20.19,499.89,4.0
NSE:LT,LONG,30,2023-11-06T09:15:00+05:30,2969.5,2023-11-08T09:15:00+05:30,2975.75,lorentzian_new_long,lorentzian_exit_long,187.5,261.31,17.84,53.51,-145.15,2.0
NSE:INFY,SHORT,70,2023-11-10T09:15:00+05:30,1365.05,2023-11-15T09:15:00+05:30,1401.0,lorentzian_new_short,lorentzian_new_long,-2516.5,278.48,19.36,58.09,-2872.43,5.0
NSE:HDFCBANK,LONG,260,2023-11-15T09:15:00+05:30,376.25,2023-11-17T09:15:00+05:30,376.45,lorentzian_new_long,lorentzian_exit_long,52.0,280.6,19.57,58.71,-306.88,2.0
NSE:INFY,LONG,65,2023-11-15T09:15:00+05:30,1401.0,2023-11-17T09:15:00+05:30,1441.7,lorentzian_new_long,lorentzian_exit_long,2645.5,268.26,18.48,55.43,2303.33,2.0
NSE:ITC,LONG,230,2023-11-15T09:15:00+05:30,438.95,2023-11-17T09:15:00+05:30,439.45,lorentzian_new_long,lorentzian_exit_long,115.0,287.62,20.2,60.61,-253.44,2.0
NSE:TATASTEEL,LONG,815,2023-11-15T09:15:00+05:30,123.55,2023-11-17T09:15:00+05:30,125.3,lorentzian_new_long,lorentzian_exit_long,1426.25,288.39,20.28,60.84,1056.73,2.0
NSE:WIPRO,LONG,1005,2023-11-15T09:15:00+05:30,97.53,2023-11-17T09:15:00+05:30,99.22,lorentzian_new_long,lorentzian_exit_long,1708.5,282.73,19.77,59.32,1346.68,2.0
NSE:TCS,LONG,25,2023-11-15T09:15:00+05:30,3392.75,2023-11-17T09:15:00+05:30,3518.25,lorentzian_new_long,lorentzian_exit_long,3137.5,254.89,17.28,51.83,2813.5,2.0
NSE:BHARTIARTL,LONG,105,2023-11-15T09:15:00+05:30,944.2,2023-11-17T09:15:00+05:30,950.8,lorentzian_new_long,lorentzian_exit_long,693.0,284.18,19.9,59.69,329.23,2.0
NSE:ICICIBANK,SHORT,105,2023-11-17T09:15:00+05:30,926.1,2023-11-21T09:15:00+05:30,924.4,lorentzian_new_short,lorentzian_exit_short,178.5,279.03,19.43,58.29,-178.25,4.0
NSE:SBIN,SHORT,170,2023-11-17T09:15:00+05:30,564.55,2023-11-21T09:15:00+05:30,562.5,lorentzian_new_short,lorentzian_exit_short,348.5,276.01,19.16,57.48,-4.15,4.0
NSE:BANKNIFTY,SHORT,2.2994423421159684,2023-11-22T09:15:00+05:30,43320.35,2023-11-24T09:15:00+05:30,43599.75,lorentzian_new_short,lorentzian_exit_short,-642.46,65.97,4.0,19.99,-732.42,2.0
NSE:HCLTECH,SHORT,75,2023-11-28T09:15:00+05:30,1299.95,2023-11-30T09:15:00+05:30,1335.7,lorentzian_new_short,lorentzian_exit_short,-2681.25,282.99,19.77,59.3,-3043.31,2.0
NSE:TCS,SHORT,25,2023-11-28T09:15:00+05:30,3443.25,2023-11-30T09:15:00+05:30,3496.3,lorentzian_new_short,lorentzian_exit_short,-1326.25,256.01,17.35,52.05,-1651.66,2.0
NSE:BANKNIFTY,LONG,2.22906452378108,2023-11-29T09:15:00+05:30,44360.5,2023-12-01T09:15:00+05:30,44863.4,lorentzian_new_long,lorentzian_exit_long,1121.0,65.97,3.98,19.89,1031.16,2.0
NSE:ICICIBANK,LONG,100,2023-12-01T09:15:00+05:30,944.8,2023-12-05T09:15:00+05:30,1014.6,lorentzian_new_long,lorentzian_exit_long,6980.0,280.34,19.59,58.78,6621.28,4.0
NSE:SBIN,LONG,170,2023-12-01T09:15:00+05:30,572.35,2023-12-05T09:15:00+05:30,606.85,lorentzian_new_long,lorentzian_exit_long,5865.0,285.45,20.05,60.14,5499.36,4.0
NSE:TCS,LONG,25,2023-12-06T09:15:00+05:30,3569.25,2023-12-08T09:15:00+05:30,3626.1,lorentzian_new_long,lorentzian_exit_long,1421.25,262.91,17.99,53.97,1086.38,2.0
NSE:HINDUNILVR,SHORT,35,2023-12-07T09:15:00+05:30,2519.15,2023-12-11T09:15:00+05:30,2503.9,lorentzian_new_short,lorentzian_exit_short,533.75,258.45,17.58,52.74,204.98,4.0
NSE:HCLTECH,LONG,70,2023-12-08T09:15:00+05:30,1360.05,2023-12-12T09:15:00+05:30,1377.4,lorentzian_new_long,lorentzian_exit_long,1214.5,275.97,19.16,57.49,861.88,4.0
NSE:RELIANCE,SHORT,160,2023-12-13T09:15:00+05:30,602.94,2023-12-15T09:15:00+05:30,620.38,lorentzian_new_short,lorentzian_new_long,-2789.6,280.84,19.57,58.72,-3148.73,2.0
NSE:RELIANCE,LONG,150,2023-12-15T09:15:00+05:30,620.38,2023-12-19T09:15:00+05:30,641.9,lorentzian_new_long,lorentzian_exit_long,3228.75,273.29,18.93,56.8,2879.72,4.0
NSE:BHARTIARTL,SHORT,100,2023-12-18T09:15:00+05:30,984.9,2023-12-20T09:15:00+05:30,984.4,lorentzian_new_short,lorentzian_exit_short,50.0,281.96,19.69,59.08,-310.73,2.0
NSE:HINDUNILVR,LONG,35,2023-12-19T09:15:00+05:30,2563.05,2023-12-21T09:15:00+05:30,2567.7,lorentzian_new_long,lorentzian_exit_long,162.75,262.67,17.96,53.87,-171.75,2.0
NSE:TATASTEEL,SHORT,790,2023-12-20T13:15:00+05:30,128.9,2023-12-22T13:15:00+05:30,133.4,lorentzian_new_short,lorentzian_exit_short,-3555.0,293.66,20.72,62.17,-3931.55,2.0
NSE:ICICIBANK,SHORT,105,2023-12-21T09:15:00+05:30,999.7,2023-12-26T09:15:00+05:30,994.05,lorentzian_new_short,lorentzian_exit_short,593.25,295.71,20.93,62.8,213.8,5.0
NSE:LT,SHORT,25,2023-12-21T09:15:00+05:30,3415.3,2023-12-26T09:15:00+05:30,3488.75,lorentzian_new_short,lorentzian_exit_short,-1836.25,255.07,17.26,51.78,-2160.36,5.0
NSE:TATASTEEL,LONG,720,2023-12-26T09:15:00+05:30,135.6,2023-12-28T09:15:00+05:30,137.95,lorentzian_new_long,lorentzian_exit_long,1692.0,281.87,19.7,59.09,1331.35,2.0
NSE:ADANIGREEN,LONG,55,2023-12-26T13:15:00+05:30,1617.05,2023-12-28T13:15:00+05:30,1564.85,lorentzian_new_long,lorentzian_exit_long,-2871.0,257.81,17.5,52.5,-3198.82,2.0
NSE:LT,LONG,25,2023-12-27T09:15:00+05:30,3520.0,2023-12-29T09:15:00+05:30,3522.5,lorentzian_new_long,lorentzian_exit_long,62.5,258.77,17.61,52.82,-266.7,2.0
NSE:BHARTIARTL,LONG,95,2023-12-27T09:15:00+05:30,1018.45,2023-12-29T09:15:00+05:30,1034.1,lorentzian_new_long,lorentzian_exit_long,1486.75,279.7,19.5,58.5,1129.05,2.0
NSE:ITC,LONG,215,2023-12-28T13:15:00+05:30,463.95,2024-01-01T13:15:00+05:30,465.8,lorentzian_new_long,lorentzian_exit_long,397.75,285.23,19.99,59.97,32.56,4.0
NSE:INFY,SHORT,65,2024-01-03T09:15:00+05:30,1501.0,2024-01-05T09:15:00+05:30,1530.1,lorentzian_new_short,lorentzian_exit_short,-1891.5,282.21,19.7,59.11,-2252.52,2.0
NSE:WIPRO,SHORT,870,2024-01-03T09:15:00+05:30,114.56,2024-01-05T09:15:00+05:30,114.67,lorentzian_new_short,lorentzian_exit_short,-95.7,284.76,19.94,59.83,-460.23,2.0
NSE:TCS,SHORT,25,2024-01-03T09:15:00+05:30,3707.75,2024-01-05T09:15:00+05:30,3722.55,lorentzian_new_short,lorentzian_exit_short,-370.0,269.58,18.58,55.73,-713.88,2.0
NSE:TATASTEEL,SHORT,735,2024-01-03T13:15:00+05:30,135.0,2024-01-05T13:15:00+05:30,133.75,lorentzian_new_short,lorentzian_exit_short,918.75,282.56,19.75,59.26,557.17,2.0
NSE:HCLTECH,SHORT,65,2024-01-04T09:15:00+05:30,1421.8,2024-01-08T09:15:00+05:30,1445.0,lorentzian_new_short,lorentzian_exit_short,-1508.0,270.31,18.63,55.9,-1852.85,4.0
NSE:SBIN,SHORT,160,2024-01-08T13:15:00+05:30,627.9,2024-01-10T13:15:00+05:30,622.1,lorentzian_new_short,lorentzian_exit_short,928.0,285.31,20.0,60.0,562.69,2.0
NSE:HCLTECH,LONG,60,2024-01-09T09:15:00+05:30,1470.0,2024-01-11T09:15:00+05:30,1483.05,lorentzian_new_long,lorentzian_exit_long,783.0,259.96,17.72,53.15,452.17,2.0
NSE:INFY,LONG,60,2024-01-09T09:15:00+05:30,1544.0,2024-01-11T09:15:00+05:30,1495.0,lorentzian_new_long,lorentzian_exit_long,-2940.0,265.97,18.23,54.7,-3278.91,2.0
NSE:HDFCBANK,SHORT,240,2024-01-09T13:15:00+05:30,412.74,2024-01-11T13:15:00+05:30,412.32,lorentzian_new_short,lorentzian_exit_short,99.6,283.16,19.8,59.4,-262.77,2.0
NSE:BANKNIFTY,SHORT,2.1153605849832773,2024-01-09T13:15:00+05:30,47230.95,2024-01-11T13:15:00+05:30,47445.95,lorentzian_new_short,lorentzian_exit_short,-454.8,66.02,4.01,20.03,-544.86,2.0
NSE:ITC,SHORT,215,2024-01-10T09:15:00+05:30,461.05,2024-01-12T09:15:00+05:30,463.15,lorentzian_new_short,lorentzian_exit_short,-451.5,283.97,19.87,59.61,-814.95,2.0
NSE:TCS,LONG,25,2024-01-12T09:15:00+05:30,3896.9,2024-01-16T09:15:00+05:30,3860.8,lorentzian_new_long,lorentzian_exit_long,-902.5,278.71,19.39,58.18,-1258.79,4.0
NSE:BANKNIFTY,LONG,2.063768682267419,2024-01-15T09:15:00+05:30,48148.45,2024-01-17T09:15:00+05:30,46264.25,lorentzian_new_long,lorentzian_new_short,-3888.55,65.33,3.9,19.48,-3977.26,2.0
NSE:ICICIBANK,LONG,100,2024-01-15T09:15:00+05:30,1010.7,2024-01-17T09:15:00+05:30,981.5,lorentzian_new_long,lorentzian_exit_long,-2920.0,284.73,19.92,59.77,-3284.42,2.0
NSE:SBIN,LONG,160,2024-01-15T09:15:00+05:30,640.85,2024-01-17T09:15:00+05:30,626.7,lorentzian_new_long,lorentzian_exit_long,-2264.0,288.67,20.28,60.84,-2633.79,2.0
NSE:WIPRO,LONG,795,2024-01-15T09:15:00+05:30,124.6,2024-01-17T09:15:00+05:30,120.99,lorentzian_new_long,lorentzian_exit_long,-2869.95,280.31,19.52,58.57,-3228.35,2.0
NSE:BANKNIFTY,SHORT,2.062108326795139,2024-01-17T09:15:00+05:30,46264.25,2024-01-19T09:15:00+05:30,45912.15,lorentzian_new_short,lorentzian_exit_short,726.07,65.12,3.8,19.01,638.14,2.0
NSE:ADANIGREEN,SHORT,55,2024-01-17T09:15:00+05:30,1627.05,2024-01-19T09:15:00+05:30,1588.95,lorentzian_new_short,lorentzian_exit_short,2095.5,259.53,17.69,53.06,1765.22,2.0
NSE:HDFCBANK,SHORT,255,2024-01-17T13:15:00+05:30,385.62,2024-01-19T13:15:00+05:30,368.73,lorentzian_new_short,lorentzian_exit_short,4309.5,276.56,19.24,57.71,3955.99,2.0
NSE:SENSEX,SHORT,1.41980374270978,2024-01-18T09:15:00+05:30,71152.0,2024-01-20T09:15:00+05:30,71753.7,lorentzian_new_short,lorentzian_exit_short,-854.3,66.25,4.06,20.29,-944.89,2.0
NSE:ICICIBANK,SHORT,100,2024-01-18T09:15:00+05:30,982.05,2024-01-20T09:15:00+05:30,1010.0,lorentzian_new_short,lorentzian_exit_short,-2795.0,284.7,19.92,59.76,-3159.38,2.0
NSE:NIFTY,SHORT,4.716329282136715,2024-01-18T09:15:00+05:30,21452.5,2024-01-20T09:15:00+05:30,21653.25,lorentzian_new_short,lorentzian_exit_short,-946.8,66.28,4.07,20.33,-1037.48,2.0
NSE:RELIANCE,SHORT,145,2024-01-23T09:15:00+05:30,664.38,2024-01-25T09:15:00+05:30,671.3,lorentzian_new_short,lorentzian_exit_short,-1004.12,278.42,19.37,58.1,-1360.01,2.0
NSE:ICICIBANK,LONG,95,2024-01-23T09:15:00+05:30,1034.9,2024-01-25T09:15:00+05:30,1002.0,lorentzian_new_long,lorentzian_exit_long,-3125.5,278.39,19.35,58.05,-3481.29,2.0
NSE:SBIN,SHORT,165,2024-01-23T09:15:00+05:30,610.05,2024-01-25T09:15:00+05:30,609.15,lorentzian_new_short,lorentzian_exit_short,148.5,286.66,20.12,60.35,-218.63,2.0
NSE:TCS,SHORT,25,2024-01-24T09:15:00+05:30,3824.2,2024-01-29T09:15:00+05:30,3796.3,lorentzian_new_short,lorentzian_exit_short,697.5,274.78,19.05,57.15,346.51,5.0
NSE:RELIANCE,LONG,135,2024-01-29T09:15:00+05:30,715.0,2024-01-31T09:15:00+05:30,710.74,lorentzian_new_long,lorentzian_exit_long,-575.1,277.06,19.25,57.74,-929.15,2.0
NSE:TATASTEEL,LONG,730,2024-01-30T09:15:00+05:30,136.2,2024-02-01T09:15:00+05:30,135.75,lorentzian_new_long,lorentzian_exit_long,-328.5,283.76,19.85,59.56,-691.67,2.0
NSE:TATACONSUM,SHORT,85,2024-01-30T13:15:00+05:30,1125.55,2024-02-01T13:15:00+05:30,1132.0,lorentzian_new_short,lorentzian_exit_short,-548.25,276.41,19.19,57.57,-901.41,2.0
NSE:LT,SHORT,25,2024-01-31T09:15:00+05:30,3501.05,2024-02-02T09:15:00+05:30,3388.1,lorentzian_new_short,lorentzian_exit_short,2823.75,254.3,17.22,51.67,2500.56,2.0
NSE:SBIN,LONG,155,2024-01-31T13:15:00+05:30,641.55,2024-02-02T13:15:00+05:30,648.0,lorentzian_new_long,lorentzian_exit_long,999.75,285.17,19.99,59.96,634.63,2.0
NSE:BANKNIFTY,LONG,2.0798096473582453,2024-02-01T09:15:00+05:30,46176.4,2024-02-05T09:15:00+05:30,45986.2,lorentzian_new_long,lorentzian_exit_long,-395.58,65.22,3.83,19.17,-483.8,4.0
NSE:SENSEX,LONG,1.3884471459932015,2024-02-02T09:15:00+05:30,72080.39,2024-02-06T09:15:00+05:30,72146.62,lorentzian_new_long,lorentzian_exit_long,91.96,66.05,4.01,20.03,1.88,4.0
NSE:NIFTY,LONG,4.583965163478694,2024-02-02T09:15:00+05:30,21846.3,2024-02-06T09:15:00+05:30,21905.45,lorentzian_new_long,lorentzian_exit_long,271.14,66.09,4.01,20.06,180.99,4.0
NSE:TCS,LONG,25,2024-02-02T09:15:00+05:30,3945.0,2024-02-06T09:15:00+05:30,4116.85,lorentzian_new_long,lorentzian_exit_long,4296.25,286.77,20.15,60.46,3928.86,4.0
NSE:TATACONSUM,LONG,85,2024-02-02T13:15:00+05:30,1161.0,2024-02-06T13:15:00+05:30,1161.0,lorentzian_new_long,lorentzian_exit_long,0.0,282.45,19.74,59.21,-361.4,4.0
NSE:BHARTIARTL,SHORT,90,2024-02-05T09:15:00+05:30,1119.15,2024-02-07T09:15:00+05:30,1135.35,lorentzian_new_short,lorentzian_exit_short,-1458.0,288.71,20.29,60.87,-1827.87,2.0
NSE:BANKNIFTY,SHORT,2.1184972667837605,2024-02-08T13:15:00+05:30,45105.45,2024-02-12T13:15:00+05:30,44887.75,lorentzian_new_short,lorentzian_exit_short,461.2,65.16,3.81,19.07,373.16,4.0
NSE:ICICIBANK,SHORT,95,2024-02-08T13:15:00+05:30,991.9,2024-02-12T13:15:00+05:30,994.1,lorentzian_new_short,lorentzian_exit_short,-209.0,272.8,18.87,56.6,-557.27,4.0
NSE:INFY,SHORT,55,2024-02-09T09:15:00+05:30,1661.35,2024-02-13T09:15:00+05:30,1676.4,lorentzian_new_short,lorentzian_exit_short,-827.75,267.19,18.36,55.07,-1168.37,4.0
NSE:TATASTEEL,SHORT,715,2024-02-12T09:15:00+05:30,138.1,2024-02-14T09:15:00+05:30,139.2,lorentzian_new_short,lorentzian_exit_short,-786.5,283.51,19.83,59.48,-1149.32,2.0
NSE:TATACONSUM,SHORT,85,2024-02-12T09:15:00+05:30,1128.55,2024-02-14T09:15:00+05:30,1127.8,lorentzian_new_short,lorentzian_exit_short,63.75,276.25,19.18,57.54,-289.21,2.0
NSE:ICICIBANK,LONG,90,2024-02-14T13:15:00+05:30,1020.5,2024-02-16T13:15:00+05:30,1022.95,lorentzian_new_long,lorentzian_exit_long,220.5,267.48,18.39,55.17,-120.54,2.0
NSE:HINDUNILVR,SHORT,40,2024-02-15T09:15:00+05:30,2357.8,2024-02-19T09:15:00+05:30,2392.35,lorentzian_new_short,lorentzian_exit_short,-1382.0,274.37,19.0,57.0,-1732.38,4.0
NSE:INFY,LONG,50,2024-02-16T09:15:00+05:30,1699.15,2024-02-20T09:15:00+05:30,1681.0,lorentzian_new_long,lorentzian_exit_long,-907.5,251.0,16.9,50.7,-1226.11,4.0
NSE:TATACONSUM,LONG,85,2024-02-19T09:15:00+05:30,1162.95,2024-02-21T09:15:00+05:30,1169.2,lorentzian_new_long,lorentzian_exit_long,531.25,283.37,19.82,59.47,168.59,2.0
NSE:HDFCBANK,LONG,285,2024-02-20T09:15:00+05:30,361.01,2024-02-22T09:15:00+05:30,354.19,lorentzian_new_long,lorentzian_exit_long,-1945.12,289.78,20.38,61.15,-2316.44,2.0
NSE:BANKNIFTY,LONG,2.0438743513860245,2024-02-20T09:15:00+05:30,46934.3,2024-02-22T09:15:00+05:30,46530.8,lorentzian_new_long,lorentzian_exit_long,-824.7,65.13,3.82,19.1,-912.76,2.0
NSE:TCS,SHORT,25,2024-02-20T13:15:00+05:30,4030.1,2024-02-22T13:15:00+05:30,4082.55,lorentzian_new_short,lorentzian_exit_short,-1311.25,288.6,20.28,60.84,-1680.98,2.0
NSE:INFY,SHORT,50,2024-02-21T09:15:00+05:30,1663.3,2024-02-23T09:15:00+05:30,1674.2,lorentzian_new_short,lorentzian_exit_short,-545.0,248.61,16.69,50.06,-860.36,2.0
NSE:HINDUNILVR,LONG,35,2024-02-21T09:15:00+05:30,2417.0,2024-02-23T09:15:00+05:30,2393.0,lorentzian_new_long,lorentzian_exit_long,-840.0,250.27,16.84,50.5,-1157.61,2.0
NSE:TATASTEEL,LONG,675,2024-02-21T09:15:00+05:30,145.2,2024-02-23T09:15:00+05:30,146.35,lorentzian_new_long,lorentzian_exit_long,776.25,281.76,19.68,59.04,415.77,2.0
NSE:LT,LONG,25,2024-02-26T09:15:00+05:30,3484.35,2024-02-28T09:15:00+05:30,3460.95,lorentzian_new_long,lorentzian_exit_long,-585.0,256.12,17.36,52.09,-910.57,2.0
NSE:BHARTIARTL,SHORT,90,2024-02-26T09:15:00+05:30,1107.5,2024-02-28T09:15:00+05:30,1128.0,lorentzian_new_short,lorentzian_exit_short,-1845.0,286.84,20.12,60.36,-2212.32,2.0
NSE:BANKNIFTY,SHORT,2.068313029085914,2024-02-28T09:15:00+05:30,45939.75,2024-03-01T09:15:00+05:30,46993.55,lorentzian_new_short,lorentzian_exit_short,-2179.59,65.17,3.84,19.22,-2267.83,2.0
NSE:WIPRO,SHORT,740,2024-02-28T09:15:00+05:30,129.55,2024-03-01T09:15:00+05:30,129.88,lorentzian_new_short,lorentzian_exit_short,-240.5,276.48,19.2,57.59,-593.76,2.0
NSE:TCS,LONG,20,2024-02-28T09:15:00+05:30,4111.45,2024-03-01T09:15:00+05:30,4103.85,lorentzian_new_long,lorentzian_exit_long,-152.0,245.72,16.43,49.29,-463.44,2.0
NSE:NIFTY,SHORT,4.566379357644963,2024-02-29T09:15:00+05:30,21969.95,2024-03-02T09:15:00+05:30,22378.4,lorentzian_new_short,lorentzian_exit_short,-1865.14,66.16,4.05,20.25,-1955.6,2.0
NSE:HCLTECH,SHORT,55,2024-03-05T09:15:00+05:30,1628.45,2024-03-07T09:15:00+05:30,1633.5,lorentzian_new_short,lorentzian_exit_short,-277.75,262.51,17.94,53.82,-612.03,2.0
NSE:BANKNIFTY,LONG,1.9455320124948405,2024-03-05T09:15:00+05:30,47676.8,2024-03-07T09:15:00+05:30,47854.6,lorentzian_new_long,lorentzian_exit_long,345.92,64.71,3.72,18.59,258.91,2.0
NSE:TCS,SHORT,25,2024-03-05T09:15:00+05:30,4028.1,2024-03-07T09:15:00+05:30,4109.75,lorentzian_new_short,lorentzian_exit_short,-2041.25,289.36,20.34,61.03,-2411.99,2.0
NSE:BHARTIARTL,LONG,85,2024-03-05T09:15:00+05:30,1161.7,2024-03-07T09:15:00+05:30,1198.0,lorentzian_new_long,lorentzian_exit_long,3085.5,285.78,20.06,60.17,2719.49,2.0
NSE:ITC,LONG,240,2024-03-11T09:15:00+05:30,415.65,2024-03-12T09:15:00+05:30,400.95,lorentzian_new_long,lorentzian_new_short,-3528.0,281.18,19.6,58.8,-3887.57,1.0
NSE:TCS,LONG,20,2024-03-11T09:15:00+05:30,4130.25,2024-03-13T09:15:00+05:30,4157.5,lorentzian_new_long,lorentzian_exit_long,545.0,247.28,16.58,49.73,231.42,2.0
NSE:HINDUNILVR,SHORT,40,2024-03-12T09:15:00+05:30,2376.15,2024-03-14T09:15:00+05:30,2335.4,lorentzian_new_short,lorentzian_exit_short,1630.0,272.43,18.85,56.54,1282.18,2.0
NSE:ITC,SHORT,235,2024-03-12T09:15:00+05:30,400.95,2024-03-14T09:15:00+05:30,423.7,lorentzian_new_short,lorentzian_exit_short,-5346.25,278.88,19.38,58.14,-5702.65,2.0
NSE:SBIN,SHORT,130,2024-03-12T09:15:00+05:30,761.05,2024-03-14T09:15:00+05:30,745.8,lorentzian_new_short,lorentzian_exit_short,1982.5,280.66,19.59,58.77,1623.48,2.0
NSE:RELIANCE,SHORT,130,2024-03-13T09:15:00+05:30,727.48,2024-03-15T09:15:00+05:30,711.42,lorentzian_new_short,lorentzian_exit_short,2086.5,270.84,18.71,56.12,1740.84,2.0
NSE:TATASTEEL,SHORT,670,2024-03-13T09:15:00+05:30,146.2,2024-03-15T09:15:00+05:30,142.5,lorentzian_new_short,lorentzian_exit_short,2479.0,277.89,19.34,58.03,2123.74,2.0
NSE:ADANIGREEN,SHORT,50,2024-03-13T09:15:00+05:30,1778.05,2024-03-15T09:15:00+05:30,1906.8,lorentzian_new_short,lorentzian_exit_short,-6437.5,268.35,18.42,55.27,-6779.54,2.0
NSE:LT,SHORT,25,2024-03-13T09:15:00+05:30,3539.25,2024-03-15T09:15:00+05:30,3552.45,lorentzian_new_short,lorentzian_exit_short,-330.0,260.17,17.73,53.19,-661.08,2.0
NSE:TATACONSUM,SHORT,80,2024-03-13T09:15:00+05:30,1186.35,2024-03-15T09:15:00+05:30,1192.45,lorentzian_new_short,lorentzian_exit_short,-488.0,274.64,19.03,57.09,-838.76,2.0
NSE:SENSEX,SHORT,1.3759327124312488,2024-03-13T13:15:00+05:30,72737.34,2024-03-15T13:15:00+05:30,72570.43,lorentzian_new_short,lorentzian_exit_short,229.66,66.02,4.0,19.99,139.64,2.0
NSE:BANKNIFTY,SHORT,1.977161532881714,2024-03-14T09:15:00+05:30,47044.65,2024-03-18T09:15:00+05:30,46622.3,lorentzian_new_short,lorentzian_exit_short,835.05,64.67,3.7,18.52,748.16,4.0
NSE:TATASTEEL,LONG,670,2024-03-19T09:15:00+05:30,150.0,2024-03-21T09:15:00+05:30,149.8,lorentzian_new_long,lorentzian_exit_long,-134.0,286.35,20.09,60.26,-500.69,2.0
NSE:TCS,SHORT,20,2024-03-19T09:15:00+05:30,4014.55,2024-03-21T09:15:00+05:30,3958.2,lorentzian_new_short,lorentzian_exit_short,1127.0,240.24,15.95,47.84,822.98,2.0
NSE:ITC,LONG,210,2024-03-22T09:15:00+05:30,427.05,2024-03-27T09:15:00+05:30,427.4,lorentzian_new_long,lorentzian_exit_long,73.5,262.52,17.94,53.83,-260.79,5.0
NSE:HDFCBANK,SHORT,280,2024-03-26T09:15:00+05:30,357.79,2024-03-28T09:15:00+05:30,363.59,lorentzian_new_short,lorentzian_exit_short,-1624.0,287.7,20.2,60.6,-1992.5,2.0
NSE:LT,LONG,25,2024-03-26T09:15:00+05:30,3665.05,2024-03-28T09:15:00+05:30,3786.2,lorentzian_new_long,lorentzian_exit_long,3028.75,269.9,18.63,55.88,2684.33,2.0
NSE:SENSEX,LONG,1.356276254498842,2024-03-28T09:15:00+05:30,73894.17,2024-04-02T09:15:00+05:30,73803.56,lorentzian_new_long,lorentzian_exit_long,-122.89,66.04,4.01,20.03,-212.97,5.0
NSE:BANKNIFTY,LONG,1.980674974300137,2024-03-28T09:15:00+05:30,47337.8,2024-04-02T09:15:00+05:30,47573.35,lorentzian_new_long,lorentzian_exit_long,466.55,64.91,3.76,18.8,379.08,5.0
NSE:NIFTY,LONG,4.389973479301318,2024-03-28T09:15:00+05:30,22408.65,2024-04-02T09:15:00+05:30,22409.05,lorentzian_new_long,lorentzian_exit_long,1.76,65.71,3.93,19.67,-87.57,5.0
NSE:SBIN,LONG,130,2024-04-03T09:15:00+05:30,767.2,2024-04-05T09:15:00+05:30,759.2,lorentzian_new_long,lorentzian_exit_long,-1040.0,283.71,19.84,59.53,-1403.08,2.0
NSE:BHARTIARTL,LONG,80,2024-03-19T09:15:00+05:30,1230.45,2024-04-05T09:15:00+05:30,1195.5,lorentzian_new_long,lorentzian_new_short,-2796.0,279.0,19.41,58.22,-3152.63,17.0
NSE:ICICIBANK,SHORT,85,2024-04-05T09:15:00+05:30,1073.25,2024-04-09T09:15:00+05:30,1113.35,lorentzian_new_short,lorentzian_new_long,-3408.5,269.92,18.59,55.76,-3752.76,4.0
NSE:BHARTIARTL,SHORT,80,2024-04-05T09:15:00+05:30,1195.5,2024-04-09T09:15:00+05:30,1205.0,lorentzian_new_short,lorentzian_exit_short,-760.0,276.59,19.2,57.61,-1113.4,4.0
NSE:TCS,LONG,25,2024-04-08T09:15:00+05:30,4014.9,2024-04-10T09:15:00+05:30,3957.45,lorentzian_new_long,lorentzian_exit_long,-1436.25,284.71,19.93,59.79,-1800.69,2.0
NSE:ADANIGREEN,LONG,40,2024-04-08T09:15:00+05:30,1938.25,2024-04-10T09:15:00+05:30,1908.9,lorentzian_new_long,lorentzian_exit_long,-1174.0,234.22,15.39,46.17,-1469.77,2.0
NSE:ICICIBANK,LONG,80,2024-04-09T09:15:00+05:30,1113.35,2024-04-12T09:15:00+05:30,1098.2,lorentzian_new_long,lorentzian_exit_long,-1212.0,259.82,17.69,53.08,-1542.59,3.0
NSE:BANKNIFTY,LONG,1.9536796626876636,2024-04-05T09:15:00+05:30,48185.35,2024-04-15T09:15:00+05:30,47979.4,lorentzian_new_long,lorentzian_new_short,-402.36,64.86,3.76,18.79,-489.76,10.0
NSE:LT,SHORT,25,2024-04-12T13:15:00+05:30,3687.0,2024-04-16T13:15:00+05:30,3555.0,lorentzian_new_short,lorentzian_exit_short,3300.0,264.07,18.11,54.31,2963.51,4.0
NSE:HDFCBANK,SHORT,260,2024-04-15T09:15:00+05:30,375.25,2024-04-18T09:15:00+05:30,377.46,lorentzian_new_short,lorentzian_exit_short,-575.9,280.65,19.57,58.71,-934.83,3.0
NSE:SENSEX,SHORT,1.3583411336861495,2024-04-15T09:15:00+05:30,73625.52,2024-04-18T09:15:00+05:30,73355.02,lorentzian_new_short,lorentzian_exit_short,367.43,66.01,3.99,19.96,277.47,3.0
NSE:SBIN,SHORT,130,2024-04-15T09:15:00+05:30,761.3,2024-04-18T09:15:00+05:30,755.95,lorentzian_new_short,lorentzian_exit_short,695.5,282.26,19.72,59.17,334.34,3.0
NSE:TATASTEEL,SHORT,620,2024-04-15T09:15:00+05:30,161.4,2024-04-18T09:15:00+05:30,163.3,lorentzian_new_short,lorentzian_exit_short,-1178.0,286.92,20.13,60.39,-1545.45,3.0
NSE:NIFTY,SHORT,4.399890517286412,2024-04-15T09:15:00+05:30,22338.3,2024-04-18T09:15:00+05:30,22291.45,lorentzian_new_short,lorentzian_exit_short,206.13,65.69,3.93,19.64,116.88,3.0
NSE:ADANIGREEN,SHORT,45,2024-04-15T09:15:00+05:30,1828.8,2024-04-18T09:15:00+05:30,1817.95,lorentzian_new_short,lorentzian_exit_short,488.25,245.45,16.41,49.23,177.16,3.0
NSE:BANKNIFTY,SHORT,1.9518885415085119,2024-04-15T09:15:00+05:30,47979.4,2024-04-19T09:15:00+05:30,47295.85,lorentzian_new_short,lorentzian_exit_short,1334.21,64.77,3.72,18.6,1247.13,4.0
NSE:ICICIBANK,SHORT,80,2024-04-16T09:15:00+05:30,1065.6,2024-04-19T09:15:00+05:30,1062.3,lorentzian_new_short,lorentzian_exit_short,264.0,252.28,17.02,51.07,-56.37,3.0
NSE:TCS,SHORT,25,2024-04-16T09:15:00+05:30,3876.35,2024-04-19T09:15:00+05:30,3849.15,lorentzian_new_short,lorentzian_exit_short,680.0,277.7,19.31,57.94,325.05,3.0
NSE:ITC,SHORT,210,2024-04-18T13:15:00+05:30,419.75,2024-04-22T13:15:00+05:30,425.8,lorentzian_new_short,lorentzian_exit_short,-1270.5,260.54,17.76,53.27,-1602.07,4.0
NSE:HINDUNILVR,LONG,40,2024-04-22T09:15:00+05:30,2242.9,2024-04-24T09:15:00+05:30,2252.8,lorentzian_new_long,lorentzian_exit_long,396.0,262.93,17.98,53.95,61.14,2.0
NSE:SBIN,LONG,130,2024-04-22T13:15:00+05:30,768.15,2024-04-24T13:15:00+05:30,772.5,lorentzian_new_long,lorentzian_exit_long,565.5,285.65,20.03,60.09,199.74,2.0
NSE:RELIANCE,LONG,130,2024-03-27T09:15:00+05:30,746.5,2024-04-25T09:15:00+05:30,728.42,lorentzian_new_long,lorentzian_new_short,-2349.75,276.37,19.17,57.52,-2702.82,29.0
NSE:ICICIBANK,LONG,80,2024-04-23T09:15:00+05:30,1089.5,2024-04-25T09:15:00+05:30,1109.25,lorentzian_new_long,lorentzian_exit_long,1580.0,258.48,17.59,52.77,1251.16,2.0
NSE:LT,LONG,25,2024-04-24T09:15:00+05:30,3652.8,2024-04-26T09:15:00+05:30,3620.15,lorentzian_new_long,lorentzian_exit_long,-816.25,265.24,18.18,54.55,-1154.22,2.0
NSE:TATACONSUM,SHORT,85,2024-04-24T09:15:00+05:30,1119.95,2024-04-26T09:15:00+05:30,1101.65,lorentzian_new_short,lorentzian_exit_short,1555.5,272.85,18.88,56.65,1207.11,2.0
NSE:HCLTECH,LONG,60,2024-04-25T13:15:00+05:30,1502.0,2024-04-29T09:15:00+05:30,1385.75,lorentzian_new_long,lorentzian_new_short,-6975.0,256.19,17.33,51.98,-7300.5,3.83
NSE:RELIANCE,SHORT,130,2024-04-25T09:15:00+05:30,728.42,2024-04-29T09:15:00+05:30,732.0,lorentzian_new_short,lorentzian_exit_short,-464.75,274.14,18.99,56.96,-814.83,4.0
NSE:ITC,LONG,200,2024-04-25T09:15:00+05:30,435.9,2024-04-29T09:15:00+05:30,436.85,lorentzian_new_long,lorentzian_exit_long,190.0,257.08,17.45,52.36,-136.9,4.0
NSE:SENSEX,LONG,1.3491344432624537,2024-04-25T13:15:00+05:30,74333.0,2024-04-29T13:15:00+05:30,74639.05,lorentzian_new_long,lorentzian_exit_long,412.9,66.13,4.02,20.1,322.65,4.0
NSE:TATASTEEL,LONG,590,2024-04-25T13:15:00+05:30,167.0,2024-04-29T13:15:00+05:30,167.4,lorentzian_new_long,lorentzian_exit_long,236.0,282.35,19.73,59.19,-125.27,4.0
NSE:NIFTY,LONG,4.361962742759835,2024-04-25T13:15:00+05:30,22559.25,2024-04-29T13:15:00+05:30,22633.15,lorentzian_new_long,lorentzian_exit_long,322.35,65.77,3.94,19.71,232.93,4.0
NSE:HCLTECH,SHORT,60,2024-04-29T09:15:00+05:30,1385.75,2024-05-02T09:15:00+05:30,1362.4,lorentzian_new_short,lorentzian_exit_short,1401.0,246.25,16.49,49.47,1088.79,3.0
NSE:BANKNIFTY,LONG,1.9367334820575073,2024-04-29T09:15:00+05:30,48996.85,2024-05-02T09:15:00+05:30,49259.0,lorentzian_new_long,lorentzian_exit_long,507.71,65.13,3.81,19.03,419.75,3.0
NSE:SENSEX,SHORT,1.3720709569359189,2024-05-07T09:15:00+05:30,73324.85,2024-05-09T09:15:00+05:30,72718.68,lorentzian_new_short,lorentzian_exit_short,831.71,66.1,4.01,20.04,741.56,2.0
NSE:SBIN,SHORT,125,2024-05-07T09:15:00+05:30,797.9,2024-05-09T09:15:00+05:30,810.4,lorentzian_new_short,lorentzian_exit_short,-1562.5,286.65,20.1,60.31,-1929.56,2.0
NSE:NIFTY,SHORT,4.4350795920924195,2024-05-07T09:15:00+05:30,22239.7,2024-05-09T09:15:00+05:30,22057.95,lorentzian_new_short,lorentzian_exit_short,806.08,65.73,3.93,19.65,716.77,2.0
NSE:TCS,LONG,20,2024-05-07T13:15:00+05:30,3975.2,2024-05-09T13:15:00+05:30,3956.0,lorentzian_new_long,lorentzian_exit_long,-384.0,239.43,15.86,47.59,-686.88,2.0
NSE:HDFCBANK,SHORT,260,2024-05-08T09:15:00+05:30,371.7,2024-05-10T09:15:00+05:30,359.0,lorentzian_new_short,lorentzian_exit_short,3302.0,274.0,19.0,56.99,2952.01,2.0
NSE:BANKNIFTY,SHORT,1.9986963257706603,2024-05-09T09:15:00+05:30,47687.25,2024-05-13T09:15:00+05:30,47470.95,lorentzian_new_short,lorentzian_exit_short,432.32,65.12,3.8,19.02,344.38,4.0
NSE:WIPRO,SHORT,845,2024-05-10T09:15:00+05:30,112.83,2024-05-14T09:15:00+05:30,113.89,lorentzian_new_short,lorentzian_exit_short,-899.92,276.08,19.16,57.47,-1252.63,4.0
NSE:ADANIGREEN,LONG,45,2024-05-15T09:15:00+05:30,1826.55,2024-05-17T09:15:00+05:30,1830.0,lorentzian_new_long,lorentzian_exit_long,155.25,245.96,16.45,49.36,-156.53,2.0
NSE:ITC,SHORT,205,2024-05-16T09:15:00+05:30,425.15,2024-05-18T09:15:00+05:30,436.7,lorentzian_new_short,lorentzian_exit_short,-2367.75,259.64,17.67,53.0,-2698.06,2.0
NSE:WIPRO,LONG,815,2024-05-16T09:15:00+05:30,114.88,2024-05-18T09:15:00+05:30,115.7,lorentzian_new_long,lorentzian_exit_long,672.38,271.9,18.79,56.38,325.31,2.0
NSE:TCS,SHORT,25,2024-05-16T09:15:00+05:30,3852.5,2024-05-18T09:15:00+05:30,3853.35,lorentzian_new_short,lorentzian_exit_short,-21.25,277.21,19.26,57.79,-375.51,2.0
NSE:BHARTIARTL,LONG,75,2024-04-18T09:15:00+05:30,1276.95,2024-05-18T09:15:00+05:30,1350.0,lorentzian_new_long,lorentzian_exit_long,5478.75,281.65,19.7,59.11,5118.29,30.0
NSE:INFY,LONG,60,2024-05-16T13:15:00+05:30,1450.9,2024-05-21T09:15:00+05:30,1440.0,lorentzian_new_long,lorentzian_exit_long,-654.0,255.93,17.35,52.04,-979.31,4.83
NSE:LT,LONG,30,2024-05-16T13:15:00+05:30,3460.0,2024-05-21T13:15:00+05:30,3435.05,lorentzian_new_long,lorentzian_exit_long,-748.5,293.04,20.69,62.06,-1124.29,5.0
NSE:SBIN,LONG,120,2024-05-21T09:15:00+05:30,834.4,2024-05-23T09:15:00+05:30,829.45,lorentzian_new_long,lorentzian_exit_long,-594.0,285.04,19.97,59.9,-958.91,2.0
NSE:TATASTEEL,LONG,565,2024-05-21T09:15:00+05:30,174.1,2024-05-23T09:15:00+05:30,173.45,lorentzian_new_long,lorentzian_exit_long,-367.25,281.36,19.64,58.91,-727.16,2.0
NSE:NIFTY,LONG,4.401106038603039,2024-05-21T09:15:00+05:30,22573.75,2024-05-23T09:15:00+05:30,22830.35,lorentzian_new_long,lorentzian_exit_long,1129.32,66.06,4.0,19.98,1039.28,2.0
NSE:RELIANCE,LONG,125,2024-05-22T09:15:00+05:30,732.4,2024-05-24T09:15:00+05:30,741.49,lorentzian_new_long,lorentzian_exit_long,1136.25,267.77,18.42,55.27,794.78,2.0
NSE:ITC,LONG,195,2024-05-22T09:15:00+05:30,439.2,2024-05-24T09:15:00+05:30,436.85,lorentzian_new_long,lorentzian_exit_long,-458.25,252.99,17.08,51.25,-779.58,2.0
NSE:TATACONSUM,LONG,85,2024-05-22T09:15:00+05:30,1115.0,2024-05-24T09:15:00+05:30,1101.55,lorentzian_new_long,lorentzian_exit_long,-1143.25,272.58,18.84,56.52,-1491.19,2.0
NSE:SENSEX,LONG,1.3519200852056328,2024-05-23T09:15:00+05:30,74964.67,2024-05-27T09:15:00+05:30,75892.91,lorentzian_new_long,lorentzian_exit_long,1254.91,66.46,4.08,20.39,1163.98,4.0
NSE:ICICIBANK,SHORT,80,2024-05-08T09:15:00+05:30,1121.1,2024-05-27T09:15:00+05:30,1143.0,lorentzian_new_short,lorentzian_new_long,-1752.0,264.54,18.11,54.34,-2088.99,19.0
NSE:HDFCBANK,LONG,270,2024-05-23T13:15:00+05:30,373.21,2024-05-27T13:15:00+05:30,382.0,lorentzian_new_long,lorentzian_exit_long,2371.95,289.54,20.39,61.17,2000.85,4.0
NSE:HINDUNILVR,LONG,40,2024-05-27T09:15:00+05:30,2394.75,2024-05-29T09:15:00+05:30,2376.55,lorentzian_new_long,lorentzian_exit_long,-728.0,275.26,19.09,57.26,-1079.61,2.0
NSE:BANKNIFTY,LONG,1.9291758703184239,2024-05-27T09:15:00+05:30,49583.7,2024-05-29T09:15:00+05:30,48579.45,lorentzian_new_long,lorentzian_exit_long,-1937.37,64.92,3.79,18.94,-2025.02,2.0
NSE:ICICIBANK,LONG,75,2024-05-27T09:15:00+05:30,1143.0,2024-05-29T09:15:00+05:30,1102.8,lorentzian_new_long,lorentzian_new_short,-3015.0,250.53,16.84,50.53,-3332.9,2.0
NSE:ITC,SHORT,195,2024-05-29T09:15:00+05:30,430.8,2024-05-31T09:15:00+05:30,427.0,lorentzian_new_short,lorentzian_exit_short,741.0,248.95,16.73,50.18,425.14,2.0
NSE:ICICIBANK,SHORT,75,2024-05-29T09:15:00+05:30,1102.8,2024-05-31T09:15:00+05:30,1122.9,lorentzian_new_short,lorentzian_exit_short,-1507.5,248.74,16.69,50.08,-1823.01,2.0
NSE:WIPRO,SHORT,835,2024-05-29T09:15:00+05:30,112.97,2024-05-31T09:15:00+05:30,110.03,lorentzian_new_short,lorentzian_exit_short,2454.9,269.85,18.62,55.86,2110.57,2.0
NSE:TATACONSUM,SHORT,90,2024-05-29T13:15:00+05:30,1071.8,2024-05-31T13:15:00+05:30,1054.75,lorentzian_new_short,lorentzian_exit_short,1534.5,275.69,19.14,57.42,1182.25,2.0
NSE:RELIANCE,SHORT,130,2024-05-30T09:15:00+05:30,714.25,2024-06-03T09:15:00+05:30,743.59,lorentzian_new_short,lorentzian_new_long,-3814.2,274.01,18.95,56.86,-4164.02,4.0
NSE:INFY,SHORT,60,2024-05-30T09:15:00+05:30,1433.8,2024-06-03T09:15:00+05:30,1409.0,lorentzian_new_short,lorentzian_exit_short,1488.0,252.56,17.06,51.17,1167.21,4.0
NSE:SENSEX,SHORT,1.3824965068704875,2024-05-30T09:15:00+05:30,74146.11,2024-06-03T09:15:00+05:30,76269.95,lorentzian_new_short,lorentzian_new_long,-2936.2,66.61,4.16,20.79,-3027.77,4.0
NSE:TATASTEEL,SHORT,585,2024-05-30T09:15:00+05:30,166.4,2024-06-03T09:15:00+05:30,172.85,lorentzian_new_short,lorentzian_exit_short,-3773.25,283.95,19.85,59.54,-4136.58,4.0
NSE:NIFTY,SHORT,4.446485773010968,2024-05-30T09:15:00+05:30,22576.4,2024-06-03T09:15:00+05:30,23228.1,lorentzian_new_short,lorentzian_new_long,-2897.77,66.21,4.07,20.37,-2988.43,4.0
NSE:HINDUNILVR,SHORT,40,2024-05-30T13:15:00+05:30,2355.3,2024-06-03T13:15:00+05:30,2355.55,lorentzian_new_short,lorentzian_exit_short,-10.0,272.52,18.84,56.53,-357.9,4.0
NSE:RELIANCE,LONG,120,2024-06-03T09:15:00+05:30,743.59,2024-06-05T09:15:00+05:30,706.5,lorentzian_new_long,lorentzian_new_short,-4450.8,256.83,17.4,52.2,-4777.23,2.0
NSE:SENSEX,LONG,1.3044197118237888,2024-06-03T09:15:00+05:30,76269.95,2024-06-05T09:15:00+05:30,73609.68,lorentzian_new_long,lorentzian_exit_long,-3470.11,65.41,3.91,19.55,-3558.98,2.0
NSE:ICICIBANK,LONG,70,2024-06-03T09:15:00+05:30,1155.9,2024-06-05T09:15:00+05:30,1094.0,lorentzian_new_long,lorentzian_exit_long,-4333.0,238.47,15.75,47.25,-4634.46,2.0
NSE:HINDUNILVR,LONG,35,2024-06-04T09:15:00+05:30,2471.2,2024-06-06T09:15:00+05:30,2538.25,lorentzian_new_long,lorentzian_exit_long,2346.75,257.79,17.53,52.6,2018.83,2.0
NSE:SBIN,SHORT,125,2024-06-04T13:15:00+05:30,784.6,2024-06-06T13:15:00+05:30,817.0,lorentzian_new_short,lorentzian_exit_short,-4050.0,285.9,20.02,60.06,-4415.98,2.0
NSE:ADANIGREEN,SHORT,50,2024-06-04T13:15:00+05:30,1641.95,2024-06-06T13:15:00+05:30,1860.55,lorentzian_new_short,lorentzian_exit_short,-10930.0,258.55,17.51,52.54,-11258.6,2.0
NSE:RELIANCE,SHORT,120,2024-06-05T09:15:00+05:30,706.5,2024-06-07T09:15:00+05:30,730.37,lorentzian_new_short,lorentzian_exit_short,-2863.8,254.95,17.24,51.73,-3187.72,2.0
NSE:BANKNIFTY,SHORT,1.9451321691954506,2024-06-05T09:15:00+05:30,48139.0,2024-06-07T09:15:00+05:30,49857.9,lorentzian_new_short,lorentzian_exit_short,-3343.49,64.96,3.81,19.06,-3431.32,2.0
NSE:TATASTEEL,SHORT,590,2024-06-04T09:15:00+05:30,157.45,2024-06-07T09:15:00+05:30,178.65,lorentzian_new_short,lorentzian_new_long,-12508.0,284.42,19.83,59.49,-12871.74,3.0
NSE:HCLTECH,LONG,60,2024-06-06T09:15:00+05:30,1390.0,2024-06-10T09:15:00+05:30,1418.6,lorentzian_new_long,lorentzian_exit_long,1716.0,250.26,16.85,50.55,1398.33,4.0
NSE:INFY,LONG,60,2024-06-06T09:15:00+05:30,1464.1,2024-06-10T09:15:00+05:30,1501.25,lorentzian_new_long,lorentzian_exit_long,2229.0,260.67,17.79,53.38,1897.16,4.0
NSE:WIPRO,LONG,840,2024-06-06T09:15:00+05:30,114.92,2024-06-10T09:15:00+05:30,119.27,lorentzian_new_long,lorentzian_exit_long,3645.6,281.46,19.67,59.02,3285.46,4.0
NSE:TCS,LONG,25,2024-06-06T09:15:00+05:30,3795.05,2024-06-10T09:15:00+05:30,3861.0,lorentzian_new_long,lorentzian_exit_long,1648.75,275.7,19.14,57.42,1296.49,4.0
NSE:TATACONSUM,LONG,85,2024-06-05T09:15:00+05:30,1144.05,2024-06-10T09:15:00+05:30,1140.0,lorentzian_new_long,lorentzian_exit_long,-344.25,278.89,19.41,58.24,-700.8,5.0
NSE:SENSEX,LONG,1.2545340440699622,2024-06-07T09:15:00+05:30,76474.36,2024-06-11T09:15:00+05:30,76677.52,lorentzian_new_long,lorentzian_exit_long,254.87,65.29,3.84,19.21,166.52,4.0
NSE:TATASTEEL,LONG,450,2024-06-07T09:15:00+05:30,178.65,2024-06-11T09:15:00+05:30,181.61,lorentzian_new_long,lorentzian_exit_long,1332.0,243.18,16.21,48.64,1023.97,4.0
NSE:NIFTY,LONG,4.193461923403214,2024-06-03T09:15:00+05:30,23228.1,2024-06-11T09:15:00+05:30,23331.85,lorentzian_new_long,lorentzian_exit_long,435.07,65.59,3.9,19.52,346.05,8.0
NSE:HINDUNILVR,SHORT,35,2024-06-13T09:15:00+05:30,2498.95,2024-06-18T09:15:00+05:30,2477.15,lorentzian_new_short,lorentzian_exit_short,763.0,256.61,17.42,52.25,436.73,5.0
NSE:BHARTIARTL,LONG,70,2024-06-13T09:15:00+05:30,1435.5,2024-06-18T09:15:00+05:30,1427.4,lorentzian_new_long,lorentzian_exit_long,-567.0,285.87,20.04,60.12,-933.03,5.0
NSE:BANKNIFTY,LONG,1.7643437287230381,2024-06-19T09:15:00+05:30,51132.7,2024-06-21T09:15:00+05:30,51293.3,lorentzian_new_long,lorentzian_exit_long,283.35,64.22,3.61,18.07,197.45,2.0
NSE:BHARTIARTL,SHORT,70,2024-06-20T09:15:00+05:30,1379.85,2024-06-24T09:15:00+05:30,1416.8,lorentzian_new_short,lorentzian_exit_short,-2586.5,280.86,19.58,58.73,-2945.67,4.0
NSE:TATACONSUM,SHORT,90,2024-06-21T13:15:00+05:30,1085.0,2024-06-25T13:15:00+05:30,1094.5,lorentzian_new_short,lorentzian_exit_short,-855.0,281.17,19.62,58.85,-1214.63,4.0
NSE:TATASTEEL,SHORT,460,2024-06-24T09:15:00+05:30,177.25,2024-06-26T09:15:00+05:30,172.71,lorentzian_new_short,lorentzian_exit_short,2088.4,241.86,16.1,48.29,1782.15,2.0
NSE:BHARTIARTL,LONG,65,2024-06-26T09:15:00+05:30,1448.0,2024-06-28T09:15:00+05:30,1450.0,lorentzian_new_long,lorentzian_exit_long,130.0,272.44,18.84,56.51,-217.79,2.0
NSE:RELIANCE,LONG,105,2024-06-26T13:15:00+05:30,755.27,2024-06-28T13:15:00+05:30,782.07,lorentzian_new_long,lorentzian_exit_long,2812.95,242.29,16.14,48.43,2506.09,2.0
NSE:SBIN,LONG,110,2024-06-28T09:15:00+05:30,855.25,2024-07-02T09:15:00+05:30,828.6,lorentzian_new_long,lorentzian_exit_long,-2931.5,269.18,18.52,55.57,-3274.76,4.0
NSE:ITC,LONG,195,2024-07-02T09:15:00+05:30,427.1,2024-07-04T09:15:00+05:30,430.45,lorentzian_new_long,lorentzian_exit_long,653.25,248.9,16.72,50.17,337.46,2.0
NSE:HINDUNILVR,LONG,35,2024-07-04T09:15:00+05:30,2503.45,2024-07-08T09:15:00+05:30,2584.05,lorentzian_new_long,lorentzian_exit_long,2821.0,260.79,17.81,53.42,2488.99,4.0
NSE:HDFCBANK,SHORT,245,2024-07-05T09:15:00+05:30,412.35,2024-07-09T09:15:00+05:30,410.01,lorentzian_new_short,lorentzian_exit_short,572.08,286.98,20.15,60.44,204.51,4.0
NSE:LT,SHORT,30,2024-06-04T13:15:00+05:30,3415.0,2024-07-09T09:15:00+05:30,3675.0,lorentzian_new_short,lorentzian_new_long,-7800.0,300.07,21.27,63.81,-8185.15,34.83
NSE:LT,LONG,25,2024-07-09T09:15:00+05:30,3675.0,2024-07-11T09:15:00+05:30,3622.05,lorentzian_new_long,lorentzian_exit_long,-1323.75,265.95,18.24,54.73,-1662.67,2.0
NSE:RELIANCE,SHORT,110,2024-07-22T09:15:00+05:30,751.58,2024-07-24T09:15:00+05:30,745.91,lorentzian_new_short,lorentzian_exit_short,622.6,246.13,16.47,49.42,310.58,2.0
NSE:ICICIBANK,LONG,65,2024-06-19T09:15:00+05:30,1142.55,2024-07-24T09:15:00+05:30,1215.6,lorentzian_new_long,lorentzian_new_short,4748.25,233.1,15.33,45.98,4453.84,35.0
NSE:WIPRO,SHORT,790,2024-07-22T09:15:00+05:30,125.8,2024-07-24T09:15:00+05:30,125.6,lorentzian_new_short,lorentzian_exit_short,158.0,283.81,19.86,59.58,-205.26,2.0
NSE:SBIN,SHORT,105,2024-07-23T09:15:00+05:30,860.45,2024-07-25T09:15:00+05:30,845.1,lorentzian_new_short,lorentzian_exit_short,1611.75,262.01,17.91,53.72,1278.11,2.0
NSE:NIFTY,SHORT,4.026053316532439,2024-07-23T09:15:00+05:30,24279.65,2024-07-25T09:15:00+05:30,24382.3,lorentzian_new_short,lorentzian_exit_short,-413.27,65.61,3.92,19.59,-502.4,2.0
NSE:BANKNIFTY,SHORT,1.7468604203100027,2024-07-23T13:15:00+05:30,51757.15,2024-07-25T13:15:00+05:30,50886.55,lorentzian_new_short,lorentzian_exit_short,1520.82,64.15,3.59,17.93,1435.15,2.0
NSE:ICICIBANK,SHORT,65,2024-07-24T09:15:00+05:30,1215.6,2024-07-25T13:15:00+05:30,1196.8,lorentzian_new_short,lorentzian_exit_short,1222.0,237.29,15.68,47.04,921.99,1.17
NSE:SENSEX,SHORT,1.2014466634382799,2024-07-25T09:15:00+05:30,79991.66,2024-07-29T09:15:00+05:30,81341.93,lorentzian_new_short,lorentzian_new_long,-1622.28,65.35,3.88,19.38,-1710.89,4.0
NSE:TATACONSUM,LONG,80,2024-07-09T09:15:00+05:30,1152.95,2024-07-29T09:15:00+05:30,1189.6,lorentzian_new_long,lorentzian_new_short,2932.0,271.16,18.74,56.22,2585.88,20.0
NSE:ADANIGREEN,LONG,35,2024-07-25T13:15:00+05:30,1849.0,2024-07-29T13:15:00+05:30,1837.9,lorentzian_new_long,lorentzian_exit_long,-388.5,206.55,12.9,38.71,-646.67,4.0
NSE:SENSEX,LONG,1.160532329155471,2024-07-29T09:15:00+05:30,81341.93,2024-07-31T09:15:00+05:30,81673.83,lorentzian_new_long,lorentzian_exit_long,385.18,65.02,3.78,18.92,297.46,2.0
NSE:TATASTEEL,SHORT,505,2024-07-18T09:15:00+05:30,165.5,2024-07-31T09:15:00+05:30,164.94,lorentzian_new_short,lorentzian_new_long,282.8,248.54,16.69,50.06,-32.49,13.0
NSE:NIFTY,LONG,3.9161629786988823,2024-07-29T09:15:00+05:30,24833.05,2024-07-31T09:15:00+05:30,24937.05,lorentzian_new_long,lorentzian_exit_long,407.28,65.56,3.9,19.49,318.33,2.0
NSE:TATACONSUM,SHORT,80,2024-07-29T09:15:00+05:30,1189.6,2024-07-31T09:15:00+05:30,1178.4,lorentzian_new_short,lorentzian_exit_short,896.0,273.57,18.94,56.83,546.65,2.0
NSE:SBIN,LONG,105,2024-07-29T09:15:00+05:30,876.1,2024-08-02T09:15:00+05:30,849.2,lorentzian_new_long,lorentzian_new_short,-2824.5,264.65,18.12,54.35,-3161.61,4.0
NSE:TATASTEEL,LONG,505,2024-07-31T09:15:00+05:30,164.94,2024-08-02T09:15:00+05:30,158.14,lorentzian_new_long,lorentzian_new_short,-3434.0,244.69,16.32,48.95,-3743.95,2.0
NSE:HDFCBANK,LONG,250,2024-08-01T13:15:00+05:30,411.92,2024-08-05T13:15:00+05:30,404.01,lorentzian_new_long,lorentzian_exit_long,-1975.0,289.95,20.4,61.19,-2346.54,4.0
NSE:TATASTEEL,SHORT,500,2024-08-02T09:15:00+05:30,158.14,2024-08-06T09:15:00+05:30,151.49,lorentzian_new_short,lorentzian_exit_short,3325.0,234.92,15.48,46.44,3028.16,4.0
NSE:HCLTECH,SHORT,55,2024-08-05T09:15:00+05:30,1559.35,2024-08-07T09:15:00+05:30,1597.3,lorentzian_new_short,lorentzian_exit_short,-2087.25,256.21,17.36,52.08,-2412.91,2.0
NSE:INFY,SHORT,50,2024-08-05T09:15:00+05:30,1737.15,2024-08-07T09:15:00+05:30,1766.95,lorentzian_new_short,lorentzian_exit_short,-1490.0,257.93,17.52,52.56,-1818.02,2.0
NSE:SENSEX,SHORT,1.203927195833088,2024-08-05T09:15:00+05:30,78656.34,2024-08-07T09:15:00+05:30,79231.31,lorentzian_new_short,lorentzian_exit_short,-692.22,65.05,3.8,19.01,-780.08,2.0
NSE:ITC,SHORT,175,2024-08-05T09:15:00+05:30,483.95,2024-08-07T09:15:00+05:30,490.55,lorentzian_new_short,lorentzian_exit_short,-1155.0,252.72,17.05,51.16,-1475.94,2.0
NSE:NIFTY,SHORT,4.061663248648505,2024-08-05T09:15:00+05:30,24021.6,2024-08-07T09:15:00+05:30,24232.15,lorentzian_new_short,lorentzian_exit_short,-855.18,65.6,3.92,19.6,-944.3,2.0
NSE:TCS,SHORT,25,2024-07-11T13:15:00+05:30,3902.0,2024-08-07T09:15:00+05:30,4191.45,lorentzian_new_short,lorentzian_exit_short,-7236.25,288.51,20.23,60.7,-7605.7,26.83
NSE:BHARTIARTL,SHORT,65,2024-08-05T09:15:00+05:30,1460.9,2024-08-07T09:15:00+05:30,1440.0,lorentzian_new_short,lorentzian_exit_short,1358.5,272.56,18.86,56.57,1010.52,2.0
NSE:HCLTECH,LONG,50,2024-08-14T09:15:00+05:30,1623.05,2024-08-19T09:15:00+05:30,1679.75,lorentzian_new_long,lorentzian_exit_long,2835.0,246.43,16.51,49.54,2522.52,5.0
NSE:INFY,LONG,45,2024-08-14T09:15:00+05:30,1821.1,2024-08-19T09:15:00+05:30,1864.1,lorentzian_new_long,lorentzian_exit_long,1935.0,247.26,16.58,49.75,1621.4,5.0
NSE:ADANIGREEN,SHORT,40,2024-08-12T09:15:00+05:30,1757.95,2024-08-19T09:15:00+05:30,1881.9,lorentzian_new_short,lorentzian_new_long,-4958.0,225.29,14.56,43.68,-5241.53,7.0
NSE:WIPRO,LONG,775,2024-08-16T09:15:00+05:30,128.29,2024-08-20T09:15:00+05:30,130.7,lorentzian_new_long,lorentzian_exit_long,1867.75,286.03,20.07,60.22,1501.43,4.0
NSE:TCS,LONG,20,2024-08-16T09:15:00+05:30,4400.45,2024-08-20T09:15:00+05:30,4514.75,lorentzian_new_long,lorentzian_exit_long,2286.0,261.09,17.83,53.49,1953.58,4.0
NSE:BHARTIARTL,LONG,65,2024-08-16T09:15:00+05:30,1487.3,2024-08-20T09:15:00+05:30,1454.45,lorentzian_new_long,lorentzian_exit_long,-2135.25,275.77,19.12,57.36,-2487.51,4.0
NSE:ITC,LONG,165,2024-08-16T13:15:00+05:30,502.05,2024-08-20T13:15:00+05:30,498.5,lorentzian_new_long,lorentzian_exit_long,-585.75,246.63,16.51,49.53,-898.41,4.0
NSE:RELIANCE,LONG,115,2024-08-19T09:15:00+05:30,745.05,2024-08-21T09:15:00+05:30,750.4,lorentzian_new_long,lorentzian_exit_long,615.25,254.19,17.2,51.59,292.27,2.0
NSE:TATASTEEL,LONG,540,2024-08-20T09:15:00+05:30,153.11,2024-08-21T09:15:00+05:30,152.36,lorentzian_new_long,lorentzian_exit_long,-405.0,246.46,16.5,49.49,-717.44,1.0
NSE:ADANIGREEN,LONG,35,2024-08-19T09:15:00+05:30,1881.9,2024-08-21T09:15:00+05:30,1913.45,lorentzian_new_long,lorentzian_exit_long,1104.25,210.66,13.28,39.85,840.46,2.0
NSE:BANKNIFTY,LONG,1.800855749892137,2024-08-20T09:15:00+05:30,50999.85,2024-08-22T09:15:00+05:30,51019.75,lorentzian_new_long,lorentzian_exit_long,35.84,64.49,3.67,18.37,-50.7,2.0
NSE:TATACONSUM,LONG,80,2024-08-22T09:15:00+05:30,1202.25,2024-08-26T09:15:00+05:30,1215.0,lorentzian_new_long,lorentzian_exit_long,1020.0,277.94,19.34,58.01,664.71,4.0
NSE:ICICIBANK,LONG,65,2024-08-23T09:15:00+05:30,1203.0,2024-08-27T09:15:00+05:30,1229.35,lorentzian_new_long,lorentzian_exit_long,1712.75,238.69,15.81,47.43,1410.82,4.0
NSE:LT,SHORT,25,2024-08-02T09:15:00+05:30,3678.25,2024-08-27T09:15:00+05:30,3726.9,lorentzian_new_short,lorentzian_new_long,-1216.25,268.94,18.51,55.54,-1559.24,25.0
NSE:SENSEX,LONG,1.148418388702312,2024-08-26T09:15:00+05:30,81780.96,2024-08-28T09:15:00+05:30,81960.49,lorentzian_new_long,lorentzian_exit_long,206.18,64.9,3.76,18.8,118.71,2.0
NSE:NIFTY,LONG,3.860946699811856,2024-08-26T09:15:00+05:30,25026.55,2024-08-28T09:15:00+05:30,25101.8,lorentzian_new_long,lorentzian_exit_long,290.54,65.43,3.87,19.35,201.88,2.0
NSE:LT,LONG,20,2024-08-27T09:15:00+05:30,3726.9,2024-08-29T09:15:00+05:30,3700.75,lorentzian_new_long,lorentzian_exit_long,-523.0,228.25,14.86,44.57,-810.67,2.0
NSE:ADANIGREEN,SHORT,35,2024-08-29T09:15:00+05:30,1821.0,2024-09-02T09:15:00+05:30,1892.95,lorentzian_new_short,lorentzian_exit_short,-2518.25,207.77,13.0,39.0,-2778.01,4.0
NSE:TATASTEEL,SHORT,540,2024-09-04T09:15:00+05:30,151.08,2024-09-06T09:15:00+05:30,151.91,lorentzian_new_short,lorentzian_exit_short,-448.2,244.98,16.36,49.08,-758.62,2.0
NSE:WIPRO,SHORT,775,2024-09-04T09:15:00+05:30,130.09,2024-09-06T09:15:00+05:30,130.66,lorentzian_new_short,lorentzian_exit_short,-445.62,287.73,20.21,60.63,-814.18,2.0
NSE:TCS,SHORT,20,2024-09-04T09:15:00+05:30,4475.75,2024-09-06T09:15:00+05:30,4446.5,lorentzian_new_short,lorentzian_exit_short,585.0,261.38,17.84,53.53,252.24,2.0
NSE:TATACONSUM,SHORT,85,2024-09-04T09:15:00+05:30,1184.55,2024-09-06T09:15:00+05:30,1176.8,lorentzian_new_short,lorentzian_exit_short,658.75,286.12,20.07,60.21,292.34,2.0
NSE:RELIANCE,SHORT,115,2024-09-06T09:15:00+05:30,733.02,2024-09-10T09:15:00+05:30,735.22,lorentzian_new_short,lorentzian_exit_short,-251.85,250.78,16.88,50.65,-570.17,4.0
NSE:SENSEX,SHORT,1.1578191326093408,2024-09-06T09:15:00+05:30,81219.17,2024-09-10T09:15:00+05:30,82095.72,lorentzian_new_short,lorentzian_exit_short,-1014.89,64.94,3.78,18.91,-1102.52,4.0
NSE:NIFTY,SHORT,3.894596428401181,2024-09-06T09:15:00+05:30,24862.0,2024-09-10T09:15:00+05:30,25098.55,lorentzian_new_short,lorentzian_exit_short,-921.27,65.46,3.89,19.46,-1010.08,4.0
NSE:LT,SHORT,25,2024-09-06T09:15:00+05:30,3551.9,2024-09-10T09:15:00+05:30,3615.25,lorentzian_new_short,lorentzian_exit_short,-1583.75,262.36,17.92,53.75,-1917.78,4.0
NSE:BHARTIARTL,SHORT,60,2024-09-06T09:15:00+05:30,1532.5,2024-09-10T09:15:00+05:30,1575.85,lorentzian_new_short,lorentzian_exit_short,-2601.0,270.57,18.65,55.95,-2946.17,4.0
NSE:BANKNIFTY,SHORT,1.8130913451249064,2024-09-06T13:15:00+05:30,50627.8,2024-09-10T13:15:00+05:30,51277.65,lorentzian_new_short,lorentzian_exit_short,-1178.24,64.52,3.7,18.48,-1264.93,4.0
NSE:ICICIBANK,SHORT,70,2024-09-06T13:15:00+05:30,1209.45,2024-09-10T13:15:00+05:30,1237.7,lorentzian_new_short,lorentzian_exit_short,-1977.5,253.63,17.13,51.39,-2299.65,4.0
NSE:TATACONSUM,LONG,80,2024-09-10T09:15:00+05:30,1207.95,2024-09-12T09:15:00+05:30,1202.3,lorentzian_new_long,lorentzian_exit_long,-452.0,277.43,19.28,57.85,-806.56,2.0
NSE:BHARTIARTL,LONG,55,2024-09-11T09:15:00+05:30,1596.75,2024-09-13T09:15:00+05:30,1635.75,lorentzian_new_long,lorentzian_exit_long,2145.0,260.53,17.78,53.34,1813.35,2.0
NSE:BANKNIFTY,LONG,1.7521790943580826,2024-09-12T13:15:00+05:30,51668.05,2024-09-16T13:15:00+05:30,52153.85,lorentzian_new_long,lorentzian_exit_long,851.21,64.36,3.64,18.19,765.02,4.0
NSE:TATASTEEL,LONG,525,2024-09-13T09:15:00+05:30,154.11,2024-09-17T09:15:00+05:30,153.2,lorentzian_new_long,lorentzian_exit_long,-477.75,242.45,16.13,48.4,-784.73,4.0
NSE:WIPRO,LONG,730,2024-09-13T09:15:00+05:30,136.99,2024-09-17T09:15:00+05:30,138.24,lorentzian_new_long,lorentzian_exit_long,912.5,286.33,20.09,60.28,545.81,4.0
NSE:HINDUNILVR,SHORT,35,2024-09-16T09:15:00+05:30,2856.7,2024-09-18T09:15:00+05:30,2871.45,lorentzian_new_short,lorentzian_exit_short,-516.25,285.95,20.05,60.15,-882.4,2.0
NSE:ADANIGREEN,LONG,30,2024-09-03T09:15:00+05:30,1911.9,2024-09-19T09:15:00+05:30,1946.35,lorentzian_new_long,lorentzian_exit_long,1033.5,191.67,11.57,34.72,795.53,16.0
NSE:LT,LONG,20,2024-09-18T09:15:00+05:30,3713.2,2024-09-20T09:15:00+05:30,3771.25,lorentzian_new_long,lorentzian_exit_long,1161.0,229.38,14.97,44.91,871.74,2.0
NSE:SENSEX,LONG,1.1179450454339954,2024-09-19T09:15:00+05:30,83132.79,2024-09-23T09:15:00+05:30,84742.25,lorentzian_new_long,lorentzian_exit_long,1799.29,64.95,3.75,18.77,1711.81,4.0
NSE:RELIANCE,LONG,115,2024-09-20T13:15:00+05:30,743.02,2024-09-24T09:15:00+05:30,747.45,lorentzian_new_long,lorentzian_exit_long,508.88,253.56,17.14,51.42,186.75,3.83
NSE:HINDUNILVR,LONG,30,2024-09-20T09:15:00+05:30,2968.95,2024-09-24T09:15:00+05:30,2979.8,lorentzian_new_long,lorentzian_exit_long,325.5,261.42,17.85,53.54,-7.3,4.0
NSE:NIFTY,LONG,3.715978273377458,2024-09-20T09:15:00+05:30,25786.05,2024-09-24T09:15:00+05:30,25964.35,lorentzian_new_long,lorentzian_exit_long,662.56,65.33,3.85,19.23,574.15,4.0
NSE:TATACONSUM,SHORT,85,2024-09-25T09:15:00+05:30,1184.75,2024-09-27T09:15:00+05:30,1207.2,lorentzian_new_short,lorentzian_exit_short,-1908.25,289.2,20.33,60.99,-2278.78,2.0
NSE:HCLTECH,LONG,50,2024-09-26T09:15:00+05:30,1795.6,2024-09-30T09:15:00+05:30,1811.9,lorentzian_new_long,lorentzian_exit_long,815.0,263.51,18.04,54.11,479.34,4.0
NSE:LT,SHORT,20,2024-09-27T09:15:00+05:30,3702.7,2024-10-01T09:15:00+05:30,3664.9,lorentzian_new_short,lorentzian_exit_short,756.0,226.81,14.74,44.21,470.24,4.0
NSE:BANKNIFTY,SHORT,1.720262294245209,2024-09-30T09:15:00+05:30,53070.05,2024-10-03T09:15:00+05:30,51972.1,lorentzian_new_short,lorentzian_exit_short,1888.76,64.3,3.61,18.07,1802.78,3.0
NSE:ICICIBANK,SHORT,65,2024-09-30T09:15:00+05:30,1276.25,2024-10-03T09:15:00+05:30,1251.7,lorentzian_new_short,lorentzian_exit_short,1595.75,245.6,16.43,49.3,1284.42,3.0
NSE:ADANIGREEN,SHORT,30,2024-09-30T09:15:00+05:30,1951.0,2024-10-03T09:15:00+05:30,1804.5,lorentzian_new_short,lorentzian_exit_short,4395.0,188.0,11.27,33.8,4161.94,3.0
NSE:BHARTIARTL,SHORT,55,2024-09-30T09:15:00+05:30,1711.05,2024-10-03T09:15:00+05:30,1686.8,lorentzian_new_short,lorentzian_exit_short,1333.75,270.7,18.69,56.06,988.3,3.0
NSE:RELIANCE,SHORT,115,2024-10-01T09:15:00+05:30,733.27,2024-10-04T09:15:00+05:30,697.74,lorentzian_new_short,lorentzian_exit_short,4086.52,245.69,16.46,49.37,3775.0,3.0
NSE:SENSEX,SHORT,1.1230252802294711,2024-10-01T09:15:00+05:30,84276.45,2024-10-04T09:15:00+05:30,82013.08,lorentzian_new_short,lorentzian_exit_short,2541.82,72.0,3.73,18.67,2447.41,3.0
NSE:HINDUNILVR,SHORT,30,2024-10-01T09:15:00+05:30,2918.75,2024-10-04T09:15:00+05:30,2852.0,lorentzian_new_short,lorentzian_exit_short,2002.5,255.36,17.31,51.94,1677.89,3.0
NSE:NIFTY,SHORT,3.7370472959452434,2024-10-01T09:15:00+05:30,25793.85,2024-10-04T09:15:00+05:30,25114.4,lorentzian_new_short,lorentzian_exit_short,2539.14,72.46,3.8,19.02,2443.84,3.0
NSE:ITC,SHORT,160,2024-10-03T09:15:00+05:30,513.7,2024-10-07T09:15:00+05:30,511.0,lorentzian_new_short,lorentzian_exit_short,432.0,245.29,16.4,49.19,121.13,4.0
NSE:TATASTEEL,SHORT,500,2024-10-08T09:15:00+05:30,159.8,2024-10-10T09:15:00+05:30,159.59,lorentzian_new_short,lorentzian_exit_short,105.0,240.58,15.97,47.91,-199.46,2.0
NSE:WIPRO,SHORT,770,2024-10-08T09:15:00+05:30,130.66,2024-10-10T09:15:00+05:30,132.55,lorentzian_new_short,lorentzian_exit_short,-1451.45,288.46,20.27,60.8,-1820.98,2.0
NSE:HDFCBANK,SHORT,230,2024-09-30T09:15:00+05:30,432.25,2024-10-15T09:15:00+05:30,419.59,lorentzian_new_short,lorentzian_new_long,2911.8,280.63,19.59,58.78,2552.8,15.0
NSE:WIPRO,LONG,720,2024-10-14T09:15:00+05:30,137.05,2024-10-16T09:15:00+05:30,133.15,lorentzian_new_long,lorentzian_exit_long,-2808.0,279.52,19.45,58.36,-3165.34,2.0
NSE:HDFCBANK,LONG,245,2024-10-15T09:15:00+05:30,419.59,2024-10-17T09:15:00+05:30,416.84,lorentzian_new_long,lorentzian_exit_long,-673.75,290.9,20.49,61.48,-1046.62,2.0
NSE:SBIN,SHORT,105,2024-08-02T09:15:00+05:30,849.2,2024-10-17T09:15:00+05:30,817.5,lorentzian_new_short,lorentzian_new_long,3328.5,257.35,17.5,52.5,3001.15,76.0
NSE:BHARTIARTL,LONG,55,2024-10-15T09:15:00+05:30,1723.15,2024-10-17T09:15:00+05:30,1714.25,lorentzian_new_long,lorentzian_exit_long,-489.5,273.25,18.91,56.72,-838.37,2.0
NSE:SBIN,LONG,110,2024-10-17T09:15:00+05:30,817.5,2024-10-21T09:15:00+05:30,813.0,lorentzian_new_long,lorentzian_exit_long,-495.0,262.47,17.94,53.81,-829.21,4.0
NSE:BANKNIFTY,LONG,1.7910826586655817,2024-10-21T09:15:00+05:30,51975.15,2024-10-23T09:15:00+05:30,51218.25,lorentzian_new_long,lorentzian_exit_long,-1355.67,71.4,3.7,18.48,-1449.25,2.0
NSE:ICICIBANK,LONG,65,2024-10-22T09:15:00+05:30,1271.65,2024-10-24T09:15:00+05:30,1250.6,lorentzian_new_long,lorentzian_exit_long,-1368.25,245.41,16.39,49.18,-1679.24,2.0
NSE:SBIN,SHORT,115,2024-10-22T13:15:00+05:30,789.75,2024-10-24T13:15:00+05:30,795.0,lorentzian_new_short,lorentzian_exit_short,-603.75,265.69,18.22,54.67,-942.34,2.0
NSE:BHARTIARTL,SHORT,55,2024-10-25T09:15:00+05:30,1667.05,2024-10-29T09:15:00+05:30,1633.05,lorentzian_new_short,lorentzian_exit_short,1870.0,264.68,18.15,54.45,1532.71,4.0
NSE:RELIANCE,LONG,65,2024-10-28T09:15:00+05:30,1339.95,2024-10-30T09:15:00+05:30,1345.3,lorentzian_new_long,lorentzian_exit_long,347.75,257.06,17.45,52.36,20.87,2.0
NSE:SBIN,LONG,110,2024-10-29T09:15:00+05:30,817.95,2024-10-31T09:15:00+05:30,816.5,lorentzian_new_long,lorentzian_exit_long,-159.5,262.93,17.98,53.94,-494.34,2.0
NSE:BANKNIFTY,LONG,1.7528380505146137,2024-10-29T13:15:00+05:30,52284.85,2024-10-31T13:15:00+05:30,51555.6,lorentzian_new_long,lorentzian_exit_long,-1278.26,71.04,3.64,18.2,-1371.14,2.0
NSE:HCLTECH,SHORT,50,2024-10-31T09:15:00+05:30,1782.1,2024-11-05T09:15:00+05:30,1769.95,lorentzian_new_short,lorentzian_exit_short,607.5,260.44,17.76,53.28,276.02,5.0
NSE:LT,LONG,20,2024-10-31T09:15:00+05:30,3635.95,2024-11-05T09:15:00+05:30,3556.15,lorentzian_new_long,lorentzian_exit_long,-1596.0,223.09,14.38,43.15,-1876.63,5.0
NSE:HDFCBANK,SHORT,235,2024-11-05T09:15:00+05:30,428.82,2024-11-06T09:15:00+05:30,437.99,lorentzian_new_short,lorentzian_new_long,-2153.78,289.65,20.37,61.11,-2524.91,1.0
NSE:ICICIBANK,SHORT,65,2024-11-04T09:15:00+05:30,1271.35,2024-11-06T09:15:00+05:30,1307.5,lorentzian_new_short,lorentzian_exit_short,-2349.75,249.58,16.76,50.29,-2666.38,2.0
NSE:WIPRO,SHORT,710,2024-11-04T09:15:00+05:30,134.97,2024-11-06T09:15:00+05:30,140.31,lorentzian_new_short,lorentzian_exit_short,-3798.5,280.6,19.54,58.63,-4157.28,2.0
NSE:HCLTECH,LONG,45,2024-11-06T09:15:00+05:30,1842.4,2024-11-08T09:15:00+05:30,1842.15,lorentzian_new_long,lorentzian_exit_long,-11.25,247.38,16.58,49.74,-324.95,2.0
NSE:HDFCBANK,LONG,225,2024-11-06T09:15:00+05:30,437.99,2024-11-08T09:15:00+05:30,439.0,lorentzian_new_long,lorentzian_exit_long,227.25,282.38,19.73,59.2,-134.06,2.0
NSE:TATASTEEL,LONG,520,2024-11-06T09:15:00+05:30,153.29,2024-11-08T09:15:00+05:30,150.23,lorentzian_new_long,lorentzian_exit_long,-1591.2,238.63,15.78,47.35,-1892.97,2.0
NSE:WIPRO,LONG,650,2024-11-07T09:15:00+05:30,140.9,2024-11-11T09:15:00+05:30,144.26,lorentzian_new_long,lorentzian_exit_long,2187.25,268.94,18.54,55.61,1844.17,4.0
NSE:INFY,LONG,45,2024-10-09T09:15:00+05:30,1962.6,2024-11-12T09:15:00+05:30,1873.4,lorentzian_new_long,lorentzian_exit_long,-4014.0,255.25,17.26,51.79,-4338.3,34.0
NSE:HDFCBANK,SHORT,230,2024-11-13T09:15:00+05:30,425.62,2024-11-18T09:15:00+05:30,427.87,lorentzian_new_short,lorentzian_exit_short,-515.2,281.31,19.63,58.89,-875.03,5.0
NSE:BANKNIFTY,SHORT,1.7813578544661264,2024-11-13T09:15:00+05:30,50680.35,2024-11-18T09:15:00+05:30,50399.7,lorentzian_new_short,lorentzian_exit_short,499.94,70.94,3.6,18.01,407.39,5.0
NSE:SBIN,SHORT,110,2024-11-13T09:15:00+05:30,817.4,2024-11-18T09:15:00+05:30,809.5,lorentzian_new_short,lorentzian_exit_short,869.0,261.93,17.9,53.69,535.49,5.0
NSE:ADANIGREEN,SHORT,45,2024-11-13T09:15:00+05:30,1497.35,2024-11-18T09:15:00+05:30,1476.95,lorentzian_new_short,lorentzian_exit_short,918.0,211.79,13.38,40.15,652.67,5.0
NSE:LT,SHORT,25,2024-11-14T09:15:00+05:30,3517.95,2024-11-19T09:15:00+05:30,3571.4,lorentzian_new_short,lorentzian_exit_short,-1336.25,260.18,17.72,53.17,-1667.32,5.0
NSE:INFY,SHORT,45,2024-11-18T09:15:00+05:30,1814.15,2024-11-21T09:15:00+05:30,1826.5,lorentzian_new_short,lorentzian_exit_short,-555.75,245.22,16.38,49.15,-866.5,3.0
NSE:WIPRO,SHORT,675,2024-11-18T09:15:00+05:30,138.12,2024-11-21T09:15:00+05:30,139.24,lorentzian_new_short,lorentzian_exit_short,-752.63,271.23,18.72,56.17,-1098.75,3.0
NSE:HDFCBANK,LONG,225,2024-11-21T09:15:00+05:30,436.02,2024-11-25T09:15:00+05:30,443.79,lorentzian_new_long,lorentzian_exit_long,1747.13,282.98,19.8,59.39,1384.97,4.0
NSE:RELIANCE,SHORT,70,2024-11-21T09:15:00+05:30,1223.85,2024-11-25T09:15:00+05:30,1289.1,lorentzian_new_short,lorentzian_new_long,-4567.5,258.94,17.59,52.77,-4896.81,4.0
NSE:INFY,LONG,45,2024-11-22T13:15:00+05:30,1889.2,2024-11-26T13:15:00+05:30,1920.2,lorentzian_new_long,lorentzian_exit_long,1395.0,253.52,17.14,51.43,1072.92,4.0
NSE:RELIANCE,LONG,65,2024-11-25T09:15:00+05:30,1289.1,2024-11-27T09:15:00+05:30,1299.95,lorentzian_new_long,lorentzian_exit_long,705.25,250.08,16.83,50.49,387.85,2.0
NSE:SENSEX,LONG,1.2295824733177276,2024-11-22T13:15:00+05:30,78957.43,2024-11-27T09:15:00+05:30,80400.04,lorentzian_new_long,lorentzian_exit_long,1773.81,73.14,3.92,19.59,1677.15,4.83
NSE:HINDUNILVR,LONG,40,2024-11-25T09:15:00+05:30,2480.0,2024-11-27T09:15:00+05:30,2482.4,lorentzian_new_long,lorentzian_exit_long,96.0,283.7,19.85,59.55,-267.1,2.0
NSE:BANKNIFTY,LONG,1.7426346889424043,2024-11-25T09:15:00+05:30,52039.6,2024-11-27T09:15:00+05:30,52390.65,lorentzian_new_long,lorentzian_exit_long,611.75,71.2,3.64,18.2,518.71,2.0
NSE:ICICIBANK,LONG,60,2024-11-25T09:15:00+05:30,1301.0,2024-11-27T09:15:00+05:30,1308.3,lorentzian_new_long,lorentzian_exit_long,438.0,237.07,15.66,46.97,138.31,2.0
NSE:TATASTEEL,LONG,540,2024-11-25T09:15:00+05:30,144.6,2024-11-27T09:15:00+05:30,144.54,lorentzian_new_long,lorentzian_exit_long,-32.4,236.63,15.61,46.84,-331.49,2.0
NSE:WIPRO,LONG,630,2024-11-25T09:15:00+05:30,145.75,2024-11-27T09:15:00+05:30,146.47,lorentzian_new_long,lorentzian_exit_long,450.45,267.67,18.41,55.23,109.14,2.0
NSE:NIFTY,LONG,4.040902847565922,2024-11-06T09:15:00+05:30,24457.25,2024-11-27T09:15:00+05:30,24321.45,lorentzian_new_long,lorentzian_exit_long,-548.75,73.09,3.94,19.71,-645.5,21.0
NSE:LT,LONG,20,2024-11-25T09:15:00+05:30,3740.0,2024-11-27T09:15:00+05:30,3710.0,lorentzian_new_long,lorentzian_exit_long,-600.0,228.75,14.9,44.7,-888.35,2.0
NSE:BHARTIARTL,LONG,60,2024-11-25T09:15:00+05:30,1567.85,2024-11-27T09:15:00+05:30,1577.35,lorentzian_new_long,lorentzian_exit_long,570.0,272.79,18.87,56.61,221.73,2.0
NSE:ITC,LONG,175,2024-11-25T09:15:00+05:30,473.85,2024-11-28T09:15:00+05:30,473.75,lorentzian_new_long,lorentzian_exit_long,-17.5,247.41,16.58,49.75,-331.24,3.0
NSE:INFY,SHORT,45,2024-11-29T09:15:00+05:30,1861.2,2024-12-03T09:15:00+05:30,1886.5,lorentzian_new_short,lorentzian_exit_short,-1138.5,250.62,16.86,50.59,-1456.58,4.0
NSE:ITC,SHORT,175,2024-12-03T09:15:00+05:30,470.8,2024-12-05T09:15:00+05:30,468.5,lorentzian_new_short,lorentzian_exit_short,402.5,245.76,16.44,49.31,90.99,2.0
NSE:INFY,LONG,40,2024-12-05T13:15:00+05:30,1935.0,2024-12-09T13:15:00+05:30,1926.95,lorentzian_new_long,lorentzian_exit_long,-322.0,234.81,15.45,46.34,-618.61,4.0
NSE:HINDUNILVR,SHORT,40,2024-12-09T09:15:00+05:30,2403.15,2024-12-11T09:15:00+05:30,2400.05,lorentzian_new_short,lorentzian_exit_short,124.0,276.62,19.21,57.64,-229.47,2.0
NSE:TATACONSUM,LONG,100,2024-11-25T09:15:00+05:30,952.35,2024-12-13T09:15:00+05:30,924.0,lorentzian_new_long,lorentzian_new_short,-2835.0,271.85,18.76,56.29,-3181.9,18.0
NSE:RELIANCE,SHORT,65,2024-12-12T09:15:00+05:30,1265.7,2024-12-16T09:15:00+05:30,1271.45,lorentzian_new_short,lorentzian_exit_short,-373.75,246.42,16.49,49.47,-686.13,4.0
NSE:TATACONSUM,SHORT,100,2024-12-13T09:15:00+05:30,924.0,2024-12-17T09:15:00+05:30,907.2,lorentzian_new_short,lorentzian_exit_short,1680.0,266.49,18.31,54.94,1340.26,4.0
NSE:SBIN,LONG,105,2024-11-25T09:15:00+05:30,846.35,2024-12-18T09:15:00+05:30,840.75,lorentzian_new_long,lorentzian_new_short,-588.0,260.02,17.71,53.14,-918.88,23.0
NSE:TATASTEEL,LONG,520,2024-12-09T09:15:00+05:30,149.85,2024-12-18T09:15:00+05:30,143.79,lorentzian_new_long,lorentzian_new_short,-3151.2,233.04,15.27,45.81,-3445.32,9.0
NSE:BHARTIARTL,LONG,55,2024-12-13T09:15:00+05:30,1671.5,2024-12-18T09:15:00+05:30,1600.75,lorentzian_new_long,lorentzian_new_short,-3891.25,263.41,18.0,53.99,-4226.65,5.0
NSE:TCS,SHORT,20,2024-12-17T09:15:00+05:30,4327.65,2024-12-19T09:15:00+05:30,4284.6,lorentzian_new_short,lorentzian_exit_short,861.0,254.47,17.22,51.67,537.63,2.0
NSE:HDFCBANK,SHORT,220,2024-12-18T09:15:00+05:30,454.3,2024-12-20T09:15:00+05:30,447.48,lorentzian_new_short,lorentzian_exit_short,1501.5,283.47,19.84,59.52,1138.67,2.0
NSE:SENSEX,SHORT,1.2305858814050836,2024-12-18T09:15:00+05:30,80251.86,2024-12-20T09:15:00+05:30,78427.45,lorentzian_new_short,lorentzian_exit_short,2245.09,73.1,3.91,19.53,2148.56,2.0
NSE:BANKNIFTY,SHORT,1.744245033125852,2024-12-18T09:15:00+05:30,52288.05,2024-12-20T09:15:00+05:30,51129.75,lorentzian_new_short,lorentzian_exit_short,2020.36,71.12,3.61,18.04,1927.59,2.0
NSE:SBIN,SHORT,105,2024-12-18T09:15:00+05:30,840.75,2024-12-20T09:15:00+05:30,819.65,lorentzian_new_short,lorentzian_exit_short,2215.5,256.7,17.43,52.3,1889.07,2.0
NSE:TATASTEEL,SHORT,515,2024-12-18T09:15:00+05:30,143.79,2024-12-20T09:15:00+05:30,143.01,lorentzian_new_short,lorentzian_exit_short,401.7,227.23,14.77,44.31,115.39,2.0
NSE:NIFTY,SHORT,4.053680008514163,2024-12-18T09:15:00+05:30,24221.4,2024-12-20T09:15:00+05:30,23726.65,lorentzian_new_short,lorentzian_exit_short,2005.56,72.96,3.89,19.44,1909.28,2.0
NSE:ADANIGREEN,SHORT,60,2024-12-18T09:15:00+05:30,1106.75,2024-12-20T09:15:00+05:30,1065.75,lorentzian_new_short,lorentzian_exit_short,2460.0,207.79,13.04,39.1,2200.07,2.0
NSE:LT,SHORT,20,2024-12-18T09:15:00+05:30,3760.0,2024-12-20T09:15:00+05:30,3646.35,lorentzian_new_short,lorentzian_exit_short,2273.0,227.56,14.81,44.44,1986.19,2.0
NSE:BHARTIARTL,SHORT,55,2024-12-18T09:15:00+05:30,1600.75,2024-12-20T09:15:00+05:30,1585.0,lorentzian_new_short,lorentzian_exit_short,866.25,257.77,17.52,52.56,538.39,2.0
NSE:ICICIBANK,SHORT,60,2024-12-19T09:15:00+05:30,1289.5,2024-12-23T09:15:00+05:30,1288.4,lorentzian_new_short,lorentzian_exit_short,66.0,235.0,15.47,46.4,-230.87,4.0
NSE:HCLTECH,SHORT,45,2024-12-20T13:15:00+05:30,1917.7,2024-12-24T13:15:00+05:30,1892.05,lorentzian_new_short,lorentzian_exit_short,1154.25,253.55,17.14,51.43,832.12,4.0
NSE:ITC,LONG,170,2024-12-24T09:15:00+05:30,478.55,2024-12-27T09:15:00+05:30,481.15,lorentzian_new_long,lorentzian_exit_long,442.0,244.39,16.31,48.94,132.35,3.0
NSE:WIPRO,SHORT,305,2024-12-31T09:15:00+05:30,300.85,2025-01-02T09:15:00+05:30,301.1,lorentzian_new_short,lorentzian_exit_short,-76.25,267.15,18.36,55.08,-416.84,2.0
NSE:LT,LONG,20,2025-01-02T09:15:00+05:30,3708.55,2025-01-06T09:15:00+05:30,3614.65,lorentzian_new_long,lorentzian_exit_long,-1878.0,226.03,14.65,43.94,-2162.61,4.0
NSE:HCLTECH,LONG,45,2025-01-03T09:15:00+05:30,1961.0,2025-01-07T09:15:00+05:30,1921.25,lorentzian_new_long,lorentzian_exit_long,-1788.75,257.4,17.47,52.41,-2116.03,4.0
NSE:RELIANCE,LONG,65,2025-01-03T09:15:00+05:30,1259.1,2025-01-07T09:15:00+05:30,1240.65,lorentzian_new_long,lorentzian_exit_long,-1199.25,243.78,16.25,48.75,-1508.02,4.0
NSE:ITC,SHORT,185,2025-01-06T09:15:00+05:30,445.2,2025-01-08T09:15:00+05:30,444.5,lorentzian_new_short,lorentzian_exit_short,129.5,246.02,16.46,49.38,-182.36,2.0
NSE:SENSEX,SHORT,1.3001115763244793,2025-01-08T09:15:00+05:30,77607.91,2025-01-10T09:15:00+05:30,77665.14,lorentzian_new_short,lorentzian_exit_short,-74.41,73.76,4.04,20.19,-172.39,2.0
NSE:NIFTY,SHORT,4.252670761709044,2025-01-08T09:15:00+05:30,23535.65,2025-01-10T09:15:00+05:30,23517.75,lorentzian_new_short,lorentzian_exit_short,76.12,73.54,4.0,20.01,-21.43,2.0
NSE:LT,SHORT,20,2025-01-09T09:15:00+05:30,3524.6,2025-01-13T09:15:00+05:30,3475.45,lorentzian_new_short,lorentzian_exit_short,983.0,218.63,14.0,42.0,708.37,4.0
NSE:HCLTECH,SHORT,45,2025-01-14T09:15:00+05:30,1824.25,2025-01-16T09:15:00+05:30,1788.05,lorentzian_new_short,lorentzian_exit_short,1629.0,243.64,16.26,48.77,1320.34,2.0
NSE:TCS,LONG,20,2025-01-10T09:15:00+05:30,4278.0,2025-01-17T09:15:00+05:30,4138.0,lorentzian_new_long,lorentzian_new_short,-2800.0,250.38,16.83,50.5,-3117.71,7.0
NSE:ADANIGREEN,LONG,65,2025-01-15T09:15:00+05:30,1039.45,2025-01-17T09:15:00+05:30,1066.75,lorentzian_new_long,lorentzian_exit_long,1774.5,215.13,13.69,41.07,1504.61,2.0
NSE:HINDUNILVR,SHORT,40,2025-01-16T09:15:00+05:30,2343.6,2025-01-20T09:15:00+05:30,2344.0,lorentzian_new_short,lorentzian_exit_short,-16.0,271.49,18.75,56.25,-362.49,4.0
NSE:TATACONSUM,SHORT,100,2025-01-16T09:15:00+05:30,933.35,2025-01-20T09:15:00+05:30,963.05,lorentzian_new_short,lorentzian_exit_short,-2970.0,274.09,18.96,56.89,-3319.94,4.0
NSE:TATASTEEL,LONG,570,2025-01-20T09:15:00+05:30,131.22,2025-01-22T09:15:00+05:30,127.93,lorentzian_new_long,lorentzian_exit_long,-1875.3,227.42,14.77,44.31,-2161.8,2.0
NSE:LT,LONG,20,2025-01-20T09:15:00+05:30,3602.35,2025-01-22T09:15:00+05:30,3511.7,lorentzian_new_long,lorentzian_exit_long,-1813.0,221.37,14.23,42.68,-2091.28,2.0
NSE:WIPRO,LONG,305,2025-01-21T09:15:00+05:30,300.05,2025-01-23T09:15:00+05:30,318.5,lorentzian_new_long,lorentzian_exit_long,5627.25,272.35,18.87,56.6,5279.44,2.0
NSE:BHARTIARTL,LONG,55,2025-01-21T09:15:00+05:30,1651.6,2025-01-23T09:15:00+05:30,1636.6,lorentzian_new_long,lorentzian_exit_long,-825.0,264.16,18.09,54.26,-1161.5,2.0
NSE:SBIN,SHORT,120,2025-01-22T09:15:00+05:30,744.3,2025-01-24T09:15:00+05:30,748.05,lorentzian_new_short,lorentzian_exit_short,-450.0,262.16,17.91,53.72,-783.8,2.0
NSE:TATACONSUM,LONG,90,2025-01-24T09:15:00+05:30,1001.35,2025-01-28T09:15:00+05:30,973.15,lorentzian_new_long,lorentzian_exit_long,-2538.0,260.79,17.77,53.31,-2869.87,4.0
NSE:RELIANCE,SHORT,65,2025-01-27T09:15:00+05:30,1231.75,2025-01-29T09:15:00+05:30,1238.9,lorentzian_new_short,lorentzian_exit_short,-464.75,241.62,16.06,48.18,-770.61,2.0
NSE:HINDUNILVR,LONG,40,2025-01-27T09:15:00+05:30,2393.7,2025-01-29T09:15:00+05:30,2386.9,lorentzian_new_long,lorentzian_exit_long,-272.0,275.64,19.12,57.37,-624.13,2.0
NSE:LT,SHORT,20,2025-01-27T09:15:00+05:30,3447.55,2025-01-29T09:15:00+05:30,3435.65,lorentzian_new_short,lorentzian_exit_short,238.0,216.09,13.77,41.3,-33.15,2.0
NSE:TATASTEEL,SHORT,570,2025-01-27T13:15:00+05:30,126.55,2025-01-29T13:15:00+05:30,131.0,lorentzian_new_short,lorentzian_exit_short,-2536.5,226.45,14.68,44.04,-2821.67,2.0
NSE:ICICIBANK,LONG,60,2025-01-28T09:15:00+05:30,1256.3,2025-01-30T09:15:00+05:30,1251.55,lorentzian_new_long,lorentzian_exit_long,-285.0,230.36,15.05,45.14,-575.55,2.0
NSE:TATACONSUM,SHORT,90,2025-01-29T09:15:00+05:30,956.8,2025-01-31T09:15:00+05:30,1023.8,lorentzian_new_short,lorentzian_new_long,-6030.0,261.66,17.83,53.48,-6362.96,2.0
NSE:SENSEX,LONG,1.3003663837340431,2025-01-31T09:15:00+05:30,77460.53,2025-02-03T09:15:00+05:30,77246.49,lorentzian_new_long,lorentzian_exit_long,-278.33,73.65,4.02,20.12,-376.12,3.0
NSE:SBIN,LONG,115,2025-01-31T09:15:00+05:30,774.2,2025-02-03T09:15:00+05:30,758.75,lorentzian_new_long,lorentzian_exit_long,-1776.75,259.16,17.63,52.89,-2106.43,3.0
NSE:TATASTEEL,LONG,520,2025-01-31T09:15:00+05:30,134.25,2025-02-03T09:15:00+05:30,129.9,lorentzian_new_long,lorentzian_exit_long,-2262.0,215.94,13.74,41.21,-2532.88,3.0
NSE:NIFTY,LONG,4.258194903167545,2025-01-31T09:15:00+05:30,23500.1,2025-02-03T09:15:00+05:30,23360.7,lorentzian_new_long,lorentzian_exit_long,-593.59,73.41,3.99,19.95,-690.94,3.0
NSE:LT,LONG,20,2025-01-31T09:15:00+05:30,3568.3,2025-02-03T09:15:00+05:30,3280.45,lorentzian_new_long,lorentzian_new_short,-5757.0,215.77,13.7,41.09,-6027.56,3.0
NSE:TATACONSUM,LONG,80,2025-01-31T09:15:00+05:30,1023.8,2025-02-03T09:15:00+05:30,1042.75,lorentzian_new_long,lorentzian_exit_long,1516.0,246.73,16.53,49.6,1203.14,3.0
NSE:ITC,LONG,175,2025-02-01T09:15:00+05:30,469.95,2025-02-04T09:15:00+05:30,454.6,lorentzian_new_long,lorentzian_exit_long,-2686.25,243.12,16.18,48.54,-2994.09,3.0
NSE:ITC,SHORT,180,2025-02-06T09:15:00+05:30,441.2,2025-02-10T09:15:00+05:30,427.4,lorentzian_new_short,lorentzian_exit_short,2484.0,236.68,15.63,46.9,2184.78,4.0
NSE:HINDUNILVR,SHORT,40,2025-02-07T09:15:00+05:30,2360.55,2025-02-11T09:15:00+05:30,2315.1,lorentzian_new_short,lorentzian_exit_short,1818.0,270.82,18.7,56.11,1472.37,4.0
NSE:BANKNIFTY,LONG,1.8604256090381808,2025-02-04T09:15:00+05:30,50055.75,2025-02-11T09:15:00+05:30,49294.8,lorentzian_new_long,lorentzian_new_short,-1415.69,71.4,3.7,18.48,-1509.27,7.0
NSE:SBIN,SHORT,120,2025-02-07T09:15:00+05:30,739.55,2025-02-11T09:15:00+05:30,729.0,lorentzian_new_short,lorentzian_exit_short,1266.0,258.86,17.62,52.87,936.65,4.0
NSE:SENSEX,SHORT,1.3171371590634429,2025-02-11T09:15:00+05:30,76189.54,2025-02-13T09:15:00+05:30,76518.06,lorentzian_new_short,lorentzian_exit_short,-432.71,73.63,4.02,20.11,-530.47,2.0
NSE:BANKNIFTY,SHORT,1.8586188964969113,2025-02-11T09:15:00+05:30,49294.8,2025-02-13T09:15:00+05:30,49478.1,lorentzian_new_short,lorentzian_exit_short,-340.68,71.33,3.67,18.36,-434.04,2.0
NSE:NIFTY,SHORT,4.3149783793364636,2025-02-11T09:15:00+05:30,23031.2,2025-02-13T09:15:00+05:30,23153.1,lorentzian_new_short,lorentzian_exit_short,-526.0,73.38,3.99,19.93,-623.29,2.0
NSE:ADANIGREEN,SHORT,75,2025-02-12T09:15:00+05:30,926.35,2025-02-14T09:15:00+05:30,877.7,lorentzian_new_short,lorentzian_exit_short,3648.75,213.21,13.53,40.59,3381.42,2.0
NSE:BHARTIARTL,LONG,50,2025-02-12T09:15:00+05:30,1704.2,2025-02-14T09:15:00+05:30,1713.65,lorentzian_new_long,lorentzian_exit_long,472.5,252.99,17.09,51.27,151.15,2.0
NSE:INFY,SHORT,40,2024-12-19T09:15:00+05:30,1940.8,2025-02-17T13:15:00+05:30,1843.05,lorentzian_new_short,lorentzian_exit_short,3910.0,231.03,15.14,45.41,3618.43,60.17
NSE:BHARTIARTL,SHORT,55,2025-02-17T13:15:00+05:30,1676.5,2025-02-19T13:15:00+05:30,1640.0,lorentzian_new_short,lorentzian_exit_short,2007.5,265.68,18.24,54.72,1668.86,2.0
NSE:ICICIBANK,SHORT,60,2025-02-21T09:15:00+05:30,1233.35,2025-02-25T09:15:00+05:30,1228.05,lorentzian_new_short,lorentzian_exit_short,318.0,227.22,14.77,44.31,31.71,4.0
NSE:TATACONSUM,SHORT,85,2025-02-21T09:15:00+05:30,996.2,2025-02-25T09:15:00+05:30,1008.15,lorentzian_new_short,lorentzian_exit_short,-1015.75,252.53,17.04,51.11,-1336.42,4.0
NSE:HDFCBANK,LONG,235,2025-01-31T09:15:00+05:30,425.77,2025-03-04T13:15:00+05:30,427.82,lorentzian_new_long,lorentzian_exit_long,481.75,286.0,20.06,60.18,115.51,32.17
NSE:ADANIGREEN,LONG,90,2025-03-06T09:15:00+05:30,850.4,2025-03-10T09:15:00+05:30,842.7,lorentzian_new_long,lorentzian_exit_long,-693.0,232.51,15.24,45.71,-986.46,4.0
NSE:RELIANCE,LONG,65,2025-03-07T09:15:00+05:30,1247.95,2025-03-11T09:15:00+05:30,1241.4,lorentzian_new_long,lorentzian_exit_long,-425.75,242.97,16.18,48.54,-733.44,4.0
NSE:HINDUNILVR,LONG,40,2025-03-10T09:15:00+05:30,2259.3,2025-03-12T09:15:00+05:30,2214.65,lorentzian_new_long,lorentzian_exit_long,-1786.0,262.13,17.9,53.69,-2119.71,2.0
NSE:ICICIBANK,LONG,60,2025-03-11T09:15:00+05:30,1243.2,2025-03-13T09:15:00+05:30,1252.1,lorentzian_new_long,lorentzian_exit_long,534.0,229.46,14.97,44.92,244.65,2.0
NSE:HINDUNILVR,SHORT,45,2025-03-17T09:15:00+05:30,2169.75,2025-03-19T09:15:00+05:30,2198.5,lorentzian_new_short,lorentzian_exit_short,-1293.75,281.66,19.66,58.97,-1654.04,2.0
NSE:LT,SHORT,20,2025-02-03T09:15:00+05:30,3280.45,2025-03-19T09:15:00+05:30,3312.75,lorentzian_new_short,lorentzian_new_long,-646.0,209.71,13.19,39.56,-908.45,44.0
NSE:BANKNIFTY,LONG,1.859874398554435,2025-03-18T09:15:00+05:30,49028.85,2025-03-20T09:15:00+05:30,49963.95,lorentzian_new_long,lorentzian_exit_long,1739.17,71.58,3.68,18.41,1645.49,2.0
NSE:SBIN,LONG,120,2025-03-19T09:15:00+05:30,746.5,2025-03-21T09:15:00+05:30,751.9,lorentzian_new_long,lorentzian_exit_long,648.0,262.89,17.98,53.94,313.19,2.0
NSE:LT,LONG,20,2025-03-19T09:15:00+05:30,3312.75,2025-03-21T09:15:00+05:30,3448.65,lorentzian_new_long,lorentzian_exit_long,2718.0,213.2,13.52,40.57,2450.71,2.0
NSE:TCS,SHORT,20,2025-01-17T09:15:00+05:30,4138.0,2025-03-24T09:15:00+05:30,3639.0,lorentzian_new_short,lorentzian_new_long,9980.0,235.22,15.55,46.66,9682.56,66.0
NSE:HINDUNILVR,LONG,40,2025-03-21T09:15:00+05:30,2245.0,2025-03-25T09:15:00+05:30,2272.6,lorentzian_new_long,lorentzian_exit_long,1104.0,263.85,18.07,54.21,767.87,4.0
NSE:HCLTECH,LONG,55,2025-03-24T09:15:00+05:30,1596.0,2025-03-26T09:15:00+05:30,1633.0,lorentzian_new_long,lorentzian_exit_long,2035.0,260.33,17.76,53.28,1703.64,2.0
NSE:TCS,LONG,25,2025-03-24T09:15:00+05:30,3639.0,2025-03-26T09:15:00+05:30,3661.95,lorentzian_new_long,lorentzian_exit_long,573.75,265.91,18.25,54.76,234.83,2.0
NSE:WIPRO,LONG,355,2025-03-25T09:15:00+05:30,272.2,2025-03-27T09:15:00+05:30,270.75,lorentzian_new_long,lorentzian_exit_long,-514.75,277.35,19.27,57.82,-869.2,2.0
NSE:TATACONSUM,LONG,80,2025-03-28T09:15:00+05:30,1005.0,2025-04-02T09:15:00+05:30,1065.65,lorentzian_new_long,lorentzian_exit_long,4852.0,246.84,16.57,49.7,4538.9,5.0
NSE:HCLTECH,SHORT,55,2025-04-01T09:15:00+05:30,1548.95,2025-04-03T09:15:00+05:30,1472.95,lorentzian_new_short,lorentzian_exit_short,4180.0,247.51,16.62,49.86,3866.01,2.0
NSE:RELIANCE,SHORT,60,2025-04-01T09:15:00+05:30,1258.15,2025-04-03T09:15:00+05:30,1248.4,lorentzian_new_short,lorentzian_exit_short,585.0,230.21,15.04,45.12,294.64,2.0
NSE:SENSEX,SHORT,1.3112592368064984,2025-04-01T09:15:00+05:30,76127.73,2025-04-03T09:15:00+05:30,76313.65,lorentzian_new_short,lorentzian_exit_short,-243.79,73.48,4.0,19.99,-341.26,2.0
NSE:TATASTEEL,SHORT,435,2025-04-01T09:15:00+05:30,153.24,2025-04-03T09:15:00+05:30,154.41,lorentzian_new_short,lorentzian_exit_short,-508.95,211.88,13.38,40.15,-774.36,2.0
NSE:NIFTY,SHORT,4.2581834636358975,2025-04-01T09:15:00+05:30,23192.45,2025-04-03T09:15:00+05:30,23258.95,lorentzian_new_short,lorentzian_exit_short,-283.17,73.2,3.96,19.78,-380.11,2.0
NSE:HINDUNILVR,SHORT,40,2025-04-07T09:15:00+05:30,2234.75,2025-04-08T09:15:00+05:30,2302.45,lorentzian_new_short,lorentzian_new_long,-2708.0,265.01,18.15,54.45,-3045.6,1.0
NSE:LT,SHORT,20,2025-04-04T09:15:00+05:30,3250.3,2025-04-08T09:15:00+05:30,3182.6,lorentzian_new_short,lorentzian_exit_short,1354.0,206.0,12.87,38.6,1096.54,4.0
NSE:BANKNIFTY,SHORT,1.881645642135403,2025-04-07T09:15:00+05:30,49333.45,2025-04-09T09:15:00+05:30,50280.85,lorentzian_new_short,lorentzian_exit_short,-1782.67,71.71,3.75,18.74,-1876.87,2.0
NSE:ITC,SHORT,205,2025-04-07T09:15:00+05:30,400.05,2025-04-09T09:15:00+05:30,415.0,lorentzian_new_short,lorentzian_new_long,-3064.75,249.03,16.71,50.13,-3380.61,2.0
NSE:ADANIGREEN,SHORT,85,2025-04-07T09:15:00+05:30,861.85,2025-04-09T09:15:00+05:30,860.45,lorentzian_new_short,lorentzian_exit_short,119.0,225.8,14.64,43.92,-165.36,2.0
NSE:HINDUNILVR,LONG,40,2025-04-08T09:15:00+05:30,2302.45,2025-04-11T09:15:00+05:30,2358.4,lorentzian_new_long,lorentzian_exit_long,2238.0,270.13,18.64,55.93,1893.29,3.0
NSE:ITC,LONG,190,2025-04-09T09:15:00+05:30,415.0,2025-04-15T09:15:00+05:30,421.2,lorentzian_new_long,lorentzian_exit_long,1178.0,239.59,15.89,47.66,874.86,6.0
NSE:ICICIBANK,SHORT,60,2025-04-07T09:15:00+05:30,1270.25,2025-04-15T09:15:00+05:30,1345.8,lorentzian_new_short,lorentzian_new_long,-4533.0,237.89,15.7,47.09,-4833.68,8.0
NSE:BANKNIFTY,LONG,1.7766373743339412,2025-04-11T09:15:00+05:30,51196.05,2025-04-16T09:15:00+05:30,52874.2,lorentzian_new_long,lorentzian_exit_long,2981.46,71.8,3.7,18.49,2887.48,5.0
NSE:SENSEX,LONG,1.2950563369244679,2025-04-15T09:15:00+05:30,76817.47,2025-04-17T09:15:00+05:30,78323.58,lorentzian_new_long,lorentzian_exit_long,1950.5,73.81,4.02,20.09,1852.57,2.0
NSE:SBIN,SHORT,120,2025-04-07T09:15:00+05:30,739.25,2025-04-17T09:15:00+05:30,795.6,lorentzian_new_short,lorentzian_new_long,-6762.0,268.3,18.42,55.25,-7103.98,10.0
NSE:NIFTY,LONG,4.215442624360202,2025-04-15T09:15:00+05:30,23337.7,2025-04-17T09:15:00+05:30,23788.65,lorentzian_new_long,lorentzian_exit_long,1900.95,73.51,3.97,19.87,1803.6,2.0
NSE:SBIN,LONG,100,2025-04-17T09:15:00+05:30,795.6,2025-04-22T09:15:00+05:30,828.95,lorentzian_new_long,lorentzian_exit_long,3335.0,243.4,16.25,48.74,3026.61,5.0
NSE:HCLTECH,LONG,60,2025-04-21T09:15:00+05:30,1494.4,2025-04-23T09:15:00+05:30,1593.7,lorentzian_new_long,lorentzian_exit_long,5958.0,268.58,18.53,55.59,5615.31,2.0
NSE:TATASTEEL,LONG,475,2025-04-22T09:15:00+05:30,138.93,2025-04-24T09:15:00+05:30,141.61,lorentzian_new_long,lorentzian_exit_long,1273.0,211.11,13.33,39.98,1008.58,2.0
NSE:HINDUNILVR,SHORT,40,2025-04-25T09:15:00+05:30,2301.5,2025-04-29T09:15:00+05:30,2320.9,lorentzian_new_short,lorentzian_exit_short,-776.0,268.65,18.49,55.47,-1118.61,4.0
NSE:LT,LONG,20,2025-04-29T09:15:00+05:30,3333.0,2025-05-02T09:15:00+05:30,3342.4,lorentzian_new_long,lorentzian_exit_long,188.0,211.47,13.35,40.05,-76.88,3.0
NSE:SBIN,SHORT,105,2025-04-30T09:15:00+05:30,791.25,2025-05-05T09:15:00+05:30,792.35,lorentzian_new_short,lorentzian_exit_short,-115.5,247.91,16.63,49.88,-429.92,5.0
NSE:RELIANCE,LONG,60,2025-04-17T09:15:00+05:30,1267.3,2025-05-09T09:15:00+05:30,1379.2,lorentzian_new_long,lorentzian_new_short,6714.0,239.08,15.88,47.64,6411.41,22.0
NSE:BANKNIFTY,SHORT,1.7290042933687073,2025-05-07T09:15:00+05:30,54271.5,2025-05-09T09:15:00+05:30,53615.1,lorentzian_new_short,lorentzian_exit_short,1134.92,71.85,3.73,18.65,1040.68,2.0
NSE:BHARTIARTL,LONG,50,2025-04-15T09:15:00+05:30,1797.8,2025-05-09T09:15:00+05:30,1839.7,lorentzian_new_long,lorentzian_new_short,2095.0,265.08,18.19,54.56,1757.17,24.0
NSE:TATACONSUM,SHORT,75,2025-05-08T09:15:00+05:30,1113.7,2025-05-12T09:15:00+05:30,1139.6,lorentzian_new_short,lorentzian_exit_short,-1942.5,251.07,16.9,50.7,-2261.17,4.0
NSE:ADANIGREEN,SHORT,85,2025-05-08T13:15:00+05:30,872.5,2025-05-12T13:15:00+05:30,939.6,lorentzian_new_short,lorentzian_exit_short,-5703.5,234.72,15.4,46.21,-5999.83,4.0
NSE:HDFCBANK,SHORT,230,2025-04-07T09:15:00+05:30,436.07,2025-05-13T09:15:00+05:30,481.43,lorentzian_new_short,lorentzian_exit_short,-10430.5,298.41,21.1,63.31,-10813.32,36.0
NSE:RELIANCE,SHORT,60,2025-05-09T09:15:00+05:30,1379.2,2025-05-13T09:15:00+05:30,1422.1,lorentzian_new_short,lorentzian_exit_short,-2574.0,250.1,16.81,50.42,-2891.33,4.0
NSE:ITC,SHORT,185,2025-05-09T09:15:00+05:30,425.15,2025-05-13T09:15:00+05:30,426.8,lorentzian_new_short,lorentzian_exit_short,-305.25,238.29,15.76,47.28,-606.59,4.0
NSE:NIFTY,SHORT,4.17243113432735,2025-05-09T09:15:00+05:30,24009.25,2025-05-13T09:15:00+05:30,24630.8,lorentzian_new_short,lorentzian_new_long,-2593.37,73.67,4.06,20.29,-2691.4,4.0
NSE:BHARTIARTL,SHORT,50,2025-05-09T09:15:00+05:30,1839.7,2025-05-13T09:15:00+05:30,1827.7,lorentzian_new_short,lorentzian_exit_short,600.0,266.85,18.34,55.01,259.8,4.0
NSE:SBIN,LONG,105,2025-05-12T09:15:00+05:30,800.3,2025-05-14T09:15:00+05:30,798.85,lorentzian_new_long,lorentzian_exit_long,-152.25,249.73,16.79,50.37,-469.14,2.0
NSE:WIPRO,LONG,375,2025-05-12T09:15:00+05:30,255.84,2025-05-14T09:15:00+05:30,251.74,lorentzian_new_long,lorentzian_exit_long,-1537.5,274.76,19.03,57.1,-1888.4,2.0
NSE:NIFTY,LONG,3.958198303977875,2025-05-13T09:15:00+05:30,24630.8,2025-05-14T09:15:00+05:30,24636.05,lorentzian_new_long,lorentzian_exit_long,20.78,72.86,3.9,19.5,-75.48,1.0
NSE:ADANIGREEN,LONG,70,2025-05-13T09:15:00+05:30,957.35,2025-05-15T09:15:00+05:30,962.5,lorentzian_new_long,lorentzian_exit_long,360.5,212.44,13.44,40.32,94.3,2.0
NSE:SENSEX,SHORT,1.2749604742082672,2025-05-09T09:15:00+05:30,79476.96,2025-05-15T13:15:00+05:30,82463.15,lorentzian_new_short,lorentzian_new_long,-3807.27,74.03,4.13,20.65,-3906.08,6.17
NSE:RELIANCE,LONG,55,2025-05-15T13:15:00+05:30,1453.0,2025-05-19T13:15:00+05:30,1442.9,lorentzian_new_long,lorentzian_exit_long,-555.5,240.16,15.93,47.78,-859.37,4.0
NSE:SENSEX,LONG,1.181565199858293,2025-05-15T13:15:00+05:30,82463.15,2025-05-19T13:15:00+05:30,82041.61,lorentzian_new_long,lorentzian_exit_long,-498.08,72.73,3.89,19.44,-594.14,4.0
NSE:TATACONSUM,LONG,70,2025-05-16T09:15:00+05:30,1163.5,2025-05-20T09:15:00+05:30,1138.6,lorentzian_new_long,lorentzian_exit_long,-1743.0,242.33,16.11,48.34,-2049.79,4.0
NSE:HINDUNILVR,LONG,40,2025-05-19T09:15:00+05:30,2386.6,2025-05-21T09:15:00+05:30,2369.6,lorentzian_new_long,lorentzian_exit_long,-680.0,274.59,19.02,57.07,-1030.69,2.0
NSE:INFY,LONG,55,2025-04-23T09:15:00+05:30,1477.5,2025-05-22T09:15:00+05:30,1550.3,lorentzian_new_long,lorentzian_new_short,4004.0,247.88,16.65,49.96,3689.51,29.0
NSE:ITC,LONG,180,2025-05-20T09:15:00+05:30,435.5,2025-05-22T09:15:00+05:30,424.7,lorentzian_new_long,lorentzian_new_short,-1944.0,235.33,15.48,46.45,-2241.27,2.0
NSE:RELIANCE,SHORT,55,2025-05-22T09:15:00+05:30,1405.5,2025-05-26T09:15:00+05:30,1436.8,lorentzian_new_short,lorentzian_exit_short,-1721.5,236.97,15.63,46.9,-2021.0,4.0
NSE:INFY,SHORT,55,2025-05-22T09:15:00+05:30,1550.3,2025-05-26T09:15:00+05:30,1576.1,lorentzian_new_short,lorentzian_exit_short,-1419.0,254.31,17.2,51.59,-1742.09,4.0
NSE:SENSEX,SHORT,1.2003462855298945,2025-05-22T09:15:00+05:30,80679.41,2025-05-26T09:15:00+05:30,82116.42,lorentzian_new_short,lorentzian_exit_short,-1724.91,72.76,3.91,19.54,-1821.12,4.0
NSE:HINDUNILVR,SHORT,40,2025-05-22T09:15:00+05:30,2325.2,2025-05-26T09:15:00+05:30,2387.6,lorentzian_new_short,lorentzian_new_long,-2496.0,272.8,18.85,56.55,-2844.2,4.0
NSE:ITC,SHORT,180,2025-05-22T09:15:00+05:30,424.7,2025-05-26T09:15:00+05:30,440.3,lorentzian_new_short,lorentzian_exit_short,-2808.0,236.36,15.57,46.71,-3106.64,4.0
NSE:WIPRO,SHORT,380,2025-05-22T09:15:00+05:30,246.28,2025-05-26T09:15:00+05:30,250.46,lorentzian_new_short,lorentzian_exit_short,-1588.4,273.01,18.88,56.63,-1936.91,4.0
NSE:NIFTY,SHORT,3.969833815820819,2025-05-22T09:15:00+05:30,24539.65,2025-05-26T09:15:00+05:30,24981.9,lorentzian_new_short,lorentzian_exit_short,-1755.66,72.91,3.93,19.66,-1852.16,4.0
NSE:TCS,SHORT,25,2025-05-22T09:15:00+05:30,3466.6,2025-05-26T09:15:00+05:30,3530.3,lorentzian_new_short,lorentzian_exit_short,-1592.5,257.63,17.49,52.48,-1920.1,4.0
NSE:HINDUNILVR,LONG,35,2025-05-26T09:15:00+05:30,2387.6,2025-05-28T09:15:00+05:30,2370.0,lorentzian_new_long,lorentzian_exit_long,-616.0,248.21,16.65,49.95,-930.82,2.0
NSE:BHARTIARTL,LONG,50,2025-05-28T09:15:00+05:30,1861.7,2025-05-30T09:15:00+05:30,1861.2,lorentzian_new_long,lorentzian_exit_long,-25.0,269.98,18.61,55.84,-369.44,2.0
NSE:TATACONSUM,SHORT,75,2025-05-29T09:15:00+05:30,1104.9,2025-06-02T09:15:00+05:30,1122.9,lorentzian_new_short,lorentzian_exit_short,-1350.0,248.9,16.71,50.13,-1665.73,4.0
NSE:SBIN,LONG,100,2025-05-30T13:15:00+05:30,814.0,2025-06-03T13:15:00+05:30,808.2,lorentzian_new_long,lorentzian_exit_long,-580.0,243.44,16.22,48.67,-888.32,4.0
NSE:HCLTECH,SHORT,60,2025-06-02T09:15:00+05:30,1630.8,2025-06-04T09:15:00+05:30,1637.8,lorentzian_new_short,lorentzian_exit_short,-420.0,281.09,19.61,58.83,-779.54,2.0
NSE:TATASTEEL,SHORT,420,2025-06-02T09:15:00+05:30,159.23,2025-06-04T09:15:00+05:30,158.05,lorentzian_new_short,lorentzian_exit_short,495.6,211.17,13.33,39.98,231.12,2.0
NSE:HDFCBANK,LONG,185,2025-06-05T09:15:00+05:30,487.38,2025-06-09T09:15:00+05:30,494.73,lorentzian_new_long,lorentzian_exit_long,1359.75,264.93,18.17,54.51,1022.15,4.0
NSE:RELIANCE,LONG,55,2025-06-05T09:15:00+05:30,1446.8,2025-06-09T09:15:00+05:30,1447.9,lorentzian_new_long,lorentzian_exit_long,60.5,240.04,15.92,47.76,-243.23,4.0
NSE:BANKNIFTY,LONG,1.677143290003027,2025-06-06T09:15:00+05:30,56568.35,2025-06-10T09:15:00+05:30,56688.35,lorentzian_new_long,lorentzian_exit_long,201.26,72.21,3.8,18.99,106.25,4.0
NSE:ICICIBANK,LONG,55,2025-04-15T09:15:00+05:30,1345.8,2025-06-10T09:15:00+05:30,1424.8,lorentzian_new_long,lorentzian_new_short,4345.0,232.14,15.24,45.71,4051.91,56.0
NSE:INFY,LONG,55,2025-06-09T09:15:00+05:30,1576.7,2025-06-11T09:15:00+05:30,1624.4,lorentzian_new_long,lorentzian_exit_long,2623.5,258.58,17.61,52.82,2294.5,2.0
NSE:HCLTECH,LONG,60,2025-06-10T09:15:00+05:30,1674.7,2025-06-12T09:15:00+05:30,1714.8,lorentzian_new_long,lorentzian_exit_long,2406.0,288.94,20.34,61.01,2035.71,2.0
NSE:ITC,LONG,170,2025-06-10T09:15:00+05:30,426.9,2025-06-12T09:15:00+05:30,423.25,lorentzian_new_long,lorentzian_exit_long,-620.5,223.78,14.45,43.36,-902.09,2.0
NSE:ICICIBANK,SHORT,55,2025-06-10T09:15:00+05:30,1424.8,2025-06-12T09:15:00+05:30,1423.7,lorentzian_new_short,lorentzian_exit_short,60.5,237.22,15.67,47.0,-239.39,2.0
NSE:WIPRO,LONG,360,2025-06-10T09:15:00+05:30,254.88,2025-06-12T09:15:00+05:30,262.11,lorentzian_new_long,lorentzian_exit_long,2602.8,269.75,18.61,55.83,2258.6,2.0
NSE:HINDUNILVR,SHORT,35,2025-06-12T13:15:00+05:30,2337.1,2025-06-16T13:15:00+05:30,2326.1,lorentzian_new_short,lorentzian_exit_short,385.0,244.47,16.32,48.96,75.25,4.0
NSE:SBIN,SHORT,105,2025-06-12T13:15:00+05:30,804.0,2025-06-16T13:15:00+05:30,793.0,lorentzian_new_short,lorentzian_exit_short,1155.0,249.38,16.77,50.31,838.55,4.0
NSE:LT,SHORT,20,2025-06-12T13:15:00+05:30,3598.6,2025-06-16T13:15:00+05:30,3627.0,lorentzian_new_short,lorentzian_exit_short,-568.0,223.76,14.45,43.35,-849.56,4.0
NSE:HDFCBANK,SHORT,190,2025-06-13T09:15:00+05:30,480.18,2025-06-17T09:15:00+05:30,480.88,lorentzian_new_short,lorentzian_exit_short,-133.0,266.05,18.26,54.78,-472.09,4.0
NSE:RELIANCE,SHORT,55,2025-06-13T09:15:00+05:30,1429.7,2025-06-17T09:15:00+05:30,1434.7,lorentzian_new_short,lorentzian_exit_short,-275.0,238.22,15.75,47.26,-576.23,4.0
NSE:BANKNIFTY,SHORT,1.7112884272724018,2025-06-13T09:15:00+05:30,55501.55,2025-06-17T09:15:00+05:30,55683.25,lorentzian_new_short,lorentzian_exit_short,-310.94,72.21,3.81,19.03,-405.98,4.0
NSE:ITC,SHORT,175,2025-06-13T09:15:00+05:30,416.95,2025-06-17T09:15:00+05:30,416.25,lorentzian_new_short,lorentzian_exit_short,122.5,225.15,14.58,43.74,-160.97,4.0
NSE:ADANIGREEN,SHORT,70,2025-06-13T09:15:00+05:30,989.0,2025-06-17T09:15:00+05:30,982.7,lorentzian_new_short,lorentzian_exit_short,441.0,216.47,13.8,41.41,169.33,4.0
NSE:TCS,LONG,25,2025-06-11T09:15:00+05:30,3484.2,2025-06-19T09:15:00+05:30,3429.6,lorentzian_new_long,lorentzian_new_short,-1365.0,255.3,17.28,51.85,-1689.44,8.0
NSE:TCS,SHORT,25,2025-06-19T09:15:00+05:30,3429.6,2025-06-23T09:15:00+05:30,3389.5,lorentzian_new_short,lorentzian_exit_short,1002.5,252.49,17.05,51.14,681.82,4.0
NSE:NIFTY,SHORT,3.871494362038719,2025-06-13T09:15:00+05:30,24686.0,2025-06-24T09:15:00+05:30,25182.35,lorentzian_new_short,lorentzian_new_long,-1921.62,72.43,3.86,19.31,-2017.22,11.0
NSE:BHARTIARTL,LONG,50,2025-06-20T09:15:00+05:30,1923.0,2025-06-24T09:15:00+05:30,1942.7,lorentzian_new_long,lorentzian_exit_long,985.0,277.84,19.33,57.99,629.85,4.0
NSE:RELIANCE,LONG,55,2025-06-20T13:15:00+05:30,1464.1,2025-06-24T13:15:00+05:30,1456.8,lorentzian_new_long,lorentzian_exit_long,-401.5,241.68,16.06,48.19,-707.44,4.0
NSE:INFY,SHORT,55,2025-06-23T09:15:00+05:30,1584.4,2025-06-25T09:15:00+05:30,1617.7,lorentzian_new_short,lorentzian_exit_short,-1831.5,258.97,17.61,52.83,-2160.92,2.0
NSE:HDFCBANK,LONG,185,2025-06-24T09:15:00+05:30,491.6,2025-06-26T09:15:00+05:30,501.05,lorentzian_new_long,lorentzian_exit_long,1748.25,267.06,18.36,55.09,1407.73,2.0
NSE:SENSEX,LONG,1.1509157654709012,2025-06-24T09:15:00+05:30,82566.91,2025-06-26T09:15:00+05:30,83255.45,lorentzian_new_long,lorentzian_exit_long,792.45,72.39,3.82,19.08,697.16,2.0
NSE:BANKNIFTY,LONG,1.6719284940669605,2025-06-24T09:15:00+05:30,56566.05,2025-06-26T09:15:00+05:30,56861.7,lorentzian_new_long,lorentzian_exit_long,494.31,72.2,3.79,18.96,399.35,2.0
NSE:SBIN,LONG,105,2025-06-24T09:15:00+05:30,801.2,2025-06-26T09:15:00+05:30,794.5,lorentzian_new_long,lorentzian_exit_long,-703.5,249.37,16.75,50.26,-1019.89,2.0
NSE:TATASTEEL,LONG,435,2025-06-24T09:15:00+05:30,155.82,2025-06-26T09:15:00+05:30,157.49,lorentzian_new_long,lorentzian_exit_long,726.45,214.52,13.63,40.89,457.41,2.0
NSE:NIFTY,LONG,3.7153214885314334,2025-06-24T09:15:00+05:30,25182.35,2025-06-26T09:15:00+05:30,25392.45,lorentzian_new_long,lorentzian_exit_long,780.59,72.0,3.76,18.79,686.04,2.0
NSE:TATACONSUM,LONG,70,2025-06-23T09:15:00+05:30,1106.6,2025-06-27T09:15:00+05:30,1136.1,lorentzian_new_long,lorentzian_exit_long,2065.0,237.43,15.7,47.1,1764.78,4.0
NSE:ICICIBANK,LONG,50,2025-06-26T13:15:00+05:30,1440.0,2025-06-30T13:15:00+05:30,1449.0,lorentzian_new_long,lorentzian_exit_long,450.0,223.61,14.45,43.33,168.61,4.0
NSE:LT,LONG,20,2025-06-27T09:15:00+05:30,3690.9,2025-07-01T09:15:00+05:30,3661.4,lorentzian_new_long,lorentzian_exit_long,-590.0,226.58,14.7,44.11,-875.39,4.0
NSE:TATACONSUM,SHORT,75,2025-06-30T09:15:00+05:30,1095.0,2025-07-02T09:15:00+05:30,1094.7,lorentzian_new_short,lorentzian_exit_short,22.5,245.62,16.42,49.27,-288.81,2.0
NSE:HINDUNILVR,LONG,35,2025-07-03T09:15:00+05:30,2320.6,2025-07-07T09:15:00+05:30,2410.6,lorentzian_new_long,lorentzian_exit_long,3150.0,246.9,16.56,49.68,2836.86,4.0
NSE:LT,SHORT,20,2025-07-03T13:15:00+05:30,3581.4,2025-07-07T13:15:00+05:30,3580.0,lorentzian_new_short,lorentzian_exit_short,28.0,222.29,14.32,42.97,-251.58,4.0
NSE:HCLTECH,SHORT,60,2025-07-09T09:15:00+05:30,1673.6,2025-07-11T09:15:00+05:30,1638.0,lorentzian_new_short,lorentzian_exit_short,2136.0,283.77,19.87,59.61,1772.76,2.0
NSE:TATASTEEL,SHORT,430,2025-07-09T09:15:00+05:30,158.21,2025-07-11T09:15:00+05:30,159.57,lorentzian_new_short,lorentzian_exit_short,-584.8,215.02,13.66,40.99,-854.48,2.0
NSE:BHARTIARTL,SHORT,45,2025-07-10T09:15:00+05:30,1973.0,2025-07-14T09:15:00+05:30,1909.5,lorentzian_new_short,lorentzian_exit_short,2857.5,257.06,17.47,52.41,2530.55,4.0
NSE:RELIANCE,SHORT,50,2025-07-11T09:15:00+05:30,1492.9,2025-07-15T09:15:00+05:30,1489.1,lorentzian_new_short,lorentzian_exit_short,190.0,228.8,14.91,44.73,-98.44,4.0
NSE:SENSEX,SHORT,1.1600887773831516,2025-07-11T09:15:00+05:30,82513.2,2025-07-15T09:15:00+05:30,82608.92,lorentzian_new_short,lorentzian_exit_short,-111.04,72.4,3.83,19.16,-206.43,4.0
NSE:ICICIBANK,SHORT,55,2025-07-11T09:15:00+05:30,1420.1,2025-07-15T09:15:00+05:30,1426.2,lorentzian_new_short,lorentzian_exit_short,-335.5,237.11,15.65,46.96,-635.23,4.0
NSE:NIFTY,SHORT,3.746447841930604,2025-07-11T09:15:00+05:30,25155.7,2025-07-15T09:15:00+05:30,25204.2,lorentzian_new_short,lorentzian_exit_short,-181.7,72.01,3.77,18.87,-276.35,4.0
NSE:HDFCBANK,SHORT,185,2025-07-14T09:15:00+05:30,493.38,2025-07-16T09:15:00+05:30,500.25,lorentzian_new_short,lorentzian_new_long,-1271.88,267.49,18.38,55.15,-1612.89,2.0
NSE:ITC,LONG,170,2025-07-15T09:15:00+05:30,421.5,2025-07-17T09:15:00+05:30,425.1,lorentzian_new_long,lorentzian_exit_long,612.0,223.01,14.39,43.18,331.42,2.0
NSE:HDFCBANK,LONG,180,2025-07-16T09:15:00+05:30,500.25,2025-07-18T09:15:00+05:30,492.1,lorentzian_new_long,lorentzian_exit_long,-1467.0,261.73,17.86,53.59,-1800.18,2.0
NSE:WIPRO,SHORT,365,2025-07-11T09:15:00+05:30,258.9,2025-07-18T09:15:00+05:30,266.5,lorentzian_new_short,lorentzian_new_long,-2774.0,276.44,19.18,57.53,-3127.15,7.0
NSE:BANKNIFTY,SHORT,1.6876957082772954,2025-07-18T09:15:00+05:30,56273.5,2025-07-22T09:15:00+05:30,56888.45,lorentzian_new_short,lorentzian_exit_short,-1037.85,72.24,3.82,19.1,-1133.01,4.0
NSE:TATACONSUM,LONG,75,2025-07-18T09:15:00+05:30,1095.8,2025-07-22T09:15:00+05:30,1082.0,lorentzian_new_long,lorentzian_exit_long,-1035.0,244.71,16.33,49.0,-1345.04,4.0
NSE:TATASTEEL,LONG,410,2025-07-21T09:15:00+05:30,162.81,2025-07-23T09:15:00+05:30,162.38,lorentzian_new_long,lorentzian_exit_long,-176.3,211.3,13.33,40.0,-440.93,2.0
NSE:ITC,SHORT,175,2025-07-22T09:15:00+05:30,416.65,2025-07-24T09:15:00+05:30,410.5,lorentzian_new_short,lorentzian_exit_short,1076.25,223.9,14.48,43.43,794.45,2.0
NSE:TATACONSUM,SHORT,75,2025-07-23T09:15:00+05:30,1052.8,2025-07-25T09:15:00+05:30,1065.0,lorentzian_new_short,lorentzian_exit_short,-915.0,239.7,15.88,47.65,-1218.23,2.0
NSE:ADANIGREEN,SHORT,70,2025-07-25T09:15:00+05:30,990.9,2025-07-29T09:15:00+05:30,1008.7,lorentzian_new_short,lorentzian_exit_short,-1246.0,218.76,14.0,41.99,-1520.75,4.0
NSE:TATASTEEL,SHORT,415,2025-07-29T09:15:00+05:30,160.44,2025-07-31T09:15:00+05:30,160.67,lorentzian_new_short,lorentzian_exit_short,-95.45,211.22,13.33,39.98,-359.97,2.0
NSE:LT,LONG,20,2025-07-30T09:15:00+05:30,3658.5,2025-08-01T09:15:00+05:30,3607.7,lorentzian_new_long,lorentzian_exit_long,-1016.0,224.69,14.53,43.6,-1298.82,2.0
NSE:HINDUNILVR,LONG,35,2025-07-31T09:15:00+05:30,2530.2,2025-08-04T09:15:00+05:30,2547.3,lorentzian_new_long,lorentzian_exit_long,598.5,260.56,17.77,53.31,266.85,4.0
NSE:HDFCBANK,LONG,175,2025-07-23T09:15:00+05:30,505.02,2025-08-05T09:15:00+05:30,495.62,lorentzian_new_long,lorentzian_new_short,-1645.0,257.84,17.51,52.53,-1972.89,13.0
NSE:ICICIBANK,LONG,50,2025-07-21T09:15:00+05:30,1460.4,2025-08-05T09:15:00+05:30,1443.6,lorentzian_new_long,lorentzian_new_short,-840.0,224.54,14.52,43.56,-1122.62,15.0
NSE:BHARTIARTL,SHORT,50,2025-08-01T13:15:00+05:30,1878.1,2025-08-05T13:15:00+05:30,1930.3,lorentzian_new_short,lorentzian_exit_short,-2610.0,274.93,19.04,57.13,-2961.09,4.0
NSE:HDFCBANK,SHORT,175,2025-08-05T09:15:00+05:30,495.62,2025-08-07T09:15:00+05:30,497.35,lorentzian_new_short,lorentzian_exit_short,-301.88,256.25,17.38,52.13,-627.63,2.0
NSE:ICICIBANK,SHORT,50,2025-08-05T09:15:00+05:30,1443.6,2025-08-07T09:15:00+05:30,1434.2,lorentzian_new_short,lorentzian_exit_short,470.0,222.99,14.39,43.17,189.45,2.0
NSE:BHARTIARTL,LONG,45,2025-08-06T09:15:00+05:30,1940.0,2025-08-08T09:15:00+05:30,1870.4,lorentzian_new_long,lorentzian_new_short,-3132.0,253.9,17.15,51.44,-3454.49,2.0
NSE:BHARTIARTL,SHORT,45,2025-08-08T09:15:00+05:30,1870.4,2025-08-12T09:15:00+05:30,1852.0,lorentzian_new_short,lorentzian_exit_short,828.0,249.21,16.75,50.25,511.79,4.0
NSE:HCLTECH,LONG,70,2025-08-11T13:15:00+05:30,1484.1,2025-08-13T13:15:00+05:30,1498.8,lorentzian_new_long,lorentzian_exit_long,1029.0,295.08,20.88,62.64,650.4,2.0
NSE:TATASTEEL,LONG,410,2025-08-13T09:15:00+05:30,160.7,2025-08-14T13:15:00+05:30,155.68,lorentzian_new_long,lorentzian_new_short,-2058.2,207.43,12.97,38.91,-2317.51,1.17
NSE:TATASTEEL,SHORT,410,2025-08-14T13:15:00+05:30,155.68,2025-08-19T13:15:00+05:30,159.2,lorentzian_new_short,lorentzian_exit_short,-1443.2,206.7,12.91,38.73,-1701.54,5.0
NSE:HDFCBANK,LONG,170,2025-08-18T09:15:00+05:30,501.23,2025-08-20T09:15:00+05:30,496.35,lorentzian_new_long,lorentzian_exit_long,-828.75,251.64,16.96,50.88,-1148.23,2.0
NSE:SENSEX,LONG,1.1718781924388115,2025-08-18T09:15:00+05:30,81507.47,2025-08-20T09:15:00+05:30,81876.63,lorentzian_new_long,lorentzian_exit_long,432.61,72.43,3.83,19.15,337.2,2.0
NSE:BANKNIFTY,LONG,1.681215512031019,2025-08-18T09:15:00+05:30,55818.5,2025-08-20T09:15:00+05:30,55706.55,lorentzian_new_long,lorentzian_exit_long,-188.21,71.86,3.75,18.75,-282.57,2.0
NSE:ITC,SHORT,180,2025-08-18T09:15:00+05:30,409.0,2025-08-20T09:15:00+05:30,407.75,lorentzian_new_short,lorentzian_exit_short,225.0,226.48,14.7,44.1,-60.29,2.0
NSE:WIPRO,LONG,345,2025-07-18T09:15:00+05:30,266.5,2025-08-20T09:15:00+05:30,252.04,lorentzian_new_long,lorentzian_exit_long,-4988.7,262.3,17.89,53.67,-5322.56,33.0
NSE:NIFTY,LONG,3.7666167533059416,2025-08-18T09:15:00+05:30,24947.85,2025-08-20T09:15:00+05:30,25053.3,lorentzian_new_long,lorentzian_exit_long,397.19,72.02,3.77,18.83,302.57,2.0
NSE:BHARTIARTL,LONG,45,2025-08-18T09:15:00+05:30,1909.4,2025-08-20T09:15:00+05:30,1931.9,lorentzian_new_long,lorentzian_exit_long,1012.5,255.14,17.29,51.86,688.22,2.0
NSE:TATACONSUM,LONG,75,2025-08-18T09:15:00+05:30,1077.7,2025-08-20T09:15:00+05:30,1097.9,lorentzian_new_long,lorentzian_exit_long,1515.0,244.34,16.32,48.95,1205.4,2.0
NSE:INFY,LONG,60,2025-08-20T09:15:00+05:30,1487.5,2025-08-22T09:15:00+05:30,1492.7,lorentzian_new_long,lorentzian_exit_long,312.0,261.81,17.88,53.64,-21.33,2.0
NSE:LT,SHORT,20,2025-08-20T09:15:00+05:30,3597.1,2025-08-22T09:15:00+05:30,3589.9,lorentzian_new_short,lorentzian_exit_short,144.0,222.85,14.37,43.12,-136.34,2.0
NSE:RELIANCE,LONG,55,2025-08-21T09:15:00+05:30,1428.9,2025-08-25T09:15:00+05:30,1416.4,lorentzian_new_long,lorentzian_exit_long,-687.5,237.08,15.65,46.95,-987.18,4.0
NSE:TCS,LONG,30,2025-08-21T09:15:00+05:30,3114.4,2025-08-25T09:15:00+05:30,3146.9,lorentzian_new_long,lorentzian_exit_long,975.0,271.79,18.78,56.35,628.08,4.0
NSE:HDFCBANK,SHORT,170,2025-08-25T09:15:00+05:30,492.95,2025-08-26T09:15:00+05:30,974.2,lorentzian_new_short,lorentzian_new_long,-81812.5,346.42,24.94,74.82,-82258.69,1.0
NSE:SENSEX,SHORT,1.1819945162041858,2025-08-26T09:15:00+05:30,81094.3,2025-08-29T09:15:00+05:30,80066.35,lorentzian_new_short,lorentzian_exit_short,1215.03,72.38,3.81,19.05,1119.8,3.0
NSE:BANKNIFTY,SHORT,1.7130700436009496,2025-08-26T09:15:00+05:30,54616.1,2025-08-29T09:15:00+05:30,53808.45,lorentzian_new_short,lorentzian_exit_short,1383.56,71.77,3.71,18.57,1289.51,3.0
NSE:RELIANCE,SHORT,55,2025-08-26T13:15:00+05:30,1383.8,2025-08-29T13:15:00+05:30,1356.0,lorentzian_new_short,lorentzian_exit_short,1529.0,230.46,15.07,45.21,1238.26,3.0
NSE:SBIN,SHORT,100,2025-08-26T13:15:00+05:30,808.4,2025-08-29T13:15:00+05:30,802.4,lorentzian_new_short,lorentzian_exit_short,600.0,242.08,16.11,48.32,293.49,3.0
NSE:HCLTECH,SHORT,70,2025-08-28T09:15:00+05:30,1451.7,2025-09-01T09:15:00+05:30,1464.7,lorentzian_new_short,lorentzian_exit_short,-910.0,290.05,20.41,61.24,-1281.71,4.0
NSE:INFY,SHORT,60,2025-08-29T09:15:00+05:30,1480.1,2025-09-02T09:15:00+05:30,1507.2,lorentzian_new_short,lorentzian_exit_short,-1626.0,262.43,17.92,53.77,-1960.12,4.0
NSE:BHARTIARTL,SHORT,45,2025-08-29T09:15:00+05:30,1886.5,2025-09-02T09:15:00+05:30,1894.8,lorentzian_new_short,lorentzian_exit_short,-373.5,252.24,17.02,51.05,-693.81,4.0
NSE:TATACONSUM,SHORT,75,2025-08-29T09:15:00+05:30,1065.5,2025-09-02T09:15:00+05:30,1092.1,lorentzian_new_short,lorentzian_exit_short,-1995.0,243.1,16.18,48.55,-2302.83,4.0
NSE:ITC,LONG,180,2025-09-01T09:15:00+05:30,405.15,2025-09-03T09:15:00+05:30,412.0,lorentzian_new_long,lorentzian_exit_long,1233.0,226.48,14.71,44.13,947.68,2.0
NSE:NIFTY,SHORT,3.800485176918955,2025-08-26T09:15:00+05:30,24804.9,2025-09-04T09:15:00+05:30,24815.85,lorentzian_new_short,lorentzian_new_long,-41.62,72.01,3.77,18.86,-136.26,9.0
NSE:TATACONSUM,LONG,70,2025-09-02T13:15:00+05:30,1105.5,2025-09-04T13:15:00+05:30,1074.0,lorentzian_new_long,lorentzian_exit_long,-2205.0,232.83,15.26,45.77,-2498.86,2.0
NSE:TATASTEEL,LONG,375,2025-09-03T09:15:00+05:30,166.87,2025-09-05T09:15:00+05:30,166.97,lorentzian_new_long,lorentzian_exit_long,37.5,202.24,12.52,37.56,-214.82,2.0
NSE:SENSEX,LONG,1.1973930604064982,2025-09-04T09:15:00+05:30,80983.82,2025-09-08T09:15:00+05:30,81105.56,lorentzian_new_long,lorentzian_exit_long,145.77,72.75,3.88,19.41,49.73,4.0
NSE:NIFTY,LONG,3.7933338739676863,2025-09-04T09:15:00+05:30,24815.85,2025-09-08T09:15:00+05:30,24867.8,lorentzian_new_long,lorentzian_exit_long,197.06,72.02,3.77,18.85,102.43,4.0
NSE:TCS,SHORT,30,2025-09-05T09:15:00+05:30,3039.2,2025-09-09T09:15:00+05:30,3049.5,lorentzian_new_short,lorentzian_exit_short,-309.0,266.13,18.27,54.8,-648.2,4.0
NSE:HCLTECH,LONG,70,2025-09-10T09:15:00+05:30,1470.0,2025-09-12T09:15:00+05:30,1464.6,lorentzian_new_long,lorentzian_exit_long,-378.0,291.43,20.54,61.63,-751.6,2.0
NSE:INFY,LONG,55,2025-09-10T09:15:00+05:30,1532.1,2025-09-12T09:15:00+05:30,1529.0,lorentzian_new_long,lorentzian_exit_long,-170.5,250.23,16.84,50.51,-488.07,2.0
NSE:HINDUNILVR,LONG,35,2025-08-20T09:15:00+05:30,2670.9,2025-09-12T09:15:00+05:30,2578.0,lorentzian_new_long,lorentzian_new_short,-3251.5,267.52,18.37,55.11,-3592.5,23.0
NSE:BANKNIFTY,LONG,1.7400985125166593,2025-09-10T09:15:00+05:30,54506.6,2025-09-12T09:15:00+05:30,54820.5,lorentzian_new_long,lorentzian_exit_long,546.22,72.28,3.8,19.02,451.1,2.0
NSE:SBIN,LONG,100,2025-09-10T09:15:00+05:30,820.0,2025-09-12T09:15:00+05:30,822.7,lorentzian_new_long,lorentzian_exit_long,270.0,245.65,16.43,49.28,-41.36,2.0
NSE:WIPRO,LONG,335,2025-09-10T09:15:00+05:30,256.44,2025-09-12T09:15:00+05:30,251.65,lorentzian_new_long,lorentzian_exit_long,-1604.65,252.39,17.02,51.06,-1925.13,2.0
NSE:ADANIGREEN,LONG,70,2025-09-10T09:15:00+05:30,965.05,2025-09-12T09:15:00+05:30,977.5,lorentzian_new_long,lorentzian_exit_long,871.5,214.17,13.6,40.79,602.94,2.0
NSE:HINDUNILVR,SHORT,35,2025-09-12T09:15:00+05:30,2578.0,2025-09-16T09:15:00+05:30,2585.1,lorentzian_new_short,lorentzian_exit_short,-248.5,263.96,18.07,54.21,-584.74,4.0
NSE:LT,LONG,20,2025-09-16T09:15:00+05:30,3670.6,2025-09-18T09:15:00+05:30,3693.0,lorentzian_new_long,lorentzian_exit_long,448.0,226.75,14.73,44.18,162.34,2.0
NSE:TCS,LONG,30,2025-09-17T09:15:00+05:30,3173.2,2025-09-19T09:15:00+05:30,3158.0,lorentzian_new_long,lorentzian_exit_long,-456.0,274.23,18.99,56.98,-806.2,2.0
NSE:HCLTECH,LONG,70,2025-09-16T13:15:00+05:30,1483.0,2025-09-22T09:15:00+05:30,1440.1,lorentzian_new_long,lorentzian_new_short,-3003.0,290.73,20.46,61.39,-3375.58,5.83
NSE:RELIANCE,LONG,55,2025-09-18T09:15:00+05:30,1412.3,2025-09-22T09:15:00+05:30,1407.2,lorentzian_new_long,lorentzian_exit_long,-280.5,235.47,15.51,46.52,-578.0,4.0
NSE:ICICIBANK,LONG,50,2025-09-18T09:15:00+05:30,1421.9,2025-09-22T09:15:00+05:30,1409.6,lorentzian_new_long,lorentzian_exit_long,-615.0,220.5,14.16,42.47,-892.13,4.0
NSE:BHARTIARTL,LONG,45,2025-09-19T13:15:00+05:30,1959.9,2025-09-23T13:15:00+05:30,1939.5,lorentzian_new_long,lorentzian_exit_long,-918.0,258.19,17.55,52.64,-1246.38,4.0
NSE:HCLTECH,SHORT,65,2025-09-22T09:15:00+05:30,1440.1,2025-09-24T09:15:00+05:30,1441.3,lorentzian_new_short,lorentzian_exit_short,-78.0,271.26,18.73,56.19,-424.17,2.0
NSE:INFY,SHORT,55,2025-09-22T09:15:00+05:30,1499.5,2025-09-24T09:15:00+05:30,1489.5,lorentzian_new_short,lorentzian_exit_short,550.0,245.77,16.44,49.32,238.47,2.0
NSE:WIPRO,SHORT,335,2025-09-22T09:15:00+05:30,250.58,2025-09-24T09:15:00+05:30,245.15,lorentzian_new_short,lorentzian_exit_short,1819.05,247.53,16.61,49.82,1505.09,2.0
NSE:TCS,SHORT,30,2025-09-22T09:15:00+05:30,3075.5,2025-09-24T09:15:00+05:30,3049.1,lorentzian_new_short,lorentzian_exit_short,792.0,267.25,18.37,55.12,451.26,2.0
NSE:RELIANCE,SHORT,55,2025-09-23T09:15:00+05:30,1385.4,2025-09-25T09:15:00+05:30,1376.1,lorentzian_new_short,lorentzian_exit_short,511.5,231.87,15.19,45.56,218.88,2.0
NSE:ITC,SHORT,185,2025-09-23T09:15:00+05:30,404.2,2025-09-25T09:15:00+05:30,398.95,lorentzian_new_short,lorentzian_exit_short,971.25,228.17,14.86,44.57,683.65,2.0
NSE:ICICIBANK,SHORT,50,2025-09-23T09:15:00+05:30,1399.2,2025-09-25T09:15:00+05:30,1379.6,lorentzian_new_short,lorentzian_exit_short,980.0,217.45,13.89,41.68,706.97,2.0
NSE:BANKNIFTY,LONG,1.719830985971287,2025-09-17T09:15:00+05:30,55410.45,2025-09-26T09:15:00+05:30,54564.75,lorentzian_new_long,lorentzian_new_short,-1454.46,71.96,3.78,18.91,-1549.12,9.0
NSE:BANKNIFTY,SHORT,1.7181811694474078,2025-09-26T09:15:00+05:30,54564.75,2025-09-30T09:15:00+05:30,54732.25,lorentzian_new_short,lorentzian_exit_short,-287.8,71.89,3.76,18.78,-382.22,4.0
NSE:TATASTEEL,SHORT,365,2025-09-29T09:15:00+05:30,169.4,2025-10-01T09:15:00+05:30,166.83,lorentzian_new_short,lorentzian_exit_short,938.05,199.43,12.27,36.82,689.53,2.0
NSE:ADANIGREEN,SHORT,65,2025-09-29T09:15:00+05:30,1037.65,2025-10-01T09:15:00+05:30,1038.8,lorentzian_new_short,lorentzian_exit_short,-74.75,213.12,13.5,40.49,-341.85,2.0
NSE:BHARTIARTL,SHORT,45,2025-09-29T13:15:00+05:30,1906.5,2025-10-01T13:15:00+05:30,1869.5,lorentzian_new_short,lorentzian_exit_short,1665.0,251.82,16.99,50.98,1345.21,2.0
NSE:SENSEX,SHORT,1.1839241273675214,2025-09-24T09:15:00+05:30,81947.01,2025-10-06T09:15:00+05:30,81761.51,lorentzian_new_short,lorentzian_new_long,219.62,72.73,3.88,19.38,123.63,12.0
NSE:LT,SHORT,20,2025-10-01T09:15:00+05:30,3656.6,2025-10-06T09:15:00+05:30,3749.9,lorentzian_new_short,lorentzian_new_long,-1866.0,227.88,14.81,44.44,-2153.13,5.0
NSE:BANKNIFTY,LONG,1.6805596232811533,2025-10-03T09:15:00+05:30,55559.5,2025-10-07T09:15:00+05:30,56417.55,lorentzian_new_long,lorentzian_exit_long,1442.0,72.09,3.76,18.82,1347.33,4.0
NSE:SENSEX,LONG,1.1881178210496262,2025-10-06T09:15:00+05:30,81761.51,2025-10-08T09:15:00+05:30,81942.91,lorentzian_new_long,lorentzian_exit_long,215.52,72.81,3.89,19.45,119.37,2.0
NSE:NIFTY,LONG,3.760444489288361,2025-10-06T09:15:00+05:30,25060.05,2025-10-08T09:15:00+05:30,25098.05,lorentzian_new_long,lorentzian_exit_long,142.9,72.03,3.77,18.86,48.23,2.0
NSE:LT,LONG,20,2025-10-06T09:15:00+05:30,3749.9,2025-10-08T09:15:00+05:30,3740.0,lorentzian_new_long,lorentzian_exit_long,-198.0,229.6,14.98,44.94,-487.52,2.0
NSE:HCLTECH,LONG,65,2025-10-07T09:15:00+05:30,1436.2,2025-10-09T09:15:00+05:30,1483.4,lorentzian_new_long,lorentzian_exit_long,3068.0,273.78,18.98,56.93,2718.31,2.0
NSE:TCS,LONG,30,2025-10-07T09:15:00+05:30,2972.2,2025-10-09T09:15:00+05:30,3039.2,lorentzian_new_long,lorentzian_exit_long,2010.0,263.38,18.03,54.1,1674.48,2.0
NSE:INFY,LONG,55,2025-10-09T09:15:00+05:30,1505.0,2025-10-13T09:15:00+05:30,1488.8,lorentzian_new_long,lorentzian_exit_long,-891.0,246.17,16.47,49.4,-1203.03,4.0
NSE:TATASTEEL,LONG,355,2025-10-09T09:15:00+05:30,175.48,2025-10-13T09:15:00+05:30,172.61,lorentzian_new_long,lorentzian_exit_long,-1018.85,200.52,12.36,37.07,-1268.8,4.0
NSE:WIPRO,LONG,345,2025-10-10T09:15:00+05:30,249.6,2025-10-14T09:15:00+05:30,248.0,lorentzian_new_long,lorentzian_exit_long,-552.0,253.94,17.17,51.5,-874.61,4.0
NSE:ICICIBANK,LONG,55,2025-10-15T09:15:00+05:30,1396.1,2025-10-17T09:15:00+05:30,1424.8,lorentzian_new_long,lorentzian_exit_long,1578.5,235.42,15.51,46.54,1281.02,2.0
NSE:HINDUNILVR,LONG,35,2025-10-16T13:15:00+05:30,2560.0,2025-10-20T13:15:00+05:30,2601.1,lorentzian_new_long,lorentzian_exit_long,1438.5,263.75,18.06,54.19,1102.49,4.0
NSE:ITC,LONG,185,2025-10-16T13:15:00+05:30,405.45,2025-10-20T13:15:00+05:30,412.6,lorentzian_new_long,lorentzian_exit_long,1322.75,231.2,15.13,45.4,1031.01,4.0
NSE:TATACONSUM,LONG,65,2025-10-16T13:15:00+05:30,1148.7,2025-10-20T13:15:00+05:30,1180.0,lorentzian_new_long,lorentzian_exit_long,2034.5,231.18,15.14,45.41,1742.78,4.0
NSE:INFY,SHORT,60,2025-10-17T09:15:00+05:30,1438.1,2025-10-21T13:15:00+05:30,1471.0,lorentzian_new_short,lorentzian_exit_short,-1974.0,257.24,17.45,52.36,-2301.06,4.17
NSE:WIPRO,SHORT,355,2025-10-17T09:15:00+05:30,239.92,2025-10-21T13:15:00+05:30,241.19,lorentzian_new_short,lorentzian_exit_short,-450.85,252.95,17.08,51.24,-772.12,4.17
NSE:ICICIBANK,SHORT,55,2025-10-21T13:15:00+05:30,1381.3,2025-10-24T13:15:00+05:30,1378.0,lorentzian_new_short,lorentzian_exit_short,181.5,231.76,15.18,45.53,-110.96,3.0
NSE:INFY,LONG,50,2025-10-23T09:15:00+05:30,1542.5,2025-10-27T09:15:00+05:30,1503.2,lorentzian_new_long,lorentzian_exit_long,-1965.0,232.5,15.23,45.69,-2258.41,4.0
NSE:HINDUNILVR,SHORT,35,2025-10-24T09:15:00+05:30,2513.4,2025-10-28T09:15:00+05:30,2494.5,lorentzian_new_short,lorentzian_exit_short,661.5,257.85,17.53,52.58,333.54,4.0
NSE:RELIANCE,LONG,50,2025-10-29T09:15:00+05:30,1505.7,2025-10-31T09:15:00+05:30,1489.0,lorentzian_new_long,lorentzian_exit_long,-835.0,229.58,14.97,44.92,-1124.48,2.0
NSE:ADANIGREEN,LONG,60,2025-10-29T09:15:00+05:30,1115.3,2025-10-31T09:15:00+05:30,1149.5,lorentzian_new_long,lorentzian_exit_long,2052.0,213.98,13.59,40.77,1783.67,2.0
NSE:INFY,SHORT,55,2025-11-03T09:15:00+05:30,1480.0,2025-11-06T09:15:00+05:30,1477.0,lorentzian_new_short,lorentzian_exit_short,165.0,243.84,16.26,48.79,-143.9,3.0
NSE:LT,LONG,15,2025-10-16T09:15:00+05:30,3862.3,2025-11-06T09:15:00+05:30,3907.3,lorentzian_new_long,lorentzian_new_short,675.0,192.59,11.65,34.96,435.8,21.0
NSE:HCLTECH,LONG,65,2025-10-23T09:15:00+05:30,1542.6,2025-11-07T09:15:00+05:30,1509.2,lorentzian_new_long,lorentzian_new_short,-2171.0,283.72,19.84,59.51,-2534.07,15.0
NSE:ITC,SHORT,185,2025-11-04T09:15:00+05:30,410.3,2025-11-07T09:15:00+05:30,404.4,lorentzian_new_short,lorentzian_exit_short,1091.5,230.53,15.07,45.22,800.68,3.0
NSE:TCS,SHORT,30,2025-11-04T09:15:00+05:30,2983.5,2025-11-07T09:15:00+05:30,2975.9,lorentzian_new_short,lorentzian_exit_short,228.0,261.78,17.88,53.63,-105.29,3.0
NSE:SENSEX,SHORT,1.1640525927205811,2025-11-06T09:15:00+05:30,83554.06,2025-11-10T09:15:00+05:30,83676.2,lorentzian_new_short,lorentzian_exit_short,-142.18,72.8,3.89,19.47,-238.34,4.0
NSE:TATASTEEL,SHORT,345,2025-11-06T09:15:00+05:30,177.57,2025-11-10T09:15:00+05:30,181.12,lorentzian_new_short,lorentzian_exit_short,-1224.75,200.73,12.37,37.12,-1474.98,4.0
NSE:NIFTY,SHORT,3.6853692152817232,2025-11-06T09:15:00+05:30,25583.6,2025-11-10T09:15:00+05:30,25630.25,lorentzian_new_short,lorentzian_exit_short,-171.92,72.02,3.77,18.87,-266.59,4.0
NSE:ADANIGREEN,SHORT,65,2025-11-06T09:15:00+05:30,1060.1,2025-11-10T09:15:00+05:30,1062.8,lorentzian_new_short,lorentzian_exit_short,-175.5,216.48,13.8,41.4,-447.17,4.0
NSE:LT,SHORT,15,2025-11-06T09:15:00+05:30,3907.3,2025-11-10T09:15:00+05:30,3932.4,lorentzian_new_short,lorentzian_exit_short,-376.5,193.83,11.76,35.28,-617.37,4.0
NSE:HCLTECH,SHORT,65,2025-11-07T09:15:00+05:30,1509.2,2025-11-11T09:15:00+05:30,1556.4,lorentzian_new_short,lorentzian_exit_short,-3068.0,284.79,19.93,59.78,-3432.49,4.0
NSE:INFY,LONG,50,2025-11-10T09:15:00+05:30,1517.9,2025-11-12T09:15:00+05:30,1554.6,lorentzian_new_long,lorentzian_exit_long,1835.0,233.7,15.36,46.09,1539.85,2.0
NSE:HCLTECH,LONG,60,2025-11-12T09:15:00+05:30,1599.1,2025-11-14T09:15:00+05:30,1576.5,lorentzian_new_long,lorentzian_exit_long,-1356.0,274.96,19.05,57.16,-1707.17,2.0
NSE:SENSEX,LONG,1.1463892590424167,2025-11-12T09:15:00+05:30,84634.16,2025-11-14T09:15:00+05:30,84218.36,lorentzian_new_long,lorentzian_exit_long,-476.67,72.63,3.87,19.36,-572.53,2.0
NSE:ICICIBANK,LONG,55,2025-11-12T09:15:00+05:30,1365.4,2025-11-14T09:15:00+05:30,1366.9,lorentzian_new_long,lorentzian_exit_long,82.5,230.11,15.03,45.08,-207.73,2.0
NSE:WIPRO,LONG,340,2025-11-12T09:15:00+05:30,245.82,2025-11-14T09:15:00+05:30,242.9,lorentzian_new_long,lorentzian_exit_long,-992.8,247.85,16.62,49.85,-1307.12,2.0
NSE:NIFTY,LONG,3.626829811148878,2025-11-12T09:15:00+05:30,25923.25,2025-11-14T09:15:00+05:30,25799.6,lorentzian_new_long,lorentzian_exit_long,-448.46,71.85,3.75,18.76,-542.81,2.0
NSE:TCS,LONG,30,2025-11-12T09:15:00+05:30,3125.0,2025-11-14T09:15:00+05:30,3080.1,lorentzian_new_long,lorentzian_exit_long,-1347.0,270.09,18.62,55.85,-1691.55,2.0
NSE:LT,LONG,15,2025-11-13T09:15:00+05:30,4002.3,2025-11-17T09:15:00+05:30,4012.3,lorentzian_new_long,lorentzian_exit_long,150.0,196.71,12.02,36.07,-94.8,4.0
NSE:BHARTIARTL,LONG,45,2025-10-07T09:15:00+05:30,1938.5,2025-11-17T09:15:00+05:30,2113.7,lorentzian_new_long,lorentzian_exit_long,7884.0,265.17,18.23,54.7,7545.89,41.0
NSE:INFY,SHORT,55,2025-11-14T09:15:00+05:30,1493.6,2025-11-18T09:15:00+05:30,1487.1,lorentzian_new_short,lorentzian_exit_short,357.5,245.28,16.39,49.18,46.65,4.0
NSE:TATACONSUM,SHORT,65,2025-11-10T09:15:00+05:30,1144.7,2025-11-21T13:15:00+05:30,1184.5,lorentzian_new_short,lorentzian_new_long,-2587.0,231.56,15.14,45.42,-2879.12,11.17
NSE:TATACONSUM,LONG,65,2025-11-21T13:15:00+05:30,1184.5,2025-11-25T13:15:00+05:30,1174.7,lorentzian_new_long,lorentzian_exit_long,-637.0,233.58,15.33,46.0,-931.92,4.0
NSE:INFY,LONG,50,2025-11-24T09:15:00+05:30,1562.1,2025-11-26T09:15:00+05:30,1550.0,lorentzian_new_long,lorentzian_exit_long,-605.0,236.09,15.56,46.68,-903.33,2.0
NSE:LT,LONG,15,2025-11-27T09:15:00+05:30,4085.0,2025-12-01T09:15:00+05:30,4060.1,lorentzian_new_long,lorentzian_exit_long,-373.5,198.92,12.22,36.65,-621.29,4.0
NSE:HINDUNILVR,LONG,35,2025-11-28T09:15:00+05:30,2462.6,2025-12-02T09:15:00+05:30,2473.0,lorentzian_new_long,lorentzian_exit_long,364.0,255.06,17.27,51.82,39.84,4.0
NSE:RELIANCE,LONG,50,2025-11-12T09:15:00+05:30,1523.5,2025-12-03T09:15:00+05:30,1537.8,lorentzian_new_long,lorentzian_new_short,715.0,233.17,15.31,45.92,420.61,21.0
NSE:BANKNIFTY,LONG,1.5845462544762074,2025-12-01T09:15:00+05:30,59773.8,2025-12-03T09:15:00+05:30,59083.45,lorentzian_new_long,lorentzian_new_short,-1093.89,71.89,3.77,18.83,-1188.38,2.0
NSE:TATACONSUM,SHORT,65,2025-12-02T09:15:00+05:30,1157.5,2025-12-04T09:15:00+05:30,1143.1,lorentzian_new_short,lorentzian_exit_short,936.0,229.23,14.95,44.86,646.95,2.0
NSE:RELIANCE,SHORT,50,2025-12-03T09:15:00+05:30,1537.8,2025-12-05T09:15:00+05:30,1537.2,lorentzian_new_short,lorentzian_exit_short,30.0,233.98,15.38,46.12,-265.48,2.0
NSE:SENSEX,SHORT,1.1361191167561742,2025-12-03T09:15:00+05:30,84896.8,2025-12-05T09:15:00+05:30,85695.69,lorentzian_new_short,lorentzian_exit_short,-907.63,72.62,3.88,19.38,-1003.51,2.0
NSE:BANKNIFTY,SHORT,1.5830072280561815,2025-12-03T09:15:00+05:30,59083.45,2025-12-05T09:15:00+05:30,59723.15,lorentzian_new_short,lorentzian_exit_short,-1012.65,71.86,3.76,18.81,-1107.08,2.0
NSE:SBIN,SHORT,85,2025-12-03T09:15:00+05:30,953.1,2025-12-05T09:15:00+05:30,963.95,lorentzian_new_short,lorentzian_exit_short,-922.25,244.27,16.29,48.88,-1231.7,2.0
NSE:NIFTY,SHORT,3.603888712556388,2025-12-03T09:15:00+05:30,25938.1,2025-12-05T09:15:00+05:30,26180.95,lorentzian_new_short,lorentzian_exit_short,-875.2,71.84,3.76,18.78,-969.58,2.0
NSE:LT,SHORT,15,2025-12-03T09:15:00+05:30,3981.5,2025-12-05T09:15:00+05:30,4035.9,lorentzian_new_short,lorentzian_exit_short,-816.0,196.83,12.03,36.08,-1060.93,2.0
NSE:ICICIBANK,SHORT,55,2025-12-11T09:15:00+05:30,1358.6,2025-12-15T09:15:00+05:30,1367.5,lorentzian_new_short,lorentzian_exit_short,-489.5,229.78,14.99,44.98,-779.25,4.0
NSE:BHARTIARTL,SHORT,45,2025-12-11T09:15:00+05:30,2051.2,2025-12-15T09:15:00+05:30,2077.6,lorentzian_new_short,lorentzian_exit_short,-1188.0,269.68,18.58,55.74,-1532.0,4.0
NSE:TATASTEEL,LONG,350,2025-12-12T09:15:00+05:30,171.41,2025-12-16T09:15:00+05:30,170.01,lorentzian_new_long,lorentzian_exit_long,-490.0,195.95,11.95,35.85,-733.75,4.0
NSE:LT,LONG,15,2025-12-12T09:15:00+05:30,4094.5,2025-12-16T09:15:00+05:30,4060.2,lorentzian_new_long,lorentzian_exit_long,-514.5,199.09,12.23,36.7,-762.52,4.0
NSE:ADANIGREEN,LONG,65,2025-12-15T09:15:00+05:30,1050.2,2025-12-17T09:15:00+05:30,1022.5,lorentzian_new_long,lorentzian_exit_long,-1800.5,212.98,13.47,40.42,-2067.37,2.0
NSE:TATACONSUM,LONG,65,2025-12-16T09:15:00+05:30,1167.5,2025-12-18T09:15:00+05:30,1179.3,lorentzian_new_long,lorentzian_exit_long,767.0,232.58,15.25,45.76,473.4,2.0
NSE:SBIN,LONG,85,2025-12-17T09:15:00+05:30,974.8,2025-12-19T09:15:00+05:30,979.5,lorentzian_new_long,lorentzian_exit_long,399.5,247.69,16.61,49.83,85.36,2.0
NSE:BHARTIARTL,LONG,45,2025-12-17T09:15:00+05:30,2103.6,2025-12-19T09:15:00+05:30,2084.4,lorentzian_new_long,lorentzian_exit_long,-864.0,272.62,18.85,56.54,-1212.0,2.0
NSE:SENSEX,LONG,1.1170747780392936,2025-12-22T09:15:00+05:30,85448.5,2025-12-24T09:15:00+05:30,85516.02,lorentzian_new_long,lorentzian_exit_long,75.42,72.34,3.82,19.1,-19.83,2.0
NSE:NIFTY,LONG,3.539078806233658,2025-12-22T09:15:00+05:30,26139.95,2025-12-24T09:15:00+05:30,26181.05,lorentzian_new_long,lorentzian_exit_long,145.46,71.58,3.7,18.52,51.66,2.0
NSE:ITC,LONG,185,2025-12-23T13:15:00+05:30,408.85,2025-12-26T13:15:00+05:30,404.9,lorentzian_new_long,lorentzian_exit_long,-730.75,230.47,15.05,45.16,-1021.44,3.0
NSE:HCLTECH,SHORT,55,2025-12-30T09:15:00+05:30,1623.0,2026-01-01T09:15:00+05:30,1642.3,lorentzian_new_short,lorentzian_exit_short,-1061.5,262.78,17.96,53.88,-1396.11,2.0
NSE:ITC,SHORT,190,2025-12-30T09:15:00+05:30,400.8,2026-01-01T09:15:00+05:30,367.6,lorentzian_new_short,lorentzian_exit_short,6308.0,224.89,14.6,43.8,6024.71,2.0
NSE:INFY,SHORT,50,2025-12-30T13:15:00+05:30,1623.5,2026-01-01T13:15:00+05:30,1629.5,lorentzian_new_short,lorentzian_exit_short,-300.0,243.89,16.27,48.8,-608.95,2.0
NSE:BANKNIFTY,LONG,1.5480276256836958,2025-12-31T09:15:00+05:30,59705.5,2026-01-02T09:15:00+05:30,60106.25,lorentzian_new_long,lorentzian_exit_long,620.37,71.66,3.71,18.55,526.45,2.0
NSE:WIPRO,SHORT,315,2025-12-31T09:15:00+05:30,262.0,2026-01-02T09:15:00+05:30,270.45,lorentzian_new_short,lorentzian_exit_short,-2661.75,249.71,16.77,50.32,-2978.55,2.0
NSE:TCS,SHORT,30,2025-12-31T09:15:00+05:30,3221.7,2026-01-02T09:15:00+05:30,3244.4,lorentzian_new_short,lorentzian_exit_short,-681.0,278.74,19.4,58.19,-1037.33,2.0
NSE:RELIANCE,LONG,50,2026-01-01T09:15:00+05:30,1574.8,2026-01-05T09:15:00+05:30,1589.0,lorentzian_new_long,lorentzian_exit_long,710.0,238.86,15.82,47.46,407.86,4.0
NSE:HINDUNILVR,LONG,35,2026-01-02T09:15:00+05:30,2357.2,2026-01-06T09:15:00+05:30,2412.3,lorentzian_new_long,lorentzian_exit_long,1928.5,248.49,16.69,50.08,1613.24,4.0
NSE:ICICIBANK,LONG,55,2026-01-05T09:15:00+05:30,1371.9,2026-01-07T09:15:00+05:30,1426.6,lorentzian_new_long,lorentzian_exit_long,3008.5,233.94,15.39,46.18,2712.99,2.0
NSE:RELIANCE,SHORT,50,2026-01-06T09:15:00+05:30,1506.0,2026-01-08T09:15:00+05:30,1473.4,lorentzian_new_short,lorentzian_exit_short,1630.0,228.55,14.9,44.69,1341.86,2.0
NSE:SENSEX,SHORT,1.125110493478037,2026-01-07T09:15:00+05:30,84820.64,2026-01-09T09:15:00+05:30,83575.26,lorentzian_new_short,lorentzian_exit_short,1401.19,72.26,3.79,18.95,1306.2,2.0
NSE:HCLTECH,LONG,55,2026-01-08T09:15:00+05:30,1655.0,2026-01-12T09:15:00+05:30,1655.3,lorentzian_new_long,lorentzian_exit_long,16.5,265.45,18.21,54.62,-321.77,4.0
NSE:NIFTY,SHORT,3.5702571690792864,2026-01-08T09:15:00+05:30,25926.1,2026-01-12T09:15:00+05:30,25722.3,lorentzian_new_short,lorentzian_exit_short,727.62,71.53,3.69,18.44,633.96,4.0
NSE:BHARTIARTL,SHORT,45,2026-01-08T09:15:00+05:30,2062.4,2026-01-12T09:15:00+05:30,2017.5,lorentzian_new_short,lorentzian_exit_short,2020.5,266.99,18.36,55.08,1680.07,4.0
NSE:BANKNIFTY,SHORT,1.5681533184793186,2026-01-09T09:15:00+05:30,59273.95,2026-01-13T09:15:00+05:30,59403.4,lorentzian_new_short,lorentzian_exit_short,-203.0,71.67,3.72,18.61,-297.0,4.0
NSE:TATASTEEL,SHORT,330,2026-01-09T09:15:00+05:30,178.98,2026-01-13T09:15:00+05:30,181.94,lorentzian_new_short,lorentzian_exit_short,-976.8,195.55,11.91,35.73,-1220.0,4.0
NSE:TATACONSUM,SHORT,65,2026-01-12T09:15:00+05:30,1186.3,2026-01-14T09:15:00+05:30,1174.0,lorentzian_new_short,lorentzian_exit_short,799.5,233.55,15.34,46.03,504.58,2.0
NSE:TATASTEEL,LONG,305,2026-01-14T09:15:00+05:30,189.08,2026-01-19T09:15:00+05:30,188.1,lorentzian_new_long,lorentzian_exit_long,-298.9,190.99,11.5,34.51,-535.9,5.0
NSE:INFY,LONG,45,2026-01-16T09:15:00+05:30,1686.0,2026-01-20T09:15:00+05:30,1665.5,lorentzian_new_long,lorentzian_exit_long,-922.5,230.79,15.08,45.25,-1213.62,4.0
NSE:ICICIBANK,SHORT,55,2026-01-19T09:15:00+05:30,1369.6,2026-01-21T09:15:00+05:30,1352.7,lorentzian_new_short,lorentzian_exit_short,929.5,229.44,14.97,44.92,640.17,2.0
NSE:WIPRO,SHORT,325,2026-01-19T09:15:00+05:30,246.95,2026-01-21T09:15:00+05:30,239.5,lorentzian_new_short,lorentzian_exit_short,2421.25,238.63,15.81,47.43,2119.38,2.0
NSE:TATASTEEL,SHORT,315,2026-01-21T09:15:00+05:30,183.51,2026-01-23T09:15:00+05:30,188.96,lorentzian_new_short,lorentzian_new_long,-1716.75,193.64,11.73,35.2,-1957.32,2.0
NSE:TATASTEEL,LONG,295,2026-01-23T09:15:00+05:30,188.96,2026-01-28T09:15:00+05:30,194.16,lorentzian_new_long,lorentzian_exit_long,1534.0,188.61,11.3,33.91,1300.19,5.0
NSE:HINDUNILVR,SHORT,35,2026-01-29T09:15:00+05:30,2338.7,2026-02-01T09:15:00+05:30,2344.9,lorentzian_new_short,lorentzian_exit_short,-217.0,245.31,16.39,49.18,-527.88,3.0
NSE:BANKNIFTY,LONG,1.5477400230347358,2026-01-29T09:15:00+05:30,59864.4,2026-02-01T09:15:00+05:30,58958.6,lorentzian_new_long,lorentzian_exit_long,-1401.94,71.27,3.68,18.39,-1495.29,3.0
NSE:LT,LONG,15,2026-01-01T09:15:00+05:30,4135.0,2026-02-01T09:15:00+05:30,3934.9,lorentzian_new_long,lorentzian_exit_long,-3001.5,197.87,12.1,36.31,-3247.79,31.0
NSE:TCS,SHORT,30,2026-01-30T09:15:00+05:30,3123.3,2026-02-01T13:15:00+05:30,3178.2,lorentzian_new_short,lorentzian_new_long,-1647.0,273.33,18.9,56.71,-1995.94,2.17
NSE:INFY,SHORT,45,2026-01-30T09:15:00+05:30,1627.2,2026-02-02T09:15:00+05:30,1629.5,lorentzian_new_short,lorentzian_exit_short,-103.5,225.99,14.66,43.97,-388.11,3.0
NSE:HCLTECH,SHORT,55,2026-02-01T09:15:00+05:30,1685.3,2026-02-03T09:15:00+05:30,1706.6,lorentzian_new_short,lorentzian_exit_short,-1171.5,270.52,18.66,55.97,-1516.64,2.0
NSE:ADANIGREEN,SHORT,65,2026-01-08T09:15:00+05:30,995.5,2026-02-03T09:15:00+05:30,930.4,lorentzian_new_short,lorentzian_new_long,4231.5,201.92,12.52,37.56,3979.51,26.0
NSE:BANKNIFTY,SHORT,1.5622597281836268,2026-02-01T13:15:00+05:30,58353.75,2026-02-03T13:15:00+05:30,59986.7,lorentzian_new_short,lorentzian_exit_short,-2551.09,71.3,3.7,18.49,-2644.58,2.0
NSE:SBIN,SHORT,80,2026-02-02T09:15:00+05:30,1017.5,2026-02-03T13:15:00+05:30,1062.1,lorentzian_new_short,lorentzian_exit_short,-3568.0,248.27,16.64,49.91,-3882.82,1.17
NSE:TCS,LONG,25,2026-02-01T13:15:00+05:30,3178.2,2026-02-03T13:15:00+05:30,3220.0,lorentzian_new_long,lorentzian_exit_long,1045.0,240.8,16.0,47.99,740.22,2.0
NSE:RELIANCE,LONG,55,2026-02-03T09:15:00+05:30,1442.8,2026-02-05T09:15:00+05:30,1443.9,lorentzian_new_long,lorentzian_exit_long,60.5,239.55,15.88,47.63,-242.56,2.0
NSE:SENSEX,LONG,1.1525534300079123,2026-02-03T09:15:00+05:30,83930.93,2026-02-05T09:15:00+05:30,83342.64,lorentzian_new_long,lorentzian_exit_long,-678.04,72.51,3.86,19.28,-773.68,2.0
NSE:ICICIBANK,LONG,55,2026-02-03T09:15:00+05:30,1397.5,2026-02-05T09:15:00+05:30,1405.3,lorentzian_new_long,lorentzian_exit_long,429.0,234.4,15.42,46.25,132.94,2.0
NSE:NIFTY,LONG,3.613564312113025,2026-02-03T09:15:00+05:30,25790.3,2026-02-05T09:15:00+05:30,25636.8,lorentzian_new_long,lorentzian_exit_long,-554.68,71.6,3.72,18.58,-648.59,2.0
NSE:ADANIGREEN,LONG,75,2026-02-03T09:15:00+05:30,930.4,2026-02-05T09:15:00+05:30,960.95,lorentzian_new_long,lorentzian_exit_long,2291.25,220.59,14.19,42.56,2013.92,2.0
NSE:TATACONSUM,LONG,65,2026-02-03T09:15:00+05:30,1153.2,2026-02-05T09:15:00+05:30,1147.9,lorentzian_new_long,lorentzian_exit_long,-344.5,229.36,14.96,44.87,-633.69,2.0
NSE:HINDUNILVR,LONG,35,2026-02-06T13:15:00+05:30,2421.0,2026-02-10T13:15:00+05:30,2449.5,lorentzian_new_long,lorentzian_exit_long,997.5,252.48,17.05,51.14,676.83,4.0
NSE:ITC,LONG,250,2026-02-09T09:15:00+05:30,323.75,2026-02-11T09:15:00+05:30,317.15,lorentzian_new_long,lorentzian_exit_long,-1650.0,241.3,16.02,48.07,-1955.39,2.0
NSE:SBIN,LONG,65,2026-02-09T09:15:00+05:30,1139.9,2026-02-11T09:15:00+05:30,1176.9,lorentzian_new_long,lorentzian_exit_long,2405.0,230.29,15.06,45.18,2114.47,2.0
NSE:TATASTEEL,LONG,280,2026-02-09T09:15:00+05:30,202.0,2026-02-11T09:15:00+05:30,207.26,lorentzian_new_long,lorentzian_exit_long,1472.8,190.36,11.46,34.38,1236.6,2.0
NSE:RELIANCE,SHORT,55,2026-02-13T09:15:00+05:30,1424.8,2026-02-17T09:15:00+05:30,1422.2,lorentzian_new_short,lorentzian_exit_short,143.0,237.12,15.66,46.98,-156.75,4.0
NSE:SENSEX,SHORT,1.156955402748036,2026-02-13T09:15:00+05:30,82944.87,2026-02-17T09:15:00+05:30,83498.03,lorentzian_new_short,lorentzian_exit_short,-639.98,72.48,3.85,19.26,-735.57,4.0
NSE:HINDUNILVR,SHORT,40,2026-02-13T09:15:00+05:30,2324.8,2026-02-17T09:15:00+05:30,2307.1,lorentzian_new_short,lorentzian_exit_short,708.0,268.96,18.53,55.58,364.93,4.0
NSE:NIFTY,SHORT,3.6187427580948612,2026-02-13T09:15:00+05:30,25574.7,2026-02-17T09:15:00+05:30,25736.35,lorentzian_new_short,lorentzian_exit_short,-584.97,71.58,3.71,18.57,-678.83,4.0
NSE:TATACONSUM,SHORT,65,2026-02-16T09:15:00+05:30,1136.1,2026-02-18T09:15:00+05:30,1160.5,lorentzian_new_short,lorentzian_new_long,-1586.0,229.13,14.93,44.78,-1874.84,2.0
NSE:TATACONSUM,LONG,60,2026-02-18T09:15:00+05:30,1160.5,2026-02-20T09:15:00+05:30,1156.4,lorentzian_new_long,lorentzian_exit_long,-246.0,217.62,13.9,41.7,-519.23,2.0
NSE:BANKNIFTY,LONG,1.4611353078665121,2026-02-09T09:15:00+05:30,60587.85,2026-03-02T09:15:00+05:30,59625.85,lorentzian_new_long,lorentzian_new_short,-1405.61,70.19,3.51,17.56,-1496.88,21.0
NSE:ITC,SHORT,255,2026-02-27T09:15:00+05:30,315.45,2026-03-04T09:15:00+05:30,312.7,lorentzian_new_short,lorentzian_exit_short,701.25,241.07,16.02,48.05,396.11,5.0
NSE:TATACONSUM,SHORT,65,2026-02-27T09:15:00+05:30,1143.8,2026-03-04T09:15:00+05:30,1116.4,lorentzian_new_short,lorentzian_exit_short,1781.0,226.25,14.69,44.07,1495.98,5.0
NSE:BANKNIFTY,SHORT,1.4596797580121434,2026-03-02T09:15:00+05:30,59625.85,2026-03-05T09:15:00+05:30,58850.95,lorentzian_new_short,lorentzian_exit_short,1131.11,70.06,3.46,17.29,1040.29,3.0
NSE:ICICIBANK,SHORT,55,2026-03-02T09:15:00+05:30,1367.2,2026-03-05T09:15:00+05:30,1355.4,lorentzian_new_short,lorentzian_exit_short,649.0,229.48,14.97,44.92,359.62,3.0
NSE:ADANIGREEN,SHORT,80,2026-03-02T09:15:00+05:30,885.9,2026-03-05T09:15:00+05:30,870.25,lorentzian_new_short,lorentzian_exit_short,1252.0,219.15,14.05,42.15,976.65,3.0
NSE:LT,SHORT,15,2026-03-02T09:15:00+05:30,3990.1,2026-03-05T09:15:00+05:30,3992.6,lorentzian_new_short,lorentzian_exit_short,-37.5,196.19,11.97,35.92,-281.59,3.0
NSE:TATASTEEL,SHORT,275,2026-03-02T09:15:00+05:30,208.9,2026-03-20T09:15:00+05:30,197.4,lorentzian_new_short,lorentzian_new_long,3162.5,187.05,11.17,33.52,2930.75,18.0
NSE:HCLTECH,SHORT,55,2026-02-04T09:15:00+05:30,1609.5,2026-03-24T09:15:00+05:30,1385.1,lorentzian_new_short,lorentzian_new_long,12342.0,245.23,16.47,49.41,12030.89,48.0
NSE:TATASTEEL,LONG,310,2026-03-20T09:15:00+05:30,197.4,2026-03-24T09:15:00+05:30,191.3,lorentzian_new_long,lorentzian_exit_long,-1891.0,197.17,12.05,36.15,-2136.37,4.0
NSE:HCLTECH,LONG,75,2026-03-24T09:15:00+05:30,1385.1,2026-03-27T09:15:00+05:30,1379.0,lorentzian_new_long,lorentzian_exit_long,-457.5,293.53,20.73,62.19,-833.95,3.0
NSE:LT,LONG,15,2026-03-25T09:15:00+05:30,3635.8,2026-03-30T09:15:00+05:30,3526.7,lorentzian_new_long,lorentzian_exit_long,-1636.5,182.64,10.74,32.23,-1862.12,5.0
NSE:SENSEX,SHORT,1.3137420974438518,2026-03-30T09:15:00+05:30,72487.7,2026-04-02T09:15:00+05:30,72112.34,lorentzian_new_short,lorentzian_exit_short,493.13,72.24,3.8,19.0,398.09,3.0
NSE:NIFTY,SHORT,4.083321067243022,2026-03-30T09:15:00+05:30,22499.2,2026-04-02T09:15:00+05:30,22369.85,lorentzian_new_short,lorentzian_exit_short,528.18,71.36,3.66,18.32,434.83,3.0
NSE:TCS,SHORT,30,2026-02-04T09:15:00+05:30,3001.8,2026-04-07T09:15:00+05:30,2526.1,lorentzian_new_short,lorentzian_new_long,14271.0,246.34,16.58,49.75,13958.32,62.0
NSE:SBIN,SHORT,65,2026-02-26T09:15:00+05:30,1192.3,2026-04-08T09:15:00+05:30,1066.0,lorentzian_new_short,lorentzian_new_long,8209.5,225.63,14.68,44.04,7925.15,41.0
NSE:ADANIGREEN,LONG,80,2026-04-06T09:15:00+05:30,912.55,2026-04-08T09:15:00+05:30,1024.6,lorentzian_new_long,lorentzian_exit_long,8964.0,234.67,15.5,46.49,8667.34,2.0
NSE:BHARTIARTL,SHORT,55,2026-04-02T09:15:00+05:30,1753.2,2026-04-08T09:15:00+05:30,1857.6,lorentzian_new_short,lorentzian_new_long,-5742.0,284.24,19.86,59.58,-6105.68,6.0
NSE:WIPRO,LONG,405,2026-03-11T09:15:00+05:30,203.51,2026-04-09T09:15:00+05:30,203.45,lorentzian_new_long,lorentzian_exit_long,-24.3,246.28,16.48,49.45,-336.51,29.0
NSE:TCS,LONG,40,2026-04-07T09:15:00+05:30,2526.1,2026-04-09T09:15:00+05:30,2598.5,lorentzian_new_long,lorentzian_exit_long,2896.0,290.7,20.5,61.5,2523.31,2.0
NSE:ICICIBANK,LONG,60,2026-04-08T09:15:00+05:30,1310.8,2026-04-09T13:15:00+05:30,1283.5,lorentzian_new_long,lorentzian_exit_long,-1638.0,236.22,15.57,46.7,-1936.49,1.17
NSE:SENSEX,LONG,1.234504502110048,2026-04-08T09:15:00+05:30,77461.88,2026-04-10T09:15:00+05:30,77393.46,lorentzian_new_long,lorentzian_exit_long,-84.46,101.01,3.82,19.12,-208.42,2.0
NSE:HINDUNILVR,LONG,40,2026-04-08T09:15:00+05:30,2155.0,2026-04-10T09:15:00+05:30,2144.1,lorentzian_new_long,lorentzian_exit_long,-436.0,254.25,17.2,51.59,-759.04,2.0
NSE:ITC,LONG,265,2026-04-08T09:15:00+05:30,303.45,2026-04-10T09:15:00+05:30,304.8,lorentzian_new_long,lorentzian_exit_long,357.75,242.22,16.12,48.36,51.06,2.0
NSE:SBIN,LONG,80,2026-04-08T09:15:00+05:30,1066.0,2026-04-10T09:15:00+05:30,1059.0,lorentzian_new_long,lorentzian_exit_long,-560.0,252.08,17.0,51.0,-880.08,2.0
NSE:NIFTY,LONG,3.8501641787440217,2026-04-08T09:15:00+05:30,23974.3,2026-04-10T09:15:00+05:30,24003.15,lorentzian_new_long,lorentzian_exit_long,111.08,99.24,3.69,18.47,-10.33,2.0
NSE:LT,LONG,15,2026-04-08T09:15:00+05:30,3993.4,2026-04-10T09:15:00+05:30,3941.3,lorentzian_new_long,lorentzian_exit_long,-781.5,195.45,11.9,35.71,-1024.56,2.0
NSE:TATACONSUM,LONG,70,2026-04-08T09:15:00+05:30,1069.8,2026-04-10T09:15:00+05:30,1088.7,lorentzian_new_long,lorentzian_exit_long,1323.0,230.93,15.11,45.33,1031.63,2.0
NSE:INFY,LONG,60,2026-04-07T09:15:00+05:30,1331.5,2026-04-22T09:15:00+05:30,1261.5,lorentzian_new_long,lorentzian_new_short,-4200.0,236.33,15.56,46.67,-4498.56,15.0
NSE:BHARTIARTL,LONG,50,2026-04-08T09:15:00+05:30,1857.6,2026-04-23T09:15:00+05:30,1836.0,lorentzian_new_long,lorentzian_new_short,-1080.0,268.43,18.47,55.4,-1422.3,15.0
NSE:HCLTECH,SHORT,80,2026-04-22T09:15:00+05:30,1286.2,2026-04-24T09:15:00+05:30,1201.7,lorentzian_new_short,lorentzian_exit_short,6760.0,283.79,19.9,59.71,6396.59,2.0
NSE:INFY,SHORT,60,2026-04-22T09:15:00+05:30,1261.5,2026-04-24T09:15:00+05:30,1165.3,lorentzian_new_short,lorentzian_exit_short,5772.0,224.5,14.56,43.68,5489.26,2.0
NSE:BHARTIARTL,SHORT,50,2026-04-23T09:15:00+05:30,1836.0,2026-04-27T09:15:00+05:30,1823.2,lorentzian_new_short,lorentzian_exit_short,640.0,266.39,18.3,54.89,300.42,4.0
NSE:RELIANCE,SHORT,60,2026-04-24T09:15:00+05:30,1328.9,2026-04-28T09:15:00+05:30,1379.0,lorentzian_new_short,lorentzian_new_long,-3006.0,243.9,16.25,48.74,-3314.89,4.0
NSE:BANKNIFTY,SHORT,1.5750329921554715,2026-04-24T09:15:00+05:30,55917.45,2026-04-28T09:15:00+05:30,55610.2,lorentzian_new_short,lorentzian_exit_short,483.93,96.78,3.51,17.57,366.07,4.0
NSE:ICICIBANK,SHORT,55,2026-04-24T09:15:00+05:30,1330.9,2026-04-28T09:15:00+05:30,1304.8,lorentzian_new_short,lorentzian_exit_short,1435.5,224.11,14.5,43.49,1153.41,4.0
NSE:WIPRO,SHORT,410,2026-04-24T09:15:00+05:30,198.38,2026-04-28T09:15:00+05:30,203.39,lorentzian_new_short,lorentzian_exit_short,-2054.1,246.33,16.47,49.42,-2366.32,4.0
NSE:NIFTY,SHORT,3.8672849797206834,2026-04-24T09:15:00+05:30,23865.5,2026-04-28T09:15:00+05:30,24017.6,lorentzian_new_short,lorentzian_exit_short,-588.21,99.2,3.7,18.52,-709.64,4.0
NSE:RELIANCE,LONG,55,2026-04-28T09:15:00+05:30,1379.0,2026-04-30T09:15:00+05:30,1420.5,lorentzian_new_long,lorentzian_exit_long,2282.5,234.06,15.4,46.19,1986.85,2.0
NSE:BHARTIARTL,LONG,45,2026-04-29T09:15:00+05:30,1888.8,2026-05-04T09:15:00+05:30,1840.2,lorentzian_new_long,lorentzian_exit_long,-2187.0,249.76,16.78,50.34,-2503.89,5.0
NSE:SBIN,SHORT,80,2026-04-30T09:15:00+05:30,1068.4,2026-05-05T09:15:00+05:30,1065.2,lorentzian_new_short,lorentzian_exit_short,256.0,252.78,17.07,51.21,-65.06,5.0
NSE:BHARTIARTL,SHORT,45,2026-05-05T09:15:00+05:30,1820.4,2026-05-07T09:15:00+05:30,1832.5,lorentzian_new_short,lorentzian_exit_short,-544.5,245.83,16.44,49.31,-856.09,2.0
NSE:LT,SHORT,15,2026-05-06T09:15:00+05:30,3923.4,2026-05-08T09:15:00+05:30,3969.1,lorentzian_new_short,lorentzian_exit_short,-685.5,194.74,11.84,35.52,-927.59,2.0
NSE:SBIN,LONG,80,2026-05-07T09:15:00+05:30,1096.7,2026-05-08T13:15:00+05:30,1018.4,lorentzian_new_long,lorentzian_new_short,-6264.0,251.63,16.92,50.76,-6583.31,1.17
NSE:SBIN,SHORT,80,2026-05-08T13:15:00+05:30,1018.4,2026-05-12T13:15:00+05:30,976.1,lorentzian_new_short,lorentzian_exit_short,3384.0,240.18,15.96,47.87,3079.99,4.0
NSE:ITC,SHORT,265,2026-05-12T09:15:00+05:30,303.6,2026-05-14T09:15:00+05:30,308.75,lorentzian_new_short,lorentzian_exit_short,-1364.75,243.55,16.23,48.68,-1673.21,2.0
NSE:BHARTIARTL,LONG,45,2026-05-14T09:15:00+05:30,1873.8,2026-05-18T09:15:00+05:30,1949.1,lorentzian_new_long,lorentzian_exit_long,3388.5,254.04,17.2,51.61,3065.65,4.0
NSE:TATASTEEL,SHORT,280,2026-05-18T09:15:00+05:30,209.26,2026-05-20T09:15:00+05:30,204.29,lorentzian_new_short,lorentzian_exit_short,1391.6,191.7,11.58,34.74,1153.58,2.0
NSE:HCLTECH,LONG,90,2026-05-19T09:15:00+05:30,1180.1,2026-05-21T09:15:00+05:30,1171.2,lorentzian_new_long,lorentzian_exit_long,-801.0,298.34,21.16,63.49,-1183.99,2.0
NSE:INFY,LONG,65,2026-05-19T09:15:00+05:30,1189.9,2026-05-21T09:15:00+05:30,1184.2,lorentzian_new_long,lorentzian_exit_long,-370.5,234.64,15.43,46.29,-666.86,2.0
NSE:TATACONSUM,SHORT,60,2026-05-20T09:15:00+05:30,1210.8,2026-05-22T09:15:00+05:30,1198.7,lorentzian_new_short,lorentzian_exit_short,726.0,223.73,14.46,43.37,444.45,2.0
NSE:HINDUNILVR,SHORT,40,2026-05-21T09:15:00+05:30,2187.6,2026-05-25T09:15:00+05:30,2215.9,lorentzian_new_short,lorentzian_exit_short,-1132.0,258.95,17.61,52.84,-1461.4,4.0
NSE:WIPRO,LONG,385,2026-05-22T09:15:00+05:30,205.2,2026-05-26T09:15:00+05:30,206.84,lorentzian_new_long,lorentzian_exit_long,631.4,239.36,15.86,47.59,328.58,4.0
NSE:SENSEX,LONG,1.250311478170796,2026-05-25T09:15:00+05:30,76316.38,2026-05-27T09:15:00+05:30,75920.34,lorentzian_new_long,lorentzian_exit_long,-495.17,100.68,3.81,19.03,-618.7,2.0
NSE:BANKNIFTY,LONG,1.607347145490739,2026-05-25T09:15:00+05:30,55020.35,2026-05-27T09:15:00+05:30,54922.75,lorentzian_new_long,lorentzian_exit_long,-156.88,96.92,3.53,17.67,-275.01,2.0
NSE:ICICIBANK,LONG,60,2026-05-25T09:15:00+05:30,1281.3,2026-05-27T09:15:00+05:30,1279.1,lorentzian_new_long,lorentzian_exit_long,-132.0,233.85,15.36,46.09,-427.3,2.0
NSE:NIFTY,LONG,3.819760987464556,2026-05-25T09:15:00+05:30,23977.2,2026-05-27T09:15:00+05:30,23897.15,lorentzian_new_long,lorentzian_exit_long,-305.77,98.62,3.66,18.29,-426.34,2.0
NSE:LT,LONG,15,2026-05-25T09:15:00+05:30,4010.3,2026-05-27T09:15:00+05:30,4051.9,lorentzian_new_long,lorentzian_exit_long,624.0,197.47,12.09,36.28,378.16,2.0
NSE:TATASTEEL,LONG,280,2026-05-27T09:15:00+05:30,215.3,2026-06-01T09:15:00+05:30,209.46,lorentzian_new_long,lorentzian_exit_long,-1635.2,195.41,11.89,35.68,-1878.19,5.0
NSE:BHARTIARTL,SHORT,45,2026-05-27T09:15:00+05:30,1861.7,2026-06-01T09:15:00+05:30,1811.0,lorentzian_new_short,lorentzian_exit_short,2281.5,246.61,16.53,49.58,1968.78,5.0
NSE:SENSEX,SHORT,1.2642737447369232,2026-05-29T13:15:00+05:30,74985.66,2026-06-02T13:15:00+05:30,74743.93,lorentzian_new_short,lorentzian_exit_short,305.61,100.58,3.79,18.93,182.32,4.0
NSE:NIFTY,SHORT,3.861279704659149,2026-05-29T13:15:00+05:30,23609.3,2026-06-02T13:15:00+05:30,23523.3,lorentzian_new_short,lorentzian_exit_short,332.07,98.53,3.64,18.2,211.7,4.0
NSE:BANKNIFTY,SHORT,1.6430102808766154,2026-06-01T09:15:00+05:30,53659.2,2026-06-03T09:15:00+05:30,53606.65,lorentzian_new_short,lorentzian_exit_short,86.34,96.85,3.52,17.62,-31.66,2.0
NSE:ICICIBANK,SHORT,60,2026-06-01T09:15:00+05:30,1241.9,2026-06-03T09:15:00+05:30,1235.8,lorentzian_new_short,lorentzian_exit_short,366.0,228.3,14.87,44.6,78.24,2.0
NSE:INFY,LONG,60,2026-06-02T09:15:00+05:30,1268.0,2026-06-04T09:15:00+05:30,1202.2,lorentzian_new_long,lorentzian_exit_long,-3948.0,228.12,14.82,44.46,-4235.41,2.0
NSE:TCS,LONG,45,2026-06-02T09:15:00+05:30,2444.6,2026-06-04T09:15:00+05:30,2231.0,lorentzian_new_long,lorentzian_exit_long,-9612.0,297.66,21.04,63.12,-9993.82,2.0
NSE:LT,SHORT,15,2026-06-02T09:15:00+05:30,3968.1,2026-06-04T09:15:00+05:30,3942.0,lorentzian_new_short,lorentzian_exit_short,391.5,194.95,11.87,35.6,149.09,2.0
NSE:HCLTECH,LONG,90,2026-05-29T09:15:00+05:30,1183.5,2026-06-05T09:15:00+05:30,1149.1,lorentzian_new_long,lorentzian_new_short,-3096.0,296.65,20.99,62.98,-3476.62,7.0
NSE:HCLTECH,SHORT,90,2026-06-05T09:15:00+05:30,1149.1,2026-06-09T09:15:00+05:30,1140.9,lorentzian_new_short,lorentzian_exit_short,738.0,292.1,20.61,61.83,363.46,4.0
NSE:SBIN,LONG,85,2026-06-05T09:15:00+05:30,979.0,2026-06-09T09:15:00+05:30,1001.45,lorentzian_new_long,lorentzian_exit_long,1908.25,250.05,16.83,50.5,1590.87,4.0
NSE:TATASTEEL,SHORT,285,2026-06-05T09:15:00+05:30,204.21,2026-06-09T09:15:00+05:30,201.6,lorentzian_new_short,lorentzian_exit_short,743.85,191.59,11.57,34.7,505.99,4.0
NSE:WIPRO,SHORT,405,2026-06-05T09:15:00+05:30,195.36,2026-06-09T09:15:00+05:30,181.5,lorentzian_new_short,lorentzian_exit_short,5613.3,232.31,15.26,45.79,5319.94,4.0
NSE:TCS,SHORT,45,2026-06-05T09:15:00+05:30,2202.0,2026-06-09T09:15:00+05:30,2141.6,lorentzian_new_short,lorentzian_exit_short,2718.0,280.13,19.55,58.64,2359.69,4.0
NSE:INFY,SHORT,60,2026-06-08T09:15:00+05:30,1191.8,2026-06-10T09:15:00+05:30,1149.3,lorentzian_new_short,lorentzian_exit_short,2550.0,219.03,14.05,42.14,2274.79,2.0
NSE:HINDUNILVR,LONG,40,2026-06-10T09:15:00+05:30,2184.9,2026-06-12T09:15:00+05:30,2149.8,lorentzian_new_long,lorentzian_exit_long,-1404.0,255.91,17.34,52.02,-1729.26,2.0
NSE:ICICIBANK,LONG,60,2026-06-10T09:15:00+05:30,1299.1,2026-06-12T09:15:00+05:30,1327.7,lorentzian_new_long,lorentzian_exit_long,1716.0,238.14,15.76,47.28,1414.82,2.0
NSE:BANKNIFTY,LONG,1.575913205767085,2026-06-12T09:15:00+05:30,55923.8,2026-06-16T09:15:00+05:30,57166.25,lorentzian_new_long,lorentzian_exit_long,1957.99,97.86,3.56,17.82,1838.75,4.0
NSE:SENSEX,LONG,1.2575198844091018,2026-06-12T13:15:00+05:30,75532.94,2026-06-16T13:15:00+05:30,76826.78,lorentzian_new_long,lorentzian_exit_long,1627.03,101.54,3.83,19.16,1502.5,4.0
NSE:LT,LONG,15,2026-06-12T13:15:00+05:30,4050.0,2026-06-16T13:15:00+05:30,4182.0,lorentzian_new_long,lorentzian_exit_long,1980.0,200.2,12.35,37.04,1730.41,4.0
NSE:RELIANCE,LONG,60,2026-06-15T09:15:00+05:30,1306.8,2026-06-17T09:15:00+05:30,1327.2,lorentzian_new_long,lorentzian_exit_long,1224.0,238.66,15.8,47.41,922.13,2.0
NSE:NIFTY,LONG,3.820571962912461,2026-06-15T09:15:00+05:30,23916.1,2026-06-17T09:15:00+05:30,24009.75,lorentzian_new_long,lorentzian_exit_long,357.8,98.85,3.66,18.31,236.98,2.0
NSE:BHARTIARTL,LONG,50,2026-06-15T09:15:00+05:30,1836.1,2026-06-17T09:15:00+05:30,1855.0,lorentzian_new_long,lorentzian_exit_long,945.0,268.14,18.46,55.37,603.04,2.0
NSE:ITC,LONG,270,2026-06-16T09:15:00+05:30,290.85,2026-06-18T09:15:00+05:30,289.9,lorentzian_new_long,lorentzian_exit_long,-256.5,237.39,15.68,47.04,-556.61,2.0
NSE:HCLTECH,SHORT,90,2026-06-19T09:15:00+05:30,1117.6,2026-06-23T09:15:00+05:30,1112.5,lorentzian_new_short,lorentzian_exit_short,459.0,286.13,20.07,60.21,92.59,4.0
NSE:HINDUNILVR,SHORT,40,2026-06-24T09:15:00+05:30,2152.5,2026-06-29T09:15:00+05:30,2159.7,lorentzian_new_short,lorentzian_exit_short,-288.0,254.82,17.25,51.75,-611.82,5.0
NSE:TATACONSUM,LONG,65,2026-06-25T13:15:00+05:30,1131.5,2026-06-30T09:15:00+05:30,1084.1,lorentzian_new_long,lorentzian_new_short,-3081.0,223.39,14.4,43.2,-3362.0,4.83
NSE:BHARTIARTL,SHORT,50,2026-06-25T13:15:00+05:30,1849.9,2026-06-30T13:15:00+05:30,1855.0,lorentzian_new_short,lorentzian_exit_short,-255.0,269.0,18.52,55.57,-598.1,5.0
NSE:TATACONSUM,SHORT,65,2026-06-30T09:15:00+05:30,1084.1,2026-07-02T09:15:00+05:30,1102.4,lorentzian_new_short,lorentzian_exit_short,-1189.5,221.15,14.21,42.64,-1467.5,2.0
NSE:LT,SHORT,15,2026-07-01T09:15:00+05:30,4088.1,2026-07-03T09:15:00+05:30,4033.9,lorentzian_new_short,lorentzian_exit_short,813.0,198.45,12.18,36.55,565.82,2.0
NSE:HINDUNILVR,LONG,40,2026-07-02T09:15:00+05:30,2205.0,2026-07-06T09:15:00+05:30,2205.0,lorentzian_new_long,lorentzian_exit_long,0.0,259.15,17.64,52.92,-329.71,4.0
NSE:HCLTECH,LONG,90,2026-07-03T09:15:00+05:30,1150.4,2026-07-07T09:15:00+05:30,1168.6,lorentzian_new_long,lorentzian_exit_long,1638.0,294.93,20.87,62.61,1259.58,4.0
NSE:WIPRO,LONG,485,2026-07-03T09:15:00+05:30,175.66,2026-07-07T09:15:00+05:30,174.42,lorentzian_new_long,lorentzian_exit_long,-601.4,251.85,16.98,50.94,-921.16,4.0
NSE:TCS,LONG,45,2026-07-03T09:15:00+05:30,2100.8,2026-07-07T09:15:00+05:30,2097.2,lorentzian_new_long,lorentzian_exit_long,-162.0,273.06,18.89,56.67,-510.63,4.0
NSE:BHARTIARTL,LONG,45,2026-07-03T09:15:00+05:30,1903.9,2026-07-07T09:15:00+05:30,1930.0,lorentzian_new_long,lorentzian_exit_long,1174.5,254.76,17.25,51.76,850.73,4.0
NSE:RELIANCE,SHORT,60,2026-07-08T09:15:00+05:30,1290.1,2026-07-10T09:15:00+05:30,1302.0,lorentzian_new_short,lorentzian_exit_short,-714.0,236.01,15.55,46.66,-1012.22,2.0
NSE:ITC,SHORT,275,2026-07-08T09:15:00+05:30,284.55,2026-07-10T09:15:00+05:30,281.45,lorentzian_new_short,lorentzian_exit_short,852.5,236.03,15.57,46.69,554.21,2.0
NSE:SENSEX,SHORT,1.2609695269898245,2026-07-08T13:15:00+05:30,76514.28,2026-07-10T13:15:00+05:30,77593.11,lorentzian_new_short,lorentzian_exit_short,-1360.37,101.59,3.89,19.43,-1485.28,2.0
NSE:HINDUNILVR,SHORT,40,2026-07-08T13:15:00+05:30,2134.6,2026-07-10T13:15:00+05:30,2148.0,lorentzian_new_short,lorentzian_exit_short,-536.0,253.53,17.13,51.39,-858.05,2.0
NSE:BANKNIFTY,SHORT,1.5831316650232097,2026-07-08T13:15:00+05:30,56826.8,2026-07-10T13:15:00+05:30,58052.15,lorentzian_new_short,lorentzian_exit_short,-1939.89,97.95,3.64,18.19,-2059.66,2.0
NSE:NIFTY,SHORT,3.833721107929034,2026-07-08T13:15:00+05:30,23895.7,2026-07-10T13:15:00+05:30,24211.65,lorentzian_new_short,lorentzian_exit_short,-1211.26,98.84,3.69,18.44,-1332.24,2.0
NSE:ICICIBANK,SHORT,55,2026-07-08T13:15:00+05:30,1383.1,2026-07-13T09:15:00+05:30,1405.5,lorentzian_new_short,lorentzian_exit_short,-1232.0,233.65,15.34,46.01,-1527.0,4.83
NSE:ICICIBANK,LONG,55,2026-07-17T09:15:00+05:30,1437.0,2026-07-21T09:15:00+05:30,1461.7,lorentzian_new_long,lorentzian_exit_long,1358.5,240.19,15.94,47.83,1054.54,4.0
NSE:BANKNIFTY,LONG,1.5007990455983338,2026-07-17T13:15:00+05:30,58576.0,2026-07-21T13:15:00+05:30,57817.6,lorentzian_new_long,lorentzian_exit_long,-1138.21,96.12,3.49,17.47,-1255.28,4.0
NSE:NIFTY,LONG,3.708149141996534,2026-07-17T13:15:00+05:30,24346.7,2026-07-21T13:15:00+05:30,24193.05,lorentzian_new_long,lorentzian_exit_long,-569.76,97.75,3.6,18.0,-689.1,4.0
NSE:RELIANCE,LONG,55,2026-07-20T09:15:00+05:30,1331.6,2026-07-22T09:15:00+05:30,1290.3,lorentzian_new_long,lorentzian_new_short,-2271.5,223.54,14.42,43.26,-2552.73,2.0
NSE:RELIANCE,SHORT,55,2026-07-22T09:15:00+05:30,1290.3,2026-07-24T09:15:00+05:30,1281.2,lorentzian_new_short,lorentzian_exit_short,500.5,220.26,14.14,42.43,223.67,2.0
NSE:INFY,SHORT,75,2026-07-22T09:15:00+05:30,1048.0,2026-07-24T09:15:00+05:30,1028.0,lorentzian_new_short,lorentzian_exit_short,1500.0,236.04,15.57,46.71,1201.68,2.0
NSE:ADANIGREEN,SHORT,55,2026-07-22T13:15:00+05:30,1472.0,2026-07-24T13:15:00+05:30,1395.8,lorentzian_new_short,lorentzian_exit_short,4191.0,238.09,15.77,47.32,3889.82,2.0
NSE:BANKNIFTY,SHORT,1.5363212872780432,2026-07-23T09:15:00+05:30,56407.0,2026-07-27T09:15:00+05:30,57056.1,lorentzian_new_short,lorentzian_exit_short,-997.23,96.05,3.49,17.43,-1114.19,4.0
NSE:SBIN,SHORT,85,2026-07-23T09:15:00+05:30,1010.5,2026-07-27T09:15:00+05:30,1020.3,lorentzian_new_short,lorentzian_exit_short,-833.0,255.01,17.26,51.79,-1157.06,4.0
NSE:NIFTY,SHORT,3.759413371961656,2026-07-23T09:15:00+05:30,23831.95,2026-07-27T09:15:00+05:30,23970.1,lorentzian_new_short,lorentzian_exit_short,-519.36,97.68,3.59,17.97,-638.61,4.0
NSE:HINDUNILVR,LONG,40,2026-07-27T09:15:00+05:30,2176.6,2026-07-28T09:15:00+05:30,2043.9,lorentzian_new_long,lorentzian_new_short,-5308.0,251.13,16.88,50.65,-5626.65,1.0
NSE:BHARTIARTL,SHORT,50,2026-07-24T09:15:00+05:30,1891.2,2026-07-28T09:15:00+05:30,1901.2,lorentzian_new_short,lorentzian_exit_short,-500.0,273.88,18.96,56.89,-849.73,4.0
NSE:ITC,LONG,275,2026-07-27T09:15:00+05:30,286.65,2026-07-29T09:15:00+05:30,287.05,lorentzian_new_long,lorentzian_exit_long,110.0,238.44,15.78,47.33,-191.54,2.0
NSE:TATACONSUM,LONG,65,2026-07-27T09:15:00+05:30,1106.0,2026-07-29T09:15:00+05:30,1096.0,lorentzian_new_long,lorentzian_exit_long,-650.0,222.23,14.31,42.94,-929.48,2.0
NSE:INFY,LONG,70,2026-07-28T09:15:00+05:30,1107.2,2026-07-30T09:15:00+05:30,1176.1,lorentzian_new_long,lorentzian_exit_long,4823.0,240.38,15.98,47.95,4518.69,2.0
NSE:HINDUNILVR,SHORT,40,2026-07-28T09:15:00+05:30,2043.9,2026-07-30T09:15:00+05:30,2105.2,lorentzian_new_short,lorentzian_exit_short,-2452.0,247.74,16.6,49.79,-2766.12,2.0
NSE:SENSEX,LONG,1.2232281991404501,2026-07-29T09:15:00+05:30,77664.44,2026-07-31T09:15:00+05:30,78224.6,lorentzian_new_long,lorentzian_exit_long,685.2,101.06,3.81,19.07,561.26,2.0
NSE:TATASTEEL,SHORT,320,2026-07-24T09:15:00+05:30,183.31,2026-07-31T09:15:00+05:30,189.26,lorentzian_new_short,lorentzian_new_long,-1904.0,195.76,11.92,35.77,-2147.44,7.0
NSE:NIFTY,LONG,3.66720686023513,2026-07-29T09:15:00+05:30,24257.55,2026-07-31T09:15:00+05:30,24414.8,lorentzian_new_long,lorentzian_exit_long,576.67,97.6,3.57,17.85,457.65,2.0
NSE:BHARTIARTL,LONG,45,2026-07-29T09:15:00+05:30,1946.0,2026-07-31T09:15:00+05:30,1972.3,lorentzian_new_long,lorentzian_exit_long,1183.5,258.98,17.63,52.9,853.99,2.0
NSE:RELIANCE,LONG,55,2026-07-31T09:15:00+05:30,1302.3,2026-08-04T09:15:00+05:30,1292.2,lorentzian_new_long,lorentzian_exit_long,-555.5,221.74,14.27,42.81,-834.32,4.0
NSE:TATASTEEL,LONG,300,2026-07-31T09:15:00+05:30,189.26,2026-08-04T09:15:00+05:30,190.08,lorentzian_new_long,lorentzian_exit_long,246.0,189.57,11.38,34.14,10.91,4.0
NSE:BANKNIFTY,LONG,1.4829062457203313,2026-08-03T09:15:00+05:30,57689.7,2026-08-05T09:15:00+05:30,57544.8,lorentzian_new_long,lorentzian_exit_long,-214.87,95.27,3.42,17.09,-330.65,2.0
NSE:SBIN,LONG,80,2026-08-03T09:15:00+05:30,1040.9,2026-08-05T09:15:00+05:30,1051.9,lorentzian_new_long,lorentzian_exit_long,880.0,249.11,16.74,50.23,563.92,2.0
NSE:RELIANCE,SHORT,55,2026-08-05T13:15:00+05:30,1280.0,2026-08-07T09:15:00+05:30,1332.6,lorentzian_new_short,lorentzian_new_long,-2893.0,223.02,14.37,43.11,-3173.5,1.83
NSE:RELIANCE,LONG,50,2026-08-07T09:15:00+05:30,1332.6,2026-08-11T09:15:00+05:30,1324.0,lorentzian_new_long,lorentzian_exit_long,-430.0,210.77,13.28,39.85,-693.9,4.0
NSE:ICICIBANK,SHORT,55,2026-08-07T13:15:00+05:30,1421.0,2026-08-11T13:15:00+05:30,1429.6,lorentzian_new_short,lorentzian_exit_short,-473.0,237.39,15.68,47.03,-773.1,4.0
NSE:BHARTIARTL,SHORT,45,2026-08-11T09:15:00+05:30,1919.1,2026-08-13T09:15:00+05:30,1950.7,lorentzian_new_short,lorentzian_exit_short,-1422.0,256.75,17.41,52.24,-1748.4,2.0
NSE:SENSEX,SHORT,1.2318568632330498,2026-08-12T09:15:00+05:30,77574.69,2026-08-14T09:15:00+05:30,77847.55,lorentzian_new_short,lorentzian_exit_short,-336.12,101.03,3.83,19.15,-460.13,2.0
NSE:TATASTEEL,SHORT,305,2026-08-12T09:15:00+05:30,184.71,2026-08-14T09:15:00+05:30,182.91,lorentzian_new_short,lorentzian_exit_short,549.0,187.68,11.21,33.64,316.47,2.0
NSE:NIFTY,SHORT,3.681357597410351,2026-08-12T09:15:00+05:30,24288.25,2026-08-14T09:15:00+05:30,24346.85,lorentzian_new_short,lorentzian_exit_short,-215.73,97.57,3.58,17.9,-334.78,2.0
NSE:TATACONSUM,SHORT,65,2026-08-12T09:15:00+05:30,1056.5,2026-08-14T09:15:00+05:30,1087.7,lorentzian_new_short,lorentzian_exit_short,-2028.0,218.16,13.94,41.81,-2301.91,2.0
NSE:BHARTIARTL,LONG,45,2026-08-14T09:15:00+05:30,1997.2,2026-08-18T09:15:00+05:30,1942.2,lorentzian_new_long,lorentzian_exit_long,-2475.0,260.31,17.73,53.18,-2806.22,4.0
NSE:INFY,SHORT,70,2026-08-17T09:15:00+05:30,1143.8,2026-08-19T09:15:00+05:30,1119.4,lorentzian_new_short,lorentzian_exit_short,1708.0,239.05,15.84,47.53,1405.58,2.0
NSE:HCLTECH,SHORT,80,2026-08-18T09:15:00+05:30,1300.0,2026-08-20T09:15:00+05:30,1322.0,lorentzian_new_short,lorentzian_exit_short,-1760.0,296.35,20.98,62.93,-2140.26,2.0
NSE:WIPRO,SHORT,470,2026-08-18T09:15:00+05:30,179.15,2026-08-20T09:15:00+05:30,181.08,lorentzian_new_short,lorentzian_exit_short,-907.1,251.34,16.93,50.79,-1226.16,2.0
NSE:ICICIBANK,LONG,55,2026-08-26T09:15:00+05:30,1437.3,2026-08-28T09:15:00+05:30,1423.6,lorentzian_new_long,lorentzian_exit_long,-753.5,238.04,15.73,47.2,-1054.48,2.0
NSE:TATASTEEL,LONG,300,2026-08-26T13:15:00+05:30,189.6,2026-08-28T13:15:00+05:30,186.1,lorentzian_new_long,lorentzian_exit_long,-1050.0,188.46,11.27,33.81,-1283.54,2.0
NSE:BHARTIARTL,SHORT,45,2026-08-27T09:15:00+05:30,1890.0,2026-08-31T09:15:00+05:30,1885.0,lorentzian_new_short,lorentzian_exit_short,225.0,251.88,16.99,50.96,-94.83,4.0
NSE:TCS,SHORT,45,2026-08-19T09:15:00+05:30,2281.1,2026-09-01T09:15:00+05:30,2359.3,lorentzian_new_short,lorentzian_new_long,-3519.0,295.44,20.88,62.65,-3897.97,13.0
NSE:RELIANCE,SHORT,55,2026-08-31T09:15:00+05:30,1287.0,2026-09-02T09:15:00+05:30,1309.1,lorentzian_new_short,lorentzian_exit_short,-1215.5,221.89,14.28,42.84,-1494.5,2.0
NSE:LT,SHORT,15,2026-08-31T09:15:00+05:30,4005.1,2026-09-02T09:15:00+05:30,3981.2,lorentzian_new_short,lorentzian_exit_short,358.5,196.22,11.98,35.94,114.36,2.0
NSE:HCLTECH,LONG,75,2026-09-01T09:15:00+05:30,1362.3,2026-09-03T09:15:00+05:30,1321.4,lorentzian_new_long,lorentzian_exit_long,-3067.5,287.02,20.13,60.38,-3435.04,2.0
NSE:TCS,LONG,40,2026-09-01T09:15:00+05:30,2359.3,2026-09-03T09:15:00+05:30,2328.9,lorentzian_new_long,lorentzian_exit_long,-1216.0,271.61,18.75,56.26,-1562.62,2.0
NSE:BANKNIFTY,SHORT,1.4925678548840713,2026-09-02T09:15:00+05:30,57095.4,2026-09-04T09:15:00+05:30,57580.5,lorentzian_new_short,lorentzian_exit_short,-724.04,95.22,3.42,17.12,-839.81,2.0
NSE:RELIANCE,LONG,50,2026-09-04T09:15:00+05:30,1326.7,2026-09-08T09:15:00+05:30,1292.1,lorentzian_new_long,lorentzian_exit_long,-1730.0,208.76,13.09,39.28,-1991.14,4.0
NSE:HCLTECH,SHORT,75,2026-09-07T09:15:00+05:30,1264.5,2026-09-09T09:15:00+05:30,1230.6,lorentzian_new_short,lorentzian_exit_short,2542.5,270.89,18.71,56.14,2196.76,2.0
NSE:TCS,SHORT,40,2026-09-07T09:15:00+05:30,2269.2,2026-09-09T09:15:00+05:30,2211.0,lorentzian_new_short,lorentzian_exit_short,2328.0,262.1,17.92,53.76,1994.22,2.0
NSE:ICICIBANK,SHORT,55,2026-09-08T09:15:00+05:30,1397.7,2026-09-10T09:15:00+05:30,1381.8,lorentzian_new_short,lorentzian_exit_short,874.5,232.94,15.29,45.86,580.41,2.0
NSE:RELIANCE,SHORT,50,2026-09-09T09:15:00+05:30,1287.6,2026-09-11T09:15:00+05:30,1255.8,lorentzian_new_short,lorentzian_exit_short,1590.0,204.33,12.72,38.15,1334.81,2.0
NSE:ADANIGREEN,LONG,65,2026-09-09T09:15:00+05:30,1331.1,2026-09-11T09:15:00+05:30,1282.7,lorentzian_new_long,lorentzian_exit_long,-3146.0,252.16,16.99,50.97,-3466.12,2.0
NSE:TATASTEEL,SHORT,305,2026-09-11T09:15:00+05:30,182.49,2026-09-16T09:15:00+05:30,183.87,lorentzian_new_short,lorentzian_exit_short,-420.9,187.33,11.17,33.52,-652.93,5.0
NSE:ITC,LONG,295,2026-09-17T09:15:00+05:30,266.5,2026-09-21T09:15:00+05:30,266.85,lorentzian_new_long,lorentzian_exit_long,103.25,237.96,15.73,47.2,-197.65,4.0
NSE:TATASTEEL,LONG,290,2026-09-23T09:15:00+05:30,190.26,2026-09-25T09:15:00+05:30,187.53,lorentzian_new_long,lorentzian_exit_long,-791.7,184.93,10.96,32.87,-1020.46,2.0
NSE:SENSEX,SHORT,1.2924906286135631,2026-09-24T13:15:00+05:30,73580.54,2026-09-29T13:15:00+05:30,72529.07,lorentzian_new_short,backtest_end,1359.02,100.7,3.78,18.88,1235.65,5.0
NSE:NIFTY,SHORT,3.9035230120096975,2026-09-28T09:15:00+05:30,22820.4,2026-09-29T13:15:00+05:30,22716.2,lorentzian_new_short,backtest_end,406.75,97.35,3.56,17.78,288.06,1.17
NSE:ADANIGREEN,SHORT,65,2026-09-28T09:15:00+05:30,1237.8,2026-09-29T13:15:00+05:30,1260.0,lorentzian_new_short,backtest_end,-1443.0,243.65,16.24,48.71,-1751.6,1.17
NSE:BHARTIARTL,SHORT,50,2026-09-28T09:15:00+05:30,1775.1,2026-09-29T13:15:00+05:30,1771.2,lorentzian_new_short,backtest_end,195.0,260.15,17.73,53.19,-136.08,1.17
