instrument,side,qty,entry_time,entry_price,exit_time,exit_price,entry_reason,exit_reason,gross_pnl,commission,spread,slippage,net_pnl,holding_days
NSE:TCS,LONG,25,2023-10-03T09:15:00+05:30,3482.3,2023-10-05T09:15:00+05:30,3590.45,rsi_oversold,rsi_overbought,2703.75,259.41,17.68,53.05,2373.61,2.0
NSE:ICICIBANK,LONG,105,2023-10-04T10:15:00+05:30,926.2,2023-10-06T09:15:00+05:30,942.4,rsi_oversold,rsi_overbought,1701.0,281.03,19.62,58.86,1341.49,1.96
NSE:HDFCBANK,SHORT,255,2023-10-05T10:15:00+05:30,385.71,2023-10-09T10:15:00+05:30,379.2,rsi_overbought,rsi_oversold,1661.32,279.75,19.51,58.52,1303.55,4.0
NSE:TCS,SHORT,25,2023-10-05T10:15:00+05:30,3612.0,2023-10-11T09:15:00+05:30,3635.25,rsi_overbought,rsi_oversold,-581.25,264.51,18.12,54.35,-918.23,5.96
NSE:HDFCBANK,LONG,265,2023-10-09T11:15:00+05:30,379.34,2023-10-11T10:15:00+05:30,383.24,rsi_oversold,rsi_overbought,1033.5,287.61,20.21,60.63,665.05,1.96
NSE:RELIANCE,LONG,170,2023-10-04T09:15:00+05:30,575.62,2023-10-11T10:15:00+05:30,581.79,rsi_oversold,rsi_overbought,1049.75,281.69,19.68,59.03,689.35,7.04
NSE:INFY,SHORT,65,2023-10-05T10:15:00+05:30,1470.9,2023-10-12T15:15:00+05:30,1452.05,rsi_overbought,rsi_oversold,1225.25,274.16,19.0,57.0,875.09,7.21
NSE:NIFTY,SHORT,5.075787252001445,2023-10-06T10:15:00+05:30,19642.45,2023-10-13T09:15:00+05:30,19692.55,rsi_overbought,rsi_oversold,-254.3,65.97,3.99,19.97,-344.23,6.96
NSE:SENSEX,SHORT,1.5115054900065035,2023-10-06T10:15:00+05:30,65961.32,2023-10-13T09:15:00+05:30,66040.65,rsi_overbought,rsi_oversold,-119.91,65.97,3.99,19.95,-209.82,6.96
NSE:ADANIGREEN,SHORT,100,2023-10-11T12:15:00+05:30,965.8,2023-10-13T09:15:00+05:30,943.95,rsi_overbought,rsi_oversold,2185.0,275.18,19.1,57.29,1833.43,1.88
NSE:LT,SHORT,30,2023-10-11T09:15:00+05:30,3100.8,2023-10-13T09:15:00+05:30,3070.25,rsi_overbought,rsi_oversold,916.5,268.78,18.51,55.54,573.66,2.0
NSE:WIPRO,SHORT,955,2023-10-11T09:15:00+05:30,104.34,2023-10-13T10:15:00+05:30,102.44,rsi_overbought,rsi_oversold,1814.5,282.43,19.75,59.24,1453.08,2.04
NSE:BANKNIFTY,SHORT,2.244946884135794,2023-10-06T10:15:00+05:30,44411.25,2023-10-16T09:15:00+05:30,44192.25,rsi_overbought,rsi_oversold,491.64,65.94,3.98,19.89,401.83,9.96
NSE:HDFCBANK,SHORT,260,2023-10-11T11:15:00+05:30,383.7,2023-10-16T14:15:00+05:30,382.04,rsi_overbought,rsi_oversold,431.6,284.33,19.91,59.73,67.63,5.12
NSE:NIFTY,LONG,5.04895855924343,2023-10-13T10:15:00+05:30,19678.85,2023-10-17T09:15:00+05:30,19821.35,rsi_oversold,rsi_overbought,719.48,66.0,3.99,19.94,629.54,3.96
NSE:SENSEX,LONG,1.5073818177655132,2023-10-13T10:15:00+05:30,66002.99,2023-10-17T10:15:00+05:30,66503.75,rsi_oversold,rsi_overbought,754.84,66.03,3.99,19.97,664.83,4.0
NSE:INFY,LONG,70,2023-10-13T09:15:00+05:30,1423.35,2023-10-17T11:15:00+05:30,1445.25,rsi_oversold,rsi_overbought,1533.0,286.15,20.08,60.24,1166.53,4.08
NSE:NIFTY,SHORT,5.040969227028021,2023-10-17T10:15:00+05:30,19834.55,2023-10-19T09:15:00+05:30,19575.4,rsi_overbought,rsi_oversold,1306.37,65.96,3.97,19.87,1216.57,1.96
NSE:RELIANCE,SHORT,170,2023-10-11T11:15:00+05:30,583.54,2023-10-19T09:15:00+05:30,576.69,rsi_overbought,rsi_oversold,1164.5,282.22,19.72,59.17,803.38,7.92
NSE:ICICIBANK,SHORT,105,2023-10-06T10:15:00+05:30,944.25,2023-10-19T09:15:00+05:30,938.05,rsi_overbought,rsi_oversold,651.0,282.71,19.76,59.29,289.24,12.96
NSE:TATASTEEL,SHORT,785,2023-10-12T10:15:00+05:30,126.3,2023-10-19T09:15:00+05:30,125.0,rsi_overbought,rsi_oversold,1020.5,282.27,19.73,59.18,659.33,6.96
NSE:TATACONSUM,SHORT,110,2023-10-09T11:15:00+05:30,877.7,2023-10-19T09:15:00+05:30,881.75,rsi_overbought,rsi_oversold,-445.5,278.23,19.35,58.06,-801.15,9.92
NSE:HCLTECH,SHORT,75,2023-10-16T13:15:00+05:30,1270.25,2023-10-19T15:15:00+05:30,1265.7,rsi_overbought,rsi_oversold,341.25,274.46,19.02,57.06,-9.28,3.08
NSE:INFY,SHORT,70,2023-10-17T12:15:00+05:30,1451.0,2023-10-20T09:15:00+05:30,1431.1,rsi_overbought,rsi_oversold,1393.0,287.21,20.17,60.52,1025.09,2.88
NSE:ITC,SHORT,220,2023-10-11T10:15:00+05:30,446.9,2023-10-20T09:15:00+05:30,440.5,rsi_overbought,rsi_oversold,1408.0,279.97,19.52,58.57,1049.94,8.96
NSE:HINDUNILVR,SHORT,35,2023-10-04T14:15:00+05:30,2508.45,2023-10-20T09:15:00+05:30,2497.95,rsi_overbought,rsi_oversold,367.5,257.82,17.52,52.57,39.59,15.79
NSE:HCLTECH,LONG,75,2023-10-20T09:15:00+05:30,1250.15,2023-10-27T12:15:00+05:30,1265.05,rsi_oversold,rsi_overbought,1117.5,272.67,18.86,56.59,769.38,7.12
NSE:RELIANCE,LONG,175,2023-10-19T14:15:00+05:30,576.34,2023-10-30T09:15:00+05:30,576.25,rsi_oversold,rsi_overbought,-15.75,287.27,20.17,60.51,-383.7,10.79
NSE:ADANIGREEN,LONG,105,2023-10-13T10:15:00+05:30,947.5,2023-10-30T09:15:00+05:30,882.0,rsi_oversold,rsi_overbought,-6877.5,277.11,19.21,57.63,-7231.45,16.96
NSE:NIFTY,LONG,5.169811423721783,2023-10-19T10:15:00+05:30,19574.85,2023-10-30T10:15:00+05:30,19075.6,rsi_oversold,rsi_overbought,-2581.03,65.87,4.0,19.98,-2670.87,11.0
NSE:SENSEX,LONG,1.5280121966370526,2023-10-19T09:15:00+05:30,65545.65,2023-10-30T10:15:00+05:30,63903.29,rsi_oversold,rsi_overbought,-2509.55,65.68,3.96,19.78,-2598.96,11.04
NSE:ICICIBANK,LONG,105,2023-10-19T10:15:00+05:30,937.5,2023-10-30T10:15:00+05:30,917.0,rsi_oversold,rsi_overbought,-2152.5,279.67,19.47,58.42,-2510.06,11.0
NSE:TCS,LONG,25,2023-10-11T10:15:00+05:30,3633.0,2023-10-30T10:15:00+05:30,3377.75,rsi_oversold,rsi_overbought,-6381.25,258.37,17.53,52.58,-6709.73,19.0
NSE:BHARTIARTL,LONG,105,2023-10-19T11:15:00+05:30,944.7,2023-10-30T10:15:00+05:30,925.15,rsi_oversold,rsi_overbought,-2052.75,281.46,19.63,58.9,-2412.74,10.96
NSE:BANKNIFTY,LONG,2.28728729818404,2023-10-19T09:15:00+05:30,43764.3,2023-10-30T11:15:00+05:30,42925.1,rsi_oversold,rsi_overbought,-1919.49,65.76,3.97,19.83,-2009.04,11.08
NSE:HDFCBANK,LONG,265,2023-10-19T09:15:00+05:30,378.56,2023-10-30T11:15:00+05:30,371.79,rsi_oversold,rsi_overbought,-1795.37,284.23,19.88,59.65,-2159.14,11.08
NSE:SBIN,LONG,170,2023-10-10T10:15:00+05:30,586.45,2023-10-30T11:15:00+05:30,562.7,rsi_oversold,rsi_overbought,-4037.5,280.52,19.54,58.61,-4396.16,20.04
NSE:LT,LONG,30,2023-10-13T10:15:00+05:30,3067.7,2023-10-30T13:15:00+05:30,2923.7,rsi_oversold,rsi_overbought,-4320.0,263.19,17.97,53.92,-4655.08,17.12
NSE:INFY,LONG,70,2023-10-20T13:15:00+05:30,1431.25,2023-10-30T15:15:00+05:30,1380.0,rsi_oversold,rsi_overbought,-3587.5,282.07,19.68,59.04,-3948.29,10.08
NSE:TATACONSUM,LONG,110,2023-10-19T10:15:00+05:30,886.5,2023-10-30T15:15:00+05:30,893.0,rsi_oversold,rsi_overbought,715.0,280.59,19.57,58.72,356.11,11.21
NSE:HDFCBANK,SHORT,265,2023-10-30T14:15:00+05:30,371.31,2023-11-01T11:15:00+05:30,367.34,rsi_overbought,rsi_oversold,1053.38,280.57,19.57,58.72,694.51,1.88
NSE:BHARTIARTL,SHORT,100,2023-10-30T11:15:00+05:30,931.45,2023-11-01T11:15:00+05:30,907.25,rsi_overbought,rsi_oversold,2420.0,267.27,18.39,55.16,2079.18,2.0
NSE:NIFTY,SHORT,5.1565456565077525,2023-10-30T11:15:00+05:30,19108.8,2023-11-01T12:15:00+05:30,19002.95,rsi_overbought,rsi_oversold,545.82,65.72,3.93,19.65,456.52,2.04
NSE:SENSEX,SHORT,1.5240558379911802,2023-10-30T11:15:00+05:30,64015.61,2023-11-01T12:15:00+05:30,63620.06,rsi_overbought,rsi_oversold,602.84,65.54,3.89,19.45,513.96,2.04
NSE:TCS,SHORT,25,2023-10-30T14:15:00+05:30,3376.0,2023-11-01T14:15:00+05:30,3335.05,rsi_overbought,rsi_oversold,1023.75,249.49,16.78,50.33,707.15,2.0
NSE:ADANIGREEN,SHORT,105,2023-10-30T10:15:00+05:30,882.05,2023-11-01T14:15:00+05:30,879.1,rsi_overbought,rsi_oversold,309.75,268.6,18.49,55.48,-32.81,2.17
NSE:BANKNIFTY,SHORT,2.281559311665254,2023-10-30T12:15:00+05:30,42996.25,2023-11-01T15:15:00+05:30,42734.15,rsi_overbought,rsi_oversold,598.0,65.64,3.91,19.56,508.89,2.12
NSE:NIFTY,LONG,5.212607872848825,2023-11-01T14:15:00+05:30,18990.6,2023-11-03T09:15:00+05:30,19264.9,rsi_oversold,rsi_overbought,1429.82,66.04,3.99,19.94,1339.85,1.79
NSE:HDFCBANK,LONG,270,2023-11-01T12:15:00+05:30,366.85,2023-11-03T09:15:00+05:30,371.87,rsi_oversold,rsi_overbought,1354.05,284.67,19.95,59.84,989.6,1.88
NSE:SENSEX,LONG,1.542097857424908,2023-11-01T14:15:00+05:30,63598.94,2023-11-03T09:15:00+05:30,64493.7,rsi_oversold,rsi_overbought,1379.81,65.86,3.95,19.75,1290.24,1.79
NSE:BHARTIARTL,LONG,105,2023-11-01T12:15:00+05:30,908.75,2023-11-03T09:15:00+05:30,928.2,rsi_oversold,rsi_overbought,2042.25,277.31,19.29,57.86,1687.79,1.88
NSE:HINDUNILVR,LONG,35,2023-10-20T10:15:00+05:30,2502.0,2023-11-03T10:15:00+05:30,2506.0,rsi_oversold,rsi_overbought,140.0,257.9,17.53,52.58,-188.01,14.0
NSE:INFY,LONG,70,2023-11-01T15:15:00+05:30,1354.0,2023-11-03T12:15:00+05:30,1389.55,rsi_oversold,rsi_overbought,2488.5,276.35,19.2,57.61,2135.33,1.88
NSE:ITC,LONG,225,2023-10-20T10:15:00+05:30,439.35,2023-11-03T12:15:00+05:30,432.85,rsi_oversold,rsi_overbought,-1462.5,281.31,19.62,58.87,-1822.31,14.08
NSE:WIPRO,LONG,985,2023-10-13T11:15:00+05:30,102.49,2023-11-03T14:15:00+05:30,95.92,rsi_oversold,rsi_overbought,-6476.37,280.78,19.54,58.63,-6835.33,21.12
NSE:ADANIGREEN,LONG,105,2023-11-01T15:15:00+05:30,883.0,2023-11-03T14:15:00+05:30,902.65,rsi_oversold,rsi_overbought,2063.25,271.32,18.75,56.25,1716.93,1.96
NSE:HINDUNILVR,SHORT,35,2023-11-03T11:15:00+05:30,2507.0,2023-11-07T10:15:00+05:30,2493.75,rsi_overbought,rsi_oversold,463.75,257.59,17.5,52.51,136.15,3.96
NSE:TATASTEEL,LONG,800,2023-10-19T10:15:00+05:30,125.3,2023-11-07T10:15:00+05:30,119.8,rsi_oversold,rsi_overbought,-4400.0,281.35,19.61,58.82,-4759.78,19.0
NSE:HINDUNILVR,LONG,35,2023-11-07T11:15:00+05:30,2494.0,2023-11-08T13:15:00+05:30,2515.0,rsi_oversold,rsi_overbought,735.0,257.89,17.53,52.59,406.98,1.08
NSE:TATACONSUM,SHORT,110,2023-10-31T10:15:00+05:30,897.05,2023-11-09T09:15:00+05:30,901.8,rsi_overbought,rsi_oversold,-522.5,283.05,19.79,59.36,-884.7,8.96
NSE:INFY,SHORT,70,2023-11-03T13:15:00+05:30,1389.35,2023-11-09T10:15:00+05:30,1382.0,rsi_overbought,rsi_oversold,514.5,278.66,19.4,58.2,158.24,5.88
NSE:ICICIBANK,SHORT,105,2023-10-30T11:15:00+05:30,917.75,2023-11-09T15:15:00+05:30,937.0,rsi_overbought,rsi_oversold,-2021.25,279.69,19.47,58.42,-2378.84,10.17
NSE:WIPRO,SHORT,980,2023-11-03T15:15:00+05:30,95.94,2023-11-09T15:15:00+05:30,95.25,rsi_overbought,rsi_oversold,676.2,271.29,18.74,56.21,329.97,6.0
NSE:RELIANCE,SHORT,170,2023-10-30T10:15:00+05:30,579.41,2023-11-10T09:15:00+05:30,575.59,rsi_overbought,rsi_oversold,650.25,281.27,19.64,58.91,290.44,10.96
NSE:HINDUNILVR,SHORT,35,2023-11-08T14:15:00+05:30,2517.2,2023-11-10T09:15:00+05:30,2470.0,rsi_overbought,rsi_oversold,1652.0,256.97,17.46,52.37,1325.21,1.79
NSE:HCLTECH,SHORT,75,2023-10-27T13:15:00+05:30,1265.25,2023-11-10T12:15:00+05:30,1252.9,rsi_overbought,rsi_oversold,926.25,272.93,18.89,56.66,577.78,13.96
NSE:ADANIGREEN,SHORT,105,2023-11-03T15:15:00+05:30,902.8,2023-11-13T10:15:00+05:30,936.1,rsi_overbought,rsi_oversold,-3496.5,277.95,19.31,57.93,-3851.69,9.79
NSE:RELIANCE,LONG,175,2023-11-10T10:15:00+05:30,575.97,2023-11-15T09:15:00+05:30,586.14,rsi_oversold,rsi_overbought,1780.62,288.98,20.34,61.01,1410.29,4.96
NSE:INFY,LONG,70,2023-11-09T11:15:00+05:30,1382.05,2023-11-15T09:15:00+05:30,1401.0,rsi_oversold,rsi_overbought,1326.5,279.51,19.48,58.44,969.06,5.92
NSE:WIPRO,LONG,990,2023-11-10T09:15:00+05:30,95.17,2023-11-15T09:15:00+05:30,97.25,rsi_oversold,rsi_overbought,2054.25,274.67,19.05,57.15,1703.38,5.0
NSE:TATACONSUM,LONG,105,2023-11-09T10:15:00+05:30,904.65,2023-11-15T09:15:00+05:30,918.1,rsi_oversold,rsi_overbought,1412.25,275.7,19.14,57.42,1059.99,5.96
NSE:TCS,LONG,25,2023-11-01T15:15:00+05:30,3311.1,2023-11-15T10:15:00+05:30,3379.9,rsi_oversold,rsi_overbought,1720.0,248.88,16.73,50.18,1404.21,13.79
NSE:HCLTECH,LONG,80,2023-11-10T13:15:00+05:30,1252.7,2023-11-15T12:15:00+05:30,1275.5,rsi_oversold,rsi_overbought,1824.0,287.75,20.23,60.68,1455.35,4.96
NSE:HINDUNILVR,LONG,40,2023-11-10T13:15:00+05:30,2482.15,2023-11-16T09:15:00+05:30,2494.3,rsi_oversold,rsi_overbought,486.0,284.29,19.91,59.72,122.08,5.83
NSE:BANKNIFTY,SHORT,2.27519347072999,2023-11-03T09:15:00+05:30,43339.55,2023-11-17T09:15:00+05:30,43727.1,rsi_overbought,rsi_oversold,-881.75,65.79,3.96,19.81,-971.32,14.0
NSE:SBIN,SHORT,165,2023-10-30T12:15:00+05:30,564.4,2023-11-17T09:15:00+05:30,566.85,rsi_overbought,rsi_oversold,-404.25,270.58,18.67,56.0,-749.49,17.88
NSE:ICICIBANK,SHORT,100,2023-11-16T10:15:00+05:30,945.2,2023-11-17T13:15:00+05:30,926.15,rsi_overbought,rsi_oversold,1905.0,270.94,18.71,56.14,1559.21,1.12
NSE:NIFTY,SHORT,5.206756838019749,2023-11-03T10:15:00+05:30,19268.5,2023-11-20T10:15:00+05:30,19678.0,rsi_overbought,rsi_oversold,-2132.17,66.17,4.06,20.28,-2222.67,17.0
NSE:SENSEX,SHORT,1.5404625302819184,2023-11-03T10:15:00+05:30,64501.52,2023-11-20T10:15:00+05:30,65572.7,rsi_overbought,rsi_oversold,-1650.11,65.97,4.01,20.04,-1740.12,17.0
NSE:RELIANCE,SHORT,170,2023-11-15T10:15:00+05:30,586.5,2023-11-20T10:15:00+05:30,584.62,rsi_overbought,rsi_oversold,320.45,284.34,19.91,59.73,-43.53,5.0
NSE:ITC,SHORT,225,2023-11-03T13:15:00+05:30,433.95,2023-11-20T10:15:00+05:30,438.1,rsi_overbought,rsi_oversold,-933.75,281.24,19.62,58.86,-1293.47,16.88
NSE:HINDUNILVR,SHORT,40,2023-11-16T10:15:00+05:30,2503.85,2023-11-21T14:15:00+05:30,2505.05,rsi_overbought,rsi_oversold,-48.0,285.77,20.04,60.11,-413.92,5.17
NSE:ICICIBANK,LONG,105,2023-11-17T14:15:00+05:30,922.25,2023-11-21T15:15:00+05:30,927.45,rsi_oversold,rsi_overbought,546.0,278.91,19.42,58.27,189.4,4.04
NSE:NIFTY,LONG,4.982017487047073,2023-11-20T13:15:00+05:30,19692.9,2023-11-22T10:15:00+05:30,19798.9,rsi_oversold,rsi_overbought,528.09,65.74,3.93,19.67,438.74,1.88
NSE:SENSEX,LONG,1.4870739808438855,2023-11-20T11:15:00+05:30,65650.57,2023-11-22T10:15:00+05:30,65972.85,rsi_oversold,rsi_overbought,479.25,65.64,3.91,19.57,390.12,1.96
NSE:LT,SHORT,30,2023-10-30T14:15:00+05:30,2930.95,2023-11-23T13:15:00+05:30,3038.8,rsi_overbought,rsi_oversold,-3235.5,262.38,17.91,53.73,-3569.52,23.96
NSE:ITC,LONG,220,2023-11-20T11:15:00+05:30,435.8,2023-11-23T14:15:00+05:30,440.0,rsi_oversold,rsi_overbought,924.0,277.17,19.27,57.8,569.76,3.12
NSE:HCLTECH,SHORT,75,2023-11-16T09:15:00+05:30,1295.75,2023-11-24T10:15:00+05:30,1311.6,rsi_overbought,rsi_oversold,-1188.75,280.52,19.56,58.67,-1547.49,8.04
NSE:BANKNIFTY,LONG,2.2356299861034223,2023-11-17T10:15:00+05:30,43673.35,2023-11-24T11:15:00+05:30,43712.7,rsi_oversold,rsi_overbought,87.97,65.59,3.91,19.54,-1.06,7.04
NSE:ADANIGREEN,LONG,95,2023-11-13T11:15:00+05:30,934.5,2023-11-24T12:15:00+05:30,940.0,rsi_oversold,rsi_overbought,522.5,260.98,17.81,53.42,190.29,11.04
NSE:TCS,SHORT,25,2023-11-15T11:15:00+05:30,3378.2,2023-11-24T13:15:00+05:30,3468.0,rsi_overbought,rsi_oversold,-2245.0,253.49,17.12,51.35,-2566.95,9.08
NSE:INFY,SHORT,70,2023-11-15T10:15:00+05:30,1399.1,2023-11-24T14:15:00+05:30,1437.9,rsi_overbought,rsi_oversold,-2716.0,284.01,19.86,59.58,-3079.45,9.17
NSE:RELIANCE,SHORT,170,2023-11-22T09:15:00+05:30,597.32,2023-11-28T09:15:00+05:30,594.77,rsi_overbought,rsi_oversold,431.8,288.29,20.27,60.8,62.44,6.0
NSE:ITC,SHORT,220,2023-11-23T15:15:00+05:30,440.65,2023-11-28T09:15:00+05:30,436.35,rsi_overbought,rsi_oversold,946.0,277.46,19.29,57.88,591.37,4.75
NSE:WIPRO,SHORT,990,2023-11-15T10:15:00+05:30,97.1,2023-11-28T09:15:00+05:30,99.02,rsi_overbought,rsi_oversold,-1895.85,279.02,19.42,58.25,-2252.53,12.96
NSE:SBIN,LONG,165,2023-11-17T10:15:00+05:30,566.5,2023-11-28T13:15:00+05:30,563.45,rsi_oversold,rsi_overbought,-503.25,270.35,18.64,55.93,-848.17,11.12
NSE:HCLTECH,LONG,75,2023-11-24T14:15:00+05:30,1310.0,2023-11-29T10:15:00+05:30,1336.5,rsi_oversold,rsi_overbought,1987.5,283.55,19.85,59.55,1624.56,4.83
NSE:WIPRO,LONG,950,2023-11-28T10:15:00+05:30,98.97,2023-11-29T10:15:00+05:30,101.44,rsi_oversold,rsi_overbought,2351.25,274.51,19.04,57.12,2000.58,1.0
NSE:INFY,LONG,65,2023-11-24T15:15:00+05:30,1437.0,2023-11-29T13:15:00+05:30,1457.4,rsi_oversold,rsi_overbought,1326.0,272.09,18.81,56.44,978.65,4.92
NSE:TCS,LONG,25,2023-11-24T14:15:00+05:30,3455.0,2023-11-29T14:15:00+05:30,3511.5,rsi_oversold,rsi_overbought,1412.5,256.56,17.42,52.25,1086.28,5.0
NSE:ADANIGREEN,SHORT,95,2023-11-24T13:15:00+05:30,939.3,2023-11-30T11:15:00+05:30,1011.85,rsi_overbought,rsi_oversold,-6892.25,269.62,18.54,55.61,-7236.02,5.92
NSE:ITC,LONG,225,2023-11-28T10:15:00+05:30,435.5,2023-12-01T09:15:00+05:30,445.95,rsi_oversold,rsi_overbought,2351.25,283.34,19.83,59.5,1988.58,2.96
NSE:RELIANCE,LONG,170,2023-11-28T12:15:00+05:30,594.75,2023-12-04T09:15:00+05:30,604.6,rsi_oversold,rsi_overbought,1674.5,289.57,20.39,61.17,1303.37,5.88
NSE:ADANIGREEN,LONG,80,2023-12-01T09:15:00+05:30,1028.35,2023-12-04T09:15:00+05:30,1111.35,rsi_oversold,rsi_overbought,6640.0,252.85,17.12,51.35,6318.68,3.0
NSE:WIPRO,SHORT,945,2023-11-29T11:15:00+05:30,101.58,2023-12-04T14:15:00+05:30,101.81,rsi_overbought,rsi_oversold,-226.8,276.73,19.22,57.66,-580.41,5.12
NSE:WIPRO,LONG,935,2023-12-04T15:15:00+05:30,101.81,2023-12-06T13:15:00+05:30,103.88,rsi_oversold,rsi_overbought,1926.1,276.7,19.23,57.7,1572.48,1.92
NSE:HINDUNILVR,SHORT,35,2023-11-30T14:15:00+05:30,2545.95,2023-12-06T14:15:00+05:30,2566.65,rsi_overbought,rsi_oversold,-724.5,262.03,17.89,53.68,-1058.1,6.0
NSE:BANKNIFTY,SHORT,2.233756858857069,2023-11-24T13:15:00+05:30,43709.5,2023-12-07T09:15:00+05:30,46581.15,rsi_overbought,rsi_oversold,-6414.57,65.84,4.03,20.17,-6504.61,12.83
NSE:ICICIBANK,SHORT,105,2023-11-24T11:15:00+05:30,925.45,2023-12-07T09:15:00+05:30,989.4,rsi_overbought,rsi_oversold,-6714.75,287.06,20.11,60.32,-7082.23,12.92
NSE:BHARTIARTL,SHORT,105,2023-11-03T10:15:00+05:30,929.5,2023-12-07T09:15:00+05:30,1004.3,rsi_overbought,rsi_oversold,-7854.0,289.35,20.3,60.91,-8224.57,33.96
NSE:ITC,SHORT,225,2023-12-01T10:15:00+05:30,447.2,2023-12-08T10:15:00+05:30,455.85,rsi_overbought,rsi_oversold,-1946.25,289.06,20.32,60.96,-2316.59,7.0
NSE:TATASTEEL,SHORT,795,2023-11-07T11:15:00+05:30,119.9,2023-12-08T13:15:00+05:30,128.65,rsi_overbought,rsi_oversold,-6956.25,283.23,19.76,59.28,-7318.52,31.08
NSE:TATACONSUM,SHORT,105,2023-11-15T12:15:00+05:30,927.5,2023-12-11T11:15:00+05:30,946.8,rsi_overbought,rsi_oversold,-2026.5,281.97,19.68,59.04,-2387.19,25.96
NSE:ADANIGREEN,SHORT,80,2023-12-04T10:15:00+05:30,1105.0,2023-12-11T12:15:00+05:30,1520.05,rsi_overbought,rsi_oversold,-33204.0,298.98,21.0,63.0,-33586.98,7.08
NSE:LT,SHORT,25,2023-11-29T14:15:00+05:30,3085.0,2023-12-12T11:15:00+05:30,3353.15,rsi_overbought,rsi_oversold,-6703.75,242.49,16.1,48.29,-7010.62,12.88
NSE:HDFCBANK,SHORT,270,2023-11-03T10:15:00+05:30,371.89,2023-12-12T14:15:00+05:30,408.31,rsi_overbought,rsi_oversold,-9834.75,297.95,21.07,63.2,-10216.97,39.17
NSE:SENSEX,SHORT,1.4720455408863795,2023-11-29T09:15:00+05:30,66585.04,2023-12-12T14:15:00+05:30,69557.39,rsi_overbought,rsi_oversold,-4375.43,65.83,4.01,20.04,-4465.31,13.21
NSE:RELIANCE,SHORT,170,2023-12-04T11:15:00+05:30,604.12,2023-12-12T14:15:00+05:30,605.69,rsi_overbought,rsi_oversold,-266.05,291.69,20.57,61.7,-640.01,8.12
NSE:INFY,SHORT,65,2023-11-29T14:15:00+05:30,1460.0,2023-12-12T14:15:00+05:30,1476.2,rsi_overbought,rsi_oversold,-1053.0,275.29,19.09,57.26,-1404.63,13.0
NSE:BANKNIFTY,SHORT,1.9199435444651207,2023-12-11T09:15:00+05:30,47476.0,2023-12-13T09:15:00+05:30,46963.8,rsi_overbought,rsi_oversold,983.4,64.31,3.63,18.13,897.32,2.0
NSE:NIFTY,SHORT,4.953109182446627,2023-11-28T14:15:00+05:30,19896.15,2023-12-13T09:15:00+05:30,20850.7,rsi_overbought,rsi_oversold,-4727.99,65.94,4.04,20.18,-4818.15,14.79
NSE:BANKNIFTY,LONG,1.9579230818428182,2023-12-13T10:15:00+05:30,47012.0,2023-12-14T09:15:00+05:30,47890.2,rsi_oversold,rsi_overbought,1719.45,64.77,3.72,18.58,1632.38,0.96
NSE:BHARTIARTL,LONG,90,2023-12-07T10:15:00+05:30,1003.5,2023-12-14T09:15:00+05:30,1003.8,rsi_oversold,rsi_overbought,27.0,263.88,18.07,54.2,-309.14,6.96
NSE:LT,LONG,25,2023-12-12T12:15:00+05:30,3348.95,2023-12-14T09:15:00+05:30,3412.5,rsi_oversold,rsi_overbought,1588.75,250.85,16.9,50.71,1270.29,1.88
NSE:NIFTY,LONG,4.500143442889043,2023-12-13T10:15:00+05:30,20831.35,2023-12-14T13:15:00+05:30,21195.0,rsi_oversold,rsi_overbought,1636.48,65.08,3.78,18.91,1548.7,1.12
NSE:SENSEX,LONG,1.3490998400098448,2023-12-13T09:15:00+05:30,69353.1,2023-12-14T13:15:00+05:30,70528.67,rsi_oversold,rsi_overbought,1585.96,65.04,3.77,18.87,1498.28,1.17
NSE:RELIANCE,LONG,170,2023-12-12T15:15:00+05:30,606.01,2023-12-14T14:15:00+05:30,615.04,rsi_oversold,rsi_overbought,1534.25,293.68,20.76,62.27,1157.54,1.96
NSE:ITC,LONG,215,2023-12-08T11:15:00+05:30,454.8,2023-12-14T14:15:00+05:30,460.5,rsi_oversold,rsi_overbought,1225.5,281.72,19.68,59.04,865.07,6.12
NSE:HINDUNILVR,LONG,35,2023-12-07T09:15:00+05:30,2513.95,2023-12-14T15:15:00+05:30,2520.0,rsi_oversold,rsi_overbought,211.75,258.9,17.62,52.86,-117.62,7.25
NSE:HDFCBANK,LONG,220,2023-12-12T15:15:00+05:30,408.62,2023-12-15T09:15:00+05:30,412.65,rsi_oversold,rsi_overbought,887.7,263.84,18.07,54.2,551.59,2.75
NSE:INFY,LONG,65,2023-12-12T15:15:00+05:30,1476.0,2023-12-15T09:15:00+05:30,1546.95,rsi_oversold,rsi_overbought,4611.75,281.13,19.65,58.95,4252.02,2.75
NSE:TATASTEEL,LONG,680,2023-12-08T14:15:00+05:30,129.2,2023-12-15T09:15:00+05:30,134.95,rsi_oversold,rsi_overbought,3910.0,262.44,17.96,53.89,3575.71,6.79
NSE:ADANIGREEN,LONG,35,2023-12-11T13:15:00+05:30,1521.0,2023-12-15T09:15:00+05:30,1535.0,rsi_oversold,rsi_overbought,490.0,181.95,10.7,32.09,265.27,3.83
NSE:BHARTIARTL,SHORT,90,2023-12-14T12:15:00+05:30,1006.6,2023-12-18T12:15:00+05:30,984.9,rsi_overbought,rsi_oversold,1953.0,262.15,17.92,53.77,1619.15,4.0
NSE:ICICIBANK,SHORT,85,2023-12-11T09:15:00+05:30,1014.25,2023-12-19T14:15:00+05:30,1014.3,rsi_overbought,rsi_oversold,-4.25,254.74,17.24,51.73,-327.96,8.21
NSE:INFY,SHORT,65,2023-12-15T10:15:00+05:30,1565.0,2023-12-19T14:15:00+05:30,1558.2,rsi_overbought,rsi_oversold,442.0,288.68,20.3,60.9,72.11,4.17
NSE:TCS,SHORT,25,2023-11-29T15:15:00+05:30,3514.0,2023-12-19T15:15:00+05:30,3808.0,rsi_overbought,rsi_oversold,-7350.0,267.09,18.3,54.91,-7690.31,20.0
NSE:ITC,LONG,220,2023-12-18T13:15:00+05:30,451.5,2023-12-20T09:15:00+05:30,458.7,rsi_oversold,rsi_overbought,1584.0,285.53,20.02,60.07,1218.37,1.83
NSE:TATASTEEL,SHORT,685,2023-12-15T10:15:00+05:30,134.1,2023-12-20T10:15:00+05:30,135.05,rsi_overbought,rsi_oversold,-650.75,268.05,18.44,55.31,-992.55,5.0
NSE:HCLTECH,SHORT,75,2023-11-29T12:15:00+05:30,1333.6,2023-12-20T11:15:00+05:30,1470.8,rsi_overbought,rsi_oversold,-10290.0,297.63,21.03,63.1,-10671.76,20.96
NSE:LT,SHORT,25,2023-12-14T10:15:00+05:30,3411.15,2023-12-20T14:15:00+05:30,3417.3,rsi_overbought,rsi_oversold,-153.75,252.84,17.07,51.21,-474.87,6.17
NSE:BANKNIFTY,SHORT,1.9584730472551963,2023-12-14T12:15:00+05:30,47829.8,2023-12-20T15:15:00+05:30,47216.5,rsi_overbought,rsi_oversold,1201.13,64.78,3.72,18.61,1114.02,6.12
NSE:ADANIGREEN,SHORT,35,2023-12-15T10:15:00+05:30,1529.0,2023-12-20T15:15:00+05:30,1450.5,rsi_overbought,rsi_oversold,2747.5,178.81,10.43,31.28,2526.98,5.21
NSE:ITC,SHORT,215,2023-12-20T10:15:00+05:30,458.05,2023-12-21T10:15:00+05:30,450.2,rsi_overbought,rsi_oversold,1687.75,280.0,19.53,58.58,1329.64,1.0
NSE:SBIN,SHORT,165,2023-11-28T14:15:00+05:30,564.6,2023-12-21T12:15:00+05:30,640.05,rsi_overbought,rsi_oversold,-12449.25,284.94,19.88,59.63,-12813.7,22.92
NSE:BHARTIARTL,LONG,95,2023-12-20T13:15:00+05:30,978.55,2023-12-22T13:15:00+05:30,993.95,rsi_oversold,rsi_overbought,1463.0,271.25,18.74,56.22,1116.79,2.0
NSE:ADANIGREEN,LONG,40,2023-12-21T10:15:00+05:30,1448.9,2023-12-22T14:15:00+05:30,1535.0,rsi_oversold,rsi_overbought,3444.0,195.5,11.94,35.81,3200.75,1.17
NSE:INFY,LONG,65,2023-12-19T15:15:00+05:30,1554.0,2023-12-22T15:15:00+05:30,1560.4,rsi_oversold,rsi_overbought,416.0,288.05,20.24,60.73,46.97,3.0
NSE:TATASTEEL,LONG,675,2023-12-20T11:15:00+05:30,134.25,2023-12-22T15:15:00+05:30,133.4,rsi_oversold,rsi_overbought,-573.75,263.93,18.07,54.2,-909.95,2.17
NSE:LT,LONG,25,2023-12-20T15:15:00+05:30,3413.0,2023-12-26T09:15:00+05:30,3497.45,rsi_oversold,rsi_overbought,2111.25,254.95,17.28,51.83,1787.2,5.75
NSE:HCLTECH,LONG,60,2023-12-20T12:15:00+05:30,1467.6,2023-12-26T14:15:00+05:30,1458.15,rsi_oversold,rsi_overbought,-567.0,258.24,17.55,52.66,-895.46,6.08
NSE:SBIN,LONG,125,2023-12-21T13:15:00+05:30,638.95,2023-12-27T14:15:00+05:30,648.4,rsi_oversold,rsi_overbought,1181.25,241.86,16.09,48.28,875.02,6.04
NSE:ICICIBANK,LONG,85,2023-12-19T15:15:00+05:30,1014.0,2023-12-28T09:15:00+05:30,1004.2,rsi_oversold,rsi_overbought,-833.0,253.82,17.15,51.46,-1155.44,8.75
NSE:ADANIGREEN,SHORT,40,2023-12-22T15:15:00+05:30,1528.4,2023-12-28T15:15:00+05:30,1564.85,rsi_overbought,rsi_oversold,-1458.0,200.73,12.37,37.12,-1708.22,6.0
NSE:INFY,SHORT,65,2023-12-28T09:15:00+05:30,1561.55,2023-12-29T14:15:00+05:30,1540.9,rsi_overbought,rsi_oversold,1342.25,287.12,20.17,60.5,974.47,1.21
NSE:SBIN,SHORT,125,2023-12-27T15:15:00+05:30,648.65,2024-01-01T14:15:00+05:30,642.2,rsi_overbought,rsi_oversold,806.25,242.37,16.14,48.41,499.33,4.96
NSE:BHARTIARTL,SHORT,95,2023-12-22T14:15:00+05:30,991.05,2024-01-01T14:15:00+05:30,1012.95,rsi_overbought,rsi_oversold,-2080.5,274.84,19.04,57.11,-2431.49,10.0
NSE:HINDUNILVR,SHORT,35,2023-12-18T09:15:00+05:30,2540.0,2024-01-02T11:15:00+05:30,2618.4,rsi_overbought,rsi_oversold,-2744.0,263.96,18.05,54.16,-3080.18,15.08
NSE:LT,SHORT,25,2023-12-26T10:15:00+05:30,3490.5,2024-01-02T11:15:00+05:30,3448.0,rsi_overbought,rsi_oversold,1062.5,255.81,17.35,52.04,737.31,7.04
NSE:BANKNIFTY,SHORT,1.961862632135529,2023-12-27T14:15:00+05:30,48313.3,2024-01-02T14:15:00+05:30,47754.45,rsi_overbought,rsi_oversold,1096.39,64.99,3.77,18.85,1008.78,6.0
NSE:TATASTEEL,SHORT,660,2023-12-26T09:15:00+05:30,135.6,2024-01-03T09:15:00+05:30,136.95,rsi_overbought,rsi_oversold,-891.0,263.09,17.99,53.96,-1226.04,8.0
NSE:ADANIGREEN,LONG,35,2023-12-29T09:15:00+05:30,1563.55,2024-01-03T09:15:00+05:30,1741.45,rsi_oversold,rsi_overbought,6226.5,191.2,11.57,34.7,5989.03,5.0
NSE:HDFCBANK,SHORT,220,2023-12-15T11:15:00+05:30,412.14,2024-01-03T10:15:00+05:30,420.8,rsi_overbought,rsi_oversold,-1905.2,266.9,18.32,54.97,-2245.4,18.96
NSE:SENSEX,SHORT,1.3490991198259246,2023-12-14T14:15:00+05:30,70460.39,2024-01-03T10:15:00+05:30,71568.44,rsi_overbought,rsi_oversold,-1494.87,65.15,3.83,19.16,-1583.01,19.83
NSE:BHARTIARTL,LONG,90,2024-01-01T15:15:00+05:30,1012.0,2024-01-03T11:15:00+05:30,1033.55,rsi_oversold,rsi_overbought,1939.5,267.56,18.41,55.23,1598.3,1.83
NSE:WIPRO,SHORT,925,2023-12-06T14:15:00+05:30,104.58,2024-01-03T12:15:00+05:30,114.56,rsi_overbought,rsi_oversold,-9240.75,289.07,20.27,60.81,-9610.91,27.92
NSE:NIFTY,SHORT,4.500571814237275,2023-12-14T14:15:00+05:30,21172.45,2024-01-03T13:15:00+05:30,21572.05,rsi_overbought,rsi_oversold,-1798.43,65.21,3.85,19.24,-1886.72,19.96
NSE:HCLTECH,SHORT,60,2023-12-26T15:15:00+05:30,1459.6,2024-01-03T13:15:00+05:30,1442.15,rsi_overbought,rsi_oversold,1047.0,256.52,17.41,52.23,720.84,7.92
NSE:BANKNIFTY,LONG,2.00772825562109,2024-01-02T15:15:00+05:30,47710.55,2024-01-04T15:15:00+05:30,48245.8,rsi_oversold,rsi_overbought,1074.64,65.38,3.85,19.27,986.13,2.0
NSE:NIFTY,LONG,4.341465045151106,2024-01-03T14:15:00+05:30,21515.1,2024-01-05T09:15:00+05:30,21728.95,rsi_oversold,rsi_overbought,928.42,64.91,3.75,18.77,840.98,1.79
NSE:SENSEX,LONG,1.3064084804643048,2024-01-03T11:15:00+05:30,71554.78,2024-01-05T09:15:00+05:30,72065.92,rsi_oversold,rsi_overbought,667.76,64.89,3.75,18.76,580.35,1.92
NSE:ICICIBANK,LONG,90,2024-01-02T11:15:00+05:30,985.55,2024-01-05T09:15:00+05:30,996.0,rsi_oversold,rsi_overbought,940.5,261.23,17.83,53.5,607.93,2.92
NSE:INFY,LONG,65,2023-12-29T15:15:00+05:30,1542.65,2024-01-05T09:15:00+05:30,1530.5,rsi_oversold,rsi_overbought,-789.75,285.16,19.98,59.93,-1154.81,6.75
NSE:LT,LONG,25,2024-01-02T12:15:00+05:30,3450.05,2024-01-05T09:15:00+05:30,3472.85,rsi_oversold,rsi_overbought,570.0,255.41,17.31,51.92,245.36,2.88
NSE:ITC,SHORT,220,2023-12-22T14:15:00+05:30,455.4,2024-01-08T09:15:00+05:30,468.65,rsi_overbought,rsi_oversold,-2915.0,289.25,20.33,60.99,-3285.57,16.79
NSE:HCLTECH,LONG,60,2024-01-03T14:15:00+05:30,1437.5,2024-01-08T11:15:00+05:30,1444.4,rsi_oversold,rsi_overbought,414.0,255.25,17.29,51.87,89.59,4.88
NSE:BANKNIFTY,SHORT,2.003764396319174,2024-01-05T09:15:00+05:30,48295.6,2024-01-08T14:15:00+05:30,47454.45,rsi_overbought,rsi_oversold,1685.47,65.34,3.84,19.19,1597.1,3.21
NSE:INFY,SHORT,65,2024-01-05T10:15:00+05:30,1535.15,2024-01-11T09:15:00+05:30,1501.0,rsi_overbought,rsi_oversold,2219.75,282.26,19.73,59.2,1858.55,5.96
NSE:LT,SHORT,25,2024-01-05T11:15:00+05:30,3486.75,2024-01-11T11:15:00+05:30,3517.8,rsi_overbought,rsi_oversold,-776.25,257.78,17.51,52.53,-1104.07,6.0
NSE:TCS,LONG,20,2023-12-22T09:15:00+05:30,3806.55,2024-01-12T09:15:00+05:30,3880.0,rsi_oversold,rsi_overbought,1469.0,233.85,15.37,46.12,1173.66,21.0
NSE:INFY,LONG,65,2024-01-11T10:15:00+05:30,1501.1,2024-01-12T09:15:00+05:30,1599.3,rsi_oversold,rsi_overbought,6383.0,286.59,20.15,60.46,6015.8,0.96
NSE:TATASTEEL,LONG,645,2024-01-03T11:15:00+05:30,136.7,2024-01-12T09:15:00+05:30,135.9,rsi_oversold,rsi_overbought,-516.0,258.55,17.58,52.75,-844.88,8.92
NSE:WIPRO,LONG,760,2024-01-03T13:15:00+05:30,114.79,2024-01-12T09:15:00+05:30,116.5,rsi_oversold,rsi_overbought,1299.6,258.36,17.58,52.73,970.92,8.83
NSE:BANKNIFTY,LONG,2.0724196980626406,2024-01-08T15:15:00+05:30,47464.0,2024-01-12T10:15:00+05:30,47706.8,rsi_oversold,rsi_overbought,503.18,65.78,3.94,19.72,413.73,3.79
NSE:SBIN,LONG,125,2024-01-01T15:15:00+05:30,638.3,2024-01-12T13:15:00+05:30,632.15,rsi_oversold,rsi_overbought,-768.75,239.66,15.88,47.64,-1071.93,10.92
NSE:ITC,LONG,210,2024-01-08T10:15:00+05:30,467.3,2024-01-15T11:15:00+05:30,467.75,rsi_oversold,rsi_overbought,94.5,281.32,19.64,58.91,-265.37,7.04
NSE:HINDUNILVR,LONG,35,2024-01-02T12:15:00+05:30,2619.7,2024-01-16T09:15:00+05:30,2577.0,rsi_oversold,rsi_overbought,-1494.5,265.36,18.19,54.57,-1832.61,13.88
NSE:LT,LONG,20,2024-01-11T12:15:00+05:30,3520.0,2024-01-16T10:15:00+05:30,3578.3,rsi_oversold,rsi_overbought,1166.0,220.8,14.2,42.59,888.41,4.92
NSE:HDFCBANK,LONG,210,2024-01-03T11:15:00+05:30,418.62,2024-01-16T12:15:00+05:30,418.59,rsi_oversold,rsi_overbought,-7.35,258.5,17.58,52.74,-336.18,13.04
NSE:BANKNIFTY,SHORT,2.0693605449727666,2024-01-12T12:15:00+05:30,47733.5,2024-01-17T09:15:00+05:30,46953.35,rsi_overbought,rsi_oversold,1614.41,65.72,3.92,19.59,1525.18,4.88
NSE:NIFTY,SHORT,4.340091374678331,2024-01-05T14:15:00+05:30,21715.1,2024-01-17T09:15:00+05:30,21791.0,rsi_overbought,rsi_oversold,-329.41,64.95,3.78,18.88,-417.02,11.79
NSE:HDFCBANK,SHORT,210,2024-01-16T14:15:00+05:30,419.84,2024-01-17T09:15:00+05:30,395.31,rsi_overbought,rsi_oversold,5150.25,252.97,17.12,51.35,4828.81,0.79
NSE:SENSEX,SHORT,1.3051125079179904,2024-01-05T14:15:00+05:30,72069.18,2024-01-17T09:15:00+05:30,72282.22,rsi_overbought,rsi_oversold,-278.04,64.91,3.77,18.84,-365.56,11.79
NSE:WIPRO,SHORT,755,2024-01-12T10:15:00+05:30,116.89,2024-01-17T09:15:00+05:30,121.38,rsi_overbought,rsi_oversold,-3386.17,263.28,17.99,53.97,-3721.41,4.96
NSE:ICICIBANK,SHORT,90,2024-01-11T15:15:00+05:30,990.3,2024-01-17T11:15:00+05:30,984.9,rsi_overbought,rsi_oversold,486.0,260.63,17.78,53.33,154.26,5.83
NSE:SBIN,SHORT,125,2024-01-12T14:15:00+05:30,632.9,2024-01-17T11:15:00+05:30,624.75,rsi_overbought,rsi_oversold,1018.75,237.75,15.72,47.16,718.12,4.88
NSE:RELIANCE,SHORT,165,2023-12-14T15:15:00+05:30,616.04,2024-01-17T12:15:00+05:30,682.73,rsi_overbought,rsi_oversold,-11003.03,302.09,21.43,64.29,-11390.83,33.88
NSE:BHARTIARTL,SHORT,90,2024-01-03T12:15:00+05:30,1035.45,2024-01-18T09:15:00+05:30,1085.0,rsi_overbought,rsi_oversold,-4459.5,275.53,19.08,57.25,-4811.37,14.88
NSE:ICICIBANK,LONG,90,2024-01-17T12:15:00+05:30,981.5,2024-01-19T12:15:00+05:30,1009.25,rsi_oversold,rsi_overbought,2497.5,262.04,17.92,53.75,2163.79,2.0
NSE:NIFTY,LONG,4.315856645129667,2024-01-17T10:15:00+05:30,21740.7,2024-01-20T09:15:00+05:30,21643.85,rsi_oversold,rsi_overbought,-417.99,64.8,3.74,18.72,-505.26,2.96
NSE:HINDUNILVR,SHORT,35,2024-01-16T10:15:00+05:30,2582.2,2024-01-20T09:15:00+05:30,2495.0,rsi_overbought,rsi_oversold,3052.0,260.37,17.77,53.31,2720.55,3.96
NSE:TATASTEEL,LONG,675,2024-01-18T09:15:00+05:30,129.55,2024-01-20T09:15:00+05:30,133.6,rsi_oversold,rsi_overbought,2733.75,260.31,17.76,53.29,2402.39,2.0
NSE:SENSEX,LONG,1.2998890220077122,2024-01-17T10:15:00+05:30,72078.4,2024-01-20T12:15:00+05:30,71753.7,rsi_oversold,rsi_overbought,-422.07,64.77,3.74,18.7,-509.28,3.08
NSE:HCLTECH,SHORT,60,2024-01-08T12:15:00+05:30,1445.0,2024-01-20T13:15:00+05:30,1543.5,rsi_overbought,rsi_oversold,-5910.0,262.83,17.93,53.79,-6244.55,12.04
NSE:ADANIGREEN,LONG,40,2024-01-16T09:15:00+05:30,1679.9,2024-01-20T14:15:00+05:30,1678.95,rsi_oversold,rsi_overbought,-38.0,212.43,13.44,40.31,-304.17,4.21
NSE:NIFTY,SHORT,4.3100227331368925,2024-01-20T12:15:00+05:30,21653.25,2024-01-23T12:15:00+05:30,21353.25,rsi_overbought,rsi_oversold,1293.01,64.71,3.71,18.54,1206.05,3.0
NSE:TATASTEEL,SHORT,670,2024-01-20T10:15:00+05:30,134.1,2024-01-23T12:15:00+05:30,131.8,rsi_overbought,rsi_oversold,1541.0,260.98,17.82,53.45,1208.76,3.08
NSE:LT,SHORT,20,2024-01-19T12:15:00+05:30,3634.65,2024-01-23T12:15:00+05:30,3589.5,rsi_overbought,rsi_oversold,903.0,223.62,14.45,43.34,621.59,4.0
NSE:ITC,SHORT,210,2024-01-15T13:15:00+05:30,467.75,2024-01-23T13:15:00+05:30,461.9,rsi_overbought,rsi_oversold,1228.5,279.98,19.52,58.57,870.43,8.0
NSE:TCS,SHORT,20,2024-01-12T10:15:00+05:30,3879.3,2024-01-23T14:15:00+05:30,3849.85,rsi_overbought,rsi_oversold,589.0,234.86,15.46,46.37,292.3,11.17
NSE:TATACONSUM,SHORT,95,2023-12-19T10:15:00+05:30,974.95,2024-01-24T09:15:00+05:30,1138.6,rsi_overbought,rsi_oversold,-15546.75,287.42,20.08,60.24,-15914.48,35.96
NSE:ICICIBANK,SHORT,90,2024-01-20T12:15:00+05:30,1010.0,2024-01-25T09:15:00+05:30,996.05,rsi_overbought,rsi_oversold,1255.5,263.66,18.05,54.16,919.62,4.88
NSE:HINDUNILVR,LONG,35,2024-01-20T10:15:00+05:30,2482.65,2024-01-25T11:15:00+05:30,2457.0,rsi_oversold,rsi_overbought,-897.75,255.31,17.29,51.87,-1222.22,5.04
NSE:RELIANCE,LONG,135,2024-01-17T13:15:00+05:30,683.16,2024-01-25T15:15:00+05:30,677.75,rsi_oversold,rsi_overbought,-731.02,267.34,18.37,55.12,-1071.86,8.08
NSE:NIFTY,LONG,4.435508444551085,2024-01-23T13:15:00+05:30,21311.75,2024-01-29T11:15:00+05:30,21662.1,rsi_oversold,rsi_overbought,1553.98,65.22,3.81,19.06,1465.89,5.92
NSE:SENSEX,LONG,1.315507964502297,2024-01-23T11:15:00+05:30,70836.64,2024-01-29T11:15:00+05:30,71683.64,rsi_oversold,rsi_overbought,1114.24,64.9,3.75,18.75,1026.84,6.0
NSE:ICICIBANK,LONG,90,2024-01-25T10:15:00+05:30,996.2,2024-01-29T11:15:00+05:30,1021.95,rsi_oversold,rsi_overbought,2317.5,264.79,18.16,54.49,1980.05,4.04
NSE:LT,LONG,20,2024-01-23T13:15:00+05:30,3591.6,2024-01-29T11:15:00+05:30,3696.65,rsi_oversold,rsi_overbought,2101.0,224.95,14.58,43.73,1817.74,5.92
NSE:BHARTIARTL,SHORT,80,2024-01-19T09:15:00+05:30,1119.6,2024-01-29T14:15:00+05:30,1162.35,rsi_overbought,rsi_oversold,-3420.0,266.25,18.26,54.77,-3759.27,10.21
NSE:BANKNIFTY,LONG,2.1517105455504066,2024-01-17T10:15:00+05:30,46613.35,2024-01-30T10:15:00+05:30,45342.45,rsi_oversold,rsi_overbought,-2734.61,65.67,3.96,19.79,-2824.03,13.0
NSE:SBIN,LONG,130,2024-01-17T12:15:00+05:30,626.7,2024-01-30T10:15:00+05:30,627.9,rsi_oversold,rsi_overbought,156.0,244.36,16.31,48.93,-153.6,12.92
NSE:WIPRO,LONG,695,2024-01-17T10:15:00+05:30,121.19,2024-01-30T11:15:00+05:30,120.44,rsi_oversold,rsi_overbought,-521.25,249.78,16.79,50.38,-838.2,13.04
NSE:TATASTEEL,LONG,695,2024-01-23T13:15:00+05:30,130.8,2024-01-30T12:15:00+05:30,136.2,rsi_oversold,rsi_overbought,3753.0,269.05,18.56,55.67,3409.72,6.96
NSE:HCLTECH,LONG,55,2024-01-20T15:15:00+05:30,1544.8,2024-01-30T13:15:00+05:30,1580.8,rsi_oversold,rsi_overbought,1980.0,254.01,17.19,51.57,1657.23,9.92
NSE:ADANIGREEN,SHORT,40,2024-01-20T15:15:00+05:30,1674.5,2024-01-31T09:15:00+05:30,1679.45,rsi_overbought,rsi_oversold,-198.0,212.22,13.42,40.25,-463.89,10.75
NSE:LT,SHORT,20,2024-01-29T12:15:00+05:30,3693.65,2024-01-31T09:15:00+05:30,3414.0,rsi_overbought,rsi_oversold,5593.0,220.67,14.22,42.65,5315.46,1.88
NSE:HDFCBANK,LONG,235,2024-01-17T10:15:00+05:30,392.77,2024-02-01T10:15:00+05:30,367.39,rsi_oversold,rsi_overbought,-5965.47,262.09,17.86,53.59,-6299.02,15.0
NSE:WIPRO,SHORT,695,2024-01-30T12:15:00+05:30,120.05,2024-02-01T11:15:00+05:30,118.22,rsi_overbought,rsi_oversold,1275.32,247.05,16.56,49.68,962.04,1.96
NSE:ITC,LONG,215,2024-01-23T14:15:00+05:30,459.9,2024-02-01T12:15:00+05:30,444.45,rsi_oversold,rsi_overbought,-3321.75,279.44,19.44,58.33,-3678.96,8.92
NSE:TCS,LONG,20,2024-01-25T09:15:00+05:30,3801.6,2024-02-02T09:15:00+05:30,3925.55,rsi_oversold,rsi_overbought,2479.0,234.68,15.45,46.36,2182.51,8.0
NSE:TATACONSUM,LONG,70,2024-01-29T14:15:00+05:30,1141.2,2024-02-02T10:15:00+05:30,1139.85,rsi_oversold,rsi_overbought,-94.5,240.57,15.97,47.9,-398.94,3.83
NSE:HINDUNILVR,SHORT,35,2024-01-25T12:15:00+05:30,2440.0,2024-02-05T09:15:00+05:30,2441.55,rsi_overbought,rsi_oversold,-54.25,252.99,17.09,51.26,-375.58,10.88
NSE:BANKNIFTY,SHORT,2.1446344352159508,2024-01-30T11:15:00+05:30,45454.3,2024-02-06T09:15:00+05:30,45729.7,rsi_overbought,rsi_oversold,-590.63,65.57,3.91,19.56,-679.67,6.92
NSE:ITC,SHORT,215,2024-02-01T14:15:00+05:30,442.5,2024-02-06T09:15:00+05:30,432.9,rsi_overbought,rsi_oversold,2064.0,272.12,18.82,56.46,1716.6,4.79
NSE:SBIN,SHORT,125,2024-01-30T11:15:00+05:30,632.75,2024-02-06T10:15:00+05:30,640.3,rsi_overbought,rsi_oversold,-943.75,240.03,15.91,47.74,-1247.43,6.96
NSE:ADANIGREEN,LONG,40,2024-01-31T10:15:00+05:30,1679.5,2024-02-06T14:15:00+05:30,1720.7,rsi_oversold,rsi_overbought,1648.0,214.14,13.6,40.8,1379.45,6.17
NSE:SBIN,LONG,125,2024-02-06T11:15:00+05:30,643.45,2024-02-07T09:15:00+05:30,667.9,rsi_oversold,rsi_overbought,3056.25,245.05,16.39,49.18,2745.63,0.92
NSE:LT,LONG,25,2024-01-31T10:15:00+05:30,3465.0,2024-02-07T10:15:00+05:30,3430.45,rsi_oversold,rsi_overbought,-863.75,254.75,17.24,51.72,-1187.46,7.0
NSE:ICICIBANK,SHORT,90,2024-01-29T15:15:00+05:30,1018.15,2024-02-08T10:15:00+05:30,1001.6,rsi_overbought,rsi_oversold,1489.5,265.01,18.18,54.53,1151.77,9.79
NSE:INFY,SHORT,65,2024-01-12T10:15:00+05:30,1600.8,2024-02-08T10:15:00+05:30,1684.7,rsi_overbought,rsi_oversold,-5453.5,300.85,21.36,64.07,-5839.77,27.0
NSE:TATACONSUM,SHORT,70,2024-02-02T12:15:00+05:30,1140.3,2024-02-08T11:15:00+05:30,1129.85,rsi_overbought,rsi_oversold,731.5,239.66,15.89,47.67,428.28,5.96
NSE:WIPRO,SHORT,705,2024-02-02T10:15:00+05:30,120.38,2024-02-08T13:15:00+05:30,122.5,rsi_overbought,rsi_oversold,-1498.12,253.51,17.12,51.37,-1820.13,6.12
NSE:TATASTEEL,SHORT,695,2024-01-30T13:15:00+05:30,136.15,2024-02-09T09:15:00+05:30,141.6,rsi_overbought,rsi_oversold,-3787.75,277.92,19.3,57.91,-4142.89,9.83
NSE:NIFTY,SHORT,4.422470933319458,2024-01-29T12:15:00+05:30,21705.05,2024-02-09T10:15:00+05:30,21679.5,rsi_overbought,rsi_oversold,112.99,65.26,3.84,19.19,24.71,10.92
NSE:SENSEX,SHORT,1.31148237434785,2024-01-29T12:15:00+05:30,71834.69,2024-02-12T09:15:00+05:30,71331.43,rsi_overbought,rsi_oversold,660.02,64.9,3.76,18.78,572.58,13.88
NSE:WIPRO,LONG,675,2024-02-08T14:15:00+05:30,122.35,2024-02-12T10:15:00+05:30,126.75,rsi_oversold,rsi_overbought,2970.0,249.75,16.81,50.44,2652.99,3.83
NSE:ADANIGREEN,SHORT,35,2024-02-07T09:15:00+05:30,1917.0,2024-02-13T12:15:00+05:30,1778.4,rsi_overbought,rsi_oversold,4851.0,206.49,12.93,38.8,4592.77,6.12
NSE:HCLTECH,SHORT,50,2024-02-06T13:15:00+05:30,1620.25,2024-02-14T10:15:00+05:30,1646.8,rsi_overbought,rsi_oversold,-1327.5,244.75,16.34,49.01,-1637.59,7.88
NSE:ICICIBANK,LONG,95,2024-02-08T11:15:00+05:30,1000.0,2024-02-14T11:15:00+05:30,1026.0,rsi_oversold,rsi_overbought,2470.0,276.82,19.25,57.74,2116.19,6.0
NSE:BANKNIFTY,LONG,2.1223374084655617,2024-02-06T10:15:00+05:30,45612.55,2024-02-14T14:15:00+05:30,45785.45,rsi_oversold,rsi_overbought,366.95,65.47,3.88,19.4,278.2,8.17
NSE:TATASTEEL,LONG,645,2024-02-09T10:15:00+05:30,139.85,2024-02-14T14:15:00+05:30,141.3,rsi_oversold,rsi_overbought,935.25,264.57,18.13,54.4,598.14,5.17
NSE:HDFCBANK,LONG,240,2024-02-05T09:15:00+05:30,360.09,2024-02-16T09:15:00+05:30,353.98,rsi_oversold,rsi_overbought,-1467.6,253.68,17.14,51.41,-1789.83,11.0
NSE:SENSEX,LONG,1.3341691067077202,2024-02-12T12:15:00+05:30,71041.07,2024-02-16T09:15:00+05:30,72415.73,rsi_oversold,rsi_overbought,1834.03,65.31,3.83,19.14,1745.76,3.88
NSE:INFY,LONG,60,2024-02-08T11:15:00+05:30,1689.9,2024-02-16T09:15:00+05:30,1698.0,rsi_oversold,rsi_overbought,486.0,288.98,20.33,60.98,115.71,7.92
NSE:LT,LONG,25,2024-02-08T13:15:00+05:30,3325.0,2024-02-16T09:15:00+05:30,3353.5,rsi_oversold,rsi_overbought,712.5,248.61,16.7,50.09,397.11,7.83
NSE:TATACONSUM,LONG,70,2024-02-08T12:15:00+05:30,1131.85,2024-02-16T10:15:00+05:30,1142.5,rsi_oversold,rsi_overbought,745.5,239.99,15.92,47.76,441.83,7.92
NSE:BHARTIARTL,LONG,70,2024-01-29T15:15:00+05:30,1161.55,2024-02-16T10:15:00+05:30,1123.55,rsi_oversold,rsi_overbought,-2660.0,241.08,16.0,47.99,-2965.06,17.79
NSE:RELIANCE,SHORT,130,2024-01-29T09:15:00+05:30,689.1,2024-02-16T14:15:00+05:30,730.3,rsi_overbought,rsi_oversold,-5356.0,268.58,18.45,55.36,-5698.39,18.21
NSE:HINDUNILVR,LONG,35,2024-02-05T10:15:00+05:30,2442.0,2024-02-19T10:15:00+05:30,2389.3,rsi_oversold,rsi_overbought,-1844.5,251.17,16.91,50.73,-2163.31,14.0
NSE:HCLTECH,LONG,50,2024-02-14T11:15:00+05:30,1646.6,2024-02-19T11:15:00+05:30,1680.45,rsi_oversold,rsi_overbought,1692.5,247.86,16.64,49.91,1378.1,5.0
NSE:TCS,SHORT,20,2024-02-02T10:15:00+05:30,3949.8,2024-02-20T09:15:00+05:30,4062.0,rsi_overbought,rsi_oversold,-2244.0,241.36,16.02,48.07,-2549.45,17.96
NSE:TATASTEEL,SHORT,645,2024-02-14T15:15:00+05:30,141.45,2024-02-20T10:15:00+05:30,140.65,rsi_overbought,rsi_oversold,516.0,265.28,18.2,54.59,177.93,5.79
NSE:LT,SHORT,25,2024-02-16T10:15:00+05:30,3359.0,2024-02-20T13:15:00+05:30,3336.3,rsi_overbought,rsi_oversold,567.5,249.09,16.74,50.21,251.46,4.12
NSE:INFY,SHORT,60,2024-02-16T10:15:00+05:30,1698.4,2024-02-21T11:15:00+05:30,1663.2,rsi_overbought,rsi_oversold,2112.0,287.1,20.17,60.51,1744.22,5.04
NSE:WIPRO,SHORT,675,2024-02-12T11:15:00+05:30,126.92,2024-02-21T11:15:00+05:30,132.06,rsi_overbought,rsi_oversold,-3469.5,257.65,17.48,52.45,-3797.08,9.0
NSE:ADANIGREEN,SHORT,35,2024-02-15T09:15:00+05:30,1921.95,2024-02-21T15:15:00+05:30,1901.1,rsi_overbought,rsi_oversold,729.75,211.76,13.38,40.14,464.46,6.25
NSE:TATASTEEL,LONG,645,2024-02-20T12:15:00+05:30,141.05,2024-02-22T09:15:00+05:30,145.35,rsi_oversold,rsi_overbought,2773.5,268.2,18.47,55.42,2431.41,1.88
NSE:HDFCBANK,SHORT,240,2024-02-16T10:15:00+05:30,353.93,2024-02-22T10:15:00+05:30,354.48,rsi_overbought,rsi_oversold,-132.0,252.07,17.0,51.0,-452.07,6.0
NSE:NIFTY,SHORT,4.3570312009819645,2024-02-16T09:15:00+05:30,22036.7,2024-02-22T11:15:00+05:30,21964.75,rsi_overbought,rsi_oversold,313.49,65.26,3.83,19.17,225.23,6.08
NSE:SENSEX,SHORT,1.3326958323998552,2024-02-16T10:15:00+05:30,72425.63,2024-02-22T11:15:00+05:30,72323.12,rsi_overbought,rsi_oversold,136.61,65.36,3.86,19.29,48.11,6.04
NSE:HCLTECH,LONG,50,2024-02-21T15:15:00+05:30,1635.5,2024-02-23T09:15:00+05:30,1685.55,rsi_oversold,rsi_overbought,2502.5,247.46,16.61,49.82,2188.61,1.75
NSE:RELIANCE,LONG,115,2024-02-19T09:15:00+05:30,727.51,2024-02-23T13:15:00+05:30,747.0,rsi_oversold,rsi_overbought,2240.78,251.39,16.96,50.87,1921.56,4.17
NSE:ITC,LONG,225,2024-02-06T10:15:00+05:30,431.95,2024-02-23T13:15:00+05:30,412.55,rsi_oversold,rsi_overbought,-4365.0,274.6,19.0,57.0,-4715.61,17.12
NSE:WIPRO,LONG,620,2024-02-21T12:15:00+05:30,132.01,2024-02-23T13:15:00+05:30,133.93,rsi_oversold,rsi_overbought,1184.2,246.26,16.49,49.46,871.98,2.04
NSE:LT,LONG,25,2024-02-22T09:15:00+05:30,3290.25,2024-02-23T13:15:00+05:30,3394.0,rsi_oversold,rsi_overbought,2593.75,248.63,16.71,50.13,2278.28,1.17
NSE:INFY,LONG,60,2024-02-21T12:15:00+05:30,1663.3,2024-02-23T15:15:00+05:30,1675.0,rsi_oversold,rsi_overbought,702.0,285.65,20.03,60.09,336.23,2.12
NSE:ADANIGREEN,LONG,35,2024-02-22T09:15:00+05:30,1883.55,2024-02-26T09:15:00+05:30,1959.65,rsi_oversold,rsi_overbought,2663.5,212.4,13.45,40.35,2397.29,4.0
NSE:TATASTEEL,SHORT,645,2024-02-22T13:15:00+05:30,145.15,2024-02-26T11:15:00+05:30,143.0,rsi_overbought,rsi_oversold,1386.75,269.55,18.59,55.76,1042.85,3.92
NSE:HCLTECH,SHORT,50,2024-02-23T10:15:00+05:30,1689.6,2024-02-26T14:15:00+05:30,1649.9,rsi_overbought,rsi_oversold,1985.0,248.53,16.7,50.09,1669.68,3.17
NSE:ITC,SHORT,225,2024-02-23T15:15:00+05:30,410.9,2024-02-26T15:15:00+05:30,409.4,rsi_overbought,rsi_oversold,337.5,268.2,18.46,55.37,-4.53,3.0
NSE:BHARTIARTL,SHORT,70,2024-02-16T11:15:00+05:30,1121.15,2024-02-26T15:15:00+05:30,1110.75,rsi_overbought,rsi_oversold,728.0,236.69,15.62,46.87,428.82,10.17
NSE:BANKNIFTY,SHORT,2.1141426338113396,2024-02-14T15:15:00+05:30,45920.55,2024-02-27T09:15:00+05:30,46384.6,rsi_overbought,rsi_oversold,-981.07,65.51,3.9,19.51,-1070.0,12.75
NSE:NIFTY,SHORT,4.345205966363353,2024-02-26T09:15:00+05:30,22148.35,2024-02-27T09:15:00+05:30,22109.05,rsi_overbought,rsi_oversold,170.77,65.3,3.85,19.23,82.39,1.0
NSE:ICICIBANK,SHORT,95,2024-02-14T12:15:00+05:30,1029.1,2024-02-27T09:15:00+05:30,1047.95,rsi_overbought,rsi_oversold,-1790.75,282.53,19.73,59.2,-2152.21,12.88
NSE:TCS,LONG,20,2024-02-20T10:15:00+05:30,4064.15,2024-02-28T09:15:00+05:30,4140.5,rsi_oversold,rsi_overbought,1527.0,245.36,16.41,49.23,1216.0,7.96
NSE:INFY,LONG,60,2024-02-27T09:15:00+05:30,1656.25,2024-02-28T11:15:00+05:30,1675.05,rsi_oversold,rsi_overbought,1128.0,285.16,19.99,59.96,762.89,1.08
NSE:RELIANCE,SHORT,115,2024-02-23T15:15:00+05:30,746.75,2024-02-28T12:15:00+05:30,728.82,rsi_overbought,rsi_oversold,2062.52,251.54,16.97,50.91,1743.11,4.88
NSE:SBIN,SHORT,120,2024-02-07T10:15:00+05:30,669.6,2024-02-28T12:15:00+05:30,741.5,rsi_overbought,rsi_oversold,-8628.0,251.94,16.93,50.8,-8947.68,21.08
NSE:WIPRO,SHORT,615,2024-02-23T14:15:00+05:30,133.95,2024-02-28T12:15:00+05:30,129.55,rsi_overbought,rsi_oversold,2706.0,243.0,16.21,48.62,2398.17,4.92
NSE:ADANIGREEN,SHORT,35,2024-02-26T10:15:00+05:30,1954.0,2024-02-29T12:15:00+05:30,1880.2,rsi_overbought,rsi_oversold,2583.0,212.06,13.42,40.26,2317.26,3.08
NSE:ICICIBANK,LONG,90,2024-02-27T10:15:00+05:30,1049.55,2024-03-01T11:15:00+05:30,1082.7,rsi_oversold,rsi_overbought,2983.5,276.15,19.19,57.57,2630.59,3.04
NSE:TATASTEEL,LONG,660,2024-02-26T13:15:00+05:30,143.05,2024-03-01T11:15:00+05:30,147.25,rsi_oversold,rsi_overbought,2772.0,275.83,19.16,57.48,2419.53,3.92
NSE:BANKNIFTY,LONG,2.066931668685492,2024-02-27T10:15:00+05:30,46453.3,2024-03-01T12:15:00+05:30,46993.55,rsi_oversold,rsi_overbought,1116.66,65.43,3.86,19.31,1028.05,3.08
NSE:SENSEX,LONG,1.3273869505746563,2024-02-27T09:15:00+05:30,72751.43,2024-03-01T12:15:00+05:30,73498.13,rsi_oversold,rsi_overbought,991.16,65.52,3.88,19.41,902.35,3.12
NSE:HDFCBANK,LONG,240,2024-02-22T11:15:00+05:30,354.34,2024-03-01T14:15:00+05:30,358.02,rsi_oversold,rsi_overbought,884.4,253.05,17.1,51.29,562.97,8.12
NSE:RELIANCE,LONG,120,2024-02-28T14:15:00+05:30,727.25,2024-03-01T14:15:00+05:30,744.89,rsi_oversold,rsi_overbought,2116.8,259.28,17.67,53.0,1786.86,2.0
NSE:WIPRO,LONG,650,2024-02-28T13:15:00+05:30,130.31,2024-03-04T09:15:00+05:30,131.39,rsi_oversold,rsi_overbought,698.75,252.11,17.01,51.03,378.6,4.83
NSE:TCS,SHORT,20,2024-02-28T10:15:00+05:30,4133.6,2024-03-05T09:15:00+05:30,4006.35,rsi_overbought,rsi_oversold,2545.0,243.85,16.28,48.84,2236.03,5.96
NSE:ADANIGREEN,SHORT,35,2024-03-02T12:15:00+05:30,1971.35,2024-03-06T09:15:00+05:30,1919.25,rsi_overbought,rsi_oversold,1823.5,214.31,13.62,40.85,1554.72,3.88
NSE:HINDUNILVR,SHORT,35,2024-02-19T11:15:00+05:30,2390.4,2024-03-06T10:15:00+05:30,2381.2,rsi_overbought,rsi_oversold,322.0,248.69,16.7,50.1,6.51,15.96
NSE:TATASTEEL,SHORT,655,2024-03-01T12:15:00+05:30,148.3,2024-03-06T10:15:00+05:30,148.75,rsi_overbought,rsi_oversold,-294.75,279.36,19.46,58.37,-651.94,4.92
NSE:RELIANCE,SHORT,120,2024-03-01T15:15:00+05:30,744.25,2024-03-06T11:15:00+05:30,740.27,rsi_overbought,rsi_oversold,477.0,261.05,17.81,53.44,144.69,4.83
NSE:LT,SHORT,25,2024-02-23T14:15:00+05:30,3388.55,2024-03-06T12:15:00+05:30,3595.0,rsi_overbought,rsi_oversold,-5161.25,257.52,17.46,52.38,-5488.61,11.92
NSE:HCLTECH,LONG,55,2024-02-26T15:15:00+05:30,1649.5,2024-03-07T09:15:00+05:30,1648.8,rsi_oversold,rsi_overbought,-38.5,264.72,18.14,54.42,-375.78,9.75
NSE:TCS,LONG,20,2024-03-05T10:15:00+05:30,3989.75,2024-03-07T10:15:00+05:30,4117.95,rsi_oversold,rsi_overbought,2564.0,243.13,16.22,48.65,2256.01,2.0
NSE:TATASTEEL,LONG,650,2024-03-06T11:15:00+05:30,148.65,2024-03-07T13:15:00+05:30,158.45,rsi_oversold,rsi_overbought,6370.0,284.47,19.96,59.88,6005.68,1.08
NSE:BANKNIFTY,SHORT,2.0576225422567282,2024-03-01T13:15:00+05:30,47161.6,2024-03-11T09:15:00+05:30,47599.85,rsi_overbought,rsi_oversold,-901.75,65.5,3.9,19.5,-990.65,9.83
NSE:HDFCBANK,SHORT,240,2024-03-01T15:15:00+05:30,357.32,2024-03-11T09:15:00+05:30,357.38,rsi_overbought,rsi_oversold,-12.0,253.74,17.15,51.46,-334.35,9.75
NSE:ICICIBANK,SHORT,90,2024-03-01T12:15:00+05:30,1083.8,2024-03-11T09:15:00+05:30,1082.2,rsi_overbought,rsi_oversold,144.0,279.74,19.49,58.48,-213.72,9.88
NSE:ITC,LONG,225,2024-02-29T14:15:00+05:30,406.6,2024-03-11T09:15:00+05:30,415.05,rsi_oversold,rsi_overbought,1901.25,268.42,18.49,55.46,1558.88,10.79
NSE:HINDUNILVR,LONG,35,2024-03-06T11:15:00+05:30,2381.0,2024-03-11T10:15:00+05:30,2405.5,rsi_oversold,rsi_overbought,857.5,249.23,16.75,50.26,541.26,4.96
NSE:WIPRO,LONG,665,2024-03-05T13:15:00+05:30,127.94,2024-03-11T10:15:00+05:30,128.19,rsi_oversold,rsi_overbought,166.25,252.39,17.03,51.1,-154.27,5.88
NSE:NIFTY,SHORT,4.321597690743644,2024-03-01T12:15:00+05:30,22288.35,2024-03-11T14:15:00+05:30,22323.7,rsi_overbought,rsi_oversold,-152.77,65.33,3.86,19.28,-241.24,10.08
NSE:SENSEX,SHORT,1.3224832406430262,2024-03-01T13:15:00+05:30,73701.46,2024-03-11T14:15:00+05:30,73499.32,rsi_overbought,rsi_oversold,267.33,65.53,3.89,19.47,178.43,10.04
NSE:SBIN,SHORT,95,2024-03-01T12:15:00+05:30,765.05,2024-03-12T09:15:00+05:30,775.05,rsi_overbought,rsi_oversold,-950.0,225.78,14.63,43.89,-1234.31,10.88
NSE:LT,SHORT,25,2024-03-07T10:15:00+05:30,3677.8,2024-03-12T12:15:00+05:30,3638.85,rsi_overbought,rsi_oversold,973.75,266.32,18.29,54.87,634.27,5.08
NSE:TATACONSUM,SHORT,70,2024-02-16T11:15:00+05:30,1146.8,2024-03-12T14:15:00+05:30,1214.35,rsi_overbought,rsi_oversold,-4728.5,247.15,16.53,49.58,-5041.76,25.12
NSE:ITC,SHORT,225,2024-03-11T10:15:00+05:30,414.5,2024-03-12T15:15:00+05:30,402.0,rsi_overbought,rsi_oversold,2812.5,267.07,18.37,55.11,2471.95,1.21
NSE:HDFCBANK,LONG,235,2024-03-11T13:15:00+05:30,357.0,2024-03-13T09:15:00+05:30,366.62,rsi_oversold,rsi_overbought,2259.53,251.92,17.0,51.01,1939.58,1.83
NSE:INFY,LONG,65,2024-03-04T11:15:00+05:30,1635.45,2024-03-13T10:15:00+05:30,1616.85,rsi_oversold,rsi_overbought,-1209.0,298.13,21.14,63.42,-1591.69,8.96
NSE:BHARTIARTL,SHORT,70,2024-02-28T09:15:00+05:30,1134.4,2024-03-13T10:15:00+05:30,1185.85,rsi_overbought,rsi_oversold,-3601.5,243.88,16.24,48.73,-3910.35,14.04
NSE:HCLTECH,SHORT,50,2024-03-07T10:15:00+05:30,1651.85,2024-03-13T11:15:00+05:30,1618.4,rsi_overbought,rsi_oversold,1672.5,244.7,16.35,49.05,1362.39,6.04
NSE:WIPRO,SHORT,660,2024-03-11T11:15:00+05:30,128.68,2024-03-13T13:15:00+05:30,125.95,rsi_overbought,rsi_oversold,1798.5,249.74,16.81,50.42,1481.54,2.08
NSE:TCS,SHORT,20,2024-03-07T14:15:00+05:30,4106.6,2024-03-14T09:15:00+05:30,4120.0,rsi_overbought,rsi_oversold,-268.0,245.98,16.45,49.36,-579.8,6.79
NSE:ADANIGREEN,LONG,40,2024-03-06T10:15:00+05:30,1913.35,2024-03-15T11:15:00+05:30,1901.3,rsi_oversold,rsi_overbought,-482.0,232.72,15.26,45.78,-775.76,9.04
NSE:BHARTIARTL,LONG,65,2024-03-13T11:15:00+05:30,1171.95,2024-03-15T11:15:00+05:30,1213.7,rsi_oversold,rsi_overbought,2713.75,235.24,15.51,46.52,2416.48,2.0
NSE:TATASTEEL,LONG,675,2024-03-12T12:15:00+05:30,152.05,2024-03-18T09:15:00+05:30,145.45,rsi_oversold,rsi_overbought,-4455.0,286.61,20.08,60.24,-4821.94,5.88
NSE:INFY,SHORT,60,2024-03-14T12:15:00+05:30,1650.85,2024-03-18T11:15:00+05:30,1617.15,rsi_overbought,rsi_oversold,2022.0,280.87,19.61,58.82,1662.7,3.96
NSE:TCS,SHORT,20,2024-03-15T15:15:00+05:30,4222.0,2024-03-19T09:15:00+05:30,4029.85,rsi_overbought,rsi_oversold,3843.0,246.24,16.5,49.51,3530.75,3.75
NSE:ADANIGREEN,SHORT,40,2024-03-15T12:15:00+05:30,1906.8,2024-03-19T09:15:00+05:30,1842.4,rsi_overbought,rsi_oversold,2576.0,229.59,15.0,44.99,2286.43,3.88
NSE:ITC,SHORT,225,2024-03-14T09:15:00+05:30,423.85,2024-03-19T11:15:00+05:30,410.2,rsi_overbought,rsi_oversold,3071.25,271.43,18.77,56.3,2724.75,5.08
NSE:RELIANCE,LONG,120,2024-03-11T13:15:00+05:30,735.52,2024-03-21T09:15:00+05:30,726.88,rsi_oversold,rsi_overbought,-1038.0,258.21,17.55,52.65,-1366.41,9.83
NSE:SBIN,LONG,95,2024-03-12T10:15:00+05:30,765.9,2024-03-21T09:15:00+05:30,747.6,rsi_oversold,rsi_overbought,-1738.5,223.04,14.38,43.13,-2019.05,8.96
NSE:LT,LONG,25,2024-03-12T13:15:00+05:30,3638.6,2024-03-21T09:15:00+05:30,3580.85,rsi_oversold,rsi_overbought,-1443.75,263.8,18.05,54.15,-1779.74,8.83
NSE:ITC,LONG,240,2024-03-19T12:15:00+05:30,409.75,2024-03-21T11:15:00+05:30,418.95,rsi_oversold,rsi_overbought,2208.0,283.97,19.89,59.67,1844.47,1.96
NSE:NIFTY,LONG,4.30472277610769,2024-03-11T15:15:00+05:30,22319.85,2024-03-22T13:15:00+05:30,22105.0,rsi_oversold,rsi_overbought,-924.87,65.15,3.82,19.12,-1012.96,10.92
NSE:SENSEX,LONG,1.3287863316748236,2024-03-11T15:15:00+05:30,73485.74,2024-03-22T13:15:00+05:30,72839.86,rsi_oversold,rsi_overbought,-858.24,65.45,3.89,19.44,-947.02,10.92
NSE:HDFCBANK,SHORT,235,2024-03-13T10:15:00+05:30,367.18,2024-03-26T09:15:00+05:30,358.1,rsi_overbought,rsi_oversold,2132.62,252.37,17.04,51.13,1812.08,12.96
NSE:HCLTECH,LONG,55,2024-03-13T12:15:00+05:30,1621.85,2024-03-27T09:15:00+05:30,1573.7,rsi_oversold,rsi_overbought,-2648.25,258.63,17.58,52.73,-2977.18,13.88
NSE:BHARTIARTL,SHORT,65,2024-03-15T12:15:00+05:30,1212.8,2024-03-27T12:15:00+05:30,1217.65,rsi_overbought,rsi_oversold,-315.25,238.7,15.8,47.39,-617.15,12.0
NSE:SBIN,SHORT,95,2024-03-21T10:15:00+05:30,748.45,2024-03-27T13:15:00+05:30,736.75,rsi_overbought,rsi_oversold,1111.5,219.83,14.11,42.33,835.23,6.12
NSE:BANKNIFTY,LONG,2.017008767257108,2024-03-11T10:15:00+05:30,47621.55,2024-03-28T09:15:00+05:30,47161.45,rsi_oversold,rsi_overbought,-928.03,65.14,3.82,19.12,-1016.11,16.96
NSE:HDFCBANK,LONG,245,2024-03-26T10:15:00+05:30,357.81,2024-03-28T09:15:00+05:30,362.93,rsi_oversold,rsi_overbought,1251.95,259.26,17.66,52.97,922.06,1.96
NSE:SBIN,LONG,95,2024-03-27T14:15:00+05:30,733.2,2024-03-28T13:15:00+05:30,758.5,rsi_oversold,rsi_overbought,2403.5,220.42,14.17,42.51,2126.39,0.96
NSE:HINDUNILVR,LONG,35,2024-03-12T09:15:00+05:30,2366.75,2024-04-01T12:15:00+05:30,2285.05,rsi_oversold,rsi_overbought,-2859.5,244.27,16.28,48.84,-3168.89,20.12
NSE:TCS,LONG,20,2024-03-19T10:15:00+05:30,4023.65,2024-04-01T14:15:00+05:30,3913.95,rsi_oversold,rsi_overbought,-2194.0,239.7,15.88,47.63,-2497.2,13.17
NSE:WIPRO,LONG,690,2024-03-13T14:15:00+05:30,125.86,2024-04-01T14:15:00+05:30,121.27,rsi_oversold,rsi_overbought,-3174.0,252.85,17.05,51.16,-3495.06,19.0
NSE:ADANIGREEN,LONG,40,2024-03-19T10:15:00+05:30,1833.7,2024-04-01T14:15:00+05:30,1884.95,rsi_oversold,rsi_overbought,2050.0,228.27,14.87,44.62,1762.23,13.17
NSE:RELIANCE,SHORT,120,2024-03-21T10:15:00+05:30,728.4,2024-04-02T09:15:00+05:30,739.77,rsi_overbought,rsi_oversold,-1365.0,259.01,17.62,52.85,-1694.48,11.96
NSE:BHARTIARTL,SHORT,65,2024-03-28T14:15:00+05:30,1227.3,2024-04-02T12:15:00+05:30,1207.15,rsi_overbought,rsi_oversold,1309.75,238.87,15.82,47.47,1007.58,4.92
NSE:ITC,SHORT,240,2024-03-21T12:15:00+05:30,420.35,2024-04-02T13:15:00+05:30,424.85,rsi_overbought,rsi_oversold,-1080.0,288.62,20.28,60.85,-1449.76,12.04
NSE:TATACONSUM,LONG,60,2024-03-12T15:15:00+05:30,1217.75,2024-04-02T14:15:00+05:30,1132.4,rsi_oversold,rsi_overbought,-5121.0,220.21,14.1,42.3,-5397.61,20.96
NSE:LT,SHORT,25,2024-03-21T10:15:00+05:30,3587.15,2024-04-03T09:15:00+05:30,3782.5,rsi_overbought,rsi_oversold,-4883.75,268.23,18.42,55.27,-5225.68,12.96
NSE:HINDUNILVR,SHORT,35,2024-04-01T14:15:00+05:30,2286.35,2024-04-04T09:15:00+05:30,2252.5,rsi_overbought,rsi_oversold,1184.75,239.57,15.89,47.66,881.64,2.79
NSE:TATASTEEL,SHORT,655,2024-03-18T12:15:00+05:30,148.8,2024-04-05T09:15:00+05:30,161.55,rsi_overbought,rsi_oversold,-8351.25,289.65,20.33,60.98,-8722.21,17.88
NSE:RELIANCE,LONG,120,2024-04-02T10:15:00+05:30,739.05,2024-04-08T09:15:00+05:30,742.4,rsi_oversold,rsi_overbought,402.0,260.65,17.78,53.33,70.24,5.96
NSE:ICICIBANK,LONG,90,2024-03-11T10:15:00+05:30,1084.8,2024-04-08T09:15:00+05:30,1085.45,rsi_oversold,rsi_overbought,58.5,280.17,19.53,58.6,-299.8,27.96
NSE:ITC,LONG,235,2024-04-03T09:15:00+05:30,422.6,2024-04-08T09:15:00+05:30,429.9,rsi_oversold,rsi_overbought,1715.5,285.62,20.03,60.1,1349.74,5.0
NSE:WIPRO,SHORT,685,2024-04-01T15:15:00+05:30,121.28,2024-04-08T15:15:00+05:30,120.06,rsi_overbought,rsi_oversold,828.85,246.77,16.53,49.6,515.95,7.0
NSE:INFY,LONG,65,2024-03-18T14:15:00+05:30,1603.7,2024-04-09T09:15:00+05:30,1507.25,rsi_oversold,rsi_overbought,-6269.25,288.3,20.22,60.66,-6638.44,21.79
NSE:LT,LONG,20,2024-04-03T10:15:00+05:30,3778.6,2024-04-09T09:15:00+05:30,3793.05,rsi_oversold,rsi_overbought,289.0,231.38,15.14,45.43,-2.96,5.96
NSE:ADANIGREEN,SHORT,40,2024-04-01T15:15:00+05:30,1892.0,2024-04-10T09:15:00+05:30,1903.45,rsi_overbought,rsi_oversold,-458.0,231.87,15.18,45.55,-750.6,8.75
NSE:BHARTIARTL,LONG,65,2024-04-02T13:15:00+05:30,1205.0,2024-04-10T09:15:00+05:30,1218.5,rsi_oversold,rsi_overbought,877.5,238.11,15.75,47.26,576.38,7.83
NSE:LT,SHORT,20,2024-04-09T10:15:00+05:30,3801.3,2024-04-10T14:15:00+05:30,3753.0,rsi_overbought,rsi_oversold,966.0,230.95,15.11,45.33,674.62,1.17
NSE:HDFCBANK,SHORT,245,2024-03-28T10:15:00+05:30,364.48,2024-04-12T09:15:00+05:30,379.12,rsi_overbought,rsi_oversold,-3589.25,265.84,18.22,54.65,-3927.97,14.96
NSE:HCLTECH,SHORT,55,2024-03-27T11:15:00+05:30,1571.25,2024-04-12T09:15:00+05:30,1531.65,rsi_overbought,rsi_oversold,2178.0,252.61,17.07,51.2,1857.13,15.92
NSE:BANKNIFTY,SHORT,2.007348362925394,2024-03-28T10:15:00+05:30,47346.05,2024-04-15T09:15:00+05:30,47981.95,rsi_overbought,rsi_oversold,-1276.47,65.14,3.83,19.14,-1364.57,17.96
NSE:NIFTY,SHORT,4.305812488020307,2024-03-22T14:15:00+05:30,22079.65,2024-04-15T09:15:00+05:30,22360.3,rsi_overbought,rsi_oversold,-1208.43,65.14,3.83,19.14,-1296.53,23.79
NSE:SENSEX,SHORT,1.3282316245972934,2024-03-22T14:15:00+05:30,72805.57,2024-04-15T09:15:00+05:30,73699.14,rsi_overbought,rsi_oversold,-1186.87,65.45,3.89,19.46,-1275.67,23.79
NSE:RELIANCE,SHORT,115,2024-04-08T10:15:00+05:30,741.17,2024-04-15T09:15:00+05:30,729.48,rsi_overbought,rsi_oversold,1345.5,250.96,16.91,50.74,1026.89,6.96
NSE:ICICIBANK,SHORT,85,2024-04-09T09:15:00+05:30,1097.75,2024-04-15T09:15:00+05:30,1087.25,rsi_overbought,rsi_oversold,892.5,269.45,18.57,55.72,548.76,6.0
NSE:TATASTEEL,SHORT,530,2024-04-09T09:15:00+05:30,168.3,2024-04-15T09:15:00+05:30,162.1,rsi_overbought,rsi_oversold,3286.0,257.47,17.51,52.53,2958.48,6.0
NSE:INFY,SHORT,65,2024-04-09T10:15:00+05:30,1509.85,2024-04-15T10:15:00+05:30,1466.05,rsi_overbought,rsi_oversold,2847.0,277.86,19.34,58.03,2491.76,6.0
NSE:ITC,SHORT,235,2024-04-08T10:15:00+05:30,429.2,2024-04-15T14:15:00+05:30,425.85,rsi_overbought,rsi_oversold,787.25,286.36,20.09,60.28,420.52,7.17
NSE:SBIN,SHORT,95,2024-04-01T14:15:00+05:30,757.65,2024-04-15T14:15:00+05:30,756.6,rsi_overbought,rsi_oversold,99.75,222.98,14.39,43.16,-180.77,14.0
NSE:TCS,SHORT,20,2024-04-03T12:15:00+05:30,3972.0,2024-04-16T14:15:00+05:30,3872.6,rsi_overbought,rsi_oversold,1988.0,237.32,15.69,47.07,1687.92,13.08
NSE:HINDUNILVR,LONG,40,2024-04-12T09:15:00+05:30,2242.15,2024-04-18T11:15:00+05:30,2230.5,rsi_oversold,rsi_overbought,-466.0,261.97,17.89,53.67,-799.53,6.08
NSE:ICICIBANK,LONG,90,2024-04-15T10:15:00+05:30,1088.2,2024-04-22T13:15:00+05:30,1083.35,rsi_oversold,rsi_overbought,-436.5,280.34,19.54,58.63,-795.02,7.12
NSE:BANKNIFTY,LONG,1.9505331480434593,2024-04-15T10:15:00+05:30,48027.65,2024-04-22T14:15:00+05:30,47959.95,rsi_oversold,rsi_overbought,-132.05,64.81,3.74,18.72,-219.33,7.17
NSE:NIFTY,LONG,4.193658898284909,2024-04-15T10:15:00+05:30,22361.9,2024-04-22T14:15:00+05:30,22347.4,rsi_oversold,rsi_overbought,-60.81,64.84,3.75,18.75,-148.15,7.17
NSE:SENSEX,LONG,1.2947823877952016,2024-04-15T10:15:00+05:30,73704.13,2024-04-22T14:15:00+05:30,73677.87,rsi_oversold,rsi_overbought,-34.0,65.15,3.82,19.08,-122.05,7.17
NSE:ITC,LONG,235,2024-04-15T15:15:00+05:30,425.6,2024-04-22T14:15:00+05:30,425.45,rsi_oversold,rsi_overbought,-35.25,285.37,20.0,60.0,-400.62,6.96
NSE:SBIN,LONG,95,2024-04-15T15:15:00+05:30,758.9,2024-04-22T14:15:00+05:30,766.5,rsi_oversold,rsi_overbought,722.0,224.11,14.49,43.47,439.93,6.96
NSE:WIPRO,LONG,695,2024-04-09T09:15:00+05:30,120.14,2024-04-22T14:15:00+05:30,115.55,rsi_oversold,rsi_overbought,-3190.05,245.39,16.38,49.14,-3500.96,13.21
NSE:INFY,LONG,70,2024-04-15T11:15:00+05:30,1468.5,2024-04-23T09:15:00+05:30,1440.25,rsi_oversold,rsi_overbought,-1977.5,289.54,20.36,61.08,-2348.48,7.92
NSE:HCLTECH,LONG,55,2024-04-12T10:15:00+05:30,1531.4,2024-04-23T09:15:00+05:30,1484.9,rsi_oversold,rsi_overbought,-2557.5,247.67,16.59,49.77,-2871.53,10.96
NSE:ADANIGREEN,LONG,40,2024-04-10T10:15:00+05:30,1901.1,2024-04-23T09:15:00+05:30,1823.5,rsi_oversold,rsi_overbought,-3104.0,228.92,14.9,44.7,-3392.51,12.96
NSE:LT,LONG,20,2024-04-10T15:15:00+05:30,3758.8,2024-04-23T09:15:00+05:30,3603.7,rsi_oversold,rsi_overbought,-3102.0,226.99,14.73,44.17,-3387.89,12.75
NSE:TCS,LONG,20,2024-04-16T15:15:00+05:30,3875.95,2024-04-23T10:15:00+05:30,3881.9,rsi_oversold,rsi_overbought,119.0,235.54,15.52,46.55,-178.6,6.79
NSE:TATASTEEL,LONG,565,2024-04-15T10:15:00+05:30,162.25,2024-04-23T10:15:00+05:30,162.4,rsi_oversold,rsi_overbought,84.75,266.95,18.34,55.03,-255.57,8.0
NSE:TATACONSUM,SHORT,60,2024-04-02T15:15:00+05:30,1130.95,2024-04-24T12:15:00+05:30,1119.95,rsi_overbought,rsi_oversold,660.0,213.16,13.51,40.52,392.82,21.88
NSE:RELIANCE,SHORT,120,2024-04-23T09:15:00+05:30,741.57,2024-04-24T14:15:00+05:30,725.25,rsi_overbought,rsi_oversold,1957.8,258.58,17.6,52.81,1628.81,1.21
NSE:TCS,SHORT,20,2024-04-23T11:15:00+05:30,3890.3,2024-04-24T15:15:00+05:30,3835.0,rsi_overbought,rsi_oversold,1106.0,234.74,15.45,46.35,809.46,1.17
NSE:HINDUNILVR,SHORT,40,2024-04-18T12:15:00+05:30,2231.0,2024-04-25T09:15:00+05:30,2224.75,rsi_overbought,rsi_oversold,250.0,261.17,17.82,53.47,-82.46,6.88
NSE:ADANIGREEN,SHORT,40,2024-04-23T10:15:00+05:30,1821.85,2024-04-25T09:15:00+05:30,1805.95,rsi_overbought,rsi_oversold,636.0,224.33,14.51,43.53,353.62,1.96
NSE:WIPRO,SHORT,695,2024-04-22T15:15:00+05:30,115.49,2024-04-25T12:15:00+05:30,114.7,rsi_overbought,rsi_oversold,549.05,240.87,16.0,47.99,244.19,2.88
NSE:HCLTECH,SHORT,55,2024-04-23T10:15:00+05:30,1493.5,2024-04-29T09:15:00+05:30,1385.0,rsi_overbought,rsi_oversold,5967.5,238.61,15.83,47.5,5665.56,5.96
NSE:RELIANCE,LONG,125,2024-04-24T15:15:00+05:30,725.37,2024-04-30T09:15:00+05:30,738.75,rsi_oversold,rsi_overbought,1673.12,266.37,18.3,54.9,1333.54,5.75
NSE:HDFCBANK,LONG,225,2024-04-12T10:15:00+05:30,378.99,2024-04-30T10:15:00+05:30,383.84,rsi_oversold,rsi_overbought,1091.25,253.78,17.16,51.49,768.82,18.0
NSE:WIPRO,SHORT,675,2024-04-26T10:15:00+05:30,118.7,2024-04-30T10:15:00+05:30,115.69,rsi_overbought,rsi_oversold,2031.75,238.79,15.82,47.46,1729.68,4.0
NSE:INFY,SHORT,70,2024-04-23T10:15:00+05:30,1437.5,2024-05-02T09:15:00+05:30,1415.7,rsi_overbought,rsi_oversold,1526.0,284.95,19.97,59.92,1161.16,8.96
NSE:HINDUNILVR,LONG,40,2024-04-25T10:15:00+05:30,2220.15,2024-05-02T09:15:00+05:30,2241.9,rsi_oversold,rsi_overbought,870.0,261.4,17.85,53.54,537.21,6.96
NSE:BHARTIARTL,SHORT,65,2024-04-10T10:15:00+05:30,1222.95,2024-05-02T10:15:00+05:30,1310.75,rsi_overbought,rsi_oversold,-5707.0,246.57,16.47,49.41,-6019.44,22.0
NSE:LT,SHORT,20,2024-04-23T10:15:00+05:30,3599.9,2024-05-03T09:15:00+05:30,3561.75,rsi_overbought,rsi_oversold,763.0,222.24,14.32,42.97,483.47,9.96
NSE:RELIANCE,SHORT,125,2024-04-30T10:15:00+05:30,739.73,2024-05-03T10:15:00+05:30,726.54,rsi_overbought,rsi_oversold,1648.13,266.68,18.33,54.98,1308.14,3.0
NSE:SENSEX,SHORT,1.2923465051587488,2024-04-22T15:15:00+05:30,73748.89,2024-05-03T11:15:00+05:30,73935.18,rsi_overbought,rsi_oversold,-240.75,65.15,3.82,19.09,-328.8,10.83
NSE:NIFTY,SHORT,4.185444111358131,2024-04-22T15:15:00+05:30,22370.5,2024-05-03T12:15:00+05:30,22415.15,rsi_overbought,rsi_oversold,-186.88,64.83,3.75,18.74,-274.2,10.88
NSE:BANKNIFTY,SHORT,1.9473099931920974,2024-04-22T15:15:00+05:30,47994.85,2024-05-03T13:15:00+05:30,48821.6,rsi_overbought,rsi_oversold,-1609.94,64.86,3.77,18.85,-1697.42,10.92
NSE:ICICIBANK,SHORT,90,2024-04-22T14:15:00+05:30,1087.15,2024-05-03T13:15:00+05:30,1139.65,rsi_overbought,rsi_oversold,-4725.0,286.19,20.04,60.12,-5091.35,10.96
NSE:SBIN,SHORT,95,2024-04-22T15:15:00+05:30,768.15,2024-05-06T09:15:00+05:30,810.2,rsi_overbought,rsi_oversold,-3994.75,230.05,14.99,44.98,-4284.78,13.75
NSE:HINDUNILVR,LONG,40,2024-05-03T10:15:00+05:30,2205.15,2024-05-07T09:15:00+05:30,2355.0,rsi_oversold,rsi_overbought,5994.0,265.37,18.24,54.72,5655.66,3.96
NSE:HDFCBANK,SHORT,225,2024-04-30T11:15:00+05:30,383.48,2024-05-08T09:15:00+05:30,372.93,rsi_overbought,rsi_oversold,2373.75,252.07,17.02,51.06,2053.6,7.92
NSE:ITC,SHORT,235,2024-04-22T15:15:00+05:30,425.8,2024-05-09T09:15:00+05:30,437.65,rsi_overbought,rsi_oversold,-2784.75,288.82,20.29,60.87,-3154.73,16.75
NSE:SBIN,LONG,85,2024-05-06T10:15:00+05:30,808.35,2024-05-09T13:15:00+05:30,833.0,rsi_oversold,rsi_overbought,2095.25,218.01,13.95,41.85,1821.44,3.12
NSE:HINDUNILVR,SHORT,40,2024-05-07T10:15:00+05:30,2361.4,2024-05-09T14:15:00+05:30,2325.75,rsi_overbought,rsi_oversold,1426.0,271.36,18.75,56.25,1079.64,2.17
NSE:TCS,SHORT,20,2024-05-07T11:15:00+05:30,3931.2,2024-05-10T14:15:00+05:30,3891.4,rsi_overbought,rsi_oversold,796.0,236.92,15.65,46.94,496.5,3.12
NSE:TATASTEEL,SHORT,565,2024-04-23T11:15:00+05:30,162.4,2024-05-13T09:15:00+05:30,160.0,rsi_overbought,rsi_oversold,1356.0,265.44,18.22,54.65,1017.69,19.92
NSE:HINDUNILVR,LONG,40,2024-05-09T15:15:00+05:30,2321.0,2024-05-13T12:15:00+05:30,2358.85,rsi_oversold,rsi_overbought,1514.0,271.03,18.72,56.16,1168.09,3.88
NSE:HDFCBANK,LONG,235,2024-05-08T10:15:00+05:30,371.82,2024-05-14T12:15:00+05:30,365.49,rsi_oversold,rsi_overbought,-1488.72,255.78,17.33,51.98,-1813.82,6.08
NSE:LT,LONG,20,2024-05-03T10:15:00+05:30,3543.85,2024-05-14T12:15:00+05:30,3350.0,rsi_oversold,rsi_overbought,-3877.0,216.63,13.79,41.36,-4148.78,11.08
NSE:RELIANCE,LONG,130,2024-05-03T11:15:00+05:30,719.27,2024-05-14T13:15:00+05:30,712.51,rsi_oversold,rsi_overbought,-878.8,270.03,18.61,55.84,-1223.28,11.08
NSE:WIPRO,LONG,710,2024-04-30T11:15:00+05:30,116.03,2024-05-14T13:15:00+05:30,114.67,rsi_oversold,rsi_overbought,-965.6,245.21,16.38,49.14,-1276.33,14.08
NSE:BANKNIFTY,LONG,1.8969489682070757,2024-05-07T10:15:00+05:30,48376.9,2024-05-15T09:15:00+05:30,47735.45,rsi_oversold,rsi_overbought,-1216.8,64.29,3.65,18.23,-1302.97,7.96
NSE:NIFTY,LONG,4.1660908175676425,2024-05-03T13:15:00+05:30,22408.8,2024-05-15T09:15:00+05:30,22189.6,rsi_oversold,rsi_overbought,-913.21,64.63,3.72,18.58,-1000.14,11.83
NSE:SENSEX,LONG,1.2890389808232023,2024-05-03T12:15:00+05:30,73683.81,2024-05-15T09:15:00+05:30,72948.24,rsi_oversold,rsi_overbought,-948.18,64.94,3.78,18.9,-1035.8,11.88
NSE:HINDUNILVR,SHORT,40,2024-05-13T13:15:00+05:30,2359.95,2024-05-15T09:15:00+05:30,2335.55,rsi_overbought,rsi_oversold,976.0,271.77,18.78,56.35,629.1,1.83
NSE:ADANIGREEN,LONG,40,2024-04-25T10:15:00+05:30,1800.9,2024-05-15T09:15:00+05:30,1816.0,rsi_oversold,rsi_overbought,604.0,223.85,14.47,43.4,322.28,19.96
NSE:HCLTECH,LONG,65,2024-04-29T10:15:00+05:30,1395.0,2024-05-15T10:15:00+05:30,1331.85,rsi_oversold,rsi_overbought,-4104.75,260.4,17.72,53.17,-4436.05,16.0
NSE:HDFCBANK,SHORT,235,2024-05-14T13:15:00+05:30,365.24,2024-05-15T13:15:00+05:30,359.77,rsi_overbought,rsi_oversold,1284.28,252.36,17.04,51.11,963.76,1.0
NSE:BHARTIARTL,LONG,55,2024-05-02T11:15:00+05:30,1301.2,2024-05-15T14:15:00+05:30,1312.7,rsi_oversold,rsi_overbought,632.5,222.84,14.38,43.13,352.16,13.12
NSE:INFY,LONG,70,2024-05-02T12:15:00+05:30,1421.05,2024-05-16T09:15:00+05:30,1443.45,rsi_oversold,rsi_overbought,1568.0,285.83,20.05,60.15,1201.96,13.88
NSE:SBIN,SHORT,85,2024-05-15T09:15:00+05:30,819.7,2024-05-16T12:15:00+05:30,805.6,rsi_overbought,rsi_oversold,1198.5,216.56,13.82,41.45,926.68,1.12
NSE:HDFCBANK,LONG,245,2024-05-15T15:15:00+05:30,360.2,2024-05-17T13:15:00+05:30,365.73,rsi_oversold,rsi_overbought,1353.63,260.66,17.79,53.36,1021.82,1.92
NSE:TATACONSUM,LONG,60,2024-04-24T14:15:00+05:30,1111.4,2024-05-18T09:15:00+05:30,1095.85,rsi_oversold,rsi_overbought,-933.0,210.37,13.24,39.73,-1196.34,23.79
NSE:ADANIGREEN,SHORT,40,2024-05-15T10:15:00+05:30,1827.25,2024-05-18T12:15:00+05:30,1834.0,rsi_overbought,rsi_oversold,-270.0,225.89,14.64,43.94,-554.47,3.08
NSE:ITC,LONG,220,2024-05-09T10:15:00+05:30,435.3,2024-05-21T09:15:00+05:30,435.0,rsi_oversold,rsi_overbought,-66.0,275.9,19.15,57.44,-418.48,11.96
NSE:SBIN,LONG,90,2024-05-16T13:15:00+05:30,799.8,2024-05-21T09:15:00+05:30,831.3,rsi_oversold,rsi_overbought,2835.0,226.04,14.68,44.04,2550.24,4.83
NSE:BANKNIFTY,SHORT,1.895640441108378,2024-05-15T10:15:00+05:30,47725.0,2024-05-22T10:15:00+05:30,47674.3,rsi_overbought,rsi_oversold,96.11,64.22,3.62,18.08,10.19,7.0
NSE:HINDUNILVR,LONG,40,2024-05-15T10:15:00+05:30,2335.6,2024-05-22T11:15:00+05:30,2365.7,rsi_oversold,rsi_overbought,1204.0,272.01,18.81,56.42,856.77,7.04
NSE:HDFCBANK,SHORT,240,2024-05-17T14:15:00+05:30,366.12,2024-05-22T13:15:00+05:30,363.15,rsi_overbought,rsi_oversold,714.0,257.57,17.5,52.51,386.42,4.96
NSE:TCS,LONG,25,2024-05-15T14:15:00+05:30,3878.45,2024-05-23T09:15:00+05:30,3846.0,rsi_oversold,rsi_overbought,-811.25,277.78,19.31,57.93,-1166.28,7.79
NSE:INFY,LONG,70,2024-05-21T11:15:00+05:30,1434.65,2024-05-23T09:15:00+05:30,1463.05,rsi_oversold,rsi_overbought,1988.0,288.38,20.28,60.85,1618.48,1.92
NSE:ICICIBANK,LONG,80,2024-05-08T09:15:00+05:30,1122.0,2024-05-23T15:15:00+05:30,1136.5,rsi_oversold,rsi_overbought,1160.0,263.82,18.07,54.2,823.91,15.25
NSE:WIPRO,SHORT,710,2024-05-15T09:15:00+05:30,114.09,2024-05-27T09:15:00+05:30,113.97,rsi_overbought,rsi_oversold,88.75,243.05,16.19,48.58,-219.07,12.0
NSE:ITC,SHORT,220,2024-05-21T10:15:00+05:30,434.9,2024-05-27T13:15:00+05:30,433.5,rsi_overbought,rsi_oversold,308.0,275.4,19.1,57.31,-43.82,6.12
NSE:TATACONSUM,SHORT,60,2024-05-18T11:15:00+05:30,1095.6,2024-05-27T13:15:00+05:30,1095.65,rsi_overbought,rsi_oversold,-3.0,209.23,13.15,39.44,-264.82,9.08
NSE:BHARTIARTL,SHORT,55,2024-05-15T15:15:00+05:30,1316.0,2024-05-28T13:15:00+05:30,1374.35,rsi_overbought,rsi_oversold,-3209.25,227.8,14.8,44.39,-3496.24,12.92
NSE:RELIANCE,SHORT,130,2024-05-15T09:15:00+05:30,709.99,2024-05-28T14:15:00+05:30,728.54,rsi_overbought,rsi_oversold,-2411.5,271.12,18.7,56.1,-2757.42,13.21
NSE:ICICIBANK,SHORT,80,2024-05-24T10:15:00+05:30,1125.95,2024-05-29T09:15:00+05:30,1112.4,rsi_overbought,rsi_oversold,1084.0,262.03,17.91,53.72,750.34,4.96
NSE:TCS,SHORT,20,2024-05-23T10:15:00+05:30,3864.55,2024-05-29T09:15:00+05:30,3823.1,rsi_overbought,rsi_oversold,829.0,233.92,15.38,46.13,533.58,5.96
NSE:BANKNIFTY,SHORT,1.854006502903256,2024-05-23T14:15:00+05:30,48802.2,2024-05-29T10:15:00+05:30,48629.15,rsi_overbought,rsi_oversold,320.84,64.21,3.61,18.06,234.95,5.83
NSE:NIFTY,SHORT,4.15467814553752,2024-05-15T10:15:00+05:30,22230.35,2024-05-29T10:15:00+05:30,22725.25,rsi_overbought,rsi_oversold,-2056.15,64.67,3.74,18.68,-2143.23,14.0
NSE:HDFCBANK,SHORT,240,2024-05-23T13:15:00+05:30,371.87,2024-05-29T10:15:00+05:30,377.52,rsi_overbought,rsi_oversold,-1358.4,263.09,17.99,53.96,-1693.43,5.88
NSE:SENSEX,SHORT,1.285869107928414,2024-05-15T10:15:00+05:30,73062.34,2024-05-29T10:15:00+05:30,74604.92,rsi_overbought,rsi_oversold,-1983.56,64.96,3.8,18.99,-2071.3,14.0
NSE:INFY,SHORT,70,2024-05-23T10:15:00+05:30,1469.9,2024-05-29T11:15:00+05:30,1453.9,rsi_overbought,rsi_oversold,1120.0,290.48,20.47,61.4,747.66,6.04
NSE:SBIN,SHORT,90,2024-05-21T10:15:00+05:30,831.35,2024-05-29T11:15:00+05:30,825.45,rsi_overbought,rsi_oversold,531.0,228.79,14.91,44.73,242.57,8.04
NSE:ADANIGREEN,SHORT,40,2024-05-21T11:15:00+05:30,1902.0,2024-05-29T13:15:00+05:30,1881.15,rsi_overbought,rsi_oversold,834.0,231.22,15.13,45.4,542.24,8.08
NSE:HINDUNILVR,SHORT,40,2024-05-22T12:15:00+05:30,2364.0,2024-05-30T09:15:00+05:30,2361.65,rsi_overbought,rsi_oversold,94.0,273.17,18.9,56.71,-254.78,7.88
NSE:TATASTEEL,SHORT,555,2024-05-15T09:15:00+05:30,166.55,2024-05-30T09:15:00+05:30,167.45,rsi_overbought,rsi_oversold,-499.5,269.16,18.54,55.61,-842.8,15.0
NSE:HCLTECH,SHORT,65,2024-05-15T11:15:00+05:30,1333.5,2024-05-30T10:15:00+05:30,1332.35,rsi_overbought,rsi_oversold,74.75,255.68,17.33,51.98,-250.24,14.96
NSE:ICICIBANK,LONG,85,2024-05-29T10:15:00+05:30,1106.75,2024-05-31T12:15:00+05:30,1122.9,rsi_oversold,rsi_overbought,1372.75,273.63,18.95,56.86,1023.32,2.08
NSE:ADANIGREEN,LONG,40,2024-05-30T12:15:00+05:30,1867.8,2024-05-31T13:15:00+05:30,1961.65,rsi_oversold,rsi_overbought,3754.0,233.06,15.32,45.95,3459.66,1.04
NSE:BANKNIFTY,LONG,1.8657490615324104,2024-05-29T11:15:00+05:30,48620.6,2024-06-03T09:15:00+05:30,50471.35,rsi_oversold,rsi_overbought,3453.04,64.78,3.7,18.49,3366.07,4.92
NSE:NIFTY,LONG,3.9666887903042287,2024-05-29T11:15:00+05:30,22745.2,2024-06-03T09:15:00+05:30,23197.1,rsi_oversold,rsi_overbought,1792.55,64.44,3.64,18.22,1706.24,4.92
NSE:HDFCBANK,LONG,230,2024-05-29T11:15:00+05:30,376.76,2024-06-03T09:15:00+05:30,391.62,rsi_oversold,rsi_overbought,3417.8,259.26,17.67,53.02,3087.85,4.92
NSE:SENSEX,LONG,1.2307507899589396,2024-05-29T11:15:00+05:30,74656.46,2024-06-03T09:15:00+05:30,76101.77,rsi_oversold,rsi_overbought,1778.82,64.75,3.71,18.55,1691.8,4.92
NSE:RELIANCE,LONG,120,2024-05-28T15:15:00+05:30,727.75,2024-06-03T09:15:00+05:30,738.62,rsi_oversold,rsi_overbought,1303.8,258.57,17.6,52.79,974.85,5.75
NSE:ITC,LONG,225,2024-05-27T14:15:00+05:30,431.1,2024-06-03T09:15:00+05:30,432.55,rsi_oversold,rsi_overbought,326.25,279.04,19.43,58.3,-30.52,6.79
NSE:SBIN,LONG,90,2024-05-29T13:15:00+05:30,824.5,2024-06-03T09:15:00+05:30,887.2,rsi_oversold,rsi_overbought,5643.0,233.89,15.41,46.22,5347.48,4.83
NSE:TATASTEEL,LONG,550,2024-05-30T10:15:00+05:30,167.35,2024-06-03T11:15:00+05:30,173.1,rsi_oversold,rsi_overbought,3162.5,270.97,18.72,56.17,2816.63,4.04
NSE:WIPRO,LONG,710,2024-05-27T10:15:00+05:30,113.52,2024-06-03T14:15:00+05:30,111.03,rsi_oversold,rsi_overbought,-1767.9,240.42,15.94,47.83,-2072.09,7.17
NSE:HINDUNILVR,LONG,40,2024-05-30T10:15:00+05:30,2357.5,2024-06-04T10:15:00+05:30,2421.15,rsi_oversold,rsi_overbought,2546.0,275.35,19.11,57.34,2194.2,5.0
NSE:BANKNIFTY,SHORT,1.8613316992686666,2024-06-03T10:15:00+05:30,50539.0,2024-06-05T09:15:00+05:30,47004.45,rsi_overbought,rsi_oversold,6578.97,64.63,3.63,18.16,6492.55,1.96
NSE:NIFTY,SHORT,3.966475635486102,2024-06-03T10:15:00+05:30,23175.3,2024-06-05T09:15:00+05:30,22063.3,rsi_overbought,rsi_oversold,4410.72,64.32,3.59,17.94,4324.87,1.96
NSE:HDFCBANK,SHORT,230,2024-06-03T10:15:00+05:30,389.32,2024-06-05T09:15:00+05:30,375.12,rsi_overbought,rsi_oversold,3268.3,258.26,17.58,52.75,2939.71,1.96
NSE:SENSEX,SHORT,1.2296654390158064,2024-06-03T10:15:00+05:30,76094.06,2024-06-05T09:15:00+05:30,72643.71,rsi_overbought,rsi_oversold,4242.78,64.63,3.66,18.29,4156.2,1.96
NSE:ICICIBANK,SHORT,85,2024-05-31T13:15:00+05:30,1124.45,2024-06-05T09:15:00+05:30,1063.5,rsi_overbought,rsi_oversold,5180.75,269.4,18.6,55.79,4836.96,4.83
NSE:SBIN,SHORT,90,2024-06-03T10:15:00+05:30,887.65,2024-06-05T09:15:00+05:30,763.35,rsi_overbought,rsi_oversold,11187.0,227.41,14.86,44.58,10900.16,1.96
NSE:TATASTEEL,SHORT,545,2024-06-03T12:15:00+05:30,172.85,2024-06-05T09:15:00+05:30,161.25,rsi_overbought,rsi_oversold,6322.0,264.99,18.21,54.63,5984.17,1.88
NSE:TATACONSUM,LONG,60,2024-05-27T14:15:00+05:30,1087.55,2024-06-05T09:15:00+05:30,1151.0,rsi_oversold,rsi_overbought,3807.0,212.1,13.43,40.29,3541.18,8.79
NSE:ADANIGREEN,SHORT,40,2024-06-03T09:15:00+05:30,2008.65,2024-06-05T09:15:00+05:30,1645.0,rsi_overbought,rsi_oversold,14546.0,224.44,14.61,43.84,14263.1,2.0
NSE:LT,SHORT,20,2024-05-14T13:15:00+05:30,3368.05,2024-06-05T09:15:00+05:30,3233.0,rsi_overbought,rsi_oversold,2701.0,209.63,13.2,39.61,2438.56,21.83
NSE:RELIANCE,SHORT,120,2024-06-03T10:15:00+05:30,745.0,2024-06-05T13:15:00+05:30,706.82,rsi_overbought,rsi_oversold,4582.2,256.38,17.42,52.27,4256.13,2.12
NSE:HCLTECH,LONG,65,2024-05-30T12:15:00+05:30,1337.5,2024-06-06T09:15:00+05:30,1373.85,rsi_oversold,rsi_overbought,2362.75,258.79,17.62,52.87,2033.46,6.88
NSE:INFY,LONG,70,2024-05-29T12:15:00+05:30,1453.6,2024-06-06T10:15:00+05:30,1450.65,rsi_oversold,rsi_overbought,-206.5,289.05,20.33,60.99,-576.87,7.92
NSE:ITC,LONG,235,2024-06-04T10:15:00+05:30,413.1,2024-06-06T10:15:00+05:30,435.6,rsi_oversold,rsi_overbought,5287.5,284.36,19.94,59.83,4923.36,2.0
NSE:BANKNIFTY,LONG,2.108999730434742,2024-06-05T11:15:00+05:30,47673.3,2024-06-06T11:15:00+05:30,49231.15,rsi_oversold,rsi_overbought,3285.51,66.6,4.09,20.44,3194.38,1.0
NSE:TCS,LONG,25,2024-05-29T10:15:00+05:30,3817.35,2024-06-06T11:15:00+05:30,3747.05,rsi_oversold,rsi_overbought,-1757.5,273.41,18.91,56.73,-2106.55,8.04
NSE:BHARTIARTL,LONG,50,2024-05-28T15:15:00+05:30,1369.5,2024-06-06T11:15:00+05:30,1346.6,rsi_oversold,rsi_overbought,-1145.0,214.13,13.58,40.74,-1413.45,8.83
NSE:RELIANCE,LONG,130,2024-06-05T15:15:00+05:30,709.72,2024-06-07T09:15:00+05:30,720.58,rsi_oversold,rsi_overbought,1411.8,269.64,18.59,55.78,1067.78,1.75
NSE:SBIN,LONG,115,2024-06-05T10:15:00+05:30,771.5,2024-06-07T09:15:00+05:30,817.0,rsi_oversold,rsi_overbought,5232.5,265.73,18.27,54.8,4893.7,1.96
NSE:HINDUNILVR,SHORT,40,2024-06-04T11:15:00+05:30,2437.85,2024-06-07T09:15:00+05:30,2540.85,rsi_overbought,rsi_oversold,-4120.0,284.74,19.91,59.74,-4484.4,2.92
NSE:LT,LONG,20,2024-06-05T10:15:00+05:30,3297.75,2024-06-07T09:15:00+05:30,3484.0,rsi_oversold,rsi_overbought,3725.0,213.57,13.56,40.69,3457.17,1.96
NSE:TATACONSUM,SHORT,60,2024-06-05T10:15:00+05:30,1143.65,2024-06-10T15:15:00+05:30,1130.0,rsi_overbought,rsi_oversold,819.0,214.66,13.64,40.93,549.77,5.21
NSE:TCS,SHORT,20,2024-06-06T12:15:00+05:30,3795.05,2024-06-11T09:15:00+05:30,3860.0,rsi_overbought,rsi_oversold,-1299.0,233.36,15.31,45.93,-1593.6,4.88
NSE:INFY,SHORT,70,2024-06-06T11:15:00+05:30,1452.15,2024-06-11T11:15:00+05:30,1505.3,rsi_overbought,rsi_oversold,-3720.5,293.46,20.7,62.11,-4096.77,5.0
NSE:ITC,SHORT,235,2024-06-06T11:15:00+05:30,433.05,2024-06-11T13:15:00+05:30,433.7,rsi_overbought,rsi_oversold,-152.75,289.48,20.37,61.11,-523.71,5.08
NSE:ADANIGREEN,SHORT,50,2024-06-06T10:15:00+05:30,1895.0,2024-06-12T14:15:00+05:30,1825.55,rsi_overbought,rsi_oversold,3472.5,269.59,18.6,55.81,3128.5,6.17
NSE:ICICIBANK,SHORT,90,2024-06-07T09:15:00+05:30,1115.35,2024-06-14T09:15:00+05:30,1111.4,rsi_overbought,rsi_oversold,355.5,285.8,20.04,60.12,-10.46,7.0
NSE:HCLTECH,SHORT,65,2024-06-06T10:15:00+05:30,1380.1,2024-06-18T09:15:00+05:30,1428.55,rsi_overbought,rsi_oversold,-3149.25,266.23,18.26,54.77,-3488.51,11.96
NSE:ICICIBANK,LONG,90,2024-06-14T10:15:00+05:30,1110.4,2024-06-18T14:15:00+05:30,1121.1,rsi_oversold,rsi_overbought,963.0,286.23,20.08,60.25,596.44,4.17
NSE:TATASTEEL,SHORT,580,2024-06-06T10:15:00+05:30,173.65,2024-06-19T09:15:00+05:30,180.8,rsi_overbought,rsi_oversold,-4147.0,291.89,20.56,61.67,-4521.12,12.96
NSE:LT,SHORT,20,2024-06-07T10:15:00+05:30,3519.65,2024-06-19T09:15:00+05:30,3629.0,rsi_overbought,rsi_oversold,-2187.0,222.17,14.3,42.89,-2466.36,11.96
NSE:INFY,LONG,65,2024-06-11T12:15:00+05:30,1503.2,2024-06-19T11:15:00+05:30,1509.65,rsi_oversold,rsi_overbought,419.25,280.72,19.58,58.75,60.2,7.96
NSE:BHARTIARTL,SHORT,50,2024-06-06T12:15:00+05:30,1342.9,2024-06-19T14:15:00+05:30,1392.0,rsi_overbought,rsi_oversold,-2455.0,215.27,13.67,41.02,-2724.97,13.08
NSE:TCS,LONG,20,2024-06-11T13:15:00+05:30,3860.3,2024-06-21T09:15:00+05:30,3859.0,rsi_oversold,rsi_overbought,-26.0,234.69,15.44,46.32,-322.44,9.83
NSE:SBIN,SHORT,115,2024-06-07T10:15:00+05:30,822.15,2024-06-21T12:15:00+05:30,832.6,rsi_overbought,rsi_oversold,-1201.75,274.68,19.03,57.09,-1552.55,14.08
NSE:ADANIGREEN,LONG,55,2024-06-12T15:15:00+05:30,1826.5,2024-06-21T13:15:00+05:30,1809.0,rsi_oversold,rsi_overbought,-962.5,285.39,20.0,59.99,-1327.88,8.92
NSE:RELIANCE,SHORT,130,2024-06-07T10:15:00+05:30,722.75,2024-06-24T10:15:00+05:30,723.62,rsi_overbought,rsi_oversold,-113.75,272.08,18.8,56.41,-461.04,17.0
NSE:BHARTIARTL,LONG,45,2024-06-19T15:15:00+05:30,1393.9,2024-06-24T13:15:00+05:30,1418.4,rsi_oversold,rsi_overbought,1102.5,203.68,12.66,37.97,848.2,4.92
NSE:INFY,SHORT,65,2024-06-19T12:15:00+05:30,1513.55,2024-06-25T09:15:00+05:30,1525.55,rsi_overbought,rsi_oversold,-780.0,282.7,19.75,59.26,-1141.72,5.88
NSE:HCLTECH,SHORT,55,2024-06-21T09:15:00+05:30,1467.45,2024-06-25T09:15:00+05:30,1430.0,rsi_overbought,rsi_oversold,2059.75,240.06,15.94,47.81,1755.95,4.0
NSE:LT,LONG,20,2024-06-19T10:15:00+05:30,3627.05,2024-06-25T14:15:00+05:30,3587.95,rsi_oversold,rsi_overbought,-782.0,223.54,14.43,43.29,-1063.26,6.17
NSE:RELIANCE,LONG,130,2024-06-24T11:15:00+05:30,723.48,2024-06-26T09:15:00+05:30,733.5,rsi_oversold,rsi_overbought,1303.25,273.51,18.94,56.82,953.98,1.92
NSE:HINDUNILVR,LONG,35,2024-06-07T10:15:00+05:30,2555.55,2024-06-27T10:15:00+05:30,2479.45,rsi_oversold,rsi_overbought,-2663.5,259.16,17.62,52.87,-2993.15,20.0
NSE:SBIN,LONG,110,2024-06-21T13:15:00+05:30,836.1,2024-06-28T09:15:00+05:30,860.85,rsi_oversold,rsi_overbought,2722.5,270.35,18.67,56.0,2377.48,6.83
NSE:TATASTEEL,LONG,535,2024-06-19T10:15:00+05:30,179.73,2024-06-28T10:15:00+05:30,176.25,rsi_oversold,rsi_overbought,-1861.8,274.9,19.04,57.13,-2212.88,9.0
NSE:LT,SHORT,20,2024-06-25T15:15:00+05:30,3588.45,2024-06-28T11:15:00+05:30,3566.8,rsi_overbought,rsi_oversold,433.0,222.12,14.31,42.93,153.64,2.83
NSE:ICICIBANK,SHORT,90,2024-06-18T15:15:00+05:30,1125.75,2024-07-01T09:15:00+05:30,1201.0,rsi_overbought,rsi_oversold,-6772.5,296.34,20.94,62.82,-7152.6,12.75
NSE:BANKNIFTY,SHORT,2.102886089723524,2024-06-06T14:15:00+05:30,49326.4,2024-07-02T09:15:00+05:30,52256.55,rsi_overbought,rsi_oversold,-6161.77,66.98,4.27,21.36,-6254.38,25.79
NSE:SBIN,SHORT,110,2024-06-28T10:15:00+05:30,860.0,2024-07-02T09:15:00+05:30,838.25,rsi_overbought,rsi_oversold,2392.5,270.54,18.68,56.04,2047.24,3.96
NSE:LT,LONG,20,2024-06-28T12:15:00+05:30,3559.45,2024-07-02T14:15:00+05:30,3624.8,rsi_oversold,rsi_overbought,1307.0,222.7,14.37,43.11,1026.83,4.08
NSE:BHARTIARTL,SHORT,45,2024-06-24T15:15:00+05:30,1418.35,2024-07-02T15:15:00+05:30,1419.05,rsi_overbought,rsi_oversold,-31.5,205.02,12.77,38.3,-287.59,8.0
NSE:TATACONSUM,LONG,65,2024-06-13T09:15:00+05:30,1106.25,2024-07-03T09:15:00+05:30,1125.8,rsi_oversold,rsi_overbought,1270.75,224.25,14.51,43.52,988.46,20.0
NSE:HINDUNILVR,SHORT,35,2024-06-27T11:15:00+05:30,2482.0,2024-07-03T11:15:00+05:30,2481.4,rsi_overbought,rsi_oversold,21.0,256.17,17.37,52.12,-304.66,6.0
NSE:ICICIBANK,LONG,75,2024-07-01T10:15:00+05:30,1200.0,2024-07-04T09:15:00+05:30,1225.95,rsi_oversold,rsi_overbought,1946.25,265.17,18.19,54.58,1608.3,2.96
NSE:WIPRO,SHORT,705,2024-06-03T15:15:00+05:30,111.12,2024-07-04T11:15:00+05:30,133.62,rsi_overbought,rsi_oversold,-15862.5,256.06,17.25,51.76,-16187.58,30.83
NSE:LT,SHORT,20,2024-07-02T15:15:00+05:30,3623.0,2024-07-04T14:15:00+05:30,3572.6,rsi_overbought,rsi_oversold,1008.0,222.97,14.39,43.17,727.46,1.96
NSE:BANKNIFTY,SHORT,1.8332462090889672,2024-07-04T09:15:00+05:30,53180.05,2024-07-05T09:15:00+05:30,52385.8,rsi_overbought,rsi_oversold,1456.06,65.49,3.87,19.35,1367.35,1.0
NSE:HDFCBANK,SHORT,240,2024-06-06T10:15:00+05:30,389.4,2024-07-05T09:15:00+05:30,414.67,rsi_overbought,rsi_oversold,-6063.6,278.02,19.3,57.89,-6418.81,28.96
NSE:SBIN,LONG,115,2024-07-02T10:15:00+05:30,836.75,2024-07-05T10:15:00+05:30,846.2,rsi_oversold,rsi_overbought,1086.75,278.11,19.35,58.06,731.22,3.0
NSE:ITC,LONG,235,2024-06-11T14:15:00+05:30,433.1,2024-07-05T12:15:00+05:30,433.55,rsi_oversold,rsi_overbought,105.75,289.44,20.37,61.1,-265.15,23.92
NSE:TATASTEEL,SHORT,530,2024-07-03T14:15:00+05:30,176.68,2024-07-08T09:15:00+05:30,174.31,rsi_overbought,rsi_oversold,1256.1,269.75,18.6,55.81,911.94,4.79
NSE:WIPRO,LONG,470,2024-07-04T12:15:00+05:30,132.81,2024-07-08T12:15:00+05:30,135.24,rsi_oversold,rsi_overbought,1139.75,203.04,12.6,37.8,886.31,4.0
NSE:TCS,SHORT,20,2024-06-26T14:15:00+05:30,3858.3,2024-07-08T13:15:00+05:30,3987.9,rsi_overbought,rsi_oversold,-2592.0,237.7,15.69,47.08,-2892.47,11.96
NSE:BHARTIARTL,LONG,45,2024-07-03T09:15:00+05:30,1426.1,2024-07-09T10:15:00+05:30,1435.9,rsi_oversold,rsi_overbought,441.0,206.21,12.88,38.64,183.27,6.04
NSE:RELIANCE,SHORT,130,2024-06-26T10:15:00+05:30,738.87,2024-07-10T11:15:00+05:30,788.22,rsi_overbought,rsi_oversold,-6415.5,284.21,19.85,59.56,-6779.12,14.04
NSE:WIPRO,SHORT,470,2024-07-08T13:15:00+05:30,135.03,2024-07-10T13:15:00+05:30,133.1,rsi_overbought,rsi_oversold,904.75,203.1,12.6,37.81,651.25,2.0
NSE:SBIN,SHORT,115,2024-07-05T11:15:00+05:30,850.35,2024-07-11T11:15:00+05:30,853.9,rsi_overbought,rsi_oversold,-408.25,280.95,19.6,58.8,-767.59,6.0
NSE:SBIN,LONG,115,2024-07-11T12:15:00+05:30,853.9,2024-07-12T09:15:00+05:30,858.5,rsi_oversold,rsi_overbought,529.0,281.92,19.69,59.08,168.31,0.88
NSE:WIPRO,LONG,480,2024-07-11T11:15:00+05:30,132.93,2024-07-12T09:15:00+05:30,138.43,rsi_oversold,rsi_overbought,2640.0,207.67,13.02,39.07,2380.23,0.92
NSE:TCS,LONG,20,2024-07-10T09:15:00+05:30,3957.7,2024-07-12T10:15:00+05:30,4085.05,rsi_oversold,rsi_overbought,2547.0,241.69,16.09,48.26,2240.97,2.04
NSE:ADANIGREEN,LONG,55,2024-06-26T12:15:00+05:30,1787.15,2024-07-16T09:15:00+05:30,1784.5,rsi_oversold,rsi_overbought,-145.75,281.43,19.64,58.93,-505.76,19.88
NSE:HCLTECH,SHORT,60,2024-07-01T09:15:00+05:30,1469.0,2024-07-18T09:15:00+05:30,1571.85,rsi_overbought,rsi_oversold,-6171.0,266.34,18.25,54.74,-6510.32,17.0
NSE:HCLTECH,LONG,50,2024-07-18T10:15:00+05:30,1573.2,2024-07-18T14:15:00+05:30,1594.65,rsi_oversold,rsi_overbought,1072.5,75.23,15.84,47.52,933.91,0.17
NSE:WIPRO,SHORT,480,2024-07-12T10:15:00+05:30,138.55,2024-07-22T09:15:00+05:30,127.62,rsi_overbought,rsi_oversold,5244.0,204.71,12.78,38.33,4988.18,9.96
NSE:HDFCBANK,LONG,210,2024-07-05T10:15:00+05:30,412.84,2024-07-22T10:15:00+05:30,411.0,rsi_oversold,rsi_overbought,-386.4,255.41,17.3,51.9,-711.01,17.0
NSE:NIFTY,SHORT,4.235608409520439,2024-06-06T11:15:00+05:30,22720.75,2024-07-22T12:15:00+05:30,24487.8,rsi_overbought,rsi_oversold,-7484.53,65.62,4.0,20.0,-7574.15,46.04
NSE:SENSEX,SHORT,1.3083555858653735,2024-06-06T11:15:00+05:30,74684.59,2024-07-22T12:15:00+05:30,80447.16,rsi_overbought,rsi_oversold,-7539.49,65.9,4.06,20.3,-7629.75,46.04
NSE:BHARTIARTL,SHORT,45,2024-07-16T09:15:00+05:30,1465.95,2024-07-22T12:15:00+05:30,1461.2,rsi_overbought,rsi_oversold,213.75,209.49,13.17,39.52,-48.43,6.12
NSE:SBIN,SHORT,115,2024-07-12T10:15:00+05:30,861.4,2024-07-22T14:15:00+05:30,879.2,rsi_overbought,rsi_oversold,-2047.0,285.72,20.02,60.05,-2412.78,10.17
NSE:HCLTECH,SHORT,50,2024-07-18T15:15:00+05:30,1589.0,2024-07-23T09:15:00+05:30,1561.9,rsi_overbought,rsi_oversold,1355.0,238.1,15.75,47.26,1053.89,4.75
NSE:ADANIGREEN,LONG,55,2024-07-19T09:15:00+05:30,1728.5,2024-07-23T09:15:00+05:30,1767.1,rsi_oversold,rsi_overbought,2123.0,276.61,19.23,57.68,1769.48,4.0
NSE:ICICIBANK,SHORT,75,2024-07-04T11:15:00+05:30,1225.85,2024-07-23T12:15:00+05:30,1213.95,rsi_overbought,rsi_oversold,892.5,266.4,18.3,54.9,552.91,19.04
NSE:HINDUNILVR,SHORT,35,2024-07-05T11:15:00+05:30,2528.5,2024-07-25T11:15:00+05:30,2676.6,rsi_overbought,rsi_oversold,-5183.5,265.96,18.22,54.65,-5522.33,20.0
NSE:HCLTECH,LONG,50,2024-07-23T10:15:00+05:30,1576.25,2024-07-26T09:15:00+05:30,1619.85,rsi_oversold,rsi_overbought,2180.0,240.55,15.98,47.94,1875.53,2.96
NSE:WIPRO,LONG,560,2024-07-22T10:15:00+05:30,127.67,2024-07-26T09:15:00+05:30,129.0,rsi_oversold,rsi_overbought,747.6,222.79,14.37,43.12,467.31,3.96
NSE:NIFTY,LONG,3.620042483492537,2024-07-22T13:15:00+05:30,24498.25,2024-07-26T12:15:00+05:30,24775.55,rsi_oversold,rsi_overbought,1003.84,64.04,3.57,17.84,918.4,3.96
NSE:SENSEX,LONG,1.119595917755716,2024-07-22T13:15:00+05:30,80481.78,2024-07-26T12:15:00+05:30,81183.46,rsi_oversold,rsi_overbought,785.6,64.27,3.62,18.1,699.61,3.96
NSE:BANKNIFTY,LONG,1.886533279249416,2024-07-08T14:15:00+05:30,52400.55,2024-07-29T09:15:00+05:30,51798.95,rsi_oversold,rsi_overbought,-1134.94,65.64,3.93,19.66,-1224.16,20.79
NSE:RELIANCE,LONG,110,2024-07-10T12:15:00+05:30,788.41,2024-07-29T09:15:00+05:30,757.14,rsi_oversold,rsi_overbought,-3440.25,252.31,17.0,51.0,-3760.56,18.88
NSE:ICICIBANK,LONG,75,2024-07-24T11:15:00+05:30,1210.0,2024-07-29T09:15:00+05:30,1228.65,rsi_oversold,rsi_overbought,1398.75,266.27,18.29,54.87,1059.32,4.92
NSE:SBIN,LONG,110,2024-07-22T15:15:00+05:30,878.0,2024-07-29T09:15:00+05:30,879.8,rsi_oversold,rsi_overbought,198.0,277.98,19.34,58.01,-157.32,6.75
NSE:TATASTEEL,LONG,545,2024-07-08T10:15:00+05:30,173.7,2024-07-29T09:15:00+05:30,163.41,rsi_oversold,rsi_overbought,-5608.05,267.71,18.37,55.12,-5949.25,20.96
NSE:TATACONSUM,SHORT,65,2024-07-03T10:15:00+05:30,1132.45,2024-07-29T12:15:00+05:30,1189.6,rsi_overbought,rsi_oversold,-3714.75,231.13,15.09,45.28,-4006.25,26.08
NSE:BHARTIARTL,SHORT,45,2024-07-26T12:15:00+05:30,1501.4,2024-07-30T13:15:00+05:30,1465.55,rsi_overbought,rsi_oversold,1613.25,211.37,13.35,40.05,1348.47,4.04
NSE:ITC,SHORT,230,2024-07-05T13:15:00+05:30,433.1,2024-07-30T14:15:00+05:30,490.15,rsi_overbought,rsi_oversold,-13121.5,300.08,21.23,63.7,-13506.52,25.04
NSE:SBIN,SHORT,105,2024-07-29T10:15:00+05:30,884.75,2024-07-31T10:15:00+05:30,872.0,rsi_overbought,rsi_oversold,1338.75,268.0,18.45,55.34,996.96,2.0
NSE:RELIANCE,SHORT,110,2024-07-29T10:15:00+05:30,759.45,2024-07-31T13:15:00+05:30,751.5,rsi_overbought,rsi_oversold,874.5,247.76,16.62,49.86,560.26,2.12
NSE:BHARTIARTL,LONG,45,2024-07-30T14:15:00+05:30,1470.9,2024-08-01T11:15:00+05:30,1505.8,rsi_oversold,rsi_overbought,1570.5,211.86,13.4,40.19,1305.06,1.88
NSE:INFY,SHORT,65,2024-06-25T15:15:00+05:30,1540.0,2024-08-01T14:15:00+05:30,1853.0,rsi_overbought,rsi_oversold,-20345.0,309.73,22.05,66.16,-20742.95,36.96
NSE:ICICIBANK,SHORT,75,2024-07-29T10:15:00+05:30,1236.35,2024-08-02T09:15:00+05:30,1192.25,rsi_overbought,rsi_oversold,3307.5,265.29,18.21,54.64,2969.36,3.96
NSE:HINDUNILVR,LONG,30,2024-07-25T12:15:00+05:30,2698.1,2024-08-02T09:15:00+05:30,2727.25,rsi_oversold,rsi_overbought,874.5,243.93,16.28,48.83,565.47,7.88
NSE:TATACONSUM,LONG,55,2024-07-29T13:15:00+05:30,1191.1,2024-08-02T09:15:00+05:30,1204.95,rsi_oversold,rsi_overbought,761.75,209.51,13.18,39.53,499.52,3.83
NSE:LT,SHORT,20,2024-07-23T09:15:00+05:30,3692.0,2024-08-02T10:15:00+05:30,3695.7,rsi_overbought,rsi_oversold,-74.0,227.32,14.78,44.33,-360.43,10.04
NSE:TCS,SHORT,20,2024-07-12T11:15:00+05:30,4147.75,2024-08-02T11:15:00+05:30,4307.45,rsi_overbought,rsi_oversold,-3194.0,251.28,16.91,50.73,-3512.92,21.0
NSE:WIPRO,SHORT,555,2024-07-26T10:15:00+05:30,129.64,2024-08-02T11:15:00+05:30,127.9,rsi_overbought,rsi_oversold,965.7,221.89,14.29,42.88,686.64,7.04
NSE:TATASTEEL,SHORT,540,2024-07-29T10:15:00+05:30,163.86,2024-08-02T12:15:00+05:30,158.14,rsi_overbought,rsi_oversold,3088.8,256.12,17.39,52.16,2763.13,4.08
NSE:HCLTECH,SHORT,50,2024-07-26T11:15:00+05:30,1623.75,2024-08-02T13:15:00+05:30,1613.85,rsi_overbought,rsi_oversold,495.0,242.98,16.19,48.56,187.27,7.08
NSE:SENSEX,SHORT,1.1182779790597026,2024-07-26T13:15:00+05:30,81200.37,2024-08-02T14:15:00+05:30,81034.01,rsi_overbought,rsi_oversold,186.04,64.28,3.63,18.14,99.99,7.04
NSE:NIFTY,SHORT,3.61323807997099,2024-07-26T13:15:00+05:30,24797.8,2024-08-02T15:15:00+05:30,24699.45,rsi_overbought,rsi_oversold,355.36,64.05,3.58,17.88,269.85,7.08
NSE:BANKNIFTY,SHORT,1.872898961813681,2024-07-29T10:15:00+05:30,52130.35,2024-08-05T09:15:00+05:30,50389.1,rsi_overbought,rsi_oversold,3261.19,65.44,3.84,19.2,3172.71,6.96
NSE:BHARTIARTL,SHORT,45,2024-08-01T12:15:00+05:30,1505.65,2024-08-05T10:15:00+05:30,1460.95,rsi_overbought,rsi_oversold,2011.5,211.32,13.35,40.05,1746.78,3.92
NSE:ADANIGREEN,SHORT,55,2024-07-23T10:15:00+05:30,1788.15,2024-08-05T11:15:00+05:30,1795.95,rsi_overbought,rsi_oversold,-429.0,282.21,19.71,59.14,-790.06,13.04
NSE:HDFCBANK,SHORT,210,2024-07-22T14:15:00+05:30,410.98,2024-08-06T09:15:00+05:30,405.1,rsi_overbought,rsi_oversold,1233.75,253.47,17.14,51.41,911.73,14.79
NSE:HCLTECH,LONG,50,2024-08-02T14:15:00+05:30,1608.85,2024-08-07T11:15:00+05:30,1601.1,rsi_oversold,rsi_overbought,-387.5,241.51,16.05,48.15,-693.21,4.88
NSE:WIPRO,LONG,570,2024-08-02T12:15:00+05:30,126.99,2024-08-07T12:15:00+05:30,123.81,rsi_oversold,rsi_overbought,-1809.75,222.13,14.3,42.89,-2089.06,5.0
NSE:LT,LONG,20,2024-08-02T11:15:00+05:30,3704.15,2024-08-07T12:15:00+05:30,3642.0,rsi_oversold,rsi_overbought,-1243.0,226.49,14.69,44.08,-1528.26,5.04
NSE:TATASTEEL,LONG,580,2024-08-02T13:15:00+05:30,158.23,2024-08-07T15:15:00+05:30,154.15,rsi_oversold,rsi_overbought,-2366.4,264.64,18.12,54.35,-2703.51,5.08
NSE:HDFCBANK,LONG,215,2024-08-06T10:15:00+05:30,403.05,2024-08-08T13:15:00+05:30,410.82,rsi_oversold,rsi_overbought,1671.62,257.45,17.5,52.49,1344.18,2.12
NSE:ITC,LONG,175,2024-07-30T15:15:00+05:30,490.5,2024-08-08T13:15:00+05:30,495.8,rsi_oversold,rsi_overbought,927.5,254.86,17.26,51.78,603.6,8.92
NSE:HINDUNILVR,SHORT,30,2024-08-06T11:15:00+05:30,2765.95,2024-08-09T11:15:00+05:30,2721.95,rsi_overbought,rsi_oversold,1320.0,245.98,16.46,49.39,1008.17,3.0
NSE:BHARTIARTL,LONG,50,2024-08-05T11:15:00+05:30,1460.5,2024-08-09T11:15:00+05:30,1478.7,rsi_oversold,rsi_overbought,910.0,226.37,14.7,44.09,624.85,4.0
NSE:INFY,LONG,40,2024-08-01T15:15:00+05:30,1847.65,2024-08-12T12:15:00+05:30,1799.3,rsi_oversold,rsi_overbought,-1934.0,225.38,14.59,43.76,-2217.73,10.88
NSE:HDFCBANK,SHORT,215,2024-08-08T14:15:00+05:30,410.62,2024-08-13T10:15:00+05:30,401.84,rsi_overbought,rsi_oversold,1886.63,257.1,17.47,52.4,1559.66,4.83
NSE:ADANIGREEN,LONG,55,2024-08-05T12:15:00+05:30,1780.5,2024-08-14T09:15:00+05:30,1808.25,rsi_oversold,rsi_overbought,1526.25,282.35,19.74,59.21,1164.95,8.88
NSE:TCS,LONG,20,2024-08-02T12:15:00+05:30,4285.3,2024-08-14T14:15:00+05:30,4290.45,rsi_oversold,rsi_overbought,103.0,253.71,17.15,51.45,-219.32,12.08
NSE:LT,SHORT,20,2024-08-07T14:15:00+05:30,3645.9,2024-08-16T10:15:00+05:30,3538.4,rsi_overbought,rsi_oversold,2150.0,222.64,14.37,43.11,1869.89,8.83
NSE:ICICIBANK,LONG,80,2024-08-02T10:15:00+05:30,1196.7,2024-08-16T12:15:00+05:30,1185.35,rsi_oversold,rsi_overbought,-908.0,274.96,19.06,57.17,-1259.18,14.08
NSE:BANKNIFTY,LONG,2.019172383413541,2024-08-05T10:15:00+05:30,49920.5,2024-08-16T13:15:00+05:30,50578.9,rsi_oversold,rsi_overbought,1329.42,66.36,4.06,20.29,1238.71,11.12
NSE:NIFTY,LONG,3.6995244024408516,2024-08-05T09:15:00+05:30,24292.15,2024-08-16T13:15:00+05:30,24516.0,rsi_oversold,rsi_overbought,828.14,64.23,3.61,18.06,742.24,11.17
NSE:HDFCBANK,LONG,225,2024-08-14T10:15:00+05:30,401.12,2024-08-16T13:15:00+05:30,407.96,rsi_oversold,rsi_overbought,1539.0,265.31,18.2,54.61,1200.87,2.12
NSE:SENSEX,LONG,1.1233165958792986,2024-08-02T15:15:00+05:30,80924.89,2024-08-16T13:15:00+05:30,80297.23,rsi_oversold,rsi_overbought,-705.06,64.2,3.62,18.11,-791.0,13.92
NSE:SBIN,LONG,110,2024-07-31T11:15:00+05:30,870.8,2024-08-16T14:15:00+05:30,812.5,rsi_oversold,rsi_overbought,-6413.0,269.37,18.52,55.55,-6756.43,16.12
NSE:RELIANCE,LONG,115,2024-08-05T09:15:00+05:30,730.97,2024-08-19T09:15:00+05:30,747.89,rsi_oversold,rsi_overbought,1946.37,251.97,17.01,51.02,1626.38,14.0
NSE:TATASTEEL,LONG,595,2024-08-13T14:15:00+05:30,148.9,2024-08-19T10:15:00+05:30,150.65,rsi_oversold,rsi_overbought,1041.25,261.11,17.82,53.47,708.85,5.83
NSE:BHARTIARTL,SHORT,50,2024-08-14T11:15:00+05:30,1471.75,2024-08-20T11:15:00+05:30,1455.1,rsi_overbought,rsi_oversold,832.5,225.69,14.63,43.9,548.28,6.0
NSE:TATACONSUM,SHORT,55,2024-08-02T10:15:00+05:30,1210.55,2024-08-20T12:15:00+05:30,1170.6,rsi_overbought,rsi_oversold,2197.25,208.49,13.1,39.29,1936.37,18.08
NSE:TATASTEEL,SHORT,590,2024-08-19T11:15:00+05:30,151.62,2024-08-21T15:15:00+05:30,152.0,rsi_overbought,rsi_oversold,-224.2,262.21,17.91,53.74,-558.06,2.17
NSE:TATACONSUM,LONG,60,2024-08-20T13:15:00+05:30,1170.75,2024-08-22T09:15:00+05:30,1204.7,rsi_oversold,rsi_overbought,2037.0,221.36,14.25,42.76,1758.63,1.83
NSE:BHARTIARTL,LONG,50,2024-08-20T12:15:00+05:30,1454.45,2024-08-22T09:15:00+05:30,1482.75,rsi_oversold,rsi_overbought,1415.0,226.22,14.69,44.06,1130.04,1.88
NSE:WIPRO,SHORT,555,2024-08-16T09:15:00+05:30,127.08,2024-08-23T09:15:00+05:30,128.59,rsi_overbought,rsi_oversold,-840.83,220.87,14.19,42.57,-1118.45,7.0
NSE:TCS,SHORT,20,2024-08-14T15:15:00+05:30,4293.0,2024-08-23T13:15:00+05:30,4456.35,rsi_overbought,rsi_oversold,-3267.0,257.83,17.5,52.5,-3594.82,8.92
NSE:HINDUNILVR,SHORT,30,2024-08-19T09:15:00+05:30,2750.85,2024-08-27T14:15:00+05:30,2771.1,rsi_overbought,rsi_oversold,-607.5,247.26,16.57,49.7,-921.02,8.21
NSE:HDFCBANK,SHORT,225,2024-08-16T14:15:00+05:30,408.29,2024-08-28T09:15:00+05:30,408.43,rsi_overbought,rsi_oversold,-30.37,267.33,18.38,55.13,-371.21,11.79
NSE:ITC,SHORT,175,2024-08-08T14:15:00+05:30,494.75,2024-08-28T09:15:00+05:30,501.2,rsi_overbought,rsi_oversold,-1128.75,256.89,17.43,52.29,-1455.36,19.79
NSE:ADANIGREEN,SHORT,50,2024-08-19T10:15:00+05:30,1882.0,2024-08-28T09:15:00+05:30,1857.1,rsi_overbought,rsi_oversold,1245.0,270.79,18.7,56.09,899.43,8.96
NSE:RELIANCE,SHORT,115,2024-08-19T15:15:00+05:30,744.75,2024-08-28T10:15:00+05:30,749.98,rsi_overbought,rsi_oversold,-600.88,254.19,17.19,51.57,-923.82,8.79
NSE:SBIN,SHORT,110,2024-08-16T15:15:00+05:30,811.4,2024-08-28T11:15:00+05:30,814.0,rsi_overbought,rsi_oversold,-286.0,261.83,17.88,53.64,-619.35,11.83
NSE:WIPRO,LONG,540,2024-08-23T10:15:00+05:30,128.4,2024-08-28T11:15:00+05:30,133.43,rsi_oversold,rsi_overbought,2713.5,220.04,14.14,42.42,2436.91,5.04
NSE:TATACONSUM,SHORT,60,2024-08-22T10:15:00+05:30,1200.25,2024-08-28T14:15:00+05:30,1201.95,rsi_overbought,rsi_oversold,-102.0,223.3,14.41,43.24,-382.95,6.17
NSE:TATASTEEL,SHORT,575,2024-08-23T14:15:00+05:30,154.21,2024-08-28T15:15:00+05:30,153.65,rsi_overbought,rsi_oversold,322.0,259.81,17.7,53.11,-8.62,5.04
NSE:RELIANCE,LONG,115,2024-08-28T11:15:00+05:30,750.01,2024-08-29T13:15:00+05:30,765.9,rsi_oversold,rsi_overbought,1826.77,256.71,17.43,52.3,1500.33,1.08
NSE:LT,SHORT,20,2024-08-21T09:15:00+05:30,3602.05,2024-08-29T13:15:00+05:30,3671.3,rsi_overbought,rsi_oversold,-1385.0,224.88,14.55,43.64,-1668.07,8.17
NSE:HDFCBANK,LONG,220,2024-08-28T12:15:00+05:30,408.62,2024-08-30T09:15:00+05:30,411.49,rsi_oversold,rsi_overbought,632.5,263.57,18.04,54.13,296.76,1.88
NSE:ITC,LONG,175,2024-08-28T10:15:00+05:30,498.3,2024-09-02T09:15:00+05:30,510.9,rsi_oversold,rsi_overbought,2205.0,259.22,17.66,52.98,1875.14,4.96
NSE:SBIN,LONG,110,2024-08-28T15:15:00+05:30,807.95,2024-09-02T13:15:00+05:30,823.75,rsi_oversold,rsi_overbought,1738.0,262.45,17.95,53.85,1403.75,4.92
NSE:ADANIGREEN,LONG,55,2024-08-29T09:15:00+05:30,1838.0,2024-09-02T13:15:00+05:30,1921.8,rsi_oversold,rsi_overbought,4609.0,292.57,20.68,62.04,4233.71,4.17
NSE:TATACONSUM,LONG,60,2024-08-28T15:15:00+05:30,1197.3,2024-09-03T10:15:00+05:30,1215.6,rsi_oversold,rsi_overbought,1098.0,223.92,14.48,43.43,816.17,5.79
NSE:BHARTIARTL,SHORT,50,2024-08-22T10:15:00+05:30,1494.0,2024-09-03T10:15:00+05:30,1561.0,rsi_overbought,rsi_oversold,-3350.0,233.12,15.28,45.82,-3644.22,12.0
NSE:NIFTY,SHORT,3.69015748427307,2024-08-16T14:15:00+05:30,24554.35,2024-09-04T09:15:00+05:30,25152.45,rsi_overbought,rsi_oversold,-2207.08,64.34,3.67,18.34,-2293.44,18.79
NSE:SENSEX,SHORT,1.1198359582430117,2024-08-16T14:15:00+05:30,80472.18,2024-09-04T09:15:00+05:30,82185.17,rsi_overbought,rsi_oversold,-1918.27,64.24,3.64,18.21,-2004.36,18.79
NSE:INFY,SHORT,40,2024-08-12T13:15:00+05:30,1800.25,2024-09-04T10:15:00+05:30,1907.5,rsi_overbought,rsi_oversold,-4290.0,228.26,14.83,44.49,-4577.58,22.88
NSE:WIPRO,SHORT,535,2024-08-28T12:15:00+05:30,134.07,2024-09-04T10:15:00+05:30,129.69,rsi_overbought,rsi_oversold,2345.97,219.76,14.11,42.33,2069.77,6.92
NSE:HINDUNILVR,LONG,30,2024-08-27T15:15:00+05:30,2767.0,2024-09-04T14:15:00+05:30,2843.0,rsi_oversold,rsi_overbought,2280.0,249.98,16.83,50.49,1962.7,7.96
NSE:HCLTECH,SHORT,50,2024-08-07T15:15:00+05:30,1598.0,2024-09-05T09:15:00+05:30,1775.0,rsi_overbought,rsi_oversold,-8850.0,251.2,16.87,50.59,-9168.66,28.75
NSE:ICICIBANK,SHORT,80,2024-08-16T13:15:00+05:30,1191.95,2024-09-05T14:15:00+05:30,1235.55,rsi_overbought,rsi_oversold,-3488.0,279.19,19.42,58.26,-3844.87,20.04
NSE:BANKNIFTY,SHORT,2.0192858025564537,2024-08-16T14:15:00+05:30,50529.3,2024-09-06T09:15:00+05:30,50987.5,rsi_overbought,rsi_oversold,-925.24,66.44,4.1,20.5,-1016.28,20.79
NSE:WIPRO,LONG,570,2024-09-04T11:15:00+05:30,129.6,2024-09-06T11:15:00+05:30,131.94,rsi_oversold,rsi_overbought,1333.8,228.69,14.91,44.72,1045.48,2.0
NSE:ADANIGREEN,SHORT,50,2024-09-02T14:15:00+05:30,1943.75,2024-09-06T14:15:00+05:30,1857.1,rsi_overbought,rsi_oversold,4332.5,273.99,19.0,57.01,3982.5,4.0
NSE:TATACONSUM,LONG,60,2024-09-04T10:15:00+05:30,1186.0,2024-09-10T09:15:00+05:30,1201.85,rsi_oversold,rsi_overbought,951.0,222.27,14.33,42.98,671.43,5.96
NSE:NIFTY,LONG,3.514819328078365,2024-09-04T10:15:00+05:30,25128.7,2024-09-10T12:15:00+05:30,25098.55,rsi_oversold,rsi_overbought,-105.97,63.81,3.53,17.65,-190.96,6.08
NSE:SENSEX,LONG,1.0729638194073057,2024-09-04T10:15:00+05:30,82125.11,2024-09-10T12:15:00+05:30,82095.72,rsi_oversold,rsi_overbought,-31.53,63.78,3.52,17.62,-116.46,6.08
NSE:ICICIBANK,LONG,75,2024-09-05T15:15:00+05:30,1235.35,2024-09-10T12:15:00+05:30,1235.0,rsi_oversold,rsi_overbought,-26.25,269.02,18.53,55.58,-369.38,4.88
NSE:TCS,LONG,15,2024-08-23T14:15:00+05:30,4461.95,2024-09-10T12:15:00+05:30,4531.2,rsi_oversold,rsi_overbought,1038.75,212.95,13.49,40.47,771.84,17.92
NSE:HCLTECH,LONG,40,2024-09-05T10:15:00+05:30,1773.0,2024-09-10T12:15:00+05:30,1778.15,rsi_oversold,rsi_overbought,206.0,220.96,14.2,42.61,-71.78,5.08
NSE:BHARTIARTL,LONG,45,2024-09-03T11:15:00+05:30,1564.05,2024-09-10T12:15:00+05:30,1575.85,rsi_oversold,rsi_overbought,531.0,220.1,14.13,42.39,254.38,7.04
NSE:LT,LONG,20,2024-09-04T10:15:00+05:30,3643.8,2024-09-10T12:15:00+05:30,3615.25,rsi_oversold,rsi_overbought,-571.0,224.5,14.52,43.55,-853.57,6.08
NSE:BANKNIFTY,LONG,1.9839150304095883,2024-09-06T10:15:00+05:30,50919.45,2024-09-10T14:15:00+05:30,51267.1,rsi_oversold,rsi_overbought,689.71,66.31,4.05,20.27,599.07,4.17
NSE:TCS,SHORT,15,2024-09-10T13:15:00+05:30,4525.7,2024-09-12T12:15:00+05:30,4449.0,rsi_overbought,rsi_oversold,1150.5,212.64,13.46,40.39,884.01,1.96
NSE:LT,SHORT,20,2024-09-10T13:15:00+05:30,3617.95,2024-09-12T12:15:00+05:30,3544.75,rsi_overbought,rsi_oversold,1464.0,222.21,14.33,42.98,1184.49,1.96
NSE:INFY,LONG,35,2024-09-04T11:15:00+05:30,1902.7,2024-09-12T14:15:00+05:30,1955.5,rsi_oversold,rsi_overbought,1848.0,213.05,13.5,40.51,1580.94,8.12
NSE:TATASTEEL,LONG,580,2024-08-29T09:15:00+05:30,153.1,2024-09-13T09:15:00+05:30,154.6,rsi_oversold,rsi_overbought,870.0,261.38,17.85,53.54,537.23,15.0
NSE:RELIANCE,LONG,115,2024-09-05T15:15:00+05:30,747.75,2024-09-13T13:15:00+05:30,737.72,rsi_oversold,rsi_overbought,-1154.02,253.05,17.08,51.25,-1475.4,7.92
NSE:SBIN,LONG,115,2024-09-06T09:15:00+05:30,797.35,2024-09-13T13:15:00+05:30,793.4,rsi_oversold,rsi_overbought,-454.25,266.45,18.29,54.88,-793.87,7.17
NSE:ADANIGREEN,LONG,60,2024-09-12T10:15:00+05:30,1817.85,2024-09-16T09:15:00+05:30,1892.6,rsi_oversold,rsi_overbought,4485.0,310.18,22.26,66.79,4085.77,3.96
NSE:HINDUNILVR,SHORT,30,2024-09-04T15:15:00+05:30,2841.95,2024-09-16T14:15:00+05:30,2864.65,rsi_overbought,rsi_oversold,-681.0,253.42,17.12,51.36,-1002.9,11.96
NSE:ITC,SHORT,170,2024-09-02T10:15:00+05:30,511.7,2024-09-16T15:15:00+05:30,509.95,rsi_overbought,rsi_oversold,297.5,256.11,17.37,52.1,-28.08,14.21
NSE:TATASTEEL,SHORT,580,2024-09-13T11:15:00+05:30,153.92,2024-09-18T09:15:00+05:30,152.22,rsi_overbought,rsi_oversold,986.0,260.37,17.76,53.27,654.61,4.92
NSE:HCLTECH,SHORT,40,2024-09-10T13:15:00+05:30,1781.9,2024-09-18T09:15:00+05:30,1772.05,rsi_overbought,rsi_oversold,394.0,221.07,14.22,42.65,116.07,7.83
NSE:WIPRO,SHORT,550,2024-09-13T09:15:00+05:30,136.05,2024-09-18T09:15:00+05:30,134.1,rsi_overbought,rsi_oversold,1072.5,228.16,14.86,44.57,784.91,5.0
NSE:TATACONSUM,SHORT,60,2024-09-10T10:15:00+05:30,1206.6,2024-09-18T13:15:00+05:30,1195.85,rsi_overbought,rsi_oversold,645.0,223.26,14.41,43.24,364.08,8.12
NSE:HINDUNILVR,LONG,30,2024-09-17T13:15:00+05:30,2869.75,2024-09-19T10:15:00+05:30,2928.45,rsi_oversold,rsi_overbought,1761.0,256.29,17.39,52.18,1435.13,1.88
NSE:ITC,LONG,175,2024-09-17T11:15:00+05:30,507.4,2024-09-20T12:15:00+05:30,516.75,rsi_oversold,rsi_overbought,1636.25,262.17,17.92,53.77,1302.39,3.04
NSE:TATASTEEL,LONG,595,2024-09-18T10:15:00+05:30,151.68,2024-09-23T10:15:00+05:30,153.55,rsi_oversold,rsi_overbought,1112.65,264.86,18.16,54.48,775.15,5.0
NSE:ICICIBANK,SHORT,75,2024-09-10T13:15:00+05:30,1239.75,2024-09-24T15:15:00+05:30,1320.0,rsi_overbought,rsi_oversold,-6018.75,276.92,19.2,57.59,-6372.46,14.08
NSE:RELIANCE,SHORT,115,2024-09-16T09:15:00+05:30,738.26,2024-09-25T09:15:00+05:30,742.49,rsi_overbought,rsi_oversold,-485.88,252.39,17.03,51.09,-806.38,9.0
NSE:TATACONSUM,SHORT,60,2024-09-20T13:15:00+05:30,1226.15,2024-09-25T09:15:00+05:30,1186.55,rsi_overbought,rsi_oversold,2376.0,223.82,14.48,43.43,2094.28,4.83
NSE:SBIN,SHORT,115,2024-09-13T14:15:00+05:30,791.3,2024-09-25T10:15:00+05:30,792.2,rsi_overbought,rsi_oversold,-103.5,265.49,18.21,54.63,-441.84,11.83
NSE:HINDUNILVR,SHORT,30,2024-09-20T12:15:00+05:30,2968.95,2024-09-25T10:15:00+05:30,2918.45,rsi_overbought,rsi_oversold,1515.0,259.28,17.66,52.99,1185.07,4.92
NSE:INFY,LONG,35,2024-09-18T09:15:00+05:30,1898.55,2024-09-26T09:15:00+05:30,1914.5,rsi_oversold,rsi_overbought,558.25,211.39,13.35,40.04,293.48,8.0
NSE:HCLTECH,LONG,40,2024-09-18T10:15:00+05:30,1767.85,2024-09-26T09:15:00+05:30,1805.15,rsi_oversold,rsi_overbought,1492.0,221.83,14.29,42.88,1213.0,7.96
NSE:LT,SHORT,20,2024-09-13T14:15:00+05:30,3611.75,2024-09-26T10:15:00+05:30,3787.0,rsi_overbought,rsi_oversold,-3505.0,227.83,14.8,44.39,-3792.02,12.83
NSE:SBIN,LONG,110,2024-09-25T11:15:00+05:30,792.8,2024-09-27T09:15:00+05:30,804.25,rsi_oversold,rsi_overbought,1259.5,258.25,17.57,52.7,930.98,1.92
NSE:HINDUNILVR,LONG,30,2024-09-25T11:15:00+05:30,2917.0,2024-09-27T09:15:00+05:30,3018.0,rsi_oversold,rsi_overbought,3030.0,260.76,17.8,53.41,2698.02,1.92
NSE:WIPRO,LONG,560,2024-09-18T10:15:00+05:30,134.31,2024-09-27T10:15:00+05:30,137.8,rsi_oversold,rsi_overbought,1951.6,232.32,15.24,45.72,1658.33,9.0
NSE:TATACONSUM,LONG,65,2024-09-25T10:15:00+05:30,1187.8,2024-09-27T10:15:00+05:30,1210.95,rsi_oversold,rsi_overbought,1504.75,236.28,15.59,46.78,1206.1,2.0
NSE:HDFCBANK,SHORT,220,2024-09-04T12:15:00+05:30,410.1,2024-09-27T14:15:00+05:30,437.75,rsi_overbought,rsi_oversold,-6083.0,270.86,18.65,55.96,-6428.47,23.08
NSE:RELIANCE,LONG,115,2024-09-25T10:15:00+05:30,741.87,2024-09-27T14:15:00+05:30,763.64,rsi_oversold,rsi_overbought,2504.12,255.33,17.31,51.94,2179.54,2.17
NSE:ADANIGREEN,SHORT,55,2024-09-16T10:15:00+05:30,1903.15,2024-09-27T14:15:00+05:30,1973.9,rsi_overbought,rsi_oversold,-3891.25,300.38,21.32,63.97,-4276.92,11.17
NSE:ICICIBANK,SHORT,65,2024-09-26T09:15:00+05:30,1331.3,2024-09-27T15:15:00+05:30,1306.5,rsi_overbought,rsi_oversold,1612.0,253.54,17.15,51.44,1289.88,1.25
NSE:BANKNIFTY,SHORT,1.981704291443393,2024-09-10T15:15:00+05:30,51277.65,2024-09-30T09:15:00+05:30,53240.85,rsi_overbought,rsi_oversold,-3890.48,66.48,4.14,20.71,-3981.82,19.75
NSE:BHARTIARTL,SHORT,45,2024-09-10T13:15:00+05:30,1584.45,2024-09-30T09:15:00+05:30,1711.1,rsi_overbought,rsi_oversold,-5699.25,228.35,14.83,44.49,-5986.92,19.83
NSE:SENSEX,SHORT,1.071276999622164,2024-09-10T13:15:00+05:30,82146.04,2024-09-30T11:15:00+05:30,84595.59,rsi_overbought,rsi_oversold,-2624.15,63.87,3.57,17.86,-2709.45,19.92
NSE:NIFTY,SHORT,3.5092955837881785,2024-09-10T13:15:00+05:30,25114.0,2024-09-30T14:15:00+05:30,25812.25,rsi_overbought,rsi_oversold,-2450.37,63.89,3.57,17.87,-2535.7,20.04
NSE:SBIN,SHORT,110,2024-09-27T10:15:00+05:30,805.25,2024-09-30T14:15:00+05:30,788.75,rsi_overbought,rsi_oversold,1815.0,257.84,17.53,52.6,1487.03,3.17
NSE:ITC,SHORT,170,2024-09-23T11:15:00+05:30,518.0,2024-10-01T09:15:00+05:30,515.9,rsi_overbought,rsi_oversold,357.0,258.42,17.58,52.73,28.28,7.92
NSE:HINDUNILVR,SHORT,30,2024-09-27T10:15:00+05:30,3019.2,2024-10-01T09:15:00+05:30,2936.6,rsi_overbought,rsi_oversold,2478.0,261.49,17.87,53.6,2145.04,3.96
NSE:RELIANCE,SHORT,115,2024-09-27T15:15:00+05:30,761.76,2024-10-01T13:15:00+05:30,733.62,rsi_overbought,rsi_oversold,3237.25,253.98,17.2,51.59,2914.48,3.92
NSE:SBIN,LONG,115,2024-09-30T15:15:00+05:30,788.0,2024-10-03T10:15:00+05:30,802.5,rsi_oversold,rsi_overbought,1667.5,266.26,18.29,54.87,1328.08,2.79
NSE:WIPRO,SHORT,565,2024-09-27T11:15:00+05:30,136.82,2024-10-03T12:15:00+05:30,132.69,rsi_overbought,rsi_oversold,2336.27,232.17,15.23,45.68,2043.2,6.04
NSE:INFY,LONG,35,2024-10-01T10:15:00+05:30,1885.9,2024-10-04T10:15:00+05:30,1938.4,rsi_oversold,rsi_overbought,1837.5,211.73,13.39,40.16,1572.23,3.0
NSE:HCLTECH,SHORT,40,2024-09-26T10:15:00+05:30,1804.1,2024-10-04T14:15:00+05:30,1774.55,rsi_overbought,rsi_oversold,1182.0,222.11,14.31,42.94,902.63,8.17
NSE:TATASTEEL,SHORT,595,2024-09-23T11:15:00+05:30,153.28,2024-10-07T10:15:00+05:30,164.44,rsi_overbought,rsi_oversold,-6640.2,273.7,18.9,56.71,-6989.52,13.96
NSE:NIFTY,LONG,3.3150678769092377,2024-09-30T15:15:00+05:30,25822.8,2024-10-09T10:15:00+05:30,25215.6,rsi_oversold,rsi_overbought,-2012.91,69.28,3.38,16.92,-2102.5,8.79
NSE:ADANIGREEN,LONG,55,2024-09-27T15:15:00+05:30,1978.0,2024-10-09T10:15:00+05:30,1814.5,rsi_oversold,rsi_overbought,-8992.5,295.59,20.86,62.58,-9371.53,11.79
NSE:BHARTIARTL,LONG,35,2024-09-30T10:15:00+05:30,1713.6,2024-10-09T10:15:00+05:30,1700.55,rsi_oversold,rsi_overbought,-456.75,195.95,11.95,35.85,-700.5,9.0
NSE:LT,LONG,20,2024-09-26T11:15:00+05:30,3778.8,2024-10-09T10:15:00+05:30,3541.1,rsi_oversold,rsi_overbought,-4754.0,226.17,14.64,43.92,-5038.73,12.96
NSE:SENSEX,LONG,1.0093441525720037,2024-09-30T12:15:00+05:30,84510.14,2024-10-09T13:15:00+05:30,81880.63,rsi_oversold,rsi_overbought,-2654.08,69.06,3.36,16.79,-2743.3,9.04
NSE:SBIN,LONG,120,2024-10-07T14:15:00+05:30,768.75,2024-10-09T13:15:00+05:30,797.2,rsi_oversold,rsi_overbought,3414.0,271.69,18.79,56.37,3067.15,1.96
NSE:ADANIGREEN,SHORT,55,2024-10-09T11:15:00+05:30,1812.45,2024-10-10T12:15:00+05:30,1767.55,rsi_overbought,rsi_oversold,2469.5,281.75,19.69,59.07,2108.99,1.04
NSE:NIFTY,SHORT,3.3264405055258788,2024-10-09T12:15:00+05:30,25104.35,2024-10-11T10:15:00+05:30,24952.5,rsi_overbought,rsi_oversold,505.12,69.16,3.33,16.65,415.98,1.92
NSE:HDFCBANK,LONG,190,2024-09-27T15:15:00+05:30,438.25,2024-10-14T09:15:00+05:30,419.01,rsi_oversold,rsi_overbought,-3654.65,244.4,16.29,48.86,-3964.2,16.75
NSE:HINDUNILVR,LONG,30,2024-10-01T10:15:00+05:30,2905.6,2024-10-14T10:15:00+05:30,2787.85,rsi_oversold,rsi_overbought,-3532.5,253.2,17.08,51.24,-3854.02,13.0
NSE:WIPRO,LONG,600,2024-10-03T13:15:00+05:30,132.2,2024-10-14T12:15:00+05:30,137.05,rsi_oversold,rsi_overbought,2910.0,242.43,16.16,48.46,2602.95,10.96
NSE:ITC,LONG,175,2024-10-01T10:15:00+05:30,514.95,2024-10-15T09:15:00+05:30,496.2,rsi_oversold,rsi_overbought,-3281.25,260.01,17.7,53.09,-3612.04,13.96
NSE:BANKNIFTY,LONG,1.833776569871781,2024-09-30T10:15:00+05:30,53249.25,2024-10-15T10:15:00+05:30,51778.8,rsi_oversold,rsi_overbought,-2696.48,72.3,3.85,19.26,-2791.89,15.0
NSE:ICICIBANK,LONG,65,2024-09-30T09:15:00+05:30,1284.25,2024-10-15T10:15:00+05:30,1244.75,rsi_oversold,rsi_overbought,-2567.5,245.99,16.44,49.32,-2879.25,15.04
NSE:WIPRO,SHORT,595,2024-10-14T13:15:00+05:30,137.6,2024-10-16T12:15:00+05:30,133.15,rsi_overbought,rsi_oversold,2647.75,241.95,16.11,48.33,2341.37,1.96
NSE:INFY,SHORT,35,2024-10-04T11:15:00+05:30,1949.95,2024-10-16T15:15:00+05:30,1918.1,rsi_overbought,rsi_oversold,1114.75,213.49,13.54,40.61,847.11,12.17
NSE:BANKNIFTY,SHORT,1.8287557495966953,2024-10-15T11:15:00+05:30,51873.35,2024-10-17T10:15:00+05:30,51253.25,rsi_overbought,rsi_oversold,1134.01,72.12,3.77,18.86,1039.26,1.96
NSE:ITC,SHORT,170,2024-10-15T10:15:00+05:30,498.7,2024-10-17T10:15:00+05:30,491.8,rsi_overbought,rsi_oversold,1173.0,250.16,16.84,50.52,855.49,2.0
NSE:ICICIBANK,SHORT,65,2024-10-15T11:15:00+05:30,1252.65,2024-10-17T11:15:00+05:30,1228.2,rsi_overbought,rsi_oversold,1589.25,242.2,16.13,48.38,1282.55,2.0
NSE:HINDUNILVR,SHORT,30,2024-10-14T11:15:00+05:30,2798.65,2024-10-17T12:15:00+05:30,2738.6,rsi_overbought,rsi_oversold,1801.5,247.59,16.61,49.84,1487.46,3.04
NSE:HDFCBANK,SHORT,190,2024-10-14T10:15:00+05:30,420.98,2024-10-18T09:15:00+05:30,416.0,rsi_overbought,rsi_oversold,945.25,239.77,15.9,47.71,641.87,3.96
NSE:BHARTIARTL,SHORT,35,2024-10-09T12:15:00+05:30,1695.35,2024-10-18T09:15:00+05:30,1689.3,rsi_overbought,rsi_oversold,211.75,194.75,11.85,35.54,-30.39,8.88
NSE:BANKNIFTY,LONG,1.86931058634369,2024-10-17T11:15:00+05:30,51302.25,2024-10-21T09:15:00+05:30,52155.1,rsi_oversold,rsi_overbought,1594.24,72.79,3.87,19.34,1498.24,3.92
NSE:HDFCBANK,LONG,195,2024-10-18T10:15:00+05:30,416.62,2024-10-21T09:15:00+05:30,434.5,rsi_oversold,rsi_overbought,3487.57,247.3,16.6,49.79,3173.89,2.96
NSE:ICICIBANK,LONG,70,2024-10-17T12:15:00+05:30,1227.95,2024-10-21T09:15:00+05:30,1258.7,rsi_oversold,rsi_overbought,2152.5,256.39,17.41,52.22,1826.48,3.88
NSE:WIPRO,LONG,630,2024-10-16T13:15:00+05:30,133.37,2024-10-21T09:15:00+05:30,139.64,rsi_oversold,rsi_overbought,3953.25,253.96,17.2,51.6,3630.5,4.83
NSE:TATASTEEL,LONG,530,2024-10-08T09:15:00+05:30,159.19,2024-10-21T13:15:00+05:30,154.85,rsi_oversold,rsi_overbought,-2300.2,248.26,16.64,49.93,-2615.03,13.17
NSE:HCLTECH,SHORT,40,2024-10-09T13:15:00+05:30,1816.7,2024-10-21T14:15:00+05:30,1842.25,rsi_overbought,rsi_oversold,-1022.0,225.84,14.64,43.91,-1306.39,12.04
NSE:TATASTEEL,SHORT,525,2024-10-21T14:15:00+05:30,155.2,2024-10-22T11:15:00+05:30,151.92,rsi_overbought,rsi_oversold,1722.0,242.17,16.12,48.37,1415.33,0.88
NSE:SBIN,SHORT,120,2024-10-09T14:15:00+05:30,798.2,2024-10-22T12:15:00+05:30,795.5,rsi_overbought,rsi_oversold,324.0,275.62,19.12,57.37,-28.12,12.92
NSE:BANKNIFTY,SHORT,1.8689840339165091,2024-10-21T10:15:00+05:30,52110.45,2024-10-22T14:15:00+05:30,51239.75,rsi_overbought,rsi_oversold,1627.32,72.77,3.86,19.32,1531.38,1.17
NSE:LT,SHORT,20,2024-10-09T12:15:00+05:30,3511.95,2024-10-22T14:15:00+05:30,3510.05,rsi_overbought,rsi_oversold,38.0,219.19,14.04,42.13,-237.36,13.08
NSE:INFY,LONG,40,2024-10-21T09:15:00+05:30,1859.3,2024-10-23T11:15:00+05:30,1880.1,rsi_oversold,rsi_overbought,832.0,229.28,14.96,44.87,542.89,2.08
NSE:ICICIBANK,SHORT,70,2024-10-21T10:15:00+05:30,1256.15,2024-10-24T10:15:00+05:30,1252.35,rsi_overbought,rsi_oversold,266.0,258.24,17.56,52.68,-62.47,3.0
NSE:INFY,SHORT,40,2024-10-23T12:15:00+05:30,1885.45,2024-10-25T12:15:00+05:30,1858.5,rsi_overbought,rsi_oversold,1078.0,229.46,14.98,44.93,788.63,2.0
NSE:RELIANCE,LONG,125,2024-10-01T14:15:00+05:30,732.0,2024-10-28T09:15:00+05:30,1332.0,rsi_oversold,rsi_overbought,75000.0,344.2,25.8,77.4,74552.6,26.79
NSE:HDFCBANK,SHORT,195,2024-10-21T10:15:00+05:30,436.35,2024-10-28T10:15:00+05:30,433.94,rsi_overbought,rsi_oversold,469.95,251.68,16.97,50.91,150.39,7.0
NSE:TCS,LONG,15,2024-09-18T09:15:00+05:30,4386.8,2024-10-28T10:15:00+05:30,4103.55,rsi_oversold,rsi_overbought,-4248.75,204.97,12.74,38.21,-4504.66,40.04
NSE:HINDUNILVR,LONG,35,2024-10-17T13:15:00+05:30,2740.4,2024-10-28T10:15:00+05:30,2575.0,rsi_oversold,rsi_overbought,-5789.0,270.3,18.6,55.81,-6133.71,10.88
NSE:HCLTECH,LONG,40,2024-10-21T15:15:00+05:30,1840.1,2024-10-28T12:15:00+05:30,1874.85,rsi_oversold,rsi_overbought,1390.0,228.15,14.86,44.58,1102.41,6.88
NSE:WIPRO,LONG,645,2024-10-25T10:15:00+05:30,135.79,2024-10-28T13:15:00+05:30,139.74,rsi_oversold,rsi_overbought,2547.75,260.42,17.77,53.32,2216.24,3.12
NSE:BANKNIFTY,LONG,1.929340974829166,2024-10-22T15:15:00+05:30,51271.6,2024-10-29T09:15:00+05:30,51521.85,rsi_oversold,rsi_overbought,482.82,73.34,3.97,19.83,385.68,6.75
NSE:SBIN,LONG,120,2024-10-22T13:15:00+05:30,800.5,2024-10-29T10:15:00+05:30,797.3,rsi_oversold,rsi_overbought,-384.0,276.22,19.17,57.52,-736.92,6.88
NSE:ITC,LONG,175,2024-10-17T12:15:00+05:30,488.55,2024-10-29T12:15:00+05:30,487.95,rsi_oversold,rsi_overbought,-105.0,253.03,17.09,51.27,-426.39,12.0
NSE:TATACONSUM,LONG,65,2024-10-03T09:15:00+05:30,1175.75,2024-10-29T13:15:00+05:30,993.4,rsi_oversold,rsi_overbought,-11852.75,220.7,14.1,42.3,-12129.84,26.17
NSE:TATASTEEL,LONG,545,2024-10-22T12:15:00+05:30,151.69,2024-10-29T14:15:00+05:30,150.04,rsi_oversold,rsi_overbought,-899.25,245.93,16.44,49.33,-1210.96,7.08
NSE:LT,LONG,20,2024-10-22T15:15:00+05:30,3504.0,2024-10-30T09:15:00+05:30,3411.4,rsi_oversold,rsi_overbought,-1852.0,216.96,13.83,41.49,-2124.28,7.75
NSE:HCLTECH,SHORT,40,2024-10-28T14:15:00+05:30,1874.9,2024-10-30T14:15:00+05:30,1836.65,rsi_overbought,rsi_oversold,1530.0,227.99,14.85,44.54,1242.63,2.0
NSE:TCS,SHORT,15,2024-10-28T11:15:00+05:30,4124.05,2024-10-31T09:15:00+05:30,3993.8,rsi_overbought,rsi_oversold,1953.75,198.29,12.18,36.53,1706.75,2.92
NSE:BANKNIFTY,SHORT,1.929916641611075,2024-10-29T10:15:00+05:30,51455.55,2024-10-31T13:15:00+05:30,51340.7,rsi_overbought,rsi_oversold,221.65,73.33,3.97,19.84,124.52,2.12
NSE:ICICIBANK,SHORT,65,2024-10-28T10:15:00+05:30,1298.2,2024-10-31T13:15:00+05:30,1296.05,rsi_overbought,rsi_oversold,139.75,250.5,16.86,50.59,-178.2,3.12
NSE:RELIANCE,SHORT,120,2024-10-28T10:15:00+05:30,1347.8,2024-11-04T09:15:00+05:30,1293.95,rsi_overbought,rsi_oversold,6462.0,414.92,31.7,95.1,5920.28,6.96
NSE:SBIN,SHORT,115,2024-10-29T11:15:00+05:30,810.95,2024-11-04T09:15:00+05:30,813.0,rsi_overbought,rsi_oversold,-235.75,270.67,18.68,56.03,-581.13,5.92
NSE:HINDUNILVR,SHORT,35,2024-10-28T11:15:00+05:30,2586.0,2024-11-04T09:15:00+05:30,2519.15,rsi_overbought,rsi_oversold,2339.75,261.51,17.87,53.6,2006.77,6.92
NSE:WIPRO,SHORT,645,2024-10-28T14:15:00+05:30,139.74,2024-11-04T09:15:00+05:30,135.12,rsi_overbought,rsi_oversold,2976.68,259.91,17.73,53.19,2645.85,6.79
NSE:ITC,SHORT,175,2024-10-29T13:15:00+05:30,488.85,2024-11-04T10:15:00+05:30,482.5,rsi_overbought,rsi_oversold,1111.25,251.94,17.0,51.0,791.32,5.88
NSE:TATACONSUM,SHORT,65,2024-10-29T14:15:00+05:30,992.4,2024-11-04T10:15:00+05:30,978.6,rsi_overbought,rsi_oversold,897.0,205.43,12.81,38.43,640.33,5.83
NSE:LT,SHORT,20,2024-10-30T10:15:00+05:30,3407.55,2024-11-05T09:15:00+05:30,3557.5,rsi_overbought,rsi_oversold,-2999.0,218.15,13.93,41.79,-3272.87,5.96
NSE:SBIN,LONG,115,2024-11-04T10:15:00+05:30,810.3,2024-11-05T13:15:00+05:30,846.9,rsi_oversold,rsi_overbought,4209.0,274.59,19.06,57.17,3858.18,1.12
NSE:ADANIGREEN,LONG,55,2024-10-10T13:15:00+05:30,1762.8,2024-11-05T14:15:00+05:30,1645.25,rsi_oversold,rsi_overbought,-6465.25,271.91,18.74,56.23,-6812.13,26.04
NSE:BANKNIFTY,LONG,1.9324513677910429,2024-10-31T14:15:00+05:30,51452.3,2024-11-06T09:15:00+05:30,52340.15,rsi_oversold,rsi_overbought,1715.73,73.75,4.01,20.06,1617.91,5.79
NSE:NIFTY,LONG,3.3639047469206025,2024-10-16T11:15:00+05:30,24948.05,2024-11-06T09:15:00+05:30,24379.25,rsi_oversold,rsi_overbought,-1913.39,68.86,3.32,16.59,-2002.16,20.92
NSE:SENSEX,LONG,1.013432802795836,2024-10-16T11:15:00+05:30,81470.35,2024-11-06T09:15:00+05:30,80001.97,rsi_oversold,rsi_overbought,-1488.1,68.6,3.27,16.36,-1576.34,20.92
NSE:ICICIBANK,LONG,65,2024-10-31T14:15:00+05:30,1291.55,2024-11-06T09:15:00+05:30,1312.6,rsi_oversold,rsi_overbought,1368.25,251.12,16.93,50.78,1049.42,5.79
NSE:TCS,LONG,20,2024-10-31T10:15:00+05:30,3963.95,2024-11-06T09:15:00+05:30,4082.0,rsi_oversold,rsi_overbought,2361.0,241.77,16.09,48.28,2054.86,5.96
NSE:INFY,LONG,40,2024-10-25T14:15:00+05:30,1854.05,2024-11-06T09:15:00+05:30,1800.25,rsi_oversold,rsi_overbought,-2152.0,225.72,14.62,43.85,-2436.19,11.79
NSE:HCLTECH,LONG,40,2024-10-31T09:15:00+05:30,1782.5,2024-11-06T09:15:00+05:30,1821.85,rsi_oversold,rsi_overbought,1574.0,223.22,14.42,43.25,1293.11,6.0
NSE:WIPRO,LONG,690,2024-11-04T10:15:00+05:30,134.32,2024-11-06T09:15:00+05:30,139.24,rsi_oversold,rsi_overbought,3391.35,272.63,18.88,56.63,3043.22,1.96
NSE:TATACONSUM,LONG,65,2024-11-04T11:15:00+05:30,983.35,2024-11-06T09:15:00+05:30,1006.8,rsi_oversold,rsi_overbought,1524.25,206.76,12.94,38.81,1265.74,1.92
NSE:TATASTEEL,LONG,555,2024-11-04T09:15:00+05:30,147.04,2024-11-06T10:15:00+05:30,150.5,rsi_oversold,rsi_overbought,1920.3,246.49,16.51,49.54,1607.76,2.04
NSE:RELIANCE,LONG,130,2024-11-04T10:15:00+05:30,1287.65,2024-11-06T12:15:00+05:30,1316.1,rsi_oversold,rsi_overbought,3698.5,438.99,33.85,101.55,3124.12,2.08
NSE:HDFCBANK,LONG,195,2024-10-28T11:15:00+05:30,434.54,2024-11-06T13:15:00+05:30,438.55,rsi_oversold,rsi_overbought,781.95,252.26,17.03,51.08,461.59,9.08
NSE:LT,LONG,15,2024-11-05T10:15:00+05:30,3555.25,2024-11-06T13:15:00+05:30,3638.8,rsi_oversold,rsi_overbought,1253.25,182.95,10.79,32.37,1027.14,1.12
NSE:TATACONSUM,SHORT,65,2024-11-06T10:15:00+05:30,1004.05,2024-11-07T12:15:00+05:30,988.85,rsi_overbought,rsi_oversold,988.0,207.0,12.95,38.86,729.18,1.08
NSE:ICICIBANK,SHORT,65,2024-11-06T10:15:00+05:30,1310.6,2024-11-08T09:15:00+05:30,1266.0,rsi_overbought,rsi_oversold,2899.0,249.02,16.75,50.24,2582.99,1.96
NSE:BANKNIFTY,SHORT,1.931168924048077,2024-11-06T10:15:00+05:30,52321.75,2024-11-08T10:15:00+05:30,51669.45,rsi_overbought,rsi_oversold,1259.7,73.74,4.02,20.08,1161.86,2.0
NSE:NIFTY,SHORT,3.361915542590998,2024-11-06T10:15:00+05:30,24369.05,2024-11-08T11:15:00+05:30,24119.45,rsi_overbought,rsi_oversold,839.13,68.73,3.26,16.3,750.85,2.04
NSE:SENSEX,SHORT,1.0129108149251251,2024-11-06T10:15:00+05:30,79960.74,2024-11-08T11:15:00+05:30,79356.39,rsi_overbought,rsi_oversold,612.15,68.49,3.23,16.14,524.3,2.04
NSE:ADANIGREEN,SHORT,55,2024-11-06T10:15:00+05:30,1655.1,2024-11-08T11:15:00+05:30,1615.4,rsi_overbought,rsi_oversold,2183.5,262.85,17.99,53.96,1848.7,2.04
NSE:RELIANCE,SHORT,130,2024-11-06T13:15:00+05:30,1316.65,2024-11-08T12:15:00+05:30,1285.6,rsi_overbought,rsi_oversold,4036.5,438.75,33.83,101.49,3462.44,1.96
NSE:TATASTEEL,SHORT,550,2024-11-06T11:15:00+05:30,151.56,2024-11-08T14:15:00+05:30,148.04,rsi_overbought,rsi_oversold,1936.0,246.09,16.48,49.43,1624.0,2.12
NSE:HINDUNILVR,LONG,35,2024-11-04T10:15:00+05:30,2511.6,2024-11-11T12:15:00+05:30,2500.35,rsi_oversold,rsi_overbought,-393.75,258.09,17.54,52.63,-722.01,7.08
NSE:ICICIBANK,LONG,70,2024-11-08T10:15:00+05:30,1259.05,2024-11-12T11:15:00+05:30,1287.25,rsi_oversold,rsi_overbought,1974.0,261.05,17.82,53.47,1641.66,4.04
NSE:LT,SHORT,15,2024-11-06T15:15:00+05:30,3648.0,2024-11-12T14:15:00+05:30,3592.0,rsi_overbought,rsi_oversold,840.0,183.75,10.86,32.58,612.81,5.96
NSE:HDFCBANK,SHORT,195,2024-11-06T14:15:00+05:30,438.76,2024-11-13T09:15:00+05:30,428.07,rsi_overbought,rsi_oversold,2084.55,250.81,16.9,50.71,1766.13,6.79
NSE:SBIN,SHORT,115,2024-11-05T14:15:00+05:30,848.3,2024-11-13T09:15:00+05:30,820.3,rsi_overbought,rsi_oversold,3220.0,276.12,19.19,57.57,2867.12,7.79
NSE:TCS,SHORT,20,2024-11-06T10:15:00+05:30,4102.45,2024-11-13T10:15:00+05:30,4162.35,rsi_overbought,rsi_oversold,-1198.0,246.9,16.53,49.59,-1511.02,7.0
NSE:HCLTECH,SHORT,40,2024-11-06T10:15:00+05:30,1833.6,2024-11-14T10:15:00+05:30,1855.9,rsi_overbought,rsi_oversold,-892.0,227.19,14.76,44.27,-1178.22,8.0
NSE:INFY,SHORT,40,2024-11-06T10:15:00+05:30,1811.0,2024-11-18T09:15:00+05:30,1817.8,rsi_overbought,rsi_oversold,-272.0,224.45,14.52,43.55,-554.51,11.96
NSE:WIPRO,SHORT,685,2024-11-06T10:15:00+05:30,140.0,2024-11-18T09:15:00+05:30,136.99,rsi_overbought,rsi_oversold,2061.85,273.82,18.97,56.92,1712.14,11.96
NSE:BANKNIFTY,LONG,1.9825206272243385,2024-11-08T11:15:00+05:30,51550.8,2024-11-19T10:15:00+05:30,50920.35,rsi_oversold,rsi_overbought,-1249.88,73.82,4.06,20.32,-1348.08,10.96
NSE:HDFCBANK,LONG,205,2024-11-13T10:15:00+05:30,426.7,2024-11-19T10:15:00+05:30,435.1,rsi_oversold,rsi_overbought,1722.0,259.32,17.67,53.0,1392.01,6.0
NSE:LT,LONG,15,2024-11-13T09:15:00+05:30,3556.6,2024-11-19T10:15:00+05:30,3583.95,rsi_oversold,rsi_overbought,410.25,182.12,10.71,32.13,185.29,6.04
NSE:ITC,LONG,180,2024-11-04T11:15:00+05:30,482.2,2024-11-19T11:15:00+05:30,472.65,rsi_oversold,rsi_overbought,-1719.0,254.25,17.19,51.56,-2042.0,15.0
NSE:HINDUNILVR,LONG,35,2024-11-12T13:15:00+05:30,2459.6,2024-11-19T12:15:00+05:30,2429.6,rsi_oversold,rsi_overbought,-1050.0,253.36,17.11,51.34,-1371.81,6.96
NSE:WIPRO,LONG,710,2024-11-18T10:15:00+05:30,136.64,2024-11-21T09:15:00+05:30,140.15,rsi_oversold,rsi_overbought,2492.1,281.32,19.65,58.96,2132.17,2.96
NSE:NIFTY,LONG,3.420701943688714,2024-11-08T12:15:00+05:30,24169.1,2024-11-22T14:15:00+05:30,23920.1,rsi_oversold,rsi_overbought,-851.75,68.77,3.29,16.45,-940.27,14.08
NSE:SENSEX,LONG,1.0265703785227005,2024-11-08T13:15:00+05:30,79405.98,2024-11-22T14:15:00+05:30,79147.31,rsi_oversold,rsi_overbought,-265.54,68.6,3.26,16.28,-353.67,14.04
NSE:TCS,LONG,20,2024-11-13T11:15:00+05:30,4147.2,2024-11-22T14:15:00+05:30,4247.65,rsi_oversold,rsi_overbought,2009.0,249.55,16.79,50.37,1692.29,9.12
NSE:INFY,LONG,40,2024-11-18T10:15:00+05:30,1800.3,2024-11-22T14:15:00+05:30,1905.6,rsi_oversold,rsi_overbought,4212.0,227.54,14.82,44.47,3925.17,4.17
NSE:HCLTECH,LONG,40,2024-11-14T11:15:00+05:30,1856.75,2024-11-22T14:15:00+05:30,1900.95,rsi_oversold,rsi_overbought,1768.0,230.02,15.03,45.09,1477.85,8.12
NSE:TATACONSUM,LONG,70,2024-11-08T11:15:00+05:30,990.15,2024-11-22T14:15:00+05:30,946.1,rsi_oversold,rsi_overbought,-3083.5,213.97,13.55,40.66,-3351.69,14.12
NSE:BHARTIARTL,LONG,35,2024-10-18T10:15:00+05:30,1697.55,2024-11-22T14:15:00+05:30,1570.0,rsi_oversold,rsi_overbought,-4464.25,190.55,11.44,34.31,-4700.55,35.17
NSE:ICICIBANK,LONG,75,2024-11-14T09:15:00+05:30,1261.7,2024-11-22T15:15:00+05:30,1278.0,rsi_oversold,rsi_overbought,1222.5,274.7,19.05,57.14,871.61,8.25
NSE:RELIANCE,LONG,135,2024-11-08T13:15:00+05:30,1280.6,2024-11-25T09:15:00+05:30,1290.65,rsi_oversold,rsi_overbought,1356.75,448.76,34.71,104.14,769.15,16.83
NSE:SBIN,LONG,125,2024-11-13T10:15:00+05:30,814.95,2024-11-25T09:15:00+05:30,844.0,rsi_oversold,rsi_overbought,3631.25,293.29,20.74,62.21,3255.01,11.96
NSE:HINDUNILVR,LONG,35,2024-11-21T14:15:00+05:30,2384.65,2024-11-25T09:15:00+05:30,2488.8,rsi_oversold,rsi_overbought,3645.25,252.4,17.06,51.17,3324.62,3.79
NSE:TATASTEEL,LONG,575,2024-11-08T15:15:00+05:30,147.3,2024-11-25T09:15:00+05:30,145.05,rsi_oversold,rsi_overbought,-1293.75,250.03,16.81,50.43,-1611.02,16.75
NSE:SBIN,SHORT,125,2024-11-25T10:15:00+05:30,846.0,2024-11-27T09:15:00+05:30,834.9,rsi_overbought,rsi_oversold,1387.5,296.51,21.01,63.03,1006.95,1.96
NSE:BHARTIARTL,SHORT,35,2024-11-22T15:15:00+05:30,1568.4,2024-11-27T09:15:00+05:30,1562.6,rsi_overbought,rsi_oversold,203.0,184.89,10.96,32.88,-25.72,4.75
NSE:LT,SHORT,15,2024-11-19T11:15:00+05:30,3581.9,2024-11-27T11:15:00+05:30,3695.05,rsi_overbought,rsi_oversold,-1697.25,184.55,10.92,32.75,-1925.46,8.0
NSE:ADANIGREEN,LONG,60,2024-11-08T12:15:00+05:30,1618.65,2024-11-28T09:15:00+05:30,1087.2,rsi_oversold,rsi_overbought,-31887.0,245.93,16.24,48.71,-32197.87,19.88
NSE:INFY,SHORT,40,2024-11-22T15:15:00+05:30,1889.2,2024-11-28T10:15:00+05:30,1871.4,rsi_overbought,rsi_oversold,712.0,230.23,15.04,45.13,421.6,5.79
NSE:HCLTECH,SHORT,40,2024-11-22T15:15:00+05:30,1897.1,2024-11-28T10:15:00+05:30,1851.2,rsi_overbought,rsi_oversold,1836.0,229.6,14.99,44.98,1546.43,5.79
NSE:TCS,SHORT,20,2024-11-22T15:15:00+05:30,4221.95,2024-11-28T11:15:00+05:30,4250.55,rsi_overbought,rsi_oversold,-572.0,251.47,16.95,50.83,-891.25,5.83
NSE:WIPRO,SHORT,710,2024-11-21T10:15:00+05:30,140.09,2024-11-28T13:15:00+05:30,143.7,rsi_overbought,rsi_oversold,-2563.1,287.22,20.15,60.45,-2930.92,7.12
NSE:NIFTY,SHORT,3.423789333910599,2024-11-22T15:15:00+05:30,23873.5,2024-11-28T14:15:00+05:30,23915.6,rsi_overbought,rsi_oversold,-144.14,68.72,3.27,16.36,-232.49,5.96
NSE:SENSEX,SHORT,1.0279363796961225,2024-11-22T15:15:00+05:30,78957.43,2024-11-28T14:15:00+05:30,79045.15,rsi_overbought,rsi_oversold,-90.17,68.56,3.25,16.24,-178.23,5.96
NSE:RELIANCE,SHORT,135,2024-11-25T10:15:00+05:30,1300.85,2024-11-28T14:15:00+05:30,1269.7,rsi_overbought,rsi_oversold,4205.25,448.44,34.7,104.11,3618.0,3.17
NSE:TATACONSUM,SHORT,70,2024-11-22T15:15:00+05:30,943.0,2024-11-28T14:15:00+05:30,940.4,rsi_overbought,rsi_oversold,182.0,209.62,13.18,39.55,-80.35,5.96
NSE:BANKNIFTY,SHORT,1.9821135271480255,2024-11-19T11:15:00+05:30,50883.3,2024-12-02T09:15:00+05:30,51807.25,rsi_overbought,rsi_oversold,-1831.37,73.82,4.07,20.35,-1929.62,12.92
NSE:HDFCBANK,SHORT,200,2024-11-19T11:15:00+05:30,436.05,2024-12-02T09:15:00+05:30,445.07,rsi_overbought,rsi_oversold,-1805.0,259.09,17.62,52.87,-2134.58,12.92
NSE:WIPRO,LONG,675,2024-11-28T14:15:00+05:30,142.79,2024-12-02T11:15:00+05:30,145.19,rsi_oversold,rsi_overbought,1620.0,279.02,19.44,58.32,1263.23,3.88
NSE:RELIANCE,LONG,140,2024-11-28T15:15:00+05:30,1272.75,2024-12-02T13:15:00+05:30,1308.55,rsi_oversold,rsi_overbought,5012.0,464.33,36.14,108.41,4403.12,3.92
NSE:INFY,LONG,40,2024-11-28T11:15:00+05:30,1871.9,2024-12-02T14:15:00+05:30,1880.0,rsi_oversold,rsi_overbought,324.0,229.87,15.01,45.02,34.1,4.12
NSE:HCLTECH,LONG,40,2024-11-28T11:15:00+05:30,1855.3,2024-12-02T14:15:00+05:30,1872.5,rsi_oversold,rsi_overbought,688.0,228.78,14.91,44.73,399.58,4.12
NSE:SBIN,LONG,125,2024-11-27T10:15:00+05:30,833.4,2024-12-03T09:15:00+05:30,851.1,rsi_oversold,rsi_overbought,2212.5,296.95,21.06,63.17,1831.33,5.96
NSE:TCS,LONG,20,2024-11-28T12:15:00+05:30,4240.0,2024-12-03T13:15:00+05:30,4314.55,rsi_oversold,rsi_overbought,1491.0,253.14,17.11,51.33,1169.42,5.04
NSE:ADANIGREEN,SHORT,60,2024-11-28T10:15:00+05:30,1087.2,2024-12-04T09:15:00+05:30,1274.9,rsi_overbought,rsi_oversold,-11262.0,221.46,14.17,42.52,-11540.15,5.96
NSE:BHARTIARTL,SHORT,35,2024-11-29T10:15:00+05:30,1613.7,2024-12-04T09:15:00+05:30,1597.8,rsi_overbought,rsi_oversold,556.5,187.99,11.24,33.72,323.55,4.96
NSE:LT,LONG,15,2024-11-27T14:15:00+05:30,3698.85,2024-12-04T09:15:00+05:30,3819.55,rsi_oversold,rsi_overbought,1810.5,188.31,11.28,33.83,1577.08,6.79
NSE:ITC,SHORT,180,2024-11-19T12:15:00+05:30,472.4,2024-12-04T15:15:00+05:30,467.2,rsi_overbought,rsi_oversold,936.0,251.0,16.91,50.74,617.35,15.12
NSE:HINDUNILVR,SHORT,35,2024-11-25T10:15:00+05:30,2499.9,2024-12-09T09:15:00+05:30,2393.6,rsi_overbought,rsi_oversold,3720.5,253.17,17.13,51.38,3398.82,13.96
NSE:RELIANCE,SHORT,140,2024-12-02T14:15:00+05:30,1308.15,2024-12-09T11:15:00+05:30,1309.65,rsi_overbought,rsi_oversold,-210.0,470.4,36.65,109.95,-827.0,6.88
NSE:TATACONSUM,SHORT,65,2024-12-06T11:15:00+05:30,974.2,2024-12-09T12:15:00+05:30,933.55,rsi_overbought,rsi_oversold,2642.25,200.73,12.4,37.2,2391.92,3.04
NSE:INFY,SHORT,40,2024-12-03T09:15:00+05:30,1882.25,2024-12-09T13:15:00+05:30,1906.85,rsi_overbought,rsi_oversold,-984.0,231.63,15.16,45.47,-1276.25,6.17
NSE:ICICIBANK,SHORT,70,2024-11-25T09:15:00+05:30,1304.65,2024-12-09T14:15:00+05:30,1321.7,rsi_overbought,rsi_oversold,-1193.5,267.51,18.38,55.15,-1534.55,14.21
NSE:LT,SHORT,15,2024-12-04T10:15:00+05:30,3817.2,2024-12-11T15:15:00+05:30,3913.15,rsi_overbought,rsi_oversold,-1439.25,192.09,11.6,34.79,-1677.72,7.21
NSE:SBIN,SHORT,125,2024-12-03T10:15:00+05:30,855.0,2024-12-12T10:15:00+05:30,853.8,rsi_overbought,rsi_oversold,150.0,300.48,21.36,64.08,-235.92,9.0
NSE:TATASTEEL,SHORT,570,2024-11-25T10:15:00+05:30,145.95,2024-12-12T10:15:00+05:30,149.66,rsi_overbought,rsi_oversold,-2114.7,250.53,16.85,50.55,-2432.63,17.0
NSE:BHARTIARTL,LONG,35,2024-12-04T10:15:00+05:30,1589.05,2024-12-12T11:15:00+05:30,1603.4,rsi_oversold,rsi_overbought,502.25,187.26,11.17,33.52,270.3,8.04
NSE:BANKNIFTY,SHORT,1.883885604135782,2024-12-03T09:15:00+05:30,52515.2,2024-12-12T14:15:00+05:30,53215.6,rsi_overbought,rsi_oversold,-1319.47,73.29,3.98,19.92,-1416.67,9.21
NSE:NIFTY,SHORT,3.37328702431792,2024-12-02T12:15:00+05:30,24162.2,2024-12-12T15:15:00+05:30,24539.5,rsi_overbought,rsi_oversold,-1272.74,68.7,3.29,16.43,-1361.16,10.12
NSE:SENSEX,SHORT,1.014077439225163,2024-12-02T12:15:00+05:30,79861.28,2024-12-12T15:15:00+05:30,81263.84,rsi_overbought,rsi_oversold,-1422.3,68.57,3.27,16.34,-1510.49,10.12
NSE:HDFCBANK,SHORT,190,2024-12-03T09:15:00+05:30,456.92,2024-12-13T09:15:00+05:30,461.4,rsi_overbought,rsi_oversold,-852.15,257.08,17.45,52.34,-1179.02,10.0
NSE:SBIN,LONG,125,2024-12-12T11:15:00+05:30,852.55,2024-12-17T09:15:00+05:30,860.0,rsi_oversold,rsi_overbought,931.25,300.94,21.41,64.22,544.68,4.92
NSE:TCS,SHORT,15,2024-12-04T09:15:00+05:30,4367.9,2024-12-17T11:15:00+05:30,4340.1,rsi_overbought,rsi_oversold,417.0,208.25,13.06,39.19,156.5,13.08
NSE:INFY,SHORT,35,2024-12-11T09:15:00+05:30,1964.8,2024-12-17T11:15:00+05:30,1970.35,rsi_overbought,rsi_oversold,-194.25,216.19,13.77,41.32,-465.54,6.08
NSE:BHARTIARTL,SHORT,35,2024-12-12T12:15:00+05:30,1602.4,2024-12-17T11:15:00+05:30,1611.75,rsi_overbought,rsi_oversold,-327.25,188.16,11.25,33.75,-560.41,4.96
NSE:HCLTECH,SHORT,40,2024-12-02T15:15:00+05:30,1872.75,2024-12-17T12:15:00+05:30,1944.05,rsi_overbought,rsi_oversold,-2852.0,233.0,15.27,45.8,-3146.07,14.88
NSE:SBIN,SHORT,125,2024-12-17T10:15:00+05:30,857.1,2024-12-17T14:15:00+05:30,849.65,rsi_overbought,rsi_oversold,931.25,84.9,21.33,64.0,761.01,0.17
NSE:ITC,LONG,185,2024-12-10T09:15:00+05:30,464.25,2024-12-24T09:15:00+05:30,474.5,rsi_oversold,rsi_overbought,1896.25,255.97,17.37,52.1,1570.81,14.0
NSE:BANKNIFTY,LONG,1.832230587097198,2024-12-12T15:15:00+05:30,53224.85,2024-12-24T14:15:00+05:30,51199.15,rsi_oversold,rsi_overbought,-3711.55,72.04,3.83,19.13,-3806.55,11.96
NSE:HDFCBANK,LONG,185,2024-12-13T10:15:00+05:30,458.46,2024-12-24T14:15:00+05:30,449.09,rsi_oversold,rsi_overbought,-1734.38,249.83,16.79,50.37,-2051.37,11.17
NSE:TATACONSUM,LONG,70,2024-12-09T13:15:00+05:30,932.4,2024-12-24T14:15:00+05:30,908.05,rsi_oversold,rsi_overbought,-1704.5,206.42,12.88,38.65,-1962.45,15.04
NSE:ADANIGREEN,LONG,40,2024-12-04T10:15:00+05:30,1264.8,2024-12-26T12:15:00+05:30,1069.0,rsi_oversold,rsi_overbought,-7832.0,167.45,9.34,28.01,-8036.79,22.08
NSE:ICICIBANK,LONG,70,2024-12-09T15:15:00+05:30,1323.5,2024-12-27T09:15:00+05:30,1313.95,rsi_oversold,rsi_overbought,-668.5,268.34,18.46,55.39,-1010.68,17.75
NSE:BHARTIARTL,LONG,35,2024-12-17T12:15:00+05:30,1612.3,2024-12-27T09:15:00+05:30,1618.3,rsi_oversold,rsi_overbought,210.0,188.76,11.31,33.92,-23.99,9.88
NSE:ICICIBANK,SHORT,70,2024-12-30T09:15:00+05:30,1313.9,2024-12-31T09:15:00+05:30,1283.95,rsi_overbought,rsi_oversold,2096.5,265.05,18.18,54.55,1758.71,1.0
NSE:WIPRO,SHORT,670,2024-12-02T12:15:00+05:30,145.68,2024-12-31T09:15:00+05:30,295.65,rsi_overbought,rsi_oversold,-100483.25,399.24,29.57,88.71,-101000.77,28.88
NSE:LT,LONG,15,2024-12-12T09:15:00+05:30,3875.2,2025-01-01T14:15:00+05:30,3663.5,rsi_oversold,rsi_overbought,-3175.5,189.03,11.31,33.92,-3409.76,20.21
NSE:NIFTY,LONG,3.291118883575948,2024-12-13T09:15:00+05:30,24353.1,2025-01-02T09:15:00+05:30,23834.1,rsi_oversold,rsi_overbought,-1708.09,67.92,3.17,15.86,-1795.04,20.0
NSE:SENSEX,LONG,0.9853745812550583,2024-12-13T09:15:00+05:30,80659.23,2025-01-02T09:15:00+05:30,78823.17,rsi_oversold,rsi_overbought,-1809.21,67.72,3.14,15.71,-1895.78,20.0
NSE:TCS,LONG,15,2024-12-17T12:15:00+05:30,4327.65,2025-01-02T09:15:00+05:30,4133.4,rsi_oversold,rsi_overbought,-2913.75,204.38,12.69,38.07,-3168.9,15.88
NSE:INFY,LONG,35,2024-12-17T12:15:00+05:30,1967.95,2025-01-02T09:15:00+05:30,1912.8,rsi_oversold,rsi_overbought,-1930.25,214.21,13.58,40.75,-2198.79,15.88
NSE:HCLTECH,LONG,40,2024-12-17T13:15:00+05:30,1947.2,2025-01-02T09:15:00+05:30,1929.7,rsi_oversold,rsi_overbought,-700.0,235.51,15.51,46.52,-997.54,15.83
NSE:BHARTIARTL,LONG,35,2024-12-31T09:15:00+05:30,1566.1,2025-01-02T09:15:00+05:30,1599.75,rsi_oversold,rsi_overbought,1177.75,186.17,11.08,33.24,947.26,2.0
NSE:RELIANCE,LONG,140,2024-12-09T12:15:00+05:30,1305.35,2025-01-02T11:15:00+05:30,1228.85,rsi_oversold,rsi_overbought,-10710.0,458.18,35.48,106.44,-11310.1,23.96
NSE:HINDUNILVR,LONG,40,2024-12-09T10:15:00+05:30,2392.05,2025-01-02T14:15:00+05:30,2369.65,rsi_oversold,rsi_overbought,-896.0,274.85,19.05,57.14,-1247.04,24.17
NSE:TATASTEEL,LONG,550,2024-12-13T09:15:00+05:30,146.53,2025-01-03T11:15:00+05:30,139.35,rsi_oversold,rsi_overbought,-3949.0,238.15,15.72,47.17,-4250.04,21.08
NSE:HDFCBANK,SHORT,185,2025-01-02T13:15:00+05:30,448.52,2025-01-03T13:15:00+05:30,438.23,rsi_overbought,rsi_oversold,1905.5,245.28,16.4,49.21,1594.6,1.0
NSE:ITC,SHORT,180,2024-12-24T10:15:00+05:30,478.7,2025-01-06T09:15:00+05:30,461.65,rsi_overbought,rsi_oversold,3069.0,250.99,16.93,50.78,2750.31,12.96
NSE:ADANIGREEN,SHORT,40,2024-12-26T13:15:00+05:30,1071.9,2025-01-06T09:15:00+05:30,1017.0,rsi_overbought,rsi_oversold,2196.0,155.81,8.36,25.07,2006.76,10.83
NSE:BANKNIFTY,SHORT,1.8160369429824026,2024-12-27T09:15:00+05:30,51609.65,2025-01-06T10:15:00+05:30,50260.85,rsi_overbought,rsi_oversold,2449.47,71.77,3.7,18.5,2355.51,10.04
NSE:TATASTEEL,SHORT,550,2025-01-03T12:15:00+05:30,139.09,2025-01-06T10:15:00+05:30,133.11,rsi_overbought,rsi_oversold,3289.0,229.24,14.97,44.91,2999.87,2.92
NSE:NIFTY,SHORT,3.272653879952271,2025-01-02T10:15:00+05:30,23943.65,2025-01-06T12:15:00+05:30,23714.7,rsi_overbought,rsi_oversold,749.27,67.79,3.12,15.6,662.77,4.08
NSE:SENSEX,SHORT,0.9798839250754899,2025-01-02T10:15:00+05:30,79182.28,2025-01-06T12:15:00+05:30,78283.27,rsi_overbought,rsi_oversold,880.93,67.58,3.09,15.43,794.83,4.08
NSE:LT,SHORT,15,2025-01-02T09:15:00+05:30,3678.4,2025-01-06T12:15:00+05:30,3614.65,rsi_overbought,rsi_oversold,956.25,184.62,10.94,32.82,727.87,4.12
NSE:TCS,SHORT,20,2025-01-02T10:15:00+05:30,4148.65,2025-01-07T11:15:00+05:30,4013.6,rsi_overbought,rsi_oversold,2701.0,244.33,16.32,48.97,2391.37,5.04
NSE:INFY,SHORT,35,2025-01-02T10:15:00+05:30,1935.7,2025-01-08T09:15:00+05:30,1911.95,rsi_overbought,rsi_oversold,831.25,212.71,13.47,40.4,564.67,5.96
NSE:HCLTECH,SHORT,40,2025-01-02T14:15:00+05:30,1970.95,2025-01-08T09:15:00+05:30,1905.0,rsi_overbought,rsi_oversold,2638.0,235.21,15.5,46.51,2340.77,5.79
NSE:ITC,LONG,200,2025-01-06T10:15:00+05:30,450.05,2025-01-09T10:15:00+05:30,458.75,rsi_oversold,rsi_overbought,1740.0,264.98,18.18,54.53,1402.32,3.0
NSE:HCLTECH,LONG,40,2025-01-08T10:15:00+05:30,1900.2,2025-01-10T09:15:00+05:30,1941.2,rsi_oversold,rsi_overbought,1640.0,233.75,15.37,46.1,1344.78,1.96
NSE:TCS,LONG,20,2025-01-08T09:15:00+05:30,4036.9,2025-01-10T10:15:00+05:30,4235.9,rsi_oversold,rsi_overbought,3980.0,246.69,16.55,49.64,3667.13,2.04
NSE:BHARTIARTL,LONG,35,2025-01-06T13:15:00+05:30,1584.0,2025-01-10T12:15:00+05:30,1617.3,rsi_oversold,rsi_overbought,1165.5,187.55,11.2,33.61,933.13,3.96
NSE:HCLTECH,SHORT,40,2025-01-10T10:15:00+05:30,1968.85,2025-01-14T09:15:00+05:30,1810.95,rsi_overbought,rsi_oversold,6316.0,230.66,15.12,45.36,6024.86,3.96
NSE:RELIANCE,SHORT,140,2025-01-02T12:15:00+05:30,1232.55,2025-01-14T11:15:00+05:30,1228.95,rsi_overbought,rsi_oversold,504.0,446.03,34.46,103.38,-79.88,11.96
NSE:INFY,SHORT,35,2025-01-10T10:15:00+05:30,1954.2,2025-01-14T12:15:00+05:30,1933.95,rsi_overbought,rsi_oversold,708.75,214.3,13.61,40.83,440.02,4.08
NSE:HINDUNILVR,SHORT,40,2025-01-02T15:15:00+05:30,2368.5,2025-01-14T12:15:00+05:30,2390.95,rsi_overbought,rsi_oversold,-898.0,274.75,19.04,57.11,-1248.9,11.88
NSE:ADANIGREEN,LONG,45,2025-01-06T10:15:00+05:30,998.0,2025-01-15T09:15:00+05:30,1041.45,rsi_oversold,rsi_overbought,1955.25,164.97,9.18,27.53,1753.57,8.96
NSE:TCS,SHORT,20,2025-01-10T11:15:00+05:30,4280.0,2025-01-15T10:15:00+05:30,4218.2,rsi_overbought,rsi_oversold,1236.0,251.91,17.0,50.99,916.11,4.96
NSE:SBIN,LONG,125,2024-12-17T15:15:00+05:30,849.8,2025-01-15T13:15:00+05:30,752.45,rsi_oversold,rsi_overbought,-12168.75,286.6,20.03,60.08,-12535.46,28.92
NSE:TATASTEEL,LONG,600,2025-01-06T11:15:00+05:30,132.55,2025-01-15T14:15:00+05:30,126.58,rsi_oversold,rsi_overbought,-3582.0,236.17,15.55,46.64,-3880.36,9.12
NSE:TATACONSUM,SHORT,70,2025-01-01T14:15:00+05:30,920.6,2025-01-16T09:15:00+05:30,935.65,rsi_overbought,rsi_oversold,-1053.5,207.6,12.99,38.98,-1313.07,14.79
NSE:RELIANCE,LONG,140,2025-01-14T12:15:00+05:30,1231.1,2025-01-16T10:15:00+05:30,1263.0,rsi_oversold,rsi_overbought,4466.0,450.81,34.92,104.75,3875.52,1.92
NSE:BANKNIFTY,LONG,1.9143827704370884,2025-01-06T11:15:00+05:30,50185.1,2025-01-16T11:15:00+05:30,49282.0,rsi_oversold,rsi_overbought,-1728.88,72.1,3.81,19.04,-1823.83,10.0
NSE:NIFTY,LONG,3.344927370333848,2025-01-06T13:15:00+05:30,23623.85,2025-01-16T12:15:00+05:30,23318.0,rsi_oversold,rsi_overbought,-1023.05,67.77,3.14,15.7,-1109.66,9.96
NSE:SENSEX,LONG,1.0048850967731144,2025-01-06T13:15:00+05:30,78000.85,2025-01-16T12:15:00+05:30,77068.89,rsi_oversold,rsi_overbought,-936.51,67.62,3.12,15.58,-1022.83,9.96
NSE:LT,LONG,15,2025-01-06T13:15:00+05:30,3598.2,2025-01-16T13:15:00+05:30,3535.25,rsi_oversold,rsi_overbought,-944.25,182.1,10.7,32.1,-1169.15,10.0
NSE:TATACONSUM,LONG,70,2025-01-16T10:15:00+05:30,929.7,2025-01-20T10:15:00+05:30,954.9,rsi_oversold,rsi_overbought,1764.0,209.59,13.19,39.58,1501.64,4.0
NSE:ITC,LONG,205,2025-01-13T09:15:00+05:30,441.55,2025-01-20T11:15:00+05:30,438.1,rsi_oversold,rsi_overbought,-707.25,263.57,18.03,54.1,-1042.95,7.08
NSE:HCLTECH,LONG,45,2025-01-14T10:15:00+05:30,1822.05,2025-01-21T09:15:00+05:30,1810.05,rsi_oversold,rsi_overbought,-540.0,244.79,16.34,49.03,-850.17,6.96
NSE:RELIANCE,SHORT,140,2025-01-16T11:15:00+05:30,1263.05,2025-01-21T14:15:00+05:30,1272.25,rsi_overbought,rsi_oversold,-1288.0,457.65,35.49,106.48,-1887.62,5.12
NSE:SBIN,SHORT,125,2025-01-15T14:15:00+05:30,753.75,2025-01-22T09:15:00+05:30,755.6,rsi_overbought,rsi_oversold,-231.25,272.8,18.87,56.6,-579.52,6.79
NSE:ADANIGREEN,SHORT,45,2025-01-15T10:15:00+05:30,1045.95,2025-01-22T09:15:00+05:30,1016.8,rsi_overbought,rsi_oversold,1311.75,166.18,9.28,27.85,1108.44,6.96
NSE:BANKNIFTY,SHORT,1.9062502274015385,2025-01-16T12:15:00+05:30,49445.3,2025-01-22T11:15:00+05:30,48321.65,rsi_overbought,rsi_oversold,2141.96,71.92,3.73,18.64,2047.68,5.96
NSE:NIFTY,SHORT,3.3391571702794485,2025-01-16T13:15:00+05:30,23333.35,2025-01-22T11:15:00+05:30,23036.95,rsi_overbought,rsi_oversold,989.73,67.66,3.1,15.48,903.48,5.92
NSE:SENSEX,SHORT,1.0047167848772172,2025-01-16T14:15:00+05:30,76998.93,2025-01-22T11:15:00+05:30,75986.24,rsi_overbought,rsi_oversold,1017.47,67.52,3.07,15.37,931.5,5.88
NSE:LT,SHORT,15,2025-01-20T14:15:00+05:30,3593.95,2025-01-22T11:15:00+05:30,3512.4,rsi_overbought,rsi_oversold,1223.25,181.49,10.66,31.98,999.12,1.88
NSE:TATASTEEL,SHORT,600,2025-01-15T15:15:00+05:30,126.6,2025-01-22T12:15:00+05:30,127.93,rsi_overbought,rsi_oversold,-798.0,232.89,15.27,45.82,-1091.98,6.88
NSE:INFY,LONG,40,2025-01-17T09:15:00+05:30,1821.7,2025-01-22T13:15:00+05:30,1861.5,rsi_oversold,rsi_overbought,1592.0,226.73,14.73,44.2,1306.34,5.17
NSE:NIFTY,LONG,3.420315517789374,2025-01-22T12:15:00+05:30,23043.05,2025-01-23T14:15:00+05:30,23201.25,rsi_oversold,rsi_overbought,541.09,68.06,3.16,15.82,454.05,1.08
NSE:SENSEX,LONG,1.0302297234515132,2025-01-22T12:15:00+05:30,75993.57,2025-01-23T14:15:00+05:30,76510.45,rsi_oversold,rsi_overbought,532.51,67.92,3.14,15.71,445.73,1.08
NSE:TCS,LONG,20,2025-01-15T11:15:00+05:30,4227.1,2025-01-23T14:15:00+05:30,4142.65,rsi_oversold,rsi_overbought,-1689.0,249.27,16.74,50.22,-2005.23,8.12
NSE:ICICIBANK,LONG,70,2025-01-01T09:15:00+05:30,1278.2,2025-01-24T10:15:00+05:30,1217.25,rsi_oversold,rsi_overbought,-4266.5,257.56,17.47,52.4,-4593.93,23.04
NSE:HCLTECH,SHORT,45,2025-01-21T10:15:00+05:30,1805.0,2025-01-24T14:15:00+05:30,1792.0,rsi_overbought,rsi_oversold,585.0,242.95,16.19,48.56,277.3,3.17
NSE:TCS,SHORT,20,2025-01-23T15:15:00+05:30,4148.0,2025-01-27T09:15:00+05:30,4109.95,rsi_overbought,rsi_oversold,761.0,246.6,16.52,49.55,448.33,3.75
NSE:HINDUNILVR,LONG,35,2025-01-14T13:15:00+05:30,2372.85,2025-01-27T09:15:00+05:30,2397.75,rsi_oversold,rsi_overbought,871.5,248.61,16.7,50.09,556.1,12.83
NSE:NIFTY,SHORT,3.4142905623990125,2025-01-23T15:15:00+05:30,23216.3,2025-01-27T10:15:00+05:30,22864.5,rsi_overbought,rsi_oversold,1201.15,68.01,3.15,15.73,1114.26,3.79
NSE:SENSEX,SHORT,1.0283893896604301,2025-01-23T15:15:00+05:30,76561.69,2025-01-27T10:15:00+05:30,75485.85,rsi_overbought,rsi_oversold,1106.38,67.88,3.13,15.64,1019.74,3.79
NSE:INFY,SHORT,40,2025-01-23T09:15:00+05:30,1868.65,2025-01-27T11:15:00+05:30,1842.85,rsi_overbought,rsi_oversold,1032.0,228.03,14.85,44.54,744.59,4.08
NSE:BHARTIARTL,SHORT,35,2025-01-16T13:15:00+05:30,1626.9,2025-01-27T12:15:00+05:30,1602.4,rsi_overbought,rsi_oversold,857.5,188.66,11.3,33.91,623.63,10.96
NSE:TATASTEEL,SHORT,565,2025-01-24T10:15:00+05:30,131.82,2025-01-27T15:15:00+05:30,126.55,rsi_overbought,rsi_oversold,2977.55,225.12,14.6,43.79,2694.04,3.21
NSE:TATACONSUM,SHORT,70,2025-01-20T11:15:00+05:30,958.2,2025-01-28T09:15:00+05:30,967.6,rsi_overbought,rsi_oversold,-658.0,212.98,13.48,40.44,-924.9,7.92
NSE:ITC,SHORT,205,2025-01-24T13:15:00+05:30,442.4,2025-01-28T11:15:00+05:30,435.75,rsi_overbought,rsi_oversold,1363.25,263.07,18.0,54.01,1028.17,3.92
NSE:BANKNIFTY,LONG,1.9954508334879368,2025-01-22T12:15:00+05:30,48258.1,2025-01-29T09:15:00+05:30,49032.2,rsi_oversold,rsi_overbought,1544.68,72.89,3.88,19.41,1448.5,6.88
NSE:HDFCBANK,LONG,195,2025-01-03T14:15:00+05:30,437.23,2025-01-29T09:15:00+05:30,419.35,rsi_oversold,rsi_overbought,-3485.62,249.0,16.7,50.11,-3801.44,25.79
NSE:SENSEX,LONG,1.0562427031730734,2025-01-27T11:15:00+05:30,75505.3,2025-01-29T10:15:00+05:30,76265.29,rsi_oversold,rsi_overbought,802.73,68.37,3.21,16.03,715.13,1.96
NSE:NIFTY,LONG,3.5127915912049783,2025-01-27T11:15:00+05:30,22881.55,2025-01-29T11:15:00+05:30,23120.95,rsi_oversold,rsi_overbought,840.96,68.54,3.23,16.16,753.03,2.0
NSE:BHARTIARTL,LONG,40,2025-01-27T13:15:00+05:30,1603.6,2025-01-29T12:15:00+05:30,1619.65,rsi_oversold,rsi_overbought,642.0,206.35,12.89,38.68,384.08,1.96
NSE:INFY,LONG,40,2025-01-27T12:15:00+05:30,1834.3,2025-01-29T13:15:00+05:30,1886.4,rsi_oversold,rsi_overbought,2084.0,228.36,14.88,44.65,1796.11,2.04
NSE:SBIN,LONG,125,2025-01-22T10:15:00+05:30,750.3,2025-01-29T15:15:00+05:30,758.5,rsi_oversold,rsi_overbought,1025.0,272.63,18.86,56.58,676.93,7.21
NSE:RELIANCE,LONG,135,2025-01-22T09:15:00+05:30,1279.25,2025-01-30T09:15:00+05:30,1240.4,rsi_oversold,rsi_overbought,-5244.75,441.51,34.02,102.05,-5822.32,8.0
NSE:LT,LONG,15,2025-01-22T12:15:00+05:30,3511.7,2025-01-30T09:15:00+05:30,3505.0,rsi_oversold,rsi_overbought,-100.5,180.09,10.53,31.58,-322.69,7.88
NSE:TCS,LONG,20,2025-01-27T10:15:00+05:30,4069.45,2025-01-30T10:15:00+05:30,4116.25,rsi_oversold,rsi_overbought,936.0,244.98,16.37,49.11,625.53,3.0
NSE:ICICIBANK,SHORT,70,2025-01-24T11:15:00+05:30,1215.1,2025-01-30T11:15:00+05:30,1246.9,rsi_overbought,rsi_oversold,-2226.0,254.81,17.23,51.7,-2549.74,6.0
NSE:ITC,LONG,210,2025-01-28T12:15:00+05:30,436.15,2025-01-31T09:15:00+05:30,441.6,rsi_oversold,rsi_overbought,1144.5,267.87,18.43,55.3,802.9,2.88
NSE:TATACONSUM,LONG,65,2025-01-28T10:15:00+05:30,970.65,2025-01-31T09:15:00+05:30,1006.35,rsi_oversold,rsi_overbought,2320.5,205.75,12.85,38.55,2063.34,2.96
NSE:ADANIGREEN,LONG,50,2025-01-22T10:15:00+05:30,1009.45,2025-02-01T09:15:00+05:30,1038.75,rsi_oversold,rsi_overbought,1465.0,176.82,10.24,30.72,1247.22,9.96
NSE:INFY,SHORT,40,2025-01-29T14:15:00+05:30,1878.7,2025-02-03T09:15:00+05:30,1842.75,rsi_overbought,rsi_oversold,1438.0,228.44,14.89,44.66,1150.02,4.79
NSE:ADANIGREEN,SHORT,50,2025-02-01T10:15:00+05:30,1033.75,2025-02-04T09:15:00+05:30,982.65,rsi_overbought,rsi_oversold,2555.0,174.97,10.08,30.25,2339.7,2.96
NSE:ITC,SHORT,210,2025-01-31T10:15:00+05:30,441.4,2025-02-04T12:15:00+05:30,454.6,rsi_overbought,rsi_oversold,-2772.0,272.43,18.82,56.45,-3119.69,4.08
NSE:HINDUNILVR,SHORT,35,2025-01-27T10:15:00+05:30,2397.4,2025-02-04T12:15:00+05:30,2433.95,rsi_overbought,rsi_oversold,-1279.25,251.13,16.91,50.73,-1598.02,8.08
NSE:TATACONSUM,SHORT,65,2025-01-31T10:15:00+05:30,1007.2,2025-02-04T12:15:00+05:30,1024.65,rsi_overbought,rsi_oversold,-1134.25,209.97,13.21,39.62,-1397.05,4.08
NSE:TCS,LONG,20,2025-02-03T09:15:00+05:30,4021.95,2025-02-05T09:15:00+05:30,4099.0,rsi_oversold,rsi_overbought,1541.0,243.5,16.24,48.73,1232.53,2.0
NSE:INFY,LONG,40,2025-02-03T10:15:00+05:30,1839.8,2025-02-05T09:15:00+05:30,1902.0,rsi_oversold,rsi_overbought,2488.0,229.26,14.97,44.9,2198.87,1.96
NSE:HCLTECH,LONG,50,2025-01-27T09:15:00+05:30,1751.05,2025-02-05T09:15:00+05:30,1721.1,rsi_oversold,rsi_overbought,-1497.5,256.16,17.36,52.08,-1823.1,9.0
NSE:LT,LONG,15,2025-02-03T09:15:00+05:30,3313.05,2025-02-05T09:15:00+05:30,3435.6,rsi_oversold,rsi_overbought,1838.25,175.48,10.12,30.37,1622.28,2.0
NSE:ADANIGREEN,LONG,55,2025-02-04T10:15:00+05:30,978.5,2025-02-05T12:15:00+05:30,1008.8,rsi_oversold,rsi_overbought,1666.5,184.46,10.93,32.79,1438.32,1.08
NSE:SBIN,SHORT,125,2025-01-30T09:15:00+05:30,759.75,2025-02-06T12:15:00+05:30,759.7,rsi_overbought,rsi_oversold,6.25,274.19,18.99,56.98,-343.91,7.12
NSE:LT,SHORT,15,2025-02-05T10:15:00+05:30,3443.7,2025-02-06T12:15:00+05:30,3358.0,rsi_overbought,rsi_oversold,1285.5,176.41,10.2,30.61,1068.28,1.08
NSE:NIFTY,SHORT,3.5008509016391276,2025-01-29T13:15:00+05:30,23174.05,2025-02-06T14:15:00+05:30,23595.9,rsi_overbought,rsi_oversold,-1476.83,68.61,3.27,16.37,-1565.1,8.04
NSE:SENSEX,SHORT,1.0532322698345369,2025-01-29T11:15:00+05:30,76398.07,2025-02-06T14:15:00+05:30,78020.65,rsi_overbought,rsi_oversold,-1708.95,68.45,3.25,16.26,-1796.92,8.12
NSE:BHARTIARTL,SHORT,35,2025-02-03T10:15:00+05:30,1657.95,2025-02-06T14:15:00+05:30,1617.7,rsi_overbought,rsi_oversold,1408.75,190.42,11.46,34.39,1172.47,3.17
NSE:TCS,SHORT,20,2025-02-05T10:15:00+05:30,4088.35,2025-02-07T09:15:00+05:30,4042.75,rsi_overbought,rsi_oversold,912.0,243.77,16.26,48.79,603.18,1.96
NSE:BANKNIFTY,SHORT,1.9932118170125912,2025-01-29T10:15:00+05:30,49036.85,2025-02-07T12:15:00+05:30,50086.45,rsi_overbought,rsi_oversold,-2092.08,73.01,3.95,19.76,-2188.8,9.08
NSE:RELIANCE,SHORT,135,2025-01-30T10:15:00+05:30,1246.85,2025-02-07T13:15:00+05:30,1264.95,rsi_overbought,rsi_oversold,-2443.5,440.12,33.91,101.73,-3019.26,8.12
NSE:ADANIGREEN,SHORT,55,2025-02-05T13:15:00+05:30,1010.9,2025-02-07T14:15:00+05:30,990.3,rsi_overbought,rsi_oversold,1133.0,185.35,11.01,33.02,903.62,2.04
NSE:BHARTIARTL,LONG,40,2025-02-06T15:15:00+05:30,1621.9,2025-02-10T13:15:00+05:30,1689.2,rsi_oversold,rsi_overbought,2692.0,210.1,13.24,39.73,2428.92,3.92
NSE:INFY,SHORT,40,2025-02-05T10:15:00+05:30,1904.85,2025-02-10T14:15:00+05:30,1879.4,rsi_overbought,rsi_oversold,1018.0,231.26,15.14,45.41,726.19,5.17
NSE:HDFCBANK,SHORT,190,2025-01-29T10:15:00+05:30,418.73,2025-02-11T09:15:00+05:30,424.81,rsi_overbought,rsi_oversold,-1157.1,241.32,16.03,48.08,-1462.52,12.96
NSE:TATASTEEL,SHORT,590,2025-01-29T14:15:00+05:30,130.9,2025-02-11T12:15:00+05:30,130.97,rsi_overbought,rsi_oversold,-41.3,234.82,15.45,46.35,-337.92,12.92
NSE:TATASTEEL,LONG,590,2025-02-11T13:15:00+05:30,130.8,2025-02-13T12:15:00+05:30,137.15,rsi_oversold,rsi_overbought,3746.5,238.52,15.81,47.43,3444.74,1.96
NSE:HINDUNILVR,LONG,35,2025-02-04T13:15:00+05:30,2434.05,2025-02-14T09:15:00+05:30,2356.0,rsi_oversold,rsi_overbought,-2731.75,249.63,16.77,50.3,-3048.44,9.83
NSE:BHARTIARTL,SHORT,40,2025-02-10T14:15:00+05:30,1694.25,2025-02-17T09:15:00+05:30,1692.1,rsi_overbought,rsi_oversold,86.0,213.64,13.55,40.64,-181.83,6.79
NSE:TATASTEEL,SHORT,590,2025-02-13T14:15:00+05:30,136.22,2025-02-17T11:15:00+05:30,133.25,rsi_overbought,rsi_oversold,1752.3,239.67,15.9,47.7,1449.04,3.88
NSE:HDFCBANK,LONG,185,2025-02-11T10:15:00+05:30,425.99,2025-02-18T11:15:00+05:30,429.67,rsi_oversold,rsi_overbought,679.88,238.98,15.83,47.49,377.57,7.04
NSE:RELIANCE,LONG,135,2025-02-10T09:15:00+05:30,1246.9,2025-02-18T11:15:00+05:30,1225.2,rsi_oversold,rsi_overbought,-2929.5,434.2,33.37,100.12,-3497.2,8.08
NSE:BANKNIFTY,LONG,1.914426133072488,2025-02-07T13:15:00+05:30,49915.0,2025-02-19T09:15:00+05:30,49504.85,rsi_oversold,rsi_overbought,-785.2,72.18,3.81,19.03,-880.22,11.83
NSE:SBIN,LONG,125,2025-02-06T13:15:00+05:30,756.1,2025-02-19T09:15:00+05:30,732.9,rsi_oversold,rsi_overbought,-2900.0,270.17,18.61,55.84,-3244.62,12.83
NSE:TATASTEEL,LONG,615,2025-02-17T12:15:00+05:30,133.3,2025-02-19T09:15:00+05:30,136.3,rsi_oversold,rsi_overbought,1845.0,247.24,16.58,49.74,1531.44,1.88
NSE:TATACONSUM,LONG,65,2025-02-04T13:15:00+05:30,1029.4,2025-02-19T09:15:00+05:30,1030.0,rsi_oversold,rsi_overbought,39.0,211.88,13.39,40.16,-226.42,14.83
NSE:LT,LONG,20,2025-02-06T13:15:00+05:30,3355.0,2025-02-19T09:15:00+05:30,3249.15,rsi_oversold,rsi_overbought,-2117.0,210.06,13.21,39.62,-2379.9,12.83
NSE:ICICIBANK,LONG,70,2025-02-07T12:15:00+05:30,1254.9,2025-02-20T10:15:00+05:30,1254.4,rsi_oversold,rsi_overbought,-35.0,258.32,17.57,52.7,-363.58,12.92
NSE:HDFCBANK,SHORT,185,2025-02-18T12:15:00+05:30,431.55,2025-02-20T12:15:00+05:30,421.89,rsi_overbought,rsi_oversold,1787.1,238.44,15.79,47.37,1485.5,2.0
NSE:HCLTECH,SHORT,50,2025-02-07T14:15:00+05:30,1727.45,2025-02-20T14:15:00+05:30,1689.25,rsi_overbought,rsi_oversold,1910.0,252.82,17.08,51.25,1588.84,13.0
NSE:BANKNIFTY,SHORT,1.912660446699242,2025-02-19T10:15:00+05:30,49502.25,2025-02-21T09:15:00+05:30,48827.35,rsi_overbought,rsi_oversold,1290.85,72.07,3.76,18.81,1196.22,1.96
NSE:RELIANCE,SHORT,130,2025-02-18T13:15:00+05:30,1226.7,2025-02-24T09:15:00+05:30,1214.2,rsi_overbought,rsi_oversold,1625.0,415.62,31.73,95.2,1082.45,5.83
NSE:LT,SHORT,15,2025-02-19T10:15:00+05:30,3260.9,2025-02-25T11:15:00+05:30,3228.15,rsi_overbought,rsi_oversold,491.25,171.26,9.73,29.2,281.06,6.04
NSE:ITC,LONG,195,2025-02-04T13:15:00+05:30,453.5,2025-02-25T12:15:00+05:30,404.85,rsi_oversold,rsi_overbought,-9486.75,249.84,16.74,50.21,-9803.54,20.96
NSE:TATASTEEL,SHORT,610,2025-02-20T10:15:00+05:30,137.09,2025-02-25T12:15:00+05:30,137.3,rsi_overbought,rsi_oversold,-128.1,249.13,16.74,50.21,-444.19,5.08
NSE:BANKNIFTY,LONG,1.9599207323829217,2025-02-21T10:15:00+05:30,48917.1,2025-02-27T09:15:00+05:30,48895.0,rsi_oversold,rsi_overbought,-43.31,72.42,3.83,19.17,-138.74,5.96
NSE:HDFCBANK,LONG,190,2025-02-20T13:15:00+05:30,422.25,2025-02-27T09:15:00+05:30,425.12,rsi_oversold,rsi_overbought,544.35,242.0,16.1,48.3,237.95,6.83
NSE:ICICIBANK,LONG,70,2025-02-21T09:15:00+05:30,1227.0,2025-02-27T09:15:00+05:30,1232.0,rsi_oversold,rsi_overbought,350.0,254.38,17.21,51.64,26.77,6.0
NSE:BHARTIARTL,LONG,40,2025-02-17T10:15:00+05:30,1693.75,2025-02-27T10:15:00+05:30,1648.85,rsi_oversold,rsi_overbought,-1796.0,211.84,13.37,40.11,-2061.32,10.0
NSE:ITC,SHORT,195,2025-02-25T13:15:00+05:30,406.2,2025-02-28T10:15:00+05:30,393.2,rsi_overbought,rsi_oversold,2535.0,236.16,15.59,46.76,2236.49,2.88
NSE:BHARTIARTL,SHORT,40,2025-02-27T11:15:00+05:30,1650.4,2025-02-28T11:15:00+05:30,1597.1,rsi_overbought,rsi_oversold,2132.0,207.32,12.99,38.97,1872.72,1.0
NSE:BANKNIFTY,SHORT,1.9574450864611825,2025-02-27T10:15:00+05:30,48908.3,2025-02-28T12:15:00+05:30,48115.45,rsi_overbought,rsi_oversold,1551.96,72.33,3.8,18.99,1456.84,1.08
NSE:ICICIBANK,SHORT,70,2025-02-27T11:15:00+05:30,1232.35,2025-02-28T12:15:00+05:30,1205.95,rsi_overbought,rsi_oversold,1848.0,252.66,17.07,51.2,1527.07,1.04
NSE:TCS,LONG,20,2025-02-07T12:15:00+05:30,4020.65,2025-03-04T10:15:00+05:30,3537.6,rsi_oversold,rsi_overbought,-9661.0,231.83,15.12,45.35,-9953.3,24.92
NSE:SBIN,LONG,130,2025-02-24T09:15:00+05:30,715.55,2025-03-04T12:15:00+05:30,714.45,rsi_oversold,rsi_overbought,-143.0,269.72,18.59,55.77,-487.08,8.12
NSE:LT,LONG,20,2025-02-25T12:15:00+05:30,3236.4,2025-03-04T12:15:00+05:30,3215.45,rsi_oversold,rsi_overbought,-419.0,206.55,12.9,38.71,-677.17,7.0
NSE:BANKNIFTY,LONG,2.02957648870591,2025-03-03T09:15:00+05:30,47885.75,2025-03-05T09:15:00+05:30,48529.1,rsi_oversold,rsi_overbought,1305.73,73.07,3.91,19.57,1209.18,2.0
NSE:TATASTEEL,LONG,605,2025-02-25T13:15:00+05:30,137.0,2025-03-05T09:15:00+05:30,142.87,rsi_oversold,rsi_overbought,3551.35,251.02,16.93,50.8,3232.6,7.83
NSE:NIFTY,LONG,3.369832263013063,2025-02-07T09:15:00+05:30,23612.0,2025-03-05T10:15:00+05:30,22282.35,rsi_oversold,rsi_overbought,-4480.7,67.15,3.09,15.47,-4566.4,26.04
NSE:SENSEX,LONG,1.0097290040087925,2025-02-07T11:15:00+05:30,77915.33,2025-03-05T10:15:00+05:30,73579.64,rsi_oversold,rsi_overbought,-4377.87,66.94,3.06,15.3,-4463.16,25.96
NSE:ITC,LONG,205,2025-02-28T12:15:00+05:30,392.65,2025-03-05T15:15:00+05:30,409.2,rsi_oversold,rsi_overbought,3392.75,245.54,16.44,49.31,3081.46,5.12
NSE:RELIANCE,LONG,135,2025-02-24T10:15:00+05:30,1215.05,2025-03-06T09:15:00+05:30,1189.4,rsi_oversold,rsi_overbought,-3462.75,424.09,32.46,97.38,-4016.68,9.96
NSE:HCLTECH,LONG,50,2025-02-20T15:15:00+05:30,1690.9,2025-03-06T09:15:00+05:30,1589.3,rsi_oversold,rsi_overbought,-5080.0,245.76,16.4,49.2,-5391.37,13.75
NSE:ADANIGREEN,LONG,55,2025-02-07T15:15:00+05:30,989.9,2025-03-06T09:15:00+05:30,843.0,rsi_oversold,rsi_overbought,-8079.5,175.76,10.08,30.24,-8295.58,26.75
NSE:BHARTIARTL,LONG,40,2025-02-28T12:15:00+05:30,1592.8,2025-03-06T09:15:00+05:30,1604.85,rsi_oversold,rsi_overbought,482.0,205.23,12.79,38.37,225.61,5.88
NSE:HINDUNILVR,LONG,35,2025-02-18T09:15:00+05:30,2320.2,2025-03-06T11:15:00+05:30,2206.1,rsi_oversold,rsi_overbought,-3993.5,239.47,15.84,47.53,-4296.34,16.08
NSE:HDFCBANK,SHORT,190,2025-02-27T10:15:00+05:30,425.21,2025-03-06T12:15:00+05:30,420.38,rsi_overbought,rsi_oversold,919.6,241.59,16.07,48.2,613.74,7.08
NSE:TATACONSUM,LONG,65,2025-02-20T11:15:00+05:30,1006.3,2025-03-10T09:15:00+05:30,965.8,rsi_oversold,rsi_overbought,-2632.5,205.77,12.82,38.46,-2889.55,17.92
NSE:HCLTECH,SHORT,50,2025-03-06T10:15:00+05:30,1591.65,2025-03-10T13:15:00+05:30,1550.7,rsi_overbought,rsi_oversold,2047.5,237.57,15.71,47.14,1747.08,4.12
NSE:LT,SHORT,20,2025-03-04T13:15:00+05:30,3210.85,2025-03-10T13:15:00+05:30,3193.35,rsi_overbought,rsi_oversold,350.0,205.43,12.81,38.43,93.33,6.0
NSE:BANKNIFTY,SHORT,2.0295596018901207,2025-03-05T10:15:00+05:30,48480.15,2025-03-10T14:15:00+05:30,48235.8,rsi_overbought,rsi_oversold,495.92,73.08,3.93,19.63,399.29,5.17
NSE:ICICIBANK,LONG,70,2025-02-28T15:15:00+05:30,1201.1,2025-03-11T11:15:00+05:30,1238.5,rsi_oversold,rsi_overbought,2618.0,252.7,17.08,51.23,2296.99,10.83
NSE:TCS,SHORT,20,2025-03-04T13:15:00+05:30,3524.55,2025-03-11T12:15:00+05:30,3559.8,rsi_overbought,rsi_oversold,-705.0,220.63,14.17,42.51,-982.3,6.96
NSE:NIFTY,SHORT,3.3545924953725823,2025-03-05T11:15:00+05:30,22362.1,2025-03-12T09:15:00+05:30,22425.2,rsi_overbought,rsi_oversold,-211.67,66.95,3.0,15.02,-296.66,6.92
NSE:SENSEX,SHORT,1.005700240017294,2025-03-05T11:15:00+05:30,73802.86,2025-03-12T09:15:00+05:30,73885.72,rsi_overbought,rsi_oversold,-83.33,66.74,2.97,14.85,-167.89,6.92
NSE:TATASTEEL,SHORT,600,2025-03-05T10:15:00+05:30,143.72,2025-03-12T09:15:00+05:30,149.92,rsi_overbought,rsi_oversold,-3720.0,259.19,17.62,52.86,-4049.66,6.96
NSE:ADANIGREEN,SHORT,55,2025-03-06T10:15:00+05:30,852.9,2025-03-12T10:15:00+05:30,824.3,rsi_overbought,rsi_oversold,1573.0,165.52,9.22,27.67,1370.58,6.0
NSE:SBIN,SHORT,130,2025-03-04T13:15:00+05:30,717.4,2025-03-12T11:15:00+05:30,723.15,rsi_overbought,rsi_oversold,-747.5,271.29,18.73,56.18,-1093.7,7.92
NSE:HINDUNILVR,SHORT,35,2025-03-06T12:15:00+05:30,2221.75,2025-03-12T12:15:00+05:30,2214.65,rsi_overbought,rsi_oversold,248.5,235.66,15.53,46.58,-49.27,6.0
NSE:BHARTIARTL,SHORT,40,2025-03-06T10:15:00+05:30,1618.65,2025-03-13T13:15:00+05:30,1641.9,rsi_overbought,rsi_oversold,-930.0,208.13,13.04,39.13,-1190.3,7.12
NSE:BANKNIFTY,LONG,2.050966192675653,2025-03-10T15:15:00+05:30,48168.25,2025-03-17T11:15:00+05:30,48458.05,rsi_oversold,rsi_overbought,594.37,73.33,3.96,19.82,497.26,6.83
NSE:TATASTEEL,LONG,550,2025-03-12T10:15:00+05:30,148.89,2025-03-17T11:15:00+05:30,151.96,rsi_oversold,rsi_overbought,1688.5,246.88,16.55,49.64,1375.44,5.04
NSE:RELIANCE,SHORT,135,2025-03-06T10:15:00+05:30,1198.0,2025-03-17T14:15:00+05:30,1238.25,rsi_overbought,rsi_oversold,-5433.75,429.01,32.89,98.67,-5994.32,11.17
NSE:NIFTY,LONG,3.3332648184020215,2025-03-12T10:15:00+05:30,22416.45,2025-03-18T11:15:00+05:30,22769.65,rsi_oversold,rsi_overbought,1177.31,67.13,3.01,15.06,1092.11,6.04
NSE:SENSEX,LONG,1.0023388487260754,2025-03-12T10:15:00+05:30,73883.36,2025-03-18T11:15:00+05:30,75061.31,rsi_oversold,rsi_overbought,1180.71,66.95,2.99,14.93,1095.84,6.04
NSE:INFY,LONG,45,2025-02-10T15:15:00+05:30,1880.0,2025-03-18T11:15:00+05:30,1608.3,rsi_oversold,rsi_overbought,-12226.5,238.48,15.7,47.09,-12527.77,35.83
NSE:HCLTECH,LONG,50,2025-03-10T14:15:00+05:30,1549.7,2025-03-18T13:15:00+05:30,1555.65,rsi_oversold,rsi_overbought,297.5,235.64,15.53,46.58,-0.25,7.96
NSE:LT,LONG,20,2025-03-10T14:15:00+05:30,3179.55,2025-03-18T14:15:00+05:30,3273.15,rsi_oversold,rsi_overbought,1872.0,206.4,12.91,38.72,1613.98,8.0
NSE:ITC,SHORT,205,2025-03-12T12:15:00+05:30,409.7,2025-03-19T09:15:00+05:30,405.8,rsi_overbought,rsi_oversold,799.5,248.84,16.72,50.15,483.79,6.88
NSE:SBIN,LONG,125,2025-03-12T12:15:00+05:30,723.5,2025-03-19T09:15:00+05:30,742.85,rsi_oversold,rsi_overbought,2418.75,266.63,18.33,54.99,2078.8,6.88
NSE:TATACONSUM,LONG,65,2025-03-12T13:15:00+05:30,946.15,2025-03-19T10:15:00+05:30,955.0,rsi_oversold,rsi_overbought,575.25,200.41,12.36,37.07,325.41,6.88
NSE:RELIANCE,LONG,125,2025-03-18T09:15:00+05:30,1240.3,2025-03-20T10:15:00+05:30,1257.5,rsi_oversold,rsi_overbought,2150.0,409.92,31.22,93.67,1615.19,2.04
NSE:BHARTIARTL,LONG,40,2025-03-13T14:15:00+05:30,1633.3,2025-03-20T10:15:00+05:30,1671.4,rsi_oversold,rsi_overbought,1524.0,209.91,13.22,39.66,1261.22,6.83
NSE:HINDUNILVR,LONG,35,2025-03-12T13:15:00+05:30,2196.05,2025-03-20T13:15:00+05:30,2244.7,rsi_oversold,rsi_overbought,1702.75,235.72,15.54,46.63,1404.86,8.0
NSE:TCS,LONG,20,2025-03-11T13:15:00+05:30,3557.1,2025-03-21T09:15:00+05:30,3570.9,rsi_oversold,rsi_overbought,276.0,221.53,14.26,42.77,-2.55,9.83
NSE:ITC,LONG,210,2025-03-19T12:15:00+05:30,403.6,2025-03-24T11:15:00+05:30,411.45,rsi_oversold,rsi_overbought,1648.5,253.2,17.12,51.35,1326.83,4.96
NSE:ADANIGREEN,SHORT,55,2025-03-13T09:15:00+05:30,888.55,2025-03-25T11:15:00+05:30,934.3,rsi_overbought,rsi_oversold,-2516.25,174.73,10.03,30.08,-2731.08,12.08
NSE:INFY,LONG,45,2025-03-24T09:15:00+05:30,1577.25,2025-03-26T09:15:00+05:30,1619.9,rsi_oversold,rsi_overbought,1919.25,222.86,14.39,43.16,1638.84,2.0
NSE:RELIANCE,SHORT,125,2025-03-20T11:15:00+05:30,1257.0,2025-03-26T11:15:00+05:30,1277.75,rsi_overbought,rsi_oversold,-2593.75,415.41,31.68,95.05,-3135.9,6.0
NSE:SBIN,SHORT,125,2025-03-19T10:15:00+05:30,745.7,2025-03-26T13:15:00+05:30,763.95,rsi_overbought,rsi_oversold,-2281.25,273.0,18.87,56.61,-2629.73,7.12
NSE:TATASTEEL,SHORT,550,2025-03-17T12:15:00+05:30,151.84,2025-03-26T13:15:00+05:30,156.61,rsi_overbought,rsi_oversold,-2623.5,251.84,16.96,50.89,-2943.2,9.04
NSE:HINDUNILVR,SHORT,35,2025-03-20T14:15:00+05:30,2242.4,2025-03-27T09:15:00+05:30,2241.75,rsi_overbought,rsi_oversold,22.75,237.53,15.69,47.08,-277.56,6.79
NSE:INFY,SHORT,45,2025-03-26T10:15:00+05:30,1619.95,2025-03-27T13:15:00+05:30,1600.0,rsi_overbought,rsi_oversold,897.75,224.08,14.49,43.47,615.71,1.12
NSE:SENSEX,SHORT,1.0019523653990474,2025-03-18T12:15:00+05:30,75002.29,2025-03-28T09:15:00+05:30,77358.66,rsi_overbought,rsi_oversold,-2360.97,67.08,3.05,15.27,-2446.37,9.88
NSE:TCS,SHORT,20,2025-03-21T10:15:00+05:30,3588.2,2025-03-28T09:15:00+05:30,3604.25,rsi_overbought,rsi_oversold,-321.0,223.0,14.38,43.15,-601.54,6.96
NSE:ADANIGREEN,LONG,50,2025-03-25T12:15:00+05:30,929.05,2025-03-28T11:15:00+05:30,963.1,rsi_oversold,rsi_overbought,1702.5,168.13,9.46,28.38,1496.52,2.96
NSE:HCLTECH,SHORT,50,2025-03-18T14:15:00+05:30,1558.75,2025-03-28T13:15:00+05:30,1590.15,rsi_overbought,rsi_oversold,-1570.0,238.2,15.74,47.23,-1871.18,9.96
NSE:BANKNIFTY,SHORT,2.02647867381204,2025-03-18T09:15:00+05:30,48994.95,2025-04-01T10:15:00+05:30,50910.75,rsi_overbought,rsi_oversold,-3882.33,73.49,4.05,20.25,-3980.12,14.04
NSE:NIFTY,SHORT,3.3306155384825185,2025-03-18T12:15:00+05:30,22761.2,2025-04-01T10:15:00+05:30,23228.95,rsi_overbought,rsi_oversold,-1557.9,67.22,3.06,15.32,-1643.49,13.92
NSE:HDFCBANK,SHORT,190,2025-03-13T09:15:00+05:30,429.57,2025-04-01T10:15:00+05:30,443.54,rsi_overbought,rsi_oversold,-2653.35,247.67,16.59,49.77,-2967.38,19.04
NSE:LT,SHORT,20,2025-03-18T15:15:00+05:30,3271.0,2025-04-01T10:15:00+05:30,3445.0,rsi_overbought,rsi_oversold,-3480.0,212.65,13.43,40.3,-3746.38,13.79
NSE:ICICIBANK,SHORT,70,2025-03-11T12:15:00+05:30,1243.2,2025-04-01T11:15:00+05:30,1326.5,rsi_overbought,rsi_oversold,-5831.0,263.45,17.99,53.96,-6166.41,20.96
NSE:BANKNIFTY,LONG,1.8741633439009897,2025-04-01T11:15:00+05:30,50859.5,2025-04-03T10:15:00+05:30,51492.85,rsi_oversold,rsi_overbought,1187.0,72.55,3.84,19.18,1091.43,1.96
NSE:HDFCBANK,LONG,175,2025-04-01T11:15:00+05:30,443.18,2025-04-03T10:15:00+05:30,449.54,rsi_oversold,rsi_overbought,1113.88,236.65,15.62,46.87,814.74,1.96
NSE:SBIN,LONG,120,2025-03-26T14:15:00+05:30,764.5,2025-04-03T10:15:00+05:30,778.7,rsi_oversold,rsi_overbought,1704.0,268.78,18.52,55.56,1361.14,7.83
NSE:ADANIGREEN,LONG,50,2025-04-01T14:15:00+05:30,918.8,2025-04-03T14:15:00+05:30,955.95,rsi_oversold,rsi_overbought,1857.5,167.15,9.37,28.12,1652.85,2.0
NSE:HINDUNILVR,LONG,35,2025-03-27T10:15:00+05:30,2237.0,2025-04-04T09:15:00+05:30,2254.35,rsi_oversold,rsi_overbought,607.25,237.77,15.72,47.16,306.6,7.96
NSE:BANKNIFTY,SHORT,1.872820455429924,2025-04-03T11:15:00+05:30,51477.0,2025-04-07T09:15:00+05:30,49668.4,rsi_overbought,rsi_oversold,3387.18,72.43,3.79,18.94,3292.02,3.92
NSE:SBIN,SHORT,120,2025-04-03T11:15:00+05:30,778.6,2025-04-07T09:15:00+05:30,738.4,rsi_overbought,rsi_oversold,4824.0,265.06,18.2,54.61,4486.13,3.92
NSE:ADANIGREEN,SHORT,50,2025-04-03T15:15:00+05:30,955.3,2025-04-07T09:15:00+05:30,859.35,rsi_overbought,rsi_oversold,4797.5,163.59,9.07,27.22,4597.61,3.75
NSE:ITC,SHORT,210,2025-03-24T12:15:00+05:30,410.9,2025-04-07T10:15:00+05:30,401.8,rsi_overbought,rsi_oversold,1911.0,252.64,17.07,51.2,1590.1,13.92
NSE:BHARTIARTL,SHORT,40,2025-03-20T11:15:00+05:30,1681.45,2025-04-07T10:15:00+05:30,1692.75,rsi_overbought,rsi_oversold,-452.0,213.14,13.5,40.49,-719.13,17.96
NSE:HDFCBANK,SHORT,175,2025-04-03T11:15:00+05:30,449.57,2025-04-08T09:15:00+05:30,440.5,rsi_overbought,rsi_oversold,1588.12,236.1,15.58,46.73,1289.72,4.92
NSE:TATACONSUM,SHORT,65,2025-03-19T11:15:00+05:30,951.5,2025-04-08T09:15:00+05:30,1050.0,rsi_overbought,rsi_oversold,-6402.5,208.18,13.01,39.03,-6662.72,19.92
NSE:RELIANCE,LONG,120,2025-03-26T12:15:00+05:30,1280.0,2025-04-09T09:15:00+05:30,1181.35,rsi_oversold,rsi_overbought,-11838.0,392.23,29.54,88.61,-12348.38,13.88
NSE:ITC,LONG,220,2025-04-07T11:15:00+05:30,401.35,2025-04-09T09:15:00+05:30,416.5,rsi_oversold,rsi_overbought,3333.0,262.82,17.99,53.98,2998.21,1.92
NSE:TATACONSUM,LONG,55,2025-04-08T10:15:00+05:30,1049.95,2025-04-09T10:15:00+05:30,1083.5,rsi_oversold,rsi_overbought,1845.25,193.38,11.73,35.2,1604.93,1.0
NSE:NIFTY,LONG,3.195628972149827,2025-04-01T11:15:00+05:30,23209.9,2025-04-09T11:15:00+05:30,22432.15,rsi_oversold,rsi_overbought,-2485.4,66.17,2.92,14.59,-2569.07,8.0
NSE:SENSEX,LONG,0.9530938734607609,2025-04-01T10:15:00+05:30,76288.05,2025-04-09T11:15:00+05:30,73901.0,rsi_oversold,rsi_overbought,-2275.08,65.83,2.86,14.31,-2358.09,8.04
NSE:ICICIBANK,LONG,60,2025-04-01T12:15:00+05:30,1321.65,2025-04-09T12:15:00+05:30,1296.75,rsi_oversold,rsi_overbought,-1494.0,237.82,15.71,47.13,-1794.66,8.0
NSE:BHARTIARTL,LONG,40,2025-04-07T12:15:00+05:30,1679.1,2025-04-09T13:15:00+05:30,1714.85,rsi_oversold,rsi_overbought,1430.0,213.88,13.58,40.73,1161.82,2.04
NSE:HDFCBANK,LONG,185,2025-04-08T10:15:00+05:30,440.4,2025-04-11T09:15:00+05:30,450.48,rsi_oversold,rsi_overbought,1863.88,246.13,16.48,49.44,1551.82,2.96
NSE:BANKNIFTY,LONG,2.0069506201985154,2025-04-07T10:15:00+05:30,49672.05,2025-04-15T09:15:00+05:30,52255.2,rsi_oversold,rsi_overbought,5184.25,74.59,4.09,20.46,5085.12,7.96
NSE:TATASTEEL,LONG,515,2025-03-26T14:15:00+05:30,155.93,2025-04-15T09:15:00+05:30,136.07,rsi_oversold,rsi_overbought,-10227.9,231.0,15.04,45.11,-10519.06,19.79
NSE:ADANIGREEN,LONG,60,2025-04-07T10:15:00+05:30,875.8,2025-04-15T09:15:00+05:30,919.75,rsi_oversold,rsi_overbought,2637.0,182.65,10.77,32.32,2411.26,7.96
NSE:LT,LONG,15,2025-04-01T11:15:00+05:30,3441.5,2025-04-15T09:15:00+05:30,3260.0,rsi_oversold,rsi_overbought,-2722.5,175.04,10.05,30.16,-2937.75,13.92
NSE:SBIN,LONG,130,2025-04-07T10:15:00+05:30,746.5,2025-04-15T13:15:00+05:30,765.15,rsi_oversold,rsi_overbought,2424.5,281.32,19.65,58.95,2064.57,8.12
NSE:TCS,LONG,20,2025-04-01T09:15:00+05:30,3552.75,2025-04-16T13:15:00+05:30,3274.1,rsi_oversold,rsi_overbought,-5573.0,215.27,13.65,40.96,-5842.89,15.17
NSE:HCLTECH,LONG,50,2025-04-01T09:15:00+05:30,1569.7,2025-04-16T13:15:00+05:30,1426.8,rsi_oversold,rsi_overbought,-7145.0,230.16,14.98,44.95,-7435.09,15.17
NSE:LT,SHORT,15,2025-04-15T10:15:00+05:30,3250.5,2025-04-17T09:15:00+05:30,3168.0,rsi_overbought,rsi_oversold,1237.5,170.02,9.63,28.88,1028.97,1.96
NSE:INFY,LONG,45,2025-03-28T09:15:00+05:30,1575.15,2025-04-21T12:15:00+05:30,1468.4,rsi_oversold,rsi_overbought,-4803.75,215.68,13.7,41.09,-5074.22,24.12
NSE:LT,LONG,15,2025-04-17T10:15:00+05:30,3170.0,2025-04-22T09:15:00+05:30,3273.9,rsi_oversold,rsi_overbought,1558.5,170.42,9.67,29.0,1349.41,4.96
NSE:BHARTIARTL,SHORT,35,2025-04-11T09:15:00+05:30,1760.2,2025-04-22T12:15:00+05:30,1848.9,rsi_overbought,rsi_oversold,-3104.5,203.73,12.63,37.9,-3358.76,11.12
NSE:ADANIGREEN,SHORT,60,2025-04-15T10:15:00+05:30,937.55,2025-04-23T09:15:00+05:30,930.65,rsi_overbought,rsi_oversold,414.0,187.66,11.21,33.63,181.5,7.96
NSE:HDFCBANK,SHORT,185,2025-04-11T10:15:00+05:30,450.55,2025-04-24T09:15:00+05:30,479.35,rsi_overbought,rsi_oversold,-5328.0,254.7,17.2,51.61,-5651.51,12.96
NSE:BANKNIFTY,SHORT,2.0046531188753396,2025-04-15T10:15:00+05:30,52258.05,2025-04-24T10:15:00+05:30,55378.85,rsi_overbought,rsi_oversold,-6256.12,75.03,4.32,21.58,-6357.05,9.0
NSE:SBIN,SHORT,130,2025-04-15T14:15:00+05:30,763.65,2025-04-24T11:15:00+05:30,815.15,rsi_overbought,rsi_oversold,-6695.0,291.7,20.52,61.57,-7068.8,8.88
NSE:ICICIBANK,SHORT,60,2025-04-09T13:15:00+05:30,1303.95,2025-04-25T09:15:00+05:30,1400.8,rsi_overbought,rsi_oversold,-5811.0,243.9,16.23,48.69,-6119.82,15.83
NSE:HINDUNILVR,SHORT,35,2025-04-04T10:15:00+05:30,2255.75,2025-04-25T09:15:00+05:30,2307.8,rsi_overbought,rsi_oversold,-1821.75,240.76,15.97,47.92,-2126.4,20.96
NSE:NIFTY,SHORT,3.192248609932631,2025-04-09T12:15:00+05:30,22432.1,2025-04-25T10:15:00+05:30,23940.35,rsi_overbought,rsi_oversold,-4814.71,66.25,2.96,14.8,-4898.72,15.92
NSE:SENSEX,SHORT,0.9517534934879611,2025-04-09T12:15:00+05:30,73925.27,2025-04-25T10:15:00+05:30,78886.36,rsi_overbought,rsi_oversold,-4721.73,65.91,2.91,14.54,-4805.1,15.92
NSE:ITC,SHORT,215,2025-04-09T10:15:00+05:30,418.0,2025-04-25T13:15:00+05:30,424.95,rsi_overbought,rsi_oversold,-1494.25,264.63,18.12,54.37,-1831.38,16.12
NSE:HCLTECH,SHORT,50,2025-04-16T14:15:00+05:30,1430.5,2025-04-28T09:15:00+05:30,1546.6,rsi_overbought,rsi_oversold,-5805.0,228.98,14.89,44.66,-6093.52,11.79
NSE:ICICIBANK,LONG,55,2025-04-25T10:15:00+05:30,1397.6,2025-04-28T12:15:00+05:30,1431.3,rsi_oversold,rsi_overbought,1853.5,235.89,15.56,46.68,1555.38,3.08
NSE:SENSEX,LONG,0.8313321277817669,2025-04-25T11:15:00+05:30,78870.89,2025-04-29T09:15:00+05:30,80309.83,rsi_oversold,rsi_overbought,1196.24,64.72,2.65,13.23,1115.64,3.92
NSE:BANKNIFTY,LONG,1.7782448860383233,2025-04-24T11:15:00+05:30,55347.4,2025-04-29T10:15:00+05:30,55454.95,rsi_oversold,rsi_overbought,191.25,73.15,3.94,19.7,94.46,4.96
NSE:NIFTY,LONG,2.787382172070785,2025-04-25T11:15:00+05:30,23938.15,2025-04-29T10:15:00+05:30,24356.05,rsi_oversold,rsi_overbought,1164.85,65.02,2.69,13.46,1083.67,3.96
NSE:SBIN,LONG,115,2025-04-25T10:15:00+05:30,794.15,2025-04-29T10:15:00+05:30,821.25,rsi_oversold,rsi_overbought,3116.5,269.33,18.58,55.73,2772.86,4.0
NSE:SBIN,SHORT,115,2025-04-29T11:15:00+05:30,818.6,2025-04-30T12:15:00+05:30,791.25,rsi_overbought,rsi_oversold,3145.25,268.62,18.51,55.54,2802.58,1.04
NSE:HINDUNILVR,LONG,35,2025-04-25T10:15:00+05:30,2312.0,2025-04-30T14:15:00+05:30,2342.9,rsi_oversold,rsi_overbought,1081.5,244.09,16.29,48.88,772.24,5.17
NSE:BHARTIARTL,LONG,35,2025-04-22T13:15:00+05:30,1849.1,2025-04-30T14:15:00+05:30,1862.9,rsi_oversold,rsi_overbought,483.0,207.46,12.99,38.98,223.57,8.04
NSE:BANKNIFTY,SHORT,1.7797905052950242,2025-04-29T11:15:00+05:30,55352.25,2025-04-30T15:15:00+05:30,54961.45,rsi_overbought,rsi_oversold,695.54,73.1,3.93,19.63,598.88,1.17
NSE:TATASTEEL,SHORT,515,2025-04-15T10:15:00+05:30,135.7,2025-04-30T15:15:00+05:30,139.56,rsi_overbought,rsi_oversold,-1987.9,220.81,14.18,42.53,-2265.41,15.21
NSE:ADANIGREEN,LONG,60,2025-04-23T10:15:00+05:30,935.3,2025-05-05T11:15:00+05:30,991.0,rsi_oversold,rsi_overbought,3342.0,191.31,11.56,34.67,3104.46,12.04
NSE:ICICIBANK,SHORT,55,2025-04-28T15:15:00+05:30,1428.0,2025-05-06T09:15:00+05:30,1424.9,rsi_overbought,rsi_oversold,170.5,237.48,15.69,47.07,-129.74,7.75
NSE:LT,SHORT,15,2025-04-22T10:15:00+05:30,3267.5,2025-05-06T09:15:00+05:30,3306.5,rsi_overbought,rsi_oversold,-585.0,172.75,9.86,29.58,-797.2,13.96
NSE:NIFTY,SHORT,2.788432809042512,2025-04-29T11:15:00+05:30,24316.6,2025-05-07T09:15:00+05:30,24304.1,rsi_overbought,rsi_oversold,34.86,65.04,2.71,13.56,-46.46,7.92
NSE:SENSEX,SHORT,0.8298781527746752,2025-04-29T10:15:00+05:30,80349.39,2025-05-07T09:15:00+05:30,80410.34,rsi_overbought,rsi_oversold,-50.58,64.75,2.67,13.34,-131.34,7.96
NSE:RELIANCE,SHORT,115,2025-04-09T10:15:00+05:30,1187.5,2025-05-07T09:15:00+05:30,1411.6,rsi_overbought,rsi_oversold,-25771.5,397.2,29.89,89.67,-26288.26,27.96
NSE:TCS,SHORT,20,2025-04-16T14:15:00+05:30,3271.2,2025-05-07T09:15:00+05:30,3429.4,rsi_overbought,rsi_oversold,-3164.0,212.28,13.4,40.2,-3429.89,20.79
NSE:TATACONSUM,SHORT,50,2025-04-09T11:15:00+05:30,1088.9,2025-05-07T09:15:00+05:30,1144.0,rsi_overbought,rsi_oversold,-2755.0,187.4,11.16,33.49,-2987.06,27.92
NSE:ADANIGREEN,SHORT,60,2025-05-05T15:15:00+05:30,970.0,2025-05-07T11:15:00+05:30,920.0,rsi_overbought,rsi_oversold,3000.0,188.92,11.34,34.02,2765.72,1.83
NSE:ITC,SHORT,205,2025-05-05T14:15:00+05:30,436.5,2025-05-07T12:15:00+05:30,430.8,rsi_overbought,rsi_oversold,1168.5,260.61,17.78,53.34,836.77,1.92
NSE:BHARTIARTL,SHORT,30,2025-05-06T10:15:00+05:30,1900.8,2025-05-08T15:15:00+05:30,1864.5,rsi_overbought,rsi_oversold,1089.0,188.57,11.3,33.89,855.25,2.21
NSE:HINDUNILVR,SHORT,35,2025-05-06T11:15:00+05:30,2375.0,2025-05-09T09:15:00+05:30,2317.4,rsi_overbought,rsi_oversold,2016.0,245.48,16.42,49.27,1704.83,2.92
NSE:TATASTEEL,SHORT,470,2025-05-06T11:15:00+05:30,144.54,2025-05-09T12:15:00+05:30,143.0,rsi_overbought,rsi_oversold,723.8,213.25,13.51,40.54,456.49,3.04
NSE:ICICIBANK,SHORT,50,2025-05-08T09:15:00+05:30,1441.6,2025-05-09T13:15:00+05:30,1390.0,rsi_overbought,rsi_oversold,2580.0,220.26,14.16,42.47,2303.1,1.17
NSE:TATASTEEL,LONG,480,2025-05-09T13:15:00+05:30,142.7,2025-05-12T12:15:00+05:30,150.4,rsi_oversold,rsi_overbought,3696.0,219.19,14.07,42.21,3420.54,2.96
NSE:HCLTECH,LONG,40,2025-04-28T10:15:00+05:30,1548.0,2025-05-12T12:15:00+05:30,1665.9,rsi_oversold,rsi_overbought,4716.0,205.63,12.86,38.57,4458.95,14.08
NSE:NIFTY,LONG,2.805274735038157,2025-05-08T15:15:00+05:30,24154.1,2025-05-12T13:15:00+05:30,24866.2,rsi_oversold,rsi_overbought,1997.64,65.48,2.75,13.75,1915.66,3.92
NSE:SENSEX,LONG,0.8354311943063127,2025-05-09T09:15:00+05:30,79658.57,2025-05-12T13:15:00+05:30,82216.68,rsi_oversold,rsi_overbought,2137.12,65.19,2.7,13.52,2055.71,3.17
NSE:SBIN,LONG,120,2025-04-30T13:15:00+05:30,790.0,2025-05-12T13:15:00+05:30,801.0,rsi_oversold,rsi_overbought,1320.0,275.19,19.09,57.28,968.45,12.0
NSE:ADANIGREEN,LONG,65,2025-05-07T12:15:00+05:30,916.15,2025-05-12T14:15:00+05:30,941.15,rsi_oversold,rsi_overbought,1625.0,197.16,12.07,36.22,1379.55,5.08
NSE:BANKNIFTY,LONG,1.8152140157792327,2025-05-06T09:15:00+05:30,54601.0,2025-05-12T15:15:00+05:30,55411.3,rsi_oversold,rsi_overbought,1470.87,73.61,3.99,19.97,1373.29,6.25
NSE:RELIANCE,LONG,80,2025-05-07T14:15:00+05:30,1405.7,2025-05-12T15:15:00+05:30,1436.9,rsi_oversold,rsi_overbought,2496.0,315.64,22.74,68.22,2089.39,5.04
NSE:HINDUNILVR,LONG,35,2025-05-09T10:15:00+05:30,2325.1,2025-05-13T09:15:00+05:30,2369.1,rsi_oversold,rsi_overbought,1540.0,245.59,16.43,49.29,1228.7,3.96
NSE:TATACONSUM,LONG,50,2025-05-08T09:15:00+05:30,1125.3,2025-05-13T09:15:00+05:30,1136.3,rsi_oversold,rsi_overbought,550.0,188.75,11.31,33.92,316.02,5.0
NSE:HDFCBANK,LONG,160,2025-04-24T10:15:00+05:30,479.57,2025-05-13T11:15:00+05:30,483.77,rsi_oversold,rsi_overbought,672.0,234.36,15.41,46.24,375.99,19.04
NSE:ICICIBANK,LONG,55,2025-05-09T14:15:00+05:30,1389.6,2025-05-13T11:15:00+05:30,1432.6,rsi_oversold,rsi_overbought,2365.0,235.44,15.52,46.57,2067.47,3.88
NSE:HINDUNILVR,SHORT,35,2025-05-13T10:15:00+05:30,2376.4,2025-05-14T09:15:00+05:30,2347.9,rsi_overbought,rsi_oversold,997.5,246.8,16.54,49.61,684.56,0.96
NSE:HCLTECH,SHORT,40,2025-05-12T13:15:00+05:30,1670.4,2025-05-14T12:15:00+05:30,1629.4,rsi_overbought,rsi_oversold,1640.0,209.68,13.2,39.6,1377.52,1.96
NSE:BANKNIFTY,SHORT,1.8209125281664096,2025-05-13T09:15:00+05:30,55182.05,2025-05-14T13:15:00+05:30,54654.95,rsi_overbought,rsi_oversold,959.8,73.61,4.0,20.0,862.2,1.17
NSE:SENSEX,SHORT,0.8330268770072066,2025-05-12T14:15:00+05:30,82348.86,2025-05-14T13:15:00+05:30,81155.05,rsi_overbought,rsi_oversold,994.48,65.21,2.72,13.62,912.92,1.96
NSE:TCS,SHORT,15,2025-05-12T10:15:00+05:30,3527.7,2025-05-14T14:15:00+05:30,3547.0,rsi_overbought,rsi_oversold,-289.5,181.08,10.61,31.84,-513.02,2.17
NSE:ICICIBANK,SHORT,55,2025-05-13T12:15:00+05:30,1430.7,2025-05-14T15:15:00+05:30,1427.4,rsi_overbought,rsi_oversold,181.5,237.8,15.72,47.16,-119.17,1.12
NSE:HCLTECH,LONG,45,2025-05-14T13:15:00+05:30,1629.3,2025-05-15T12:15:00+05:30,1677.3,rsi_oversold,rsi_overbought,2160.0,228.32,14.88,44.64,1872.17,0.96
NSE:TCS,LONG,15,2025-05-14T15:15:00+05:30,3547.0,2025-05-15T13:15:00+05:30,3593.6,rsi_oversold,rsi_overbought,699.0,182.1,10.71,32.13,474.06,0.92
NSE:TATACONSUM,LONG,50,2025-05-14T09:15:00+05:30,1125.4,2025-05-15T13:15:00+05:30,1157.0,rsi_oversold,rsi_overbought,1580.0,189.82,11.41,34.24,1344.53,1.17
NSE:ITC,LONG,210,2025-05-07T15:15:00+05:30,430.15,2025-05-16T12:15:00+05:30,435.95,rsi_oversold,rsi_overbought,1218.0,265.15,18.19,54.56,880.1,8.88
NSE:HINDUNILVR,LONG,35,2025-05-14T10:15:00+05:30,2350.0,2025-05-16T12:15:00+05:30,2379.5,rsi_oversold,rsi_overbought,1032.5,247.0,16.55,49.66,719.29,2.08
NSE:BANKNIFTY,LONG,1.8573349809902613,2025-05-15T09:15:00+05:30,54562.75,2025-05-16T13:15:00+05:30,55347.3,rsi_oversold,rsi_overbought,1457.17,74.19,4.08,20.41,1358.48,1.17
NSE:HDFCBANK,LONG,160,2025-05-14T09:15:00+05:30,481.2,2025-05-19T09:15:00+05:30,484.2,rsi_oversold,rsi_overbought,480.0,234.74,15.45,46.34,183.48,5.0
NSE:INFY,SHORT,45,2025-04-24T09:15:00+05:30,1469.5,2025-05-19T12:15:00+05:30,1565.5,rsi_overbought,rsi_oversold,-4320.0,215.22,13.66,40.97,-4589.85,25.12
NSE:NIFTY,SHORT,2.7971074916049283,2025-05-12T14:15:00+05:30,24907.45,2025-05-19T13:15:00+05:30,24940.35,rsi_overbought,rsi_oversold,-92.02,65.54,2.79,13.94,-174.3,6.96
NSE:SENSEX,SHORT,0.8406009884532512,2025-05-15T13:15:00+05:30,82689.65,2025-05-19T13:15:00+05:30,82018.63,rsi_overbought,rsi_oversold,564.06,65.47,2.77,13.85,481.98,4.0
NSE:RELIANCE,SHORT,80,2025-05-13T09:15:00+05:30,1431.5,2025-05-19T13:15:00+05:30,1441.5,rsi_overbought,rsi_oversold,-800.0,318.59,22.98,68.95,-1210.53,6.17
NSE:HCLTECH,SHORT,45,2025-05-15T13:15:00+05:30,1698.3,2025-05-19T13:15:00+05:30,1644.6,rsi_overbought,rsi_oversold,2416.5,230.11,15.04,45.13,2126.22,4.0
NSE:LT,SHORT,15,2025-05-09T09:15:00+05:30,3444.0,2025-05-19T13:15:00+05:30,3595.7,rsi_overbought,rsi_oversold,-2275.5,180.64,10.56,31.68,-2498.38,10.17
NSE:SBIN,SHORT,120,2025-05-12T14:15:00+05:30,801.55,2025-05-19T14:15:00+05:30,794.95,rsi_overbought,rsi_oversold,792.0,275.96,19.16,57.47,439.41,7.0
NSE:ICICIBANK,SHORT,55,2025-05-16T11:15:00+05:30,1451.9,2025-05-20T12:15:00+05:30,1438.3,rsi_overbought,rsi_oversold,748.0,239.72,15.9,47.69,444.7,4.04
NSE:TATACONSUM,SHORT,50,2025-05-16T12:15:00+05:30,1163.5,2025-05-20T12:15:00+05:30,1138.6,rsi_overbought,rsi_oversold,1245.0,190.94,11.51,34.53,1008.01,4.0
NSE:ADANIGREEN,SHORT,65,2025-05-12T15:15:00+05:30,939.6,2025-05-20T13:15:00+05:30,990.9,rsi_overbought,rsi_oversold,-3334.5,202.82,12.55,37.64,-3587.51,7.92
NSE:BANKNIFTY,SHORT,1.8510087093254155,2025-05-19T09:15:00+05:30,55480.95,2025-05-20T14:15:00+05:30,54910.25,rsi_overbought,rsi_oversold,1056.37,74.18,4.09,20.43,957.67,1.21
NSE:HINDUNILVR,SHORT,35,2025-05-16T13:15:00+05:30,2378.2,2025-05-20T14:15:00+05:30,2340.1,rsi_overbought,rsi_oversold,1333.5,246.54,16.51,49.54,1020.91,4.04
NSE:ITC,SHORT,210,2025-05-19T09:15:00+05:30,436.75,2025-05-22T09:15:00+05:30,425.9,rsi_overbought,rsi_oversold,2278.5,264.26,18.12,54.35,1941.77,3.0
NSE:BHARTIARTL,LONG,35,2025-05-09T09:15:00+05:30,1856.9,2025-05-22T13:15:00+05:30,1831.3,rsi_oversold,rsi_overbought,-896.0,206.64,12.91,38.73,-1154.28,13.17
NSE:SBIN,LONG,125,2025-05-19T15:15:00+05:30,794.45,2025-05-23T11:15:00+05:30,791.7,rsi_oversold,rsi_overbought,-343.75,283.48,19.83,59.48,-706.53,3.83
NSE:BANKNIFTY,LONG,1.886875827545966,2025-05-20T15:15:00+05:30,54932.35,2025-05-26T09:15:00+05:30,55739.55,rsi_oversold,rsi_overbought,1523.09,74.82,4.18,20.88,1423.21,5.75
NSE:NIFTY,LONG,2.785858059326746,2025-05-19T14:15:00+05:30,24945.65,2025-05-26T09:15:00+05:30,25044.15,rsi_oversold,rsi_overbought,274.41,65.55,2.79,13.93,192.14,6.79
NSE:SENSEX,LONG,0.8527957429480113,2025-05-19T14:15:00+05:30,82070.69,2025-05-26T09:15:00+05:30,82374.56,rsi_oversold,rsi_overbought,259.14,65.68,2.8,14.02,176.63,6.79
NSE:RELIANCE,LONG,80,2025-05-19T14:15:00+05:30,1440.4,2025-05-26T09:15:00+05:30,1438.5,rsi_oversold,rsi_overbought,-152.0,319.07,23.03,69.09,-563.19,6.79
NSE:ICICIBANK,LONG,55,2025-05-20T13:15:00+05:30,1438.9,2025-05-26T09:15:00+05:30,1466.2,rsi_oversold,rsi_overbought,1501.5,240.57,15.98,47.93,1197.02,5.83
NSE:ITC,LONG,220,2025-05-22T10:15:00+05:30,425.5,2025-05-26T09:15:00+05:30,439.3,rsi_oversold,rsi_overbought,3036.0,274.32,19.03,57.08,2685.58,3.96
NSE:HCLTECH,LONG,45,2025-05-19T14:15:00+05:30,1649.3,2025-05-26T09:15:00+05:30,1674.0,rsi_oversold,rsi_overbought,1111.5,229.23,14.95,44.86,822.45,6.79
NSE:ADANIGREEN,LONG,60,2025-05-20T14:15:00+05:30,985.9,2025-05-26T10:15:00+05:30,1017.9,rsi_oversold,rsi_overbought,1920.0,196.59,12.02,36.07,1675.32,5.83
NSE:TCS,LONG,15,2025-05-19T13:15:00+05:30,3516.7,2025-05-26T13:15:00+05:30,3540.2,rsi_oversold,rsi_overbought,352.5,180.73,10.59,31.76,129.43,7.0
NSE:ITC,SHORT,220,2025-05-26T10:15:00+05:30,437.9,2025-05-28T09:15:00+05:30,421.65,rsi_overbought,rsi_oversold,3575.0,273.0,18.91,56.73,3226.36,1.96
NSE:INFY,LONG,40,2025-05-19T13:15:00+05:30,1566.1,2025-05-29T09:15:00+05:30,1592.4,rsi_oversold,rsi_overbought,1052.0,203.44,12.63,37.9,798.02,9.83
NSE:NIFTY,SHORT,2.790506035656753,2025-05-26T10:15:00+05:30,24972.75,2025-05-29T11:15:00+05:30,24732.05,rsi_overbought,rsi_oversold,671.67,65.51,2.77,13.87,589.52,3.04
NSE:HDFCBANK,SHORT,160,2025-05-19T10:15:00+05:30,485.35,2025-05-29T11:15:00+05:30,477.35,rsi_overbought,rsi_oversold,1280.0,234.2,15.4,46.21,984.19,10.04
NSE:RELIANCE,SHORT,80,2025-05-26T10:15:00+05:30,1437.4,2025-05-29T11:15:00+05:30,1412.3,rsi_overbought,rsi_oversold,2008.0,316.31,22.8,68.39,1600.5,3.04
NSE:TATASTEEL,SHORT,475,2025-05-12T13:15:00+05:30,151.25,2025-06-02T09:15:00+05:30,158.4,rsi_overbought,rsi_oversold,-3396.25,226.83,14.71,44.13,-3681.91,20.83
NSE:ADANIGREEN,SHORT,60,2025-05-26T12:15:00+05:30,1015.9,2025-06-03T13:15:00+05:30,991.7,rsi_overbought,rsi_oversold,1452.0,196.87,12.05,36.14,1206.94,8.04
NSE:SBIN,SHORT,120,2025-05-26T09:15:00+05:30,794.5,2025-06-04T10:15:00+05:30,808.0,rsi_overbought,rsi_oversold,-1620.0,276.94,19.23,57.69,-1973.86,9.04
NSE:LT,SHORT,15,2025-05-26T09:15:00+05:30,3646.7,2025-06-04T12:15:00+05:30,3620.0,rsi_overbought,rsi_oversold,400.5,184.22,10.9,32.7,172.68,9.12
NSE:ICICIBANK,SHORT,55,2025-05-26T11:15:00+05:30,1459.7,2025-06-04T14:15:00+05:30,1431.0,rsi_overbought,rsi_oversold,1578.5,239.68,15.9,47.7,1275.22,9.12
NSE:INFY,LONG,40,2025-06-02T09:15:00+05:30,1545.0,2025-06-05T11:15:00+05:30,1564.1,rsi_oversold,rsi_overbought,764.0,201.27,12.44,37.31,512.99,3.08
NSE:ICICIBANK,LONG,60,2025-06-04T15:15:00+05:30,1431.1,2025-06-06T10:15:00+05:30,1456.7,rsi_oversold,rsi_overbought,1536.0,255.55,17.33,51.98,1211.14,1.79
NSE:ITC,LONG,235,2025-05-28T10:15:00+05:30,421.25,2025-06-09T10:15:00+05:30,422.05,rsi_oversold,rsi_overbought,188.0,283.33,19.82,59.45,-174.6,12.0
NSE:ADANIGREEN,LONG,60,2025-06-03T14:15:00+05:30,993.8,2025-06-09T10:15:00+05:30,1034.1,rsi_oversold,rsi_overbought,2418.0,198.16,12.17,36.5,2171.17,5.83
NSE:TCS,LONG,20,2025-05-30T15:15:00+05:30,3460.0,2025-06-09T12:15:00+05:30,3428.5,rsi_oversold,rsi_overbought,-630.0,216.27,13.78,41.33,-901.38,9.88
NSE:SBIN,LONG,120,2025-06-04T11:15:00+05:30,807.35,2025-06-09T12:15:00+05:30,822.7,rsi_oversold,rsi_overbought,1842.0,280.35,19.56,58.68,1483.4,5.04
NSE:LT,LONG,15,2025-06-04T13:15:00+05:30,3631.7,2025-06-09T15:15:00+05:30,3679.0,rsi_oversold,rsi_overbought,709.5,184.93,10.97,32.9,480.7,5.08
NSE:TATASTEEL,LONG,425,2025-06-02T12:15:00+05:30,159.23,2025-06-10T09:15:00+05:30,157.57,rsi_oversold,rsi_overbought,-705.5,212.8,13.46,40.39,-972.15,7.88
NSE:HCLTECH,LONG,45,2025-05-30T15:15:00+05:30,1631.5,2025-06-10T09:15:00+05:30,1668.9,rsi_oversold,rsi_overbought,1683.0,228.04,14.85,44.56,1395.55,10.75
NSE:HDFCBANK,SHORT,160,2025-06-05T14:15:00+05:30,487.25,2025-06-10T10:15:00+05:30,491.98,rsi_overbought,rsi_oversold,-756.0,237.29,15.67,47.0,-1055.96,4.83
NSE:ICICIBANK,SHORT,55,2025-06-06T11:15:00+05:30,1461.0,2025-06-10T10:15:00+05:30,1420.7,rsi_overbought,rsi_oversold,2216.5,239.09,15.85,47.55,1914.02,3.96
NSE:BANKNIFTY,SHORT,1.893822770626731,2025-05-26T10:15:00+05:30,55480.1,2025-06-11T09:15:00+05:30,56621.35,rsi_overbought,rsi_oversold,-2161.33,74.94,4.25,21.23,-2261.74,15.96
NSE:SBIN,SHORT,120,2025-06-09T13:15:00+05:30,821.05,2025-06-11T13:15:00+05:30,814.1,rsi_overbought,rsi_oversold,834.0,281.11,19.62,58.87,474.4,2.0
NSE:HINDUNILVR,SHORT,35,2025-05-26T09:15:00+05:30,2381.0,2025-06-12T09:15:00+05:30,2350.0,rsi_overbought,rsi_oversold,1085.0,247.05,16.56,49.68,771.72,17.0
NSE:ADANIGREEN,SHORT,60,2025-06-09T11:15:00+05:30,1033.0,2025-06-12T11:15:00+05:30,1029.5,rsi_overbought,rsi_oversold,210.0,200.63,12.38,37.12,-40.13,3.0
NSE:LT,SHORT,15,2025-06-10T09:15:00+05:30,3675.9,2025-06-12T12:15:00+05:30,3637.0,rsi_overbought,rsi_oversold,583.5,184.98,10.97,32.91,354.64,2.12
NSE:NIFTY,SHORT,2.825719171187251,2025-06-05T11:15:00+05:30,24869.55,2025-06-12T13:15:00+05:30,24847.4,rsi_overbought,rsi_oversold,62.59,65.69,2.81,14.05,-19.96,7.08
NSE:SENSEX,SHORT,0.8542268640762858,2025-05-26T10:15:00+05:30,82139.35,2025-06-12T13:15:00+05:30,81573.98,rsi_overbought,rsi_oversold,482.95,65.65,2.8,13.98,400.53,17.12
NSE:ITC,SHORT,230,2025-06-09T12:15:00+05:30,423.05,2025-06-12T13:15:00+05:30,420.8,rsi_overbought,rsi_oversold,517.5,278.76,19.41,58.23,161.1,3.04
NSE:BHARTIARTL,SHORT,35,2025-05-22T14:15:00+05:30,1831.3,2025-06-12T13:15:00+05:30,1835.2,rsi_overbought,rsi_oversold,-136.5,205.74,12.83,38.5,-393.57,20.96
NSE:RELIANCE,SHORT,80,2025-06-05T10:15:00+05:30,1443.1,2025-06-13T09:15:00+05:30,1417.3,rsi_overbought,rsi_oversold,2064.0,317.26,22.88,68.65,1655.21,7.96
NSE:BANKNIFTY,LONG,1.8221201745729332,2025-06-11T13:15:00+05:30,56425.75,2025-06-17T09:15:00+05:30,55850.4,rsi_oversold,rsi_overbought,-1048.36,74.03,4.09,20.46,-1146.93,5.83
NSE:NIFTY,LONG,2.8264589031192457,2025-06-12T15:15:00+05:30,24856.0,2025-06-17T09:15:00+05:30,24851.7,rsi_oversold,rsi_overbought,-12.15,65.69,2.81,14.05,-94.7,4.75
NSE:SENSEX,LONG,0.872694693760169,2025-06-13T09:15:00+05:30,80858.71,2025-06-17T09:15:00+05:30,81507.77,rsi_oversold,rsi_overbought,566.43,65.9,2.83,14.17,483.53,4.0
NSE:ICICIBANK,LONG,60,2025-06-10T11:15:00+05:30,1420.0,2025-06-17T11:15:00+05:30,1422.9,rsi_oversold,rsi_overbought,174.0,252.66,17.06,51.17,-146.89,7.0
NSE:NIFTY,SHORT,2.820073513374615,2025-06-17T10:15:00+05:30,24878.8,2025-06-18T13:15:00+05:30,24776.9,rsi_overbought,rsi_oversold,287.37,65.65,2.8,14.0,204.91,1.12
NSE:SENSEX,SHORT,0.8710020199127291,2025-06-17T10:15:00+05:30,81569.33,2025-06-18T13:15:00+05:30,81317.32,rsi_overbought,rsi_oversold,219.5,65.89,2.84,14.19,136.59,1.12
NSE:TCS,SHORT,20,2025-06-09T13:15:00+05:30,3422.8,2025-06-18T13:15:00+05:30,3453.4,rsi_overbought,rsi_oversold,-612.0,216.0,13.75,41.26,-883.01,9.0
NSE:HDFCBANK,LONG,155,2025-06-10T11:15:00+05:30,491.15,2025-06-19T09:15:00+05:30,485.75,rsi_oversold,rsi_overbought,-837.0,231.45,15.14,45.43,-1129.02,8.92
NSE:HCLTECH,SHORT,45,2025-06-10T10:15:00+05:30,1673.2,2025-06-19T09:15:00+05:30,1704.2,rsi_overbought,rsi_oversold,-1395.0,232.12,15.2,45.59,-1687.92,8.96
NSE:INFY,SHORT,40,2025-06-09T13:15:00+05:30,1574.4,2025-06-19T11:15:00+05:30,1617.1,rsi_overbought,rsi_oversold,-1708.0,205.12,12.77,38.3,-1964.18,9.92
NSE:RELIANCE,LONG,80,2025-06-13T10:15:00+05:30,1422.2,2025-06-20T10:15:00+05:30,1454.7,rsi_oversold,rsi_overbought,2600.0,318.69,23.02,69.05,2189.25,7.0
NSE:LT,LONG,15,2025-06-12T13:15:00+05:30,3591.1,2025-06-20T10:15:00+05:30,3650.1,rsi_oversold,rsi_overbought,885.0,183.76,10.86,32.59,657.79,7.88
NSE:TATACONSUM,LONG,50,2025-05-20T13:15:00+05:30,1133.6,2025-06-20T11:15:00+05:30,1093.2,rsi_oversold,rsi_overbought,-2020.0,187.01,11.13,33.4,-2251.54,30.92
NSE:ICICIBANK,LONG,60,2025-06-18T13:15:00+05:30,1412.5,2025-06-20T12:15:00+05:30,1431.6,rsi_oversold,rsi_overbought,1146.0,252.67,17.06,51.19,825.07,1.96
NSE:ADANIGREEN,LONG,60,2025-06-12T12:15:00+05:30,1036.9,2025-06-23T14:15:00+05:30,960.7,rsi_oversold,rsi_overbought,-4572.0,196.66,11.99,35.96,-4816.6,11.08
NSE:TATASTEEL,LONG,430,2025-06-10T14:15:00+05:30,155.68,2025-06-24T11:15:00+05:30,156.77,rsi_oversold,rsi_overbought,468.7,212.39,13.44,40.31,202.57,13.88
NSE:TCS,LONG,15,2025-06-18T14:15:00+05:30,3450.3,2025-06-26T13:15:00+05:30,3442.3,rsi_oversold,rsi_overbought,-120.0,178.03,10.34,31.02,-339.38,7.96
NSE:INFY,LONG,35,2025-06-19T13:15:00+05:30,1623.9,2025-06-26T13:15:00+05:30,1620.3,rsi_oversold,rsi_overbought,-126.0,189.32,11.35,34.06,-360.73,7.0
NSE:HCLTECH,LONG,45,2025-06-19T10:15:00+05:30,1702.0,2025-06-26T13:15:00+05:30,1722.8,rsi_oversold,rsi_overbought,936.0,234.32,15.41,46.23,640.04,7.12
NSE:ITC,LONG,235,2025-06-12T15:15:00+05:30,420.95,2025-06-26T14:15:00+05:30,420.0,rsi_oversold,rsi_overbought,-223.25,282.75,19.76,59.29,-585.05,13.96
NSE:HINDUNILVR,LONG,35,2025-06-12T10:15:00+05:30,2354.0,2025-06-27T11:15:00+05:30,2294.9,rsi_oversold,rsi_overbought,-2068.5,244.09,16.27,48.81,-2377.68,15.04
NSE:SBIN,LONG,120,2025-06-12T09:15:00+05:30,811.8,2025-06-30T09:15:00+05:30,816.65,rsi_oversold,rsi_overbought,582.0,280.24,19.54,58.62,223.6,18.0
NSE:TATACONSUM,SHORT,50,2025-06-20T12:15:00+05:30,1093.4,2025-06-30T12:15:00+05:30,1095.0,rsi_overbought,rsi_oversold,-80.0,184.73,10.94,32.83,-308.49,10.0
NSE:INFY,SHORT,35,2025-06-26T14:15:00+05:30,1615.5,2025-07-01T09:15:00+05:30,1603.0,rsi_overbought,rsi_oversold,437.5,188.27,11.26,33.79,204.17,4.79
NSE:TATASTEEL,SHORT,430,2025-06-25T09:15:00+05:30,155.77,2025-07-01T09:15:00+05:30,158.2,rsi_overbought,rsi_oversold,-1044.9,213.23,13.5,40.5,-1312.13,6.0
NSE:ICICIBANK,SHORT,60,2025-06-26T13:15:00+05:30,1446.8,2025-07-01T14:15:00+05:30,1430.6,rsi_overbought,rsi_oversold,972.0,254.9,17.26,51.79,648.04,5.04
NSE:ITC,SHORT,235,2025-06-26T15:15:00+05:30,420.0,2025-07-01T15:15:00+05:30,415.1,rsi_overbought,rsi_oversold,1151.5,281.12,19.62,58.87,791.88,5.0
NSE:LT,SHORT,15,2025-06-20T11:15:00+05:30,3650.0,2025-07-02T09:15:00+05:30,3646.9,rsi_overbought,rsi_oversold,46.5,184.75,10.95,32.84,-182.04,11.92
NSE:TATASTEEL,LONG,415,2025-07-01T10:15:00+05:30,157.89,2025-07-02T12:15:00+05:30,165.21,rsi_oversold,rsi_overbought,3037.8,211.9,13.41,40.23,2772.26,1.08
NSE:SBIN,SHORT,120,2025-06-30T10:15:00+05:30,817.35,2025-07-03T12:15:00+05:30,810.15,rsi_overbought,rsi_oversold,864.0,280.09,19.53,58.59,505.79,3.08
NSE:BANKNIFTY,SHORT,1.8212106032714523,2025-06-17T10:15:00+05:30,55826.05,2025-07-03T13:15:00+05:30,56923.3,rsi_overbought,rsi_oversold,-1998.32,74.04,4.11,20.53,-2097.01,16.12
NSE:TCS,SHORT,15,2025-06-26T14:15:00+05:30,3445.1,2025-07-04T09:15:00+05:30,3407.5,rsi_overbought,rsi_oversold,564.0,177.31,10.28,30.84,345.57,7.79
NSE:ADANIGREEN,SHORT,60,2025-06-23T15:15:00+05:30,962.0,2025-07-04T10:15:00+05:30,1007.3,rsi_overbought,rsi_oversold,-2718.0,194.63,11.82,35.45,-2959.9,10.79
NSE:BHARTIARTL,SHORT,35,2025-06-16T13:15:00+05:30,1862.0,2025-07-04T10:15:00+05:30,2009.6,rsi_overbought,rsi_oversold,-5166.0,214.1,13.55,40.65,-5434.3,17.88
NSE:TATASTEEL,SHORT,415,2025-07-02T13:15:00+05:30,164.85,2025-07-07T09:15:00+05:30,162.85,rsi_overbought,rsi_oversold,830.0,214.19,13.6,40.8,561.41,4.83
NSE:TATACONSUM,LONG,50,2025-06-30T13:15:00+05:30,1095.1,2025-07-08T09:15:00+05:30,1105.5,rsi_oversold,rsi_overbought,520.0,185.36,11.0,33.01,290.63,7.83
NSE:HCLTECH,SHORT,45,2025-06-26T14:15:00+05:30,1724.6,2025-07-08T10:15:00+05:30,1694.0,rsi_overbought,rsi_oversold,1377.0,233.97,15.38,46.15,1081.49,11.83
NSE:BANKNIFTY,LONG,1.7533541839090292,2025-07-03T14:15:00+05:30,56794.15,2025-07-08T11:15:00+05:30,57103.45,rsi_oversold,rsi_overbought,542.31,73.53,3.99,19.97,444.82,4.88
NSE:ITC,LONG,240,2025-07-02T09:15:00+05:30,414.3,2025-07-08T11:15:00+05:30,417.05,rsi_oversold,rsi_overbought,660.0,284.8,19.95,59.86,295.39,6.08
NSE:RELIANCE,SHORT,80,2025-06-20T12:15:00+05:30,1451.7,2025-07-10T11:15:00+05:30,1508.0,rsi_overbought,rsi_oversold,-4504.0,326.58,23.68,71.03,-4925.29,19.96
NSE:INFY,SHORT,35,2025-07-02T09:15:00+05:30,1641.9,2025-07-10T12:15:00+05:30,1613.6,rsi_overbought,rsi_oversold,990.5,189.67,11.39,34.18,755.25,8.12
NSE:NIFTY,SHORT,2.810273891880001,2025-06-20T12:15:00+05:30,25038.25,2025-07-10T14:15:00+05:30,25362.75,rsi_overbought,rsi_oversold,-911.93,65.76,2.83,14.16,-994.69,20.08
NSE:SENSEX,SHORT,0.8666207199645126,2025-06-20T11:15:00+05:30,82138.85,2025-07-10T14:15:00+05:30,83182.01,rsi_overbought,rsi_oversold,-904.02,65.97,2.87,14.33,-987.19,20.12
NSE:HDFCBANK,SHORT,155,2025-06-20T10:15:00+05:30,488.62,2025-07-11T11:15:00+05:30,496.6,rsi_overbought,rsi_oversold,-1236.13,232.92,15.27,45.81,-1530.13,21.04
NSE:ADANIGREEN,LONG,55,2025-07-04T11:15:00+05:30,1000.9,2025-07-14T11:15:00+05:30,1027.5,rsi_oversold,rsi_overbought,1463.0,186.99,11.16,33.47,1231.38,10.0
NSE:SBIN,LONG,120,2025-07-03T13:15:00+05:30,810.35,2025-07-15T09:15:00+05:30,820.5,rsi_oversold,rsi_overbought,1218.0,280.51,19.57,58.71,859.21,11.83
NSE:BANKNIFTY,LONG,1.7547333598746047,2025-07-10T14:15:00+05:30,57002.25,2025-07-15T10:15:00+05:30,57078.45,rsi_oversold,rsi_overbought,133.71,73.55,4.0,20.02,36.13,4.83
NSE:ICICIBANK,LONG,60,2025-07-01T15:15:00+05:30,1431.7,2025-07-15T10:15:00+05:30,1423.2,rsi_oversold,rsi_overbought,-510.0,253.51,17.13,51.39,-832.03,13.79
NSE:HDFCBANK,LONG,150,2025-07-11T12:15:00+05:30,496.2,2025-07-16T09:15:00+05:30,501.75,rsi_oversold,rsi_overbought,832.5,229.41,14.97,44.91,543.21,4.88
NSE:BHARTIARTL,LONG,25,2025-07-04T11:15:00+05:30,2007.4,2025-07-16T09:15:00+05:30,1932.6,rsi_oversold,rsi_overbought,-1870.0,172.73,9.85,29.55,-2082.13,11.92
NSE:NIFTY,LONG,2.736792534308709,2025-07-10T15:15:00+05:30,25348.15,2025-07-16T12:15:00+05:30,25214.6,rsi_oversold,rsi_overbought,-365.5,65.38,2.77,13.84,-447.48,5.88
NSE:SENSEX,LONG,0.8442231259617966,2025-07-10T15:15:00+05:30,83152.18,2025-07-16T12:15:00+05:30,82652.99,rsi_oversold,rsi_overbought,-421.43,65.58,2.8,14.0,-503.81,5.88
NSE:INFY,LONG,40,2025-07-10T13:15:00+05:30,1613.5,2025-07-16T12:15:00+05:30,1608.5,rsi_oversold,rsi_overbought,-200.0,206.36,12.89,38.66,-457.91,5.96
NSE:TATACONSUM,LONG,50,2025-07-15T09:15:00+05:30,1071.8,2025-07-17T13:15:00+05:30,1105.5,rsi_oversold,rsi_overbought,1685.0,183.98,10.89,32.66,1457.48,2.17
NSE:BANKNIFTY,SHORT,1.7537439931344785,2025-07-15T11:15:00+05:30,57054.95,2025-07-18T09:15:00+05:30,56408.9,rsi_overbought,rsi_oversold,1133.01,73.49,3.98,19.9,1035.64,2.92
NSE:HDFCBANK,SHORT,150,2025-07-16T10:15:00+05:30,501.05,2025-07-18T09:15:00+05:30,493.52,rsi_overbought,rsi_oversold,1128.75,228.82,14.92,44.76,840.25,1.96
NSE:TATASTEEL,LONG,425,2025-07-07T10:15:00+05:30,162.27,2025-07-18T09:15:00+05:30,161.84,rsi_oversold,rsi_overbought,-182.75,216.21,13.77,41.32,-454.06,10.96
NSE:BHARTIARTL,SHORT,25,2025-07-16T10:15:00+05:30,1936.6,2025-07-18T09:15:00+05:30,1896.0,rsi_overbought,rsi_oversold,1015.0,169.53,9.58,28.74,807.15,1.96
NSE:NIFTY,SHORT,2.730437626836573,2025-07-16T13:15:00+05:30,25243.75,2025-07-18T10:15:00+05:30,24958.4,rsi_overbought,rsi_oversold,779.13,65.31,2.74,13.71,697.37,1.88
NSE:SENSEX,SHORT,0.8423550555370162,2025-07-16T13:15:00+05:30,82740.28,2025-07-18T10:15:00+05:30,81728.46,rsi_overbought,rsi_oversold,852.31,65.51,2.77,13.85,770.18,1.88
NSE:HINDUNILVR,SHORT,35,2025-06-27T14:15:00+05:30,2306.7,2025-07-18T10:15:00+05:30,2490.0,rsi_overbought,rsi_oversold,-6415.5,250.17,16.79,50.37,-6732.82,20.83
NSE:INFY,SHORT,40,2025-07-16T13:15:00+05:30,1609.5,2025-07-18T12:15:00+05:30,1586.5,rsi_overbought,rsi_oversold,920.0,205.12,12.78,38.35,663.74,1.96
NSE:SBIN,SHORT,120,2025-07-16T11:15:00+05:30,825.8,2025-07-21T09:15:00+05:30,823.6,rsi_overbought,rsi_oversold,264.0,283.05,19.79,59.38,-98.22,4.92
NSE:ITC,SHORT,240,2025-07-08T13:15:00+05:30,415.75,2025-07-21T11:15:00+05:30,421.25,rsi_overbought,rsi_oversold,-1320.0,286.45,20.09,60.26,-1686.8,12.92
NSE:ADANIGREEN,SHORT,55,2025-07-14T12:15:00+05:30,1025.5,2025-07-21T13:15:00+05:30,1036.0,rsi_overbought,rsi_oversold,-577.5,189.17,11.34,34.01,-812.02,7.04
NSE:BANKNIFTY,LONG,1.7952387702963581,2025-07-18T10:15:00+05:30,56311.35,2025-07-22T09:15:00+05:30,57029.1,rsi_oversold,rsi_overbought,1288.53,74.09,4.07,20.35,1190.02,3.96
NSE:HDFCBANK,LONG,155,2025-07-18T10:15:00+05:30,493.25,2025-07-22T09:15:00+05:30,503.25,rsi_oversold,rsi_overbought,1550.0,234.65,15.45,46.34,1253.57,3.96
NSE:TATACONSUM,SHORT,50,2025-07-17T14:15:00+05:30,1105.4,2025-07-22T09:15:00+05:30,1082.1,rsi_overbought,rsi_oversold,1165.0,184.58,10.94,32.81,936.67,4.79
NSE:NIFTY,LONG,2.7923096039730253,2025-07-18T11:15:00+05:30,24933.4,2025-07-22T11:15:00+05:30,25075.1,rsi_oversold,rsi_overbought,395.67,65.61,2.79,13.96,313.3,4.0
NSE:SENSEX,LONG,0.8630159239739886,2025-07-18T11:15:00+05:30,81649.21,2025-07-22T11:15:00+05:30,82227.92,rsi_oversold,rsi_overbought,499.44,65.86,2.83,14.14,416.61,4.0
NSE:BHARTIARTL,LONG,30,2025-07-18T10:15:00+05:30,1896.0,2025-07-23T13:15:00+05:30,1936.0,rsi_oversold,rsi_overbought,1200.0,190.79,11.5,34.49,963.23,5.12
NSE:NIFTY,SHORT,2.787086722412318,2025-07-22T12:15:00+05:30,25092.2,2025-07-25T10:15:00+05:30,24868.5,rsi_overbought,rsi_oversold,623.47,65.58,2.78,13.92,541.18,2.92
NSE:SENSEX,SHORT,0.8613224610551532,2025-07-22T12:15:00+05:30,82291.98,2025-07-25T10:15:00+05:30,81613.9,rsi_overbought,rsi_oversold,584.05,65.83,2.82,14.12,501.27,2.92
NSE:BANKNIFTY,SHORT,1.7970112712408433,2025-07-22T10:15:00+05:30,56916.05,2025-07-25T13:15:00+05:30,56504.15,rsi_overbought,rsi_oversold,740.19,74.09,4.08,20.38,641.64,3.12
NSE:HDFCBANK,SHORT,155,2025-07-22T10:15:00+05:30,502.25,2025-07-25T13:15:00+05:30,501.1,rsi_overbought,rsi_oversold,178.25,235.93,15.55,46.66,-119.89,3.12
NSE:TATASTEEL,SHORT,425,2025-07-18T10:15:00+05:30,161.61,2025-07-28T09:15:00+05:30,161.4,rsi_overbought,rsi_oversold,89.25,215.67,13.73,41.18,-181.33,9.96
NSE:BHARTIARTL,SHORT,30,2025-07-23T14:15:00+05:30,1945.9,2025-07-28T09:15:00+05:30,1916.5,rsi_overbought,rsi_oversold,882.0,191.82,11.59,34.76,643.83,4.79
NSE:HDFCBANK,LONG,155,2025-07-25T14:15:00+05:30,501.07,2025-07-29T11:15:00+05:30,504.57,rsi_oversold,rsi_overbought,542.5,236.3,15.59,46.76,243.85,3.88
NSE:HINDUNILVR,LONG,30,2025-07-18T11:15:00+05:30,2489.3,2025-07-29T13:15:00+05:30,2450.0,rsi_oversold,rsi_overbought,-1179.0,227.88,14.82,44.45,-1466.15,11.08
NSE:ADANIGREEN,LONG,55,2025-07-21T14:15:00+05:30,1036.2,2025-07-29T14:15:00+05:30,1014.2,rsi_oversold,rsi_overbought,-1210.0,188.54,11.28,33.83,-1443.64,8.0
NSE:LT,LONG,15,2025-07-02T10:15:00+05:30,3633.1,2025-07-30T09:15:00+05:30,3637.8,rsi_oversold,rsi_overbought,70.5,184.32,10.91,32.72,-157.44,27.96
NSE:NIFTY,LONG,2.836631593206458,2025-07-25T11:15:00+05:30,24844.15,2025-07-30T12:15:00+05:30,24849.55,rsi_oversold,rsi_overbought,15.32,65.75,2.82,14.1,-67.35,5.04
NSE:SENSEX,LONG,0.875355673228121,2025-07-25T11:15:00+05:30,81543.66,2025-07-30T12:15:00+05:30,81455.71,rsi_oversold,rsi_overbought,-76.99,65.97,2.85,14.27,-160.08,5.04
NSE:TATACONSUM,LONG,55,2025-07-22T10:15:00+05:30,1084.3,2025-07-30T13:15:00+05:30,1075.2,rsi_oversold,rsi_overbought,-500.5,195.15,11.88,35.63,-743.16,8.12
NSE:BHARTIARTL,LONG,30,2025-07-28T10:15:00+05:30,1905.1,2025-07-30T13:15:00+05:30,1935.5,rsi_oversold,rsi_overbought,912.0,191.09,11.52,34.57,674.82,2.12
NSE:RELIANCE,LONG,75,2025-07-11T09:15:00+05:30,1498.2,2025-07-30T14:15:00+05:30,1409.3,rsi_oversold,rsi_overbought,-6667.5,305.95,21.81,65.42,-7060.67,19.21
NSE:ADANIGREEN,SHORT,55,2025-07-29T15:15:00+05:30,1016.4,2025-07-31T14:15:00+05:30,982.0,rsi_overbought,rsi_oversold,1892.0,185.13,10.99,32.97,1662.91,1.96
NSE:ITC,LONG,230,2025-07-21T12:15:00+05:30,420.25,2025-08-01T09:15:00+05:30,416.95,rsi_oversold,rsi_overbought,-759.0,277.16,19.26,57.77,-1113.18,10.88
NSE:LT,SHORT,15,2025-07-30T10:15:00+05:30,3642.4,2025-08-01T12:15:00+05:30,3607.7,rsi_overbought,rsi_oversold,520.5,183.94,10.88,32.63,293.06,2.08
NSE:BHARTIARTL,SHORT,30,2025-07-30T14:15:00+05:30,1934.5,2025-08-01T13:15:00+05:30,1892.3,rsi_overbought,rsi_oversold,1266.0,190.61,11.48,34.44,1029.47,1.96
NSE:HDFCBANK,SHORT,155,2025-07-29T12:15:00+05:30,504.93,2025-08-04T12:15:00+05:30,500.12,rsi_overbought,rsi_oversold,744.0,236.18,15.58,46.73,445.5,6.0
NSE:ICICIBANK,SHORT,60,2025-07-15T11:15:00+05:30,1426.0,2025-08-04T12:15:00+05:30,1468.6,rsi_overbought,rsi_oversold,-2556.0,256.31,17.37,52.1,-2881.79,20.04
NSE:RELIANCE,LONG,75,2025-07-31T14:15:00+05:30,1389.8,2025-08-04T14:15:00+05:30,1410.8,rsi_oversold,rsi_overbought,1575.0,296.42,21.0,63.01,1194.56,4.0
NSE:TCS,LONG,20,2025-07-08T10:15:00+05:30,3399.2,2025-08-04T15:15:00+05:30,3078.7,rsi_oversold,rsi_overbought,-6410.0,207.58,12.96,38.87,-6669.4,27.21
NSE:HINDUNILVR,SHORT,30,2025-07-29T15:15:00+05:30,2456.4,2025-08-05T09:15:00+05:30,2523.3,rsi_overbought,rsi_oversold,-2007.0,229.29,14.94,44.82,-2296.04,6.75
NSE:TATASTEEL,LONG,425,2025-07-28T10:15:00+05:30,161.16,2025-08-05T09:15:00+05:30,159.32,rsi_oversold,rsi_overbought,-782.0,214.54,13.62,40.86,-1051.02,7.96
NSE:HCLTECH,LONG,45,2025-07-09T12:15:00+05:30,1673.6,2025-08-05T12:15:00+05:30,1480.2,rsi_oversold,rsi_overbought,-8703.0,221.49,14.19,42.58,-8981.26,27.0
NSE:BHARTIARTL,LONG,30,2025-08-01T14:15:00+05:30,1883.9,2025-08-05T13:15:00+05:30,1929.9,rsi_oversold,rsi_overbought,1380.0,190.17,11.44,34.32,1144.07,3.96
NSE:LT,LONG,15,2025-08-01T13:15:00+05:30,3605.0,2025-08-05T14:15:00+05:30,3652.6,rsi_oversold,rsi_overbought,714.0,184.05,10.89,32.66,486.41,4.04
NSE:ITC,SHORT,230,2025-08-01T10:15:00+05:30,417.5,2025-08-06T09:15:00+05:30,412.3,rsi_overbought,rsi_oversold,1196.0,275.12,19.09,57.26,844.54,4.96
NSE:SBIN,LONG,120,2025-07-21T10:15:00+05:30,822.75,2025-08-06T09:15:00+05:30,800.7,rsi_oversold,rsi_overbought,-2646.0,279.81,19.48,58.44,-3003.74,15.96
NSE:HCLTECH,SHORT,45,2025-08-05T14:15:00+05:30,1483.7,2025-08-07T09:15:00+05:30,1457.5,rsi_overbought,rsi_oversold,1179.0,210.12,13.24,39.71,915.94,1.79
NSE:NIFTY,SHORT,2.832127711296072,2025-07-30T13:15:00+05:30,24859.95,2025-08-07T10:15:00+05:30,24411.6,rsi_overbought,rsi_oversold,1269.78,65.68,2.79,13.95,1187.36,7.88
NSE:SENSEX,SHORT,0.8737437872472384,2025-07-30T13:15:00+05:30,81511.43,2025-08-07T10:15:00+05:30,80056.69,rsi_overbought,rsi_oversold,1271.07,65.89,2.82,14.12,1188.24,7.88
NSE:TATASTEEL,SHORT,425,2025-08-05T10:15:00+05:30,159.56,2025-08-07T10:15:00+05:30,156.61,rsi_overbought,rsi_oversold,1253.75,212.35,13.44,40.31,987.65,2.0
NSE:LT,SHORT,15,2025-08-05T15:15:00+05:30,3650.0,2025-08-07T12:15:00+05:30,3612.3,rsi_overbought,rsi_oversold,565.5,184.14,10.89,32.68,337.79,1.88
NSE:BHARTIARTL,SHORT,30,2025-08-05T14:15:00+05:30,1934.8,2025-08-08T09:15:00+05:30,1867.5,rsi_overbought,rsi_oversold,2019.0,189.74,11.41,34.22,1783.64,2.79
NSE:ITC,LONG,235,2025-08-06T10:15:00+05:30,411.1,2025-08-08T10:15:00+05:30,414.2,rsi_oversold,rsi_overbought,728.5,278.59,19.39,58.18,372.33,2.0
NSE:NIFTY,LONG,2.92895364925355,2025-08-07T11:15:00+05:30,24442.3,2025-08-12T09:15:00+05:30,24662.35,rsi_oversold,rsi_overbought,644.52,66.18,2.88,14.38,561.07,4.92
NSE:SENSEX,LONG,0.9034916372803414,2025-08-07T11:15:00+05:30,80138.86,2025-08-12T09:15:00+05:30,80856.38,rsi_oversold,rsi_overbought,648.27,66.4,2.91,14.55,564.42,4.92
NSE:TATASTEEL,LONG,435,2025-08-07T11:15:00+05:30,156.92,2025-08-12T09:15:00+05:30,161.05,rsi_oversold,rsi_overbought,1796.55,216.7,13.83,41.5,1524.53,4.92
NSE:HCLTECH,LONG,50,2025-08-07T10:15:00+05:30,1455.1,2025-08-12T09:15:00+05:30,1506.7,rsi_oversold,rsi_overbought,2580.0,227.5,14.81,44.43,2293.27,4.96
NSE:ADANIGREEN,LONG,55,2025-07-31T15:15:00+05:30,986.9,2025-08-12T15:15:00+05:30,930.9,rsi_oversold,rsi_overbought,-3080.0,180.57,10.55,31.64,-3302.76,12.0
NSE:TCS,SHORT,20,2025-08-05T14:15:00+05:30,3067.0,2025-08-14T09:15:00+05:30,3034.9,rsi_overbought,rsi_oversold,642.0,198.69,12.2,36.61,394.49,8.79
NSE:ITC,SHORT,235,2025-08-08T12:15:00+05:30,414.4,2025-08-14T09:15:00+05:30,414.05,rsi_overbought,rsi_oversold,82.25,279.46,19.47,58.41,-275.09,5.88
NSE:TATASTEEL,SHORT,435,2025-08-12T11:15:00+05:30,161.02,2025-08-14T09:15:00+05:30,157.15,rsi_overbought,rsi_oversold,1683.45,216.8,13.84,41.52,1411.29,1.92
NSE:INFY,LONG,40,2025-07-18T13:15:00+05:30,1587.2,2025-08-14T10:15:00+05:30,1467.8,rsi_oversold,rsi_overbought,-4776.0,199.28,12.22,36.66,-5024.16,26.88
NSE:BHARTIARTL,LONG,30,2025-08-08T10:15:00+05:30,1869.7,2025-08-14T10:15:00+05:30,1875.1,rsi_oversold,rsi_overbought,162.0,187.96,11.23,33.7,-70.9,6.0
NSE:HDFCBANK,LONG,155,2025-08-04T13:15:00+05:30,497.65,2025-08-14T13:15:00+05:30,498.15,rsi_oversold,rsi_overbought,77.5,234.64,15.43,46.3,-218.88,10.0
NSE:BANKNIFTY,LONG,1.819894774340144,2025-07-25T14:15:00+05:30,56551.9,2025-08-14T14:15:00+05:30,55340.75,rsi_oversold,rsi_overbought,-2204.17,73.8,4.07,20.36,-2302.4,20.0
NSE:ICICIBANK,LONG,55,2025-08-04T13:15:00+05:30,1466.7,2025-08-18T09:15:00+05:30,1447.0,rsi_oversold,rsi_overbought,-1083.5,241.29,16.03,48.08,-1388.89,13.83
NSE:HINDUNILVR,LONG,30,2025-08-05T10:15:00+05:30,2521.9,2025-08-18T09:15:00+05:30,2562.4,rsi_oversold,rsi_overbought,1215.0,232.53,15.25,45.76,921.46,12.96
NSE:TATACONSUM,LONG,55,2025-08-06T15:15:00+05:30,1052.6,2025-08-18T09:15:00+05:30,1081.3,rsi_oversold,rsi_overbought,1578.5,193.43,11.74,35.21,1338.12,11.75
NSE:LT,SHORT,15,2025-08-12T09:15:00+05:30,3715.0,2025-08-18T10:15:00+05:30,3650.3,rsi_overbought,rsi_oversold,970.5,185.82,11.05,33.14,740.48,6.04
NSE:RELIANCE,LONG,75,2025-08-06T09:15:00+05:30,1389.6,2025-08-19T09:15:00+05:30,1413.3,rsi_oversold,rsi_overbought,1777.5,296.6,21.02,63.07,1396.82,13.0
NSE:HCLTECH,SHORT,50,2025-08-12T10:15:00+05:30,1503.2,2025-08-19T10:15:00+05:30,1472.9,rsi_overbought,rsi_oversold,1515.0,228.37,14.88,44.64,1227.11,7.0
NSE:ADANIGREEN,LONG,60,2025-08-14T11:15:00+05:30,917.0,2025-08-19T10:15:00+05:30,952.9,rsi_oversold,rsi_overbought,2154.0,187.64,11.22,33.66,1921.48,4.96
NSE:TATASTEEL,LONG,455,2025-08-14T11:15:00+05:30,157.16,2025-08-19T14:15:00+05:30,159.29,rsi_oversold,rsi_overbought,969.15,223.06,14.4,43.2,688.5,5.12
NSE:HDFCBANK,SHORT,155,2025-08-14T14:15:00+05:30,497.7,2025-08-20T09:15:00+05:30,496.62,rsi_overbought,rsi_oversold,166.62,234.38,15.41,46.24,-129.4,5.79
NSE:TCS,LONG,20,2025-08-18T11:15:00+05:30,3004.5,2025-08-20T10:15:00+05:30,3059.4,rsi_oversold,rsi_overbought,1098.0,197.81,12.13,36.38,851.67,1.96
NSE:INFY,LONG,40,2025-08-19T10:15:00+05:30,1443.1,2025-08-20T10:15:00+05:30,1480.0,rsi_oversold,rsi_overbought,1476.0,192.95,11.69,35.08,1236.28,1.0
NSE:SBIN,SHORT,120,2025-08-06T10:15:00+05:30,800.7,2025-08-22T09:15:00+05:30,822.7,rsi_overbought,rsi_oversold,-2640.0,279.8,19.48,58.44,-2997.73,15.96
NSE:ADANIGREEN,SHORT,60,2025-08-19T11:15:00+05:30,955.35,2025-08-22T10:15:00+05:30,959.15,rsi_overbought,rsi_oversold,-228.0,190.79,11.49,34.46,-464.74,2.96
NSE:TATASTEEL,SHORT,455,2025-08-19T15:15:00+05:30,159.2,2025-08-22T11:15:00+05:30,160.06,rsi_overbought,rsi_oversold,-391.3,224.58,14.53,43.58,-673.99,2.83
NSE:HINDUNILVR,SHORT,30,2025-08-18T10:15:00+05:30,2581.1,2025-08-22T12:15:00+05:30,2628.6,rsi_overbought,rsi_oversold,-1425.0,236.91,15.63,46.89,-1724.43,4.08
NSE:BANKNIFTY,SHORT,1.7958466498476053,2025-08-18T09:15:00+05:30,56030.95,2025-08-22T13:15:00+05:30,55284.85,rsi_overbought,rsi_oversold,1339.88,73.63,4.0,19.99,1242.27,4.17
NSE:NIFTY,SHORT,2.9293089517114015,2025-08-14T14:15:00+05:30,24630.3,2025-08-22T13:15:00+05:30,24922.0,rsi_overbought,rsi_oversold,-854.48,66.22,2.9,14.52,-938.12,7.96
NSE:TCS,SHORT,20,2025-08-20T11:15:00+05:30,3085.7,2025-08-22T14:15:00+05:30,3052.1,rsi_overbought,rsi_oversold,672.0,199.49,12.28,36.83,423.41,2.12
NSE:TATACONSUM,SHORT,55,2025-08-18T10:15:00+05:30,1079.2,2025-08-22T14:15:00+05:30,1085.0,rsi_overbought,rsi_oversold,-319.0,195.42,11.9,35.71,-562.04,4.17
NSE:SENSEX,SHORT,0.8939127129772306,2025-08-18T09:15:00+05:30,81627.12,2025-08-25T09:15:00+05:30,81401.46,rsi_overbought,rsi_oversold,201.72,66.4,2.91,14.57,117.84,7.0
NSE:RELIANCE,SHORT,75,2025-08-19T10:15:00+05:30,1409.9,2025-08-25T09:15:00+05:30,1408.7,rsi_overbought,rsi_oversold,90.0,298.03,21.14,63.42,-292.59,5.96
NSE:HDFCBANK,LONG,155,2025-08-20T10:15:00+05:30,495.77,2025-08-26T09:15:00+05:30,969.1,rsi_oversold,rsi_overbought,73365.38,309.94,22.71,68.12,72964.62,5.96
NSE:TCS,LONG,20,2025-08-22T15:15:00+05:30,3054.7,2025-08-26T09:15:00+05:30,3139.9,rsi_oversold,rsi_overbought,1704.0,200.67,12.39,37.17,1453.77,3.75
NSE:HCLTECH,LONG,50,2025-08-19T11:15:00+05:30,1478.0,2025-08-26T09:15:00+05:30,1501.0,rsi_oversold,rsi_overbought,1150.0,228.56,14.9,44.68,861.86,6.92
NSE:HINDUNILVR,LONG,30,2025-08-22T13:15:00+05:30,2625.5,2025-08-26T10:15:00+05:30,2663.0,rsi_oversold,rsi_overbought,1125.0,239.35,15.87,47.6,822.19,3.88
NSE:ITC,LONG,235,2025-08-14T10:15:00+05:30,413.15,2025-08-26T13:15:00+05:30,403.0,rsi_oversold,rsi_overbought,-2385.25,276.44,19.18,57.54,-2738.4,12.12
NSE:BHARTIARTL,SHORT,30,2025-08-14T11:15:00+05:30,1876.0,2025-08-26T14:15:00+05:30,1903.4,rsi_overbought,rsi_oversold,-822.0,189.18,11.34,34.01,-1056.54,12.12
NSE:HCLTECH,SHORT,50,2025-08-26T10:15:00+05:30,1498.8,2025-08-28T09:15:00+05:30,1453.0,rsi_overbought,rsi_oversold,2290.0,226.96,14.76,44.28,2004.0,1.96
NSE:INFY,SHORT,40,2025-08-20T11:15:00+05:30,1486.2,2025-08-28T10:15:00+05:30,1509.6,rsi_overbought,rsi_oversold,-936.0,196.36,11.98,35.95,-1180.29,7.96
NSE:HDFCBANK,SHORT,155,2025-08-26T10:15:00+05:30,973.8,2025-08-29T12:15:00+05:30,952.3,rsi_overbought,rsi_oversold,3332.5,394.63,29.85,89.56,2818.45,3.08
NSE:TCS,SHORT,20,2025-08-26T10:15:00+05:30,3146.9,2025-08-29T15:15:00+05:30,3083.8,rsi_overbought,rsi_oversold,1262.0,201.51,12.46,37.38,1010.64,3.21
NSE:TATASTEEL,LONG,445,2025-08-22T12:15:00+05:30,159.84,2025-09-01T14:15:00+05:30,156.14,rsi_oversold,rsi_overbought,-1646.5,219.5,14.06,42.18,-1922.25,10.08
NSE:ICICIBANK,LONG,60,2025-08-26T10:15:00+05:30,1417.9,2025-09-01T15:15:00+05:30,1411.0,rsi_oversold,rsi_overbought,-414.0,251.77,16.97,50.92,-733.67,6.21
NSE:NIFTY,LONG,2.8630878021870463,2025-08-22T14:15:00+05:30,24873.3,2025-09-02T09:15:00+05:30,24728.75,rsi_oversold,rsi_overbought,-413.86,65.85,2.84,14.2,-496.75,10.79
NSE:SBIN,LONG,115,2025-08-22T10:15:00+05:30,820.85,2025-09-02T09:15:00+05:30,809.6,rsi_oversold,rsi_overbought,-1293.75,271.58,18.75,56.25,-1640.33,10.96
NSE:TATACONSUM,LONG,50,2025-08-22T15:15:00+05:30,1085.5,2025-09-02T09:15:00+05:30,1090.1,rsi_oversold,rsi_overbought,230.0,183.99,10.88,32.63,2.5,10.75
NSE:ADANIGREEN,LONG,55,2025-08-22T11:15:00+05:30,961.8,2025-09-02T09:15:00+05:30,939.6,rsi_oversold,rsi_overbought,-1221.0,179.43,10.46,31.37,-1442.26,10.92
NSE:BHARTIARTL,LONG,30,2025-08-26T15:15:00+05:30,1903.7,2025-09-02T09:15:00+05:30,1907.6,rsi_oversold,rsi_overbought,117.0,190.18,11.43,34.3,-118.91,6.75
NSE:SENSEX,LONG,0.8958907735134675,2025-08-25T10:15:00+05:30,81578.03,2025-09-02T12:15:00+05:30,80656.61,rsi_oversold,rsi_overbought,-825.49,66.25,2.91,14.53,-909.19,8.08
NSE:INFY,LONG,35,2025-08-28T11:15:00+05:30,1504.4,2025-09-02T12:15:00+05:30,1507.2,rsi_oversold,rsi_overbought,98.0,180.25,10.54,31.62,-124.41,5.04
NSE:ITC,SHORT,235,2025-08-26T14:15:00+05:30,402.95,2025-09-02T13:15:00+05:30,405.0,rsi_overbought,rsi_oversold,-481.75,274.15,18.99,56.96,-831.85,6.96
NSE:TCS,SHORT,20,2025-09-02T11:15:00+05:30,3149.6,2025-09-04T11:15:00+05:30,3104.3,rsi_overbought,rsi_oversold,906.0,202.05,12.51,37.52,653.92,2.0
NSE:INFY,SHORT,40,2025-09-02T14:15:00+05:30,1498.8,2025-09-04T11:15:00+05:30,1473.0,rsi_overbought,rsi_oversold,1032.0,195.15,11.89,35.66,789.3,1.88
NSE:HDFCBANK,LONG,160,2025-09-01T10:15:00+05:30,947.95,2025-09-04T13:15:00+05:30,962.6,rsi_oversold,rsi_overbought,2344.0,402.64,30.57,91.71,1819.08,3.12
NSE:ICICIBANK,LONG,60,2025-09-03T12:15:00+05:30,1391.0,2025-09-04T15:15:00+05:30,1408.0,rsi_oversold,rsi_overbought,1020.0,249.67,16.79,50.38,703.15,1.12
NSE:TATACONSUM,SHORT,50,2025-09-02T10:15:00+05:30,1090.6,2025-09-04T15:15:00+05:30,1074.0,rsi_overbought,rsi_oversold,830.0,183.34,10.82,32.47,603.37,2.21
NSE:ITC,SHORT,230,2025-09-03T11:15:00+05:30,410.85,2025-09-08T09:15:00+05:30,408.6,rsi_overbought,rsi_oversold,517.5,272.53,18.85,56.54,169.58,4.92
NSE:HINDUNILVR,SHORT,25,2025-08-26T11:15:00+05:30,2690.2,2025-09-08T09:15:00+05:30,2636.0,rsi_overbought,rsi_oversold,1355.0,210.99,13.32,39.95,1090.74,12.92
NSE:RELIANCE,LONG,75,2025-08-25T10:15:00+05:30,1411.1,2025-09-08T10:15:00+05:30,1376.1,rsi_oversold,rsi_overbought,-2625.0,295.62,20.9,62.71,-3004.23,14.0
NSE:INFY,LONG,40,2025-09-04T12:15:00+05:30,1469.4,2025-09-09T09:15:00+05:30,1487.0,rsi_oversold,rsi_overbought,704.0,194.49,11.83,35.48,462.21,4.88
NSE:ITC,LONG,230,2025-09-08T10:15:00+05:30,407.7,2025-09-09T12:15:00+05:30,409.9,rsi_oversold,rsi_overbought,506.0,272.06,18.8,56.41,158.72,1.08
NSE:TCS,LONG,20,2025-09-05T09:15:00+05:30,3049.9,2025-09-10T09:15:00+05:30,3106.5,rsi_oversold,rsi_overbought,1132.0,199.87,12.31,36.94,882.88,5.0
NSE:HCLTECH,LONG,50,2025-08-28T10:15:00+05:30,1462.6,2025-09-10T09:15:00+05:30,1460.0,rsi_oversold,rsi_overbought,-130.0,225.52,14.61,43.84,-413.98,12.96
NSE:BANKNIFTY,LONG,1.846527093651977,2025-08-22T14:15:00+05:30,55163.85,2025-09-10T10:15:00+05:30,54627.15,rsi_oversold,rsi_overbought,-991.03,73.79,4.05,20.27,-1089.15,18.83
NSE:HDFCBANK,SHORT,160,2025-09-04T14:15:00+05:30,960.4,2025-09-10T12:15:00+05:30,962.8,rsi_overbought,rsi_oversold,-384.0,405.1,30.77,92.31,-912.18,5.92
NSE:TATACONSUM,LONG,55,2025-09-05T11:15:00+05:30,1072.4,2025-09-10T14:15:00+05:30,1102.6,rsi_oversold,rsi_overbought,1661.0,195.94,11.96,35.89,1417.21,5.12
NSE:LT,LONG,15,2025-08-18T11:15:00+05:30,3625.1,2025-09-12T10:15:00+05:30,3588.5,rsi_oversold,rsi_overbought,-549.0,183.41,10.82,32.46,-775.69,24.96
NSE:INFY,SHORT,40,2025-09-09T10:15:00+05:30,1496.7,2025-09-16T09:15:00+05:30,1506.8,rsi_overbought,rsi_oversold,-404.0,196.66,12.01,36.04,-648.72,6.96
NSE:INFY,LONG,40,2025-09-16T10:15:00+05:30,1504.9,2025-09-17T10:15:00+05:30,1519.5,rsi_oversold,rsi_overbought,584.0,197.52,12.1,36.29,338.09,1.0
NSE:ADANIGREEN,SHORT,55,2025-09-02T12:15:00+05:30,939.5,2025-09-18T09:15:00+05:30,982.75,rsi_overbought,rsi_oversold,-2378.75,180.79,10.57,31.72,-2601.83,15.88
NSE:ICICIBANK,SHORT,60,2025-09-12T14:15:00+05:30,1417.2,2025-09-19T12:15:00+05:30,1403.2,rsi_overbought,rsi_oversold,840.0,251.11,16.92,50.77,521.2,6.92
NSE:TCS,SHORT,20,2025-09-10T10:15:00+05:30,3115.8,2025-09-22T09:15:00+05:30,3100.3,rsi_overbought,rsi_oversold,310.0,201.26,12.43,37.3,59.01,11.96
NSE:HCLTECH,SHORT,50,2025-09-10T10:15:00+05:30,1468.4,2025-09-22T09:15:00+05:30,1443.3,rsi_overbought,rsi_oversold,1255.0,224.81,14.56,43.68,971.95,11.96
NSE:INFY,SHORT,35,2025-09-17T14:15:00+05:30,1523.9,2025-09-22T10:15:00+05:30,1501.0,rsi_overbought,rsi_oversold,801.5,180.72,10.59,31.76,578.43,4.83
NSE:ITC,SHORT,230,2025-09-09T13:15:00+05:30,410.7,2025-09-22T12:15:00+05:30,407.35,rsi_overbought,rsi_oversold,770.5,272.15,18.82,56.45,423.09,12.96
NSE:LT,SHORT,15,2025-09-12T12:15:00+05:30,3590.2,2025-09-22T12:15:00+05:30,3652.5,rsi_overbought,rsi_oversold,-934.5,183.92,10.86,32.59,-1161.88,10.0
NSE:BANKNIFTY,SHORT,1.8473014856963583,2025-09-10T14:15:00+05:30,54552.9,2025-09-22T14:15:00+05:30,55273.65,rsi_overbought,rsi_oversold,-1331.44,73.78,4.06,20.29,-1429.57,12.0
NSE:NIFTY,SHORT,2.8602468935874223,2025-09-02T12:15:00+05:30,24724.85,2025-09-22T14:15:00+05:30,25195.55,rsi_overbought,rsi_oversold,-1346.32,65.87,2.86,14.28,-1429.32,20.08
NSE:HDFCBANK,SHORT,155,2025-09-18T11:15:00+05:30,976.5,2025-09-22T14:15:00+05:30,963.15,rsi_overbought,rsi_oversold,2069.25,397.06,30.06,90.19,1551.93,4.12
NSE:SENSEX,SHORT,0.890838685262648,2025-09-09T11:15:00+05:30,81023.13,2025-09-22T14:15:00+05:30,82134.93,rsi_overbought,rsi_oversold,-990.43,66.24,2.91,14.53,-1074.11,13.12
NSE:RELIANCE,SHORT,75,2025-09-08T11:15:00+05:30,1378.0,2025-09-22T14:15:00+05:30,1390.2,rsi_overbought,rsi_oversold,-915.0,293.91,20.76,62.28,-1291.95,14.12
NSE:BHARTIARTL,SHORT,30,2025-09-12T11:15:00+05:30,1916.6,2025-09-24T09:15:00+05:30,1923.3,rsi_overbought,rsi_oversold,-201.0,191.15,11.52,34.56,-438.23,11.92
NSE:ADANIGREEN,SHORT,50,2025-09-19T12:15:00+05:30,1051.8,2025-09-25T09:15:00+05:30,1093.55,rsi_overbought,rsi_oversold,-2087.5,182.48,10.73,32.18,-2312.89,5.88
NSE:SBIN,SHORT,110,2025-09-04T13:15:00+05:30,810.25,2025-09-26T09:15:00+05:30,860.7,rsi_overbought,rsi_oversold,-5549.5,267.79,18.38,55.14,-5890.82,21.83
NSE:TATASTEEL,SHORT,440,2025-09-02T09:15:00+05:30,157.25,2025-09-26T09:15:00+05:30,170.33,rsi_overbought,rsi_oversold,-5755.2,223.73,14.41,43.24,-6036.58,24.0
NSE:TATACONSUM,SHORT,55,2025-09-10T15:15:00+05:30,1099.0,2025-09-26T13:15:00+05:30,1120.8,rsi_overbought,rsi_oversold,-1199.0,198.89,12.21,36.63,-1446.72,15.92
NSE:ITC,LONG,230,2025-09-22T13:15:00+05:30,407.05,2025-09-29T09:15:00+05:30,406.5,rsi_oversold,rsi_overbought,-126.5,271.07,18.71,56.13,-472.41,6.83
NSE:SBIN,LONG,100,2025-09-26T10:15:00+05:30,858.25,2025-09-30T11:15:00+05:30,874.05,rsi_oversold,rsi_overbought,1580.0,255.51,17.32,51.97,1255.2,4.04
NSE:ITC,SHORT,230,2025-09-29T10:15:00+05:30,405.85,2025-10-01T09:15:00+05:30,400.05,rsi_overbought,rsi_oversold,1334.0,269.0,18.54,55.61,990.85,1.96
NSE:TATACONSUM,LONG,50,2025-09-26T14:15:00+05:30,1118.3,2025-10-01T09:15:00+05:30,1134.2,rsi_oversold,rsi_overbought,795.0,188.22,11.26,33.79,561.73,4.79
NSE:BANKNIFTY,LONG,1.7971979785619057,2025-09-22T15:15:00+05:30,55280.7,2025-10-01T11:15:00+05:30,55290.4,rsi_oversold,rsi_overbought,17.43,73.35,3.97,19.87,-79.77,8.83
NSE:HDFCBANK,LONG,165,2025-09-24T09:15:00+05:30,947.4,2025-10-01T11:15:00+05:30,969.2,rsi_oversold,rsi_overbought,3597.0,414.27,31.62,94.87,3056.23,7.08
NSE:ICICIBANK,LONG,60,2025-09-19T13:15:00+05:30,1403.6,2025-10-01T11:15:00+05:30,1375.2,rsi_oversold,rsi_overbought,-1704.0,248.53,16.67,50.02,-2019.22,11.92
NSE:HINDUNILVR,LONG,30,2025-09-08T11:15:00+05:30,2631.4,2025-10-01T14:15:00+05:30,2533.6,rsi_oversold,rsi_overbought,-2934.0,235.53,15.5,46.48,-3231.51,23.12
NSE:ADANIGREEN,LONG,45,2025-09-25T11:15:00+05:30,1093.0,2025-10-03T09:15:00+05:30,1073.4,rsi_oversold,rsi_overbought,-882.0,171.53,9.75,29.25,-1092.52,7.92
NSE:NIFTY,LONG,2.74974522955147,2025-09-22T15:15:00+05:30,25200.2,2025-10-03T11:15:00+05:30,24840.4,rsi_oversold,rsi_overbought,-989.36,65.22,2.75,13.76,-1071.09,10.83
NSE:SENSEX,LONG,0.865176930795713,2025-09-22T15:15:00+05:30,82188.55,2025-10-03T11:15:00+05:30,81026.82,rsi_oversold,rsi_overbought,-1005.1,65.69,2.82,14.12,-1087.74,10.83
NSE:LT,LONG,15,2025-09-22T14:15:00+05:30,3638.8,2025-10-03T15:15:00+05:30,3742.9,rsi_oversold,rsi_overbought,1561.5,186.05,11.07,33.22,1331.16,11.04
NSE:TCS,LONG,20,2025-09-22T10:15:00+05:30,3088.8,2025-10-06T09:15:00+05:30,2946.6,rsi_oversold,rsi_overbought,-2844.0,197.48,12.07,36.21,-3089.76,13.96
NSE:BHARTIARTL,LONG,30,2025-09-24T10:15:00+05:30,1921.5,2025-10-06T09:15:00+05:30,1890.0,rsi_oversold,rsi_overbought,-945.0,190.26,11.43,34.3,-1181.0,11.96
NSE:HCLTECH,LONG,55,2025-09-22T10:15:00+05:30,1437.3,2025-10-06T11:15:00+05:30,1414.4,rsi_oversold,rsi_overbought,-1259.5,237.51,15.68,47.05,-1559.75,14.04
NSE:INFY,LONG,40,2025-09-22T11:15:00+05:30,1501.0,2025-10-06T12:15:00+05:30,1466.8,rsi_oversold,rsi_overbought,-1368.0,195.15,11.87,35.61,-1610.63,14.04
NSE:RELIANCE,LONG,75,2025-09-22T15:15:00+05:30,1390.9,2025-10-07T09:15:00+05:30,1387.9,rsi_oversold,rsi_overbought,-225.0,294.74,20.84,62.52,-603.1,14.75
NSE:TATACONSUM,SHORT,50,2025-10-01T10:15:00+05:30,1137.0,2025-10-08T10:15:00+05:30,1118.8,rsi_overbought,rsi_oversold,910.0,188.4,11.28,33.84,676.49,7.0
NSE:TATASTEEL,LONG,375,2025-09-26T10:15:00+05:30,168.66,2025-10-08T11:15:00+05:30,173.06,rsi_oversold,rsi_overbought,1650.0,205.4,12.81,38.44,1393.34,12.04
NSE:SBIN,SHORT,100,2025-09-30T13:15:00+05:30,873.75,2025-10-08T14:15:00+05:30,858.55,rsi_overbought,rsi_oversold,1520.0,255.51,17.32,51.97,1195.19,8.04
NSE:ADANIGREEN,SHORT,45,2025-10-03T10:15:00+05:30,1066.6,2025-10-09T09:15:00+05:30,1049.8,rsi_overbought,rsi_oversold,756.0,168.9,9.52,28.57,549.0,5.96
NSE:SBIN,LONG,100,2025-10-08T15:15:00+05:30,857.3,2025-10-10T10:15:00+05:30,880.15,rsi_oversold,rsi_overbought,2285.0,256.03,17.37,52.12,1959.47,1.79
NSE:ITC,LONG,235,2025-10-06T12:15:00+05:30,400.2,2025-10-10T11:15:00+05:30,403.2,rsi_oversold,rsi_overbought,705.0,272.88,18.88,56.64,356.6,3.96
NSE:TATASTEEL,SHORT,375,2025-10-08T12:15:00+05:30,172.69,2025-10-13T09:15:00+05:30,172.22,rsi_overbought,rsi_oversold,176.25,206.84,12.93,38.8,-82.33,4.88
NSE:TCS,SHORT,20,2025-10-06T10:15:00+05:30,2953.5,2025-10-13T14:15:00+05:30,3005.7,rsi_overbought,rsi_oversold,-1044.0,195.65,11.92,35.76,-1287.32,7.17
NSE:HINDUNILVR,SHORT,30,2025-10-01T15:15:00+05:30,2535.0,2025-10-13T14:15:00+05:30,2492.1,rsi_overbought,rsi_oversold,1287.0,230.62,15.08,45.24,996.05,11.96
NSE:INFY,SHORT,40,2025-10-06T13:15:00+05:30,1470.2,2025-10-14T09:15:00+05:30,1491.6,rsi_overbought,rsi_oversold,-856.0,194.84,11.85,35.54,-1098.23,7.83
NSE:ADANIGREEN,SHORT,45,2025-10-10T10:15:00+05:30,1060.0,2025-10-14T09:15:00+05:30,1041.0,rsi_overbought,rsi_oversold,855.0,168.13,9.45,28.36,649.06,3.96
NSE:NIFTY,SHORT,2.7500547194896234,2025-10-03T13:15:00+05:30,24809.05,2025-10-14T10:15:00+05:30,25174.0,rsi_overbought,rsi_oversold,-1003.63,65.2,2.75,13.75,-1085.33,10.88
NSE:SENSEX,SHORT,0.8640905667796087,2025-10-03T12:15:00+05:30,81036.82,2025-10-14T10:15:00+05:30,82159.17,rsi_overbought,rsi_oversold,-969.81,65.67,2.82,14.1,-1052.4,10.92
NSE:BANKNIFTY,SHORT,1.7962029062203682,2025-10-01T12:15:00+05:30,55267.05,2025-10-14T12:15:00+05:30,56280.05,rsi_overbought,rsi_oversold,-1819.55,73.4,4.01,20.04,-1917.0,13.0
NSE:LT,SHORT,15,2025-10-06T09:15:00+05:30,3728.5,2025-10-14T12:15:00+05:30,3738.7,rsi_overbought,rsi_oversold,-153.0,187.61,11.2,33.6,-385.41,8.12
NSE:HINDUNILVR,LONG,30,2025-10-13T15:15:00+05:30,2496.6,2025-10-15T10:15:00+05:30,2525.0,rsi_oversold,rsi_overbought,852.0,230.47,15.06,45.19,561.27,1.79
NSE:LT,LONG,15,2025-10-14T13:15:00+05:30,3740.0,2025-10-15T11:15:00+05:30,3836.1,rsi_oversold,rsi_overbought,1441.5,189.3,11.36,34.09,1206.74,0.92
NSE:NIFTY,LONG,2.673112127071527,2025-10-14T11:15:00+05:30,25118.35,2025-10-16T09:15:00+05:30,25423.45,rsi_oversold,rsi_overbought,815.57,65.05,2.7,13.51,734.3,1.92
NSE:SENSEX,LONG,0.8415912181510307,2025-10-14T11:15:00+05:30,81956.53,2025-10-16T09:15:00+05:30,82976.04,rsi_oversold,rsi_overbought,858.01,65.54,2.78,13.88,775.81,1.92
NSE:ITC,LONG,240,2025-10-14T09:15:00+05:30,397.9,2025-10-16T10:15:00+05:30,401.85,rsi_oversold,rsi_overbought,948.0,276.35,19.19,57.58,594.88,2.04
NSE:ADANIGREEN,LONG,45,2025-10-14T10:15:00+05:30,1036.3,2025-10-16T11:15:00+05:30,1061.1,rsi_oversold,rsi_overbought,1116.0,167.93,9.44,28.31,910.32,2.04
NSE:TATASTEEL,LONG,375,2025-10-13T10:15:00+05:30,172.46,2025-10-16T12:15:00+05:30,173.54,rsi_oversold,rsi_overbought,405.0,207.28,12.98,38.92,145.82,3.08
NSE:TATACONSUM,LONG,50,2025-10-08T12:15:00+05:30,1125.0,2025-10-16T14:15:00+05:30,1147.6,rsi_oversold,rsi_overbought,1130.0,189.31,11.36,34.09,895.23,8.08
NSE:TCS,LONG,20,2025-10-13T15:15:00+05:30,3006.0,2025-10-17T10:15:00+05:30,2983.1,rsi_oversold,rsi_overbought,-458.0,196.27,11.98,35.93,-702.18,3.79
NSE:ADANIGREEN,SHORT,45,2025-10-16T12:15:00+05:30,1057.6,2025-10-20T09:15:00+05:30,1030.1,rsi_overbought,rsi_oversold,1237.5,167.43,9.39,28.18,1032.49,3.88
NSE:ICICIBANK,SHORT,60,2025-10-01T14:15:00+05:30,1371.0,2025-10-21T13:45:00+05:30,1381.3,rsi_overbought,rsi_oversold,-618.0,246.68,16.51,49.54,-930.74,19.98
NSE:INFY,LONG,35,2025-10-14T10:15:00+05:30,1491.0,2025-10-21T13:45:00+05:30,1471.0,rsi_oversold,rsi_overbought,-700.0,178.38,10.37,31.1,-919.85,7.15
NSE:HINDUNILVR,SHORT,30,2025-10-15T13:15:00+05:30,2523.9,2025-10-24T09:15:00+05:30,2510.0,rsi_overbought,rsi_oversold,417.0,230.91,15.1,45.31,125.68,8.83
NSE:INFY,SHORT,35,2025-10-23T09:15:00+05:30,1532.9,2025-10-27T10:15:00+05:30,1510.6,rsi_overbought,rsi_oversold,780.5,181.44,10.65,31.96,556.45,4.04
NSE:TCS,SHORT,20,2025-10-20T09:15:00+05:30,3000.3,2025-10-29T09:15:00+05:30,3056.2,rsi_overbought,rsi_oversold,-1118.0,197.82,12.11,36.34,-1364.27,9.0
NSE:ADANIGREEN,LONG,50,2025-10-20T11:15:00+05:30,1030.0,2025-10-29T10:15:00+05:30,1104.6,rsi_oversold,rsi_overbought,3730.0,181.45,10.67,32.02,3505.86,8.96
NSE:RELIANCE,SHORT,75,2025-10-07T10:15:00+05:30,1382.7,2025-10-31T09:15:00+05:30,1486.7,rsi_overbought,rsi_oversold,-7800.0,302.86,21.52,64.56,-8188.94,23.96
NSE:NIFTY,SHORT,2.6657609386202488,2025-10-16T10:15:00+05:30,25462.25,2025-10-31T10:15:00+05:30,25777.2,rsi_overbought,rsi_oversold,-839.58,65.1,2.73,13.66,-921.07,15.0
NSE:HDFCBANK,SHORT,160,2025-10-07T09:15:00+05:30,981.05,2025-10-31T10:15:00+05:30,986.65,rsi_overbought,rsi_oversold,-896.0,413.05,31.48,94.45,-1434.98,24.04
NSE:SENSEX,SHORT,0.83970503135345,2025-10-16T10:15:00+05:30,83061.77,2025-10-31T10:15:00+05:30,84080.48,rsi_overbought,rsi_oversold,-855.42,65.59,2.81,14.04,-937.85,15.0
NSE:BHARTIARTL,SHORT,30,2025-10-06T10:15:00+05:30,1899.6,2025-10-31T11:15:00+05:30,2061.5,rsi_overbought,rsi_oversold,-4857.0,195.54,11.88,35.65,-5100.08,25.04
NSE:TATACONSUM,SHORT,50,2025-10-16T15:15:00+05:30,1148.7,2025-10-31T12:15:00+05:30,1164.2,rsi_overbought,rsi_oversold,-775.0,191.7,11.56,34.69,-1012.95,14.88
NSE:BANKNIFTY,SHORT,1.7078978372079685,2025-10-16T09:15:00+05:30,57005.5,2025-10-31T13:15:00+05:30,57858.1,rsi_overbought,rsi_oversold,-1456.15,72.88,3.92,19.62,-1552.58,15.17
NSE:HCLTECH,SHORT,55,2025-10-06T12:15:00+05:30,1420.7,2025-10-31T14:15:00+05:30,1541.4,rsi_overbought,rsi_oversold,-6638.5,244.66,16.29,48.87,-6948.33,25.08
NSE:ITC,SHORT,235,2025-10-16T11:15:00+05:30,403.7,2025-11-04T09:15:00+05:30,411.15,rsi_overbought,rsi_oversold,-1750.75,276.05,19.15,57.45,-2103.4,18.92
NSE:BHARTIARTL,LONG,25,2025-10-31T12:15:00+05:30,2070.5,2025-11-04T09:15:00+05:30,2119.9,rsi_oversold,rsi_overbought,1235.0,179.45,10.48,31.43,1013.65,3.88
NSE:LT,SHORT,15,2025-10-15T12:15:00+05:30,3836.0,2025-11-04T09:15:00+05:30,3956.6,rsi_overbought,rsi_oversold,-1809.0,193.16,11.69,35.07,-2048.91,19.88
NSE:HDFCBANK,LONG,155,2025-10-31T11:15:00+05:30,989.5,2025-11-04T10:15:00+05:30,994.55,rsi_oversold,rsi_overbought,782.75,404.8,30.75,92.26,254.93,3.96
NSE:ADANIGREEN,SHORT,50,2025-10-29T11:15:00+05:30,1100.2,2025-11-04T11:15:00+05:30,1093.5,rsi_overbought,rsi_oversold,335.0,184.99,10.97,32.91,106.14,6.0
NSE:TATASTEEL,SHORT,375,2025-10-16T13:15:00+05:30,173.61,2025-11-04T13:15:00+05:30,179.32,rsi_overbought,rsi_oversold,-2141.25,210.36,13.23,39.7,-2404.55,19.0
NSE:BHARTIARTL,SHORT,25,2025-11-04T10:15:00+05:30,2119.6,2025-11-07T09:15:00+05:30,2011.5,rsi_overbought,rsi_oversold,2702.5,177.69,10.33,30.98,2483.5,2.96
NSE:ICICIBANK,LONG,55,2025-10-23T09:15:00+05:30,1387.2,2025-11-10T10:15:00+05:30,1343.7,rsi_oversold,rsi_overbought,-2392.5,230.22,15.02,45.06,-2682.79,18.04
NSE:INFY,LONG,35,2025-10-27T11:15:00+05:30,1505.8,2025-11-10T10:15:00+05:30,1518.2,rsi_oversold,rsi_overbought,434.0,180.71,10.58,31.75,210.95,13.96
NSE:TATASTEEL,LONG,350,2025-11-04T14:15:00+05:30,179.34,2025-11-10T13:15:00+05:30,182.02,rsi_oversold,rsi_overbought,938.0,203.6,12.65,37.94,683.81,5.96
NSE:TCS,LONG,20,2025-11-04T09:15:00+05:30,3000.5,2025-11-11T09:15:00+05:30,3030.1,rsi_oversold,rsi_overbought,592.0,197.11,12.06,36.18,346.64,7.0
NSE:HCLTECH,LONG,45,2025-10-31T15:15:00+05:30,1540.0,2025-11-11T09:15:00+05:30,1549.4,rsi_oversold,rsi_overbought,423.0,217.58,13.9,41.71,149.81,10.75
NSE:BHARTIARTL,LONG,30,2025-11-07T10:15:00+05:30,2002.7,2025-11-11T09:15:00+05:30,2048.8,rsi_oversold,rsi_overbought,1383.0,198.09,12.15,36.46,1136.29,3.96
NSE:LT,LONG,15,2025-11-04T10:15:00+05:30,3946.0,2025-11-11T09:15:00+05:30,3917.5,rsi_oversold,rsi_overbought,-427.5,194.23,11.8,35.39,-668.91,6.96
NSE:SBIN,SHORT,100,2025-10-10T11:15:00+05:30,882.15,2025-11-11T12:15:00+05:30,949.95,rsi_overbought,rsi_oversold,-6780.0,267.23,18.32,54.96,-7120.51,32.04
NSE:SENSEX,LONG,0.8175284337427248,2025-10-31T11:15:00+05:30,84171.19,2025-11-11T14:15:00+05:30,83860.44,rsi_oversold,rsi_overbought,-254.05,65.25,2.75,13.74,-335.79,11.12
NSE:NIFTY,LONG,2.5954556743458985,2025-10-31T11:15:00+05:30,25798.15,2025-11-12T09:15:00+05:30,25839.85,rsi_oversold,rsi_overbought,108.23,64.85,2.68,13.4,27.3,11.92
NSE:RELIANCE,LONG,65,2025-10-31T10:15:00+05:30,1484.5,2025-11-12T11:15:00+05:30,1520.5,rsi_oversold,rsi_overbought,2340.0,280.0,19.53,58.6,1981.87,12.04
NSE:TATACONSUM,LONG,50,2025-10-31T13:15:00+05:30,1164.7,2025-11-12T14:15:00+05:30,1161.4,rsi_oversold,rsi_overbought,-165.0,192.38,11.63,34.89,-403.91,12.04
NSE:ADANIGREEN,LONG,50,2025-11-04T12:15:00+05:30,1096.0,2025-11-12T15:15:00+05:30,1071.6,rsi_oversold,rsi_overbought,-1220.0,183.66,10.84,32.51,-1447.01,8.12
NSE:BANKNIFTY,LONG,1.658632189240365,2025-10-31T14:15:00+05:30,57765.45,2025-11-13T09:15:00+05:30,58456.9,rsi_oversold,rsi_overbought,1146.86,72.67,3.86,19.28,1051.06,12.79
NSE:INFY,SHORT,35,2025-11-10T11:15:00+05:30,1516.0,2025-11-14T09:15:00+05:30,1504.5,rsi_overbought,rsi_oversold,402.5,180.58,10.57,31.72,179.64,3.92
NSE:HDFCBANK,LONG,160,2025-11-14T10:15:00+05:30,981.6,2025-11-18T09:15:00+05:30,993.65,rsi_oversold,rsi_overbought,1928.0,414.18,31.6,94.81,1387.41,3.96
NSE:TCS,SHORT,20,2025-11-11T10:15:00+05:30,3026.4,2025-11-18T15:15:00+05:30,3080.1,rsi_overbought,rsi_oversold,-1074.0,198.92,12.21,36.64,-1321.78,7.21
NSE:INFY,LONG,35,2025-11-14T10:15:00+05:30,1510.5,2025-11-19T10:15:00+05:30,1537.7,rsi_oversold,rsi_overbought,952.0,181.61,10.67,32.01,727.71,5.0
NSE:HINDUNILVR,LONG,30,2025-10-24T10:15:00+05:30,2514.7,2025-11-20T09:15:00+05:30,2449.9,rsi_oversold,rsi_overbought,-1944.0,228.78,14.89,44.68,-2232.35,26.96
NSE:TATASTEEL,LONG,365,2025-11-14T09:15:00+05:30,174.18,2025-11-20T09:15:00+05:30,173.36,rsi_oversold,rsi_overbought,-299.3,204.11,12.69,38.06,-554.15,6.0
NSE:ITC,LONG,225,2025-11-04T10:15:00+05:30,412.45,2025-11-21T10:15:00+05:30,406.7,rsi_oversold,rsi_overbought,-1293.75,268.04,18.43,55.29,-1635.51,17.0
NSE:HCLTECH,SHORT,45,2025-11-11T10:15:00+05:30,1551.0,2025-11-21T11:15:00+05:30,1627.5,rsi_overbought,rsi_oversold,-3442.5,222.33,14.3,42.91,-3722.04,10.04
NSE:ADANIGREEN,SHORT,50,2025-11-13T09:15:00+05:30,1073.7,2025-11-21T12:15:00+05:30,1043.4,rsi_overbought,rsi_oversold,1515.0,180.65,10.59,31.76,1292.01,8.12
NSE:SBIN,SHORT,85,2025-11-13T09:15:00+05:30,962.45,2025-11-21T14:15:00+05:30,972.95,rsi_overbought,rsi_oversold,-892.5,246.0,16.45,49.35,-1204.31,8.21
NSE:ICICIBANK,SHORT,55,2025-11-10T11:15:00+05:30,1341.9,2025-11-21T15:15:00+05:30,1369.0,rsi_overbought,rsi_oversold,-1490.5,228.93,14.91,44.73,-1779.06,11.17
NSE:LT,SHORT,15,2025-11-11T10:15:00+05:30,3902.7,2025-11-24T13:15:00+05:30,4014.0,rsi_overbought,rsi_oversold,-1669.5,195.21,11.88,35.63,-1912.21,13.12
NSE:NIFTY,SHORT,2.5881088420168226,2025-11-12T10:15:00+05:30,25881.9,2025-11-24T14:15:00+05:30,25954.4,rsi_overbought,rsi_oversold,-187.64,64.84,2.68,13.42,-268.57,12.17
NSE:SENSEX,SHORT,0.8116944078204041,2025-11-12T09:15:00+05:30,84363.72,2025-11-24T14:15:00+05:30,84879.97,rsi_overbought,rsi_oversold,-419.04,65.24,2.75,13.74,-500.76,12.21
NSE:ITC,SHORT,225,2025-11-21T11:15:00+05:30,407.2,2025-11-25T12:15:00+05:30,403.6,rsi_overbought,rsi_oversold,810.0,265.79,18.24,54.73,471.24,4.04
NSE:HINDUNILVR,SHORT,30,2025-11-20T10:15:00+05:30,2453.7,2025-11-25T15:15:00+05:30,2411.0,rsi_overbought,rsi_oversold,1281.0,225.21,14.59,43.78,997.42,5.21
NSE:BHARTIARTL,SHORT,30,2025-11-11T10:15:00+05:30,2041.7,2025-11-26T09:15:00+05:30,2116.4,rsi_overbought,rsi_oversold,-2241.0,201.92,12.47,37.42,-2492.81,14.96
NSE:TATASTEEL,LONG,370,2025-11-21T09:15:00+05:30,170.38,2025-11-26T13:15:00+05:30,169.28,rsi_oversold,rsi_overbought,-407.0,202.81,12.57,37.7,-660.08,5.17
NSE:ADANIGREEN,LONG,50,2025-11-21T13:15:00+05:30,1040.0,2025-11-26T14:15:00+05:30,1035.4,rsi_oversold,rsi_overbought,-230.0,178.46,10.38,31.13,-449.97,5.04
NSE:NIFTY,LONG,2.571657214786907,2025-11-24T15:15:00+05:30,25943.35,2025-11-27T10:15:00+05:30,26297.65,rsi_oversold,rsi_overbought,911.14,64.96,2.69,13.43,830.06,2.79
NSE:SENSEX,LONG,0.8017984833549318,2025-11-24T15:15:00+05:30,84782.27,2025-11-27T10:15:00+05:30,85990.76,rsi_oversold,rsi_overbought,968.97,65.31,2.74,13.69,887.23,2.79
NSE:ICICIBANK,LONG,55,2025-11-24T14:15:00+05:30,1369.9,2025-11-27T10:15:00+05:30,1392.0,rsi_oversold,rsi_overbought,1215.5,231.84,15.19,45.57,922.9,2.83
NSE:HCLTECH,LONG,40,2025-11-21T12:15:00+05:30,1624.6,2025-11-27T10:15:00+05:30,1626.0,rsi_oversold,rsi_overbought,56.0,207.61,13.0,39.01,-203.62,5.92
NSE:SBIN,SHORT,80,2025-11-26T10:15:00+05:30,994.3,2025-11-27T13:15:00+05:30,968.95,rsi_overbought,rsi_oversold,2028.0,237.51,15.71,47.12,1727.67,1.12
NSE:ITC,LONG,230,2025-11-25T13:15:00+05:30,403.4,2025-11-27T15:15:00+05:30,405.0,rsi_oversold,rsi_overbought,368.0,269.71,18.59,55.78,23.91,2.08
NSE:TCS,SHORT,15,2025-11-19T15:15:00+05:30,3147.0,2025-11-28T11:15:00+05:30,3136.9,rsi_overbought,rsi_oversold,151.5,167.86,9.43,28.28,-54.06,8.83
NSE:TATACONSUM,SHORT,50,2025-11-12T15:15:00+05:30,1162.0,2025-11-28T11:15:00+05:30,1172.2,rsi_overbought,rsi_oversold,-510.0,192.86,11.67,35.01,-749.54,15.83
NSE:RELIANCE,SHORT,65,2025-11-12T12:15:00+05:30,1523.5,2025-12-02T09:15:00+05:30,1557.5,rsi_overbought,rsi_oversold,-2210.0,285.84,20.03,60.08,-2575.94,19.88
NSE:ICICIBANK,SHORT,55,2025-11-27T11:15:00+05:30,1388.3,2025-12-02T09:15:00+05:30,1373.1,rsi_overbought,rsi_oversold,836.0,231.84,15.19,45.56,543.41,4.92
NSE:HDFCBANK,SHORT,160,2025-11-18T10:15:00+05:30,995.9,2025-12-02T10:15:00+05:30,992.3,rsi_overbought,rsi_oversold,576.0,416.58,31.81,95.43,32.17,14.0
NSE:ADANIGREEN,SHORT,50,2025-11-26T15:15:00+05:30,1034.0,2025-12-02T14:15:00+05:30,1022.6,rsi_overbought,rsi_oversold,570.0,177.35,10.28,30.85,351.51,5.96
NSE:BANKNIFTY,SHORT,1.6542441098068494,2025-11-13T10:15:00+05:30,58552.15,2025-12-03T09:15:00+05:30,59043.1,rsi_overbought,rsi_oversold,-812.15,72.73,3.89,19.45,-908.22,19.96
NSE:NIFTY,SHORT,2.576808373058117,2025-11-27T14:15:00+05:30,26212.65,2025-12-03T09:15:00+05:30,25928.2,rsi_overbought,rsi_oversold,732.97,64.95,2.69,13.44,651.9,5.79
NSE:SENSEX,SHORT,0.8032833435373432,2025-11-27T14:15:00+05:30,85726.75,2025-12-03T09:15:00+05:30,84858.36,rsi_overbought,rsi_oversold,697.56,65.29,2.74,13.7,615.82,5.79
NSE:TATASTEEL,SHORT,365,2025-11-26T14:15:00+05:30,169.9,2025-12-03T09:15:00+05:30,165.9,rsi_overbought,rsi_oversold,1460.0,199.22,12.26,36.77,1211.75,6.79
NSE:TCS,LONG,15,2025-11-28T12:15:00+05:30,3141.5,2025-12-03T10:15:00+05:30,3190.4,rsi_oversold,rsi_overbought,733.5,168.62,9.5,28.49,526.89,4.92
NSE:HINDUNILVR,SHORT,30,2025-11-27T09:15:00+05:30,2444.7,2025-12-05T09:15:00+05:30,2361.6,rsi_overbought,rsi_oversold,2493.0,223.17,14.42,43.26,2212.15,8.0
NSE:BANKNIFTY,LONG,1.6269629522494595,2025-12-03T10:15:00+05:30,58977.4,2025-12-05T10:15:00+05:30,59601.55,rsi_oversold,rsi_overbought,1015.47,72.68,3.86,19.29,919.64,2.0
NSE:NIFTY,LONG,2.631012760694243,2025-12-03T10:15:00+05:30,25919.65,2025-12-05T10:15:00+05:30,26143.5,rsi_oversold,rsi_overbought,588.95,65.28,2.74,13.7,507.24,2.0
NSE:SENSEX,LONG,0.8187199508772036,2025-12-03T10:15:00+05:30,84860.34,2025-12-05T10:15:00+05:30,85611.13,rsi_oversold,rsi_overbought,614.69,65.62,2.79,13.96,532.32,2.0
NSE:TATACONSUM,LONG,50,2025-11-28T12:15:00+05:30,1168.8,2025-12-05T11:15:00+05:30,1156.4,rsi_oversold,rsi_overbought,-620.0,192.37,11.63,34.88,-858.87,6.96
NSE:ITC,LONG,230,2025-12-03T12:15:00+05:30,400.05,2025-12-05T12:15:00+05:30,404.05,rsi_oversold,rsi_overbought,920.0,268.57,18.49,55.48,577.45,2.0
NSE:LT,LONG,10,2025-11-24T14:15:00+05:30,4011.7,2025-12-05T12:15:00+05:30,4035.9,rsi_oversold,rsi_overbought,242.0,152.54,8.05,24.14,57.27,10.92
NSE:SBIN,LONG,85,2025-11-28T09:15:00+05:30,975.0,2025-12-05T13:15:00+05:30,967.35,rsi_oversold,rsi_overbought,-650.25,246.64,16.51,49.53,-962.93,7.17
NSE:NIFTY,SHORT,2.6291716235571676,2025-12-05T11:15:00+05:30,26130.15,2025-12-09T09:15:00+05:30,25784.05,rsi_overbought,rsi_oversold,909.96,65.24,2.73,13.65,828.33,3.92
NSE:INFY,SHORT,35,2025-11-20T09:15:00+05:30,1540.3,2025-12-09T10:15:00+05:30,1593.0,rsi_overbought,rsi_oversold,-1844.5,185.13,10.97,32.9,-2073.5,19.04
NSE:SENSEX,SHORT,0.8169323110867288,2025-12-05T12:15:00+05:30,85695.69,2025-12-09T12:15:00+05:30,84809.85,rsi_overbought,rsi_oversold,723.67,65.6,2.79,13.93,641.36,4.0
NSE:BANKNIFTY,SHORT,1.6219997317500592,2025-12-05T12:15:00+05:30,59723.15,2025-12-09T14:15:00+05:30,59217.35,rsi_overbought,rsi_oversold,820.41,72.66,3.86,19.29,724.6,4.08
NSE:HCLTECH,SHORT,40,2025-11-27T14:15:00+05:30,1629.6,2025-12-10T09:15:00+05:30,1664.6,rsi_overbought,rsi_oversold,-1400.0,209.66,13.18,39.53,-1662.37,12.79
NSE:TATASTEEL,LONG,380,2025-12-03T10:15:00+05:30,165.55,2025-12-11T13:15:00+05:30,165.57,rsi_oversold,rsi_overbought,7.6,202.95,12.58,37.75,-245.68,8.12
NSE:ITC,SHORT,230,2025-12-05T13:15:00+05:30,404.75,2025-12-12T09:15:00+05:30,401.75,rsi_overbought,rsi_oversold,690.0,269.21,18.55,55.65,346.6,6.83
NSE:ADANIGREEN,LONG,55,2025-12-03T09:15:00+05:30,1015.1,2025-12-12T10:15:00+05:30,1036.3,rsi_oversold,rsi_overbought,1166.0,188.42,11.28,33.85,932.45,9.04
NSE:NIFTY,LONG,2.6869575846802234,2025-12-09T12:15:00+05:30,25875.55,2025-12-12T11:15:00+05:30,26014.2,rsi_oversold,rsi_overbought,372.55,65.58,2.79,13.94,290.23,2.96
NSE:HDFCBANK,LONG,160,2025-12-02T11:15:00+05:30,993.5,2025-12-12T11:15:00+05:30,1002.0,rsi_oversold,rsi_overbought,1360.0,417.82,31.93,95.78,814.47,10.0
NSE:SENSEX,LONG,0.8344511517706362,2025-12-09T14:15:00+05:30,84662.86,2025-12-12T11:15:00+05:30,85193.68,rsi_oversold,rsi_overbought,442.94,65.89,2.83,14.17,360.04,2.88
NSE:RELIANCE,LONG,60,2025-12-02T10:15:00+05:30,1553.1,2025-12-12T11:15:00+05:30,1557.0,rsi_oversold,rsi_overbought,234.0,270.47,18.66,55.98,-111.12,10.04
NSE:BANKNIFTY,LONG,1.6481996372355403,2025-12-09T15:15:00+05:30,59212.1,2025-12-12T13:15:00+05:30,59389.15,rsi_oversold,rsi_overbought,291.81,72.95,3.91,19.55,195.41,2.92
NSE:BHARTIARTL,LONG,25,2025-11-27T11:15:00+05:30,2116.6,2025-12-15T10:15:00+05:30,2068.7,rsi_oversold,rsi_overbought,-1197.5,179.49,10.46,31.39,-1418.84,17.96
NSE:ICICIBANK,LONG,55,2025-12-03T09:15:00+05:30,1372.9,2025-12-15T12:15:00+05:30,1367.5,rsi_oversold,rsi_overbought,-297.0,230.64,15.07,45.22,-587.93,12.12
NSE:INFY,LONG,35,2025-12-10T09:15:00+05:30,1595.0,2025-12-15T13:15:00+05:30,1607.1,rsi_oversold,rsi_overbought,423.5,187.64,11.21,33.62,191.03,5.17
NSE:HINDUNILVR,LONG,30,2025-12-05T10:15:00+05:30,2351.2,2025-12-16T09:15:00+05:30,2292.0,rsi_oversold,rsi_overbought,-1776.0,218.05,13.93,41.79,-2049.77,10.96
NSE:ITC,LONG,235,2025-12-12T10:15:00+05:30,400.8,2025-12-16T10:15:00+05:30,405.1,rsi_oversold,rsi_overbought,1010.5,273.51,18.94,56.82,661.24,4.0
NSE:HDFCBANK,SHORT,160,2025-12-12T12:15:00+05:30,1000.8,2025-12-16T11:15:00+05:30,992.4,rsi_overbought,rsi_oversold,1344.0,417.41,31.89,95.67,799.02,3.96
NSE:NIFTY,SHORT,2.681646868882537,2025-12-12T12:15:00+05:30,26034.7,2025-12-16T13:15:00+05:30,25883.25,rsi_overbought,rsi_oversold,406.14,65.56,2.78,13.92,323.87,4.04
NSE:SENSEX,SHORT,0.8330079299222398,2025-12-12T12:15:00+05:30,85240.47,2025-12-16T14:15:00+05:30,84685.32,rsi_overbought,rsi_oversold,462.44,65.87,2.83,14.15,379.59,4.08
NSE:TATASTEEL,SHORT,380,2025-12-11T14:15:00+05:30,166.28,2025-12-16T14:15:00+05:30,169.85,rsi_overbought,rsi_oversold,-1356.6,205.17,12.77,38.32,-1612.86,5.0
NSE:ADANIGREEN,SHORT,55,2025-12-12T11:15:00+05:30,1036.7,2025-12-17T09:15:00+05:30,1021.6,rsi_overbought,rsi_oversold,830.5,188.87,11.32,33.96,596.35,4.92
NSE:BANKNIFTY,SHORT,1.6463544084870734,2025-12-12T15:15:00+05:30,59396.8,2025-12-17T11:15:00+05:30,58899.55,rsi_overbought,rsi_oversold,818.65,72.9,3.9,19.48,722.38,4.83
NSE:LT,SHORT,10,2025-12-05T13:15:00+05:30,4037.8,2025-12-17T14:15:00+05:30,4059.0,rsi_overbought,rsi_oversold,-212.0,153.12,8.1,24.29,-397.51,12.04
NSE:HINDUNILVR,SHORT,30,2025-12-16T10:15:00+05:30,2294.3,2025-12-18T09:15:00+05:30,2263.1,rsi_overbought,rsi_oversold,936.0,214.99,13.67,41.02,666.32,1.96
NSE:BHARTIARTL,SHORT,25,2025-12-15T11:15:00+05:30,2071.0,2025-12-19T12:15:00+05:30,2084.4,rsi_overbought,rsi_oversold,-335.0,178.59,10.39,31.17,-555.15,4.04
NSE:NIFTY,LONG,2.7126639053632933,2025-12-16T14:15:00+05:30,25856.05,2025-12-22T09:15:00+05:30,26129.25,rsi_oversold,rsi_overbought,741.1,65.82,2.82,14.1,658.35,5.79
NSE:SENSEX,LONG,0.843318918772929,2025-12-16T15:15:00+05:30,84647.03,2025-12-22T09:15:00+05:30,85405.06,rsi_oversold,rsi_overbought,639.26,66.13,2.87,14.34,555.92,5.75
NSE:HINDUNILVR,LONG,30,2025-12-18T10:15:00+05:30,2265.8,2025-12-22T09:15:00+05:30,2285.9,rsi_oversold,rsi_overbought,603.0,214.82,13.66,40.97,333.56,3.96
NSE:BANKNIFTY,LONG,1.67395068913208,2025-12-17T12:15:00+05:30,58847.85,2025-12-22T13:15:00+05:30,59283.15,rsi_oversold,rsi_overbought,728.67,73.29,3.95,19.77,631.65,5.04
NSE:HDFCBANK,LONG,160,2025-12-17T11:15:00+05:30,983.1,2025-12-22T14:15:00+05:30,988.1,rsi_oversold,rsi_overbought,800.0,413.54,31.54,94.62,260.3,5.12
NSE:ICICIBANK,LONG,55,2025-12-17T09:15:00+05:30,1347.0,2025-12-22T14:15:00+05:30,1368.9,rsi_oversold,rsi_overbought,1204.5,229.03,14.94,44.81,915.72,5.21
NSE:SBIN,SHORT,85,2025-12-05T14:15:00+05:30,971.35,2025-12-23T09:15:00+05:30,974.8,rsi_overbought,rsi_oversold,-293.25,246.97,16.54,49.63,-606.39,17.79
NSE:HCLTECH,LONG,35,2025-12-10T10:15:00+05:30,1659.7,2025-12-23T09:15:00+05:30,1667.5,rsi_oversold,rsi_overbought,273.0,192.51,11.65,34.94,33.91,12.96
NSE:TATASTEEL,LONG,360,2025-12-16T15:15:00+05:30,169.8,2025-12-23T11:15:00+05:30,171.04,rsi_oversold,rsi_overbought,446.4,199.45,12.27,36.81,197.87,6.83
NSE:INFY,SHORT,35,2025-12-18T09:15:00+05:30,1622.3,2025-12-24T12:15:00+05:30,1660.3,rsi_overbought,rsi_oversold,-1330.0,190.9,11.49,34.47,-1566.86,6.12
NSE:RELIANCE,SHORT,60,2025-12-12T12:15:00+05:30,1557.9,2025-12-24T14:15:00+05:30,1561.4,rsi_overbought,rsi_oversold,-210.0,271.12,18.72,56.15,-555.98,12.08
NSE:BHARTIARTL,SHORT,25,2025-12-22T13:15:00+05:30,2148.1,2025-12-24T14:15:00+05:30,2125.4,rsi_overbought,rsi_oversold,567.5,181.81,10.68,32.05,342.96,2.04
NSE:LT,SHORT,10,2025-12-22T15:15:00+05:30,4073.0,2025-12-26T09:15:00+05:30,4041.1,rsi_overbought,rsi_oversold,319.0,153.27,8.11,24.34,133.27,3.75
NSE:NIFTY,SHORT,2.7099714266539885,2025-12-22T10:15:00+05:30,26123.95,2025-12-26T10:15:00+05:30,26072.8,rsi_overbought,rsi_oversold,138.62,65.83,2.83,14.15,55.81,4.0
NSE:SENSEX,SHORT,0.8425785795934897,2025-12-22T10:15:00+05:30,85379.22,2025-12-26T10:15:00+05:30,85171.07,rsi_overbought,rsi_oversold,175.38,66.13,2.87,14.37,92.01,4.0
NSE:HCLTECH,SHORT,35,2025-12-23T10:15:00+05:30,1672.9,2025-12-26T11:15:00+05:30,1657.7,rsi_overbought,rsi_oversold,532.0,192.63,11.66,34.97,292.74,3.04
NSE:BANKNIFTY,SHORT,1.6714266288399389,2025-12-22T14:15:00+05:30,59313.5,2025-12-26T12:15:00+05:30,59034.15,rsi_overbought,rsi_oversold,466.91,73.27,3.96,19.78,369.9,3.92
NSE:HINDUNILVR,SHORT,30,2025-12-22T13:15:00+05:30,2289.9,2025-12-26T14:15:00+05:30,2285.2,rsi_overbought,rsi_oversold,141.0,215.64,13.73,41.18,-129.54,4.04
NSE:ITC,SHORT,230,2025-12-23T10:15:00+05:30,405.15,2025-12-26T15:15:00+05:30,404.9,rsi_overbought,rsi_oversold,57.5,270.16,18.63,55.89,-287.18,3.21
NSE:TCS,SHORT,15,2025-12-03T11:15:00+05:30,3202.7,2025-12-29T09:15:00+05:30,3265.9,rsi_overbought,rsi_oversold,-948.0,171.02,9.7,29.11,-1157.83,25.92
NSE:TATASTEEL,LONG,365,2025-12-26T11:15:00+05:30,169.12,2025-12-30T10:15:00+05:30,172.1,rsi_oversold,rsi_overbought,1087.7,201.45,12.45,37.36,836.44,3.96
NSE:BANKNIFTY,LONG,1.6862199762218297,2025-12-26T13:15:00+05:30,59011.85,2025-12-31T09:15:00+05:30,59349.4,rsi_oversold,rsi_overbought,569.18,73.52,3.99,19.96,471.72,4.83
NSE:SBIN,LONG,85,2025-12-23T11:15:00+05:30,973.75,2025-12-31T09:15:00+05:30,978.25,rsi_oversold,rsi_overbought,382.5,247.48,16.59,49.78,68.66,7.92
NSE:NIFTY,LONG,2.7185222025540106,2025-12-26T11:15:00+05:30,26062.25,2025-12-31T12:15:00+05:30,26155.35,rsi_oversold,rsi_overbought,253.09,65.9,2.84,14.2,170.16,5.04
NSE:SENSEX,LONG,0.8465582215721107,2025-12-26T11:15:00+05:30,85086.22,2025-12-31T12:15:00+05:30,85312.23,rsi_oversold,rsi_overbought,191.33,66.2,2.89,14.43,107.82,5.04
NSE:RELIANCE,LONG,60,2025-12-24T15:15:00+05:30,1560.6,2025-12-31T12:15:00+05:30,1572.5,rsi_oversold,rsi_overbought,714.0,271.97,18.8,56.4,366.83,6.88
NSE:LT,LONG,10,2025-12-26T10:15:00+05:30,4043.0,2025-12-31T13:15:00+05:30,4088.7,rsi_oversold,rsi_overbought,457.0,153.46,8.13,24.4,271.02,5.12
NSE:ADANIGREEN,LONG,55,2025-12-17T10:15:00+05:30,1023.4,2026-01-01T09:15:00+05:30,1033.2,rsi_oversold,rsi_overbought,539.0,188.78,11.31,33.93,304.97,14.96
NSE:INFY,LONG,30,2025-12-26T13:15:00+05:30,1657.5,2026-01-02T10:15:00+05:30,1639.0,rsi_oversold,rsi_overbought,-555.0,173.07,9.89,29.67,-767.62,6.88
NSE:TATACONSUM,SHORT,50,2025-12-05T12:15:00+05:30,1160.9,2026-01-02T12:15:00+05:30,1172.0,rsi_overbought,rsi_oversold,-555.0,192.79,11.66,34.99,-794.45,28.0
NSE:TCS,LONG,15,2025-12-29T10:15:00+05:30,3254.8,2026-01-02T14:15:00+05:30,3250.6,rsi_oversold,rsi_overbought,-63.0,171.57,9.76,29.27,-273.6,4.17
NSE:ICICIBANK,LONG,55,2025-12-26T14:15:00+05:30,1350.0,2026-01-05T09:15:00+05:30,1369.5,rsi_oversold,rsi_overbought,1072.5,229.26,14.96,44.87,783.41,9.79
NSE:HDFCBANK,SHORT,160,2025-12-23T10:15:00+05:30,993.4,2026-01-06T09:15:00+05:30,963.2,rsi_overbought,rsi_oversold,4832.0,410.64,31.31,93.92,4296.13,13.96
NSE:RELIANCE,SHORT,60,2025-12-31T13:15:00+05:30,1573.0,2026-01-06T09:15:00+05:30,1526.2,rsi_overbought,rsi_oversold,2808.0,269.55,18.6,55.79,2464.07,5.83
NSE:SENSEX,SHORT,0.8452211768690127,2025-12-31T13:15:00+05:30,85348.0,2026-01-06T11:15:00+05:30,85046.72,rsi_overbought,rsi_oversold,254.65,66.18,2.88,14.4,171.19,5.92
NSE:TATACONSUM,LONG,50,2026-01-02T13:15:00+05:30,1171.2,2026-01-06T11:15:00+05:30,1195.5,rsi_oversold,rsi_overbought,1215.0,194.54,11.83,35.5,973.13,3.92
NSE:NIFTY,SHORT,2.714122865319024,2025-12-31T13:15:00+05:30,26167.0,2026-01-06T12:15:00+05:30,26174.7,rsi_overbought,rsi_oversold,-20.9,65.89,2.84,14.21,-103.84,5.96
NSE:ADANIGREEN,SHORT,55,2026-01-01T10:15:00+05:30,1027.4,2026-01-06T13:15:00+05:30,1015.8,rsi_overbought,rsi_oversold,638.0,187.96,11.24,33.71,405.09,5.12
NSE:HCLTECH,LONG,40,2025-12-26T12:15:00+05:30,1657.2,2026-01-07T09:15:00+05:30,1642.0,rsi_oversold,rsi_overbought,-608.0,209.82,13.2,39.59,-870.61,11.88
NSE:TATASTEEL,SHORT,360,2025-12-30T11:15:00+05:30,172.82,2026-01-08T09:15:00+05:30,181.39,rsi_overbought,rsi_oversold,-3085.2,205.06,12.75,38.25,-3341.27,8.92
NSE:BANKNIFTY,SHORT,1.6816128954585206,2025-12-31T10:15:00+05:30,59453.2,2026-01-08T10:15:00+05:30,59786.3,rsi_overbought,rsi_oversold,-560.15,73.54,4.01,20.05,-657.74,8.0
NSE:SBIN,SHORT,80,2025-12-31T10:15:00+05:30,983.1,2026-01-08T11:15:00+05:30,998.75,rsi_overbought,rsi_oversold,-1252.0,239.41,15.85,47.56,-1554.83,8.04
NSE:LT,SHORT,10,2025-12-31T14:15:00+05:30,4082.2,2026-01-08T12:15:00+05:30,4112.0,rsi_overbought,rsi_oversold,-298.0,154.21,8.19,24.58,-484.99,7.92
NSE:TATACONSUM,SHORT,45,2026-01-06T12:15:00+05:30,1205.8,2026-01-08T15:15:00+05:30,1197.5,rsi_overbought,rsi_oversold,373.5,183.28,10.81,32.44,146.96,2.12
NSE:INFY,SHORT,30,2026-01-02T14:15:00+05:30,1639.4,2026-01-09T12:15:00+05:30,1613.8,rsi_overbought,rsi_oversold,768.0,171.52,9.76,29.28,557.44,6.92
NSE:HINDUNILVR,SHORT,30,2025-12-31T09:15:00+05:30,2316.6,2026-01-09T13:15:00+05:30,2364.1,rsi_overbought,rsi_oversold,-1425.0,219.28,14.04,42.13,-1700.44,9.17
NSE:ICICIBANK,SHORT,55,2026-01-05T10:15:00+05:30,1374.9,2026-01-09T14:15:00+05:30,1403.9,rsi_overbought,rsi_oversold,-1595.0,233.08,15.28,45.85,-1889.22,4.17
NSE:TCS,SHORT,15,2026-01-02T15:15:00+05:30,3245.7,2026-01-09T14:15:00+05:30,3208.6,rsi_overbought,rsi_oversold,556.5,170.67,9.68,29.04,347.1,6.96
NSE:SBIN,LONG,80,2026-01-08T12:15:00+05:30,998.8,2026-01-12T15:15:00+05:30,1014.5,rsi_oversold,rsi_overbought,1256.0,242.01,16.11,48.32,949.56,4.12
NSE:ICICIBANK,LONG,55,2026-01-12T09:15:00+05:30,1403.8,2026-01-13T10:15:00+05:30,1434.2,rsi_oversold,rsi_overbought,1672.0,236.46,15.61,46.83,1373.11,1.04
NSE:TATASTEEL,LONG,330,2026-01-08T10:15:00+05:30,180.24,2026-01-14T09:15:00+05:30,186.49,rsi_oversold,rsi_overbought,2062.5,197.46,12.1,36.31,1816.63,5.96
NSE:HINDUNILVR,SHORT,30,2026-01-13T09:15:00+05:30,2405.1,2026-01-14T13:15:00+05:30,2346.9,rsi_overbought,rsi_oversold,1746.0,221.42,14.26,42.77,1467.56,1.17
NSE:INFY,LONG,30,2026-01-09T13:15:00+05:30,1609.5,2026-01-16T09:15:00+05:30,1673.7,rsi_oversold,rsi_overbought,1926.0,172.44,9.85,29.55,1714.16,6.83
NSE:TCS,SHORT,15,2026-01-13T14:15:00+05:30,3267.4,2026-01-16T10:15:00+05:30,3200.1,rsi_overbought,rsi_oversold,1009.5,170.86,9.7,29.1,799.84,2.83
NSE:BANKNIFTY,LONG,1.663644536004311,2026-01-08T11:15:00+05:30,59701.15,2026-01-16T12:15:00+05:30,59980.5,rsi_oversold,rsi_overbought,464.74,73.44,3.98,19.91,367.4,8.04
NSE:ICICIBANK,SHORT,55,2026-01-13T11:15:00+05:30,1434.8,2026-01-16T12:15:00+05:30,1401.6,rsi_overbought,rsi_oversold,1826.0,236.35,15.6,46.8,1527.25,3.04
NSE:HINDUNILVR,LONG,30,2026-01-14T14:15:00+05:30,2353.7,2026-01-19T10:15:00+05:30,2392.3,rsi_oversold,rsi_overbought,1158.0,221.26,14.24,42.71,879.79,4.83
NSE:TATASTEEL,SHORT,320,2026-01-14T10:15:00+05:30,189.48,2026-01-20T09:15:00+05:30,186.14,rsi_overbought,rsi_oversold,1068.8,196.62,12.02,36.06,824.1,5.96
NSE:BANKNIFTY,SHORT,1.66047390171097,2026-01-16T13:15:00+05:30,60035.75,2026-01-20T13:15:00+05:30,59488.1,rsi_overbought,rsi_oversold,909.36,73.4,3.97,19.85,812.14,4.0
NSE:INFY,SHORT,30,2026-01-16T10:15:00+05:30,1684.8,2026-01-20T14:15:00+05:30,1657.9,rsi_overbought,rsi_oversold,807.0,174.5,10.03,30.08,592.38,4.17
NSE:SBIN,SHORT,80,2026-01-13T09:15:00+05:30,1022.45,2026-01-21T10:15:00+05:30,1027.5,rsi_overbought,rsi_oversold,-404.0,245.4,16.4,49.2,-715.0,8.04
NSE:HCLTECH,SHORT,40,2026-01-07T10:15:00+05:30,1640.3,2026-01-21T10:15:00+05:30,1676.0,rsi_overbought,rsi_oversold,-1428.0,210.64,13.27,39.8,-1691.7,14.0
NSE:HINDUNILVR,SHORT,30,2026-01-19T12:15:00+05:30,2405.3,2026-01-21T13:15:00+05:30,2364.9,rsi_overbought,rsi_oversold,1212.0,222.06,14.31,42.93,932.7,2.04
NSE:TATASTEEL,LONG,330,2026-01-20T10:15:00+05:30,185.5,2026-01-22T15:15:00+05:30,189.4,rsi_oversold,rsi_overbought,1287.0,200.51,12.37,37.12,1037.0,2.21
NSE:TCS,LONG,15,2026-01-16T14:15:00+05:30,3205.3,2026-01-23T10:15:00+05:30,3188.6,rsi_oversold,rsi_overbought,-250.5,169.72,9.59,28.77,-458.59,6.83
NSE:INFY,LONG,35,2026-01-20T15:15:00+05:30,1654.4,2026-01-23T10:15:00+05:30,1667.0,rsi_oversold,rsi_overbought,441.0,192.28,11.62,34.87,202.22,2.79
NSE:HCLTECH,LONG,35,2026-01-21T11:15:00+05:30,1677.5,2026-01-23T10:15:00+05:30,1709.6,rsi_oversold,rsi_overbought,1123.5,194.78,11.85,35.56,881.3,1.96
NSE:HINDUNILVR,LONG,30,2026-01-21T15:15:00+05:30,2365.8,2026-01-23T13:15:00+05:30,2418.9,rsi_oversold,rsi_overbought,1593.0,222.52,14.35,43.06,1313.07,1.92
NSE:ICICIBANK,LONG,60,2026-01-19T09:15:00+05:30,1362.1,2026-01-28T09:15:00+05:30,1370.3,rsi_oversold,rsi_overbought,492.0,245.27,16.39,49.18,181.15,9.0
NSE:LT,LONG,10,2026-01-08T13:15:00+05:30,4102.0,2026-01-28T11:15:00+05:30,3798.0,rsi_oversold,rsi_overbought,-3040.0,151.14,7.9,23.7,-3222.74,19.92
NSE:BANKNIFTY,LONG,1.6922063242463021,2026-01-20T14:15:00+05:30,59388.45,2026-01-28T13:15:00+05:30,59304.4,rsi_oversold,rsi_overbought,-142.23,73.62,4.02,20.09,-239.95,7.96
NSE:HDFCBANK,LONG,170,2026-01-06T10:15:00+05:30,964.3,2026-01-28T13:15:00+05:30,929.5,rsi_oversold,rsi_overbought,-5916.0,421.33,32.19,96.58,-6466.11,22.12
NSE:ADANIGREEN,LONG,55,2026-01-06T14:15:00+05:30,1019.7,2026-01-28T14:15:00+05:30,822.5,rsi_oversold,rsi_overbought,-10846.0,176.53,10.13,30.4,-11063.06,22.0
NSE:INFY,SHORT,30,2026-01-23T11:15:00+05:30,1670.0,2026-01-29T11:15:00+05:30,1648.5,rsi_overbought,rsi_oversold,645.0,173.71,9.96,29.87,431.47,6.0
NSE:NIFTY,LONG,2.71367687548001,2026-01-06T13:15:00+05:30,26133.15,2026-01-29T13:15:00+05:30,25412.9,rsi_oversold,rsi_overbought,-1954.53,65.43,2.8,13.99,-2036.74,23.0
NSE:BHARTIARTL,LONG,25,2025-12-29T09:15:00+05:30,2100.5,2026-02-01T09:15:00+05:30,1973.7,rsi_oversold,rsi_overbought,-3170.0,176.55,10.19,30.56,-3387.29,34.0
NSE:HINDUNILVR,LONG,30,2026-01-28T10:15:00+05:30,2370.1,2026-02-01T10:15:00+05:30,2371.7,rsi_oversold,rsi_overbought,48.0,221.2,14.23,42.68,-230.1,4.0
NSE:TATACONSUM,LONG,50,2026-01-09T11:15:00+05:30,1190.8,2026-02-01T10:15:00+05:30,1141.0,rsi_oversold,rsi_overbought,-2490.0,192.87,11.66,34.98,-2729.51,22.96
NSE:BANKNIFTY,SHORT,1.6829101429981763,2026-01-28T14:15:00+05:30,59574.35,2026-02-01T12:15:00+05:30,58958.6,rsi_overbought,rsi_oversold,1036.25,73.54,3.99,19.95,938.77,3.92
NSE:SBIN,SHORT,75,2026-01-23T10:15:00+05:30,1050.55,2026-02-01T12:15:00+05:30,1044.9,rsi_overbought,rsi_oversold,423.75,237.74,15.72,47.15,123.15,9.08
NSE:HCLTECH,SHORT,35,2026-01-23T11:15:00+05:30,1715.0,2026-02-01T12:15:00+05:30,1685.3,rsi_overbought,rsi_oversold,1039.5,195.3,11.9,35.7,796.6,9.04
NSE:ICICIBANK,SHORT,60,2026-01-28T10:15:00+05:30,1370.2,2026-02-01T13:15:00+05:30,1345.5,rsi_overbought,rsi_oversold,1482.0,244.08,16.29,48.88,1172.74,4.12
NSE:TATASTEEL,SHORT,325,2026-01-23T09:15:00+05:30,192.05,2026-02-01T13:15:00+05:30,188.34,rsi_overbought,rsi_oversold,1205.75,200.42,12.36,37.09,955.88,9.17
NSE:ADANIGREEN,SHORT,55,2026-01-28T15:15:00+05:30,821.2,2026-02-01T13:15:00+05:30,823.2,rsi_overbought,rsi_oversold,-110.0,163.64,9.04,27.13,-309.82,3.92
NSE:HDFCBANK,SHORT,170,2026-01-29T13:15:00+05:30,937.95,2026-02-01T15:15:00+05:30,918.05,rsi_overbought,rsi_oversold,3383.0,413.49,31.55,94.66,2843.3,3.08
NSE:ADANIGREEN,LONG,55,2026-02-01T14:15:00+05:30,806.55,2026-02-03T10:15:00+05:30,933.6,rsi_oversold,rsi_overbought,6987.75,168.96,9.57,28.71,6780.51,1.83
NSE:NIFTY,LONG,2.7541565116280258,2026-02-01T13:15:00+05:30,25011.75,2026-02-03T12:15:00+05:30,25790.3,rsi_oversold,rsi_overbought,2144.25,65.81,2.8,13.99,2061.65,1.96
NSE:ICICIBANK,LONG,60,2026-02-01T14:15:00+05:30,1335.4,2026-02-03T12:15:00+05:30,1397.5,rsi_oversold,rsi_overbought,3726.0,245.06,16.4,49.19,3415.35,1.92
NSE:BANKNIFTY,LONG,1.7221971959888953,2026-02-01T13:15:00+05:30,58758.8,2026-02-03T13:15:00+05:30,60165.7,rsi_oversold,rsi_overbought,2422.96,74.37,4.1,20.48,2324.01,2.0
NSE:SENSEX,LONG,0.8501802850544918,2026-01-06T12:15:00+05:30,85050.92,2026-02-03T13:15:00+05:30,83878.92,rsi_oversold,rsi_overbought,-996.41,66.01,2.87,14.36,-1079.66,28.04
NSE:RELIANCE,LONG,65,2026-01-06T10:15:00+05:30,1510.5,2026-02-03T13:15:00+05:30,1442.6,rsi_oversold,rsi_overbought,-4413.5,276.76,19.2,57.59,-4767.04,28.12
NSE:SBIN,LONG,75,2026-02-01T13:15:00+05:30,1029.9,2026-02-03T14:15:00+05:30,1064.4,rsi_oversold,rsi_overbought,2587.5,237.48,15.71,47.12,2287.19,2.04
NSE:TATASTEEL,LONG,345,2026-02-01T14:15:00+05:30,184.73,2026-02-03T14:15:00+05:30,192.81,rsi_oversold,rsi_overbought,2787.6,207.66,13.03,39.08,2527.84,2.0
NSE:ITC,LONG,235,2025-12-29T09:15:00+05:30,402.7,2026-02-04T09:15:00+05:30,314.65,rsi_oversold,rsi_overbought,-20691.75,252.01,16.86,50.57,-21011.19,37.0
NSE:HINDUNILVR,LONG,35,2026-02-02T09:15:00+05:30,2319.9,2026-02-04T09:15:00+05:30,2378.7,rsi_oversold,rsi_overbought,2058.0,245.72,16.45,49.34,1746.5,2.0
NSE:NIFTY,SHORT,2.7523316454897824,2026-02-03T13:15:00+05:30,25775.15,2026-02-05T11:15:00+05:30,25629.8,rsi_overbought,rsi_oversold,400.05,65.85,2.83,14.15,317.22,1.92
NSE:SENSEX,SHORT,0.850720706997695,2026-02-03T14:15:00+05:30,83731.58,2026-02-05T11:15:00+05:30,83348.62,rsi_overbought,rsi_oversold,325.79,65.93,2.84,14.21,242.8,1.88
NSE:ITC,SHORT,235,2026-02-04T10:15:00+05:30,313.1,2026-02-05T11:15:00+05:30,310.15,rsi_overbought,rsi_oversold,693.25,225.83,14.65,43.94,408.83,1.04
NSE:HDFCBANK,SHORT,170,2026-02-03T13:15:00+05:30,949.9,2026-02-06T09:15:00+05:30,944.15,rsi_overbought,rsi_oversold,977.5,420.86,32.2,96.6,427.85,2.83
NSE:RELIANCE,SHORT,65,2026-02-03T14:15:00+05:30,1435.7,2026-02-06T09:15:00+05:30,1437.5,rsi_overbought,rsi_oversold,-117.0,270.67,18.68,56.03,-462.37,2.79
NSE:ITC,LONG,235,2026-02-05T12:15:00+05:30,310.45,2026-02-06T10:15:00+05:30,320.0,rsi_oversold,rsi_overbought,2244.25,227.6,14.82,44.45,1957.39,0.92
NSE:NIFTY,LONG,2.792702216250046,2026-02-06T09:15:00+05:30,25515.8,2026-02-10T09:15:00+05:30,25944.35,rsi_oversold,rsi_overbought,1196.81,66.22,2.87,14.37,1113.35,4.0
NSE:SENSEX,LONG,0.8575953938489802,2026-02-05T12:15:00+05:30,83342.64,2026-02-10T09:15:00+05:30,84320.36,rsi_oversold,rsi_overbought,838.49,66.2,2.88,14.38,755.04,4.88
NSE:TCS,LONG,15,2026-01-30T09:15:00+05:30,3113.9,2026-02-10T10:15:00+05:30,2993.7,rsi_oversold,rsi_overbought,-1803.0,165.07,9.16,27.48,-2004.71,11.04
NSE:ITC,SHORT,230,2026-02-06T11:15:00+05:30,325.05,2026-02-10T15:15:00+05:30,321.25,rsi_overbought,rsi_oversold,874.0,228.25,14.86,44.59,586.29,4.17
NSE:BHARTIARTL,SHORT,25,2026-02-03T15:15:00+05:30,1995.0,2026-02-11T09:15:00+05:30,2002.1,rsi_overbought,rsi_oversold,-177.5,174.19,9.99,29.98,-391.66,7.75
NSE:TATACONSUM,SHORT,45,2026-02-03T14:15:00+05:30,1155.4,2026-02-11T12:15:00+05:30,1151.7,rsi_overbought,rsi_oversold,166.5,178.48,10.38,31.15,-53.51,7.92
NSE:TCS,SHORT,15,2026-02-10T11:15:00+05:30,2991.2,2026-02-12T09:15:00+05:30,2798.0,rsi_overbought,rsi_oversold,2898.0,159.41,8.68,26.05,2703.86,1.92
NSE:SENSEX,SHORT,0.8558757045753793,2026-02-10T10:15:00+05:30,84389.64,2026-02-12T10:15:00+05:30,83866.29,rsi_overbought,rsi_oversold,447.92,66.19,2.88,14.4,364.45,2.0
NSE:NIFTY,SHORT,2.7877128035840695,2026-02-10T10:15:00+05:30,25959.65,2026-02-12T12:15:00+05:30,25835.75,rsi_overbought,rsi_oversold,345.4,66.23,2.89,14.44,261.84,2.08
NSE:RELIANCE,SHORT,65,2026-02-09T13:15:00+05:30,1464.2,2026-02-13T09:15:00+05:30,1432.3,rsi_overbought,rsi_oversold,2073.5,272.19,18.83,56.48,1726.0,3.83
NSE:ADANIGREEN,SHORT,55,2026-02-03T11:15:00+05:30,934.2,2026-02-13T09:15:00+05:30,950.8,rsi_overbought,rsi_oversold,-913.0,178.4,10.37,31.1,-1132.87,9.92
NSE:HINDUNILVR,SHORT,35,2026-02-04T10:15:00+05:30,2369.3,2026-02-13T10:15:00+05:30,2358.0,rsi_overbought,rsi_oversold,395.5,246.96,16.55,49.64,82.36,9.0
NSE:BANKNIFTY,SHORT,1.7241768372032027,2026-02-03T14:15:00+05:30,60035.2,2026-02-13T13:15:00+05:30,60297.15,rsi_overbought,rsi_oversold,-451.65,74.46,4.15,20.75,-551.01,9.96
NSE:TATASTEEL,SHORT,340,2026-02-03T15:15:00+05:30,193.22,2026-02-16T10:15:00+05:30,203.47,rsi_overbought,rsi_oversold,-3485.0,213.27,13.49,40.46,-3752.22,12.79
NSE:ICICIBANK,SHORT,60,2026-02-03T13:15:00+05:30,1391.9,2026-02-17T09:15:00+05:30,1400.0,rsi_overbought,rsi_oversold,-486.0,249.31,16.75,50.25,-802.32,13.83
NSE:TCS,LONG,20,2026-02-12T10:15:00+05:30,2782.8,2026-02-17T09:15:00+05:30,2743.2,rsi_oversold,rsi_overbought,-792.0,186.0,11.05,33.16,-1022.21,4.96
NSE:INFY,LONG,35,2026-02-04T10:15:00+05:30,1536.1,2026-02-17T09:15:00+05:30,1405.3,rsi_oversold,rsi_overbought,-4578.0,177.87,10.29,30.88,-4797.05,12.96
NSE:ITC,LONG,240,2026-02-11T09:15:00+05:30,318.75,2026-02-17T09:15:00+05:30,326.0,rsi_oversold,rsi_overbought,1740.0,234.95,15.47,46.42,1443.15,6.0
NSE:HCLTECH,LONG,35,2026-02-01T13:15:00+05:30,1677.1,2026-02-17T09:15:00+05:30,1489.2,rsi_oversold,rsi_overbought,-6576.5,186.77,11.08,33.25,-6807.6,15.83
NSE:ADANIGREEN,LONG,55,2026-02-13T12:15:00+05:30,953.6,2026-02-17T09:15:00+05:30,991.65,rsi_oversold,rsi_overbought,2092.75,181.86,10.7,32.1,1868.09,3.88
NSE:BANKNIFTY,LONG,1.7089728941712785,2026-02-13T14:15:00+05:30,60247.85,2026-02-17T10:15:00+05:30,61029.9,rsi_oversold,rsi_overbought,1336.5,74.59,4.15,20.73,1237.04,3.83
NSE:NIFTY,LONG,2.8142689111801777,2026-02-12T14:15:00+05:30,25807.45,2026-02-17T14:15:00+05:30,25724.85,rsi_oversold,rsi_overbought,-232.46,66.26,2.9,14.5,-316.13,5.0
NSE:HDFCBANK,LONG,170,2026-02-06T10:15:00+05:30,942.45,2026-02-17T14:15:00+05:30,925.7,rsi_oversold,rsi_overbought,-2847.5,416.25,31.76,95.28,-3390.79,11.17
NSE:SENSEX,LONG,0.8663758830789119,2026-02-12T11:15:00+05:30,83786.27,2026-02-17T14:15:00+05:30,83446.54,rsi_oversold,rsi_overbought,-294.33,66.24,2.9,14.49,-377.96,5.12
NSE:TATACONSUM,LONG,45,2026-02-11T14:15:00+05:30,1152.5,2026-02-17T15:15:00+05:30,1148.0,rsi_oversold,rsi_overbought,-202.5,178.18,10.35,31.06,-422.09,6.04
NSE:TATASTEEL,LONG,305,2026-02-16T11:15:00+05:30,203.5,2026-02-19T09:15:00+05:30,207.75,rsi_oversold,rsi_overbought,1296.25,202.42,12.54,37.63,1043.66,2.92
NSE:NIFTY,SHORT,2.812020705079732,2026-02-17T15:15:00+05:30,25716.0,2026-02-19T14:15:00+05:30,25447.6,rsi_overbought,rsi_oversold,754.75,66.2,2.88,14.39,671.28,1.96
NSE:HDFCBANK,SHORT,170,2026-02-17T15:15:00+05:30,926.45,2026-02-19T14:15:00+05:30,914.55,rsi_overbought,rsi_oversold,2023.0,410.76,31.3,93.89,1487.05,1.96
NSE:SENSEX,SHORT,0.8655163080015533,2026-02-17T15:15:00+05:30,83434.1,2026-02-19T14:15:00+05:30,82455.04,rsi_overbought,rsi_oversold,847.39,66.17,2.87,14.36,763.99,1.96
NSE:ADANIGREEN,SHORT,55,2026-02-17T10:15:00+05:30,984.7,2026-02-19T14:15:00+05:30,976.05,rsi_overbought,rsi_oversold,475.75,182.93,10.78,32.35,249.68,2.17
NSE:ITC,SHORT,240,2026-02-17T10:15:00+05:30,324.45,2026-02-20T12:15:00+05:30,326.35,rsi_overbought,rsi_oversold,-456.0,236.73,15.62,46.86,-755.21,3.08
NSE:INFY,SHORT,35,2026-02-17T10:15:00+05:30,1404.2,2026-02-23T09:15:00+05:30,1333.5,rsi_overbought,rsi_oversold,2474.5,169.42,9.58,28.75,2266.75,5.96
NSE:HCLTECH,SHORT,35,2026-02-17T10:15:00+05:30,1489.3,2026-02-23T09:15:00+05:30,1430.9,rsi_overbought,rsi_oversold,2044.0,176.55,10.22,30.66,1826.57,5.96
NSE:HINDUNILVR,LONG,35,2026-02-13T11:15:00+05:30,2352.0,2026-02-23T13:15:00+05:30,2338.5,rsi_oversold,rsi_overbought,-472.5,245.59,16.42,49.25,-783.76,10.08
NSE:SENSEX,LONG,0.8861796508178654,2026-02-19T15:15:00+05:30,82348.18,2026-02-23T14:15:00+05:30,83279.78,rsi_oversold,rsi_overbought,825.56,66.59,2.94,14.68,741.36,3.96
NSE:NIFTY,LONG,2.871494542059747,2026-02-19T15:15:00+05:30,25416.45,2026-02-23T15:15:00+05:30,25704.0,rsi_oversold,rsi_overbought,825.7,66.59,2.94,14.68,741.49,4.0
NSE:LT,SHORT,10,2026-01-28T12:15:00+05:30,3796.0,2026-02-24T13:15:00+05:30,4259.8,rsi_overbought,rsi_oversold,-4638.0,153.0,8.06,24.17,-4823.22,27.04
NSE:SBIN,SHORT,75,2026-02-04T09:15:00+05:30,1070.9,2026-02-25T13:15:00+05:30,1200.0,rsi_overbought,rsi_oversold,-9682.5,253.12,17.03,51.1,-10003.74,21.17
NSE:TCS,LONG,20,2026-02-23T09:15:00+05:30,2679.4,2026-02-26T14:15:00+05:30,2648.0,rsi_oversold,rsi_overbought,-628.0,181.58,10.65,31.96,-852.2,3.21
NSE:SENSEX,SHORT,0.8850247299906862,2026-02-23T15:15:00+05:30,83290.81,2026-02-27T09:15:00+05:30,81760.74,rsi_overbought,rsi_oversold,1354.15,66.54,2.92,14.61,1270.08,3.75
NSE:TATACONSUM,SHORT,45,2026-02-18T10:15:00+05:30,1158.2,2026-02-27T09:15:00+05:30,1142.7,rsi_overbought,rsi_oversold,697.5,178.13,10.35,31.06,477.95,8.96
NSE:BANKNIFTY,SHORT,1.7042777193932948,2026-02-17T11:15:00+05:30,61137.5,2026-03-02T09:15:00+05:30,59907.2,rsi_overbought,rsi_oversold,2096.77,74.54,4.13,20.63,1997.48,12.92
NSE:HINDUNILVR,SHORT,35,2026-02-23T14:15:00+05:30,2345.7,2026-03-02T10:15:00+05:30,2304.0,rsi_overbought,rsi_oversold,1459.5,243.86,16.27,48.82,1150.54,6.83
NSE:TATASTEEL,SHORT,305,2026-02-19T10:15:00+05:30,208.2,2026-03-02T12:15:00+05:30,208.9,rsi_overbought,rsi_oversold,-213.5,204.51,12.72,38.16,-468.9,11.08
NSE:RELIANCE,LONG,65,2026-02-13T10:15:00+05:30,1426.3,2026-03-06T09:15:00+05:30,1417.5,rsi_oversold,rsi_overbought,-572.0,268.58,18.48,55.45,-914.52,20.96
NSE:LT,LONG,10,2026-02-24T14:15:00+05:30,4259.1,2026-03-06T09:15:00+05:30,3963.2,rsi_oversold,rsi_overbought,-2959.0,154.72,8.22,24.67,-3146.61,9.79
NSE:LT,SHORT,10,2026-03-06T10:15:00+05:30,3961.8,2026-03-09T09:15:00+05:30,3782.9,rsi_overbought,rsi_oversold,1789.0,149.06,7.74,23.23,1608.96,2.96
NSE:SBIN,LONG,60,2026-02-25T14:15:00+05:30,1199.5,2026-03-11T09:15:00+05:30,1106.5,rsi_oversold,rsi_overbought,-5580.0,217.3,13.84,41.51,-5852.64,13.79
NSE:TATASTEEL,LONG,315,2026-03-04T09:15:00+05:30,200.53,2026-03-11T09:15:00+05:30,195.95,rsi_oversold,rsi_overbought,-1442.7,202.02,12.49,37.47,-1694.68,7.0
NSE:ADANIGREEN,LONG,55,2026-02-19T15:15:00+05:30,971.05,2026-03-11T09:15:00+05:30,865.5,rsi_oversold,rsi_overbought,-5805.25,175.81,10.1,30.3,-6021.46,19.75
NSE:LT,LONG,10,2026-03-09T10:15:00+05:30,3788.5,2026-03-11T09:15:00+05:30,3882.3,rsi_oversold,rsi_overbought,938.0,148.3,7.67,23.01,759.02,1.96
NSE:RELIANCE,SHORT,65,2026-03-06T10:15:00+05:30,1416.1,2026-03-11T14:15:00+05:30,1389.6,rsi_overbought,rsi_oversold,1722.5,265.66,18.24,54.71,1383.9,5.17
NSE:SBIN,SHORT,60,2026-03-11T10:15:00+05:30,1107.6,2026-03-12T09:15:00+05:30,1073.3,rsi_overbought,rsi_oversold,2058.0,208.38,13.09,39.26,1797.27,0.96
NSE:LT,SHORT,10,2026-03-11T10:15:00+05:30,3876.9,2026-03-12T09:15:00+05:30,3785.5,rsi_overbought,rsi_oversold,914.0,148.21,7.66,22.99,735.14,0.96
NSE:TATASTEEL,SHORT,315,2026-03-11T10:15:00+05:30,196.01,2026-03-13T09:15:00+05:30,185.74,rsi_overbought,rsi_oversold,3235.05,196.51,12.03,36.08,2990.44,1.96
NSE:TATACONSUM,LONG,50,2026-02-27T10:15:00+05:30,1137.9,2026-03-16T13:15:00+05:30,1090.3,rsi_oversold,rsi_overbought,-2380.0,187.11,11.14,33.42,-2611.67,17.12
NSE:HDFCBANK,LONG,175,2026-02-19T15:15:00+05:30,914.3,2026-03-17T09:15:00+05:30,845.25,rsi_oversold,rsi_overbought,-12083.75,406.21,30.79,92.38,-12613.12,25.75
NSE:ICICIBANK,LONG,60,2026-02-19T14:15:00+05:30,1387.2,2026-03-17T09:15:00+05:30,1286.1,rsi_oversold,rsi_overbought,-6066.0,241.82,16.04,48.12,-6371.98,25.79
NSE:TATASTEEL,LONG,345,2026-03-13T10:15:00+05:30,185.72,2026-03-17T12:15:00+05:30,192.2,rsi_oversold,rsi_overbought,2235.6,207.85,13.04,39.11,1975.6,4.08
NSE:BANKNIFTY,LONG,1.7746230159360845,2026-03-02T10:15:00+05:30,59836.25,2026-03-17T14:15:00+05:30,54961.65,rsi_oversold,rsi_overbought,-8650.58,73.23,4.07,20.37,-8748.25,15.17
NSE:NIFTY,LONG,2.911331046734619,2026-02-27T09:15:00+05:30,25322.6,2026-03-17T14:15:00+05:30,23607.05,rsi_oversold,rsi_overbought,-4994.53,65.5,2.85,14.25,-5077.12,18.21
NSE:SENSEX,LONG,0.9167454764629857,2026-02-27T10:15:00+05:30,81790.1,2026-03-17T14:15:00+05:30,76163.58,rsi_oversold,rsi_overbought,-5158.09,65.79,2.9,14.48,-5241.25,18.17
NSE:RELIANCE,LONG,70,2026-03-11T15:15:00+05:30,1386.8,2026-03-18T09:15:00+05:30,1406.5,rsi_oversold,rsi_overbought,1379.0,280.31,19.55,58.66,1020.48,6.75
NSE:BHARTIARTL,LONG,25,2026-02-11T10:15:00+05:30,2004.5,2026-03-18T09:15:00+05:30,1846.4,rsi_oversold,rsi_overbought,-3952.5,170.41,9.63,28.88,-4161.42,34.96
NSE:LT,LONG,10,2026-03-12T10:15:00+05:30,3791.5,2026-03-18T09:15:00+05:30,3574.3,rsi_oversold,rsi_overbought,-2172.0,145.14,7.37,22.1,-2346.61,5.96
NSE:TCS,LONG,20,2026-03-02T09:15:00+05:30,2617.9,2026-03-18T10:15:00+05:30,2477.2,rsi_oversold,rsi_overbought,-2814.0,176.58,10.19,30.57,-3031.34,16.04
NSE:INFY,LONG,40,2026-02-23T10:15:00+05:30,1328.7,2026-03-18T10:15:00+05:30,1282.1,rsi_oversold,rsi_overbought,-1864.0,179.32,10.44,31.33,-2085.09,23.0
NSE:HCLTECH,LONG,40,2026-02-23T10:15:00+05:30,1426.0,2026-03-18T10:15:00+05:30,1373.8,rsi_oversold,rsi_overbought,-2088.0,187.74,11.2,33.6,-2320.53,23.0
NSE:HDFCBANK,SHORT,175,2026-03-17T10:15:00+05:30,840.15,2026-03-19T09:15:00+05:30,799.7,rsi_overbought,rsi_oversold,7078.75,381.49,28.7,86.09,6582.47,1.96
NSE:TATACONSUM,SHORT,45,2026-03-16T14:15:00+05:30,1093.6,2026-03-19T09:15:00+05:30,1052.8,rsi_overbought,rsi_oversold,1836.0,170.32,9.66,28.98,1627.04,2.79
NSE:NIFTY,SHORT,2.9014394358422546,2026-03-18T09:15:00+05:30,23664.3,2026-03-19T13:15:00+05:30,23111.3,rsi_overbought,rsi_oversold,1604.5,65.2,2.71,13.57,1523.01,1.17
NSE:SENSEX,SHORT,0.9140020289939127,2026-03-18T09:15:00+05:30,76318.35,2026-03-19T13:15:00+05:30,74594.21,rsi_overbought,rsi_oversold,1575.87,65.49,2.76,13.79,1493.82,1.17
NSE:BANKNIFTY,SHORT,1.7772961348774823,2026-03-17T15:15:00+05:30,54838.75,2026-03-19T14:15:00+05:30,53382.25,rsi_overbought,rsi_oversold,2588.63,72.74,3.85,19.23,2492.81,1.96
NSE:TATASTEEL,SHORT,340,2026-03-17T13:15:00+05:30,193.56,2026-03-19T14:15:00+05:30,190.46,rsi_overbought,rsi_oversold,1054.0,208.14,13.06,39.17,793.63,2.04
NSE:TCS,SHORT,20,2026-03-18T11:15:00+05:30,2467.8,2026-03-20T09:15:00+05:30,2376.5,rsi_overbought,rsi_oversold,1826.0,170.66,9.69,29.07,1616.59,1.92
NSE:LT,SHORT,10,2026-03-18T10:15:00+05:30,3605.0,2026-03-20T10:15:00+05:30,3465.6,rsi_overbought,rsi_oversold,1394.0,141.6,7.07,21.21,1224.12,2.0
NSE:INFY,SHORT,40,2026-03-18T11:15:00+05:30,1281.0,2026-03-20T12:15:00+05:30,1238.7,rsi_overbought,rsi_oversold,1692.0,175.0,10.08,30.24,1476.68,2.04
NSE:ICICIBANK,SHORT,60,2026-03-17T12:15:00+05:30,1283.1,2026-03-23T11:15:00+05:30,1224.6,rsi_overbought,rsi_oversold,3510.0,230.06,15.05,45.14,3219.75,5.96
NSE:ADANIGREEN,SHORT,55,2026-03-11T10:15:00+05:30,863.35,2026-03-23T11:15:00+05:30,817.95,rsi_overbought,rsi_oversold,2497.0,165.7,9.25,27.74,2294.31,12.04
NSE:BHARTIARTL,SHORT,25,2026-03-18T10:15:00+05:30,1867.6,2026-03-23T12:15:00+05:30,1798.0,rsi_overbought,rsi_oversold,1740.0,164.83,9.16,27.49,1538.51,5.08
NSE:TCS,LONG,20,2026-03-20T10:15:00+05:30,2379.1,2026-03-24T11:15:00+05:30,2424.3,rsi_oversold,rsi_overbought,904.0,169.82,9.61,28.82,695.76,4.04
NSE:BANKNIFTY,LONG,1.8607318643824224,2026-03-20T13:15:00+05:30,53715.45,2026-03-25T09:15:00+05:30,53718.75,rsi_oversold,rsi_overbought,6.14,73.51,4.0,19.99,-91.36,4.83
NSE:NIFTY,LONG,3.052952572309481,2026-03-19T14:15:00+05:30,22987.25,2026-03-25T09:15:00+05:30,23305.55,rsi_oversold,rsi_overbought,971.75,65.89,2.83,14.13,888.91,5.79
NSE:SENSEX,LONG,0.9611180544523651,2026-03-19T14:15:00+05:30,74126.67,2026-03-25T09:15:00+05:30,75274.75,rsi_oversold,rsi_overbought,1103.44,66.2,2.87,14.36,1020.01,5.79
NSE:ICICIBANK,LONG,65,2026-03-23T12:15:00+05:30,1224.2,2026-03-25T09:15:00+05:30,1265.4,rsi_oversold,rsi_overbought,2678.0,242.75,16.18,48.55,2370.52,1.88
NSE:HINDUNILVR,LONG,35,2026-03-02T12:15:00+05:30,2301.1,2026-03-25T09:15:00+05:30,2135.3,rsi_oversold,rsi_overbought,-5803.0,236.11,15.53,46.58,-6101.22,22.88
NSE:TATASTEEL,LONG,355,2026-03-24T09:15:00+05:30,188.88,2026-03-25T09:15:00+05:30,194.8,rsi_oversold,rsi_overbought,2101.6,214.33,13.62,40.86,1832.79,1.0
NSE:TATACONSUM,LONG,50,2026-03-19T10:15:00+05:30,1045.0,2026-03-25T09:15:00+05:30,1065.4,rsi_oversold,rsi_overbought,1020.0,180.31,10.55,31.66,797.48,5.96
NSE:LT,LONG,10,2026-03-20T11:15:00+05:30,3432.0,2026-03-25T09:15:00+05:30,3620.5,rsi_oversold,rsi_overbought,1885.0,141.36,7.05,21.16,1715.43,4.92
NSE:HDFCBANK,LONG,190,2026-03-19T10:15:00+05:30,803.65,2026-03-25T10:15:00+05:30,791.35,rsi_oversold,rsi_overbought,-2337.0,400.06,30.3,90.91,-2858.28,6.0
NSE:SBIN,LONG,65,2026-03-12T10:15:00+05:30,1079.2,2026-03-25T10:15:00+05:30,1056.9,rsi_oversold,rsi_overbought,-1449.5,217.53,13.88,41.65,-1722.57,13.0
NSE:ADANIGREEN,LONG,60,2026-03-23T12:15:00+05:30,812.5,2026-03-25T10:15:00+05:30,864.8,rsi_oversold,rsi_overbought,3138.0,174.73,10.06,30.19,2923.02,1.92
NSE:ITC,LONG,235,2026-02-20T13:15:00+05:30,326.35,2026-03-25T11:15:00+05:30,297.65,rsi_oversold,rsi_overbought,-6744.5,226.59,14.66,43.99,-7029.74,32.92
NSE:BHARTIARTL,LONG,25,2026-03-24T10:15:00+05:30,1792.1,2026-03-25T14:15:00+05:30,1834.3,rsi_oversold,rsi_overbought,1055.0,163.79,9.07,27.2,854.94,1.17
NSE:RELIANCE,SHORT,65,2026-03-18T10:15:00+05:30,1412.1,2026-03-27T09:15:00+05:30,1375.2,rsi_overbought,rsi_oversold,2398.5,264.28,18.12,54.35,2061.75,8.96
NSE:BANKNIFTY,SHORT,1.8496785779425315,2026-03-25T10:15:00+05:30,53987.2,2026-03-30T09:15:00+05:30,51104.4,rsi_overbought,rsi_oversold,5332.25,73.26,3.89,19.44,5235.67,4.96
NSE:NIFTY,SHORT,3.0327572074195146,2026-03-25T10:15:00+05:30,23432.55,2026-03-30T09:15:00+05:30,22596.75,rsi_overbought,rsi_oversold,2534.78,65.8,2.79,13.96,2452.23,4.96
NSE:HDFCBANK,SHORT,190,2026-03-25T11:15:00+05:30,792.65,2026-03-30T09:15:00+05:30,744.15,rsi_overbought,rsi_oversold,9215.0,386.91,29.2,87.6,8711.3,4.92
NSE:SENSEX,SHORT,0.9542220787105453,2026-03-25T10:15:00+05:30,75728.12,2026-03-30T09:15:00+05:30,72775.44,rsi_overbought,rsi_oversold,2817.51,66.1,2.83,14.17,2734.41,4.96
NSE:ICICIBANK,SHORT,65,2026-03-25T10:15:00+05:30,1268.2,2026-03-30T09:15:00+05:30,1219.0,rsi_overbought,rsi_oversold,3198.0,242.54,16.17,48.5,2890.79,4.96
NSE:INFY,SHORT,40,2026-03-23T14:15:00+05:30,1258.8,2026-03-30T09:15:00+05:30,1260.3,rsi_overbought,rsi_oversold,-60.0,175.11,10.08,30.23,-275.41,6.79
NSE:SBIN,SHORT,60,2026-03-25T11:15:00+05:30,1065.0,2026-03-30T09:15:00+05:30,1004.5,rsi_overbought,rsi_oversold,3630.0,200.84,12.42,37.25,3379.49,4.92
NSE:HINDUNILVR,SHORT,35,2026-03-25T10:15:00+05:30,2141.3,2026-03-30T09:15:00+05:30,2067.2,rsi_overbought,rsi_oversold,2593.5,226.62,14.73,44.19,2307.96,4.96
NSE:ADANIGREEN,SHORT,60,2026-03-25T11:15:00+05:30,863.6,2026-03-30T09:15:00+05:30,830.5,rsi_overbought,rsi_oversold,1986.0,175.93,10.16,30.49,1769.41,4.92
NSE:TATASTEEL,SHORT,350,2026-03-25T10:15:00+05:30,195.77,2026-03-30T10:15:00+05:30,189.66,rsi_overbought,rsi_oversold,2138.5,212.87,13.49,40.47,1871.67,5.0
NSE:HCLTECH,SHORT,40,2026-03-18T11:15:00+05:30,1369.2,2026-03-30T10:15:00+05:30,1345.7,rsi_overbought,rsi_oversold,940.0,183.73,10.86,32.58,712.83,11.96
NSE:LT,SHORT,10,2026-03-25T10:15:00+05:30,3634.5,2026-03-30T10:15:00+05:30,3508.1,rsi_overbought,rsi_oversold,1264.0,142.41,7.14,21.43,1093.02,5.0
NSE:TATACONSUM,SHORT,50,2026-03-25T13:15:00+05:30,1063.7,2026-03-30T12:15:00+05:30,1023.6,rsi_overbought,rsi_oversold,2005.0,178.95,10.44,31.31,1784.3,4.96
NSE:BHARTIARTL,SHORT,25,2026-03-27T09:15:00+05:30,1835.7,2026-03-30T13:15:00+05:30,1791.4,rsi_overbought,rsi_oversold,1107.5,163.81,9.07,27.2,907.42,3.17
NSE:HCLTECH,LONG,40,2026-03-30T11:15:00+05:30,1356.1,2026-04-02T13:15:00+05:30,1399.4,rsi_oversold,rsi_overbought,1732.0,185.48,11.02,33.07,1502.43,3.08
NSE:ADANIGREEN,LONG,65,2026-03-30T10:15:00+05:30,818.45,2026-04-02T14:15:00+05:30,859.85,rsi_oversold,rsi_overbought,2691.0,184.15,10.91,32.73,2463.21,3.17
NSE:HDFCBANK,LONG,215,2026-03-30T10:15:00+05:30,745.9,2026-04-06T14:15:00+05:30,772.45,rsi_oversold,rsi_overbought,5708.25,425.46,32.64,97.93,5152.22,7.17
NSE:BANKNIFTY,LONG,2.0681397391983443,2026-03-30T10:15:00+05:30,50808.45,2026-04-07T09:15:00+05:30,52183.4,rsi_oversold,rsi_overbought,2843.59,107.86,4.26,21.3,2710.17,7.96
NSE:NIFTY,LONG,3.270234473468452,2026-03-30T10:15:00+05:30,22478.55,2026-04-07T09:15:00+05:30,22920.0,rsi_oversold,rsi_overbought,1443.65,89.35,2.97,14.85,1336.48,7.96
NSE:SENSEX,LONG,1.0352675916158056,2026-03-30T10:15:00+05:30,72433.13,2026-04-07T09:15:00+05:30,73941.34,rsi_oversold,rsi_overbought,1561.4,90.25,3.03,15.15,1452.97,7.96
NSE:INFY,LONG,40,2026-03-30T10:15:00+05:30,1257.5,2026-04-07T09:15:00+05:30,1321.0,rsi_oversold,rsi_overbought,2540.0,177.55,10.31,30.94,2321.19,7.96
NSE:ITC,LONG,240,2026-03-30T10:15:00+05:30,290.0,2026-04-07T09:15:00+05:30,295.65,rsi_oversold,rsi_overbought,1356.0,219.22,14.06,42.17,1080.56,7.96
NSE:LT,LONG,10,2026-03-30T12:15:00+05:30,3526.7,2026-04-07T09:15:00+05:30,3708.3,rsi_oversold,rsi_overbought,1816.0,143.39,7.24,21.7,1643.67,7.88
NSE:BHARTIARTL,LONG,25,2026-03-30T14:15:00+05:30,1778.6,2026-04-07T10:15:00+05:30,1811.0,rsi_oversold,rsi_overbought,810.0,162.79,8.97,26.92,611.31,7.83
NSE:ICICIBANK,LONG,70,2026-03-30T10:15:00+05:30,1216.2,2026-04-07T11:15:00+05:30,1224.9,rsi_oversold,rsi_overbought,609.0,252.97,17.09,51.26,287.68,8.04
NSE:SBIN,LONG,70,2026-03-30T10:15:00+05:30,991.5,2026-04-08T09:15:00+05:30,1073.0,rsi_oversold,rsi_overbought,5705.0,223.29,14.45,43.35,5423.9,8.96
NSE:HINDUNILVR,LONG,35,2026-03-30T10:15:00+05:30,2059.0,2026-04-08T09:15:00+05:30,2163.0,rsi_oversold,rsi_overbought,3640.0,227.06,14.78,44.33,3353.83,8.96
NSE:TATACONSUM,LONG,55,2026-03-30T13:15:00+05:30,1016.1,2026-04-08T09:15:00+05:30,1075.6,rsi_oversold,rsi_overbought,3272.5,190.72,11.5,34.51,3035.76,8.83
NSE:RELIANCE,LONG,70,2026-03-27T10:15:00+05:30,1371.0,2026-04-08T10:15:00+05:30,1347.1,rsi_oversold,rsi_overbought,-1673.0,274.69,19.03,57.08,-2023.79,12.0
NSE:INFY,SHORT,40,2026-04-07T10:15:00+05:30,1324.5,2026-04-10T09:15:00+05:30,1289.0,rsi_overbought,rsi_oversold,1420.0,179.19,10.45,31.36,1198.99,2.96
NSE:TCS,SHORT,20,2026-04-02T13:15:00+05:30,2453.6,2026-04-13T11:15:00+05:30,2481.7,rsi_overbought,rsi_oversold,-562.0,172.86,9.87,29.61,-774.34,10.92
NSE:ITC,SHORT,240,2026-04-07T10:15:00+05:30,295.8,2026-04-13T13:15:00+05:30,299.05,rsi_overbought,rsi_oversold,-780.0,221.83,14.28,42.83,-1058.94,6.12
NSE:TCS,LONG,20,2026-04-13T12:15:00+05:30,2477.2,2026-04-16T09:15:00+05:30,2571.5,rsi_oversold,rsi_overbought,1886.0,175.19,10.1,30.29,1670.42,2.88
NSE:INFY,LONG,45,2026-04-10T10:15:00+05:30,1287.7,2026-04-16T09:15:00+05:30,1320.7,rsi_oversold,rsi_overbought,1485.0,193.45,11.74,35.21,1244.6,5.96
NSE:BHARTIARTL,SHORT,25,2026-04-07T12:15:00+05:30,1807.7,2026-04-16T11:15:00+05:30,1837.8,rsi_overbought,rsi_oversold,-752.5,164.46,9.11,27.34,-953.42,8.96
NSE:ITC,LONG,235,2026-04-13T14:15:00+05:30,298.65,2026-04-16T14:15:00+05:30,303.35,rsi_oversold,rsi_overbought,1104.5,220.25,14.15,42.44,827.66,3.0
NSE:HDFCBANK,SHORT,215,2026-04-06T15:15:00+05:30,770.9,2026-04-20T09:15:00+05:30,796.85,rsi_overbought,rsi_oversold,-5579.25,438.11,33.71,101.12,-6152.18,13.75
NSE:LT,SHORT,10,2026-04-07T10:15:00+05:30,3703.2,2026-04-20T10:15:00+05:30,4071.0,rsi_overbought,rsi_oversold,-3678.0,149.79,7.77,23.32,-3858.89,13.0
NSE:BHARTIARTL,LONG,25,2026-04-16T12:15:00+05:30,1828.4,2026-04-20T12:15:00+05:30,1851.5,rsi_oversold,rsi_overbought,577.5,165.32,9.2,27.6,375.38,4.0
NSE:ITC,SHORT,235,2026-04-16T15:15:00+05:30,303.95,2026-04-21T09:15:00+05:30,305.45,rsi_overbought,rsi_oversold,-352.5,222.29,14.32,42.96,-632.08,4.75
NSE:INFY,SHORT,45,2026-04-16T10:15:00+05:30,1320.8,2026-04-22T09:15:00+05:30,1271.6,rsi_overbought,rsi_oversold,2214.0,192.6,11.67,35.0,1974.74,5.96
NSE:HCLTECH,SHORT,40,2026-04-02T14:15:00+05:30,1402.7,2026-04-22T09:15:00+05:30,1305.3,rsi_overbought,rsi_oversold,3896.0,183.21,10.83,32.5,3669.47,19.79
NSE:TCS,SHORT,20,2026-04-16T10:15:00+05:30,2578.9,2026-04-22T11:15:00+05:30,2517.6,rsi_overbought,rsi_oversold,1226.0,176.31,10.19,30.58,1008.92,6.04
NSE:NIFTY,SHORT,3.273596851073971,2026-04-07T10:15:00+05:30,22862.5,2026-04-23T09:15:00+05:30,24275.35,rsi_overbought,rsi_oversold,-4625.1,89.54,3.09,15.43,-4733.16,15.96
NSE:SENSEX,SHORT,1.0362896014823606,2026-04-07T10:15:00+05:30,73759.59,2026-04-23T09:15:00+05:30,78055.96,rsi_overbought,rsi_oversold,-4452.28,90.43,3.15,15.73,-4561.6,15.96
NSE:BANKNIFTY,SHORT,2.073242473281722,2026-04-07T10:15:00+05:30,51986.7,2026-04-23T10:15:00+05:30,56557.55,rsi_overbought,rsi_oversold,-9476.48,108.3,4.5,22.5,-9611.78,16.0
NSE:HDFCBANK,SHORT,195,2026-04-21T11:15:00+05:30,810.6,2026-04-23T10:15:00+05:30,791.0,rsi_overbought,rsi_oversold,3822.0,409.89,31.23,93.69,3287.18,1.96
NSE:RELIANCE,SHORT,70,2026-04-08T11:15:00+05:30,1344.9,2026-04-23T10:15:00+05:30,1346.7,rsi_overbought,rsi_oversold,-126.0,272.51,18.84,56.52,-473.87,14.96
NSE:ICICIBANK,SHORT,70,2026-04-07T13:15:00+05:30,1236.8,2026-04-23T10:15:00+05:30,1346.6,rsi_overbought,rsi_oversold,-7686.0,264.66,18.08,54.25,-8022.99,15.88
NSE:SBIN,SHORT,70,2026-04-08T10:15:00+05:30,1068.8,2026-04-23T10:15:00+05:30,1097.25,rsi_overbought,rsi_oversold,-1991.5,231.77,15.16,45.49,-2283.92,15.0
NSE:BHARTIARTL,SHORT,25,2026-04-20T13:15:00+05:30,1853.3,2026-04-23T10:15:00+05:30,1834.8,rsi_overbought,rsi_oversold,462.5,165.55,9.22,27.66,260.07,2.88
NSE:TATASTEEL,SHORT,360,2026-04-07T09:15:00+05:30,196.4,2026-04-24T10:15:00+05:30,209.55,rsi_overbought,rsi_oversold,-4734.0,225.88,14.61,43.84,-5018.34,17.04
NSE:HINDUNILVR,SHORT,35,2026-04-08T10:15:00+05:30,2170.8,2026-04-24T11:15:00+05:30,2304.4,rsi_overbought,rsi_oversold,-4676.0,237.53,15.66,46.99,-4976.19,16.04
NSE:TATACONSUM,SHORT,55,2026-04-08T10:15:00+05:30,1067.8,2026-04-24T12:15:00+05:30,1168.0,rsi_overbought,rsi_oversold,-5511.0,200.19,12.3,36.89,-5760.38,16.08
NSE:TATASTEEL,LONG,310,2026-04-24T13:15:00+05:30,210.15,2026-04-27T10:15:00+05:30,214.5,rsi_oversold,rsi_overbought,1348.5,209.31,13.16,39.49,1086.53,2.88
NSE:SBIN,LONG,65,2026-04-23T11:15:00+05:30,1096.85,2026-04-27T12:15:00+05:30,1107.8,rsi_oversold,rsi_overbought,711.75,222.32,14.33,42.99,432.11,4.04
NSE:NIFTY,LONG,2.8986457685745677,2026-04-23T10:15:00+05:30,24191.85,2026-04-28T10:15:00+05:30,24148.0,rsi_oversold,rsi_overbought,-127.11,86.63,2.8,14.01,-230.55,5.0
NSE:RELIANCE,LONG,70,2026-04-24T10:15:00+05:30,1332.0,2026-04-28T10:15:00+05:30,1386.6,rsi_oversold,rsi_overbought,3822.0,274.31,19.03,57.09,3471.57,4.0
NSE:BHARTIARTL,LONG,25,2026-04-23T11:15:00+05:30,1835.8,2026-04-28T15:15:00+05:30,1851.0,rsi_oversold,rsi_overbought,380.0,165.52,9.22,27.65,177.61,5.17
NSE:ITC,LONG,230,2026-04-21T10:15:00+05:30,305.25,2026-04-29T09:15:00+05:30,311.85,rsi_oversold,rsi_overbought,1518.0,220.74,14.19,42.58,1240.49,7.96
NSE:SBIN,SHORT,65,2026-04-27T13:15:00+05:30,1112.2,2026-04-29T13:15:00+05:30,1091.05,rsi_overbought,rsi_oversold,1374.75,222.17,14.32,42.96,1095.3,2.0
NSE:TATASTEEL,SHORT,305,2026-04-28T09:15:00+05:30,217.78,2026-04-30T09:15:00+05:30,211.93,rsi_overbought,rsi_oversold,1784.25,208.64,13.11,39.32,1523.19,2.0
NSE:INFY,LONG,45,2026-04-22T10:15:00+05:30,1264.0,2026-04-30T12:15:00+05:30,1184.9,rsi_oversold,rsi_overbought,-3559.5,185.85,11.02,33.06,-3789.43,8.08
NSE:ITC,SHORT,225,2026-04-29T10:15:00+05:30,313.55,2026-05-04T12:15:00+05:30,311.55,rsi_overbought,rsi_oversold,450.0,219.39,14.06,42.19,174.35,5.08
NSE:BHARTIARTL,SHORT,25,2026-04-29T09:15:00+05:30,1880.8,2026-05-04T13:15:00+05:30,1830.1,rsi_overbought,rsi_oversold,1267.5,166.13,9.28,27.83,1064.26,5.17
NSE:HINDUNILVR,LONG,30,2026-04-24T12:15:00+05:30,2303.5,2026-05-05T14:15:00+05:30,2325.4,rsi_oversold,rsi_overbought,657.0,217.39,13.89,41.66,384.06,11.08
NSE:BANKNIFTY,LONG,1.7358425803415676,2026-04-23T11:15:00+05:30,56570.8,2026-05-07T09:15:00+05:30,55903.8,rsi_oversold,rsi_overbought,-1157.81,101.9,3.9,19.52,-1283.14,13.92
NSE:SENSEX,LONG,0.9243239640331105,2026-04-23T10:15:00+05:30,77773.97,2026-05-07T09:15:00+05:30,77889.85,rsi_oversold,rsi_overbought,107.11,87.74,2.88,14.39,2.1,13.96
NSE:ICICIBANK,LONG,55,2026-04-23T11:15:00+05:30,1349.2,2026-05-07T09:15:00+05:30,1288.4,rsi_oversold,rsi_overbought,-3344.0,224.58,14.51,43.52,-3626.61,13.92
NSE:TATASTEEL,LONG,325,2026-04-30T10:15:00+05:30,211.0,2026-05-07T09:15:00+05:30,217.72,rsi_oversold,rsi_overbought,2184.0,217.8,13.93,41.8,1910.47,6.96
NSE:HDFCBANK,LONG,205,2026-04-23T11:15:00+05:30,786.45,2026-05-07T10:15:00+05:30,790.75,rsi_oversold,rsi_overbought,881.5,422.35,32.33,97.0,329.82,13.96
NSE:SBIN,LONG,70,2026-04-29T14:15:00+05:30,1085.6,2026-05-07T10:15:00+05:30,1091.9,rsi_oversold,rsi_overbought,441.0,232.48,15.24,45.73,147.55,7.83
NSE:RELIANCE,SHORT,70,2026-04-28T11:15:00+05:30,1383.2,2026-05-07T12:15:00+05:30,1441.9,rsi_overbought,rsi_oversold,-4109.0,283.19,19.78,59.33,-4471.29,9.04
NSE:TATACONSUM,LONG,45,2026-04-28T09:15:00+05:30,1154.5,2026-05-08T12:15:00+05:30,1177.8,rsi_oversold,rsi_overbought,1048.5,179.68,10.5,31.49,826.84,10.12
NSE:SBIN,SHORT,70,2026-05-07T11:15:00+05:30,1091.0,2026-05-08T13:15:00+05:30,1020.9,rsi_overbought,rsi_oversold,4907.0,227.04,14.78,44.35,4620.83,1.08
NSE:HDFCBANK,SHORT,205,2026-05-07T11:15:00+05:30,793.35,2026-05-08T14:15:00+05:30,781.5,rsi_overbought,rsi_oversold,2429.25,421.7,32.28,96.85,1878.41,1.12
NSE:BANKNIFTY,SHORT,1.7330865467647332,2026-05-07T10:15:00+05:30,55922.6,2026-05-11T09:15:00+05:30,54473.0,rsi_overbought,rsi_oversold,2512.28,101.68,3.83,19.13,2387.64,3.96
NSE:NIFTY,SHORT,2.8734892462102106,2026-05-07T09:15:00+05:30,24323.65,2026-05-11T09:15:00+05:30,23893.4,rsi_overbought,rsi_oversold,1236.32,86.51,2.77,13.86,1133.18,4.0
NSE:SENSEX,SHORT,0.9234915867021702,2026-05-07T10:15:00+05:30,77846.34,2026-05-11T09:15:00+05:30,76316.39,rsi_overbought,rsi_oversold,1412.9,87.63,2.85,14.24,1308.18,3.96
NSE:ICICIBANK,SHORT,55,2026-05-07T10:15:00+05:30,1287.6,2026-05-11T09:15:00+05:30,1258.2,rsi_overbought,rsi_oversold,1617.0,218.6,14.0,42.01,1342.39,3.96
NSE:TATASTEEL,SHORT,325,2026-05-07T10:15:00+05:30,217.35,2026-05-11T09:15:00+05:30,213.47,rsi_overbought,rsi_oversold,1261.0,218.63,14.0,42.0,986.37,3.96
NSE:HCLTECH,LONG,45,2026-04-22T10:15:00+05:30,1299.8,2026-05-11T10:15:00+05:30,1203.9,rsi_oversold,rsi_overbought,-4315.5,188.65,11.27,33.8,-4549.22,19.0
NSE:INFY,SHORT,45,2026-04-30T13:15:00+05:30,1184.5,2026-05-12T09:15:00+05:30,1134.6,rsi_overbought,rsi_oversold,2245.5,178.93,10.44,31.31,2024.83,11.83
NSE:HCLTECH,SHORT,45,2026-05-11T13:15:00+05:30,1202.2,2026-05-12T09:15:00+05:30,1162.2,rsi_overbought,rsi_oversold,1800.0,181.23,10.64,31.92,1576.21,0.83
NSE:TATASTEEL,LONG,335,2026-05-11T11:15:00+05:30,213.25,2026-05-13T14:15:00+05:30,219.94,rsi_oversold,rsi_overbought,2241.15,224.22,14.51,43.54,1958.88,2.12
NSE:TATACONSUM,SHORT,45,2026-05-11T09:15:00+05:30,1230.2,2026-05-13T14:15:00+05:30,1235.8,rsi_overbought,rsi_oversold,-252.0,186.46,11.1,33.29,-482.85,2.21
NSE:BHARTIARTL,LONG,25,2026-05-04T14:15:00+05:30,1827.5,2026-05-13T14:15:00+05:30,1790.8,rsi_oversold,rsi_overbought,-917.5,163.72,9.05,27.14,-1117.4,9.0
NSE:HDFCBANK,LONG,210,2026-05-08T15:15:00+05:30,781.0,2026-05-14T13:15:00+05:30,775.8,rsi_oversold,rsi_overbought,-1092.0,426.5,32.69,98.08,-1649.27,5.92
NSE:ITC,LONG,230,2026-05-04T14:15:00+05:30,311.35,2026-05-14T13:15:00+05:30,308.25,rsi_oversold,rsi_overbought,-713.0,221.54,14.25,42.75,-991.55,9.96
NSE:NIFTY,LONG,2.969881914847653,2026-05-11T10:15:00+05:30,23914.6,2026-05-14T14:15:00+05:30,23683.8,rsi_oversold,rsi_overbought,-685.45,86.84,2.83,14.14,-789.25,3.17
NSE:SENSEX,LONG,0.9580528389356304,2026-05-11T10:15:00+05:30,76399.45,2026-05-15T09:15:00+05:30,75737.68,rsi_oversold,rsi_overbought,-634.01,88.09,2.92,14.58,-739.59,3.96
NSE:TATASTEEL,SHORT,330,2026-05-13T15:15:00+05:30,219.9,2026-05-18T09:15:00+05:30,208.87,rsi_overbought,rsi_oversold,3639.9,220.09,14.15,42.45,3363.21,4.75
NSE:INFY,LONG,50,2026-05-12T10:15:00+05:30,1131.8,2026-05-18T10:15:00+05:30,1127.1,rsi_oversold,rsi_overbought,-235.0,188.66,11.29,33.88,-468.83,6.0
NSE:ADANIGREEN,SHORT,60,2026-04-06T10:15:00+05:30,904.0,2026-05-18T11:15:00+05:30,1328.7,rsi_overbought,rsi_oversold,-25482.0,213.9,13.4,40.19,-25749.49,42.04
NSE:HCLTECH,LONG,50,2026-05-12T10:15:00+05:30,1153.0,2026-05-19T09:15:00+05:30,1184.4,rsi_oversold,rsi_overbought,1570.0,192.88,11.69,35.06,1330.37,6.96
NSE:TCS,LONG,20,2026-04-23T13:15:00+05:30,2527.2,2026-05-19T10:15:00+05:30,2363.3,rsi_oversold,rsi_overbought,-3278.0,172.06,9.78,29.34,-3489.19,25.88
NSE:BHARTIARTL,SHORT,25,2026-05-14T09:15:00+05:30,1823.5,2026-05-20T10:15:00+05:30,1902.5,rsi_overbought,rsi_oversold,-1975.0,166.79,9.32,27.95,-2179.05,6.04
NSE:HDFCBANK,SHORT,210,2026-05-15T09:15:00+05:30,778.0,2026-05-20T11:15:00+05:30,757.1,rsi_overbought,rsi_oversold,4389.0,421.03,32.24,96.71,3839.02,5.08
NSE:TCS,SHORT,20,2026-05-20T09:15:00+05:30,2329.5,2026-05-21T09:15:00+05:30,2321.4,rsi_overbought,rsi_oversold,162.0,166.48,9.3,27.91,-41.69,1.0
NSE:ITC,SHORT,230,2026-05-14T14:15:00+05:30,307.45,2026-05-21T11:15:00+05:30,307.7,rsi_overbought,rsi_oversold,-57.5,220.36,14.15,42.45,-334.45,6.88
NSE:HCLTECH,SHORT,50,2026-05-19T10:15:00+05:30,1175.5,2026-05-21T13:15:00+05:30,1170.4,rsi_overbought,rsi_oversold,255.0,193.45,11.73,35.19,14.63,2.12
NSE:RELIANCE,LONG,65,2026-05-07T14:15:00+05:30,1434.5,2026-05-21T14:15:00+05:30,1348.2,rsi_oversold,rsi_overbought,-5609.5,264.54,18.09,54.26,-5946.39,14.0
NSE:INFY,SHORT,50,2026-05-18T11:15:00+05:30,1139.5,2026-05-21T14:15:00+05:30,1180.4,rsi_overbought,rsi_oversold,-2045.0,192.18,11.6,34.8,-2283.58,3.12
NSE:BANKNIFTY,LONG,1.8170876865853829,2026-05-11T10:15:00+05:30,54647.45,2026-05-22T09:15:00+05:30,54085.75,rsi_oversold,rsi_overbought,-1020.66,102.59,3.95,19.76,-1146.96,10.96
NSE:HDFCBANK,LONG,220,2026-05-20T12:15:00+05:30,758.7,2026-05-22T09:15:00+05:30,773.85,rsi_oversold,rsi_overbought,3333.0,437.54,33.72,101.15,2760.59,1.88
NSE:ICICIBANK,LONG,60,2026-05-13T10:15:00+05:30,1239.3,2026-05-22T09:15:00+05:30,1266.5,rsi_oversold,rsi_overbought,1632.0,230.08,15.03,45.1,1341.78,8.96
NSE:SBIN,LONG,80,2026-05-08T14:15:00+05:30,1020.5,2026-05-22T09:15:00+05:30,957.9,rsi_oversold,rsi_overbought,-5008.0,239.38,15.83,47.48,-5310.69,13.79
NSE:TATASTEEL,LONG,365,2026-05-18T10:15:00+05:30,208.87,2026-05-22T09:15:00+05:30,210.28,rsi_oversold,rsi_overbought,514.65,233.1,15.3,45.9,220.36,3.96
NSE:LT,LONG,10,2026-04-20T11:15:00+05:30,4066.7,2026-05-25T09:15:00+05:30,4031.3,rsi_oversold,rsi_overbought,-354.0,153.14,8.1,24.29,-539.54,34.92
NSE:ADANIGREEN,LONG,20,2026-05-18T12:15:00+05:30,1338.2,2026-05-25T15:15:00+05:30,1409.0,rsi_oversold,rsi_overbought,1416.0,124.08,5.49,16.48,1269.94,7.12
NSE:HDFCBANK,SHORT,215,2026-05-25T10:15:00+05:30,784.85,2026-05-27T09:15:00+05:30,764.5,rsi_overbought,rsi_oversold,4375.25,432.96,33.31,99.93,3809.04,1.96
NSE:TATACONSUM,LONG,45,2026-05-13T15:15:00+05:30,1242.2,2026-05-27T13:15:00+05:30,1205.5,rsi_oversold,rsi_overbought,-1651.5,185.65,11.01,33.04,-1881.21,13.92
NSE:BANKNIFTY,SHORT,1.8122141491517114,2026-05-22T12:15:00+05:30,54163.4,2026-05-27T14:15:00+05:30,54846.15,rsi_overbought,rsi_oversold,-1237.29,102.53,3.95,19.75,-1363.53,5.08
NSE:NIFTY,SHORT,2.9510885180540805,2026-05-15T09:15:00+05:30,23800.25,2026-05-27T14:15:00+05:30,23903.8,rsi_overbought,rsi_oversold,-305.59,86.77,2.82,14.08,-409.25,12.21
NSE:SENSEX,SHORT,0.9572716770782053,2026-05-22T09:15:00+05:30,75691.5,2026-05-27T14:15:00+05:30,75869.3,rsi_overbought,rsi_oversold,-170.2,88.01,2.9,14.51,-275.63,5.21
NSE:RELIANCE,SHORT,65,2026-05-21T15:15:00+05:30,1349.0,2026-05-27T14:15:00+05:30,1350.7,rsi_overbought,rsi_oversold,-110.5,258.14,17.55,52.64,-438.83,5.96
NSE:HCLTECH,LONG,50,2026-05-21T14:15:00+05:30,1167.8,2026-05-29T09:15:00+05:30,1189.3,rsi_oversold,rsi_overbought,1075.0,194.01,11.79,35.36,833.85,7.79
NSE:ICICIBANK,SHORT,60,2026-05-22T10:15:00+05:30,1262.9,2026-06-01T09:15:00+05:30,1254.6,rsi_overbought,rsi_oversold,498.0,230.94,15.11,45.31,206.64,9.96
NSE:SBIN,SHORT,75,2026-05-25T14:15:00+05:30,969.7,2026-06-01T09:15:00+05:30,964.0,rsi_overbought,rsi_oversold,427.5,224.26,14.5,43.51,145.23,6.79
NSE:TATACONSUM,SHORT,40,2026-05-29T09:15:00+05:30,1207.0,2026-06-01T09:15:00+05:30,1167.5,rsi_overbought,rsi_oversold,1580.0,168.56,9.5,28.49,1373.45,3.0
NSE:ADANIGREEN,SHORT,20,2026-05-26T09:15:00+05:30,1439.7,2026-06-01T09:15:00+05:30,1447.8,rsi_overbought,rsi_oversold,-162.0,127.32,5.78,17.32,-312.42,6.0
NSE:TATASTEEL,SHORT,365,2026-05-22T12:15:00+05:30,208.84,2026-06-01T10:15:00+05:30,208.84,rsi_overbought,rsi_oversold,-0.0,232.54,15.25,45.74,-293.52,9.92
NSE:LT,SHORT,10,2026-05-25T12:15:00+05:30,4010.3,2026-06-02T09:15:00+05:30,3974.0,rsi_overbought,rsi_oversold,363.0,151.83,7.98,23.95,179.24,7.88
NSE:TCS,LONG,20,2026-05-21T10:15:00+05:30,2323.7,2026-06-02T11:15:00+05:30,2434.0,rsi_oversold,rsi_overbought,2206.0,168.7,9.52,28.55,1999.24,12.04
NSE:INFY,LONG,45,2026-05-21T15:15:00+05:30,1178.2,2026-06-02T13:15:00+05:30,1270.9,rsi_oversold,rsi_overbought,4171.5,185.28,11.02,33.06,3942.13,11.92
NSE:TCS,SHORT,20,2026-06-02T12:15:00+05:30,2444.6,2026-06-04T09:15:00+05:30,2233.6,rsi_overbought,rsi_oversold,4220.0,166.78,9.36,28.07,4015.79,1.88
NSE:INFY,SHORT,45,2026-06-02T14:15:00+05:30,1272.0,2026-06-04T09:15:00+05:30,1204.6,rsi_overbought,rsi_oversold,3033.0,186.75,11.14,33.43,2801.68,1.79
NSE:HCLTECH,SHORT,50,2026-05-29T13:15:00+05:30,1186.2,2026-06-04T09:15:00+05:30,1170.4,rsi_overbought,rsi_oversold,790.0,194.01,11.78,35.35,548.86,5.83
NSE:BHARTIARTL,LONG,25,2026-05-20T11:15:00+05:30,1902.7,2026-06-04T09:15:00+05:30,1825.3,rsi_oversold,rsi_overbought,-1935.0,166.84,9.32,27.96,-2139.12,14.92
NSE:SBIN,LONG,80,2026-06-01T12:15:00+05:30,955.5,2026-06-04T10:15:00+05:30,983.15,rsi_oversold,rsi_overbought,2212.0,235.31,15.51,46.53,1914.66,2.92
NSE:HINDUNILVR,LONG,30,2026-05-06T09:15:00+05:30,2301.0,2026-06-04T11:15:00+05:30,2105.3,rsi_oversold,rsi_overbought,-5871.0,210.46,13.22,39.66,-6134.34,29.08
NSE:BANKNIFTY,LONG,1.7640465226690303,2026-05-27T15:15:00+05:30,54871.7,2026-06-05T09:15:00+05:30,54494.1,rsi_oversold,rsi_overbought,-666.1,101.37,3.86,19.29,-790.62,8.75
NSE:ICICIBANK,LONG,60,2026-06-01T10:15:00+05:30,1254.0,2026-06-05T09:15:00+05:30,1256.6,rsi_oversold,rsi_overbought,156.0,230.51,15.06,45.19,-134.76,3.96
NSE:ADANIGREEN,LONG,20,2026-06-02T09:15:00+05:30,1441.5,2026-06-05T09:15:00+05:30,1463.0,rsi_oversold,rsi_overbought,430.0,127.65,5.81,17.43,279.12,3.0
NSE:NIFTY,LONG,2.922084741138569,2026-05-29T10:15:00+05:30,23896.85,2026-06-05T11:15:00+05:30,23439.5,rsi_oversold,rsi_overbought,-1336.42,85.83,2.77,13.83,-1438.84,7.04
NSE:SENSEX,LONG,0.9508574382744871,2026-05-27T15:15:00+05:30,75913.09,2026-06-05T11:15:00+05:30,74473.72,rsi_oversold,rsi_overbought,-1368.64,87.14,2.86,14.3,-1472.93,8.83
NSE:ITC,LONG,230,2026-05-21T12:15:00+05:30,306.95,2026-06-05T11:15:00+05:30,280.3,rsi_oversold,rsi_overbought,-6129.5,213.68,13.51,40.52,-6397.21,14.96
NSE:LT,LONG,10,2026-06-02T10:15:00+05:30,3934.0,2026-06-05T11:15:00+05:30,3975.4,rsi_oversold,rsi_overbought,414.0,150.99,7.91,23.73,231.37,3.04
NSE:SENSEX,LONG,0.9613244533577687,2026-06-08T14:15:00+05:30,73558.93,2026-06-10T09:15:00+05:30,74242.89,rsi_oversold,rsi_overbought,657.51,87.37,2.84,14.21,553.09,1.79
NSE:NIFTY,LONG,2.953514007110123,2026-06-08T13:15:00+05:30,23156.85,2026-06-10T11:15:00+05:30,23395.4,rsi_oversold,rsi_overbought,704.56,86.09,2.75,13.75,601.98,1.92
NSE:BHARTIARTL,SHORT,25,2026-06-04T10:15:00+05:30,1818.9,2026-06-10T14:15:00+05:30,1774.6,rsi_overbought,rsi_oversold,1107.5,162.88,8.98,26.95,908.69,6.17
NSE:ADANIGREEN,SHORT,20,2026-06-05T10:15:00+05:30,1478.5,2026-06-11T13:15:00+05:30,1460.0,rsi_overbought,rsi_oversold,370.0,128.41,5.88,17.63,218.08,6.12
NSE:HINDUNILVR,SHORT,30,2026-06-10T09:15:00+05:30,2193.7,2026-06-12T10:15:00+05:30,2155.0,rsi_overbought,rsi_oversold,1161.0,208.01,13.05,39.14,900.8,2.04
NSE:HDFCBANK,LONG,225,2026-05-27T10:15:00+05:30,765.3,2026-06-12T14:15:00+05:30,772.5,rsi_oversold,rsi_overbought,1620.0,447.5,34.6,103.8,1034.1,16.17
NSE:RELIANCE,LONG,65,2026-05-27T15:15:00+05:30,1352.0,2026-06-12T14:15:00+05:30,1291.9,rsi_oversold,rsi_overbought,-3906.5,254.39,17.19,51.56,-4229.63,15.96
NSE:BHARTIARTL,LONG,25,2026-06-10T15:15:00+05:30,1776.9,2026-06-12T14:15:00+05:30,1822.8,rsi_oversold,rsi_overbought,1147.5,163.05,9.0,27.0,948.46,1.96
NSE:TCS,LONG,25,2026-06-04T10:15:00+05:30,2231.3,2026-06-15T09:15:00+05:30,2165.9,rsi_oversold,rsi_overbought,-1635.0,185.41,10.99,32.98,-1864.38,10.96
NSE:INFY,LONG,50,2026-06-04T10:15:00+05:30,1203.2,2026-06-15T10:15:00+05:30,1147.8,rsi_oversold,rsi_overbought,-2770.0,193.96,11.75,35.27,-3010.98,11.0
NSE:ADANIGREEN,LONG,20,2026-06-11T14:15:00+05:30,1454.6,2026-06-15T12:15:00+05:30,1494.0,rsi_oversold,rsi_overbought,788.0,128.6,5.9,17.69,635.81,3.92
NSE:HCLTECH,LONG,50,2026-06-04T10:15:00+05:30,1168.3,2026-06-16T09:15:00+05:30,1155.3,rsi_oversold,rsi_overbought,-650.0,192.28,11.62,34.85,-888.75,11.96
NSE:TATACONSUM,LONG,45,2026-06-01T10:15:00+05:30,1167.8,2026-06-16T11:15:00+05:30,1130.0,rsi_oversold,rsi_overbought,-1701.0,178.16,10.34,31.02,-1920.52,15.04
NSE:ADANIGREEN,SHORT,20,2026-06-15T13:15:00+05:30,1494.2,2026-06-17T11:15:00+05:30,1460.0,rsi_overbought,rsi_oversold,684.0,128.73,5.91,17.73,531.63,1.92
NSE:TATASTEEL,LONG,370,2026-06-01T11:15:00+05:30,207.85,2026-06-18T10:15:00+05:30,198.23,rsi_oversold,rsi_overbought,-3559.4,230.36,15.02,45.07,-3849.86,16.96
NSE:TATACONSUM,SHORT,45,2026-06-16T12:15:00+05:30,1129.0,2026-06-18T11:15:00+05:30,1111.3,rsi_overbought,rsi_oversold,796.5,175.1,10.08,30.24,581.08,1.96
NSE:TCS,SHORT,25,2026-06-15T10:15:00+05:30,2181.7,2026-06-19T09:15:00+05:30,2079.0,rsi_overbought,rsi_oversold,2567.5,181.3,10.65,31.96,2343.59,3.96
NSE:INFY,SHORT,50,2026-06-17T12:15:00+05:30,1156.9,2026-06-19T09:15:00+05:30,1043.7,rsi_overbought,rsi_oversold,5660.0,184.97,11.0,33.01,5431.01,1.88
NSE:HCLTECH,SHORT,55,2026-06-16T11:15:00+05:30,1142.4,2026-06-19T09:15:00+05:30,1111.1,rsi_overbought,rsi_oversold,1721.5,200.73,12.39,37.18,1471.19,2.92
NSE:ADANIGREEN,LONG,20,2026-06-17T12:15:00+05:30,1463.9,2026-06-19T09:15:00+05:30,1515.9,rsi_oversold,rsi_overbought,1040.0,129.28,5.96,17.88,886.88,1.88
NSE:HINDUNILVR,SHORT,30,2026-06-17T10:15:00+05:30,2217.8,2026-06-22T14:15:00+05:30,2185.2,rsi_overbought,rsi_oversold,978.0,209.84,13.21,39.63,715.33,5.17
NSE:TATASTEEL,SHORT,365,2026-06-18T11:15:00+05:30,199.45,2026-06-23T12:15:00+05:30,193.89,rsi_overbought,rsi_oversold,2029.4,222.52,14.36,43.07,1749.46,5.04
NSE:BANKNIFTY,SHORT,1.7551154473862405,2026-06-05T10:15:00+05:30,54701.8,2026-06-23T14:15:00+05:30,57210.7,rsi_overbought,rsi_oversold,-4403.41,101.45,3.93,19.64,-4528.43,18.17
NSE:NIFTY,SHORT,2.9478236939434868,2026-06-10T12:15:00+05:30,23405.15,2026-06-23T15:15:00+05:30,23795.25,rsi_overbought,rsi_oversold,-1149.95,86.1,2.78,13.91,-1252.75,13.12
NSE:SBIN,SHORT,75,2026-06-05T09:15:00+05:30,985.25,2026-06-23T15:15:00+05:30,1023.6,rsi_overbought,rsi_oversold,-2876.25,230.77,15.07,45.2,-3167.28,18.25
NSE:RELIANCE,SHORT,65,2026-06-12T15:15:00+05:30,1296.4,2026-06-24T09:15:00+05:30,1310.0,rsi_overbought,rsi_oversold,-884.0,251.46,16.94,50.82,-1203.22,11.75
NSE:BHARTIARTL,SHORT,25,2026-06-12T15:15:00+05:30,1825.0,2026-06-24T09:15:00+05:30,1881.3,rsi_overbought,rsi_oversold,-1407.5,166.2,9.27,27.8,-1610.76,11.75
NSE:TCS,LONG,30,2026-06-19T10:15:00+05:30,2075.7,2026-06-25T09:15:00+05:30,2145.0,rsi_oversold,rsi_overbought,2079.0,203.68,12.66,37.99,1824.67,5.96
NSE:BANKNIFTY,LONG,1.6022563870873838,2026-06-23T15:15:00+05:30,57102.65,2026-06-25T11:15:00+05:30,58673.35,rsi_oversold,rsi_overbought,2516.66,100.04,3.71,18.55,2394.36,1.83
NSE:TATACONSUM,LONG,45,2026-06-18T12:15:00+05:30,1109.6,2026-06-25T13:15:00+05:30,1123.6,rsi_oversold,rsi_overbought,630.0,174.75,10.05,30.15,415.05,7.04
NSE:SENSEX,SHORT,0.9576255820705365,2026-06-10T10:15:00+05:30,74418.89,2026-06-30T09:15:00+05:30,76607.16,rsi_overbought,rsi_oversold,-2095.54,87.42,2.89,14.46,-2200.32,19.96
NSE:TCS,SHORT,30,2026-06-25T10:15:00+05:30,2132.2,2026-06-30T09:15:00+05:30,2051.2,rsi_overbought,rsi_oversold,2430.0,202.41,12.55,37.65,2177.39,4.96
NSE:ADANIGREEN,SHORT,20,2026-06-19T10:15:00+05:30,1525.0,2026-06-30T10:15:00+05:30,1492.5,rsi_overbought,rsi_oversold,650.0,130.14,6.04,18.1,495.72,11.0
NSE:BANKNIFTY,SHORT,1.6048351298358294,2026-06-25T12:15:00+05:30,58498.4,2026-06-30T11:15:00+05:30,57704.45,rsi_overbought,rsi_oversold,1274.16,100.02,3.73,18.65,1151.76,4.96
NSE:ICICIBANK,SHORT,60,2026-06-05T10:15:00+05:30,1257.8,2026-06-30T11:15:00+05:30,1377.5,rsi_overbought,rsi_oversold,-7182.0,239.37,15.81,47.44,-7484.62,25.04
NSE:LT,SHORT,10,2026-06-12T14:15:00+05:30,4049.4,2026-06-30T11:15:00+05:30,4155.1,rsi_overbought,rsi_oversold,-1057.0,154.38,8.2,24.61,-1244.2,17.88
NSE:ITC,SHORT,230,2026-06-05T14:15:00+05:30,280.45,2026-06-30T13:15:00+05:30,286.1,rsi_overbought,rsi_oversold,-1299.5,208.03,13.03,39.09,-1559.65,24.96
NSE:TATACONSUM,SHORT,45,2026-06-25T14:15:00+05:30,1132.9,2026-06-30T14:15:00+05:30,1073.9,rsi_overbought,rsi_oversold,2655.0,173.28,9.93,29.79,2442.0,5.0
NSE:ADANIGREEN,LONG,20,2026-06-30T11:15:00+05:30,1489.5,2026-07-01T10:15:00+05:30,1532.7,rsi_oversold,rsi_overbought,864.0,130.23,6.04,18.13,709.59,0.96
NSE:BHARTIARTL,LONG,25,2026-06-24T11:15:00+05:30,1885.0,2026-07-01T11:15:00+05:30,1877.4,rsi_oversold,rsi_overbought,-190.0,167.67,9.41,28.22,-395.29,7.0
NSE:NIFTY,LONG,2.8324140976408847,2026-06-24T09:15:00+05:30,23917.85,2026-07-02T09:15:00+05:30,24075.8,rsi_oversold,rsi_overbought,447.38,85.59,2.72,13.59,345.48,8.0
NSE:HINDUNILVR,LONG,30,2026-06-22T15:15:00+05:30,2186.5,2026-07-02T09:15:00+05:30,2184.4,rsi_oversold,rsi_overbought,-63.0,208.85,13.11,39.34,-324.3,9.75
NSE:SENSEX,LONG,0.9003061197019605,2026-06-30T10:15:00+05:30,76720.23,2026-07-02T11:15:00+05:30,77274.36,rsi_oversold,rsi_overbought,498.89,86.36,2.77,13.86,395.89,2.04
NSE:ICICIBANK,LONG,50,2026-06-30T12:15:00+05:30,1375.8,2026-07-02T13:15:00+05:30,1398.8,rsi_oversold,rsi_overbought,1150.0,217.2,13.87,41.62,877.3,2.04
NSE:TATACONSUM,LONG,50,2026-06-30T15:15:00+05:30,1073.0,2026-07-02T13:15:00+05:30,1112.0,rsi_oversold,rsi_overbought,1950.0,184.39,10.93,32.77,1721.91,1.92
NSE:INFY,LONG,60,2026-06-19T10:15:00+05:30,1038.7,2026-07-02T14:15:00+05:30,1040.4,rsi_oversold,rsi_overbought,102.0,201.74,12.47,37.42,-149.64,13.17
NSE:SBIN,LONG,70,2026-06-30T11:15:00+05:30,1038.1,2026-07-02T14:15:00+05:30,1051.5,rsi_oversold,rsi_overbought,938.0,225.6,14.63,43.88,653.89,2.12
NSE:HCLTECH,LONG,55,2026-06-19T10:15:00+05:30,1115.8,2026-07-03T09:15:00+05:30,1126.1,rsi_oversold,rsi_overbought,566.5,200.11,12.33,36.99,317.07,13.96
NSE:TCS,LONG,30,2026-06-30T10:15:00+05:30,2058.2,2026-07-03T11:15:00+05:30,2107.2,rsi_oversold,rsi_overbought,1470.0,201.88,12.5,37.49,1218.13,3.04
NSE:RELIANCE,LONG,65,2026-06-24T10:15:00+05:30,1313.3,2026-07-06T10:15:00+05:30,1321.3,rsi_oversold,rsi_overbought,520.0,253.39,17.12,51.37,198.11,12.0
NSE:TATASTEEL,LONG,385,2026-06-23T13:15:00+05:30,193.11,2026-07-06T11:15:00+05:30,191.11,rsi_oversold,rsi_overbought,-770.0,227.57,14.79,44.38,-1056.74,12.92
NSE:BANKNIFTY,LONG,1.6472797493745237,2026-06-30T12:15:00+05:30,57688.2,2026-07-07T10:15:00+05:30,58430.35,rsi_oversold,rsi_overbought,1222.53,101.36,3.83,19.13,1098.22,6.92
NSE:ITC,SHORT,215,2026-07-02T12:15:00+05:30,290.1,2026-07-07T11:15:00+05:30,287.95,rsi_overbought,rsi_oversold,462.25,201.2,12.43,37.28,211.34,4.96
NSE:RELIANCE,SHORT,60,2026-07-06T11:15:00+05:30,1322.8,2026-07-08T10:15:00+05:30,1292.4,rsi_overbought,rsi_oversold,1824.0,237.36,15.69,47.07,1523.88,1.96
NSE:HINDUNILVR,SHORT,30,2026-07-02T10:15:00+05:30,2180.6,2026-07-08T10:15:00+05:30,2175.0,rsi_overbought,rsi_oversold,168.0,208.32,13.07,39.2,-92.59,6.0
NSE:ICICIBANK,SHORT,50,2026-07-02T14:15:00+05:30,1399.5,2026-07-08T11:15:00+05:30,1400.7,rsi_overbought,rsi_oversold,-60.0,218.72,14.0,42.0,-334.72,5.88
NSE:NIFTY,SHORT,2.823804948740001,2026-07-02T11:15:00+05:30,24112.75,2026-07-08T13:15:00+05:30,23897.6,rsi_overbought,rsi_oversold,607.54,85.52,2.71,13.56,505.75,6.08
NSE:SENSEX,SHORT,0.8979630867506049,2026-07-02T12:15:00+05:30,77359.97,2026-07-08T13:15:00+05:30,76528.56,rsi_overbought,rsi_oversold,746.58,86.29,2.76,13.82,643.7,6.04
NSE:ADANIGREEN,SHORT,20,2026-07-01T11:15:00+05:30,1535.1,2026-07-08T13:15:00+05:30,1502.1,rsi_overbought,rsi_oversold,660.0,130.58,6.07,18.22,505.12,7.08
NSE:TATACONSUM,SHORT,50,2026-07-02T14:15:00+05:30,1108.0,2026-07-08T14:15:00+05:30,1088.3,rsi_overbought,rsi_oversold,985.0,185.09,10.98,32.94,755.99,6.0
NSE:HDFCBANK,SHORT,220,2026-06-15T09:15:00+05:30,785.4,2026-07-09T09:15:00+05:30,816.1,rsi_overbought,rsi_oversold,-6754.0,455.15,35.23,105.7,-7350.09,24.0
NSE:TCS,SHORT,30,2026-07-03T12:15:00+05:30,2100.8,2026-07-09T09:15:00+05:30,2032.5,rsi_overbought,rsi_oversold,2049.0,200.77,12.4,37.2,1798.63,5.88
NSE:INFY,SHORT,60,2026-07-02T15:15:00+05:30,1042.6,2026-07-09T09:15:00+05:30,1051.3,rsi_overbought,rsi_oversold,-522.0,202.78,12.56,37.69,-775.03,6.75
NSE:BANKNIFTY,LONG,1.6632614315031875,2026-07-08T11:15:00+05:30,57792.2,2026-07-10T13:15:00+05:30,58096.4,rsi_oversold,rsi_overbought,505.96,101.6,3.86,19.28,381.23,2.08
NSE:NIFTY,LONG,2.8720401886901,2026-07-08T14:15:00+05:30,23883.35,2026-07-10T13:15:00+05:30,24186.45,rsi_oversold,rsi_overbought,870.52,86.29,2.76,13.81,767.66,1.96
NSE:SENSEX,LONG,0.9164725916273292,2026-07-08T14:15:00+05:30,76497.84,2026-07-10T13:15:00+05:30,77492.31,rsi_oversold,rsi_overbought,911.4,87.16,2.82,14.11,807.31,1.96
NSE:RELIANCE,LONG,65,2026-07-08T11:15:00+05:30,1290.2,2026-07-10T13:15:00+05:30,1303.5,rsi_oversold,rsi_overbought,864.5,250.41,16.86,50.58,546.66,2.08
NSE:TCS,LONG,30,2026-07-09T10:15:00+05:30,2033.0,2026-07-13T09:15:00+05:30,2120.9,rsi_oversold,rsi_overbought,2637.0,201.41,12.46,37.39,2385.74,3.96
NSE:BHARTIARTL,SHORT,25,2026-07-01T12:15:00+05:30,1881.5,2026-07-13T09:15:00+05:30,1906.6,rsi_overbought,rsi_oversold,-627.5,168.41,9.47,28.41,-833.79,11.88
NSE:INFY,LONG,60,2026-07-09T10:15:00+05:30,1048.1,2026-07-13T10:15:00+05:30,1084.8,rsi_oversold,rsi_overbought,2202.0,205.17,12.8,38.39,1945.64,4.0
NSE:ICICIBANK,LONG,50,2026-07-08T12:15:00+05:30,1396.4,2026-07-13T12:15:00+05:30,1405.5,rsi_oversold,rsi_overbought,455.0,218.77,14.01,42.03,180.19,5.0
NSE:HDFCBANK,SHORT,200,2026-07-10T13:15:00+05:30,825.05,2026-07-14T09:15:00+05:30,816.3,rsi_overbought,rsi_oversold,1750.0,427.78,32.83,98.48,1190.91,3.83
NSE:BANKNIFTY,SHORT,1.6625772466707314,2026-07-10T14:15:00+05:30,58044.6,2026-07-14T12:15:00+05:30,57469.3,rsi_overbought,rsi_oversold,956.48,101.51,3.84,19.21,831.92,3.92
NSE:RELIANCE,SHORT,65,2026-07-10T14:15:00+05:30,1307.4,2026-07-14T15:15:00+05:30,1295.0,rsi_overbought,rsi_oversold,806.0,251.04,16.92,50.75,487.3,4.04
NSE:BHARTIARTL,LONG,25,2026-07-13T10:15:00+05:30,1899.3,2026-07-15T09:15:00+05:30,1938.0,rsi_oversold,rsi_overbought,967.5,169.66,9.59,28.78,759.47,1.96
NSE:HCLTECH,SHORT,55,2026-07-03T10:15:00+05:30,1142.3,2026-07-15T11:15:00+05:30,1171.2,rsi_overbought,rsi_oversold,-1589.5,204.64,12.72,38.17,-1845.04,12.04
NSE:INFY,SHORT,60,2026-07-13T11:15:00+05:30,1104.1,2026-07-15T12:15:00+05:30,1078.5,rsi_overbought,rsi_oversold,1536.0,208.54,13.1,39.29,1275.08,2.04
NSE:ADANIGREEN,SHORT,20,2026-07-13T09:15:00+05:30,1570.5,2026-07-16T13:15:00+05:30,1553.0,rsi_overbought,rsi_oversold,350.0,132.52,6.25,18.74,192.49,3.17
NSE:ITC,LONG,220,2026-07-08T09:15:00+05:30,281.35,2026-07-16T15:15:00+05:30,279.8,rsi_oversold,rsi_overbought,-341.0,200.34,12.35,37.04,-590.72,8.25
NSE:BHARTIARTL,SHORT,25,2026-07-15T10:15:00+05:30,1936.4,2026-07-17T09:15:00+05:30,1914.4,rsi_overbought,rsi_oversold,550.0,170.07,9.63,28.88,341.43,1.96
NSE:SBIN,LONG,70,2026-07-08T13:15:00+05:30,1015.9,2026-07-17T10:15:00+05:30,1044.0,rsi_oversold,rsi_overbought,1967.0,223.21,14.42,43.26,1686.11,8.88
NSE:BANKNIFTY,LONG,1.6940055125397298,2026-07-14T13:15:00+05:30,57457.35,2026-07-17T12:15:00+05:30,58109.45,rsi_oversold,rsi_overbought,1104.66,102.59,3.92,19.58,978.58,2.96
NSE:HCLTECH,LONG,50,2026-07-15T12:15:00+05:30,1165.4,2026-07-17T12:15:00+05:30,1206.0,rsi_oversold,rsi_overbought,2030.0,194.74,11.86,35.57,1787.84,2.0
NSE:LT,LONG,10,2026-06-30T12:15:00+05:30,4156.4,2026-07-20T09:15:00+05:30,3827.1,rsi_oversold,rsi_overbought,-3293.0,152.09,7.98,23.95,-3477.03,19.88
NSE:HINDUNILVR,LONG,30,2026-07-08T12:15:00+05:30,2166.9,2026-07-20T14:15:00+05:30,2140.0,rsi_oversold,rsi_overbought,-807.0,206.77,12.92,38.76,-1065.45,12.08
NSE:BHARTIARTL,LONG,25,2026-07-17T10:15:00+05:30,1910.7,2026-07-21T09:15:00+05:30,1946.5,rsi_oversold,rsi_overbought,895.0,170.22,9.64,28.93,686.21,3.96
NSE:TCS,SHORT,30,2026-07-13T10:15:00+05:30,2147.7,2026-07-21T12:15:00+05:30,2220.8,rsi_overbought,rsi_oversold,-2193.0,208.93,13.11,39.32,-2454.35,8.08
NSE:SENSEX,SHORT,0.9141862218512776,2026-07-10T14:15:00+05:30,77569.61,2026-07-21T14:15:00+05:30,77466.24,rsi_overbought,rsi_oversold,94.5,87.13,2.83,14.17,-9.64,11.0
NSE:RELIANCE,SHORT,65,2026-07-17T12:15:00+05:30,1320.2,2026-07-21T14:15:00+05:30,1303.7,rsi_overbought,rsi_oversold,1072.5,252.57,17.06,51.17,751.71,4.08
NSE:BANKNIFTY,SHORT,1.6885366801502435,2026-07-17T13:15:00+05:30,58221.25,2026-07-21T15:15:00+05:30,57817.6,rsi_overbought,rsi_oversold,681.58,102.54,3.92,19.59,555.53,4.08
NSE:NIFTY,SHORT,2.8650630238854218,2026-07-10T14:15:00+05:30,24208.65,2026-07-21T15:15:00+05:30,24193.05,rsi_overbought,rsi_oversold,44.69,86.26,2.77,13.87,-58.21,11.04
NSE:ICICIBANK,SHORT,50,2026-07-13T13:15:00+05:30,1409.2,2026-07-22T13:15:00+05:30,1443.2,rsi_overbought,rsi_oversold,-1700.0,221.74,14.26,42.79,-1978.79,9.0
NSE:SBIN,SHORT,70,2026-07-17T12:15:00+05:30,1041.2,2026-07-22T13:15:00+05:30,1020.0,rsi_overbought,rsi_oversold,1484.0,223.35,14.43,43.29,1202.94,5.04
NSE:TATACONSUM,LONG,55,2026-07-22T09:15:00+05:30,1074.1,2026-07-23T11:15:00+05:30,1105.0,rsi_oversold,rsi_overbought,1699.5,196.18,11.99,35.96,1455.38,1.08
NSE:BHARTIARTL,SHORT,25,2026-07-21T10:15:00+05:30,1946.3,2026-07-23T13:15:00+05:30,1927.8,rsi_overbought,rsi_oversold,462.5,170.72,9.69,29.06,253.04,2.12
NSE:LT,SHORT,10,2026-07-20T10:15:00+05:30,3824.1,2026-07-23T15:15:00+05:30,3791.0,rsi_overbought,rsi_oversold,331.0,147.73,7.62,22.85,152.81,3.21
NSE:TCS,LONG,30,2026-07-21T13:15:00+05:30,2226.8,2026-07-24T12:15:00+05:30,2249.5,rsi_oversold,rsi_overbought,681.0,212.3,13.43,40.29,414.98,2.96
NSE:BANKNIFTY,LONG,1.7316484768322713,2026-07-22T11:15:00+05:30,57091.6,2026-07-28T09:15:00+05:30,56894.65,rsi_oversold,rsi_overbought,-341.05,102.7,3.95,19.74,-467.43,5.92
NSE:NIFTY,LONG,2.8835342288239745,2026-07-22T09:15:00+05:30,24033.45,2026-07-28T09:15:00+05:30,23985.6,rsi_oversold,rsi_overbought,-137.98,86.16,2.77,13.85,-240.75,6.0
NSE:SENSEX,LONG,0.9152252985090986,2026-07-21T15:15:00+05:30,77471.04,2026-07-28T09:15:00+05:30,76797.44,rsi_oversold,rsi_overbought,-616.5,86.81,2.82,14.12,-720.25,6.75
NSE:INFY,LONG,60,2026-07-15T15:15:00+05:30,1077.4,2026-07-28T09:15:00+05:30,1110.0,rsi_oversold,rsi_overbought,1956.0,208.83,13.12,39.37,1694.68,12.75
NSE:HINDUNILVR,SHORT,30,2026-07-20T15:15:00+05:30,2140.0,2026-07-28T10:15:00+05:30,2080.0,rsi_overbought,rsi_oversold,1800.0,203.68,12.66,37.98,1545.68,7.79
NSE:BHARTIARTL,LONG,25,2026-07-24T09:15:00+05:30,1882.0,2026-07-29T09:15:00+05:30,1938.1,rsi_oversold,rsi_overbought,1402.5,169.15,9.55,28.65,1195.15,5.0
NSE:LT,LONG,10,2026-07-24T09:15:00+05:30,3722.0,2026-07-29T09:15:00+05:30,3948.9,rsi_oversold,rsi_overbought,2269.0,148.2,7.67,23.01,2090.12,5.0
NSE:TATASTEEL,LONG,385,2026-07-08T09:15:00+05:30,189.16,2026-07-29T11:15:00+05:30,188.06,rsi_oversold,rsi_overbought,-423.5,224.54,14.52,43.57,-706.14,21.08
NSE:RELIANCE,LONG,65,2026-07-21T15:15:00+05:30,1304.6,2026-07-30T11:15:00+05:30,1289.4,rsi_oversold,rsi_overbought,-988.0,250.57,16.86,50.58,-1306.01,8.83
NSE:HDFCBANK,LONG,205,2026-07-14T10:15:00+05:30,816.65,2026-07-30T12:15:00+05:30,750.8,rsi_oversold,rsi_overbought,-13499.25,421.21,32.13,96.4,-14048.99,16.08
NSE:HINDUNILVR,LONG,35,2026-07-28T11:15:00+05:30,2056.1,2026-07-30T13:15:00+05:30,2106.9,rsi_oversold,rsi_overbought,1778.0,224.91,14.57,43.71,1494.81,2.08
NSE:SBIN,LONG,75,2026-07-22T14:15:00+05:30,1026.5,2026-07-30T14:15:00+05:30,1026.3,rsi_oversold,rsi_overbought,-15.0,234.22,15.4,46.19,-310.8,8.0
NSE:TCS,SHORT,30,2026-07-24T13:15:00+05:30,2257.3,2026-07-31T09:15:00+05:30,2360.2,rsi_overbought,rsi_oversold,-3087.0,217.29,13.85,41.56,-3359.7,6.83
NSE:ITC,SHORT,220,2026-07-17T12:15:00+05:30,281.15,2026-07-31T09:15:00+05:30,282.8,rsi_overbought,rsi_oversold,-363.0,201.03,12.41,37.22,-613.65,13.88
NSE:ADANIGREEN,LONG,20,2026-07-16T14:15:00+05:30,1543.6,2026-08-03T09:15:00+05:30,1407.6,rsi_oversold,rsi_overbought,-2720.0,128.92,5.9,17.71,-2872.53,17.79
NSE:ICICIBANK,LONG,45,2026-07-22T14:15:00+05:30,1442.7,2026-08-03T10:15:00+05:30,1448.1,rsi_oversold,rsi_overbought,243.0,207.67,13.01,39.03,-16.7,11.83
NSE:HDFCBANK,SHORT,205,2026-07-30T13:15:00+05:30,751.65,2026-08-05T09:15:00+05:30,739.3,rsi_overbought,rsi_oversold,2531.75,402.58,30.56,91.69,2006.91,5.83
NSE:RELIANCE,SHORT,65,2026-07-30T12:15:00+05:30,1292.2,2026-08-05T10:15:00+05:30,1291.3,rsi_overbought,rsi_oversold,58.5,249.73,16.79,50.38,-258.4,5.92
NSE:TCS,SHORT,25,2026-08-04T09:15:00+05:30,2441.0,2026-08-05T15:15:00+05:30,2413.0,rsi_overbought,rsi_oversold,700.0,197.92,12.14,36.41,453.54,1.25
NSE:HINDUNILVR,SHORT,35,2026-07-30T14:15:00+05:30,2108.2,2026-08-05T15:15:00+05:30,2085.3,rsi_overbought,rsi_oversold,801.5,226.17,14.68,44.03,516.62,6.04
NSE:ADANIGREEN,SHORT,25,2026-08-03T10:15:00+05:30,1406.2,2026-08-06T09:15:00+05:30,1380.4,rsi_overbought,rsi_oversold,645.0,140.5,6.97,20.9,476.64,2.96
NSE:RELIANCE,LONG,65,2026-08-05T11:15:00+05:30,1287.1,2026-08-06T12:15:00+05:30,1320.7,rsi_oversold,rsi_overbought,2184.0,251.33,16.95,50.85,1864.87,1.04
NSE:HCLTECH,SHORT,50,2026-07-17T13:15:00+05:30,1206.4,2026-08-06T15:15:00+05:30,1335.0,rsi_overbought,rsi_oversold,-6430.0,204.82,12.71,38.12,-6685.64,20.08
NSE:TATASTEEL,SHORT,385,2026-07-30T09:15:00+05:30,187.35,2026-08-07T12:15:00+05:30,188.13,rsi_overbought,rsi_oversold,-300.3,223.79,14.46,43.37,-581.92,8.12
NSE:ICICIBANK,SHORT,45,2026-08-03T11:15:00+05:30,1445.2,2026-08-07T15:15:00+05:30,1421.0,rsi_overbought,rsi_oversold,1089.0,206.37,12.9,38.69,831.04,4.17
NSE:TATACONSUM,SHORT,55,2026-07-23T14:15:00+05:30,1107.9,2026-08-07T15:15:00+05:30,1082.3,rsi_overbought,rsi_oversold,1408.0,196.88,12.05,36.14,1162.93,15.04
NSE:BHARTIARTL,SHORT,25,2026-07-29T10:15:00+05:30,1942.0,2026-08-10T09:15:00+05:30,1942.2,rsi_overbought,rsi_oversold,-5.0,171.04,9.71,29.13,-214.88,11.96
NSE:TCS,LONG,25,2026-08-06T10:15:00+05:30,2401.8,2026-08-10T10:15:00+05:30,2459.7,rsi_oversold,rsi_overbought,1447.5,198.08,12.15,36.46,1200.81,4.0
NSE:BANKNIFTY,SHORT,1.7271505788818067,2026-07-28T10:15:00+05:30,56970.45,2026-08-10T13:15:00+05:30,57630.9,rsi_overbought,rsi_oversold,-1140.7,102.66,3.96,19.79,-1267.11,13.12
NSE:SENSEX,SHORT,0.9128774692588286,2026-07-28T10:15:00+05:30,76883.66,2026-08-11T09:15:00+05:30,78156.36,rsi_overbought,rsi_oversold,-1161.82,86.78,2.83,14.15,-1265.58,13.96
NSE:SBIN,SHORT,75,2026-07-31T12:15:00+05:30,1028.6,2026-08-11T13:15:00+05:30,1068.8,rsi_overbought,rsi_oversold,-3015.0,238.16,15.73,47.19,-3316.08,11.04
NSE:NIFTY,SHORT,2.875730589896376,2026-07-28T10:15:00+05:30,24015.2,2026-08-12T10:15:00+05:30,24302.9,rsi_overbought,rsi_oversold,-827.35,86.13,2.78,13.89,-930.15,15.0
NSE:LT,SHORT,10,2026-07-29T10:15:00+05:30,3940.0,2026-08-12T11:15:00+05:30,3995.8,rsi_overbought,rsi_oversold,-558.0,151.36,7.94,23.81,-741.1,14.04
NSE:BHARTIARTL,LONG,25,2026-08-11T11:15:00+05:30,1918.3,2026-08-13T09:15:00+05:30,1964.5,rsi_oversold,rsi_overbought,1155.0,170.91,9.71,29.12,945.26,1.92
NSE:SBIN,LONG,70,2026-08-11T14:15:00+05:30,1066.3,2026-08-13T11:15:00+05:30,1083.3,rsi_oversold,rsi_overbought,1190.0,230.25,15.05,45.14,899.56,1.88
NSE:HINDUNILVR,LONG,35,2026-08-11T15:15:00+05:30,2064.9,2026-08-13T15:15:00+05:30,2092.0,rsi_oversold,rsi_overbought,948.5,224.73,14.55,43.65,665.57,2.0
NSE:TATACONSUM,LONG,55,2026-08-12T11:15:00+05:30,1059.1,2026-08-14T10:15:00+05:30,1084.2,rsi_oversold,rsi_overbought,1380.5,194.02,11.79,35.36,1139.33,1.96
NSE:RELIANCE,SHORT,65,2026-08-06T13:15:00+05:30,1321.0,2026-08-14T15:15:00+05:30,1310.0,rsi_overbought,rsi_oversold,715.0,253.11,17.1,51.3,393.48,8.08
NSE:TATACONSUM,SHORT,55,2026-08-14T11:15:00+05:30,1086.0,2026-08-17T13:15:00+05:30,1072.0,rsi_overbought,rsi_oversold,770.0,194.96,11.87,35.61,527.56,3.08
NSE:INFY,SHORT,60,2026-07-28T10:15:00+05:30,1106.8,2026-08-17T14:15:00+05:30,1136.1,rsi_overbought,rsi_oversold,-1758.0,212.8,13.46,40.37,-2024.63,20.17
NSE:HINDUNILVR,SHORT,35,2026-08-14T09:15:00+05:30,2083.4,2026-08-17T15:15:00+05:30,2055.0,rsi_overbought,rsi_oversold,994.0,224.01,14.48,43.45,712.05,3.25
NSE:TATASTEEL,LONG,385,2026-08-07T13:15:00+05:30,187.0,2026-08-18T09:15:00+05:30,185.78,rsi_oversold,rsi_overbought,-469.7,222.65,14.35,43.06,-749.76,10.83
NSE:BHARTIARTL,SHORT,25,2026-08-13T10:15:00+05:30,1960.2,2026-08-18T10:15:00+05:30,1947.0,rsi_overbought,rsi_oversold,330.0,171.65,9.77,29.3,119.28,5.0
NSE:HCLTECH,LONG,40,2026-08-17T11:15:00+05:30,1334.4,2026-08-20T14:15:00+05:30,1322.0,rsi_oversold,rsi_overbought,-496.0,181.24,10.63,31.88,-719.74,3.12
NSE:NIFTY,LONG,2.8076645672211944,2026-08-12T11:15:00+05:30,24267.1,2026-08-21T09:15:00+05:30,24235.7,rsi_oversold,rsi_overbought,-88.16,85.53,2.72,13.62,-190.03,8.92
NSE:SENSEX,LONG,0.8857617620939313,2026-08-12T09:15:00+05:30,77812.76,2026-08-21T09:15:00+05:30,77563.47,rsi_oversold,rsi_overbought,-220.81,85.9,2.75,13.76,-323.23,9.0
NSE:BANKNIFTY,LONG,1.686162121859127,2026-08-10T14:15:00+05:30,57606.1,2026-08-21T11:15:00+05:30,57654.0,rsi_oversold,rsi_overbought,80.77,101.95,3.89,19.43,-44.5,10.88
NSE:HDFCBANK,LONG,210,2026-08-05T10:15:00+05:30,740.4,2026-08-21T11:15:00+05:30,730.95,rsi_oversold,rsi_overbought,-1984.5,406.63,30.9,92.7,-2514.72,16.04
NSE:ADANIGREEN,LONG,25,2026-08-06T10:15:00+05:30,1379.4,2026-08-21T12:15:00+05:30,1317.2,rsi_oversold,rsi_overbought,-1555.0,138.16,6.74,20.22,-1720.13,15.08
NSE:BHARTIARTL,LONG,25,2026-08-18T11:15:00+05:30,1945.0,2026-08-21T12:15:00+05:30,1947.3,rsi_oversold,rsi_overbought,57.5,171.26,9.73,29.19,-152.68,3.04
NSE:ICICIBANK,LONG,50,2026-08-10T09:15:00+05:30,1417.1,2026-08-21T13:15:00+05:30,1418.4,rsi_oversold,rsi_overbought,65.0,220.67,14.18,42.53,-212.38,11.17
NSE:LT,LONG,10,2026-08-12T12:15:00+05:30,3995.3,2026-08-21T13:15:00+05:30,4092.0,rsi_oversold,rsi_overbought,967.0,152.93,8.09,24.26,781.73,9.04
NSE:BHARTIARTL,SHORT,25,2026-08-21T13:15:00+05:30,1946.3,2026-08-25T09:15:00+05:30,1932.4,rsi_overbought,rsi_oversold,347.5,170.86,9.7,29.09,137.86,3.83
NSE:SENSEX,SHORT,0.8834183691306285,2026-08-21T10:15:00+05:30,77654.38,2026-08-25T10:15:00+05:30,77202.96,rsi_overbought,rsi_oversold,398.79,85.82,2.74,13.68,296.56,4.0
NSE:HDFCBANK,SHORT,210,2026-08-21T12:15:00+05:30,731.5,2026-08-25T12:15:00+05:30,723.4,rsi_overbought,rsi_oversold,1701.0,402.51,30.55,91.66,1176.27,4.0
NSE:ITC,LONG,220,2026-07-31T10:15:00+05:30,281.55,2026-08-26T12:15:00+05:30,271.4,rsi_oversold,rsi_overbought,-2233.0,198.48,12.16,36.49,-2480.14,26.08
NSE:SBIN,LONG,70,2026-08-17T09:15:00+05:30,1055.8,2026-08-26T12:15:00+05:30,1055.5,rsi_oversold,rsi_overbought,-21.0,227.36,14.78,44.34,-307.48,9.12
NSE:NIFTY,SHORT,2.80037080792955,2026-08-21T10:15:00+05:30,24262.65,2026-08-27T15:15:00+05:30,24090.85,rsi_overbought,rsi_oversold,481.1,85.45,2.71,13.54,379.41,6.21
NSE:BANKNIFTY,SHORT,1.6830370955097929,2026-08-21T12:15:00+05:30,57686.7,2026-08-28T09:15:00+05:30,57488.0,rsi_overbought,rsi_oversold,334.42,101.87,3.88,19.38,209.29,6.88
NSE:LT,SHORT,10,2026-08-21T14:15:00+05:30,4087.5,2026-08-28T10:15:00+05:30,4037.8,rsi_overbought,rsi_oversold,497.0,153.38,8.13,24.38,311.12,6.83
NSE:ITC,SHORT,215,2026-08-26T13:15:00+05:30,271.35,2026-08-28T11:15:00+05:30,266.35,rsi_overbought,rsi_oversold,1075.0,191.51,11.56,34.68,837.24,1.92
NSE:SBIN,SHORT,70,2026-08-26T13:15:00+05:30,1055.0,2026-08-28T11:15:00+05:30,1045.9,rsi_overbought,rsi_oversold,637.0,226.5,14.71,44.12,351.67,1.92
NSE:TCS,LONG,25,2026-08-12T09:15:00+05:30,2417.5,2026-08-28T12:15:00+05:30,2343.0,rsi_oversold,rsi_overbought,-1862.5,195.52,11.9,35.7,-2105.62,16.12
NSE:HCLTECH,LONG,40,2026-08-25T09:15:00+05:30,1304.3,2026-09-01T10:15:00+05:30,1342.6,rsi_oversold,rsi_overbought,1532.0,180.67,10.59,31.76,1308.98,7.04
NSE:RELIANCE,LONG,65,2026-08-20T10:15:00+05:30,1310.0,2026-09-01T13:15:00+05:30,1302.9,rsi_oversold,rsi_overbought,-461.5,251.89,16.98,50.95,-781.33,12.12
NSE:ICICIBANK,SHORT,50,2026-08-21T14:15:00+05:30,1418.0,2026-09-02T14:15:00+05:30,1423.2,rsi_overbought,rsi_oversold,-260.0,221.01,14.21,42.62,-537.83,12.0
NSE:TCS,SHORT,25,2026-08-28T13:15:00+05:30,2332.7,2026-09-03T13:15:00+05:30,2332.2,rsi_overbought,rsi_oversold,12.5,192.72,11.66,34.99,-226.87,6.0
NSE:ADANIGREEN,LONG,25,2026-08-31T12:15:00+05:30,1284.7,2026-09-03T13:15:00+05:30,1288.5,rsi_oversold,rsi_overbought,95.0,134.61,6.43,19.3,-65.34,3.04
NSE:HDFCBANK,LONG,210,2026-08-25T13:15:00+05:30,723.15,2026-09-04T11:15:00+05:30,714.85,rsi_oversold,rsi_overbought,-1743.0,398.83,30.2,90.59,-2262.62,9.92
NSE:TATASTEEL,LONG,390,2026-08-31T10:15:00+05:30,181.81,2026-09-04T14:15:00+05:30,189.22,rsi_oversold,rsi_overbought,2889.9,223.71,14.47,43.41,2608.31,4.17
NSE:RELIANCE,SHORT,65,2026-09-01T14:15:00+05:30,1302.6,2026-09-08T10:15:00+05:30,1294.6,rsi_overbought,rsi_oversold,520.0,250.69,16.88,50.65,201.79,6.83
NSE:HDFCBANK,SHORT,210,2026-09-04T12:15:00+05:30,715.5,2026-09-08T12:15:00+05:30,705.15,rsi_overbought,rsi_oversold,2173.5,394.49,29.83,89.5,1659.68,4.0
NSE:TATASTEEL,LONG,400,2026-09-08T14:15:00+05:30,184.19,2026-09-09T12:15:00+05:30,189.5,rsi_oversold,rsi_overbought,2124.0,229.07,14.95,44.84,1835.14,0.92
NSE:ADANIGREEN,SHORT,25,2026-09-03T14:15:00+05:30,1284.0,2026-09-11T09:15:00+05:30,1285.4,rsi_overbought,rsi_oversold,-35.0,134.51,6.42,19.27,-195.21,7.79
NSE:HDFCBANK,LONG,215,2026-09-08T13:15:00+05:30,704.75,2026-09-11T15:15:00+05:30,708.25,rsi_oversold,rsi_overbought,752.5,400.66,30.38,91.14,230.32,3.08
NSE:TCS,LONG,25,2026-09-04T09:15:00+05:30,2321.0,2026-09-15T09:15:00+05:30,2296.8,rsi_oversold,rsi_overbought,-605.0,191.46,11.54,34.63,-842.64,11.0
NSE:INFY,LONG,60,2026-08-17T15:15:00+05:30,1139.9,2026-09-15T09:15:00+05:30,1083.7,rsi_oversold,rsi_overbought,-3372.0,211.64,13.34,40.02,-3637.0,28.75
NSE:HCLTECH,LONG,40,2026-09-03T13:15:00+05:30,1315.0,2026-09-15T09:15:00+05:30,1278.0,rsi_oversold,rsi_overbought,-1480.0,178.5,10.37,31.12,-1699.99,11.83
NSE:HDFCBANK,SHORT,210,2026-09-15T09:15:00+05:30,726.15,2026-09-17T09:15:00+05:30,715.7,rsi_overbought,rsi_oversold,2194.5,399.43,30.28,90.84,1673.95,2.0
NSE:TCS,SHORT,25,2026-09-15T10:15:00+05:30,2315.0,2026-09-17T09:15:00+05:30,2173.2,rsi_overbought,rsi_oversold,3545.0,187.55,11.22,33.66,3312.57,1.96
NSE:INFY,SHORT,55,2026-09-15T10:15:00+05:30,1087.8,2026-09-17T09:15:00+05:30,1054.1,rsi_overbought,rsi_oversold,1853.5,193.9,11.78,35.34,1612.48,1.96
NSE:ITC,LONG,225,2026-08-28T12:15:00+05:30,265.9,2026-09-17T15:15:00+05:30,266.2,rsi_oversold,rsi_overbought,67.5,196.16,11.97,35.92,-176.55,20.12
NSE:TATASTEEL,LONG,415,2026-09-11T10:15:00+05:30,182.61,2026-09-18T09:15:00+05:30,187.38,rsi_oversold,rsi_overbought,1979.55,233.61,15.35,46.06,1684.53,6.96
NSE:ADANIGREEN,LONG,25,2026-09-11T10:15:00+05:30,1281.5,2026-09-18T09:15:00+05:30,1295.2,rsi_oversold,rsi_overbought,342.5,134.69,6.44,19.33,182.05,6.96
NSE:BHARTIARTL,LONG,25,2026-08-25T12:15:00+05:30,1930.8,2026-09-18T09:15:00+05:30,1846.7,rsi_oversold,rsi_overbought,-2102.5,168.23,9.44,28.33,-2308.5,23.88
NSE:HCLTECH,SHORT,40,2026-09-15T10:15:00+05:30,1283.0,2026-09-18T10:15:00+05:30,1241.2,rsi_overbought,rsi_oversold,1672.0,175.2,10.1,30.29,1456.41,3.0
NSE:NIFTY,LONG,2.827083454748807,2026-08-28T09:15:00+05:30,24167.2,2026-09-21T10:15:00+05:30,23397.45,rsi_oversold,rsi_overbought,-2176.15,84.54,2.69,13.45,-2276.83,24.04
NSE:BANKNIFTY,LONG,1.691473365114547,2026-08-28T10:15:00+05:30,57522.35,2026-09-21T13:15:00+05:30,56599.4,rsi_oversold,rsi_overbought,-1561.15,101.18,3.86,19.3,-1685.49,24.12
NSE:TATASTEEL,SHORT,410,2026-09-18T10:15:00+05:30,187.7,2026-09-21T14:15:00+05:30,183.7,rsi_overbought,rsi_oversold,1640.0,232.22,15.23,45.68,1346.87,3.17
NSE:LT,LONG,10,2026-08-28T11:15:00+05:30,4033.0,2026-09-21T15:15:00+05:30,3904.8,rsi_oversold,rsi_overbought,-1282.0,151.43,7.94,23.81,-1465.18,24.17
NSE:ADANIGREEN,SHORT,25,2026-09-18T12:15:00+05:30,1325.0,2026-09-22T15:15:00+05:30,1304.0,rsi_overbought,rsi_oversold,525.0,136.13,6.57,19.72,362.58,4.12
NSE:BHARTIARTL,SHORT,25,2026-09-18T15:15:00+05:30,1893.3,2026-09-22T15:15:00+05:30,1817.2,rsi_overbought,rsi_oversold,1902.5,166.07,9.28,27.83,1699.33,4.0
NSE:TATASTEEL,LONG,430,2026-09-21T15:15:00+05:30,183.4,2026-09-23T11:15:00+05:30,190.3,rsi_oversold,rsi_overbought,2967.0,241.47,16.07,48.21,2661.25,1.83
NSE:HDFCBANK,SHORT,210,2026-09-21T09:15:00+05:30,734.0,2026-09-24T09:15:00+05:30,727.55,rsi_overbought,rsi_oversold,1354.5,404.09,30.69,92.08,827.64,3.0
NSE:NIFTY,SHORT,2.8164208840488176,2026-09-21T13:15:00+05:30,23452.7,2026-09-24T13:15:00+05:30,23077.75,rsi_overbought,rsi_oversold,1056.02,84.36,2.62,13.1,955.93,3.0
NSE:HCLTECH,SHORT,45,2026-09-21T13:15:00+05:30,1282.0,2026-09-24T13:15:00+05:30,1246.6,rsi_overbought,rsi_oversold,1593.0,189.45,11.38,34.14,1358.03,3.0
NSE:LT,SHORT,10,2026-09-22T09:15:00+05:30,3915.3,2026-09-25T11:15:00+05:30,3857.7,rsi_overbought,rsi_oversold,576.0,149.46,7.77,23.32,395.45,3.08
NSE:TATASTEEL,SHORT,430,2026-09-23T12:15:00+05:30,190.26,2026-09-29T09:15:00+05:30,184.8,rsi_overbought,rsi_oversold,2347.8,242.17,16.13,48.38,2041.12,5.88
NSE:BANKNIFTY,LONG,1.7198985576265116,2026-09-24T09:15:00+05:30,55594.6,2026-09-29T15:15:00+05:30,54259.95,rsi_oversold,backtest_end,-2295.46,99.85,3.78,18.89,-2417.99,5.25
NSE:NIFTY,LONG,2.9027614928226635,2026-09-24T14:15:00+05:30,23083.45,2026-09-29T15:15:00+05:30,22716.2,rsi_oversold,backtest_end,-1066.04,84.38,2.66,13.29,-1166.37,5.04
NSE:HDFCBANK,LONG,215,2026-09-24T10:15:00+05:30,732.4,2026-09-29T15:15:00+05:30,722.7,rsi_oversold,backtest_end,-2085.5,410.93,31.28,93.85,-2621.57,5.21
NSE:SENSEX,LONG,0.8955382966190066,2026-08-27T15:15:00+05:30,76933.59,2026-09-29T15:15:00+05:30,72529.07,rsi_oversold,backtest_end,-3944.42,83.94,2.68,13.38,-4044.42,33.0
NSE:RELIANCE,LONG,65,2026-09-08T11:15:00+05:30,1291.0,2026-09-29T15:15:00+05:30,1182.0,rsi_oversold,backtest_end,-7085.0,242.29,16.07,48.22,-7391.58,21.17
NSE:ICICIBANK,LONG,50,2026-09-08T11:15:00+05:30,1404.7,2026-09-29T15:15:00+05:30,1292.2,rsi_oversold,backtest_end,-5625.0,213.4,13.48,40.45,-5892.33,21.17
NSE:TCS,LONG,30,2026-09-17T10:15:00+05:30,2169.0,2026-09-29T15:15:00+05:30,2032.4,rsi_oversold,backtest_end,-4098.0,203.5,12.6,37.81,-4351.92,12.21
NSE:INFY,LONG,60,2026-09-17T10:15:00+05:30,1050.6,2026-09-29T15:15:00+05:30,1015.4,rsi_oversold,backtest_end,-2112.0,201.04,12.4,37.19,-2362.62,12.21
NSE:SBIN,LONG,70,2026-08-28T13:15:00+05:30,1047.0,2026-09-29T15:15:00+05:30,964.7,rsi_oversold,backtest_end,-5761.0,220.04,14.08,42.25,-6037.37,32.08
NSE:HINDUNILVR,LONG,35,2026-08-18T09:15:00+05:30,2040.9,2026-09-29T15:15:00+05:30,1863.8,rsi_oversold,backtest_end,-6198.5,215.46,13.67,41.0,-6468.63,42.25
NSE:HCLTECH,LONG,45,2026-09-24T14:15:00+05:30,1245.2,2026-09-29T15:15:00+05:30,1222.0,rsi_oversold,backtest_end,-1044.0,186.58,11.1,33.31,-1274.99,5.04
NSE:TATACONSUM,LONG,55,2026-08-17T14:15:00+05:30,1078.0,2026-09-29T15:15:00+05:30,967.7,rsi_oversold,backtest_end,-6066.5,188.61,11.25,33.75,-6300.12,43.04
NSE:ADANIGREEN,LONG,25,2026-09-23T09:15:00+05:30,1300.0,2026-09-29T15:15:00+05:30,1260.0,rsi_oversold,backtest_end,-1000.0,134.32,6.4,19.2,-1159.92,6.25
NSE:BHARTIARTL,LONG,25,2026-09-23T09:15:00+05:30,1822.2,2026-09-29T15:15:00+05:30,1771.2,rsi_oversold,backtest_end,-1275.0,163.05,8.98,26.95,-1473.99,6.25
NSE:LT,LONG,10,2026-09-25T12:15:00+05:30,3850.3,2026-09-29T15:15:00+05:30,3749.1,rsi_oversold,backtest_end,-1012.0,147.65,7.6,22.8,-1190.05,4.12
